Price,Adj Close,Close,High,Low,Open,Volume
Ticker,HAPV3.SA,HAPV3.SA,HAPV3.SA,HAPV3.SA,HAPV3.SA,HAPV3.SA
Date,,,,,,
2021-06-28,233.41506958007812,234.0,237.4499969482422,229.35000610351562,229.5,394106
2021-06-29,233.41506958007812,234.0,234.60000610351562,229.1999969482422,232.8000030517578,589333
2021-06-30,230.57217407226562,231.14999389648438,233.10000610351562,228.3000030517578,231.89999389648438,609766
2021-07-01,224.2879638671875,224.85000610351562,231.3000030517578,222.89999389648438,230.25,563753
2021-07-02,228.62705993652344,229.1999969482422,229.5,224.5500030517578,226.35000610351562,473893
2021-07-05,225.0360870361328,225.60000610351562,229.1999969482422,225.4499969482422,229.1999969482422,305873
2021-07-06,223.9886932373047,224.5500030517578,226.8000030517578,221.25,225.14999389648438,711333
2021-07-07,229.49667358398438,229.8000030517578,229.8000030517578,223.9499969482422,227.5500030517578,307173
2021-07-08,224.70301818847656,225.0,227.6999969482422,224.5500030517578,226.9499969482422,315806
2021-07-12,229.04727172851562,229.35000610351562,229.5,223.1999969482422,226.8000030517578,343933
2021-07-13,231.8935089111328,232.1999969482422,232.1999969482422,226.0500030517578,227.6999969482422,354526
2021-07-14,230.2456817626953,230.5500030517578,235.5,228.75,234.3000030517578,852513
2021-07-15,229.34686279296875,229.64999389648438,231.4499969482422,226.64999389648438,230.6999969482422,403826
2021-07-16,230.0958709716797,230.39999389648438,232.9499969482422,228.75,229.9499969482422,443613
2021-07-19,227.84884643554688,228.14999389648438,231.0,224.6999969482422,228.0,647440
2021-07-20,220.9579620361328,221.25,227.5500030517578,220.8000030517578,226.5,753560
2021-07-21,216.6136932373047,216.89999389648438,222.75,214.64999389648438,221.6999969482422,911120
2021-07-22,217.96192932128906,218.25,221.5500030517578,217.0500030517578,217.0500030517578,954046
2021-07-23,218.56114196777344,218.85000610351562,219.75,216.89999389648438,218.85000610351562,399593
2021-07-26,214.2168731689453,214.5,218.39999389648438,213.75,217.35000610351562,817700
2021-07-27,214.96588134765625,215.25,215.25,210.89999389648438,213.89999389648438,634553
2021-07-28,218.86073303222656,219.14999389648438,220.9499969482422,214.0500030517578,216.4499969482422,723426
2021-07-29,219.6097412109375,219.89999389648438,221.25,217.5,219.14999389648438,471133
2021-07-30,213.16824340820312,213.4499969482422,218.5500030517578,212.6999969482422,217.8000030517578,616053
2021-08-02,216.91329956054688,217.1999969482422,220.35000610351562,213.89999389648438,215.6999969482422,496906
2021-08-03,217.21290588378906,217.5,217.8000030517578,210.60000610351562,215.25,553213
2021-08-04,215.1156768798828,215.39999389648438,218.39999389648438,210.89999389648438,216.14999389648438,929913
2021-08-05,215.56509399414062,215.85000610351562,222.3000030517578,214.0500030517578,216.0,786233
2021-08-06,213.61764526367188,213.89999389648438,216.4499969482422,212.85000610351562,215.85000610351562,516400
2021-08-09,211.96983337402344,212.25,216.60000610351562,211.5,212.25,495180
2021-08-10,208.82400512695312,209.10000610351562,214.64999389648438,207.75,212.85000610351562,860026
2021-08-11,209.12359619140625,209.39999389648438,211.64999389648438,204.75,207.0,928066
2021-08-12,222.4559783935547,222.75,224.25,207.3000030517578,207.3000030517578,1635486
2021-08-13,229.94607543945312,230.25,236.10000610351562,225.14999389648438,225.14999389648438,2071760
2021-08-16,225.1524200439453,225.4499969482422,231.89999389648438,221.85000610351562,230.25,949000
2021-08-17,220.80816650390625,221.10000610351562,225.89999389648438,218.25,223.0500030517578,1085533
2021-08-18,218.7109375,219.0,222.14999389648438,215.5500030517578,220.8000030517578,1229380
2021-08-19,223.65440368652344,223.9499969482422,227.39999389648438,214.64999389648438,217.5,846473
2021-08-20,232.64251708984375,232.9499969482422,235.64999389648438,220.5,220.5,1309733
2021-08-23,227.6990509033203,228.0,231.3000030517578,225.89999389648438,231.3000030517578,955740
2021-08-24,228.8974609375,229.1999969482422,232.8000030517578,226.9499969482422,231.3000030517578,649273
2021-08-25,228.8974609375,229.1999969482422,229.5,223.8000030517578,228.14999389648438,1048813
2021-08-26,224.1038055419922,224.39999389648438,228.75,223.1999969482422,228.3000030517578,798806
2021-08-27,222.4559783935547,222.75,225.14999389648438,220.9499969482422,224.25,1003533
2021-08-30,221.8567657470703,222.14999389648438,224.5500030517578,221.10000610351562,222.3000030517578,725433
2021-08-31,220.50856018066406,220.8000030517578,225.3000030517578,219.0,223.0500030517578,1456666
2021-09-01,223.50460815429688,223.8000030517578,224.5500030517578,218.5500030517578,223.5,1785260
2021-09-02,220.35874938964844,220.64999389648438,222.89999389648438,217.5,221.5500030517578,641346
2021-09-03,223.05520629882812,223.35000610351562,224.5500030517578,218.5500030517578,221.85000610351562,758106
2021-09-06,227.09983825683594,227.39999389648438,229.1999969482422,221.6999969482422,222.89999389648438,288986
2021-09-08,218.26153564453125,218.5500030517578,226.9499969482422,216.4499969482422,225.89999389648438,607486
2021-09-09,222.60577392578125,222.89999389648438,227.10000610351562,214.5,217.1999969482422,643260
2021-09-10,219.6097412109375,219.89999389648438,226.8000030517578,219.89999389648438,222.89999389648438,716033
2021-09-13,227.39944458007812,227.6999969482422,231.60000610351562,222.0,222.75,602420
2021-09-14,228.14845275878906,228.4499969482422,231.4499969482422,226.0500030517578,227.39999389648438,522980
2021-09-15,230.39547729492188,230.6999969482422,230.85000610351562,224.39999389648438,230.6999969482422,553820
2021-09-16,228.8974609375,229.1999969482422,232.1999969482422,227.39999389648438,229.5,697106
2021-09-17,228.44805908203125,228.75,229.1999969482422,222.0,228.89999389648438,893033
2021-09-20,222.9053955078125,223.1999969482422,229.35000610351562,221.5500030517578,227.25,721006
2021-09-21,227.39944458007812,227.6999969482422,231.3000030517578,222.75,223.5,645400
2021-09-22,218.56114196777344,218.85000610351562,230.39999389648438,217.64999389648438,229.5,1356373
2021-09-23,223.05520629882812,223.35000610351562,223.5,215.85000610351562,218.25,1074353
2021-09-24,220.80816650390625,221.10000610351562,226.5,216.4499969482422,224.39999389648438,634013
2021-09-27,216.7635040283203,217.0500030517578,219.89999389648438,212.6999969482422,219.89999389648438,708473
2021-09-28,204.34628295898438,204.4499969482422,214.5,200.5500030517578,211.5,1388353
2021-09-29,203.89651489257812,204.0,207.14999389648438,201.0,204.4499969482422,911320
2021-09-30,203.74659729003906,203.85000610351562,208.1999969482422,201.60000610351562,205.1999969482422,1373966
2021-10-01,201.49774169921875,201.60000610351562,209.10000610351562,200.10000610351562,202.9499969482422,1040593
2021-10-04,192.20245361328125,192.3000030517578,201.3000030517578,190.35000610351562,200.85000610351562,2628446
2021-10-05,192.3523712158203,192.4499969482422,196.35000610351562,189.60000610351562,192.0,1415340
2021-10-06,188.7541961669922,188.85000610351562,192.0,185.10000610351562,189.75,1248320
2021-10-07,187.40487670898438,187.5,190.35000610351562,182.5500030517578,188.25,1592493
2021-10-08,192.9520721435547,193.0500030517578,195.75,189.14999389648438,190.35000610351562,1638346
2021-10-11,193.25192260742188,193.35000610351562,196.9499969482422,187.5,191.5500030517578,1404793
2021-10-13,193.5517578125,193.64999389648438,199.35000610351562,192.75,194.25,935360
2021-10-14,190.85313415527344,190.9499969482422,195.75,189.3000030517578,193.1999969482422,1171726
2021-10-15,195.05099487304688,195.14999389648438,196.0500030517578,188.5500030517578,190.9499969482422,1097433
2021-10-18,188.90411376953125,189.0,195.75,187.9499969482422,195.75,1862293
2021-10-19,181.1080780029297,181.1999969482422,187.64999389648438,179.25,187.5,1731613
2021-10-20,175.86073303222656,175.9499969482422,184.0500030517578,174.89999389648438,181.9499969482422,2289473
2021-10-21,174.0616455078125,174.14999389648438,177.75,169.1999969482422,173.39999389648438,1614086
2021-10-22,174.0616455078125,174.14999389648438,179.85000610351562,164.10000610351562,168.89999389648438,2154053
2021-10-25,177.6598358154297,177.75,179.85000610351562,170.39999389648438,173.5500030517578,1071513
2021-10-26,172.8622589111328,172.9499969482422,174.14999389648438,169.9499969482422,172.8000030517578,1880266
2021-10-27,177.95968627929688,178.0500030517578,178.64999389648438,172.8000030517578,173.5500030517578,1320500
2021-10-28,175.86073303222656,175.9499969482422,179.6999969482422,173.85000610351562,176.25,1149393
2021-10-29,173.01219177246094,173.10000610351562,178.1999969482422,170.6999969482422,176.6999969482422,1225933
2021-11-01,176.46043395996094,176.5500030517578,178.1999969482422,172.35000610351562,176.25,859673
2021-11-03,185.6057891845703,185.6999969482422,186.89999389648438,169.9499969482422,169.9499969482422,1750820
2021-11-04,183.80670166015625,183.89999389648438,188.10000610351562,180.89999389648438,184.1999969482422,1312906
2021-11-05,191.15298461914062,191.25,191.5500030517578,183.75,183.75,1074913
2021-11-08,191.3029022216797,191.39999389648438,194.25,187.5,187.5,821086
2021-11-09,199.09893798828125,199.1999969482422,204.14999389648438,190.1999969482422,191.39999389648438,1279686
2021-11-10,199.39878845214844,199.5,205.64999389648438,198.75,202.0500030517578,1471666
2021-11-11,205.99545288085938,206.10000610351562,208.8000030517578,192.89999389648438,199.5,1024860
2021-11-12,197.89955139160156,198.0,208.35000610351562,196.9499969482422,207.14999389648438,1399140
2021-11-16,192.80213928222656,192.89999389648438,199.9499969482422,189.89999389648438,197.5500030517578,809813
2021-11-17,188.7541961669922,188.85000610351562,197.5500030517578,186.75,196.9499969482422,1294280
2021-11-18,195.8006134033203,195.89999389648438,197.85000610351562,188.39999389648438,188.5500030517578,939020
2021-11-19,197.7496337890625,197.85000610351562,204.3000030517578,195.3000030517578,196.5,1329413
2021-11-22,191.4528350830078,191.5500030517578,199.0500030517578,190.9499969482422,199.0500030517578,838213
2021-11-23,192.50230407714844,192.60000610351562,193.64999389648438,186.60000610351562,192.60000610351562,804773
2021-11-24,187.85464477539062,187.9499969482422,193.9499969482422,186.89999389648438,190.0500030517578,854720
2021-11-25,183.95663452148438,184.0500030517578,189.60000610351562,181.35000610351562,187.9499969482422,1058600
2021-11-26,174.81126403808594,174.89999389648438,184.8000030517578,174.3000030517578,180.14999389648438,1151933
2021-11-29,178.40945434570312,178.5,179.85000610351562,171.14999389648438,176.6999969482422,905433
2021-11-30,163.5669708251953,163.64999389648438,171.60000610351562,157.9499969482422,170.85000610351562,1918446
2021-12-01,154.87139892578125,154.9499969482422,166.0500030517578,154.35000610351562,164.10000610351562,1178446
2021-12-02,165.2161407470703,165.3000030517578,165.3000030517578,155.6999969482422,155.6999969482422,1241886
2021-12-03,171.36302185058594,171.4499969482422,174.60000610351562,163.35000610351562,163.35000610351562,1573080
2021-12-06,168.3645477294922,168.4499969482422,173.25,168.4499969482422,172.0500030517578,1074993
2021-12-07,167.61492919921875,167.6999969482422,171.0,165.3000030517578,170.5500030517578,1172473
2021-12-08,169.7138671875,169.8000030517578,172.5,167.39999389648438,168.89999389648438,875493
2021-12-09,168.064697265625,168.14999389648438,172.0500030517578,165.60000610351562,169.8000030517578,1153846
2021-12-10,167.91477966308594,168.0,171.89999389648438,168.0,171.89999389648438,697086
2021-12-13,173.162109375,173.25,179.39999389648438,168.3000030517578,169.8000030517578,2742706
2021-12-14,169.56393432617188,169.64999389648438,176.85000610351562,167.5500030517578,174.0,738593
2021-12-15,170.3135528564453,170.39999389648438,172.1999969482422,164.85000610351562,170.10000610351562,816086
2021-12-16,173.01219177246094,173.10000610351562,190.5,172.1999969482422,186.0,3706673
2021-12-17,170.46348571777344,170.5500030517578,172.1999969482422,166.0500030517578,170.25,1329073
2021-12-20,168.66439819335938,168.75,170.10000610351562,164.5500030517578,168.14999389648438,1154713
2021-12-21,171.21310424804688,171.3000030517578,173.39999389648438,168.0,169.64999389648438,1395966
2021-12-22,165.66590881347656,165.75,173.25,164.85000610351562,172.35000610351562,1114026
2021-12-23,158.76942443847656,158.85000610351562,166.8000030517578,158.85000610351562,166.8000030517578,1069360
2021-12-27,158.76942443847656,158.85000610351562,161.85000610351562,157.0500030517578,158.39999389648438,644006
2021-12-28,154.64999389648438,154.64999389648438,159.3000030517578,151.35000610351562,159.14999389648438,1184706
2021-12-29,151.35000610351562,151.35000610351562,155.39999389648438,149.5500030517578,154.64999389648438,1130746
2021-12-30,155.6999969482422,155.6999969482422,155.85000610351562,150.89999389648438,153.0,1036766
2022-01-03,150.75,150.75,156.75,148.5,155.6999969482422,1209513
2022-01-04,148.64999389648438,148.64999389648438,154.0500030517578,147.0,151.0500030517578,1489340
2022-01-05,140.39999389648438,140.39999389648438,149.6999969482422,140.39999389648438,147.89999389648438,2246760
2022-01-06,145.64999389648438,145.64999389648438,148.8000030517578,139.9499969482422,141.75,1458080
2022-01-07,148.8000030517578,148.8000030517578,153.4499969482422,143.25,144.14999389648438,1590906
2022-01-10,141.0,141.0,148.5,139.64999389648438,148.35000610351562,1783086
2022-01-11,149.39999389648438,149.39999389648438,151.35000610351562,139.5,139.8000030517578,2095446
2022-01-12,156.0,156.0,159.3000030517578,147.4499969482422,148.5,2312966
2022-01-13,152.5500030517578,152.5500030517578,156.0,150.14999389648438,154.8000030517578,952633
2022-01-14,154.64999389648438,154.64999389648438,156.4499969482422,148.1999969482422,151.64999389648438,974680
2022-01-17,157.5,157.5,161.5500030517578,151.5,154.64999389648438,1561800
2022-01-18,157.8000030517578,157.8000030517578,160.64999389648438,154.8000030517578,156.60000610351562,1420953
2022-01-19,163.8000030517578,163.8000030517578,165.60000610351562,157.9499969482422,158.85000610351562,1434486
2022-01-20,168.0,168.0,171.3000030517578,162.3000030517578,164.25,1408566
2022-01-21,174.3000030517578,174.3000030517578,177.4499969482422,167.6999969482422,170.39999389648438,2178880
2022-01-24,170.10000610351562,170.10000610351562,179.10000610351562,168.60000610351562,177.0,2138986
2022-01-25,180.3000030517578,180.3000030517578,182.6999969482422,168.3000030517578,168.89999389648438,1464113
2022-01-26,188.25,188.25,190.8000030517578,181.0500030517578,183.0,3745313
2022-01-27,181.8000030517578,181.8000030517578,189.60000610351562,175.64999389648438,189.60000610351562,4516400
2022-01-28,186.0,186.0,187.8000030517578,180.4499969482422,181.8000030517578,3842146
2022-01-31,189.89999389648438,189.89999389648438,191.10000610351562,184.5,185.6999969482422,2519600
2022-02-01,187.1999969482422,187.1999969482422,191.6999969482422,184.1999969482422,188.85000610351562,1593640
2022-02-02,187.35000610351562,187.35000610351562,190.0500030517578,186.14999389648438,187.1999969482422,2303126
2022-02-03,189.14999389648438,189.14999389648438,191.5500030517578,184.35000610351562,187.5,1946953
2022-02-04,186.4499969482422,186.4499969482422,190.64999389648438,183.75,190.64999389648438,1630953
2022-02-07,177.75,177.75,180.3000030517578,171.3000030517578,179.10000610351562,4441733
2022-02-08,170.6999969482422,170.6999969482422,177.89999389648438,169.8000030517578,177.75,2406660
2022-02-09,173.39999389648438,173.39999389648438,177.0,170.6999969482422,170.6999969482422,1884326
2022-02-10,175.8000030517578,175.8000030517578,177.14999389648438,168.4499969482422,173.39999389648438,2066873
2022-02-11,178.5,178.5,182.85000610351562,174.14999389648438,176.85000610351562,10932506
2022-02-14,182.85000610351562,182.85000610351562,182.85000610351562,175.64999389648438,182.5500030517578,2728353
2022-02-15,191.5500030517578,191.5500030517578,191.85000610351562,181.64999389648438,182.5500030517578,3481540
2022-02-16,190.8000030517578,190.8000030517578,196.5,188.39999389648438,191.6999969482422,2704253
2022-02-17,189.4499969482422,189.4499969482422,191.85000610351562,187.35000610351562,190.8000030517578,1692086
2022-02-18,183.0,183.0,190.8000030517578,181.5,190.35000610351562,2408660
2022-02-21,180.0,180.0,184.35000610351562,178.1999969482422,181.64999389648438,1713646
2022-02-22,186.14999389648438,186.14999389648438,187.5,179.85000610351562,181.9499969482422,3620153
2022-02-23,181.5,181.5,188.25,181.5,184.5,1837713
2022-02-24,180.75,180.75,183.3000030517578,169.1999969482422,172.5,3622380
2022-02-25,181.9499969482422,181.9499969482422,182.10000610351562,177.3000030517578,178.1999969482422,4843466
2022-03-02,189.75,189.75,195.0,182.39999389648438,183.0,3742146
2022-03-03,184.35000610351562,184.35000610351562,191.25,183.14999389648438,189.60000610351562,2186393
2022-03-04,179.6999969482422,179.6999969482422,186.0,177.75,185.39999389648438,1371340
2022-03-07,177.14999389648438,177.14999389648438,182.10000610351562,171.89999389648438,172.8000030517578,3089586
2022-03-08,176.10000610351562,176.10000610351562,180.60000610351562,170.25,171.75,1705760
2022-03-09,183.4499969482422,183.4499969482422,186.3000030517578,176.85000610351562,177.89999389648438,2054726
2022-03-10,179.39999389648438,179.39999389648438,181.64999389648438,176.85000610351562,179.25,1080820
2022-03-11,172.1999969482422,172.1999969482422,181.35000610351562,171.4499969482422,179.39999389648438,1648926
2022-03-14,169.8000030517578,169.8000030517578,173.85000610351562,168.0,172.9499969482422,2061833
2022-03-15,169.0500030517578,169.0500030517578,172.9499969482422,167.6999969482422,169.64999389648438,1639526
2022-03-16,180.3000030517578,180.3000030517578,180.3000030517578,168.89999389648438,168.89999389648438,2611586
2022-03-17,178.0500030517578,178.0500030517578,181.0500030517578,176.25,180.14999389648438,2490926
2022-03-18,178.5,178.5,180.60000610351562,174.75,178.0500030517578,2483020
2022-03-21,175.64999389648438,175.64999389648438,178.5,172.1999969482422,176.6999969482422,1633533
2022-03-22,178.5,178.5,182.5500030517578,176.6999969482422,178.35000610351562,2166260
2022-03-23,179.6999969482422,179.6999969482422,180.75,171.60000610351562,179.39999389648438,1299533
2022-03-24,170.5500030517578,170.5500030517578,174.4499969482422,165.75,171.3000030517578,6017880
2022-03-25,177.89999389648438,177.89999389648438,185.85000610351562,170.5500030517578,171.60000610351562,3854473
2022-03-28,175.35000610351562,175.35000610351562,179.10000610351562,171.60000610351562,178.1999969482422,1579880
2022-03-29,183.0,183.0,184.35000610351562,177.3000030517578,181.8000030517578,3167726
2022-03-30,180.3000030517578,180.3000030517578,185.10000610351562,177.3000030517578,181.9499969482422,2277926
2022-03-31,177.60000610351562,177.60000610351562,183.60000610351562,176.25,182.25,2300760
2022-04-01,185.25,185.25,188.5500030517578,176.10000610351562,178.64999389648438,3982680
2022-04-04,184.9499969482422,184.9499969482422,187.5,183.75,185.39999389648438,1447473
2022-04-05,180.75,180.75,188.5500030517578,180.0,185.6999969482422,1688293
2022-04-06,171.89999389648438,171.89999389648438,180.0,169.35000610351562,179.85000610351562,2997860
2022-04-07,166.35000610351562,166.35000610351562,173.10000610351562,165.89999389648438,169.5,3061926
2022-04-08,165.14999389648438,165.14999389648438,168.60000610351562,158.85000610351562,165.75,2540413
2022-04-11,160.64999389648438,160.64999389648438,164.10000610351562,160.35000610351562,160.35000610351562,1387533
2022-04-12,159.60000610351562,159.60000610351562,166.0500030517578,158.25,163.8000030517578,1419813
2022-04-13,156.3000030517578,156.3000030517578,160.64999389648438,154.64999389648438,157.64999389648438,2597233
2022-04-14,156.0,156.0,157.9499969482422,154.1999969482422,156.0,1415500
2022-04-18,155.6999969482422,155.6999969482422,157.35000610351562,153.0,155.25,1701713
2022-04-19,159.0,159.0,160.5,152.5500030517578,153.14999389648438,1429720
2022-04-20,157.5,157.5,160.9499969482422,156.75,158.6999969482422,2537680
2022-04-22,151.9499969482422,151.9499969482422,156.3000030517578,149.85000610351562,153.89999389648438,1767886
2022-04-25,152.39999389648438,152.39999389648438,157.8000030517578,150.75,151.0500030517578,1810073
2022-04-26,148.9499969482422,148.9499969482422,150.89999389648438,145.5,146.85000610351562,3803193
2022-04-27,140.25,140.25,152.6999969482422,139.0500030517578,148.1999969482422,6126926
2022-04-28,137.6999969482422,137.6999969482422,142.5,134.85000610351562,140.10000610351562,3263866
2022-04-29,131.5500030517578,131.5500030517578,141.3000030517578,131.5500030517578,138.89999389648438,3196673
2022-05-02,132.14999389648438,132.14999389648438,134.85000610351562,129.14999389648438,131.39999389648438,2192180
2022-05-03,132.60000610351562,132.60000610351562,135.4499969482422,129.89999389648438,130.8000030517578,2837620
2022-05-04,132.4499969482422,132.4499969482422,133.5,123.75,132.0,3861273
2022-05-05,122.25,122.25,128.6999969482422,120.44999694824219,127.19999694824219,3427946
2022-05-06,124.3499984741211,124.3499984741211,125.4000015258789,117.75,120.0,3423293
2022-05-09,121.79999542236328,121.79999542236328,124.6500015258789,120.75,121.3499984741211,1919853
2022-05-10,120.5999984741211,120.5999984741211,124.04999542236328,117.29999542236328,121.6500015258789,3012566
2022-05-11,113.4000015258789,113.4000015258789,120.75,113.25,120.5999984741211,4168993
2022-05-12,115.79999542236328,115.79999542236328,118.04999542236328,110.25,112.19999694824219,2482233
2022-05-13,120.29999542236328,120.29999542236328,121.6500015258789,115.6500015258789,115.6500015258789,2737260
2022-05-16,120.29999542236328,120.29999542236328,120.29999542236328,120.29999542236328,120.29999542236328,0
2022-05-17,97.79999542236328,97.79999542236328,99.44999694824219,95.25,96.75,16095386
2022-05-18,102.1500015258789,102.1500015258789,106.94999694824219,97.6500015258789,98.69999694824219,10807840
2022-05-19,97.94999694824219,97.94999694824219,103.5,96.9000015258789,102.75,3855813
2022-05-20,99.44999694824219,99.44999694824219,100.79999542236328,97.79999542236328,99.1500015258789,3514260
2022-05-23,100.3499984741211,100.3499984741211,101.8499984741211,97.3499984741211,100.19999694824219,2291626
2022-05-24,100.79999542236328,100.79999542236328,101.8499984741211,97.79999542236328,99.1500015258789,3854180
2022-05-25,100.6500015258789,100.6500015258789,104.0999984741211,98.8499984741211,99.75,3639666
2022-05-26,105.9000015258789,105.9000015258789,108.5999984741211,100.04999542236328,100.6500015258789,5197120
2022-05-27,107.25,107.25,111.0,105.9000015258789,106.5,4376533
2022-05-30,104.54999542236328,104.54999542236328,109.94999694824219,103.19999694824219,107.8499984741211,1689340
2022-05-31,100.79999542236328,100.79999542236328,105.9000015258789,100.04999542236328,104.69999694824219,6449693
2022-06-01,99.5999984741211,99.5999984741211,103.79999542236328,99.44999694824219,101.25,2065760
2022-06-02,99.1500015258789,99.1500015258789,101.25,96.75,101.0999984741211,2014560
2022-06-03,95.0999984741211,95.0999984741211,99.29999542236328,93.9000015258789,98.8499984741211,2767133
2022-06-06,89.25,89.25,96.29999542236328,88.3499984741211,95.25,3598640
2022-06-07,88.04999542236328,88.04999542236328,89.8499984741211,86.0999984741211,88.6500015258789,2625933
2022-06-08,90.75,90.75,93.1500015258789,86.54999542236328,87.1500015258789,4796060
2022-06-09,93.44999694824219,93.44999694824219,95.4000015258789,88.19999694824219,91.19999694824219,3872420
2022-06-10,90.1500015258789,90.1500015258789,93.44999694824219,89.0999984741211,91.94999694824219,3154200
2022-06-13,84.44999694824219,84.44999694824219,88.19999694824219,83.0999984741211,88.19999694824219,2538740
2022-06-14,85.5,85.5,86.54999542236328,83.4000015258789,84.44999694824219,2958046
2022-06-15,89.4000015258789,89.4000015258789,93.44999694824219,85.5,87.0,3799966
2022-06-17,92.25,92.25,92.69999694824219,86.25,87.75,5088726
2022-06-20,87.75,87.75,92.69999694824219,87.75,91.79999542236328,2139860
2022-06-21,85.79999542236328,85.79999542236328,89.4000015258789,84.75,88.19999694824219,2661813
2022-06-22,83.0999984741211,83.0999984741211,85.79999542236328,82.6500015258789,85.5,3457506
2022-06-23,82.3499984741211,82.3499984741211,84.0,81.29999542236328,83.0999984741211,4332026
2022-06-24,83.4000015258789,83.4000015258789,85.3499984741211,81.29999542236328,83.4000015258789,2582460
2022-06-27,83.0999984741211,83.0999984741211,84.29999542236328,80.0999984741211,83.4000015258789,5472420
2022-06-28,78.29999542236328,78.29999542236328,84.75,77.8499984741211,83.4000015258789,4520580
2022-06-29,79.04999542236328,79.04999542236328,79.79999542236328,75.1500015258789,78.5999984741211,3478746
2022-06-30,82.04999542236328,82.04999542236328,85.6500015258789,76.6500015258789,76.94999694824219,5090900
2022-07-01,84.29999542236328,84.29999542236328,84.9000015258789,80.25,81.29999542236328,3892093
2022-07-04,90.5999984741211,90.5999984741211,91.94999694824219,82.79999542236328,84.0,3332093
2022-07-05,93.1500015258789,93.1500015258789,94.04999542236328,88.04999542236328,90.29999542236328,5090473
2022-07-06,94.6500015258789,94.6500015258789,99.75,91.94999694824219,93.0,3959320
2022-07-07,99.44999694824219,99.44999694824219,101.8499984741211,93.44999694824219,96.1500015258789,4057226
2022-07-08,95.0999984741211,95.0999984741211,101.4000015258789,93.1500015258789,99.5999984741211,2712013
2022-07-11,94.6500015258789,94.6500015258789,98.69999694824219,90.1500015258789,93.44999694824219,2994946
2022-07-12,97.3499984741211,97.3499984741211,100.3499984741211,92.69999694824219,93.5999984741211,3454806
2022-07-13,95.54999542236328,95.54999542236328,98.25,92.69999694824219,96.0,3009766
2022-07-14,91.94999694824219,91.94999694824219,95.25,89.4000015258789,94.3499984741211,4188280
2022-07-15,87.1500015258789,87.1500015258789,93.1500015258789,86.4000015258789,92.25,3912766
2022-07-18,85.3499984741211,85.3499984741211,89.54999542236328,83.0999984741211,86.54999542236328,2935620
2022-07-19,86.25,86.25,87.1500015258789,83.0999984741211,86.25,2221200
2022-07-20,90.9000015258789,90.9000015258789,91.5,84.1500015258789,85.5,2784520
2022-07-21,91.3499984741211,91.3499984741211,93.0,89.8499984741211,90.75,2242853
2022-07-22,89.25,89.25,92.0999984741211,88.3499984741211,91.94999694824219,1497140
2022-07-25,87.0,87.0,90.44999694824219,86.69999694824219,90.0,1668133
2022-07-26,82.5,82.5,87.5999984741211,79.94999694824219,86.69999694824219,4599420
2022-07-27,87.9000015258789,87.9000015258789,88.19999694824219,82.94999694824219,83.8499984741211,1898493
2022-07-28,91.94999694824219,91.94999694824219,93.1500015258789,86.25,87.0,2249053
2022-07-29,92.4000015258789,92.4000015258789,94.79999542236328,90.0,92.8499984741211,3818420
2022-08-01,91.79999542236328,91.79999542236328,96.44999694824219,89.8499984741211,91.5,3534746
2022-08-02,96.5999984741211,96.5999984741211,96.75,91.04999542236328,91.5,3535006
2022-08-03,98.0999984741211,98.0999984741211,98.4000015258789,94.6500015258789,96.5999984741211,2652160
2022-08-04,99.0,99.0,101.69999694824219,97.19999694824219,97.6500015258789,3586373
2022-08-05,96.75,96.75,99.5999984741211,94.94999694824219,98.4000015258789,2643420
2022-08-08,102.44999694824219,102.44999694824219,106.5,96.9000015258789,97.19999694824219,3692520
2022-08-09,97.19999694824219,97.19999694824219,103.79999542236328,94.19999694824219,103.19999694824219,2712293
2022-08-10,102.75,102.75,107.0999984741211,101.25,101.25,3387706
2022-08-11,99.0,99.0,105.5999984741211,96.44999694824219,103.94999694824219,3711113
2022-08-12,115.79999542236328,115.79999542236328,117.0,108.44999694824219,109.94999694824219,8345346
2022-08-15,119.69999694824219,119.69999694824219,121.04999542236328,112.94999694824219,113.25,5760213
2022-08-16,117.5999984741211,117.5999984741211,120.44999694824219,114.0,120.0,3120820
2022-08-17,114.1500015258789,114.1500015258789,118.94999694824219,110.8499984741211,115.94999694824219,4360313
2022-08-18,119.0999984741211,119.0999984741211,120.5999984741211,112.79999542236328,113.4000015258789,4396306
2022-08-19,114.9000015258789,114.9000015258789,118.04999542236328,112.19999694824219,117.9000015258789,3110820
2022-08-22,109.6500015258789,109.6500015258789,114.9000015258789,107.8499984741211,111.9000015258789,2806786
2022-08-23,111.0,111.0,114.9000015258789,108.44999694824219,109.94999694824219,4044966
2022-08-24,116.8499984741211,116.8499984741211,118.3499984741211,109.19999694824219,109.6500015258789,2634960
2022-08-25,121.04999542236328,121.04999542236328,122.4000015258789,116.4000015258789,117.75,6185426
2022-08-26,120.9000015258789,120.9000015258789,124.94999694824219,117.29999542236328,122.4000015258789,4821813
2022-08-29,115.04999542236328,115.04999542236328,120.0,115.04999542236328,120.0,4340966
2022-08-30,113.25,113.25,117.0,112.04999542236328,115.94999694824219,3272333
2022-08-31,109.19999694824219,109.19999694824219,114.75,108.44999694824219,114.75,4757920
2022-09-01,112.6500015258789,112.6500015258789,114.44999694824219,107.0999984741211,109.6500015258789,5836613
2022-09-02,117.9000015258789,117.9000015258789,119.4000015258789,114.5999984741211,114.9000015258789,3791366
2022-09-05,117.5999984741211,117.5999984741211,123.44999694824219,116.54999542236328,122.4000015258789,2536900
2022-09-06,117.1500015258789,117.1500015258789,119.0999984741211,114.44999694824219,116.8499984741211,3539446
2022-09-08,119.25,119.25,120.44999694824219,115.3499984741211,116.69999694824219,2148493
2022-09-09,121.94999694824219,121.94999694824219,124.79999542236328,120.44999694824219,120.75,4033853
2022-09-12,125.4000015258789,125.4000015258789,129.75,122.4000015258789,122.4000015258789,5090800
2022-09-13,116.8499984741211,116.8499984741211,121.79999542236328,115.19999694824219,121.79999542236328,3807866
2022-09-14,117.44999694824219,117.44999694824219,118.79999542236328,114.44999694824219,115.3499984741211,1553606
2022-09-15,115.19999694824219,115.19999694824219,118.04999542236328,112.6500015258789,117.0,3168153
2022-09-16,111.75,111.75,115.3499984741211,110.4000015258789,114.29999542236328,4401493
2022-09-19,116.69999694824219,116.69999694824219,118.04999542236328,108.5999984741211,111.1500015258789,3875833
2022-09-20,118.3499984741211,118.3499984741211,119.8499984741211,116.54999542236328,116.69999694824219,2382520
2022-09-21,121.6500015258789,121.6500015258789,123.29999542236328,118.5,118.5,4143286
2022-09-22,124.79999542236328,124.79999542236328,127.19999694824219,120.44999694824219,122.25,6029273
2022-09-23,123.0,123.0,124.94999694824219,119.69999694824219,121.3499984741211,2722260
2022-09-26,118.5,118.5,125.8499984741211,117.75,123.0,3954813
2022-09-27,119.0999984741211,119.0999984741211,123.75,116.4000015258789,120.75,3499766
2022-09-28,116.25,116.25,122.0999984741211,115.6500015258789,120.0,4109520
2022-09-29,112.19999694824219,112.19999694824219,115.94999694824219,109.19999694824219,115.3499984741211,4188846
2022-09-30,113.54999542236328,113.54999542236328,115.04999542236328,110.0999984741211,111.29999542236328,3765120
2022-10-03,120.5999984741211,120.5999984741211,122.54999542236328,116.54999542236328,119.0999984741211,4061093
2022-10-04,124.04999542236328,124.04999542236328,127.19999694824219,122.4000015258789,124.3499984741211,3356153
2022-10-05,122.0999984741211,122.0999984741211,125.54999542236328,118.79999542236328,125.0999984741211,3367686
2022-10-06,121.5,121.5,126.0,120.75,123.75,2083080
2022-10-07,115.79999542236328,115.79999542236328,120.9000015258789,114.44999694824219,119.8499984741211,2816720
2022-10-10,116.8499984741211,116.8499984741211,119.69999694824219,114.9000015258789,116.4000015258789,1722013
2022-10-11,112.04999542236328,112.04999542236328,118.5,111.44999694824219,116.4000015258789,3802433
2022-10-13,111.9000015258789,111.9000015258789,113.69999694824219,107.54999542236328,110.8499984741211,3503073
2022-10-14,105.9000015258789,105.9000015258789,112.94999694824219,105.44999694824219,111.9000015258789,2965400
2022-10-17,108.1500015258789,108.1500015258789,111.0,105.9000015258789,107.25,2559960
2022-10-18,113.8499984741211,113.8499984741211,114.5999984741211,109.19999694824219,112.19999694824219,3558313
2022-10-19,110.4000015258789,110.4000015258789,112.94999694824219,109.6500015258789,112.5,3288526
2022-10-20,111.1500015258789,111.1500015258789,111.9000015258789,108.1500015258789,111.75,3775613
2022-10-21,111.75,111.75,112.6500015258789,105.9000015258789,110.4000015258789,6660320
2022-10-24,108.1500015258789,108.1500015258789,111.44999694824219,107.54999542236328,110.25,2468753
2022-10-25,105.0,105.0,109.19999694824219,103.3499984741211,109.19999694824219,4862553
2022-10-26,101.25,101.25,104.54999542236328,99.44999694824219,103.94999694824219,5021953
2022-10-27,105.44999694824219,105.44999694824219,110.69999694824219,102.0,102.29999542236328,2798013
2022-10-28,107.8499984741211,107.8499984741211,108.75,103.5,104.69999694824219,2980866
2022-10-31,117.0,117.0,117.75,105.9000015258789,108.5999984741211,4784660
2022-11-01,117.44999694824219,117.44999694824219,119.69999694824219,112.6500015258789,114.5999984741211,2492060
2022-11-03,117.75,117.75,121.5,113.8499984741211,113.8499984741211,2310053
2022-11-04,118.6500015258789,118.6500015258789,121.6500015258789,116.69999694824219,120.1500015258789,3278093
2022-11-07,113.8499984741211,113.8499984741211,120.29999542236328,112.79999542236328,118.6500015258789,2354853
2022-11-08,113.69999694824219,113.69999694824219,115.94999694824219,111.5999984741211,112.79999542236328,2491480
2022-11-09,110.8499984741211,110.8499984741211,113.69999694824219,109.5,112.5,2175373
2022-11-10,95.69999694824219,95.69999694824219,106.5,93.29999542236328,99.75,11903853
2022-11-11,94.3499984741211,94.3499984741211,98.4000015258789,91.3499984741211,93.29999542236328,5954726
2022-11-14,96.0,96.0,98.69999694824219,93.5999984741211,95.69999694824219,3853380
2022-11-16,85.5,85.5,95.8499984741211,83.8499984741211,94.5,7851346
2022-11-17,82.5,82.5,84.29999542236328,79.04999542236328,83.69999694824219,7828713
2022-11-18,85.19999694824219,85.19999694824219,89.54999542236328,83.25,84.44999694824219,5548126
2022-11-21,84.0,84.0,88.5,82.3499984741211,87.29999542236328,3522826
2022-11-22,81.0,81.0,84.9000015258789,78.44999694824219,83.25,6238733
2022-11-23,79.94999694824219,79.94999694824219,80.69999694824219,77.54999542236328,80.4000015258789,7075213
2022-11-24,83.8499984741211,83.8499984741211,84.0,80.54999542236328,81.0,2512986
2022-11-25,79.5,79.5,84.44999694824219,78.5999984741211,83.4000015258789,3372293
2022-11-28,77.0999984741211,77.0999984741211,81.0,76.6500015258789,79.79999542236328,3495900
2022-11-29,77.8499984741211,77.8499984741211,79.04999542236328,75.29999542236328,77.0999984741211,4537226
2022-11-30,78.0,78.0,79.94999694824219,73.3499984741211,78.0,7108966
2022-12-01,73.6500015258789,73.6500015258789,77.8499984741211,73.5,77.8499984741211,5416780
2022-12-02,78.44999694824219,78.44999694824219,80.25,73.3499984741211,74.69999694824219,4029380
2022-12-05,74.8499984741211,74.8499984741211,77.8499984741211,73.94999694824219,77.8499984741211,2392986
2022-12-06,75.44999694824219,75.44999694824219,75.9000015258789,72.75,75.75,2607800
2022-12-07,76.79999542236328,76.79999542236328,79.3499984741211,74.69999694824219,75.1500015258789,4732366
2022-12-08,74.69999694824219,74.69999694824219,75.44999694824219,73.19999694824219,74.69999694824219,3543646
2022-12-09,70.94999694824219,70.94999694824219,75.1500015258789,70.94999694824219,75.0,2268953
2022-12-12,67.79999542236328,67.79999542236328,71.69999694824219,66.75,70.19999694824219,3575933
2022-12-13,65.8499984741211,65.8499984741211,71.0999984741211,65.54999542236328,68.25,3866180
2022-12-14,68.0999984741211,68.0999984741211,68.69999694824219,63.14999771118164,65.25,4923040
2022-12-15,69.44999694824219,69.44999694824219,70.3499984741211,66.29999542236328,66.5999984741211,3364960
2022-12-16,68.8499984741211,68.8499984741211,70.19999694824219,67.3499984741211,69.44999694824219,2992033
2022-12-19,68.8499984741211,68.8499984741211,70.19999694824219,66.9000015258789,69.0,2919066
2022-12-20,73.5,73.5,75.0,67.19999694824219,67.79999542236328,3814726
2022-12-21,76.79999542236328,76.79999542236328,78.1500015258789,72.5999984741211,73.5,4422606
2022-12-22,76.3499984741211,76.3499984741211,80.0999984741211,75.44999694824219,75.44999694824219,3047746
2022-12-23,79.19999694824219,79.19999694824219,81.0,76.6500015258789,76.6500015258789,2326960
2022-12-26,77.69999694824219,77.69999694824219,78.5999984741211,76.5,77.25,742486
2022-12-27,75.1500015258789,75.1500015258789,78.29999542236328,74.25,78.0,2083513
2022-12-28,78.29999542236328,78.29999542236328,79.04999542236328,75.5999984741211,75.5999984741211,1736406
2022-12-29,76.19999694824219,76.19999694824219,79.79999542236328,76.19999694824219,79.5,3022066
2023-01-02,69.5999984741211,69.5999984741211,75.0,69.44999694824219,74.4000015258789,1484640
2023-01-03,67.6500015258789,67.6500015258789,72.0,67.5,70.04999542236328,3451620
2023-01-04,68.69999694824219,68.69999694824219,69.75,66.9000015258789,68.54999542236328,3975160
2023-01-05,71.54999542236328,71.54999542236328,71.69999694824219,67.04999542236328,69.44999694824219,3076693
2023-01-06,70.79999542236328,70.79999542236328,71.8499984741211,68.0999984741211,69.1500015258789,4654320
2023-01-09,63.0,63.0,70.5,62.099998474121094,70.3499984741211,11468873
2023-01-10,64.6500015258789,64.6500015258789,65.8499984741211,62.39999771118164,63.0,7861580
2023-01-11,69.0,69.0,69.9000015258789,62.54999923706055,64.6500015258789,5679606
2023-01-12,65.25,65.25,70.3499984741211,65.25,69.0,4455473
2023-01-13,63.75,63.75,64.3499984741211,61.5,63.29999923706055,7358820
2023-01-16,61.79999923706055,61.79999923706055,64.79999542236328,61.64999771118164,63.75,2614526
2023-01-17,62.25,62.25,63.89999771118164,61.64999771118164,62.099998474121094,4116846
2023-01-18,63.14999771118164,63.14999771118164,64.3499984741211,61.95000076293945,62.849998474121094,3750600
2023-01-19,65.54999542236328,65.54999542236328,66.0,61.20000076293945,62.39999771118164,3086440
2023-01-20,65.69999694824219,65.69999694824219,66.5999984741211,63.89999771118164,66.0,2780740
2023-01-23,63.45000076293945,63.45000076293945,67.3499984741211,63.29999923706055,65.8499984741211,2026153
2023-01-24,67.19999694824219,67.19999694824219,68.69999694824219,63.0,64.04999542236328,3057013
2023-01-25,68.69999694824219,68.69999694824219,69.75,64.94999694824219,67.19999694824219,1882833
2023-01-26,66.5999984741211,66.5999984741211,70.19999694824219,65.8499984741211,68.69999694824219,3022920
2023-01-27,69.0,69.0,70.79999542236328,66.0,66.29999542236328,2380220
2023-01-30,70.5,70.5,71.25,67.5,69.29999542236328,2696353
2023-01-31,77.25,77.25,78.44999694824219,70.5,70.5,5836306
2023-02-01,75.75,75.75,78.5999984741211,73.94999694824219,76.79999542236328,5222580
2023-02-02,76.6500015258789,76.6500015258789,78.29999542236328,75.1500015258789,75.44999694824219,3907326
2023-02-03,69.44999694824219,69.44999694824219,76.79999542236328,69.1500015258789,76.6500015258789,5358840
2023-02-06,69.0,69.0,71.54999542236328,67.19999694824219,69.44999694824219,3607046
2023-02-07,69.75,69.75,72.0,68.54999542236328,69.1500015258789,6911926
2023-02-08,67.19999694824219,67.19999694824219,70.79999542236328,62.849998474121094,69.75,9063253
2023-02-09,67.3499984741211,67.3499984741211,72.0,66.75,67.19999694824219,5559193
2023-02-10,68.0999984741211,68.0999984741211,72.0,66.29999542236328,67.19999694824219,3721706
2023-02-13,68.69999694824219,68.69999694824219,70.5,66.75,68.25,1551366
2023-02-14,68.69999694824219,68.69999694824219,70.6500015258789,66.75,69.1500015258789,2215813
2023-02-15,73.94999694824219,73.94999694824219,75.5999984741211,68.0999984741211,68.54999542236328,5002286
2023-02-16,76.94999694824219,76.94999694824219,77.54999542236328,71.54999542236328,73.5,3539753
2023-02-17,76.3499984741211,76.3499984741211,76.94999694824219,74.8499984741211,76.04999542236328,1976580
2023-02-22,74.0999984741211,74.0999984741211,74.69999694824219,71.25,73.5,2608893
2023-02-23,72.44999694824219,72.44999694824219,74.54999542236328,70.6500015258789,74.25,2271160
2023-02-24,71.25,71.25,72.75,68.69999694824219,71.69999694824219,2488106
2023-02-27,68.25,68.25,72.44999694824219,67.79999542236328,71.69999694824219,3428160
2023-02-28,67.3499984741211,67.3499984741211,71.69999694824219,66.29999542236328,68.0999984741211,3861253
2023-03-01,45.29999923706055,45.29999923706055,55.349998474121094,42.599998474121094,54.45000076293945,32399653
2023-03-02,43.79999923706055,43.79999923706055,47.25,42.599998474121094,46.79999923706055,15156166
2023-03-03,40.20000076293945,40.20000076293945,45.599998474121094,39.29999923706055,43.64999771118164,15487060
2023-03-06,40.79999923706055,40.79999923706055,42.45000076293945,38.849998474121094,42.0,14452066
2023-03-07,40.20000076293945,40.20000076293945,41.25,37.20000076293945,41.099998474121094,13463946
2023-03-08,43.79999923706055,43.79999923706055,45.0,40.20000076293945,40.95000076293945,14768100
2023-03-09,29.099998474121094,29.099998474121094,40.349998474121094,28.94999885559082,39.45000076293945,36872040
2023-03-10,37.04999923706055,37.04999923706055,38.849998474121094,29.549999237060547,29.999998092651367,24737500
2023-03-13,37.5,37.5,39.599998474121094,34.95000076293945,35.70000076293945,6945120
2023-03-14,37.20000076293945,37.20000076293945,40.349998474121094,35.70000076293945,37.64999771118164,6612713
2023-03-15,37.79999923706055,37.79999923706055,38.39999771118164,35.25,36.45000076293945,4685340
2023-03-16,39.599998474121094,39.599998474121094,40.79999923706055,36.75,37.79999923706055,6797566
2023-03-17,35.54999923706055,35.54999923706055,39.45000076293945,34.349998474121094,39.14999771118164,8798266
2023-03-20,32.70000076293945,32.70000076293945,36.14999771118164,31.049999237060547,36.0,7884093
2023-03-21,33.29999923706055,33.29999923706055,35.099998474121094,32.849998474121094,33.0,4522566
2023-03-22,33.14999771118164,33.14999771118164,33.89999771118164,32.099998474121094,33.14999771118164,4133800
2023-03-23,31.049999237060547,31.049999237060547,33.89999771118164,29.69999885559082,33.29999923706055,4676093
2023-03-24,33.75,33.75,34.349998474121094,30.44999885559082,31.499998092651367,6266006
2023-03-27,33.29999923706055,33.29999923706055,35.25,32.849998474121094,34.04999923706055,3846813
2023-03-28,39.45000076293945,39.45000076293945,40.5,37.5,38.25,11549893
2023-03-29,41.39999771118164,41.39999771118164,42.0,38.39999771118164,40.20000076293945,8987720
2023-03-30,42.0,42.0,45.0,41.25,43.5,11575546
2023-03-31,39.29999923706055,39.29999923706055,42.599998474121094,38.54999923706055,42.599998474121094,7541133
2023-04-03,36.75,36.75,40.20000076293945,35.39999771118164,39.14999771118164,7969326
2023-04-04,37.20000076293945,37.20000076293945,39.75,36.29999923706055,36.89999771118164,4784160
2023-04-05,35.39999771118164,35.39999771118164,37.95000076293945,34.5,37.64999771118164,4222493
2023-04-06,35.54999923706055,35.54999923706055,36.14999771118164,33.29999923706055,35.39999771118164,5634400
2023-04-10,35.25,35.25,36.14999771118164,34.64999771118164,35.54999923706055,2072406
2023-04-11,39.75,39.75,40.20000076293945,35.70000076293945,35.70000076293945,6774093
2023-04-12,40.20000076293945,40.20000076293945,42.0,39.0,41.25,9260400
2023-04-13,39.599998474121094,39.599998474121094,41.099998474121094,38.099998474121094,40.04999923706055,8499646
2023-04-14,39.0,39.0,39.89999771118164,37.04999923706055,38.25,7858313
2023-04-17,38.099998474121094,38.099998474121094,39.75,37.349998474121094,38.849998474121094,9723726
2023-04-18,36.0,36.0,38.70000076293945,36.0,38.70000076293945,7127166
2023-04-19,35.39999771118164,35.39999771118164,36.29999923706055,33.75,35.099998474121094,7142513
2023-04-20,38.849998474121094,38.849998474121094,38.849998474121094,35.099998474121094,35.39999771118164,8602360
2023-04-24,39.14999771118164,39.14999771118164,41.25,37.95000076293945,38.39999771118164,9232273
2023-04-25,38.39999771118164,38.39999771118164,39.45000076293945,37.349998474121094,39.0,4238633
2023-04-26,37.349998474121094,37.349998474121094,39.14999771118164,36.89999771118164,38.70000076293945,2544606
2023-04-27,38.39999771118164,38.39999771118164,38.70000076293945,36.599998474121094,37.5,5934646
2023-04-28,41.39999771118164,41.39999771118164,41.39999771118164,37.95000076293945,38.54999923706055,7549980
2023-05-02,41.849998474121094,41.849998474121094,42.45000076293945,40.04999923706055,41.54999923706055,5908986
2023-05-03,41.54999923706055,41.54999923706055,43.04999923706055,41.25,42.29999923706055,6041826
2023-05-04,42.599998474121094,42.599998474121094,43.20000076293945,40.5,42.29999923706055,5263973
2023-05-05,43.95000076293945,43.95000076293945,44.849998474121094,40.95000076293945,42.29999923706055,6907986
2023-05-08,43.79999923706055,43.79999923706055,46.04999923706055,43.5,44.849998474121094,4429880
2023-05-09,43.20000076293945,43.20000076293945,44.099998474121094,42.14999771118164,43.64999771118164,8489266
2023-05-10,45.29999923706055,45.29999923706055,46.64999771118164,43.04999923706055,43.349998474121094,10434873
2023-05-11,46.04999923706055,46.04999923706055,47.099998474121094,43.79999923706055,44.54999923706055,7409646
2023-05-12,46.79999923706055,46.79999923706055,47.849998474121094,44.25,45.75,6662673
2023-05-15,47.25,47.25,49.04999923706055,46.20000076293945,48.29999923706055,8495366
2023-05-16,51.14999771118164,51.14999771118164,54.75,50.39999771118164,54.0,16967360
2023-05-17,52.20000076293945,52.20000076293945,53.54999923706055,50.099998474121094,51.29999923706055,8826280
2023-05-18,55.04999923706055,55.04999923706055,55.95000076293945,51.45000076293945,51.89999771118164,10501860
2023-05-19,54.14999771118164,54.14999771118164,57.0,53.70000076293945,55.64999771118164,9939380
2023-05-22,55.5,55.5,58.64999771118164,54.14999771118164,54.45000076293945,8446220
2023-05-23,54.75,54.75,58.64999771118164,54.14999771118164,55.95000076293945,7359946
2023-05-24,53.25,53.25,55.04999923706055,52.20000076293945,54.89999771118164,8595653
2023-05-25,59.099998474121094,59.099998474121094,59.39999771118164,55.95000076293945,55.95000076293945,10331580
2023-05-26,58.5,58.5,60.45000076293945,57.14999771118164,59.849998474121094,5714533
2023-05-29,58.5,58.5,59.70000076293945,58.20000076293945,59.25,3193873
2023-05-30,60.89999771118164,60.89999771118164,61.64999771118164,58.20000076293945,59.39999771118164,7199140
2023-05-31,59.849998474121094,59.849998474121094,61.349998474121094,58.64999771118164,60.75,6896673
2023-06-01,61.5,61.5,62.54999923706055,58.95000076293945,59.849998474121094,6656740
2023-06-02,61.79999923706055,61.79999923706055,64.19999694824219,60.75,61.79999923706055,5793640
2023-06-05,62.39999771118164,62.39999771118164,62.849998474121094,61.20000076293945,61.79999923706055,2683606
2023-06-06,65.25,65.25,67.5,62.54999923706055,63.0,8565706
2023-06-07,63.599998474121094,63.599998474121094,68.0999984741211,63.45000076293945,66.75,6963553
2023-06-09,63.599998474121094,63.599998474121094,67.19999694824219,63.14999771118164,64.04999542236328,6935180
2023-06-12,61.79999923706055,61.79999923706055,64.5,61.5,63.89999771118164,6113846
2023-06-13,59.54999923706055,59.54999923706055,62.099998474121094,59.099998474121094,62.099998474121094,5783146
2023-06-14,64.5,64.5,65.25,61.04999923706055,62.25,9361046
2023-06-15,66.9000015258789,66.9000015258789,67.79999542236328,64.6500015258789,65.0999984741211,6718453
2023-06-16,65.25,65.25,67.04999542236328,64.3499984741211,66.5999984741211,9003880
2023-06-19,64.19999694824219,64.19999694824219,66.0,63.45000076293945,66.0,2751446
2023-06-20,63.0,63.0,64.94999694824219,62.25,63.75,6707460
2023-06-21,62.849998474121094,62.849998474121094,63.599998474121094,61.20000076293945,63.0,5978780
2023-06-22,63.45000076293945,63.45000076293945,63.89999771118164,60.14999771118164,61.79999923706055,4680166
2023-06-23,64.94999694824219,64.94999694824219,65.8499984741211,63.89999771118164,64.5,3779033
2023-06-26,61.64999771118164,61.64999771118164,65.0999984741211,60.89999771118164,64.94999694824219,5248580
2023-06-27,61.20000076293945,61.20000076293945,63.14999771118164,59.70000076293945,62.70000076293945,5277446
2023-06-28,62.099998474121094,62.099998474121094,63.29999923706055,61.20000076293945,61.349998474121094,4323500
2023-06-29,63.0,63.0,63.89999771118164,62.099998474121094,62.70000076293945,3674260
2023-06-30,65.69999694824219,65.69999694824219,67.19999694824219,63.45000076293945,63.75,6489393
2023-07-03,66.29999542236328,66.29999542236328,67.6500015258789,64.5,66.0,3412733
2023-07-04,64.79999542236328,64.79999542236328,66.29999542236328,61.95000076293945,62.70000076293945,5657633
2023-07-05,65.69999694824219,65.69999694824219,67.04999542236328,63.89999771118164,64.19999694824219,4008773
2023-07-06,64.6500015258789,64.6500015258789,65.8499984741211,63.29999923706055,65.25,2718606
2023-07-07,65.54999542236328,65.54999542236328,67.5,64.6500015258789,64.79999542236328,3443400
2023-07-10,64.79999542236328,64.79999542236328,66.29999542236328,63.89999771118164,65.54999542236328,2186493
2023-07-11,66.75,66.75,67.79999542236328,62.39999771118164,64.5,4581633
2023-07-12,65.0999984741211,65.0999984741211,68.54999542236328,64.79999542236328,67.5,3133266
2023-07-13,64.5,64.5,66.29999542236328,63.89999771118164,65.4000015258789,4903600
2023-07-14,61.95000076293945,61.95000076293945,64.5,60.599998474121094,64.19999694824219,3584700
2023-07-17,62.70000076293945,62.70000076293945,63.75,61.04999923706055,61.64999771118164,2111893
2023-07-18,62.70000076293945,62.70000076293945,63.75,61.79999923706055,62.25,2518146
2023-07-19,61.95000076293945,61.95000076293945,63.0,61.20000076293945,62.54999923706055,2787460
2023-07-20,62.39999771118164,62.39999771118164,62.54999923706055,61.5,62.25,2042413
2023-07-21,63.89999771118164,63.89999771118164,66.1500015258789,62.70000076293945,62.70000076293945,6586346
2023-07-24,65.0999984741211,65.0999984741211,65.4000015258789,61.5,64.19999694824219,4420820
2023-07-25,66.5999984741211,66.5999984741211,67.6500015258789,65.8499984741211,66.9000015258789,3104420
2023-07-26,69.0,69.0,69.5999984741211,65.54999542236328,66.75,5354540
2023-07-27,68.0999984741211,68.0999984741211,71.0999984741211,67.19999694824219,69.29999542236328,3307273
2023-07-28,69.29999542236328,69.29999542236328,69.5999984741211,67.3499984741211,68.8499984741211,3485920
2023-07-31,72.0,72.0,72.5999984741211,69.9000015258789,69.9000015258789,5569253
2023-08-01,72.5999984741211,72.5999984741211,73.04999542236328,70.94999694824219,71.8499984741211,4671853
2023-08-02,71.25,71.25,73.04999542236328,70.04999542236328,72.75,4115806
2023-08-03,69.29999542236328,69.29999542236328,72.9000015258789,68.8499984741211,72.0,6357053
2023-08-04,71.4000015258789,71.4000015258789,72.0,68.25,69.1500015258789,5934166
2023-08-07,71.54999542236328,71.54999542236328,71.8499984741211,69.9000015258789,71.4000015258789,2108233
2023-08-08,75.9000015258789,75.9000015258789,76.5,68.54999542236328,70.6500015258789,7588060
2023-08-09,74.4000015258789,74.4000015258789,75.5999984741211,71.8499984741211,75.1500015258789,5360866
2023-08-10,78.9000015258789,78.9000015258789,81.29999542236328,76.94999694824219,80.25,16622613
2023-08-11,78.44999694824219,78.44999694824219,80.8499984741211,78.29999542236328,78.5999984741211,4699120
2023-08-14,75.29999542236328,75.29999542236328,78.5999984741211,74.25,78.5999984741211,4969020
2023-08-15,75.29999542236328,75.29999542236328,76.19999694824219,73.6500015258789,75.75,4696333
2023-08-16,70.94999694824219,70.94999694824219,73.04999542236328,70.94999694824219,72.29999542236328,28537120
2023-08-17,68.54999542236328,68.54999542236328,72.29999542236328,67.79999542236328,71.54999542236328,6301700
2023-08-18,69.44999694824219,69.44999694824219,70.5,65.0999984741211,68.25,6663993
2023-08-21,67.3499984741211,67.3499984741211,69.0,66.44999694824219,68.69999694824219,6243680
2023-08-22,68.4000015258789,68.4000015258789,69.29999542236328,67.19999694824219,67.79999542236328,3894493
2023-08-23,70.3499984741211,70.3499984741211,70.79999542236328,67.3499984741211,68.54999542236328,3607353
2023-08-24,70.3499984741211,70.3499984741211,71.69999694824219,69.44999694824219,70.6500015258789,2161220
2023-08-25,68.8499984741211,68.8499984741211,70.79999542236328,67.94999694824219,70.6500015258789,2385693
2023-08-28,68.0999984741211,68.0999984741211,69.75,67.6500015258789,69.0,2553140
2023-08-29,69.0,69.0,69.75,67.19999694824219,68.54999542236328,2222613
2023-08-30,67.04999542236328,67.04999542236328,70.3499984741211,67.04999542236328,69.29999542236328,2470900
2023-08-31,63.89999771118164,63.89999771118164,67.3499984741211,63.45000076293945,67.19999694824219,5066760
2023-09-01,66.44999694824219,66.44999694824219,67.04999542236328,63.599998474121094,64.5,3543386
2023-09-04,66.75,66.75,68.0999984741211,66.0,66.29999542236328,1253800
2023-09-05,66.1500015258789,66.1500015258789,67.5,65.0999984741211,65.69999694824219,2612173
2023-09-06,66.0,66.0,69.75,65.54999542236328,68.54999542236328,3851553
2023-09-08,65.54999542236328,65.54999542236328,67.79999542236328,64.5,65.4000015258789,3268366
2023-09-11,66.5999984741211,66.5999984741211,67.19999694824219,64.94999694824219,66.29999542236328,3507073
2023-09-12,69.5999984741211,69.5999984741211,70.19999694824219,66.44999694824219,66.44999694824219,4434826
2023-09-13,68.69999694824219,68.69999694824219,71.25,68.0999984741211,68.69999694824219,3483980
2023-09-14,67.5,67.5,69.29999542236328,67.19999694824219,69.29999542236328,1989486
2023-09-15,66.1500015258789,66.1500015258789,67.94999694824219,65.69999694824219,67.5,2447446
2023-09-18,66.29999542236328,66.29999542236328,67.79999542236328,65.69999694824219,66.1500015258789,2586646
2023-09-19,67.5,67.5,68.69999694824219,65.54999542236328,66.5999984741211,3989373
2023-09-20,66.44999694824219,66.44999694824219,68.25,66.0,67.5,3584753
2023-09-21,63.89999771118164,63.89999771118164,66.1500015258789,63.29999923706055,65.69999694824219,4457153
2023-09-22,64.19999694824219,64.19999694824219,65.4000015258789,63.0,64.19999694824219,3433740
2023-09-25,65.69999694824219,65.69999694824219,66.75,63.75,63.75,2813820
2023-09-26,63.89999771118164,63.89999771118164,66.44999694824219,63.29999923706055,65.0999984741211,4138140
2023-09-27,64.6500015258789,64.6500015258789,67.04999542236328,63.0,64.5,5357146
2023-09-28,67.04999542236328,67.04999542236328,67.79999542236328,63.89999771118164,64.6500015258789,5716700
2023-09-29,70.5,70.5,70.79999542236328,68.69999694824219,69.75,8860120
2023-10-02,68.54999542236328,68.54999542236328,71.25,67.3499984741211,70.3499984741211,3599140
2023-10-03,64.79999542236328,64.79999542236328,67.79999542236328,64.04999542236328,67.5,3904200
2023-10-04,65.54999542236328,65.54999542236328,66.75,63.45000076293945,64.94999694824219,5696426
2023-10-05,62.39999771118164,62.39999771118164,66.0,61.64999771118164,65.69999694824219,5543473
2023-10-06,60.599998474121094,60.599998474121094,61.79999923706055,57.89999771118164,60.75,9115006
2023-10-09,61.20000076293945,61.20000076293945,62.849998474121094,58.64999771118164,59.849998474121094,3658193
2023-10-10,63.89999771118164,63.89999771118164,65.0999984741211,61.5,61.79999923706055,6730433
2023-10-11,63.45000076293945,63.45000076293945,64.5,62.39999771118164,64.04999542236328,3732893
2023-10-13,60.29999923706055,60.29999923706055,63.29999923706055,60.0,63.0,4047393
2023-10-16,60.0,60.0,63.14999771118164,58.5,60.45000076293945,6391146
2023-10-17,58.95000076293945,58.95000076293945,61.04999923706055,58.5,59.54999923706055,3485926
2023-10-18,57.0,57.0,58.79999923706055,55.20000076293945,58.64999771118164,8852266
2023-10-19,57.29999923706055,57.29999923706055,59.099998474121094,56.54999923706055,57.14999771118164,4817120
2023-10-20,58.04999923706055,58.04999923706055,60.0,56.39999771118164,56.70000076293945,5293393
2023-10-23,60.0,60.0,61.20000076293945,56.25,57.29999923706055,5133433
2023-10-24,61.20000076293945,61.20000076293945,62.70000076293945,60.14999771118164,61.04999923706055,3686646
2023-10-25,58.04999923706055,58.04999923706055,61.79999923706055,57.0,61.04999923706055,5487673
2023-10-26,58.5,58.5,59.54999923706055,57.14999771118164,58.64999771118164,6153746
2023-10-27,56.099998474121094,56.099998474121094,58.95000076293945,54.75,58.64999771118164,7382346
2023-10-30,54.599998474121094,54.599998474121094,57.45000076293945,54.29999923706055,56.70000076293945,3806300
2023-10-31,55.349998474121094,55.349998474121094,56.54999923706055,53.54999923706055,54.75,3719280
2023-11-01,56.099998474121094,56.099998474121094,57.89999771118164,54.14999771118164,55.64999771118164,12351166
2023-11-03,60.599998474121094,60.599998474121094,61.5,57.45000076293945,57.75,8160560
2023-11-06,59.70000076293945,59.70000076293945,61.20000076293945,58.79999923706055,60.89999771118164,2666786
2023-11-07,64.79999542236328,64.79999542236328,64.79999542236328,59.849998474121094,59.849998474121094,7208346
2023-11-08,64.6500015258789,64.6500015258789,67.6500015258789,62.70000076293945,65.8499984741211,5809366
2023-11-09,66.9000015258789,66.9000015258789,69.29999542236328,64.19999694824219,67.3499984741211,14759053
2023-11-10,66.0,66.0,67.79999542236328,65.54999542236328,67.04999542236328,3996146
2023-11-13,64.6500015258789,64.6500015258789,66.75,64.19999694824219,66.0,4493526
2023-11-14,68.25,68.25,68.8499984741211,64.79999542236328,65.25,7210666
2023-11-16,70.6500015258789,70.6500015258789,71.25,67.79999542236328,67.94999694824219,5611033
2023-11-17,68.69999694824219,68.69999694824219,71.25,67.94999694824219,71.25,7062353
2023-11-20,69.5999984741211,69.5999984741211,70.19999694824219,68.25,68.69999694824219,3453920
2023-11-21,69.75,69.75,69.9000015258789,67.6500015258789,68.69999694824219,3501480
2023-11-22,68.4000015258789,68.4000015258789,72.5999984741211,67.6500015258789,70.04999542236328,7600766
2023-11-23,67.5,67.5,69.29999542236328,67.19999694824219,69.0,1825026
2023-11-24,66.44999694824219,66.44999694824219,68.4000015258789,65.8499984741211,67.5,2484546
2023-11-27,68.4000015258789,68.4000015258789,68.8499984741211,66.29999542236328,67.04999542236328,2771746
2023-11-28,70.3499984741211,70.3499984741211,70.94999694824219,67.6500015258789,68.8499984741211,5861606
2023-11-29,66.75,66.75,71.25,66.29999542236328,71.0999984741211,6276540
2023-11-30,65.54999542236328,65.54999542236328,67.6500015258789,64.6500015258789,67.3499984741211,9138113
2023-12-01,66.29999542236328,66.29999542236328,67.19999694824219,63.599998474121094,66.0,4695813
2023-12-04,64.3499984741211,64.3499984741211,66.1500015258789,63.599998474121094,65.69999694824219,4304280
2023-12-05,65.69999694824219,65.69999694824219,66.44999694824219,64.19999694824219,64.6500015258789,2449260
2023-12-06,64.04999542236328,64.04999542236328,67.5,64.04999542236328,66.29999542236328,2764046
2023-12-07,64.19999694824219,64.19999694824219,66.1500015258789,63.29999923706055,64.6500015258789,2673946
2023-12-08,65.25,65.25,66.1500015258789,63.89999771118164,64.5,3119993
2023-12-11,63.45000076293945,63.45000076293945,65.25,63.0,64.79999542236328,2645226
2023-12-12,62.25,62.25,63.75,60.45000076293945,60.89999771118164,11193513
2023-12-13,67.6500015258789,67.6500015258789,67.79999542236328,62.099998474121094,62.849998474121094,5120020
2023-12-14,69.44999694824219,69.44999694824219,69.44999694824219,66.9000015258789,68.54999542236328,6220153
2023-12-15,65.69999694824219,65.69999694824219,69.5999984741211,65.69999694824219,69.0,5133760
2023-12-18,67.6500015258789,67.6500015258789,67.79999542236328,64.94999694824219,66.44999694824219,3702826
2023-12-19,66.9000015258789,66.9000015258789,70.19999694824219,66.0,68.25,4922773
2023-12-20,65.0999984741211,65.0999984741211,66.5999984741211,62.099998474121094,66.44999694824219,8578780
2023-12-21,64.94999694824219,64.94999694824219,66.1500015258789,64.19999694824219,65.69999694824219,3588533
2023-12-22,65.25,65.25,65.25,63.75,64.94999694824219,3070926
2023-12-26,64.6500015258789,64.6500015258789,66.29999542236328,64.6500015258789,65.0999984741211,1431400
2023-12-27,65.69999694824219,65.69999694824219,66.29999542236328,64.04999542236328,64.6500015258789,1753200
2023-12-28,66.75,66.75,67.3499984741211,65.0999984741211,65.0999984741211,2116660
2024-01-02,64.3499984741211,64.3499984741211,66.1500015258789,64.3499984741211,65.8499984741211,2172066
2024-01-03,63.599998474121094,63.599998474121094,65.25,63.29999923706055,64.3499984741211,3140926
2024-01-04,61.64999771118164,61.64999771118164,64.19999694824219,61.349998474121094,63.89999771118164,3174940
2024-01-05,64.04999542236328,64.04999542236328,64.79999542236328,61.04999923706055,61.64999771118164,3381480
2024-01-08,66.44999694824219,66.44999694824219,67.3499984741211,63.75,64.04999542236328,2686900
2024-01-09,66.5999984741211,66.5999984741211,68.4000015258789,65.54999542236328,66.0,3744633
2024-01-10,66.75,66.75,68.25,66.0,66.9000015258789,2525893
2024-01-11,64.94999694824219,64.94999694824219,66.75,64.5,66.5999984741211,2432446
2024-01-12,67.94999694824219,67.94999694824219,68.25,65.25,65.25,4614213
2024-01-15,68.4000015258789,68.4000015258789,69.44999694824219,67.5,67.5,1719400
2024-01-16,66.75,66.75,68.69999694824219,66.1500015258789,67.94999694824219,2723673
2024-01-17,64.5,64.5,67.5,63.75,66.5999984741211,4150580
2024-01-18,60.0,60.0,65.0999984741211,59.70000076293945,65.0999984741211,15187220
2024-01-19,60.29999923706055,60.29999923706055,60.75,57.0,60.29999923706055,8734820
2024-01-22,56.849998474121094,56.849998474121094,60.599998474121094,56.54999923706055,60.29999923706055,9192980
2024-01-23,59.099998474121094,59.099998474121094,60.14999771118164,57.29999923706055,57.599998474121094,5453800
2024-01-24,59.39999771118164,59.39999771118164,60.75,59.099998474121094,60.0,3932506
2024-01-25,60.14999771118164,60.14999771118164,61.04999923706055,59.25,59.849998474121094,2730400
2024-01-26,58.95000076293945,58.95000076293945,60.89999771118164,58.349998474121094,60.45000076293945,4667846
2024-01-29,58.5,58.5,59.39999771118164,57.75,58.95000076293945,3872573
2024-01-30,57.89999771118164,57.89999771118164,58.79999923706055,56.39999771118164,58.64999771118164,3725913
2024-01-31,58.20000076293945,58.20000076293945,60.29999923706055,57.89999771118164,58.349998474121094,4473746
2024-02-01,58.64999771118164,58.64999771118164,59.25,57.75,58.5,3763746
2024-02-02,57.45000076293945,57.45000076293945,59.39999771118164,56.849998474121094,58.64999771118164,4258373
2024-02-05,57.75,57.75,58.64999771118164,57.0,57.75,3498933
2024-02-06,57.29999923706055,57.29999923706055,59.25,55.95000076293945,58.04999923706055,10201793
2024-02-07,54.89999771118164,54.89999771118164,57.599998474121094,52.64999771118164,57.29999923706055,11848653
2024-02-08,52.04999923706055,52.04999923706055,54.89999771118164,50.099998474121094,54.89999771118164,11529653
2024-02-09,52.64999771118164,52.64999771118164,53.25,49.64999771118164,50.70000076293945,6175520
2024-02-14,51.29999923706055,51.29999923706055,53.25,51.0,52.64999771118164,4353866
2024-02-15,51.75,51.75,52.04999923706055,50.70000076293945,51.89999771118164,3713420
2024-02-16,52.20000076293945,52.20000076293945,53.25,51.14999771118164,52.5,4250706
2024-02-19,52.349998474121094,52.349998474121094,52.64999771118164,51.45000076293945,52.04999923706055,1390673
2024-02-20,53.25,53.25,53.70000076293945,51.599998474121094,52.04999923706055,3809700
2024-02-21,50.849998474121094,50.849998474121094,53.39999771118164,49.64999771118164,53.39999771118164,9087286
2024-02-22,53.70000076293945,53.70000076293945,53.70000076293945,50.54999923706055,51.14999771118164,3689106
2024-02-23,53.849998474121094,53.849998474121094,54.45000076293945,52.64999771118164,54.0,3515080
2024-02-26,53.70000076293945,53.70000076293945,54.45000076293945,52.95000076293945,53.54999923706055,1820246
2024-02-27,56.25,56.25,56.54999923706055,54.45000076293945,54.45000076293945,4813506
2024-02-28,56.849998474121094,56.849998474121094,57.599998474121094,54.89999771118164,55.95000076293945,3010580
2024-02-29,55.04999923706055,55.04999923706055,56.54999923706055,54.599998474121094,56.25,3720486
2024-03-01,55.79999923706055,55.79999923706055,56.099998474121094,53.849998474121094,55.04999923706055,2470646
2024-03-04,54.0,54.0,56.25,54.0,55.5,3117740
2024-03-05,56.25,56.25,57.29999923706055,54.89999771118164,55.79999923706055,6654600
2024-03-06,56.70000076293945,56.70000076293945,58.20000076293945,55.5,56.54999923706055,5433780
2024-03-07,57.14999771118164,57.14999771118164,57.89999771118164,56.099998474121094,56.39999771118164,2442273
2024-03-08,58.20000076293945,58.20000076293945,60.0,55.64999771118164,55.79999923706055,4617193
2024-03-11,57.75,57.75,59.099998474121094,57.14999771118164,57.599998474121094,3495300
2024-03-12,58.79999923706055,58.79999923706055,59.70000076293945,57.0,58.04999923706055,4625246
2024-03-13,58.349998474121094,58.349998474121094,59.25,57.75,58.20000076293945,2727766
2024-03-14,57.75,57.75,58.79999923706055,57.14999771118164,58.04999923706055,1568566
2024-03-15,57.29999923706055,57.29999923706055,58.20000076293945,57.0,58.04999923706055,1899026
2024-03-18,57.89999771118164,57.89999771118164,58.64999771118164,57.45000076293945,57.75,1401320
2024-03-19,57.45000076293945,57.45000076293945,58.20000076293945,56.099998474121094,57.89999771118164,2234486
2024-03-20,59.54999923706055,59.54999923706055,59.54999923706055,57.29999923706055,57.599998474121094,2953826
2024-03-21,58.5,58.5,60.29999923706055,58.20000076293945,59.25,2283706
2024-03-22,58.20000076293945,58.20000076293945,58.95000076293945,57.599998474121094,58.20000076293945,1144486
2024-03-25,57.75,57.75,58.95000076293945,57.0,58.5,2312413
2024-03-26,56.849998474121094,56.849998474121094,57.599998474121094,56.39999771118164,57.29999923706055,1824453
2024-03-27,56.39999771118164,56.39999771118164,57.14999771118164,55.04999923706055,56.849998474121094,4013173
2024-03-28,55.5,55.5,57.14999771118164,54.75,55.64999771118164,5752706
2024-04-01,59.099998474121094,59.099998474121094,59.25,54.89999771118164,57.45000076293945,8797080
2024-04-02,58.349998474121094,58.349998474121094,59.099998474121094,56.54999923706055,58.64999771118164,3892173
2024-04-03,58.5,58.5,58.79999923706055,56.25,58.04999923706055,4481973
2024-04-04,60.14999771118164,60.14999771118164,61.5,58.20000076293945,58.5,6194040
2024-04-05,59.54999923706055,59.54999923706055,62.099998474121094,59.099998474121094,60.75,4228360
2024-04-08,60.14999771118164,60.14999771118164,60.89999771118164,58.95000076293945,59.70000076293945,2589586
2024-04-09,61.04999923706055,61.04999923706055,62.39999771118164,60.0,60.45000076293945,5041220
2024-04-10,59.099998474121094,59.099998474121094,60.75,58.64999771118164,60.599998474121094,5472946
2024-04-11,59.39999771118164,59.39999771118164,60.599998474121094,57.89999771118164,59.099998474121094,4939480
2024-04-12,58.20000076293945,58.20000076293945,59.39999771118164,57.45000076293945,59.39999771118164,5069153
2024-04-15,55.95000076293945,55.95000076293945,58.95000076293945,55.95000076293945,58.349998474121094,6571453
2024-04-16,54.0,54.0,55.04999923706055,53.39999771118164,54.89999771118164,8659620
2024-04-17,53.099998474121094,53.099998474121094,54.75,52.95000076293945,54.29999923706055,6082140
2024-04-18,52.5,52.5,54.29999923706055,51.75,53.099998474121094,6553713
2024-04-19,54.0,54.0,55.20000076293945,52.5,52.5,5028440
2024-04-22,54.599998474121094,54.599998474121094,55.20000076293945,53.70000076293945,54.29999923706055,3196220
2024-04-23,54.14999771118164,54.14999771118164,54.89999771118164,53.099998474121094,54.14999771118164,3347460
2024-04-24,54.0,54.0,55.64999771118164,54.0,54.29999923706055,3239506
2024-04-25,54.29999923706055,54.29999923706055,54.45000076293945,52.349998474121094,54.0,4795733
2024-04-26,56.70000076293945,56.70000076293945,57.29999923706055,54.45000076293945,54.599998474121094,2676780
2024-04-29,57.29999923706055,57.29999923706055,58.64999771118164,56.39999771118164,56.39999771118164,2433320
2024-04-30,55.349998474121094,55.349998474121094,57.29999923706055,55.20000076293945,56.849998474121094,2031340
2024-05-02,55.79999923706055,55.79999923706055,57.45000076293945,55.79999923706055,56.54999923706055,4325446
2024-05-03,57.75,57.75,58.349998474121094,57.0,57.29999923706055,3286480
2024-05-06,58.20000076293945,58.20000076293945,59.39999771118164,57.75,57.89999771118164,3015186
2024-05-07,60.599998474121094,60.599998474121094,62.099998474121094,59.25,59.25,7080080
2024-05-08,61.95000076293945,61.95000076293945,62.099998474121094,60.29999923706055,60.89999771118164,6457480
2024-05-09,61.5,61.5,62.25,60.0,60.599998474121094,6590446
2024-05-10,60.75,60.75,62.099998474121094,59.39999771118164,61.04999923706055,6854286
2024-05-13,60.45000076293945,60.45000076293945,61.79999923706055,60.45000076293945,60.75,4010700
2024-05-14,66.75,66.75,67.3499984741211,63.89999771118164,64.6500015258789,14869093
2024-05-15,66.0,66.0,68.54999542236328,65.8499984741211,67.3499984741211,3976793
2024-05-16,67.3499984741211,67.3499984741211,67.94999694824219,65.4000015258789,66.5999984741211,4471480
2024-05-17,67.6500015258789,67.6500015258789,68.8499984741211,67.3499984741211,67.3499984741211,5497006
2024-05-20,68.25,68.25,70.04999542236328,67.5,67.5,6382840
2024-05-21,67.19999694824219,67.19999694824219,68.8499984741211,66.75,68.4000015258789,4476100
2024-05-22,66.0,66.0,68.0999984741211,65.8499984741211,67.6500015258789,6290826
2024-05-23,63.89999771118164,63.89999771118164,66.5999984741211,63.29999923706055,65.8499984741211,4420146
2024-05-24,63.89999771118164,63.89999771118164,65.0999984741211,63.45000076293945,63.75,2533640
2024-05-27,64.04999542236328,64.04999542236328,64.5,63.0,64.04999542236328,1691346
2024-05-28,62.25,62.25,65.54999542236328,62.099998474121094,64.79999542236328,6081240
2024-05-29,62.25,62.25,62.849998474121094,60.599998474121094,61.64999771118164,3663960
2024-05-31,59.849998474121094,59.849998474121094,62.25,59.39999771118164,62.25,5423186
2024-06-03,61.04999923706055,61.04999923706055,61.5,59.39999771118164,60.14999771118164,3718126
2024-06-04,60.89999771118164,60.89999771118164,61.5,59.70000076293945,60.75,4992900
2024-06-05,59.25,59.25,60.75,58.79999923706055,60.75,4946800
2024-06-06,60.14999771118164,60.14999771118164,61.20000076293945,58.64999771118164,59.25,4767193
2024-06-07,58.349998474121094,58.349998474121094,59.70000076293945,57.89999771118164,59.25,4842226
2024-06-10,57.75,57.75,58.95000076293945,57.75,58.64999771118164,1811566
2024-06-11,58.64999771118164,58.64999771118164,59.70000076293945,57.89999771118164,58.04999923706055,2443560
2024-06-12,56.849998474121094,56.849998474121094,60.29999923706055,56.39999771118164,59.39999771118164,3799546
2024-06-13,56.099998474121094,56.099998474121094,57.0,55.20000076293945,56.70000076293945,4010566
2024-06-14,56.25,56.25,57.14999771118164,55.5,55.95000076293945,2797713
2024-06-17,54.89999771118164,54.89999771118164,56.099998474121094,54.599998474121094,55.79999923706055,3337426
2024-06-18,54.75,54.75,56.70000076293945,54.29999923706055,54.75,3188026
2024-06-19,55.5,55.5,56.099998474121094,54.14999771118164,54.75,1894746
2024-06-20,54.75,54.75,57.14999771118164,54.14999771118164,55.95000076293945,3251940
2024-06-21,55.04999923706055,55.04999923706055,55.349998474121094,53.39999771118164,54.29999923706055,5612020
2024-06-24,58.349998474121094,58.349998474121094,58.5,55.349998474121094,55.5,4472706
2024-06-25,57.45000076293945,57.45000076293945,59.099998474121094,57.14999771118164,58.20000076293945,2798033
2024-06-26,57.14999771118164,57.14999771118164,57.89999771118164,55.79999923706055,57.29999923706055,2475026
2024-06-27,58.64999771118164,58.64999771118164,58.95000076293945,56.70000076293945,57.29999923706055,2116580
2024-06-28,57.45000076293945,57.45000076293945,58.79999923706055,57.0,58.5,2750760
2024-07-01,56.39999771118164,56.39999771118164,58.04999923706055,56.25,57.45000076293945,3341820
2024-07-02,55.79999923706055,55.79999923706055,56.849998474121094,55.20000076293945,56.54999923706055,2821686
2024-07-03,58.349998474121094,58.349998474121094,58.95000076293945,56.099998474121094,56.25,3580713
2024-07-04,59.54999923706055,59.54999923706055,60.45000076293945,58.64999771118164,58.95000076293945,3228040
2024-07-05,59.25,59.25,59.849998474121094,58.5,59.25,2504406
2024-07-08,58.95000076293945,58.95000076293945,60.0,58.79999923706055,58.95000076293945,1979200
2024-07-09,60.89999771118164,60.89999771118164,61.20000076293945,58.79999923706055,58.79999923706055,2988040
2024-07-10,61.04999923706055,61.04999923706055,62.39999771118164,60.0,61.5,2906146
2024-07-11,61.349998474121094,61.349998474121094,62.25,60.89999771118164,61.349998474121094,2423840
2024-07-12,61.20000076293945,61.20000076293945,61.95000076293945,60.75,61.5,5704200
2024-07-15,62.25,62.25,62.849998474121094,61.20000076293945,61.5,2690133
2024-07-16,62.39999771118164,62.39999771118164,63.599998474121094,61.95000076293945,62.25,3592020
2024-07-17,60.89999771118164,60.89999771118164,62.70000076293945,60.75,62.70000076293945,3287906
2024-07-18,59.099998474121094,59.099998474121094,60.75,58.64999771118164,60.29999923706055,3585133
2024-07-19,58.349998474121094,58.349998474121094,60.29999923706055,58.349998474121094,59.70000076293945,2441993
2024-07-22,58.79999923706055,58.79999923706055,59.25,58.04999923706055,58.5,2364366
2024-07-23,58.79999923706055,58.79999923706055,59.70000076293945,58.04999923706055,59.099998474121094,2894460
2024-07-24,59.25,59.25,60.75,58.04999923706055,58.79999923706055,3398080
2024-07-25,60.45000076293945,60.45000076293945,60.89999771118164,58.79999923706055,59.25,3467693
2024-07-26,62.70000076293945,62.70000076293945,63.0,60.45000076293945,60.599998474121094,2787013
2024-07-29,62.39999771118164,62.39999771118164,63.75,61.64999771118164,62.70000076293945,2311280
2024-07-30,61.79999923706055,61.79999923706055,62.54999923706055,61.5,62.25,2014400
2024-07-31,61.04999923706055,61.04999923706055,63.599998474121094,60.89999771118164,61.95000076293945,5248406
2024-08-01,63.14999771118164,63.14999771118164,64.3499984741211,61.5,61.5,5696833
2024-08-02,64.5,64.5,64.6500015258789,62.70000076293945,63.14999771118164,4920633
2024-08-05,64.6500015258789,64.6500015258789,64.79999542236328,62.099998474121094,63.0,6433700
2024-08-06,64.3499984741211,64.3499984741211,66.29999542236328,63.75,64.5,5865060
2024-08-07,66.1500015258789,66.1500015258789,66.1500015258789,64.3499984741211,65.0999984741211,4467500
2024-08-08,67.5,67.5,67.6500015258789,65.8499984741211,66.29999542236328,5736553
2024-08-09,66.44999694824219,66.44999694824219,68.8499984741211,63.14999771118164,68.25,9059506
2024-08-12,64.5,64.5,67.79999542236328,64.19999694824219,66.75,4065100
2024-08-13,66.1500015258789,66.1500015258789,66.5999984741211,64.3499984741211,64.79999542236328,5058720
2024-08-14,66.1500015258789,66.1500015258789,67.5,65.54999542236328,66.29999542236328,4867986
2024-08-15,66.29999542236328,66.29999542236328,67.19999694824219,65.4000015258789,66.29999542236328,3579766
2024-08-16,64.04999542236328,64.04999542236328,67.5,63.45000076293945,66.75,5051946
2024-08-19,66.75,66.75,67.5,64.04999542236328,64.6500015258789,3198893
2024-08-20,68.4000015258789,68.4000015258789,68.8499984741211,65.69999694824219,66.75,3390173
2024-08-21,68.4000015258789,68.4000015258789,69.44999694824219,67.5,68.8499984741211,2835933
2024-08-22,65.54999542236328,65.54999542236328,69.0,65.0999984741211,68.25,2743020
2024-08-23,67.3499984741211,67.3499984741211,67.79999542236328,65.25,65.54999542236328,2720806
2024-08-26,67.19999694824219,67.19999694824219,67.79999542236328,66.5999984741211,67.3499984741211,1893353
2024-08-27,66.9000015258789,66.9000015258789,67.5,66.0,66.75,2161560
2024-08-28,66.9000015258789,66.9000015258789,67.3499984741211,66.29999542236328,66.29999542236328,2454993
2024-08-29,64.3499984741211,64.3499984741211,67.04999542236328,64.3499984741211,66.5999984741211,2576200
2024-08-30,63.599998474121094,63.599998474121094,64.79999542236328,62.70000076293945,63.29999923706055,6645433
2024-09-02,64.19999694824219,64.19999694824219,64.6500015258789,62.54999923706055,63.45000076293945,1983173
2024-09-03,65.54999542236328,65.54999542236328,66.29999542236328,64.19999694824219,64.19999694824219,3234966
2024-09-04,66.5999984741211,66.5999984741211,69.0,65.69999694824219,66.1500015258789,6165146
2024-09-05,68.25,68.25,69.0,66.9000015258789,67.04999542236328,3375946
2024-09-06,67.19999694824219,67.19999694824219,68.8499984741211,67.19999694824219,68.0999984741211,2893646
2024-09-09,67.5,67.5,67.5,66.29999542236328,67.19999694824219,3017186
2024-09-10,67.79999542236328,67.79999542236328,68.25,66.75,67.5,4661040
2024-09-11,67.5,67.5,68.4000015258789,67.5,68.25,1789380
2024-09-12,67.3499984741211,67.3499984741211,67.79999542236328,66.75,67.19999694824219,2205206
2024-09-13,69.0,69.0,69.29999542236328,67.3499984741211,67.79999542236328,3050940
2024-09-16,69.29999542236328,69.29999542236328,71.25,68.8499984741211,69.44999694824219,3555853
2024-09-17,69.1500015258789,69.1500015258789,69.44999694824219,67.94999694824219,69.44999694824219,3066653
2024-09-18,69.9000015258789,69.9000015258789,71.0999984741211,68.4000015258789,69.1500015258789,7099446
2024-09-19,67.04999542236328,67.04999542236328,70.6500015258789,67.04999542236328,70.5,3561586
2024-09-20,64.94999694824219,64.94999694824219,68.0999984741211,64.19999694824219,66.44999694824219,5278026
2024-09-23,63.45000076293945,63.45000076293945,65.4000015258789,62.70000076293945,64.5,5132500
2024-09-24,63.75,63.75,65.25,63.75,64.04999542236328,2767133
2024-09-25,61.79999923706055,61.79999923706055,64.6500015258789,60.45000076293945,64.5,8528766
2024-09-26,61.04999923706055,61.04999923706055,63.29999923706055,60.599998474121094,62.099998474121094,3798126
2024-09-27,60.0,60.0,61.349998474121094,59.39999771118164,61.04999923706055,4411120
2024-09-30,60.0,60.0,62.25,59.54999923706055,60.599998474121094,4251180
2024-10-01,60.599998474121094,60.599998474121094,61.5,60.29999923706055,60.75,4994713
2024-10-02,62.099998474121094,62.099998474121094,63.14999771118164,61.20000076293945,61.349998474121094,5108733
2024-10-03,60.14999771118164,60.14999771118164,61.64999771118164,59.849998474121094,61.5,4619200
2024-10-04,60.29999923706055,60.29999923706055,61.349998474121094,59.099998474121094,60.0,3994633
2024-10-07,59.54999923706055,59.54999923706055,60.89999771118164,59.39999771118164,60.599998474121094,3613980
2024-10-08,59.099998474121094,59.099998474121094,60.599998474121094,59.099998474121094,59.849998474121094,3011220
2024-10-09,58.349998474121094,58.349998474121094,59.39999771118164,57.89999771118164,58.64999771118164,5743180
2024-10-10,57.14999771118164,57.14999771118164,58.64999771118164,57.0,58.64999771118164,4769633
2024-10-11,58.04999923706055,58.04999923706055,58.5,56.25,56.849998474121094,3636426
2024-10-14,57.75,57.75,58.79999923706055,57.29999923706055,58.04999923706055,4640953
2024-10-15,57.75,57.75,59.099998474121094,57.45000076293945,58.20000076293945,3764953
2024-10-16,57.75,57.75,58.04999923706055,56.70000076293945,57.75,4696053
2024-10-17,55.79999923706055,55.79999923706055,57.599998474121094,55.79999923706055,57.45000076293945,4816560
2024-10-18,56.39999771118164,56.39999771118164,57.0,55.79999923706055,56.25,3642260
2024-10-21,54.75,54.75,57.14999771118164,54.599998474121094,56.54999923706055,5155620
2024-10-22,55.349998474121094,55.349998474121094,55.349998474121094,52.64999771118164,54.0,6848713
2024-10-23,57.14999771118164,57.14999771118164,57.45000076293945,54.599998474121094,54.599998474121094,6306513
2024-10-24,56.70000076293945,56.70000076293945,57.29999923706055,55.349998474121094,57.14999771118164,5498393
2024-10-25,54.599998474121094,54.599998474121094,57.14999771118164,54.29999923706055,56.54999923706055,3980793
2024-10-28,55.64999771118164,55.64999771118164,55.95000076293945,54.599998474121094,55.20000076293945,2885846
2024-10-29,54.0,54.0,56.39999771118164,53.39999771118164,55.95000076293945,6824686
2024-10-30,54.0,54.0,54.29999923706055,52.95000076293945,54.29999923706055,4608806
2024-10-31,52.79999923706055,52.79999923706055,54.14999771118164,52.5,53.54999923706055,2973446
2024-11-01,49.95000076293945,49.95000076293945,53.099998474121094,49.79999923706055,52.79999923706055,6952473
2024-11-04,51.89999771118164,51.89999771118164,52.79999923706055,50.54999923706055,50.849998474121094,4439880
2024-11-05,51.14999771118164,51.14999771118164,51.75,49.95000076293945,51.75,3265740
2024-11-06,50.849998474121094,50.849998474121094,51.0,49.349998474121094,49.95000076293945,4178793
2024-11-07,49.5,49.5,51.89999771118164,49.20000076293945,50.70000076293945,4120546
2024-11-08,47.849998474121094,47.849998474121094,48.75,47.39999771118164,48.599998474121094,6417660
2024-11-11,47.54999923706055,47.54999923706055,48.29999923706055,46.64999771118164,47.849998474121094,5212713
2024-11-12,49.64999771118164,49.64999771118164,49.95000076293945,47.25,47.54999923706055,5296033
2024-11-13,46.5,46.5,50.54999923706055,45.29999923706055,46.95000076293945,13951366
2024-11-14,47.54999923706055,47.54999923706055,48.599998474121094,46.20000076293945,46.5,7136086
2024-11-18,44.25,44.25,47.54999923706055,44.25,47.54999923706055,7385846
2024-11-19,45.29999923706055,45.29999923706055,45.75,43.20000076293945,44.25,7574500
2024-11-21,43.20000076293945,43.20000076293945,44.54999923706055,43.20000076293945,44.39999771118164,4683860
2024-11-22,44.70000076293945,44.70000076293945,44.70000076293945,43.20000076293945,43.95000076293945,3752613
2024-11-25,45.29999923706055,45.29999923706055,45.29999923706055,44.099998474121094,44.70000076293945,6072000
2024-11-26,45.75,45.75,45.89999771118164,44.849998474121094,45.45000076293945,3383140
2024-11-27,43.20000076293945,43.20000076293945,46.20000076293945,42.75,45.75,5455273
2024-11-28,40.64999771118164,40.64999771118164,43.20000076293945,40.5,42.75,6088100
2024-11-29,40.5,40.5,41.39999771118164,38.849998474121094,40.79999923706055,13349733
2024-12-02,40.04999923706055,40.04999923706055,42.0,39.89999771118164,40.20000076293945,4322413
2024-12-03,40.64999771118164,40.64999771118164,41.25,39.89999771118164,40.349998474121094,4444433
2024-12-04,39.29999923706055,39.29999923706055,40.95000076293945,39.29999923706055,40.79999923706055,3422260
2024-12-05,38.849998474121094,38.849998474121094,41.25,38.849998474121094,39.89999771118164,3957053
2024-12-06,37.04999923706055,37.04999923706055,39.45000076293945,36.89999771118164,38.70000076293945,5109813
2024-12-09,36.14999771118164,36.14999771118164,37.95000076293945,36.0,37.5,3945733
2024-12-10,37.79999923706055,37.79999923706055,38.25,36.45000076293945,36.75,5795540
2024-12-11,40.04999923706055,40.04999923706055,42.0,37.95000076293945,37.95000076293945,8565886
2024-12-12,40.5,40.5,42.29999923706055,38.70000076293945,39.599998474121094,11153780
2024-12-13,39.14999771118164,39.14999771118164,40.64999771118164,38.849998474121094,40.349998474121094,8703473
2024-12-16,38.54999923706055,38.54999923706055,40.95000076293945,38.25,39.14999771118164,6568513
2024-12-17,34.20000076293945,34.20000076293945,36.599998474121094,32.54999923706055,36.599998474121094,20903733
2024-12-18,31.799999237060547,31.799999237060547,36.45000076293945,31.649999618530273,34.20000076293945,24475913
2024-12-19,34.349998474121094,34.349998474121094,35.39999771118164,32.099998474121094,32.25,7643020
2024-12-20,35.70000076293945,35.70000076293945,37.04999923706055,33.45000076293945,34.64999771118164,9683820
2024-12-23,33.75,33.75,35.54999923706055,33.75,35.39999771118164,4682280
2024-12-26,33.45000076293945,33.45000076293945,33.89999771118164,32.70000076293945,33.599998474121094,4091333
2024-12-27,33.14999771118164,33.14999771118164,34.349998474121094,32.54999923706055,33.89999771118164,4030680
2024-12-30,33.45000076293945,33.45000076293945,33.89999771118164,32.849998474121094,33.29999923706055,3620000
2025-01-02,32.54999923706055,32.54999923706055,33.599998474121094,32.099998474121094,33.14999771118164,3545446
2025-01-03,31.499998092651367,31.499998092651367,33.29999923706055,31.499998092651367,32.25,3544800
2025-01-06,32.70000076293945,32.70000076293945,33.0,31.94999885559082,32.099998474121094,3268273
2025-01-07,35.70000076293945,35.70000076293945,35.70000076293945,32.54999923706055,33.0,7629693
2025-01-08,35.25,35.25,36.14999771118164,33.89999771118164,35.39999771118164,6135673
2025-01-09,33.89999771118164,33.89999771118164,35.54999923706055,33.89999771118164,35.099998474121094,2857560
2025-01-10,33.0,33.0,33.89999771118164,32.70000076293945,33.75,3234033
2025-01-13,32.39999771118164,32.39999771118164,33.45000076293945,32.25,33.14999771118164,3464880
2025-01-14,33.0,33.0,33.0,32.099998474121094,32.54999923706055,3023886
2025-01-15,36.45000076293945,36.45000076293945,36.599998474121094,33.45000076293945,33.599998474121094,7610046
2025-01-16,35.54999923706055,35.54999923706055,36.14999771118164,34.95000076293945,36.0,5328980
2025-01-17,33.599998474121094,33.599998474121094,35.70000076293945,33.599998474121094,35.70000076293945,3879300
2025-01-20,34.04999923706055,34.04999923706055,34.95000076293945,32.849998474121094,33.29999923706055,3056900
2025-01-21,34.20000076293945,34.20000076293945,34.79999923706055,33.599998474121094,34.20000076293945,3500553
2025-01-22,34.64999771118164,34.64999771118164,35.39999771118164,34.04999923706055,34.20000076293945,3682386
2025-01-23,34.349998474121094,34.349998474121094,35.70000076293945,34.04999923706055,34.95000076293945,3704980
2025-01-24,34.349998474121094,34.349998474121094,35.70000076293945,34.20000076293945,34.349998474121094,3065506
2025-01-27,35.70000076293945,35.70000076293945,36.14999771118164,34.20000076293945,34.349998474121094,4712580
2025-01-28,34.79999923706055,34.79999923706055,37.04999923706055,34.64999771118164,35.849998474121094,9061426
2025-01-29,34.349998474121094,34.349998474121094,35.54999923706055,34.20000076293945,35.099998474121094,3448300
2025-01-30,36.75,36.75,36.89999771118164,34.04999923706055,34.5,6724046
2025-01-31,36.29999923706055,36.29999923706055,37.5,36.14999771118164,37.20000076293945,3707740
2025-02-03,36.599998474121094,36.599998474121094,37.04999923706055,35.099998474121094,36.14999771118164,5325100
2025-02-04,35.849998474121094,35.849998474121094,37.20000076293945,34.79999923706055,36.599998474121094,8029306
2025-02-05,34.79999923706055,34.79999923706055,36.0,34.349998474121094,36.0,6448393
2025-02-06,34.04999923706055,34.04999923706055,35.099998474121094,33.89999771118164,34.64999771118164,4864340
2025-02-07,34.95000076293945,34.95000076293945,34.95000076293945,33.29999923706055,34.04999923706055,8501326
2025-02-10,35.099998474121094,35.099998474121094,37.04999923706055,34.95000076293945,35.099998474121094,4137373
2025-02-11,37.64999771118164,37.64999771118164,37.79999923706055,35.25,35.25,8238853
2025-02-12,34.95000076293945,34.95000076293945,36.29999923706055,34.64999771118164,36.0,9580753
2025-02-13,34.79999923706055,34.79999923706055,35.25,34.20000076293945,34.79999923706055,6042440
2025-02-14,37.64999771118164,37.64999771118164,37.79999923706055,34.95000076293945,35.39999771118164,9525040
2025-02-17,38.099998474121094,38.099998474121094,39.14999771118164,37.64999771118164,38.099998474121094,6446753
2025-02-18,37.04999923706055,37.04999923706055,38.25,36.89999771118164,37.79999923706055,5468926
2025-02-19,36.45000076293945,36.45000076293945,37.64999771118164,36.0,36.599998474121094,4871853
2025-02-20,36.599998474121094,36.599998474121094,37.04999923706055,36.0,36.599998474121094,6511300
2025-02-21,35.39999771118164,35.39999771118164,37.349998474121094,35.099998474121094,36.75,5910313
2025-02-24,33.45000076293945,33.45000076293945,35.70000076293945,33.45000076293945,35.54999923706055,7963760
2025-02-25,31.94999885559082,31.94999885559082,34.20000076293945,31.94999885559082,33.45000076293945,7061606
2025-02-26,31.499998092651367,31.499998092651367,33.0,31.19999885559082,32.39999771118164,8954453
2025-02-27,31.799999237060547,31.799999237060547,33.0,31.349998474121094,31.799999237060547,6461013
2025-02-28,31.649999618530273,31.649999618530273,32.39999771118164,30.599998474121094,31.649999618530273,46892633
2025-03-05,31.94999885559082,31.94999885559082,32.099998474121094,29.69999885559082,31.049999237060547,5186860
2025-03-06,31.19999885559082,31.19999885559082,32.39999771118164,31.049999237060547,31.94999885559082,4434473
2025-03-07,32.54999923706055,32.54999923706055,33.29999923706055,30.899999618530273,31.19999885559082,6481666
2025-03-10,30.749998092651367,30.749998092651367,32.25,30.749998092651367,32.099998474121094,5204153
2025-03-11,30.899999618530273,30.899999618530273,31.349998474121094,30.44999885559082,30.899999618530273,3970900
2025-03-12,31.19999885559082,31.19999885559082,31.649999618530273,30.749998092651367,30.899999618530273,3649993
2025-03-13,31.19999885559082,31.19999885559082,31.649999618530273,30.749998092651367,31.19999885559082,4227773
2025-03-14,32.70000076293945,32.70000076293945,33.14999771118164,31.499998092651367,31.499998092651367,7450333
2025-03-17,34.349998474121094,34.349998474121094,34.64999771118164,32.25,32.70000076293945,5834193
2025-03-18,35.39999771118164,35.39999771118164,37.04999923706055,34.349998474121094,34.349998474121094,9601900
2025-03-19,33.89999771118164,33.89999771118164,35.70000076293945,33.14999771118164,35.39999771118164,13499786
2025-03-20,33.75,33.75,36.599998474121094,31.049999237060547,31.049999237060547,35058346
2025-03-21,32.54999923706055,32.54999923706055,34.04999923706055,32.25,33.75,6968360
2025-03-24,31.19999885559082,31.19999885559082,33.0,31.049999237060547,32.54999923706055,4238393
2025-03-25,33.45000076293945,33.45000076293945,34.20000076293945,32.25,32.39999771118164,5882000
2025-03-26,33.45000076293945,33.45000076293945,34.20000076293945,33.14999771118164,33.29999923706055,4622153
2025-03-27,35.25,35.25,35.70000076293945,33.45000076293945,33.89999771118164,5642646
2025-03-28,34.5,34.5,35.099998474121094,33.45000076293945,34.95000076293945,4564973
2025-03-31,33.14999771118164,33.14999771118164,34.349998474121094,32.39999771118164,33.89999771118164,5126386
2025-04-01,33.29999923706055,33.29999923706055,34.04999923706055,32.70000076293945,33.14999771118164,3488453
2025-04-02,32.70000076293945,32.70000076293945,34.349998474121094,32.39999771118164,33.14999771118164,3226273
2025-04-03,33.75,33.75,34.349998474121094,32.54999923706055,32.54999923706055,4142380
2025-04-04,31.94999885559082,31.94999885559082,33.14999771118164,31.649999618530273,33.0,4500406
2025-04-07,30.899999618530273,30.899999618530273,32.849998474121094,30.599998474121094,31.499998092651367,5732480
2025-04-08,30.44999885559082,30.44999885559082,31.649999618530273,29.849998474121094,31.049999237060547,5411726
2025-04-09,32.39999771118164,32.39999771118164,33.29999923706055,29.999998092651367,30.149999618530273,5932486
2025-04-10,33.29999923706055,33.29999923706055,33.75,32.099998474121094,32.39999771118164,4023993
2025-04-11,33.599998474121094,33.599998474121094,34.04999923706055,32.54999923706055,33.45000076293945,3129006
2025-04-14,33.75,33.75,34.5,33.45000076293945,34.04999923706055,2480000
2025-04-15,33.14999771118164,33.14999771118164,33.89999771118164,33.0,33.75,2037866
2025-04-16,33.14999771118164,33.14999771118164,33.75,32.099998474121094,33.0,4434546
2025-04-17,32.39999771118164,32.39999771118164,33.29999923706055,32.25,33.29999923706055,3822100
2025-04-22,33.14999771118164,33.14999771118164,33.599998474121094,31.799999237060547,32.39999771118164,4202160
2025-04-23,33.599998474121094,33.599998474121094,34.349998474121094,33.45000076293945,33.75,5533760
2025-04-24,36.599998474121094,36.599998474121094,37.349998474121094,33.45000076293945,33.599998474121094,11850840
2025-04-25,36.14999771118164,36.14999771118164,36.75,35.54999923706055,36.599998474121094,4315906
2025-04-28,36.599998474121094,36.599998474121094,37.79999923706055,36.45000076293945,36.45000076293945,5509920
2025-04-29,35.39999771118164,35.39999771118164,37.04999923706055,35.25,36.75,5788493
2025-04-30,34.79999923706055,34.79999923706055,35.39999771118164,34.20000076293945,35.39999771118164,5834060
2025-05-02,34.95000076293945,34.95000076293945,35.25,34.20000076293945,34.79999923706055,3659746
2025-05-05,33.89999771118164,33.89999771118164,35.099998474121094,33.89999771118164,34.95000076293945,3920946
2025-05-06,34.04999923706055,34.04999923706055,34.79999923706055,33.599998474121094,34.20000076293945,3200800
2025-05-07,33.75,33.75,34.64999771118164,33.45000076293945,34.5,2910326
2025-05-08,36.89999771118164,36.89999771118164,39.29999923706055,35.39999771118164,35.39999771118164,9043513
2025-05-09,35.25,35.25,37.79999923706055,34.95000076293945,37.04999923706055,7819720
2025-05-12,35.849998474121094,35.849998474121094,37.04999923706055,34.79999923706055,35.70000076293945,7054886
2025-05-13,39.89999771118164,39.89999771118164,41.39999771118164,38.849998474121094,41.25,13341593
2025-05-14,39.89999771118164,39.89999771118164,41.39999771118164,39.29999923706055,39.75,5651453
2025-05-15,40.5,40.5,42.0,40.20000076293945,40.349998474121094,5570380
2025-05-16,42.29999923706055,42.29999923706055,42.89999771118164,40.20000076293945,40.5,4946680
2025-05-19,42.29999923706055,42.29999923706055,43.79999923706055,41.39999771118164,42.45000076293945,7063233
2025-05-20,42.89999771118164,42.89999771118164,43.5,41.54999923706055,42.29999923706055,4656086
2025-05-21,42.599998474121094,42.599998474121094,43.64999771118164,40.64999771118164,43.64999771118164,7026680
2025-05-22,42.599998474121094,42.599998474121094,43.64999771118164,41.54999923706055,42.29999923706055,7683253
2025-05-23,42.599998474121094,42.599998474121094,43.04999923706055,40.5,41.70000076293945,5069626
2025-05-26,42.45000076293945,42.45000076293945,43.5,42.29999923706055,42.29999923706055,2262506
2025-05-27,43.79999923706055,43.79999923706055,44.849998474121094,43.20000076293945,43.5,9864700
2025-05-28,43.64999771118164,43.64999771118164,43.95000076293945,42.599998474121094,43.79999923706055,4920700
2025-05-29,42.75,42.75,43.64999771118164,42.599998474121094,43.349998474121094,3314660
2025-05-30,42.89999771118164,42.89999771118164,43.349998474121094,41.25,42.89999771118164,3936180
2025-06-02,42.14999771118164,42.14999771118164,43.64999771118164,41.849998474121094,43.20000076293945,2745260
2025-06-03,43.04999923706055,43.04999923706055,43.79999923706055,41.849998474121094,42.0,4277126
2025-06-04,43.04999923706055,43.04999923706055,43.79999923706055,43.04999923706055,43.5,3917393
2025-06-05,40.5,40.5,42.75,40.349998474121094,42.14999771118164,5322540
2025-06-06,39.90999984741211,39.90999984741211,40.65999984741211,38.650001525878906,40.0,9747500
2025-06-09,39.88999938964844,39.88999938964844,39.9900016784668,38.619998931884766,39.439998626708984,3682100
2025-06-10,40.630001068115234,40.630001068115234,40.959999084472656,39.900001525878906,40.75,4154000
2025-06-11,39.529998779296875,39.529998779296875,40.7400016784668,39.0,40.150001525878906,5356400
2025-06-12,39.52000045776367,39.52000045776367,39.709999084472656,38.84000015258789,39.529998779296875,5575100
2025-06-13,38.4900016784668,38.4900016784668,39.369998931884766,38.310001373291016,39.0099983215332,4954100
2025-06-16,39.15999984741211,39.15999984741211,39.95000076293945,38.31999969482422,38.75,5934500
2025-06-17,39.380001068115234,39.380001068115234,39.68000030517578,38.849998474121094,39.0,2966000
2025-06-18,39.4900016784668,39.4900016784668,39.7400016784668,38.90999984741211,39.20000076293945,3778000
2025-06-20,37.41999816894531,37.41999816894531,39.4900016784668,37.130001068115234,39.0099983215332,7491000
2025-06-23,36.75,36.75,37.459999084472656,35.939998626708984,37.099998474121094,5001100
2025-06-24,37.86000061035156,37.86000061035156,38.400001525878906,37.38999938964844,37.470001220703125,6366700
2025-06-25,35.77000045776367,35.77000045776367,37.70000076293945,35.439998626708984,37.5,8260200
2025-06-26,36.59000015258789,36.59000015258789,36.709999084472656,35.52000045776367,36.099998474121094,8377800
2025-06-27,36.27000045776367,36.27000045776367,36.689998626708984,35.91999816894531,36.150001525878906,3964100
2025-06-30,36.849998474121094,36.849998474121094,37.380001068115234,35.95000076293945,36.060001373291016,6602200
2025-07-01,36.400001525878906,36.400001525878906,37.06999969482422,35.90999984741211,36.86000061035156,3777800
2025-07-02,34.529998779296875,34.529998779296875,36.689998626708984,34.150001525878906,36.66999816894531,7549000
2025-07-03,34.95000076293945,34.95000076293945,35.540000915527344,34.31999969482422,34.470001220703125,7227800
2025-07-04,35.61000061035156,35.61000061035156,35.86000061035156,34.52000045776367,34.709999084472656,1893000
2025-07-07,34.86000061035156,34.86000061035156,35.86000061035156,34.220001220703125,35.22999954223633,4994700
2025-07-08,34.31999969482422,34.31999969482422,35.119998931884766,34.040000915527344,34.900001525878906,4734800
2025-07-09,33.630001068115234,33.630001068115234,34.310001373291016,33.400001525878906,34.040000915527344,4843100
2025-07-10,33.11000061035156,33.11000061035156,33.279998779296875,32.31999969482422,33.209999084472656,7316300
2025-07-11,32.31999969482422,32.31999969482422,32.880001068115234,31.770000457763672,32.880001068115234,4998300
2025-07-14,33.29999923706055,33.29999923706055,33.4900016784668,31.329999923706055,31.8799991607666,9285800
2025-07-15,33.58000183105469,33.58000183105469,33.79999923706055,32.95000076293945,33.41999816894531,2952400
2025-07-16,33.5,33.5,33.65999984741211,32.70000076293945,33.540000915527344,3093900
2025-07-17,33.66999816894531,33.66999816894531,33.66999816894531,32.869998931884766,33.2599983215332,2969900
2025-07-18,32.189998626708984,32.189998626708984,33.47999954223633,32.189998626708984,33.47999954223633,3220600
2025-07-21,31.489999771118164,31.489999771118164,32.349998474121094,31.299999237060547,32.349998474121094,3185000
2025-07-22,31.1200008392334,31.1200008392334,32.150001525878906,31.010000228881836,31.510000228881836,3123100
2025-07-23,31.81999969482422,31.81999969482422,32.2599983215332,30.510000228881836,31.1299991607666,2889200
2025-07-24,31.959999084472656,31.959999084472656,32.09000015258789,31.389999389648438,31.969999313354492,2464300
2025-07-25,32.58000183105469,32.58000183105469,32.810001373291016,31.780000686645508,32.029998779296875,2537200
2025-07-28,31.989999771118164,31.989999771118164,32.970001220703125,31.59000015258789,32.880001068115234,3716900
2025-07-29,32.459999084472656,32.459999084472656,33.02000045776367,31.65999984741211,32.15999984741211,3117500
2025-07-30,33.4900016784668,33.4900016784668,34.06999969482422,31.6299991607666,32.20000076293945,4310900
2025-07-31,33.06999969482422,33.06999969482422,33.7400016784668,32.459999084472656,33.099998474121094,3872900
2025-08-01,32.65999984741211,32.65999984741211,33.959999084472656,32.529998779296875,33.529998779296875,3112700
2025-08-04,33.95000076293945,33.95000076293945,34.0,32.9900016784668,33.27000045776367,5245300
2025-08-05,35.529998779296875,35.529998779296875,35.61000061035156,33.72999954223633,33.9900016784668,6889200
2025-08-06,35.869998931884766,35.869998931884766,36.54999923706055,35.20000076293945,35.77000045776367,3834400
2025-08-07,36.16999816894531,36.16999816894531,36.77000045776367,35.9900016784668,36.220001220703125,2742300
2025-08-08,35.630001068115234,35.630001068115234,36.18000030517578,35.29999923706055,35.970001220703125,2812400
2025-08-11,35.13999938964844,35.13999938964844,35.4900016784668,34.95000076293945,35.4900016784668,2367900
2025-08-12,35.599998474121094,35.599998474121094,36.380001068115234,35.25,35.779998779296875,4064800
2025-08-13,34.880001068115234,34.880001068115234,35.70000076293945,34.5099983215332,35.560001373291016,4991900
2025-08-14,37.77000045776367,37.77000045776367,38.41999816894531,36.5,36.70000076293945,13913300
2025-08-15,38.20000076293945,38.20000076293945,38.65999984741211,37.47999954223633,37.689998626708984,5563800
2025-08-18,39.369998931884766,39.369998931884766,39.4900016784668,38.189998626708984,38.36000061035156,4109700
2025-08-19,37.81999969482422,37.81999969482422,39.220001220703125,37.650001525878906,39.04999923706055,4757200
2025-08-20,37.540000915527344,37.540000915527344,38.0,37.2400016784668,37.86000061035156,3391900
2025-08-21,36.849998474121094,36.849998474121094,38.130001068115234,36.650001525878906,37.349998474121094,6320200
2025-08-22,38.310001373291016,38.310001373291016,38.5,36.849998474121094,37.08000183105469,5494400
2025-08-25,39.099998474121094,39.099998474121094,39.310001373291016,38.470001220703125,38.4900016784668,4662500
2025-08-26,38.939998626708984,38.939998626708984,39.43000030517578,38.599998474121094,39.43000030517578,3193700
2025-08-27,39.79999923706055,39.79999923706055,40.06999969482422,38.75,39.0,4545800
2025-08-28,40.900001525878906,40.900001525878906,41.31999969482422,40.09000015258789,40.09000015258789,6901100
2025-08-29,41.709999084472656,41.709999084472656,42.150001525878906,40.869998931884766,40.900001525878906,6301300
2025-09-01,41.54999923706055,41.54999923706055,42.20000076293945,41.27000045776367,42.099998474121094,2203600
2025-09-02,41.36000061035156,41.36000061035156,41.779998779296875,40.41999816894531,41.119998931884766,4704400
2025-09-03,40.849998474121094,40.849998474121094,41.4900016784668,40.66999816894531,41.25,3914100
2025-09-04,41.290000915527344,41.290000915527344,41.40999984741211,40.880001068115234,40.900001525878906,2260900
2025-09-05,41.380001068115234,41.380001068115234,42.65999984741211,41.31999969482422,41.5,5806600
2025-09-08,40.45000076293945,40.45000076293945,41.70000076293945,39.900001525878906,41.290000915527344,3604300
2025-09-09,39.63999938964844,39.63999938964844,40.56999969482422,39.40999984741211,40.52000045776367,3955500
2025-09-10,40.0,40.0,40.27000045776367,39.459999084472656,40.0,3421400
2025-09-11,39.7400016784668,39.7400016784668,40.619998931884766,39.45000076293945,40.09000015258789,3199400
2025-09-12,39.33000183105469,39.33000183105469,39.689998626708984,38.88999938964844,39.459999084472656,2138600
2025-09-15,39.33000183105469,39.33000183105469,39.790000915527344,39.029998779296875,39.45000076293945,3133800
2025-09-16,38.13999938964844,38.13999938964844,39.880001068115234,38.04999923706055,39.52000045776367,9813600
2025-09-17,38.63999938964844,38.63999938964844,39.04999923706055,37.54999923706055,38.13999938964844,5607800
2025-09-18,38.79999923706055,38.79999923706055,38.939998626708984,37.95000076293945,38.650001525878906,6595700
2025-09-19,38.18000030517578,38.18000030517578,39.540000915527344,38.18000030517578,39.040000915527344,5796100
2025-09-22,37.560001373291016,37.560001373291016,38.119998931884766,37.060001373291016,38.119998931884766,3559900
2025-09-23,38.04999923706055,38.04999923706055,38.279998779296875,37.220001220703125,37.41999816894531,2497800
2025-09-24,37.29999923706055,37.29999923706055,38.16999816894531,37.18000030517578,38.0099983215332,3109000
2025-09-25,37.0099983215332,37.0099983215332,37.22999954223633,36.599998474121094,37.22999954223633,3145500
2025-09-26,36.59000015258789,36.59000015258789,37.290000915527344,36.470001220703125,37.290000915527344,2797500
2025-09-29,36.349998474121094,36.349998474121094,37.88999938964844,36.20000076293945,37.189998626708984,2840800
2025-09-30,35.849998474121094,35.849998474121094,36.84000015258789,35.779998779296875,36.7400016784668,3594200
2025-10-01,35.47999954223633,35.47999954223633,36.06999969482422,35.369998931884766,35.90999984741211,2173200
2025-10-02,35.54999923706055,35.54999923706055,35.81999969482422,34.779998779296875,35.599998474121094,3960600
2025-10-03,35.86000061035156,35.86000061035156,36.15999984741211,35.36000061035156,35.560001373291016,2657000
2025-10-06,36.0,36.0,36.52000045776367,35.849998474121094,35.880001068115234,3060900
2025-10-07,35.33000183105469,35.33000183105469,35.77000045776367,34.70000076293945,35.77000045776367,3543500
2025-10-08,36.130001068115234,36.130001068115234,36.41999816894531,35.209999084472656,35.4900016784668,3955900
2025-10-09,35.869998931884766,35.869998931884766,36.529998779296875,35.70000076293945,36.27000045776367,1653700
2025-10-10,33.709999084472656,33.709999084472656,36.029998779296875,33.56999969482422,35.880001068115234,11279600
2025-10-13,33.7599983215332,33.7599983215332,34.52000045776367,33.63999938964844,34.0099983215332,3726600
2025-10-14,32.959999084472656,32.959999084472656,33.7599983215332,32.7400016784668,33.68000030517578,3921900
2025-10-15,33.400001525878906,33.400001525878906,33.619998931884766,32.900001525878906,33.189998626708984,4084600
2025-10-16,32.619998931884766,32.619998931884766,33.33000183105469,32.56999969482422,33.15999984741211,3336500
2025-10-17,32.900001525878906,32.900001525878906,33.27000045776367,32.11000061035156,32.38999938964844,3275400
2025-10-20,33.040000915527344,33.040000915527344,33.5099983215332,32.7599983215332,32.900001525878906,2767600
2025-10-21,32.630001068115234,32.630001068115234,33.04999923706055,32.459999084472656,32.970001220703125,1872700
2025-10-22,32.36000061035156,32.36000061035156,32.75,32.029998779296875,32.75,1944800
2025-10-23,32.22999954223633,32.22999954223633,32.709999084472656,31.84000015258789,32.52000045776367,2709000
2025-10-24,32.43000030517578,32.43000030517578,32.86000061035156,32.09000015258789,32.40999984741211,2689600
2025-10-27,32.38999938964844,32.38999938964844,33.0,32.290000915527344,33.0,1796100
2025-10-28,32.119998931884766,32.119998931884766,32.790000915527344,31.920000076293945,32.279998779296875,2116000
2025-10-29,31.600000381469727,31.600000381469727,32.66999816894531,31.600000381469727,32.41999816894531,4430700
2025-10-30,31.56999969482422,31.56999969482422,32.18000030517578,31.25,31.510000228881836,4478300
2025-10-31,31.280000686645508,31.280000686645508,31.8700008392334,31.25,31.8700008392334,7899000
2025-11-03,30.399999618530273,30.399999618530273,31.690000534057617,30.200000762939453,31.43000030517578,5486700
2025-11-04,30.549999237060547,30.549999237060547,30.799999237060547,30.100000381469727,30.200000762939453,4153600
2025-11-05,31.600000381469727,31.600000381469727,31.68000030517578,30.34000015258789,30.549999237060547,6532200
2025-11-06,31.360000610351562,31.360000610351562,31.56999969482422,30.649999618530273,31.56999969482422,2675200
2025-11-07,31.06999969482422,31.06999969482422,31.649999618530273,30.6299991607666,31.280000686645508,3960000
2025-11-10,31.360000610351562,31.360000610351562,31.420000076293945,30.920000076293945,31.31999969482422,3368600
2025-11-11,31.579999923706055,31.579999923706055,31.829999923706055,31.18000030517578,31.360000610351562,8045800
2025-11-12,32.689998626708984,32.689998626708984,32.77000045776367,30.84000015258789,31.579999923706055,9718600
2025-11-13,18.889999389648438,18.889999389648438,22.5,16.75,22.5,123599300
2025-11-14,17.790000915527344,17.790000915527344,20.0,17.59000015258789,20.0,56062300
2025-11-17,18.0,18.0,19.06999969482422,17.739999771118164,18.030000686645508,17960000
2025-11-18,17.0,17.0,17.899999618530273,17.0,17.899999618530273,13165800
2025-11-19,17.34000015258789,17.34000015258789,17.459999084472656,17.030000686645508,17.059999465942383,11456100
2025-11-21,17.420000076293945,17.420000076293945,17.799999237060547,16.899999618530273,17.299999237060547,9345400
2025-11-24,17.1299991607666,17.1299991607666,17.770000457763672,17.030000686645508,17.420000076293945,6051300
2025-11-25,17.059999465942383,17.059999465942383,17.3799991607666,17.0,17.209999084472656,6320800
2025-11-26,15.84000015258789,15.84000015258789,17.239999771118164,15.84000015258789,17.149999618530273,16848200
2025-11-27,15.0,15.0,16.030000686645508,15.0,15.960000038146973,13753500
2025-11-28,14.100000381469727,14.100000381469727,15.100000381469727,14.09000015258789,15.0600004196167,14140000
2025-12-01,14.0600004196167,14.0600004196167,14.40999984741211,13.859999656677246,14.119999885559082,11754800
2025-12-02,14.600000381469727,14.600000381469727,14.760000228881836,14.010000228881836,14.15999984741211,13789900
2025-12-03,14.640000343322754,14.640000343322754,14.789999961853027,14.399999618530273,14.699999809265137,6622800
2025-12-04,15.550000190734863,15.550000190734863,15.550000190734863,14.710000038146973,14.75,9648300
2025-12-05,14.470000267028809,14.470000267028809,15.609999656677246,14.279999732971191,15.609999656677246,16383500
2025-12-08,13.600000381469727,13.600000381469727,14.789999961853027,13.600000381469727,14.789999961853027,8835100
2025-12-09,13.510000228881836,13.510000228881836,13.819999694824219,12.770000457763672,13.449999809265137,20124500
2025-12-10,13.479999542236328,13.479999542236328,13.779999732971191,13.369999885559082,13.5600004196167,6857600
2025-12-11,13.9399995803833,13.9399995803833,14.430000305175781,13.369999885559082,13.390000343322754,11219800
2025-12-12,14.699999809265137,14.699999809265137,14.949999809265137,13.930000305175781,14.0,11917700
2025-12-15,15.289999961853027,15.289999961853027,15.479999542236328,14.8100004196167,14.8100004196167,6938300
2025-12-16,14.470000267028809,14.470000267028809,15.199999809265137,14.3100004196167,15.109999656677246,6631800
2025-12-17,14.510000228881836,14.510000228881836,14.550000190734863,14.229999542236328,14.5,8674600
2025-12-18,14.229999542236328,14.229999542236328,14.550000190734863,14.15999984741211,14.539999961853027,4783500
2025-12-19,14.260000228881836,14.260000228881836,14.529999732971191,14.109999656677246,14.25,7307500
2025-12-22,14.0600004196167,14.0600004196167,14.520000457763672,14.0600004196167,14.25,5861900
2025-12-23,14.149999618530273,14.149999618530273,14.579999923706055,13.829999923706055,14.140000343322754,10791400
2025-12-26,14.550000190734863,14.550000190734863,14.550000190734863,14.020000457763672,14.100000381469727,6007100
2025-12-29,14.75,14.75,14.9399995803833,14.489999771118164,14.619999885559082,3901900
2025-12-30,14.729999542236328,14.729999542236328,15.0,14.550000190734863,14.890000343322754,5389700
2026-01-02,14.5600004196167,14.5600004196167,14.880000114440918,14.359999656677246,14.760000228881836,6999300
2026-01-05,15.170000076293945,15.170000076293945,15.25,14.279999732971191,14.529999732971191,5719700
2026-01-06,16.489999771118164,16.489999771118164,16.68000030517578,15.170000076293945,15.170000076293945,10048900
2026-01-07,16.139999389648438,16.139999389648438,16.6299991607666,16.049999237060547,16.489999771118164,3737500
2026-01-08,15.369999885559082,15.369999885559082,16.280000686645508,15.289999961853027,16.149999618530273,9929700
2026-01-09,15.25,15.25,15.960000038146973,15.229999542236328,15.420000076293945,6057000
2026-01-12,15.260000228881836,15.260000228881836,15.460000038146973,15.079999923706055,15.260000228881836,3445600
2026-01-13,13.979999542236328,13.979999542236328,15.270000457763672,13.800000190734863,15.270000457763672,19831500
2026-01-14,13.890000343322754,13.890000343322754,14.34000015258789,13.600000381469727,14.140000343322754,8697200
2026-01-15,13.25,13.25,14.029999732971191,13.149999618530273,13.890000343322754,10836400
2026-01-16,12.989999771118164,12.989999771118164,13.449999809265137,12.930000305175781,13.25,8085100
2026-01-19,13.489999771118164,13.489999771118164,13.65999984741211,12.850000381469727,13.0,5526000
2026-01-20,13.229999542236328,13.229999542236328,13.729999542236328,13.199999809265137,13.390000343322754,4942900
2026-01-21,13.880000114440918,13.880000114440918,13.970000267028809,13.359999656677246,13.449999809265137,6612700
2026-01-22,13.789999961853027,13.789999961853027,14.579999923706055,13.789999961853027,13.949999809265137,8526200
2026-01-23,13.739999771118164,13.739999771118164,13.979999542236328,13.399999618530273,13.829999923706055,10984200
2026-01-26,13.59000015258789,13.59000015258789,13.970000267028809,13.300000190734863,13.859999656677246,7056400
2026-01-27,13.869999885559082,13.869999885559082,14.09000015258789,13.670000076293945,13.760000228881836,10534400
2026-01-28,13.75,13.75,14.100000381469727,13.460000038146973,14.0,9108400
2026-01-29,13.430000305175781,13.430000305175781,13.90999984741211,13.180000305175781,13.8100004196167,10765800
2026-01-30,13.0,13.0,13.5,12.859999656677246,13.390000343322754,10069300
2026-02-02,12.739999771118164,12.739999771118164,13.079999923706055,12.699999809265137,13.079999923706055,9094900
2026-02-03,12.800000190734863,12.800000190734863,13.260000228881836,12.800000190734863,12.880000114440918,7672400
2026-02-04,12.460000038146973,12.460000038146973,12.819999694824219,12.260000228881836,12.779999732971191,9454300
2026-02-05,12.050000190734863,12.050000190734863,12.5,12.050000190734863,12.479999542236328,7913500
2026-02-06,11.770000457763672,11.770000457763672,11.989999771118164,11.6899995803833,11.9399995803833,12662400
2026-02-09,11.449999809265137,11.449999809265137,12.029999732971191,11.359999656677246,11.869999885559082,10680500
2026-02-10,11.329999923706055,11.329999923706055,11.739999771118164,11.3100004196167,11.470000267028809,6477700
2026-02-11,11.1899995803833,11.1899995803833,11.550000190734863,11.1899995803833,11.420000076293945,9248300
2026-02-12,10.720000267028809,10.720000267028809,11.359999656677246,10.699999809265137,11.25,12949000
2026-02-13,10.399999618530273,10.399999618530273,10.710000038146973,10.399999618530273,10.619999885559082,16223300
2026-02-18,10.119999885559082,10.119999885559082,10.5,10.0600004196167,10.479999542236328,12216800
2026-02-19,10.789999961853027,10.789999961853027,11.050000190734863,10.149999618530273,10.149999618530273,16322000
2026-02-20,10.5,10.5,11.039999961853027,10.359999656677246,10.699999809265137,14298100
2026-02-23,9.970000267028809,9.970000267028809,10.470000267028809,9.970000267028809,10.449999809265137,11413300
2026-02-24,10.489999771118164,10.489999771118164,10.489999771118164,10.079999923706055,10.130000114440918,11031900
2026-02-25,10.260000228881836,10.260000228881836,10.579999923706055,10.09000015258789,10.520000457763672,7566800
2026-02-26,10.75,10.75,11.180000305175781,10.300000190734863,10.300000190734863,15745500
2026-02-27,10.489999771118164,10.489999771118164,11.119999885559082,10.430000305175781,10.6899995803833,10395400
2026-03-02,10.359999656677246,10.359999656677246,10.420000076293945,10.199999809265137,10.359999656677246,8312700
2026-03-03,10.010000228881836,10.010000228881836,10.3100004196167,9.850000381469727,10.069999694824219,15973400
2026-03-04,9.960000038146973,9.960000038146973,10.359999656677246,9.949999809265137,10.180000305175781,12721700
2026-03-05,9.600000381469727,9.600000381469727,10.029999732971191,9.600000381469727,10.010000228881836,11196000
2026-03-06,9.579999923706055,9.579999923706055,9.899999618530273,9.449999809265137,9.520000457763672,7678000
2026-03-09,9.420000076293945,9.420000076293945,9.569999694824219,9.300000190734863,9.510000228881836,7587800
2026-03-10,9.520000457763672,9.520000457763672,9.760000228881836,9.350000381469727,9.529999732971191,6731700
2026-03-11,9.579999923706055,9.579999923706055,9.609999656677246,9.380000114440918,9.40999984741211,6136800
2026-03-12,9.239999771118164,9.239999771118164,9.59000015258789,9.210000038146973,9.40999984741211,7553600
2026-03-13,8.670000076293945,8.670000076293945,9.430000305175781,8.670000076293945,9.270000457763672,16057300
2026-03-16,8.880000114440918,8.880000114440918,8.960000038146973,8.539999961853027,8.800000190734863,14789000
2026-03-17,8.619999885559082,8.619999885559082,8.949999809265137,8.609999656677246,8.819999694824219,11210100
2026-03-18,8.210000038146973,8.210000038146973,8.539999961853027,8.109999656677246,8.539999961853027,14318200
2026-03-19,9.4399995803833,9.4399995803833,9.729999542236328,7.0,7.0,57746500
2026-03-20,8.960000038146973,8.960000038146973,9.399999618530273,8.5600004196167,9.199999809265137,24453000
2026-03-23,9.4399995803833,9.4399995803833,9.970000267028809,9.239999771118164,9.5,13393300
2026-03-24,9.600000381469727,9.600000381469727,9.75,8.989999771118164,9.399999618530273,8228800
2026-03-25,10.050000190734863,10.050000190734863,10.220000267028809,9.510000228881836,9.720000267028809,14788000
2026-03-26,9.9399995803833,9.9399995803833,10.229999542236328,9.789999961853027,9.829999923706055,6536700
2026-03-27,9.6899995803833,9.6899995803833,10.0,9.319999694824219,9.800000190734863,9452300
2026-03-30,9.930000305175781,9.930000305175781,9.9399995803833,9.4399995803833,9.890000343322754,7941800
2026-03-31,10.100000381469727,10.100000381469727,10.449999809265137,9.90999984741211,10.09000015258789,7234600
2026-04-01,10.479999542236328,10.479999542236328,10.550000190734863,10.0,10.100000381469727,9931900
2026-04-02,10.619999885559082,10.619999885559082,11.149999618530273,10.050000190734863,10.25,12270900
2026-04-06,10.680000305175781,10.680000305175781,11.350000381469727,10.619999885559082,10.75,11550000
2026-04-07,10.260000228881836,10.260000228881836,10.800000190734863,9.899999618530273,10.770000457763672,32723700
2026-04-08,11.1899995803833,11.1899995803833,12.039999961853027,11.1899995803833,11.75,15401400
2026-04-09,11.720000267028809,11.720000267028809,11.9399995803833,10.84000015258789,11.140000343322754,10325100
2026-04-10,13.25,13.25,13.380000114440918,11.84000015258789,11.850000381469727,21736700
2026-04-13,13.069999694824219,13.069999694824219,13.489999771118164,13.0,13.220000267028809,9385800
2026-04-14,13.050000190734863,13.050000190734863,13.289999961853027,12.800000190734863,13.199999809265137,7090200
2026-04-15,12.649999618530273,12.649999618530273,13.050000190734863,12.149999618530273,13.050000190734863,10972400
2026-04-16,12.350000381469727,12.350000381469727,13.050000190734863,12.25,12.649999618530273,8974400
2026-04-17,12.229999542236328,12.229999542236328,12.949999809265137,12.229999542236328,12.710000038146973,4639100
2026-04-20,12.380000114440918,12.380000114440918,12.579999923706055,12.069999694824219,12.109999656677246,3864500
2026-04-22,12.649999618530273,12.649999618530273,12.779999732971191,12.220000267028809,12.380000114440918,4273100
2026-04-23,13.300000190734863,13.300000190734863,13.3100004196167,12.510000228881836,12.75,12918300
2026-04-24,14.09000015258789,14.09000015258789,14.170000076293945,13.300000190734863,13.420000076293945,14048500
2026-04-27,13.149999618530273,13.149999618530273,14.199999809265137,13.100000381469727,14.199999809265137,21500100
2026-04-28,12.039999961853027,12.039999961853027,13.069999694824219,11.920000076293945,13.050000190734863,14379200
2026-04-29,11.75,11.75,12.15999984741211,11.569999694824219,11.8100004196167,5019300
2026-04-30,12.390000343322754,12.390000343322754,12.84000015258789,11.510000228881836,11.84000015258789,13349700
2026-05-04,11.5,11.5,12.800000190734863,11.229999542236328,12.430000305175781,12213500
2026-05-05,11.710000038146973,11.710000038146973,12.289999961853027,10.989999771118164,11.6899995803833,13193000
2026-05-06,11.90999984741211,11.90999984741211,12.399999618530273,11.779999732971191,12.050000190734863,5665900
2026-05-07,11.850000381469727,11.850000381469727,12.300000190734863,11.760000228881836,11.899999618530273,10003200
2026-05-08,11.8100004196167,11.8100004196167,12.670000076293945,11.770000457763672,12.0,7118100
2026-05-11,11.4399995803833,11.4399995803833,12.039999961853027,11.25,11.8100004196167,8669400
2026-05-12,12.5,12.5,13.229999542236328,11.90999984741211,12.300000190734863,25945600
2026-05-13,12.739999771118164,12.739999771118164,14.420000076293945,12.239999771118164,12.829999923706055,23108900
2026-05-14,13.260000228881836,13.260000228881836,13.579999923706055,12.609999656677246,13.039999961853027,11417000
2026-05-15,12.449999809265137,12.449999809265137,13.149999618530273,12.359999656677246,12.949999809265137,11781200
2026-05-18,12.829999923706055,12.829999923706055,12.970000267028809,12.420000076293945,12.510000228881836,12484100
2026-05-19,12.710000038146973,12.710000038146973,13.0,12.229999542236328,12.5,9144300
2026-05-20,13.270000457763672,13.270000457763672,13.4399995803833,12.8100004196167,12.850000381469727,6539700
2026-05-21,12.34000015258789,12.34000015258789,13.199999809265137,12.34000015258789,13.199999809265137,12758700
2026-05-22,12.050000190734863,12.050000190734863,12.640000343322754,11.710000038146973,12.460000038146973,10072600
2026-05-25,12.399999618530273,12.399999618530273,12.550000190734863,12.180000305175781,12.34000015258789,4208000
2026-05-26,12.600000381469727,12.600000381469727,12.600000381469727,12.029999732971191,12.399999618530273,5559000
2026-05-27,12.399999618530273,12.399999618530273,13.039999961853027,12.319999694824219,12.729999542236328,6347000
2026-05-28,12.479999542236328,12.479999542236328,12.789999961853027,12.3100004196167,12.5,6396900
2026-05-29,12.149999618530273,12.149999618530273,12.529999732971191,11.84000015258789,12.5,11154200
2026-06-01,12.199999809265137,12.199999809265137,12.420000076293945,11.899999618530273,12.239999771118164,5171700
2026-06-02,12.229999542236328,12.229999542236328,12.430000305175781,12.069999694824219,12.229999542236328,4549600
2026-06-03,11.220000267028809,11.220000267028809,12.0600004196167,11.0600004196167,11.979999542236328,14470800
2026-06-05,10.9399995803833,10.9399995803833,11.390000343322754,10.9399995803833,11.180000305175781,5674200
2026-06-08,10.890000343322754,10.890000343322754,11.229999542236328,10.8100004196167,10.899999618530273,4300600
2026-06-09,11.380000114440918,11.380000114440918,11.529999732971191,10.899999618530273,10.899999618530273,5806400
2026-06-10,11.40999984741211,11.40999984741211,11.470000267028809,11.119999885559082,11.470000267028809,4382400
2026-06-11,11.59000015258789,11.59000015258789,11.789999961853027,11.079999923706055,11.420000076293945,5654500
2026-06-12,11.399999618530273,11.399999618530273,11.930000305175781,11.260000228881836,11.520000457763672,5237100
2026-06-15,11.420000076293945,11.420000076293945,12.220000267028809,11.329999923706055,11.859999656677246,8720200
2026-06-16,11.210000038146973,11.210000038146973,11.470000267028809,11.210000038146973,11.34000015258789,4429100
2026-06-17,10.579999923706055,10.579999923706055,11.369999885559082,10.520000457763672,11.239999771118164,8940000
2026-06-18,10.579999923706055,10.579999923706055,11.020000457763672,10.420000076293945,10.470000267028809,4530400
2026-06-19,10.3100004196167,10.3100004196167,10.699999809265137,10.3100004196167,10.649999618530273,5822100
2026-06-22,10.609999656677246,10.609999656677246,10.789999961853027,10.329999923706055,10.430000305175781,5396100
2026-06-23,10.279999732971191,10.279999732971191,10.720000267028809,10.1899995803833,10.489999771118164,6092200
2026-06-24,10.170000076293945,10.170000076293945,10.529999732971191,10.149999618530273,10.220000267028809,3968200
2026-06-25,10.119999885559082,10.119999885559082,10.420000076293945,10.029999732971191,10.260000228881836,4593400
2026-06-26,10.239999771118164,10.239999771118164,10.380000114440918,9.9399995803833,10.15999984741211,3241900
