Price,Adj Close,Close,High,Low,Open,Volume
Ticker,SLCE3.SA,SLCE3.SA,SLCE3.SA,SLCE3.SA,SLCE3.SA,SLCE3.SA
Date,,,,,,
2021-06-28,14.069093704223633,17.976123809814453,18.01652717590332,17.51331329345703,17.649219512939453,2645453
2021-06-29,14.161087036132812,18.09366226196289,18.137741088867188,17.8365478515625,17.972450256347656,1938692
2021-06-30,14.753286361694336,18.85032081604004,19.05234146118164,17.674930572509766,18.09366226196289,7120698
2021-07-01,14.948772430419922,19.1000919342041,19.265380859375,18.74380111694336,18.909090042114258,4898049
2021-07-02,14.805034637451172,18.91643714904785,19.31313133239746,18.887052536010742,19.1000919342041,2155131
2021-07-05,15.489227294921875,19.790632247924805,19.9595947265625,18.92011070251465,19.048667907714844,3375355
2021-07-06,14.977519989013672,19.136821746826172,19.790632247924805,18.813589096069336,19.636362075805664,3099838
2021-07-07,14.451437950134277,18.464645385742188,19.31313133239746,18.280990600585938,19.280073165893555,3411564
2021-07-08,14.02309799194336,17.917354583740234,18.26262664794922,17.546371459960938,18.255279541015625,4050263
2021-07-12,13.715499877929688,17.524333953857422,18.075298309326172,17.16069793701172,18.0018367767334,6718857
2021-07-13,13.807490348815918,17.64187240600586,17.82552719116211,17.388429641723633,17.494949340820312,2740196
2021-07-14,13.571760177612305,17.340679168701172,17.803489685058594,17.337005615234375,17.803489685058594,3810138
2021-07-15,13.600509643554688,17.377410888671875,17.575756072998047,17.0615234375,17.340679168701172,4193466
2021-07-16,13.612007141113281,17.392101287841797,17.649219512939453,17.2672176361084,17.472909927368164,2050859
2021-07-19,12.893318176269531,16.47382926940918,17.300275802612305,16.38567352294922,17.27456283569336,6874312
2021-07-20,13.433772087097168,17.164369583129883,17.237831115722656,16.433425903320312,16.708906173706055,5251158
2021-07-21,13.209539413452148,16.87786865234375,17.164369583129883,16.72359848022461,17.164369583129883,3490245
2021-07-22,13.232537269592285,16.90725326538086,17.05417823791504,16.72359848022461,16.87786865234375,2335632
2021-07-23,13.212414741516113,16.881542205810547,17.039485931396484,16.75298309326172,16.951330184936523,1824075
2021-07-26,13.120423316955566,16.76400375366211,16.8962345123291,16.433425903320312,16.87052345275879,2917975
2021-07-27,13.011181831359863,16.624425888061523,17.2635440826416,16.55830955505371,16.77134895324707,3178518
2021-07-28,13.258411407470703,16.940311431884766,17.190082550048828,16.730945587158203,16.786041259765625,1828158
2021-07-29,13.264161109924316,16.94765853881836,17.08356285095215,16.749311447143555,16.951330184936523,2237350
2021-07-30,12.936437606811523,16.5289249420166,16.910926818847656,16.132230758666992,16.863176345825195,2974059
2021-08-02,13.152045249938965,16.804407119750977,16.958677291870117,16.488521575927734,16.59871482849121,3555585
2021-08-03,13.065801620483398,16.6942138671875,16.852157592773438,16.326904296875,16.804407119750977,3778285
2021-08-04,12.519596099853516,15.996326446533203,16.690540313720703,15.95592212677002,16.690540313720703,5451261
2021-08-05,12.49372386932373,15.963269233703613,16.293846130371094,15.875114440917969,16.073461532592773,2694186
2021-08-06,12.283866882324219,15.695133209228516,16.187326431274414,15.684112548828125,15.937557220458984,2829494
2021-08-09,12.433355331420898,15.886134147644043,16.095500946044922,15.676767349243164,15.676767349243164,2989577
2021-08-10,12.375858306884766,15.812671661376953,16.1616153717041,15.790633201599121,15.904499053955078,2198418
2021-08-11,12.519596099853516,15.996326446533203,16.227731704711914,15.73921012878418,15.871440887451172,2977870
2021-08-12,12.505223274230957,15.977960586547852,16.14324951171875,15.779614448547363,15.996326446533203,3225345
2021-08-13,12.476475715637207,15.941229820251465,16.34894371032715,15.919191360473633,16.1616153717041,4021132
2021-08-16,12.303988456726074,15.720844268798828,15.92286491394043,15.63636302947998,15.92286491394043,3106372
2021-08-17,11.953269958496094,15.272727012634277,15.761247634887695,14.956841468811035,15.74288272857666,4610826
2021-08-18,11.993515968322754,15.324150085449219,15.640035629272461,15.059686660766602,15.18824577331543,2879860
2021-08-19,12.232121467590332,15.629016876220703,15.731863975524902,14.82460880279541,15.166207313537598,2297517
2021-08-20,12.122879981994629,15.489439010620117,15.647381782531738,15.151515007019043,15.573921203613281,3235146
2021-08-23,12.163125991821289,15.540863037109375,15.977960586547852,15.460055351257324,15.48209285736084,2456511
2021-08-24,12.295365333557129,15.709824562072754,15.88245964050293,15.6326904296875,15.775940895080566,1821352
2021-08-25,12.194748878479004,15.581267356872559,15.867768287658691,15.55555534362793,15.720844268798828,1942776
2021-08-26,11.872775077819824,15.169879913330078,15.647381782531738,15.151515007019043,15.599632263183594,3728191
2021-08-27,12.0021390914917,15.335168838500977,15.386592864990234,14.534435272216797,15.243342399597168,5079096
2021-08-30,12.08838176727295,15.445362091064453,15.801651954650879,15.250687599182129,15.335168838500977,3579270
2021-08-31,11.711788177490234,14.964186668395996,15.489439010620117,14.876032829284668,15.445362091064453,3506580
2021-09-01,13.281410217285156,16.969696044921875,17.34435272216797,15.977960586547852,15.985306739807129,17238325
2021-09-02,12.807074546813965,16.363636016845703,16.8962345123291,16.088153839111328,16.8962345123291,7318624
2021-09-03,12.735204696655273,16.271808624267578,16.455463409423828,16.05876922607422,16.304866790771484,6641266
2021-09-06,12.936437606811523,16.5289249420166,16.78236961364746,16.117538452148438,16.235078811645508,2136618
2021-09-08,12.611589431762695,16.11386489868164,16.591367721557617,15.812671661376953,16.55096435546875,4629066
2021-09-09,12.991060256958008,16.59871482849121,16.64646339416504,15.80532455444336,16.099172592163086,2966436
2021-09-10,12.821447372436523,16.382001876831055,16.80073356628418,16.286500930786133,16.679521560668945,2346250
2021-09-13,12.75245189666748,16.293846130371094,16.74196434020996,16.1652889251709,16.580347061157227,1950399
2021-09-14,12.66046142578125,16.176307678222656,16.72359848022461,16.17263412475586,16.326904296875,2503066
2021-09-15,12.683457374572754,16.205692291259766,16.661157608032227,16.179981231689453,16.22038459777832,3728191
2021-09-16,12.746703147888184,16.286500930786133,16.48117446899414,15.985306739807129,16.179981231689453,2792468
2021-09-17,12.617339134216309,16.121212005615234,16.29751968383789,15.445362091064453,16.224058151245117,5433293
2021-09-20,12.08838176727295,15.445362091064453,16.4921932220459,15.155187606811523,16.4921932220459,3344591
2021-09-21,12.045262336730957,15.390266418457031,15.66207504272461,15.199264526367188,15.526169776916504,1916367
2021-09-22,12.197623252868652,15.584939956665039,15.886134147644043,15.449034690856934,15.606978416442871,1644662
2021-09-23,12.278116226196289,15.687786102294922,16.02938461303711,15.471074104309082,15.584939956665039,1454359
2021-09-24,12.26374340057373,15.669421195983887,15.695133209228516,15.368227005004883,15.485766410827637,1719531
2021-09-27,12.163125991821289,15.540863037109375,15.764921188354492,15.438015937805176,15.438015937805176,2692824
2021-09-28,11.832528114318848,15.118456840515137,15.515151023864746,15.059686660766602,15.463727951049805,2397161
2021-09-29,12.272366523742676,15.680439949035645,15.680439949035645,15.125802993774414,15.133149147033691,3763311
2021-09-30,13.10892391204834,16.749311447143555,17.134986877441406,15.720844268798828,15.720844268798828,7221703
2021-10-01,13.258411407470703,16.940311431884766,17.37006378173828,16.37465476989746,16.951330184936523,7581618
2021-10-04,13.612007141113281,17.392101287841797,17.520660400390625,16.76400375366211,16.9366397857666,5054865
2021-10-05,13.100299835205078,16.738292694091797,17.42148780822754,16.68686866760254,17.42148780822754,3595605
2021-10-06,13.425148010253906,17.153350830078125,17.212120056152344,16.176307678222656,16.55096435546875,5312414
2021-10-07,13.476892471313477,17.219467163085938,17.483930587768555,16.9366397857666,17.201101303100586,3229974
2021-10-08,13.646504402160645,17.43617820739746,17.807161331176758,17.087234497070312,17.392101287841797,4086744
2021-10-11,14.15821361541748,18.089990615844727,18.284664154052734,17.414140701293945,17.432506561279297,5531847
2021-10-13,13.942605972290039,17.81450843811035,18.350780487060547,17.71900749206543,18.089990615844727,3810138
2021-10-14,14.086344718933105,17.9981632232666,18.03856658935547,17.71900749206543,17.821853637695312,3238141
2021-10-15,13.913856506347656,17.77777671813965,18.119375228881836,17.71900749206543,18.005508422851562,3368004
2021-10-18,14.014473915100098,17.906335830688477,18.137741088867188,17.656564712524414,17.77410316467285,3671835
2021-10-19,13.810367584228516,17.645545959472656,18.15610694885254,17.524333953857422,17.990816116333008,3426266
2021-10-20,13.709750175476074,17.51698875427246,17.910009384155273,17.333332061767578,17.910009384155273,2889933
2021-10-21,13.281410217285156,16.969696044921875,17.2635440826416,16.55096435546875,16.98438835144043,3169806
2021-10-22,13.310158729553223,17.006427764892578,17.234159469604492,15.952248573303223,16.910926818847656,6311571
2021-10-25,13.50564193725586,17.25619888305664,17.469236373901367,16.9366397857666,17.006427764892578,3122979
2021-10-26,12.956562995910645,16.554637908935547,17.219467163085938,16.378328323364258,17.087234497070312,3062812
2021-10-27,12.542594909667969,16.025711059570312,16.78236961364746,15.867768287658691,16.708906173706055,5163493
2021-10-28,12.502347946166992,15.974287986755371,16.271808624267578,15.720844268798828,16.154268264770508,3929112
2021-10-29,12.528221130371094,16.00734519958496,16.326904296875,15.764921188354492,15.974287986755371,3842264
2021-11-01,12.38448429107666,15.823691368103027,16.3673095703125,15.581267356872559,16.26078987121582,3063629
2021-11-03,12.81569766998291,16.37465476989746,16.561983108520508,15.66207504272461,15.728191375732422,4093551
2021-11-04,12.867444038391113,16.440771102905273,16.730945587158203,16.091827392578125,16.418731689453125,2448888
2021-11-05,13.100299835205078,16.738292694091797,16.87786865234375,16.3673095703125,16.561983108520508,2020639
2021-11-08,13.770119667053223,17.59412384033203,17.656564712524414,16.60973358154297,16.62809944152832,4274325
2021-11-09,13.827613830566406,17.667583465576172,17.884296417236328,17.45087242126465,17.6345272064209,2589914
2021-11-10,13.818989753723145,17.656564712524414,17.68962287902832,17.417814254760742,17.6308536529541,2495443
2021-11-11,13.790243148803711,17.619834899902344,17.803489685058594,17.30394744873047,17.803489685058594,3939457
2021-11-12,13.203792572021484,16.87052345275879,17.74839210510254,16.84113883972168,17.59412384033203,3422727
2021-11-16,12.522472381591797,16.0,16.888887405395508,15.87878704071045,16.87786865234375,4365801
2021-11-17,12.068260192871094,15.41965103149414,16.168962478637695,15.258033752441406,16.091827392578125,3821301
2021-11-18,11.864151000976562,15.15886116027832,15.548209190368652,15.067032814025879,15.401285171508789,3188047
2021-11-19,11.717536926269531,14.971532821655273,15.371899604797363,14.8356294631958,15.151515007019043,2413224
2021-11-22,11.700288772583008,14.949494361877441,15.29476547241211,14.853994369506836,14.956841468811035,2360679
2021-11-23,11.700288772583008,14.949494361877441,15.08172607421875,14.541781425476074,15.08172607421875,3035587
2021-11-24,11.95901870727539,15.280073165893555,15.331496238708496,14.721762657165527,14.8980712890625,3403397
2021-11-25,12.237870216369629,15.63636302947998,15.856748580932617,15.14416790008545,15.280073165893555,2981954
2021-11-26,11.700288772583008,14.949494361877441,15.371899604797363,14.74747371673584,15.23599624633789,2477202
2021-11-29,11.757784843444824,15.022955894470215,15.254361152648926,14.909090042114258,15.133149147033691,1832787
2021-11-30,11.033345222473145,14.097336769104004,14.953167915344238,13.880623817443848,14.953167915344238,7779271
2021-12-01,10.648125648498535,13.605141639709473,14.24425983428955,13.461891174316406,14.141413688659668,6689999
2021-12-02,10.745866775512695,13.730027198791504,14.01285457611084,13.564738273620605,13.605141639709473,3479627
2021-12-03,10.846485137939453,13.858585357666016,14.26997184753418,13.737373352050781,13.777776718139648,3963415
2021-12-06,11.013219833374023,14.071624755859375,14.262625694274902,13.876951217651367,13.887969970703125,1767174
2021-12-07,11.156959533691406,14.255279541015625,14.574838638305664,14.148759841918945,14.292011260986328,2392533
2021-12-08,11.361068725585938,14.516069412231445,14.655647277832031,14.214876174926758,14.258953094482422,2296701
2021-12-09,11.211578369140625,14.325068473815918,14.446279525756836,14.218548774719238,14.438934326171875,1826253
2021-12-10,11.096589088439941,14.178145408630371,14.534435272216797,14.064278602600098,14.387511253356934,1244182
2021-12-13,11.156959533691406,14.255279541015625,14.435260772705078,14.104682922363281,14.170798301696777,1699929
2021-12-14,11.185708045959473,14.292011260986328,14.589530944824219,14.08264446258545,14.295683860778809,2235717
2021-12-15,10.970099449157715,14.016528129577637,14.53076171875,13.847565650939941,14.328741073608398,2997744
2021-12-16,11.024720191955566,14.08631706237793,14.358125686645508,13.994489669799805,14.104682922363281,3276801
2021-12-17,10.961475372314453,14.005509376525879,14.123047828674316,13.61248779296875,13.932046890258789,3351669
2021-12-20,10.774616241455078,13.76675796508789,14.1634521484375,13.641873359680176,13.913681983947754,3191859
2021-12-21,11.225953102111816,14.34343433380127,14.600549697875977,13.836546897888184,13.921028137207031,3645427
2021-12-22,11.89002513885498,15.191919326782227,15.258033752441406,14.358125686645508,14.398530006408691,5621690
2021-12-23,11.806655883789062,15.08539867401123,15.581267356872559,15.022955894470215,15.283745765686035,2624490
2021-12-27,12.168877601623535,15.548209190368652,15.55555534362793,15.044995307922363,15.08172607421875,3215817
2021-12-28,12.519596099853516,15.996326446533203,16.022037506103516,15.357208251953125,15.595958709716797,2850729
2021-12-29,12.749578475952148,16.29017448425293,16.312213897705078,15.757575035095215,16.011018753051758,2470124
2021-12-30,12.945061683654785,16.53994369506836,16.837465286254883,16.224058151245117,16.370981216430664,5480392
2022-01-03,13.151758193969727,16.804040908813477,17.010101318359375,16.173736572265625,16.92525291442871,4474305
2022-01-04,12.999972343444824,16.6101016998291,17.151514053344727,16.565656661987305,16.804040908813477,5067315
2022-01-05,12.94937515258789,16.545454025268555,17.175756454467773,16.456565856933594,16.626262664794922,5354415
2022-01-06,13.660879135131836,17.454544067382812,17.62828254699707,16.35151481628418,16.5696964263916,7012170
2022-01-07,13.594470024108887,17.36969566345215,17.71717071533203,17.288888931274414,17.50303077697754,3491482
2022-01-10,13.828475952148438,17.668685913085938,17.850505828857422,17.31313133239746,17.3898983001709,3252150
2022-01-11,13.815827369689941,17.652524948120117,17.830303192138672,17.34949493408203,17.656564712524414,2631172
2022-01-12,14.271190643310547,18.234342575073242,18.399999618530273,17.624242782592773,17.624242782592773,3341002
2022-01-13,14.290163040161133,18.25858497619629,18.379796981811523,18.028282165527344,18.379796981811523,2905897
2022-01-14,14.530495643615723,18.565656661987305,18.83232307434082,18.133333206176758,18.137372970581055,3495195
2022-01-17,14.16683578491211,18.101009368896484,18.727272033691406,18.064645767211914,18.606060028076172,2754675
2022-01-18,14.404004096984863,18.40403938293457,18.537372589111328,17.866666793823242,18.02020263671875,2189880
2022-01-19,14.821420669555664,18.9373722076416,19.333332061767578,18.492929458618164,18.49696922302246,5978610
2022-01-20,14.619037628173828,18.678787231445312,19.175756454467773,18.488887786865234,19.014141082763672,3481087
2022-01-21,14.340761184692383,18.323232650756836,18.872726440429688,18.218181610107422,18.606060028076172,1913917
2022-01-24,14.26486587524414,18.226261138916016,18.488887786865234,17.971717834472656,18.193939208984375,3662010
2022-01-25,14.574767112731934,18.622222900390625,18.67070770263672,18.27878761291504,18.298988342285156,2460397
2022-01-26,14.581090927124023,18.63030242919922,19.078786849975586,18.59393882751465,18.674747467041016,2417085
2022-01-27,14.40084171295166,18.399999618530273,18.81212043762207,18.101009368896484,18.771717071533203,4026825
2022-01-28,14.483063697814941,18.505050659179688,18.698989868164062,18.096969604492188,18.33131217956543,2331450
2022-01-31,14.539981842041016,18.577777862548828,18.9373722076416,18.290908813476562,18.521211624145508,2436637
2022-02-01,14.849882125854492,18.973737716674805,19.143434524536133,18.5292911529541,18.66666603088379,3789720
2022-02-02,14.859369277954102,18.985858917236328,19.17979621887207,18.83232307434082,18.99797821044922,3367485
2022-02-03,14.884666442871094,19.01818084716797,19.17979621887207,18.83232307434082,18.989898681640625,2139390
2022-02-04,14.982696533203125,19.143434524536133,19.531312942504883,18.654544830322266,19.030302047729492,5424705
2022-02-07,15.336865425109863,19.595958709716797,20.044443130493164,19.078786849975586,19.17979621887207,4586175
2022-02-08,15.147132873535156,19.353534698486328,19.5919189453125,18.965656280517578,19.5919189453125,2495295
2022-02-09,15.245159149169922,19.47878646850586,19.89090919494629,19.27676773071289,19.393938064575195,5460840
2022-02-10,15.412760734558105,19.692928314208984,20.01616096496582,19.490909576416016,19.563636779785156,4585185
2022-02-11,15.093375205993652,19.284847259521484,19.785858154296875,19.098989486694336,19.785858154296875,3116272
2022-02-14,15.295759201049805,19.543434143066406,19.99595832824707,19.27272605895996,19.280807495117188,3110827
2022-02-15,14.558955192565918,18.602020263671875,19.61212158203125,18.436363220214844,19.61212158203125,6440692
2022-02-16,14.343921661376953,18.327272415161133,18.73939323425293,18.173736572265625,18.602020263671875,4389412
2022-02-17,14.249055862426758,18.2060604095459,18.464645385742188,17.878786087036133,18.246463775634766,2603452
2022-02-18,13.78736686706543,17.616161346435547,18.436363220214844,17.47878646850586,18.282827377319336,4087462
2022-02-21,13.860097885131836,17.709089279174805,18.096969604492188,17.397979736328125,17.40605926513672,2105730
2022-02-22,13.809502601623535,17.64444351196289,18.0,17.454544067382812,17.77777671813965,2964060
2022-02-23,13.717798233032227,17.527271270751953,17.85454559326172,17.527271270751953,17.676767349243164,1624590
2022-02-24,14.302812576293945,18.274747848510742,18.844444274902344,17.575756072998047,17.575756072998047,7026277
2022-02-25,13.904370307922363,17.765655517578125,18.484848022460938,17.442424774169922,18.420202255249023,5610577
2022-03-02,15.147132873535156,19.353534698486328,19.624242782592773,17.842424392700195,17.842424392700195,9085972
2022-03-03,15.842827796936035,20.24242401123047,20.55353546142578,19.280807495117188,19.393938064575195,14026072
2022-03-04,16.083154678344727,20.54949378967285,20.606060028076172,20.12525177001953,20.488887786865234,8246205
2022-03-07,16.946447372436523,21.652524948120117,21.741413116455078,20.432323455810547,20.597978591918945,14099580
2022-03-08,16.525869369506836,21.115150451660156,22.03636360168457,20.715150833129883,21.70100975036621,9114187
2022-03-09,15.868123054504395,20.274747848510742,21.61212158203125,19.987878799438477,21.13131332397461,8678340
2022-03-10,15.991449356079102,20.432323455810547,20.54949378967285,19.64444351196289,20.2060604095459,5006677
2022-03-11,16.39937973022461,20.953535079956055,21.333332061767578,20.464645385742188,20.5737361907959,5499945
2022-03-14,15.991449356079102,20.432323455810547,20.949493408203125,20.246463775634766,20.949493408203125,2518065
2022-03-15,15.861798286437988,20.266666412353516,20.557575225830078,20.121212005615234,20.24242401123047,4187205
2022-03-16,15.444384574890137,19.733333587646484,20.64646339416504,19.51515007019043,20.55353546142578,5494005
2022-03-17,15.13132095336914,19.333332061767578,19.94343376159668,19.123231887817383,19.733333587646484,4662405
2022-03-18,15.150294303894043,19.357574462890625,19.983837127685547,18.989898681640625,19.442424774169922,7521277
2022-03-21,15.425408363342285,19.709089279174805,19.81414031982422,19.31313133239746,19.5919189453125,4480740
2022-03-22,15.479166030883789,19.77777671813965,20.27878761291504,19.40605926513672,19.903030395507812,3553110
2022-03-23,15.536087036132812,19.850505828857422,20.1656551361084,19.656564712524414,19.806060791015625,7950442
2022-03-24,15.40327262878418,19.68080711364746,20.36767578125,19.563636779785156,19.919191360473633,6766402
2022-03-25,14.799283981323242,18.909090042114258,19.94343376159668,18.860605239868164,19.692928314208984,5261107
2022-03-28,14.818259239196777,18.933332443237305,19.543434143066406,18.820201873779297,19.050504684448242,5097510
2022-03-29,14.982696533203125,19.143434524536133,19.44646453857422,18.896968841552734,19.103029251098633,4042665
2022-03-30,15.46335506439209,19.7575740814209,19.931312561035156,19.208080291748047,19.393938064575195,5245762
2022-03-31,15.747958183288574,20.121212005615234,20.218181610107422,19.438383102416992,19.7535343170166,5800410
2022-04-01,15.931366920471191,20.355554580688477,20.694948196411133,20.149494171142578,20.509090423583984,8506575
2022-04-04,15.763769149780273,20.141414642333984,20.47676658630371,19.62828254699707,20.363636016845703,5896687
2022-04-05,15.624631881713867,19.96363639831543,20.46060562133789,19.915151596069336,20.18181800842285,3617955
2022-04-06,15.551899909973145,19.87070655822754,20.129291534423828,19.50303077697754,19.955554962158203,2949210
2022-04-07,14.957396507263184,19.11111068725586,19.87070655822754,19.030302047729492,19.87070655822754,3722152
2022-04-08,15.245159149169922,19.47878646850586,19.878786087036133,19.09494972229004,19.155555725097656,2564347
2022-04-11,15.409595489501953,19.688888549804688,19.77777671813965,19.17979621887207,19.438383102416992,2505937
2022-04-12,15.216700553894043,19.442424774169922,19.975757598876953,19.434343338012695,19.810100555419922,2312145
2022-04-13,15.096536636352539,19.288888931274414,19.68484878540039,18.880807876586914,19.575756072998047,2115630
2022-04-14,15.216700553894043,19.442424774169922,19.66464614868164,19.212120056152344,19.317171096801758,1857982
2022-04-18,15.785904884338379,20.169696807861328,20.27878761291504,19.438383102416992,19.438383102416992,3703095
2022-04-19,15.823851585388184,20.218181610107422,20.68686866760254,20.133333206176758,20.133333206176758,4860157
2022-04-20,16.038883209228516,20.492929458618164,20.7757568359375,20.032323837280273,20.214141845703125,4566127
2022-04-22,15.830172538757324,20.226261138916016,20.46060562133789,19.882827758789062,20.355554580688477,3496185
2022-04-25,15.728985786437988,20.096969604492188,20.327272415161133,19.818180084228516,20.10909080505371,3424657
2022-04-26,16.838930130004883,21.51515007019043,21.652524948120117,20.266666412353516,20.266666412353516,8603842
2022-04-27,17.240535736083984,22.028282165527344,22.24242401123047,21.135353088378906,21.616161346435547,6342930
2022-04-28,17.379674911499023,22.2060604095459,22.464645385742188,21.91111183166504,22.14545440673828,3932032
2022-04-29,16.731414794921875,21.377777099609375,22.379796981811523,21.377777099609375,22.319190979003906,15531615
2022-05-02,16.938932418823242,20.65050506591797,20.72323226928711,19.878786087036133,20.682828903198242,4479007
2022-05-03,18.07239532470703,22.032323837280273,22.076766967773438,20.509090423583984,20.71919059753418,8637502
2022-05-04,17.863595962524414,21.77777671813965,22.5292911529541,21.55555534362793,22.044443130493164,6693390
2022-05-05,17.565319061279297,21.414140701293945,21.898988723754883,21.034343719482422,21.7575740814209,3590235
2022-05-06,17.522233963012695,21.361616134643555,21.51515007019043,20.602020263671875,21.341413497924805,2928915
2022-05-09,17.021787643432617,20.751514434814453,21.228282928466797,20.492929458618164,21.20404052734375,2642310
2022-05-10,16.958818435668945,20.674747467041016,21.058584213256836,20.169696807861328,20.993938446044922,5578897
2022-05-11,17.399606704711914,21.212120056152344,21.34949493408203,20.028282165527344,20.727272033691406,4577017
2022-05-12,17.114585876464844,20.864646911621094,21.806060791015625,20.064645767211914,21.806060791015625,6947820
2022-05-13,17.23058319091797,21.006059646606445,21.418180465698242,20.698989868164062,20.92525291442871,3516480
2022-05-16,18.165189743041992,22.14545440673828,22.230302810668945,20.84848403930664,20.96161651611328,6171412
2022-05-17,18.30107307434082,22.311111450195312,22.872726440429688,22.040403366088867,22.18585777282715,4146367
2022-05-18,17.52886199951172,21.36969566345215,22.59393882751465,21.216161727905273,22.25858497619629,6843375
2022-05-19,17.5620059967041,21.41010093688965,21.745454788208008,20.985858917236328,21.333332061767578,4690867
2022-05-20,17.605091094970703,21.46262550354004,21.672727584838867,21.078786849975586,21.616161346435547,2826697
2022-05-23,17.267040252685547,21.050504684448242,21.818180084228516,20.929292678833008,21.620201110839844,5426932
2022-05-24,17.830453872680664,21.73737335205078,21.749494552612305,20.606060028076172,20.804040908813477,3704827
2022-05-25,17.581890106201172,21.434343338012695,22.157575607299805,21.248483657836914,21.709089279174805,4731210
2022-05-26,17.963024139404297,21.898988723754883,21.97979736328125,21.29292869567871,21.458585739135742,3084592
2022-05-27,18.397186279296875,22.428281784057617,22.537372589111328,21.71717071533203,21.781818389892578,3376642
2022-05-30,18.393871307373047,22.42424201965332,22.727272033691406,22.137372970581055,22.327272415161133,3558802
2022-05-31,18.178447723388672,22.1616153717041,22.85252571105957,22.1616153717041,22.525251388549805,5515290
2022-06-01,18.443584442138672,22.484848022460938,22.820201873779297,21.919191360473633,22.153535842895508,4129785
2022-06-02,19.106422424316406,23.29292869567871,23.333332061767578,22.48080825805664,22.48080825805664,4293135
2022-06-03,18.718664169311523,22.820201873779297,23.27272605895996,22.557575225830078,23.27272605895996,2575732
2022-06-06,18.092275619506836,22.056564331054688,23.010101318359375,21.983837127685547,23.010101318359375,2872980
2022-06-07,17.618343353271484,21.47878646850586,22.10909080505371,21.458585739135742,21.92727279663086,3016035
2022-06-08,17.687944412231445,21.563636779785156,21.967676162719727,21.418180465698242,21.490909576416016,3702847
2022-06-09,17.63160514831543,21.494949340820312,21.7979793548584,21.353534698486328,21.543434143066406,2035687
2022-06-10,17.46257781982422,21.288888931274414,21.547473907470703,20.9373722076416,21.22020149230957,2502720
2022-06-13,17.048303604125977,20.783838272094727,21.13131332397461,20.654544830322266,20.99797821044922,2710867
2022-06-14,16.75333595275879,20.42424201965332,20.9777774810791,20.173736572265625,20.888887405395508,2644290
2022-06-15,17.233898162841797,21.010101318359375,21.16767692565918,20.606060028076172,20.64646339416504,3453862
2022-06-17,17.42943572998047,21.248483657836914,21.402019500732422,20.7757568359375,20.7757568359375,5082907
2022-06-20,17.078128814697266,20.820201873779297,21.301010131835938,20.6141414642334,21.195959091186523,3015540
2022-06-21,17.30681037902832,21.098989486694336,21.252525329589844,20.787878036499023,20.9373722076416,2720025
2022-06-22,16.189918518066406,19.73737335205078,20.985858917236328,19.543434143066406,20.88484764099121,6793627
2022-06-23,15.10948657989502,18.420202255249023,19.903030395507812,18.383838653564453,19.725252151489258,8149927
2022-06-24,14.847665786743164,18.101009368896484,18.654544830322266,17.92727279663086,18.58989715576172,7068847
2022-06-27,15.069718360900879,18.37171745300293,18.694948196411133,18.09292984008789,18.101009368896484,3667207
2022-06-28,15.0564603805542,18.355554580688477,18.836362838745117,18.24242401123047,18.581817626953125,3789720
2022-06-29,15.487310409545898,18.880807876586914,18.945453643798828,18.37171745300293,18.37171745300293,3857782
2022-06-30,14.62561321258545,17.830303192138672,18.783838272094727,17.789897918701172,18.74343490600586,6649830
2022-07-01,14.6355562210083,17.842424392700195,18.048484802246094,17.373737335205078,17.579797744750977,4969057
2022-07-04,14.751555442810059,17.983837127685547,18.141414642333984,17.563636779785156,17.77777671813965,2590830
2022-07-05,14.287561416625977,17.418180465698242,18.008079528808594,17.296968460083008,17.862625122070312,4010490
2022-07-06,14.403559684753418,17.559595108032227,17.676767349243164,17.248483657836914,17.3454532623291,3747150
2022-07-07,15.046518325805664,18.343433380126953,18.70302963256836,17.62828254699707,17.62828254699707,5495490
2022-07-08,15.132686614990234,18.448484420776367,18.5696964263916,18.080808639526367,18.464645385742188,2948467
2022-07-11,14.449958801269531,17.616161346435547,18.391918182373047,17.397979736328125,18.177776336669922,5199232
2022-07-12,13.555122375488281,16.525251388549805,17.58787727355957,16.509090423583984,17.511110305786133,6685965
2022-07-13,13.459010124206543,16.408079147338867,16.505050659179688,15.810100555419922,16.416160583496094,7482915
2022-07-14,13.217074394226074,16.113130569458008,16.678787231445312,16.10504913330078,16.2060604095459,4033755
2022-07-15,13.067933082580566,15.931312561035156,16.307069778442383,15.688887596130371,16.169696807861328,4444852
2022-07-18,13.637978553771973,16.626262664794922,16.929292678833008,15.947473526000977,16.076766967773438,4231755
2022-07-19,13.767232894897461,16.783838272094727,16.9777774810791,16.51717185974121,16.67070770263672,4010242
2022-07-20,13.946198463439941,17.00201988220215,17.062625885009766,16.55353546142578,16.74343490600586,2345062
2022-07-21,13.836831092834473,16.86868667602539,17.014141082763672,16.44444465637207,17.00201988220215,2470792
2022-07-22,14.035683631896973,17.11111068725586,17.377777099609375,16.654544830322266,16.75959587097168,4457970
2022-07-25,14.264364242553711,17.3898983001709,17.632322311401367,17.171716690063477,17.27272605895996,3878077
2022-07-26,14.383674621582031,17.53535270690918,17.73737335205078,17.27676773071289,17.381818771362305,2278237
2022-07-27,14.456587791442871,17.624242782592773,17.733333587646484,17.284847259521484,17.559595108032227,2290612
2022-07-28,14.396931648254395,17.551515579223633,17.89090919494629,17.373737335205078,17.600000381469727,2333182
2022-07-29,14.615669250488281,17.818180084228516,17.9595947265625,17.50303077697754,17.595958709716797,4511430
2022-08-01,13.886544227600098,16.929292678833008,17.769695281982422,16.896968841552734,17.765655517578125,5071522
2022-08-02,14.294191360473633,17.42626190185547,17.563636779785156,16.836362838745117,16.92525291442871,2611125
2022-08-03,14.115224838256836,17.208080291748047,17.60807991027832,17.159595489501953,17.44646453857422,3409065
2022-08-04,13.952829360961914,17.010101318359375,17.458585739135742,16.973737716674805,17.29292869567871,3578602
2022-08-05,14.068824768066406,17.151514053344727,17.494949340820312,17.010101318359375,17.010101318359375,3171960
2022-08-08,13.903114318847656,16.949493408203125,17.616161346435547,16.791919708251953,17.175756454467773,4408470
2022-08-09,14.161623001098633,17.264646530151367,17.264646530151367,16.86868667602539,17.058584213256836,7210912
2022-08-10,14.589156150817871,17.785858154296875,17.947473526000977,17.26060676574707,17.373737335205078,3844170
2022-08-11,14.599100112915039,17.7979793548584,18.375757217407227,17.692928314208984,17.97979736328125,4708440
2022-08-12,15.145943641662598,18.464645385742188,18.577777862548828,17.741413116455078,17.806060791015625,4272840
2022-08-15,14.605729103088379,17.806060791015625,18.452524185180664,17.69696807861328,18.24242401123047,4856197
2022-08-16,14.82446575164795,18.07272720336914,18.303030014038086,17.543434143066406,17.838382720947266,4750267
2022-08-17,15.076343536376953,18.379796981811523,18.557575225830078,17.810100555419922,18.032323837280273,6999052
2022-08-18,14.62561321258545,17.830303192138672,18.452524185180664,17.769695281982422,18.379796981811523,2854417
2022-08-19,14.304134368896484,17.438383102416992,17.765655517578125,17.317171096801758,17.765655517578125,3048457
2022-08-22,14.483101844787598,17.656564712524414,17.975757598876953,17.264646530151367,17.305049896240234,3177900
2022-08-23,15.102859497070312,18.412120819091797,18.47676658630371,17.579797744750977,17.579797744750977,4203540
2022-08-24,15.606619834899902,19.026262283325195,19.494949340820312,18.307069778442383,18.40403938293457,6916635
2022-08-25,15.871758460998535,19.34949493408203,19.4303035736084,18.909090042114258,19.030302047729492,4013955
2022-08-26,16.024208068847656,19.53535270690918,19.595958709716797,19.22020149230957,19.442424774169922,3467475
2022-08-29,16.077239990234375,19.600000381469727,19.97979736328125,19.418180465698242,19.53535270690918,2867040
2022-08-30,16.080549240112305,19.604040145874023,19.87070655822754,19.402019500732422,19.676767349243164,3459802
2022-08-31,16.107065200805664,19.636362075805664,19.935352325439453,19.470706939697266,19.765655517578125,2855160
2022-09-01,16.29928970336914,19.87070655822754,20.58989715576172,19.393938064575195,19.616161346435547,6003855
2022-09-02,16.107065200805664,19.636362075805664,20.080808639526367,19.4303035736084,20.048484802246094,3556575
2022-09-05,16.31917381286621,19.894948959350586,20.084848403930664,19.55555534362793,19.931312561035156,3090037
2022-09-06,16.123634338378906,19.656564712524414,20.028282165527344,19.595958709716797,19.830303192138672,1960447
2022-09-08,15.619874954223633,19.042423248291016,19.7575740814209,18.856565475463867,19.7575740814209,5435100
2022-09-09,16.107065200805664,19.636362075805664,19.745454788208008,19.171716690063477,19.175756454467773,2624490
2022-09-12,16.120325088500977,19.652524948120117,19.987878799438477,19.333332061767578,19.894948959350586,4259227
2022-09-13,15.34148120880127,18.70302963256836,19.652524948120117,18.63030242919922,19.434343338012695,3517717
2022-09-14,15.546963691711426,18.953535079956055,19.139392852783203,18.6141414642334,18.698989868164062,2651715
2022-09-15,15.454167366027832,18.840404510498047,19.010101318359375,18.727272033691406,18.88484764099121,1887682
2022-09-16,15.401138305664062,18.7757568359375,18.7757568359375,18.44444465637207,18.711111068725586,6126367
2022-09-19,15.527077674865723,18.929292678833008,19.006059646606445,18.49696922302246,18.66666603088379,2084197
2022-09-20,15.543646812438965,18.949493408203125,19.296968460083008,18.735353469848633,18.92525291442871,3050437
2022-09-21,15.520451545715332,18.92121124267578,19.474746704101562,18.88484764099121,18.985858917236328,4713885
2022-09-22,16.408658981323242,20.004039764404297,20.101009368896484,18.96161651611328,18.96161651611328,5009895
2022-09-23,15.977810859680176,19.47878646850586,19.898988723754883,19.31313133239746,19.729291915893555,3607807
2022-09-26,15.251998901367188,18.59393882751465,19.30908966064453,18.234342575073242,19.30908966064453,6736702
2022-09-27,15.053145408630371,18.35151481628418,18.94141387939453,18.25858497619629,18.783838272094727,2434162
2022-09-28,14.950404167175293,18.226261138916016,18.399999618530273,18.113130569458008,18.343433380126953,2054497
2022-09-29,14.386988639831543,17.539392471313477,18.032323837280273,17.27272605895996,18.02020263671875,4839615
2022-09-30,14.34721851348877,17.490909576416016,17.652524948120117,17.175756454467773,17.454544067382812,4973512
2022-10-03,14.4367036819458,17.600000381469727,18.004039764404297,17.422222137451172,17.81414031982422,5775165
2022-10-04,14.101968765258789,17.191919326782227,18.234342575073242,17.01818084716797,17.894948959350586,6312240
2022-10-05,13.959455490112305,17.01818084716797,17.27272605895996,16.92121124267578,17.25656509399414,5142555
2022-10-06,14.125166893005371,17.22020149230957,17.377777099609375,16.989898681640625,17.135353088378906,2473515
2022-10-07,13.979339599609375,17.042423248291016,17.397979736328125,17.014141082763672,17.22020149230957,2023312
2022-10-10,14.82446575164795,18.07272720336914,18.319190979003906,17.187877655029297,17.268686294555664,5239080
2022-10-11,14.665382385253906,17.878786087036133,18.177776336669922,17.741413116455078,18.004039764404297,2238390
2022-10-13,14.542757987976074,17.729291915893555,17.92727279663086,17.50303077697754,17.636362075805664,2735617
2022-10-14,14.47315788269043,17.64444351196289,17.951515197753906,17.494949340820312,17.741413116455078,3149685
2022-10-17,14.734983444213867,17.96363639831543,18.169696807861328,17.595958709716797,17.729291915893555,2509402
2022-10-18,15.010059356689453,18.298988342285156,18.505050659179688,17.894948959350586,17.96363639831543,2104492
2022-10-19,15.09622859954834,18.40403938293457,18.67070770263672,18.2020206451416,18.33535385131836,2247547
2022-10-20,15.102859497070312,18.412120819091797,18.618181228637695,18.210100173950195,18.58989715576172,2323282
2022-10-21,15.139315605163574,18.456565856933594,18.67070770263672,18.117170333862305,18.35151481628418,2548260
2022-10-24,14.811208724975586,18.056564331054688,18.432323455810547,17.97979736328125,18.230302810668945,2738092
2022-10-25,14.416815757751465,17.575756072998047,18.076766967773438,17.474746704101562,17.987878799438477,3437527
2022-10-26,14.774752616882324,18.012121200561523,18.14545440673828,17.357574462890625,17.450504302978516,5730862
2022-10-27,14.957033157348633,18.234342575073242,18.51717185974121,17.87070655822754,18.10504913330078,2851942
2022-10-28,14.950404167175293,18.226261138916016,18.74343490600586,18.076766967773438,18.121212005615234,2803432
2022-10-31,15.228799819946289,18.565656661987305,18.694948196411133,17.971717834472656,18.024242401123047,2645280
2022-11-01,15.689474105834961,19.12727165222168,19.36969566345215,18.307069778442383,18.363636016845703,3445942
2022-11-03,15.593363761901855,19.010101318359375,19.14747428894043,18.541414260864258,19.13131332397461,4265662
2022-11-04,15.825356483459473,19.29292869567871,19.903030395507812,19.062625885009766,19.191919326782227,2691067
2022-11-07,14.877492904663086,18.137372970581055,18.707069396972656,18.040403366088867,18.707069396972656,8306100
2022-11-08,14.814523696899414,18.060606002807617,18.33535385131836,17.68484878540039,17.92727279663086,4009995
2022-11-09,14.665382385253906,17.878786087036133,18.26262664794922,17.5919189453125,17.616161346435547,4629982
2022-11-10,14.46984577178955,17.640403747558594,17.846464157104492,17.333332061767578,17.575756072998047,6639435
2022-11-11,14.764808654785156,18.0,18.153535842895508,17.494949340820312,17.636362075805664,5569740
2022-11-14,14.73166561126709,17.9595947265625,18.311111450195312,17.73737335205078,18.153535842895508,3532815
2022-11-16,14.430074691772461,17.5919189453125,18.028282165527344,17.442424774169922,17.94343376159668,2850705
2022-11-17,14.416815757751465,17.575756072998047,17.810100555419922,17.17979621887207,17.3454532623291,4580730
2022-11-18,14.304134368896484,17.438383102416992,17.838382720947266,17.305049896240234,17.523231506347656,4779225
2022-11-21,14.463216781616211,17.632322311401367,17.935352325439453,17.353534698486328,17.55555534362793,3134340
2022-11-22,14.383674621582031,17.53535270690918,17.931312561035156,17.3898983001709,17.668685913085938,2277495
2022-11-23,14.506301879882812,17.68484878540039,17.72121238708496,17.36565589904785,17.48282814025879,2752942
2022-11-24,14.993490219116211,18.27878761291504,18.375757217407227,17.69696807861328,17.70100975036621,2082712
2022-11-25,14.831093788146973,18.080808639526367,18.537372589111328,18.0,18.246463775634766,1699087
2022-11-28,14.708468437194824,17.931312561035156,18.26262664794922,17.725252151489258,18.084848403930664,1870357
2022-11-29,14.837721824645996,18.08888816833496,18.274747848510742,17.89090919494629,18.0,2203492
2022-11-30,14.874177932739258,18.133333206176758,18.488887786865234,17.785858154296875,18.121212005615234,3164287
2022-12-01,14.645499229431152,17.85454559326172,18.307069778442383,17.713130950927734,18.06868553161621,2280465
2022-12-02,14.748238563537598,17.97979736328125,18.246463775634766,17.72121238708496,17.88686752319336,2056477
2022-12-05,14.390304565429688,17.543434143066406,17.991918563842773,17.46262550354004,17.88686752319336,2567070
2022-12-06,14.526185035705566,17.709089279174805,18.024242401123047,17.523231506347656,17.58787727355957,2181960
2022-12-07,14.628927230834961,17.83434295654297,18.012121200561523,17.438383102416992,17.709089279174805,2027767
2022-12-08,14.244479179382324,17.36565589904785,18.040403366088867,17.208080291748047,17.765655517578125,2669782
2022-12-09,14.648813247680664,17.858585357666016,17.96363639831543,17.27676773071289,17.466665267944336,2384910
2022-12-12,14.430074691772461,17.5919189453125,17.85454559326172,17.434343338012695,17.85454559326172,2535142
2022-12-13,13.98928451538086,17.05454444885254,17.858585357666016,17.046464920043945,17.68080711364746,2435400
2022-12-14,14.874177932739258,18.133333206176758,18.282827377319336,16.945453643798828,16.973737716674805,6185767
2022-12-15,15.000116348266602,18.286867141723633,18.29494857788086,17.858585357666016,18.03636360168457,2770020
2022-12-16,15.238741874694824,18.577777862548828,18.634342193603516,18.1656551361084,18.33535385131836,2907382
2022-12-19,14.754866600036621,17.987878799438477,18.787878036499023,17.858585357666016,18.65050506591797,3984255
2022-12-20,15.073030471801758,18.375757217407227,18.50101089477539,17.92323112487793,17.987878799438477,3321945
2022-12-21,15.119431495666504,18.432323455810547,18.67070770263672,18.012121200561523,18.428281784057617,1717402
2022-12-22,15.268569946289062,18.6141414642334,18.86868667602539,18.432323455810547,18.436363220214844,2332440
2022-12-23,15.0564603805542,18.355554580688477,18.715150833129883,18.084848403930664,18.698989868164062,2534647
2022-12-26,15.295082092285156,18.64646339416504,18.81212043762207,18.133333206176758,18.133333206176758,1712700
2022-12-27,15.32439136505127,18.541414260864258,18.602020263671875,18.246463775634766,18.521211624145508,1736707
2022-12-28,15.558144569396973,18.824241638183594,19.0222225189209,18.58989715576172,18.63030242919922,2364367
2022-12-29,15.665005683898926,18.953535079956055,19.12727165222168,18.763635635375977,18.892929077148438,2718292
2023-01-02,15.341090202331543,18.561616897583008,18.654544830322266,18.18585777282715,18.561616897583008,1809720
2023-01-03,15.08729362487793,18.254545211791992,18.747474670410156,18.149494171142578,18.6141414642334,3122460
2023-01-04,14.810126304626465,17.919191360473633,18.363636016845703,17.761615753173828,18.33131217956543,2833380
2023-01-05,14.943700790405273,18.080808639526367,18.08888816833496,17.600000381469727,18.01616096496582,3826350
2023-01-06,14.86021614074707,17.97979736328125,18.383838653564453,17.810100555419922,18.10504913330078,3544942
2023-01-09,14.73666000366211,17.830303192138672,18.03636360168457,17.66464614868164,17.894948959350586,2112660
2023-01-10,15.01048755645752,18.1616153717041,18.22222137451172,17.692928314208984,17.73737335205078,2922480
2023-01-11,15.1941556930542,18.383838653564453,18.44444465637207,18.08888816833496,18.14545440673828,2103750
2023-01-12,15.31103229522705,18.525251388549805,18.71919059753418,18.303030014038086,18.38787841796875,2996482
2023-01-13,15.541449546813965,18.804040908813477,18.95757484436035,18.323232650756836,18.428281784057617,2636370
2023-01-16,15.708417892456055,19.006059646606445,19.082828521728516,18.654544830322266,18.654544830322266,2323777
2023-01-17,15.9488525390625,19.296968460083008,19.377777099609375,19.046464920043945,19.066665649414062,1909957
2023-01-18,16.03233528137207,19.397979736328125,19.551515579223633,19.086868286132812,19.53535270690918,2295562
2023-01-19,16.07908821105957,19.454544067382812,19.547473907470703,19.22020149230957,19.353534698486328,1333035
2023-01-20,16.299488067626953,19.72121238708496,19.846464157104492,19.26060676574707,19.3898983001709,2274772
2023-01-23,16.46979522705078,19.92727279663086,20.282827377319336,19.656564712524414,19.713130950927734,3394462
2023-01-24,16.416362762451172,19.862625122070312,20.032323837280273,19.69696807861328,19.971717834472656,2281950
2023-01-25,16.523223876953125,19.991918563842773,19.991918563842773,19.733333587646484,19.826261520385742,6366937
2023-01-26,16.830448150634766,20.363636016845703,20.391918182373047,19.967676162719727,20.05252456665039,3556327
2023-01-27,16.920610427856445,20.472726821899414,21.046464920043945,20.319190979003906,20.363636016845703,8324910
2023-01-30,17.267902374267578,20.892929077148438,20.892929077148438,20.2020206451416,20.488887786865234,3082365
2023-01-31,17.130990982055664,20.727272033691406,20.880807876586914,20.391918182373047,20.880807876586914,6069690
2023-02-01,17.187761306762695,20.79595947265625,20.9373722076416,20.48080825805664,20.606060028076172,2963317
2023-02-02,17.07088279724121,20.654544830322266,20.9818172454834,20.5696964263916,20.75959587097168,2002275
2023-02-03,17.07088279724121,20.654544830322266,21.09090805053711,20.565656661987305,20.64646339416504,2800462
2023-02-06,17.194438934326172,20.804040908813477,20.92525291442871,20.54949378967285,20.75959587097168,3545932
2023-02-07,17.130990982055664,20.727272033691406,21.3898983001709,20.585857391357422,21.046464920043945,6856740
2023-02-08,17.324678421020508,20.96161651611328,21.0222225189209,20.303030014038086,20.791919708251953,3091522
2023-02-09,17.231172561645508,20.84848403930664,21.103029251098633,20.642423629760742,20.965656280517578,3137805
2023-02-10,17.29128074645996,20.92121124267578,21.010101318359375,20.72323226928711,20.779796600341797,2683147
2023-02-13,17.251209259033203,20.872726440429688,21.115150451660156,20.731313705444336,20.95757484436035,1946092
2023-02-14,17.211135864257812,20.824241638183594,21.14747428894043,20.751514434814453,20.945453643798828,1991880
2023-02-15,17.42151641845703,21.078786849975586,21.31313133239746,20.690908432006836,20.771717071533203,4658940
2023-02-16,17.144350051879883,20.74343490600586,21.11111068725586,20.694948196411133,21.042423248291016,3128895
2023-02-17,17.130990982055664,20.727272033691406,20.901010513305664,20.63030242919922,20.694948196411133,3295710
2023-02-22,16.69687271118164,20.2020206451416,20.66666603088379,20.024242401123047,20.58989715576172,3679582
2023-02-23,16.813753128051758,20.343433380126953,20.751514434814453,20.193939208984375,20.2020206451416,2859367
2023-02-24,16.943986892700195,20.50101089477539,21.44646453857422,20.193939208984375,20.343433380126953,7098300
2023-02-27,16.443078994750977,19.894948959350586,20.50101089477539,19.57171630859375,20.50101089477539,4733685
2023-02-28,16.453096389770508,19.90707015991211,20.246463775634766,19.640403747558594,19.826261520385742,3636517
2023-03-01,16.352916717529297,19.785858154296875,20.076766967773438,19.624242782592773,19.919191360473633,2420302
2023-03-02,16.359596252441406,19.7939395904541,20.197978973388672,19.71717071533203,19.802019119262695,3070980
2023-03-03,16.36293601989746,19.7979793548584,20.0,19.709089279174805,19.91111183166504,2435400
2023-03-06,16.466455459594727,19.92323112487793,20.076766967773438,19.725252151489258,19.7979793548584,1612710
2023-03-07,16.312841415405273,19.73737335205078,19.951515197753906,19.450504302978516,19.7939395904541,3201165
2023-03-08,15.965548515319824,19.317171096801758,19.898988723754883,19.17979621887207,19.878786087036133,5185620
2023-03-09,15.695059776306152,18.989898681640625,19.70100975036621,18.808080673217773,19.317171096801758,7345800
2023-03-10,15.601556777954102,18.876766204833984,19.050504684448242,18.674747467041016,18.96161651611328,4539892
2023-03-13,15.62827205657959,18.909090042114258,19.066665649414062,18.5292911529541,18.74343490600586,4185225
2023-03-14,15.661664962768555,18.949493408203125,19.030302047729492,18.735353469848633,18.973737716674805,3882532
2023-03-15,15.528090476989746,18.787878036499023,18.86868667602539,18.456565856933594,18.864646911621094,4289422
2023-03-16,15.290996551513672,18.50101089477539,19.103029251098633,18.028282165527344,18.751514434814453,6889905
2023-03-17,15.160760879516602,18.343433380126953,18.545454025268555,18.311111450195312,18.50101089477539,3508560
2023-03-20,15.220869064331055,18.416160583496094,18.505050659179688,18.117170333862305,18.31515121459961,2565832
2023-03-21,15.154082298278809,18.33535385131836,18.537372589111328,17.947473526000977,18.40403938293457,6315952
2023-03-22,15.321048736572266,18.537372589111328,18.779796600341797,18.22222137451172,18.230302810668945,3137557
2023-03-23,15.027185440063477,18.18181800842285,18.92525291442871,17.983837127685547,18.541414260864258,3766207
2023-03-24,15.170778274536133,18.355554580688477,18.456565856933594,18.040403366088867,18.133333206176758,2296305
2023-03-27,15.147400856018066,18.327272415161133,18.59393882751465,18.22222137451172,18.432323455810547,1749082
2023-03-28,15.427907943725586,18.66666603088379,18.88484764099121,18.234342575073242,18.234342575073242,3075682
2023-03-29,15.374481201171875,18.602020263671875,19.00201988220215,18.488887786865234,18.783838272094727,3340507
2023-03-30,15.24758243560791,18.448484420776367,18.969696044921875,18.2020206451416,18.913131713867188,3502620
2023-03-31,15.224207878112793,18.420202255249023,18.642423629760742,18.214141845703125,18.46060562133789,3097957
2023-04-03,15.13404655456543,18.311111450195312,18.488887786865234,18.1616153717041,18.412120819091797,1640925
2023-04-04,15.391178131103516,18.622222900390625,18.75959587097168,18.282827377319336,18.327272415161133,1935697
2023-04-05,14.810126304626465,17.919191360473633,18.707069396972656,17.474746704101562,18.626262664794922,5064592
2023-04-06,14.913644790649414,18.044443130493164,18.197978973388672,17.826261520385742,17.898988723754883,1493167
2023-04-10,15.110669136047363,18.282827377319336,18.395959854125977,18.01616096496582,18.044443130493164,1476090
2023-04-11,15.454625129699707,18.698989868164062,19.014141082763672,18.36767578125,18.452524185180664,3555337
2023-04-12,15.297674179077148,18.509090423583984,18.816160202026367,18.40403938293457,18.787878036499023,2485147
2023-04-13,15.160760879516602,18.343433380126953,18.577777862548828,18.230302810668945,18.509090423583984,2035192
2023-04-14,15.043882369995117,18.2020206451416,18.383838653564453,18.09292984008789,18.307069778442383,1648102
2023-04-17,15.1941556930542,18.383838653564453,18.509090423583984,18.2020206451416,18.31515121459961,1649835
2023-04-18,15.147400856018066,18.327272415161133,18.626262664794922,18.226261138916016,18.488887786865234,1807245
2023-04-19,14.743337631225586,17.838382720947266,18.189897537231445,17.725252151489258,18.10504913330078,3324172
2023-04-20,14.673210144042969,17.7535343170166,17.971717834472656,17.632322311401367,17.89090919494629,2079495
2023-04-24,14.616442680358887,17.68484878540039,17.92727279663086,17.60807991027832,17.7535343170166,1683247
2023-04-25,14.335933685302734,17.3454532623291,17.692928314208984,16.94141387939453,17.692928314208984,2548260
2023-04-26,14.386026382446289,17.40605926513672,17.547473907470703,17.098989486694336,17.232322692871094,2236657
2023-04-27,14.309220314025879,17.31313133239746,17.55555534362793,17.151514053344727,17.40605926513672,3944160
2023-04-28,14.526277542114258,17.575756072998047,17.5919189453125,17.244443893432617,17.454544067382812,3060585
2023-05-02,14.43277645111084,17.46262550354004,17.842424392700195,17.27272605895996,17.713130950927734,3161565
2023-05-03,14.643157005310059,17.71717071533203,17.878786087036133,17.414140701293945,17.58787727355957,2939805
2023-05-04,14.429436683654785,17.458585739135742,18.05252456665039,17.252525329589844,18.05252456665039,5442277
2023-05-05,15.053378105163574,17.119190216064453,17.171716690063477,16.18585777282715,16.383838653564453,3524895
2023-05-08,14.030158996582031,15.955554962158203,17.208080291748047,15.955554962158203,17.171716690063477,10660567
2023-05-09,14.037976264953613,15.964444160461426,16.1200008392334,15.631111145019531,16.0,6644025
2023-05-10,13.780040740966797,15.671111106872559,16.191110610961914,15.600000381469727,15.884444236755371,4812300
2023-05-11,13.697968482971191,15.577776908874512,15.706665992736816,15.55555534362793,15.577776908874512,4398300
2023-05-12,13.799580574035645,15.69333267211914,16.102222442626953,15.573332786560059,15.573332786560059,6907275
2023-05-15,13.963722229003906,15.880000114440918,15.95111083984375,15.51111125946045,15.755555152893066,7159950
2023-05-16,13.963722229003906,15.880000114440918,16.0755558013916,15.666666030883789,16.0755558013916,6436800
2023-05-17,14.080965042114258,16.01333236694336,16.035554885864258,15.795555114746094,15.964444160461426,3049650
2023-05-18,13.842571258544922,15.74222183227539,16.031110763549805,15.600000381469727,16.008888244628906,4949550
2023-05-19,13.885560035705566,15.79111099243164,16.0755558013916,15.728887557983398,15.764444351196289,3632850
2023-05-22,13.873834609985352,15.777776718139648,16.07111167907715,15.733332633972168,15.937776565551758,4187250
2023-05-23,13.697968482971191,15.577776908874512,16.004444122314453,15.55555534362793,15.777776718139648,3163950
2023-05-24,13.615898132324219,15.484443664550781,15.706665992736816,15.444443702697754,15.591111183166504,4337550
2023-05-25,13.600266456604004,15.466666221618652,15.728887557983398,15.422222137451172,15.488887786865234,3889125
2023-05-26,13.705785751342773,15.586666107177734,15.737776756286621,15.4399995803833,15.55555534362793,2814525
2023-05-29,13.705785751342773,15.586666107177734,15.720000267028809,15.564443588256836,15.631111145019531,2288250
2023-05-30,13.510379791259766,15.3644437789917,15.671111106872559,15.288887977600098,15.617776870727539,2198925
2023-05-31,13.494747161865234,15.34666633605957,15.502222061157227,15.186665534973145,15.311111450195312,3210975
2023-06-01,13.45175838470459,15.29777717590332,15.528887748718262,15.199999809265137,15.515555381774902,3027600
2023-06-02,13.80739688873291,15.702221870422363,16.066665649414062,15.333333015441895,15.382222175598145,4353975
2023-06-05,13.866018295288086,15.768888473510742,15.89777660369873,15.577776908874512,15.697776794433594,1950975
2023-06-06,14.151311874389648,16.093332290649414,16.17333221435547,15.755555152893066,15.862221717834473,3058200
2023-06-07,14.4014310836792,16.377777099609375,16.49333381652832,16.06222152709961,16.142221450805664,3345300
2023-06-09,14.264646530151367,16.22222137451172,16.524444580078125,16.22222137451172,16.417776107788086,3375225
2023-06-12,13.873834609985352,15.777776718139648,16.27111053466797,15.702221870422363,16.226665496826172,5416875
2023-06-13,13.780040740966797,15.671111106872559,15.884444236755371,15.520000457763672,15.822221755981445,10277775
2023-06-14,13.68233871459961,15.5600004196167,15.666666030883789,15.31555461883545,15.644444465637207,7436925
2023-06-15,13.803488731384277,15.697776794433594,15.826665878295898,15.479999542236328,15.537776947021484,6107850
2023-06-16,14.209935188293457,16.15999984741211,16.195554733276367,15.55555534362793,15.666666030883789,5991300
2023-06-19,14.342809677124023,16.311111450195312,16.76444435119629,16.177776336669922,16.24888801574707,5438925
2023-06-20,14.46396255493164,16.448888778686523,16.475555419921875,16.017776489257812,16.257776260375977,3062025
2023-06-21,14.420971870422363,16.399999618530273,16.733333587646484,16.226665496826172,16.608888626098633,4734450
2023-06-22,14.225564956665039,16.177776336669922,16.479999542236328,16.031110763549805,16.364444732666016,4827825
2023-06-23,15.151790618896484,17.231111526489258,17.39555549621582,16.64444351196289,16.795555114746094,11663775
2023-06-26,15.085354804992676,17.155555725097656,17.364444732666016,17.0755558013916,17.244443893432617,2768175
2023-06-27,14.604654312133789,16.608888626098633,17.266666412353516,16.48444366455078,17.22222137451172,5862825
2023-06-28,14.549939155578613,16.54666519165039,16.9777774810791,16.511110305786133,16.53333282470703,2924100
2023-06-29,14.77270221710205,16.799999237060547,16.920000076293945,16.44444465637207,16.528888702392578,3408750
2023-06-30,14.936842918395996,16.986665725708008,17.182222366333008,16.848888397216797,16.866666793823242,3831525
2023-07-03,15.100984573364258,17.17333221435547,17.275554656982422,16.995555877685547,17.048887252807617,3718575
2023-07-04,15.269034385681152,17.364444732666016,17.431110382080078,16.986665725708008,17.11111068725586,3315375
2023-07-05,15.804448127746582,17.97333335876465,18.12444305419922,17.333332061767578,17.417776107788086,5521050
2023-07-06,15.6754789352417,17.8266658782959,18.195554733276367,17.746665954589844,17.959999084472656,4109850
2023-07-07,15.949049949645996,18.13777732849121,18.239999771118164,17.671110153198242,17.822221755981445,3782250
2023-07-10,15.952954292297363,18.142221450805664,18.737777709960938,18.040000915527344,18.226665496826172,3780675
2023-07-11,15.933416366577148,18.1200008392334,18.23555564880371,17.760000228881836,18.079999923706055,5243175
2023-07-12,15.933416366577148,18.1200008392334,18.44444465637207,18.066665649414062,18.18666648864746,3559275
2023-07-13,15.866976737976074,18.044443130493164,18.146665573120117,17.808887481689453,18.12444305419922,3857850
2023-07-14,15.808355331420898,17.9777774810791,18.311111450195312,17.81333351135254,18.031110763549805,2317725
2023-07-17,15.878701210021973,18.057777404785156,18.213333129882812,17.857776641845703,17.933332443237305,4562325
2023-07-18,15.925599098205566,18.11111068725586,18.231111526489258,17.9022216796875,18.08888816833496,2589975
2023-07-19,16.19525909423828,18.417776107788086,18.55555534362793,18.066665649414062,18.168888092041016,3147525
2023-07-20,16.277328491210938,18.511110305786133,18.59555435180664,18.404443740844727,18.43555450439453,1873350
2023-07-21,16.343769073486328,18.586666107177734,18.688888549804688,18.448888778686523,18.622222900390625,3167550
2023-07-24,16.50400161743164,18.768888473510742,18.795555114746094,18.391111373901367,18.61777687072754,1819800
2023-07-25,16.61733627319336,18.897777557373047,18.991111755371094,18.751110076904297,18.857776641845703,3453300
2023-07-26,16.785385131835938,19.08888816833496,19.191110610961914,18.804443359375,18.9022216796875,3833100
2023-07-27,17.31298065185547,19.688888549804688,20.01333236694336,19.115554809570312,19.115554809570312,10260900
2023-07-28,17.176198959350586,19.53333282470703,19.92888832092285,19.391111373901367,19.68000030517578,2397825
2023-07-31,17.0589542388916,19.399999618530273,19.68000030517578,19.257776260375977,19.586666107177734,4101750
2023-08-01,17.316890716552734,19.69333267211914,19.871110916137695,19.293333053588867,19.333332061767578,6798150
2023-08-02,17.31298065185547,19.688888549804688,19.9777774810791,19.58222198486328,19.751110076904297,3987000
2023-08-03,17.418500900268555,19.808887481689453,19.97333335876465,19.66666603088379,19.831111907958984,2960550
2023-08-04,17.547470092773438,19.955554962158203,20.200000762939453,19.608888626098633,19.662221908569336,3496950
2023-08-07,17.277809143066406,19.648887634277344,20.044443130493164,19.27111053466797,20.0,4115700
2023-08-08,16.98860740661621,19.31999969482422,19.573333740234375,19.08888816833496,19.471111297607422,3530475
2023-08-09,16.972976684570312,19.302221298217773,19.45777702331543,19.155555725097656,19.239999771118164,2934450
2023-08-10,16.765844345092773,19.066665649414062,19.373332977294922,18.551111221313477,19.044443130493164,5579325
2023-08-11,16.74630355834961,19.044443130493164,19.200000762939453,18.724443435668945,19.066665649414062,2633400
2023-08-14,16.101465225219727,18.311111450195312,19.044443130493164,18.253332138061523,19.044443130493164,4648500
2023-08-15,15.58950138092041,17.7288875579834,18.239999771118164,17.657777786254883,18.23555564880371,5421375
2023-08-16,15.38237190246582,17.49333381652832,17.857776641845703,17.364444732666016,17.857776641845703,5073075
2023-08-17,15.300300598144531,17.399999618530273,17.671110153198242,17.266666412353516,17.520000457763672,2353950
2023-08-18,15.343289375305176,17.448888778686523,17.59555435180664,17.18666648864746,17.45777702331543,1858275
2023-08-21,15.323749542236328,17.426666259765625,17.688888549804688,17.226665496826172,17.520000457763672,2385225
2023-08-22,15.507429122924805,17.635555267333984,17.733333587646484,17.431110382080078,17.520000457763672,1455975
2023-08-23,15.64421558380127,17.79111099243164,17.822221755981445,17.422222137451172,17.711111068725586,1712925
2023-08-24,15.276853561401367,17.373332977294922,17.844444274902344,17.040000915527344,17.831111907958984,4167225
2023-08-25,15.566054344177246,17.70222282409668,17.893333435058594,17.253332138061523,17.360000610351562,3203550
2023-08-28,15.870884895324707,18.048887252807617,18.1200008392334,17.74222183227539,17.75555419921875,3912525
2023-08-29,16.148361206054688,18.364444732666016,18.61777687072754,18.066665649414062,18.08888816833496,3420225
2023-08-30,16.081924438476562,18.288888931274414,18.48444366455078,18.226665496826172,18.404443740844727,1784925
2023-08-31,15.71846866607666,17.87555503845215,18.448888778686523,17.857776641845703,18.22222137451172,3513150
2023-09-01,15.855253219604492,18.031110763549805,18.142221450805664,17.857776641845703,18.097776412963867,2716650
2023-09-04,15.84352970123291,18.017776489257812,18.182222366333008,17.857776641845703,18.11111068725586,1561050
2023-09-05,15.726284980773926,17.884443283081055,18.142221450805664,17.768888473510742,18.0,2400525
2023-09-06,15.573868751525879,17.711111068725586,18.106666564941406,17.60444450378418,17.857776641845703,3053475
2023-09-08,15.476165771484375,17.600000381469727,17.74222183227539,17.475555419921875,17.733333587646484,1422225
2023-09-11,15.476165771484375,17.600000381469727,17.64444351196289,17.448888778686523,17.600000381469727,3395700
2023-09-12,15.816170692443848,17.986665725708008,18.213333129882812,17.537776947021484,17.697776794433594,4917150
2023-09-13,15.726284980773926,17.884443283081055,18.22222137451172,17.81333351135254,17.982221603393555,5419800
2023-09-14,15.726284980773926,17.884443283081055,18.06222152709961,17.69333267211914,17.9244441986084,2976750
2023-09-15,15.64812183380127,17.795555114746094,17.920000076293945,17.559999465942383,17.8799991607666,4375800
2023-09-18,15.554328918457031,17.688888549804688,17.808887481689453,17.613332748413086,17.724443435668945,2952225
2023-09-19,15.425359725952148,17.542221069335938,17.768888473510742,17.426666259765625,17.657777786254883,2159100
2023-09-20,15.437084197998047,17.55555534362793,17.817777633666992,17.453332901000977,17.55555534362793,2205900
2023-09-21,15.355012893676758,17.462221145629883,17.58222198486328,17.200000762939453,17.404443740844727,1816200
2023-09-22,15.429267883300781,17.54666519165039,17.70222282409668,17.351110458374023,17.50666618347168,2042550
2023-09-25,15.542603492736816,17.675554275512695,17.746665954589844,17.38666534423828,17.50666618347168,2255175
2023-09-26,15.206504821777344,17.293333053588867,17.986665725708008,17.293333053588867,17.671110153198242,3588525
2023-09-27,15.147883415222168,17.226665496826172,17.48444366455078,16.893333435058594,17.360000610351562,3022875
2023-09-28,15.280757904052734,17.377777099609375,17.466665267944336,17.168888092041016,17.22222137451172,2750175
2023-09-29,15.394095420837402,17.50666618347168,17.71555519104004,17.315555572509766,17.511110305786133,2009025
2023-10-02,15.24167537689209,17.333332061767578,17.422222137451172,17.146665573120117,17.413333892822266,2199600
2023-10-03,15.097078323364258,17.168888092041016,17.33777618408203,17.0,17.168888092041016,1932975
2023-10-04,14.901671409606934,16.946666717529297,17.204444885253906,16.86222267150879,17.128887176513672,1883475
2023-10-05,14.553849220275879,16.551111221313477,16.937776565551758,16.266666412353516,16.848888397216797,4653000
2023-10-06,14.51867389678955,16.511110305786133,16.639999389648438,16.253332138061523,16.417776107788086,2290725
2023-10-09,14.85086441040039,16.888887405395508,16.888887405395508,16.257776260375977,16.462221145629883,2314575
2023-10-10,14.940752983093262,16.991111755371094,17.151111602783203,16.835554122924805,16.92888832092285,1762875
2023-10-11,15.011099815368652,17.07111167907715,17.311111450195312,16.991111755371094,16.991111755371094,2494575
2023-10-13,14.608561515808105,16.613332748413086,17.106666564941406,16.58222198486328,17.066665649414062,2620800
2023-10-16,14.74925422668457,16.773332595825195,16.906665802001953,16.586666107177734,16.737777709960938,1400175
2023-10-17,14.483503341674805,16.471111297607422,16.795555114746094,16.40888786315918,16.760000228881836,1722375
2023-10-18,14.190393447875977,16.13777732849121,16.488887786865234,16.13777732849121,16.448888778686523,3955950
2023-10-19,14.33890151977539,16.306665420532227,16.53333282470703,16.155555725097656,16.155555725097656,1691550
2023-10-20,14.174761772155762,16.1200008392334,16.262222290039062,15.937776565551758,16.22222137451172,3070800
2023-10-23,14.264646530151367,16.22222137451172,16.360000610351562,15.955554962158203,15.955554962158203,1433475
2023-10-24,14.4014310836792,16.377777099609375,16.45777702331543,15.973333358764648,16.355554580688477,2245275
2023-10-25,14.428788185119629,16.40888786315918,16.511110305786133,16.217777252197266,16.34666633605957,2883600
2023-10-26,14.573390007019043,16.573333740234375,16.804443359375,16.391111373901367,16.591110229492188,1993725
2023-10-27,14.276371955871582,16.23555564880371,16.577777862548828,16.1200008392334,16.53333282470703,1964025
2023-10-30,13.815213203430176,15.711111068725586,16.302221298217773,15.680000305175781,16.27111053466797,4019850
2023-10-31,14.366257667541504,16.33777618408203,16.373332977294922,15.644444465637207,15.711111068725586,5481225
2023-11-01,14.893856048583984,16.937776565551758,17.004444122314453,16.34666633605957,16.40888786315918,3110400
2023-11-03,15.104891777038574,17.177776336669922,17.38666534423828,17.066665649414062,17.084444046020508,5792850
2023-11-06,15.077535629272461,17.146665573120117,17.280000686645508,16.844444274902344,17.133333206176758,2186550
2023-11-07,14.854774475097656,16.893333435058594,17.239999771118164,16.746665954589844,17.115554809570312,4417650
2023-11-08,15.022825241088867,17.084444046020508,17.084444046020508,16.71555519104004,16.897777557373047,3977550
2023-11-09,14.815692901611328,16.848888397216797,17.488887786865234,16.724443435668945,17.257776260375977,4654125
2023-11-10,14.6554594039917,16.66666603088379,17.128887176513672,16.524444580078125,16.66666603088379,3217725
2023-11-13,14.702357292175293,16.719999313354492,16.8266658782959,16.537776947021484,16.559999465942383,1403550
2023-11-14,15.124434471130371,17.200000762939453,17.31999969482422,16.71555519104004,16.7288875579834,4230900
2023-11-16,15.519152641296387,17.648887634277344,17.69333267211914,17.02666664123535,17.164443969726562,4131900
2023-11-17,15.21041202545166,17.29777717590332,17.773332595825195,17.288888931274414,17.697776794433594,3900375
2023-11-20,15.00328254699707,17.06222152709961,17.355554580688477,16.946666717529297,17.293333053588867,5472900
2023-11-21,14.764886856079102,16.79111099243164,17.213333129882812,16.71555519104004,17.02666664123535,10117575
2023-11-22,14.80396842956543,16.835554122924805,17.133333206176758,16.804443359375,16.888887405395508,2740500
2023-11-23,14.549939155578613,16.54666519165039,16.871110916137695,16.502222061157227,16.857776641845703,2870550
2023-11-24,14.069241523742676,16.0,16.54666519165039,15.964444160461426,16.511110305786133,9707850
2023-11-27,14.272464752197266,16.231111526489258,16.257776260375977,16.004444122314453,16.1200008392334,1888650
2023-11-28,14.745346069335938,16.768888473510742,16.959999084472656,16.22222137451172,16.27111053466797,5657175
2023-11-29,14.694540977478027,16.711111068725586,16.97333335876465,16.66666603088379,16.79111099243164,5037075
2023-11-30,14.725805282592773,16.746665954589844,16.871110916137695,16.471111297607422,16.688888549804688,3733875
2023-12-01,14.757071495056152,16.782222747802734,16.937776565551758,16.657777786254883,16.746665954589844,4992975
2023-12-04,14.866498947143555,16.906665802001953,17.079999923706055,16.746665954589844,16.746665954589844,2918250
2023-12-05,14.69844913482666,16.71555519104004,16.937776565551758,16.133333206176758,16.906665802001953,8585550
2023-12-06,14.6554594039917,16.66666603088379,16.8799991607666,16.559999465942383,16.76444435119629,2914650
2023-12-07,15.046272277832031,17.11111068725586,17.177776336669922,16.68000030517578,16.79111099243164,3467925
2023-12-08,15.116617202758789,17.191110610961914,17.466665267944336,17.066665649414062,17.17333221435547,7057350
2023-12-11,15.24167537689209,17.333332061767578,17.724443435668945,17.155555725097656,17.195554733276367,6230700
2023-12-12,15.183055877685547,17.266666412353516,17.55555534362793,17.239999771118164,17.333332061767578,2348100
2023-12-13,15.057995796203613,17.12444305419922,17.257776260375977,16.91111183166504,17.213333129882812,4596075
2023-12-14,14.506951332092285,16.497777938842773,17.573333740234375,16.471111297607422,17.511110305786133,5532975
2023-12-15,14.780518531799316,16.808887481689453,16.897777557373047,16.364444732666016,16.50666618347168,9999787
2023-12-18,14.569479942321777,16.56888771057129,16.9777774810791,16.453332901000977,16.85333251953125,4963050
2023-12-19,14.74925422668457,16.773332595825195,16.799999237060547,16.43555450439453,16.56888771057129,4173862
2023-12-20,14.452237129211426,16.43555450439453,16.75555419921875,16.382221221923828,16.737777709960938,3248887
2023-12-21,14.553849220275879,16.551111221313477,16.586666107177734,16.34666633605957,16.559999465942383,1956262
2023-12-22,14.788336753845215,16.817777633666992,16.835554122924805,16.462221145629883,16.577777862548828,2923200
2023-12-26,14.80396842956543,16.835554122924805,16.95111083984375,16.69333267211914,16.8266658782959,2084062
2023-12-27,14.843050003051758,16.8799991607666,16.933332443237305,16.773332595825195,16.8799991607666,1269900
2023-12-28,14.752532958984375,16.7288875579834,16.933332443237305,16.70222282409668,16.835554122924805,1576912
2024-01-02,14.384113311767578,16.311111450195312,16.871110916137695,16.257776260375977,16.75555419921875,3400650
2024-01-03,14.486016273498535,16.426666259765625,16.479999542236328,16.195554733276367,16.328887939453125,1969537
2024-01-04,14.305724143981934,16.22222137451172,16.426666259765625,16.106666564941406,16.426666259765625,1911937
2024-01-05,14.51737117767334,16.462221145629883,16.56888771057129,16.168888092041016,16.22222137451172,1894050
2024-01-08,14.391950607299805,16.31999969482422,16.497777938842773,16.231111526489258,16.462221145629883,1968300
2024-01-09,13.945141792297363,15.813332557678223,16.40888786315918,15.786665916442871,16.31999969482422,4192762
2024-01-10,13.772688865661621,15.617776870727539,15.928888320922852,15.582221984863281,15.866665840148926,3417862
2024-01-11,13.819721221923828,15.671111106872559,15.688887596130371,15.431111335754395,15.617776870727539,2771437
2024-01-12,13.85107707977295,15.706665992736816,16.044443130493164,15.608887672424316,15.768888473510742,2464762
2024-01-15,13.913785934448242,15.777776718139648,15.94666576385498,15.680000305175781,15.724444389343262,1451812
2024-01-16,14.188143730163574,16.08888816833496,16.08888816833496,15.680000305175781,15.751111030578613,3407737
2024-01-17,14.736857414245605,16.711111068725586,16.79111099243164,15.911110877990723,15.982221603393555,8119800
2024-01-18,15.050406455993652,17.066665649414062,17.066665649414062,16.462221145629883,16.711111068725586,5170275
2024-01-19,14.83092212677002,16.817777633666992,17.315555572509766,16.684444427490234,17.093332290649414,5029425
2024-01-22,14.752532958984375,16.7288875579834,16.85333251953125,16.577777862548828,16.808887481689453,2693925
2024-01-23,14.964179992675781,16.968887329101562,17.11111068725586,16.711111068725586,16.75555419921875,2636775
2024-01-24,14.98769760131836,16.995555877685547,17.066665649414062,16.719999313354492,16.995555877685547,2346187
2024-01-25,15.167987823486328,17.200000762939453,17.733333587646484,17.0755558013916,17.23555564880371,4479862
2024-01-26,15.12879467010498,17.155555725097656,17.342222213745117,16.9777774810791,17.217777252197266,1735650
2024-01-29,14.854437828063965,16.844444274902344,17.155555725097656,16.719999313354492,17.155555725097656,1747125
2024-01-30,14.901469230651855,16.897777557373047,17.244443893432617,16.799999237060547,17.066665649414062,2140537
2024-01-31,14.97201919555664,16.9777774810791,17.27111053466797,16.844444274902344,16.888887405395508,1568362
2024-02-01,15.066084861755371,17.084444046020508,17.146665573120117,16.844444274902344,16.9777774810791,2775712
2024-02-02,14.98769760131836,16.995555877685547,17.182222366333008,16.906665802001953,17.066665649414062,1735087
2024-02-05,14.97201919555664,16.9777774810791,17.084444046020508,16.76444435119629,16.9777774810791,2342475
2024-02-06,15.183664321899414,17.217777252197266,17.404443740844727,16.86222267150879,16.9777774810791,2562862
2024-02-07,15.316925048828125,17.36888885498047,17.591110229492188,17.182222366333008,17.208887100219727,4707450
2024-02-08,14.97201919555664,16.9777774810791,17.36888885498047,16.91555404663086,17.36888885498047,1969537
2024-02-09,15.050406455993652,17.066665649414062,17.23555564880371,16.933332443237305,16.933332443237305,1085287
2024-02-14,14.556564331054688,16.50666618347168,17.040000915527344,16.28444480895996,16.986665725708008,8487337
2024-02-15,14.67414665222168,16.639999389648438,16.906665802001953,16.462221145629883,16.524444580078125,2775150
2024-02-16,15.285567283630371,17.333332061767578,17.54666519165039,16.648887634277344,16.808887481689453,7698262
2024-02-19,15.034727096557617,17.048887252807617,17.440000534057617,16.871110916137695,17.377777099609375,2136487
2024-02-20,15.677506446838379,17.77777671813965,17.804443359375,16.906665802001953,17.004444122314453,2841975
2024-02-21,15.418828010559082,17.48444366455078,17.706666946411133,17.38666534423828,17.608888626098633,2403787
2024-02-22,15.356120109558105,17.413333892822266,17.591110229492188,17.280000686645508,17.48444366455078,2395687
2024-02-23,15.183664321899414,17.217777252197266,17.48444366455078,17.0755558013916,17.404443740844727,1588387
2024-02-26,15.183664321899414,17.217777252197266,17.413333892822266,17.155555725097656,17.217777252197266,1269225
2024-02-27,15.410987854003906,17.475555419921875,17.58222198486328,17.217777252197266,17.342222213745117,1748700
2024-02-28,15.458023071289062,17.528888702392578,17.866666793823242,17.413333892822266,17.448888778686523,5045850
2024-02-29,15.410987854003906,17.475555419921875,17.58222198486328,17.342222213745117,17.528888702392578,1674225
2024-03-01,15.285567283630371,17.333332061767578,17.564443588256836,17.244443893432617,17.475555419921875,2674575
2024-03-04,15.120954513549805,17.146665573120117,17.333332061767578,17.031110763549805,17.333332061767578,5000062
2024-03-05,15.175825119018555,17.208887100219727,17.45777702331543,17.0755558013916,17.155555725097656,2234700
2024-03-06,15.167987823486328,17.200000762939453,17.360000610351562,17.102222442626953,17.226665496826172,2271262
2024-03-07,15.011213302612305,17.0222225189209,17.422222137451172,16.008888244628906,16.9777774810791,7476637
2024-03-08,15.152311325073242,17.182222366333008,17.315555572509766,17.0222225189209,17.0755558013916,2439787
2024-03-11,14.932825088500977,16.933332443237305,17.29777717590332,16.906665802001953,17.11111068725586,3552075
2024-03-12,14.823081970214844,16.808887481689453,17.031110763549805,16.782222747802734,16.995555877685547,2854462
2024-03-13,14.760372161865234,16.737777709960938,16.942222595214844,16.711111068725586,16.844444274902344,3828375
2024-03-14,14.870115280151367,16.86222267150879,16.933332443237305,16.586666107177734,16.711111068725586,2706300
2024-03-15,14.862277030944824,16.85333251953125,17.102222442626953,16.76444435119629,16.85333251953125,8508037
2024-03-18,14.893630027770996,16.888887405395508,17.01333236694336,16.808887481689453,16.942222595214844,6679125
2024-03-19,15.042567253112793,17.057777404785156,17.29777717590332,16.8799991607666,16.9777774810791,2154937
2024-03-20,15.152311325073242,17.182222366333008,17.27111053466797,16.95111083984375,17.146665573120117,2085187
2024-03-21,15.403149604797363,17.466665267944336,17.600000381469727,17.217777252197266,17.23555564880371,3952687
2024-03-22,15.473698616027832,17.54666519165039,17.58222198486328,17.36888885498047,17.466665267944336,2863912
2024-03-25,15.332600593566895,17.38666534423828,17.768888473510742,17.306665420532227,17.528888702392578,2516512
2024-03-26,15.356120109558105,17.413333892822266,17.48444366455078,17.288888931274414,17.38666534423828,2699212
2024-03-27,15.418828010559082,17.48444366455078,18.257776260375977,17.36888885498047,17.795555114746094,6956775
2024-03-28,15.505054473876953,17.58222198486328,17.91111183166504,17.333332061767578,17.537776947021484,3193537
2024-04-01,15.677506446838379,17.77777671813965,17.955554962158203,17.520000457763672,17.564443588256836,2744550
2024-04-02,15.536408424377441,17.61777687072754,17.848888397216797,17.475555419921875,17.77777671813965,2395575
2024-04-03,15.520733833312988,17.600000381469727,17.74222183227539,17.36888885498047,17.61777687072754,1803037
2024-04-04,15.254215240478516,17.29777717590332,17.733333587646484,17.164443969726562,17.688888549804688,2630925
2024-04-05,15.152311325073242,17.182222366333008,17.404443740844727,16.986665725708008,17.29777717590332,2215912
2024-04-08,15.199342727661133,17.23555564880371,17.377777099609375,17.164443969726562,17.253332138061523,1977187
2024-04-09,15.348278045654297,17.404443740844727,17.511110305786133,17.208887100219727,17.208887100219727,2137837
2024-04-10,15.371794700622559,17.431110382080078,17.724443435668945,17.351110458374023,17.528888702392578,3687750
2024-04-11,14.729018211364746,16.70222282409668,17.466665267944336,16.648887634277344,17.466665267944336,11716537
2024-04-12,14.501694679260254,16.44444465637207,16.70222282409668,16.355554580688477,16.648887634277344,4487175
2024-04-15,14.188143730163574,16.08888816833496,16.551111221313477,16.044443130493164,16.44444465637207,3345637
2024-04-16,14.188143730163574,16.08888816833496,16.293333053588867,15.955554962158203,16.017776489257812,4013775
2024-04-17,14.195981979370117,16.097776412963867,16.195554733276367,16.044443130493164,16.195554733276367,2562975
2024-04-18,14.290048599243164,16.204444885253906,16.453332901000977,16.053333282470703,16.053333282470703,3187237
2024-04-19,14.729018211364746,16.70222282409668,16.70222282409668,16.142221450805664,16.204444885253906,4393125
2024-04-22,14.760372161865234,16.737777709960938,16.9244441986084,16.59555435180664,16.9244441986084,2792362
2024-04-23,14.83092212677002,16.817777633666992,16.86222267150879,16.53333282470703,16.622222900390625,2666812
2024-04-24,14.799566268920898,16.782222747802734,16.86222267150879,16.66666603088379,16.844444274902344,1971675
2024-04-25,14.736857414245605,16.711111068725586,16.91555404663086,16.50666618347168,16.799999237060547,1615162
2024-04-26,14.681983947753906,16.648887634277344,16.871110916137695,16.577777862548828,16.844444274902344,3525075
2024-04-29,15.042567253112793,17.057777404785156,17.102222442626953,16.639999389648438,16.684444427490234,1883025
2024-04-30,14.964179992675781,16.968887329101562,17.1200008392334,16.773332595825195,17.1200008392334,3130425
2024-05-02,14.849420547485352,16.106666564941406,16.391111373901367,16.035554885864258,16.266666412353516,2634300
2024-05-03,15.005125999450684,16.275554656982422,16.302221298217773,16.035554885864258,16.213333129882812,2142225
2024-05-06,15.234587669372559,16.524444580078125,16.66666603088379,16.079999923706055,16.24888801574707,2812837
2024-05-07,15.324734687805176,16.622222900390625,16.719999313354492,16.399999618530273,16.577777862548828,2872800
2024-05-08,15.291953086853027,16.586666107177734,16.69333267211914,16.462221145629883,16.622222900390625,2397825
2024-05-09,15.160832405090332,16.44444465637207,16.782222747802734,16.133333206176758,16.355554580688477,3549487
2024-05-10,15.144442558288574,16.426666259765625,16.577777862548828,16.34666633605957,16.44444465637207,2078887
2024-05-13,15.103466033935547,16.382221221923828,16.488887786865234,16.328887939453125,16.34666633605957,1223775
2024-05-14,15.054295539855957,16.328887939453125,16.462221145629883,16.266666412353516,16.391111373901367,1825312
2024-05-15,15.070686340332031,16.34666633605957,16.497777938842773,16.266666412353516,16.364444732666016,1601325
2024-05-16,15.1280517578125,16.40888786315918,16.44444465637207,16.204444885253906,16.40888786315918,1429987
2024-05-17,15.087077140808105,16.364444732666016,16.426666259765625,16.293333053588867,16.417776107788086,1706962
2024-05-20,15.291953086853027,16.586666107177734,16.657777786254883,16.257776260375977,16.257776260375977,1673212
2024-05-21,15.169026374816895,16.453332901000977,16.613332748413086,16.266666412353516,16.613332748413086,1943550
2024-05-22,15.046101570129395,16.31999969482422,16.471111297607422,16.257776260375977,16.399999618530273,1864575
2024-05-23,15.095272064208984,16.373332977294922,16.426666259765625,16.106666564941406,16.311111450195312,1773675
2024-05-24,14.98873519897461,16.257776260375977,16.515554428100586,16.24888801574707,16.373332977294922,1697062
2024-05-27,15.005125999450684,16.275554656982422,16.33777618408203,16.133333206176758,16.257776260375977,1226025
2024-05-28,15.054295539855957,16.328887939453125,16.524444580078125,16.22222137451172,16.355554580688477,1435275
2024-05-29,14.710103988647461,15.955554962158203,16.311111450195312,15.94666576385498,16.275554656982422,2011275
2024-05-31,14.603569984436035,15.84000015258789,16.0,15.582221984863281,15.973333358764648,3061800
2024-06-03,14.28396224975586,15.493332862854004,15.795555114746094,15.359999656677246,15.768888473510742,4141687
2024-06-04,14.718299865722656,15.964444160461426,16.213333129882812,15.626666069030762,15.777776718139648,5516325
2024-06-05,14.365913391113281,15.582221984863281,15.991110801696777,15.573332786560059,15.9022216796875,2892487
2024-06-06,14.390497207641602,15.608887672424316,15.831110954284668,15.582221984863281,15.617776870727539,1378575
2024-06-07,14.136451721191406,15.333333015441895,15.608887672424316,15.11111068725586,15.55555534362793,3107025
2024-06-10,14.120060920715332,15.31555461883545,15.502222061157227,15.199999809265137,15.342222213745117,2370037
2024-06-11,14.390497207641602,15.608887672424316,15.635555267333984,15.217777252197266,15.368887901306152,2036587
2024-06-12,14.341327667236328,15.55555534362793,15.671111106872559,15.4399995803833,15.608887672424316,2105212
2024-06-13,14.390497207641602,15.608887672424316,15.715555191040039,15.386666297912598,15.475555419921875,1609762
2024-06-14,14.447863578796387,15.671111106872559,15.813332557678223,15.502222061157227,15.564443588256836,1082137
2024-06-17,14.423277854919434,15.644444465637207,15.74222183227539,15.502222061157227,15.671111106872559,1218375
2024-06-18,14.357717514038086,15.573332786560059,15.653332710266113,15.333333015441895,15.644444465637207,2172487
2024-06-19,14.480643272399902,15.706665992736816,15.768888473510742,15.368887901306152,15.564443588256836,3143475
2024-06-20,14.505228996276855,15.733332633972168,15.9022216796875,15.635555267333984,15.777776718139648,2088112
2024-06-21,14.308547973632812,15.520000457763672,15.706665992736816,15.448887825012207,15.671111106872559,5458837
2024-06-24,14.292157173156738,15.502222061157227,15.582221984863281,15.41333293914795,15.528887748718262,2416050
2024-06-25,14.251182556152344,15.45777702331543,15.55555534362793,15.395554542541504,15.546666145324707,1894612
2024-06-26,14.242986679077148,15.448887825012207,15.662221908569336,15.377777099609375,15.45777702331543,2030175
2024-06-27,14.382304191589355,15.600000381469727,15.751111030578613,15.4399995803833,15.493332862854004,1844550
2024-06-28,14.300353050231934,15.51111125946045,15.697776794433594,15.51111125946045,15.617776870727539,4443637
2024-07-01,15.332927703857422,16.63111114501953,16.817777633666992,15.617776870727539,15.697776794433594,7974450
2024-07-02,15.693511009216309,17.0222225189209,17.23555564880371,16.63111114501953,16.63111114501953,6377400
2024-07-03,15.472244262695312,16.782222747802734,17.208887100219727,16.782222747802734,17.057777404785156,2634187
2024-07-04,15.61155891418457,16.933332443237305,17.057777404785156,16.773332595825195,16.8266658782959,1578150
2024-07-05,15.406683921813965,16.711111068725586,16.959999084472656,16.577777862548828,16.8799991607666,2204325
2024-07-08,15.586974143981934,16.906665802001953,16.906665802001953,16.675554275512695,16.69333267211914,2539237
2024-07-09,15.644338607788086,16.968887329101562,17.146665573120117,16.7288875579834,16.968887329101562,2077537
2024-07-10,15.668925285339355,16.995555877685547,17.128887176513672,16.799999237060547,16.986665725708008,1882912
2024-07-11,15.701704025268555,17.031110763549805,17.155555725097656,16.9777774810791,17.01333236694336,2491200
2024-07-12,15.660730361938477,16.986665725708008,17.066665649414062,16.888887405395508,17.031110763549805,1403550
2024-07-15,15.537803649902344,16.85333251953125,17.031110763549805,16.773332595825195,16.9777774810791,1718212
2024-07-16,15.857412338256836,17.200000762939453,17.217777252197266,16.773332595825195,16.8266658782959,3234037
2024-07-17,15.88199520111084,17.226665496826172,17.324443817138672,17.0755558013916,17.200000762939453,1674000
2024-07-18,15.824630737304688,17.164443969726562,17.217777252197266,16.959999084472656,17.217777252197266,3178912
2024-07-19,15.857412338256836,17.200000762939453,17.324443817138672,17.102222442626953,17.200000762939453,1532925
2024-07-22,15.570582389831543,16.888887405395508,17.182222366333008,16.8266658782959,17.182222366333008,2225025
2024-07-23,15.324734687805176,16.622222900390625,16.8799991607666,16.613332748413086,16.8266658782959,1959412
2024-07-24,15.119856834411621,16.399999618530273,16.906665802001953,16.399999618530273,16.59555435180664,1481062
2024-07-25,14.947760581970215,16.213333129882812,16.488887786865234,16.213333129882812,16.373332977294922,1177087
2024-07-26,15.013322830200195,16.28444480895996,16.355554580688477,16.133333206176758,16.239999771118164,889425
2024-07-29,14.914979934692383,16.177776336669922,16.382221221923828,16.177776336669922,16.293333053588867,919912
2024-07-30,14.751080513000488,16.0,16.213333129882812,16.0,16.168888092041016,2291850
2024-07-31,14.718299865722656,15.964444160461426,16.07111167907715,15.875555038452148,16.0,3439125
2024-08-01,14.587179183959961,15.822221755981445,16.08888816833496,15.74222183227539,16.053333282470703,1911262
2024-08-02,14.538008689880371,15.768888473510742,15.937776565551758,15.671111106872559,15.822221755981445,1931175
2024-08-05,14.357717514038086,15.573332786560059,15.706665992736816,15.359999656677246,15.395554542541504,1855125
2024-08-06,14.505228996276855,15.733332633972168,15.866665840148926,15.564443588256836,15.564443588256836,1945462
2024-08-07,14.628153800964355,15.866665840148926,15.928888320922852,15.777776718139648,15.822221755981445,1177650
2024-08-08,14.742884635925293,15.991110801696777,16.142221450805664,15.74222183227539,15.848888397216797,1644525
2024-08-09,15.054295539855957,16.328887939453125,16.462221145629883,16.044443130493164,16.115554809570312,2780212
2024-08-12,14.824835777282715,16.079999923706055,16.471111297607422,16.06222152709961,16.426666259765625,1262587
2024-08-13,14.996931076049805,16.266666412353516,16.355554580688477,16.035554885864258,16.311111450195312,1885387
2024-08-14,14.914979934692383,16.177776336669922,16.293333053588867,16.044443130493164,16.168888092041016,2901487
2024-08-15,14.546202659606934,15.777776718139648,16.151111602783203,15.662221908569336,15.94666576385498,2903175
2024-08-16,14.505228996276855,15.733332633972168,15.973333358764648,15.600000381469727,15.955554962158203,2730825
2024-08-19,14.63634967803955,15.875555038452148,15.991110801696777,15.546666145324707,15.831110954284668,3441487
2024-08-20,14.726494789123535,15.973333358764648,16.06222152709961,15.733332633972168,15.911110877990723,1929375
2024-08-21,14.751080513000488,16.0,16.079999923706055,15.84000015258789,16.008888244628906,1766137
2024-08-22,14.578983306884766,15.813332557678223,16.053333282470703,15.680000305175781,15.955554962158203,1935337
2024-08-23,14.669129371643066,15.911110877990723,15.94666576385498,15.760000228881836,15.866665840148926,1357087
2024-08-26,14.734689712524414,15.982221603393555,16.02666664123535,15.795555114746094,15.955554962158203,1478362
2024-08-27,14.80844497680664,16.06222152709961,16.133333206176758,15.831110954284668,16.044443130493164,2689200
2024-08-28,14.652739524841309,15.893333435058594,16.115554809570312,15.893333435058594,16.07111167907715,1861987
2024-08-29,14.529813766479492,15.760000228881836,15.928888320922852,15.653332710266113,15.84000015258789,2598075
2024-08-30,14.472447395324707,15.697776794433594,15.786665916442871,15.653332710266113,15.777776718139648,2647012
2024-09-02,14.27576732635498,15.484443664550781,15.866665840148926,15.41333293914795,15.866665840148926,2795625
2024-09-03,14.316741943359375,15.528887748718262,15.582221984863281,15.41333293914795,15.484443664550781,1857600
2024-09-04,14.423277854919434,15.644444465637207,15.733332633972168,15.51111125946045,15.608887672424316,1900237
2024-09-05,14.382304191589355,15.600000381469727,15.733332633972168,15.573332786560059,15.644444465637207,2389275
2024-09-06,14.226597785949707,15.431111335754395,15.600000381469727,15.359999656677246,15.573332786560059,2805975
2024-09-09,14.029915809631348,15.217777252197266,15.484443664550781,15.217777252197266,15.431111335754395,3041100
2024-09-10,14.11186695098877,15.306666374206543,15.342222213745117,15.057777404785156,15.288887977600098,2616525
2024-09-11,14.095476150512695,15.288887977600098,15.359999656677246,15.226666450500488,15.35111141204834,2873025
2024-09-12,14.087281227111816,15.279999732971191,15.31555461883545,15.15555477142334,15.29777717590332,3239325
2024-09-13,14.103671073913574,15.29777717590332,15.520000457763672,15.271110534667969,15.368887901306152,2074837
2024-09-16,14.087281227111816,15.279999732971191,15.395554542541504,15.217777252197266,15.377777099609375,2253262
2024-09-17,14.193816184997559,15.395554542541504,15.4399995803833,15.199999809265137,15.288887977600098,1735200
2024-09-18,14.120060920715332,15.31555461883545,15.431111335754395,15.271110534667969,15.306666374206543,2014200
2024-09-19,13.997137069702148,15.182222366333008,15.41333293914795,15.182222366333008,15.271110534667969,2072925
2024-09-20,13.931574821472168,15.11111068725586,15.235554695129395,14.99555492401123,15.191110610961914,3982050
2024-09-23,13.964354515075684,15.146665573120117,15.191110610961914,14.99555492401123,15.11111068725586,2572762
2024-09-24,14.144646644592285,15.342222213745117,15.484443664550781,15.235554695129395,15.262222290039062,2358450
2024-09-25,14.128256797790527,15.324443817138672,15.466666221618652,15.279999732971191,15.377777099609375,4788450
2024-09-26,14.447863578796387,15.671111106872559,15.688887596130371,15.386666297912598,15.395554542541504,2775937
2024-09-27,15.291953086853027,16.586666107177734,16.657777786254883,15.84000015258789,15.84000015258789,7990312
2024-09-30,14.914979934692383,16.177776336669922,16.75555419921875,15.991110801696777,16.417776107788086,3802500
2024-10-01,15.07888126373291,16.355554580688477,16.391111373901367,16.0,16.177776336669922,3197925
2024-10-02,15.185418128967285,16.471111297607422,16.684444427490234,16.44444465637207,16.497777938842773,2154037
2024-10-03,14.718299865722656,15.964444160461426,16.34666633605957,15.964444160461426,16.231111526489258,4392112
2024-10-04,14.693713188171387,15.937776565551758,16.142221450805664,15.822221755981445,15.973333358764648,2626875
2024-10-07,14.415082931518555,15.635555267333984,16.079999923706055,15.635555267333984,16.044443130493164,2912512
2024-10-08,14.480643272399902,15.706665992736816,15.804444313049316,15.582221984863281,15.777776718139648,2936362
2024-10-09,14.365913391113281,15.582221984863281,15.786665916442871,15.520000457763672,15.680000305175781,1987087
2024-10-10,14.11186695098877,15.306666374206543,15.644444465637207,15.262222290039062,15.644444465637207,2430787
2024-10-11,14.013526916503906,15.199999809265137,15.368887901306152,15.146665573120117,15.324443817138672,1926675
2024-10-14,14.06269645690918,15.25333309173584,15.395554542541504,15.11111068725586,15.235554695129395,2218950
2024-10-15,14.202011108398438,15.404443740844727,15.45777702331543,15.182222366333008,15.244443893432617,1845787
2024-10-16,14.292157173156738,15.502222061157227,15.502222061157227,15.244443893432617,15.466666221618652,3114787
2024-10-17,14.070891380310059,15.262222290039062,15.45777702331543,15.217777252197266,15.35111141204834,1858162
2024-10-18,13.972550392150879,15.15555477142334,15.484443664550781,15.119999885559082,15.368887901306152,1783462
2024-10-21,14.161036491394043,15.359999656677246,15.368887901306152,15.128888130187988,15.199999809265137,1461375
2024-10-22,14.218401908874512,15.422222137451172,15.484443664550781,15.226666450500488,15.288887977600098,2010150
2024-10-23,14.095476150512695,15.288887977600098,15.395554542541504,15.244443893432617,15.395554542541504,2486475
2024-10-24,14.242986679077148,15.448887825012207,15.448887825012207,15.235554695129395,15.262222290039062,1775700
2024-10-25,14.11186695098877,15.306666374206543,15.45777702331543,15.306666374206543,15.395554542541504,2601675
2024-10-28,14.095476150512695,15.288887977600098,15.448887825012207,15.271110534667969,15.448887825012207,1797187
2024-10-29,14.087281227111816,15.279999732971191,15.288887977600098,15.119999885559082,15.271110534667969,3727687
2024-10-30,14.218401908874512,15.422222137451172,15.475555419921875,15.208888053894043,15.208888053894043,1953787
2024-10-31,13.939770698547363,15.119999885559082,15.626666069030762,15.119999885559082,15.288887977600098,2010150
2024-11-01,14.1774263381958,15.377777099609375,15.422222137451172,15.066665649414062,15.217777252197266,1926562
2024-11-04,14.18562126159668,15.386666297912598,15.537776947021484,15.25333309173584,15.466666221618652,2662087
2024-11-05,14.210206985473633,15.41333293914795,15.51111125946045,15.262222290039062,15.35111141204834,1104750
2024-11-06,14.669129371643066,15.911110877990723,16.266666412353516,15.182222366333008,15.395554542541504,4574250
2024-11-07,14.316741943359375,15.528887748718262,16.097776412963867,15.528887748718262,15.9022216796875,2007337
2024-11-08,14.218401908874512,15.422222137451172,15.751111030578613,15.262222290039062,15.431111335754395,2177212
2024-11-11,14.316741943359375,15.528887748718262,15.591111183166504,15.29777717590332,15.422222137451172,1843650
2024-11-12,14.27576732635498,15.484443664550781,15.600000381469727,15.386666297912598,15.404443740844727,1682662
2024-11-13,14.095476150512695,15.288887977600098,15.484443664550781,14.942221641540527,15.35111141204834,2908800
2024-11-14,13.91518497467041,15.09333324432373,15.528887748718262,15.075554847717285,15.271110534667969,2487150
2024-11-18,13.939770698547363,15.119999885559082,15.342222213745117,15.075554847717285,15.11111068725586,1676925
2024-11-19,13.956160545349121,15.137777328491211,15.208888053894043,15.031110763549805,15.119999885559082,1138837
2024-11-21,13.718504905700684,14.880000114440918,15.119999885559082,14.880000114440918,15.022221565246582,2106675
2024-11-22,13.800454139709473,14.968888282775879,15.013333320617676,14.826665878295898,14.888888359069824,1177200
2024-11-25,13.808649063110352,14.977776527404785,15.182222366333008,14.933333396911621,14.933333396911621,2490750
2024-11-26,13.866015434265137,15.039999961853027,15.146665573120117,14.933333396911621,14.986665725708008,1632825
2024-11-27,13.988941192626953,15.173333168029785,15.422222137451172,14.968888282775879,15.182222366333008,3139425
2024-11-28,14.357717514038086,15.573332786560059,15.768888473510742,15.022221565246582,15.191110610961914,3341250
2024-11-29,14.267573356628418,15.475555419921875,15.822221755981445,15.333333015441895,15.573332786560059,3934125
2024-12-02,14.726494789123535,15.973333358764648,16.70222282409668,15.884444236755371,15.920000076293945,6541087
2024-12-03,15.332927703857422,16.63111114501953,16.648887634277344,15.848888397216797,16.0,4581900
2024-12-04,15.382099151611328,16.684444427490234,16.737777709960938,16.453332901000977,16.497777938842773,3160687
2024-12-05,15.537803649902344,16.85333251953125,16.959999084472656,16.586666107177734,16.746665954589844,3305925
2024-12-06,15.2181978225708,16.50666618347168,16.95111083984375,16.33777618408203,16.897777557373047,3443062
2024-12-09,15.308342933654785,16.60444450378418,16.63111114501953,16.399999618530273,16.50666618347168,2052675
2024-12-10,15.529610633850098,16.844444274902344,16.888887405395508,16.60444450378418,16.657777786254883,1976850
2024-12-11,15.693511009216309,17.0222225189209,17.066665649414062,16.75555419921875,16.888887405395508,2702700
2024-12-12,15.578779220581055,16.897777557373047,16.968887329101562,16.737777709960938,16.888887405395508,2028037
2024-12-13,15.709900856018066,17.040000915527344,17.48444366455078,17.01333236694336,17.208887100219727,2600887
2024-12-16,15.652535438537598,16.9777774810791,17.13777732849121,16.9244441986084,17.031110763549805,2284762
2024-12-17,15.73448371887207,17.066665649414062,17.208887100219727,16.968887329101562,16.9777774810791,4893862
2024-12-18,15.291953086853027,16.586666107177734,17.102222442626953,16.524444580078125,17.01333236694336,3434625
2024-12-19,15.095272064208984,16.373332977294922,16.817777633666992,16.293333053588867,16.63111114501953,2363175
2024-12-20,15.087077140808105,16.364444732666016,16.426666259765625,16.106666564941406,16.28444480895996,3208612
2024-12-23,14.693713188171387,15.937776565551758,16.31999969482422,15.786665916442871,16.31999969482422,2706975
2024-12-26,14.52161979675293,15.751111030578613,16.035554885864258,15.706665992736816,15.804444313049316,1770862
2024-12-27,14.488838195800781,15.715555191040039,15.94666576385498,15.617776870727539,15.777776718139648,2495137
2024-12-30,14.341327667236328,15.55555534362793,15.813332557678223,15.466666221618652,15.733332633972168,1864350
2025-01-02,14.193816184997559,15.395554542541504,15.715555191040039,15.35111141204834,15.55555534362793,2269800
2025-01-03,13.947964668273926,15.128888130187988,15.359999656677246,15.128888130187988,15.29777717590332,1986525
2025-01-06,14.11186695098877,15.306666374206543,15.377777099609375,15.119999885559082,15.146665573120117,2018137
2025-01-07,14.202011108398438,15.404443740844727,15.484443664550781,15.199999809265137,15.306666374206543,2325375
2025-01-08,14.038110733032227,15.226666450500488,15.431111335754395,15.226666450500488,15.404443740844727,1796062
2025-01-09,14.251182556152344,15.45777702331543,15.484443664550781,15.128888130187988,15.235554695129395,1281375
2025-01-10,14.087281227111816,15.279999732971191,15.724444389343262,15.164443969726562,15.45777702331543,3010950
2025-01-13,14.23479175567627,15.4399995803833,15.688887596130371,15.288887977600098,15.288887977600098,2785275
2025-01-14,14.497034072875977,15.724444389343262,15.733332633972168,15.368887901306152,15.448887825012207,1809225
2025-01-15,14.570789337158203,15.804444313049316,16.0,15.573332786560059,15.893333435058594,1830037
2025-01-16,14.505228996276855,15.733332633972168,15.982221603393555,15.617776870727539,15.822221755981445,1661287
2025-01-17,14.759275436401367,16.008888244628906,16.017776489257812,15.733332633972168,15.884444236755371,1462162
2025-01-20,14.742884635925293,15.991110801696777,16.115554809570312,15.84000015258789,16.044443130493164,1607287
2025-01-21,14.783859252929688,16.035554885864258,16.053333282470703,15.84000015258789,15.955554962158203,1255500
2025-01-22,14.751080513000488,16.0,16.08888816833496,15.84000015258789,15.955554962158203,2397487
2025-01-23,14.849420547485352,16.106666564941406,16.151111602783203,15.982221603393555,16.142221450805664,1667812
2025-01-24,14.611763954162598,15.848888397216797,16.168888092041016,15.591111183166504,16.151111602783203,5450625
2025-01-27,14.80844497680664,16.06222152709961,16.115554809570312,15.706665992736816,15.848888397216797,3296475
2025-01-28,14.472447395324707,15.697776794433594,16.079999923706055,15.671111106872559,16.079999923706055,2054250
2025-01-29,14.357717514038086,15.573332786560059,15.875555038452148,15.466666221618652,15.733332633972168,2754787
2025-01-30,14.660933494567871,15.9022216796875,15.94666576385498,15.546666145324707,15.573332786560059,4285575
2025-01-31,14.226597785949707,15.431111335754395,15.94666576385498,15.431111335754395,15.920000076293945,3329100
2025-02-03,14.324936866760254,15.537776947021484,15.786665916442871,15.306666374206543,15.422222137451172,3328762
2025-02-04,14.447863578796387,15.671111106872559,15.866665840148926,15.493332862854004,15.502222061157227,4701487
2025-02-05,14.841224670410156,16.097776412963867,16.133333206176758,15.573332786560059,15.680000305175781,4182525
2025-02-06,14.759275436401367,16.008888244628906,16.115554809570312,15.813332557678223,15.928888320922852,3005212
2025-02-07,14.882200241088867,16.142221450805664,16.213333129882812,15.866665840148926,16.0,2468025
2025-02-10,14.701909065246582,15.94666576385498,16.34666633605957,15.94666576385498,16.18666648864746,2175412
2025-02-11,14.955955505371094,16.22222137451172,16.266666412353516,15.857776641845703,15.866665840148926,1619550
2025-02-12,14.890397071838379,16.151111602783203,16.31999969482422,16.06222152709961,16.097776412963867,5477512
2025-02-13,15.119856834411621,16.399999618530273,16.43555450439453,15.991110801696777,16.151111602783203,3592125
2025-02-14,15.431267738342285,16.737777709960938,16.817777633666992,16.355554580688477,16.43555450439453,4420350
2025-02-17,15.595169067382812,16.91555404663086,17.093332290649414,16.70222282409668,16.70222282409668,2479950
2025-02-18,14.98054027557373,16.24888801574707,16.959999084472656,16.24888801574707,16.8799991607666,2809912
2025-02-19,15.1280517578125,16.40888786315918,16.426666259765625,16.22222137451172,16.266666412353516,1687725
2025-02-20,14.874006271362305,16.133333206176758,16.462221145629883,16.133333206176758,16.44444465637207,1772325
2025-02-21,15.029711723327637,16.302221298217773,16.462221145629883,16.02666664123535,16.133333206176758,3642412
2025-02-24,14.80844497680664,16.06222152709961,16.33777618408203,16.0,16.257776260375977,2358787
2025-02-25,14.742884635925293,15.991110801696777,16.231111526489258,15.991110801696777,16.0,2209275
2025-02-26,14.849420547485352,16.106666564941406,16.177776336669922,15.893333435058594,16.008888244628906,4829625
2025-02-27,14.890397071838379,16.151111602783203,16.22222137451172,16.02666664123535,16.177776336669922,1822612
2025-02-28,14.783859252929688,16.035554885864258,16.231111526489258,15.94666576385498,16.213333129882812,3057862
2025-03-05,15.160832405090332,16.44444465637207,16.613332748413086,16.08888816833496,16.08888816833496,3678300
2025-03-06,15.300146102905273,16.59555435180664,16.76444435119629,16.33777618408203,16.43555450439453,3077100
2025-03-07,15.718093872070312,17.048887252807617,17.217777252197266,16.9244441986084,17.0755558013916,4356562
2025-03-10,15.595169067382812,16.91555404663086,17.342222213745117,16.8799991607666,16.933332443237305,3172387
2025-03-11,15.406683921813965,16.711111068725586,16.9244441986084,16.60444450378418,16.799999237060547,2577825
2025-03-12,15.406683921813965,16.711111068725586,16.906665802001953,16.622222900390625,16.622222900390625,2857612
2025-03-13,15.242782592773438,16.53333282470703,16.586666107177734,15.751111030578613,16.302221298217773,5398875
2025-03-14,15.259172439575195,16.551111221313477,16.897777557373047,16.391111373901367,16.59555435180664,7700737
2025-03-17,14.660933494567871,15.9022216796875,16.59555435180664,15.848888397216797,16.56888771057129,10365525
2025-03-18,15.849215507507324,17.191110610961914,17.191110610961914,15.937776565551758,15.937776565551758,6204375
2025-03-19,15.291953086853027,16.586666107177734,17.208887100219727,16.586666107177734,17.191110610961914,4261725
2025-03-20,15.160832405090332,16.44444465637207,16.684444427490234,16.364444732666016,16.53333282470703,2474775
2025-03-21,15.365707397460938,16.66666603088379,16.799999237060547,16.382221221923828,16.382221221923828,1984725
2025-03-24,15.210002899169922,16.497777938842773,16.76444435119629,16.40888786315918,16.675554275512695,2038500
2025-03-25,15.095272064208984,16.373332977294922,16.586666107177734,16.275554656982422,16.50666618347168,2618325
2025-03-26,14.955955505371094,16.22222137451172,16.488887786865234,16.133333206176758,16.426666259765625,1858387
2025-03-27,15.234587669372559,16.524444580078125,16.577777862548828,16.151111602783203,16.213333129882812,1248750
2025-03-28,15.103466033935547,16.382221221923828,16.542221069335938,16.28444480895996,16.524444580078125,1195650
2025-03-31,15.242782592773438,16.53333282470703,16.622222900390625,16.22222137451172,16.22222137451172,1954350
2025-04-01,15.447657585144043,16.75555419921875,16.835554122924805,16.311111450195312,16.391111373901367,2195212
2025-04-02,15.373902320861816,16.675554275512695,17.0222225189209,16.66666603088379,16.69333267211914,3721837
2025-04-03,15.267367362976074,16.559999465942383,17.040000915527344,16.488887786865234,16.808887481689453,4886437
2025-04-04,15.185418128967285,16.471111297607422,17.128887176513672,16.44444465637207,16.53333282470703,6205162
2025-04-07,15.3411226272583,16.639999389648438,17.084444046020508,16.24888801574707,16.257776260375977,7252650
2025-04-08,15.275562286376953,16.56888771057129,16.871110916137695,16.542221069335938,16.66666603088379,2627212
2025-04-09,15.34931755065918,16.648887634277344,17.084444046020508,16.44444465637207,16.453332901000977,3552637
2025-04-10,15.554194450378418,16.871110916137695,17.004444122314453,16.56888771057129,16.648887634277344,2342025
2025-04-11,16.488428115844727,17.884443283081055,17.893333435058594,16.933332443237305,16.942222595214844,5722537
2025-04-14,17.070276260375977,18.515554428100586,18.66666603088379,18.044443130493164,18.06222152709961,6030787
2025-04-15,16.644136428833008,18.053333282470703,18.60444450378418,17.97333335876465,18.559999465942383,4535437
2025-04-16,16.627744674682617,18.035554885864258,18.177776336669922,17.91111183166504,17.991111755371094,3283087
2025-04-17,16.51301383972168,17.91111183166504,18.106666564941406,17.866666793823242,18.08888816833496,2160225
2025-04-22,16.668720245361328,18.079999923706055,18.302221298217773,17.77777671813965,17.9022216796875,2806087
2025-04-23,16.480234146118164,17.87555503845215,18.266666412353516,17.74222183227539,18.266666412353516,3004537
2025-04-24,16.488428115844727,17.884443283081055,17.97333335876465,17.635555267333984,17.822221755981445,3599887
2025-04-25,16.398284912109375,17.786666870117188,18.017776489257812,17.760000228881836,17.9022216796875,3342600
2025-04-28,16.373699188232422,17.760000228881836,17.822221755981445,17.600000381469727,17.77777671813965,3118837
2025-04-29,16.34911346435547,17.733333587646484,17.96444320678711,17.65333366394043,17.77777671813965,1961887
2025-04-30,16.217992782592773,17.591110229492188,17.77777671813965,17.45777702331543,17.733333587646484,2343600
2025-05-02,16.4146728515625,17.804443359375,17.91111183166504,17.55555534362793,17.697776794433594,2694150
2025-05-05,16.144235610961914,17.511110305786133,18.08888816833496,17.404443740844727,17.955554962158203,2899012
2025-05-06,16.2844295501709,17.17333221435547,17.422222137451172,16.9777774810791,17.17333221435547,1840725
2025-05-07,16.267574310302734,17.155555725097656,17.27111053466797,16.9777774810791,17.200000762939453,2017237
2025-05-08,16.29286003112793,17.182222366333008,17.324443817138672,17.004444122314453,17.306665420532227,1814287
2025-05-09,15.938849449157715,16.808887481689453,17.093332290649414,16.542221069335938,17.01333236694336,5020087
2025-05-12,15.913564682006836,16.782222747802734,16.897777557373047,16.40888786315918,16.888887405395508,4099500
2025-05-13,15.997852325439453,16.871110916137695,17.066665649414062,16.711111068725586,16.711111068725586,3952125
2025-05-14,15.728130340576172,16.586666107177734,17.688888549804688,16.559999465942383,17.58222198486328,3644325
2025-05-15,16.048423767089844,16.9244441986084,16.9244441986084,16.59555435180664,16.622222900390625,2362725
2025-05-16,16.00628089904785,16.8799991607666,17.040000915527344,16.684444427490234,16.8799991607666,2143800
2025-05-19,15.913564682006836,16.782222747802734,16.942222595214844,16.711111068725586,16.8266658782959,2091487
2025-05-20,15.930420875549316,16.799999237060547,16.799999237060547,16.613332748413086,16.719999313354492,1496025
2025-05-21,15.610126495361328,16.462221145629883,16.75555419921875,16.453332901000977,16.684444427490234,1244362
2025-05-22,15.475266456604004,16.31999969482422,16.577777862548828,16.31999969482422,16.44444465637207,2456775
2025-05-23,15.913564682006836,16.782222747802734,16.86222267150879,16.213333129882812,16.31999969482422,2617087
2025-05-26,15.905134201049805,16.773332595825195,17.01333236694336,16.719999313354492,16.719999313354492,2064375
2025-05-27,16.14957046508789,17.031110763549805,17.13777732849121,16.773332595825195,16.897777557373047,3012637
2025-05-28,16.259143829345703,17.146665573120117,17.226665496826172,16.995555877685547,17.066665649414062,1868850
2025-05-29,16.267574310302734,17.155555725097656,17.288888931274414,16.8799991607666,17.066665649414062,3092175
2025-05-30,15.921993255615234,16.79111099243164,17.27111053466797,16.79111099243164,17.27111053466797,1797750
2025-06-02,15.829275131225586,16.69333267211914,17.057777404785156,16.577777862548828,16.799999237060547,2464987
2025-06-03,15.972565650939941,16.844444274902344,17.084444046020508,16.657777786254883,16.70222282409668,1973925
2025-06-04,15.921993255615234,16.79111099243164,17.093332290649414,16.79111099243164,16.906665802001953,1991587
2025-06-05,16.014707565307617,16.888887405395508,17.004444122314453,16.711111068725586,16.799999237060547,1891575
2025-06-06,15.938849449157715,16.808887481689453,17.004444122314453,16.7288875579834,16.888887405395508,1540687
2025-06-09,15.508980751037598,16.355554580688477,16.8266658782959,16.328887939453125,16.79111099243164,2586150
2025-06-10,15.70284366607666,16.559999465942383,16.75555419921875,16.426666259765625,16.471111297607422,1619775
2025-06-11,15.728130340576172,16.586666107177734,16.675554275512695,16.399999618530273,16.53333282470703,2210400
2025-06-12,15.500553131103516,16.34666633605957,16.542221069335938,16.33777618408203,16.524444580078125,2021062
2025-06-13,15.584839820861816,16.43555450439453,16.586666107177734,16.275554656982422,16.311111450195312,2034000
2025-06-16,15.913564682006836,16.782222747802734,16.9244441986084,16.417776107788086,16.542221069335938,3120300
2025-06-17,15.77027416229248,16.63111114501953,16.897777557373047,16.488887786865234,16.897777557373047,1511887
2025-06-18,15.53426742553711,16.382221221923828,16.719999313354492,16.382221221923828,16.66666603088379,2559262
2025-06-20,15.551125526428223,16.399999618530273,16.471111297607422,16.204444885253906,16.44444465637207,2794500
2025-06-23,15.593270301818848,16.44444465637207,16.844444274902344,16.293333053588867,16.399999618530273,2514375
2025-06-24,15.154972076416016,15.982221603393555,16.53333282470703,15.911110877990723,16.382221221923828,2577825
2025-06-25,15.003253936767578,15.822221755981445,16.02666664123535,15.724444389343262,16.0,3275437
2025-06-26,15.09597110748291,15.920000076293945,15.982221603393555,15.733332633972168,15.875555038452148,2414475
2025-06-27,15.09597110748291,15.920000076293945,15.991110801696777,15.751111030578613,15.795555114746094,1817887
2025-06-30,15.062255859375,15.884444236755371,16.017776489257812,15.795555114746094,15.920000076293945,3215700
2025-07-01,15.020112037658691,15.84000015258789,15.991110801696777,15.733332633972168,15.928888320922852,2122650
2025-07-02,15.180258750915527,16.008888244628906,16.02666664123535,15.804444313049316,15.911110877990723,2950425
2025-07-03,15.213973045349121,16.044443130493164,16.266666412353516,16.035554885864258,16.035554885864258,2053575
2025-07-04,15.256117820739746,16.08888816833496,16.22222137451172,16.008888244628906,16.008888244628906,1469925
2025-07-07,15.399407386779785,16.239999771118164,16.257776260375977,16.106666564941406,16.133333206176758,1316250
2025-07-08,15.492122650146484,16.33777618408203,16.426666259765625,16.204444885253906,16.266666412353516,1491975
2025-07-09,15.171830177307129,16.0,16.622222900390625,16.0,16.391111373901367,5881275
2025-07-10,15.298261642456055,16.133333206176758,16.257776260375977,15.9022216796875,16.0,2607637
2025-07-11,15.340404510498047,16.177776336669922,16.231111526489258,16.02666664123535,16.035554885864258,1835325
2025-07-14,15.28983211517334,16.12444305419922,16.275554656982422,16.017776489257812,16.079999923706055,3231675
2025-07-15,15.35726261138916,16.195554733276367,16.213333129882812,15.920000076293945,16.053333282470703,2063250
2025-07-16,15.492122650146484,16.33777618408203,16.43555450439453,16.079999923706055,16.195554733276367,3953700
2025-07-17,15.323548316955566,16.15999984741211,16.479999542236328,16.15999984741211,16.364444732666016,2019712
2025-07-18,15.340404510498047,16.177776336669922,16.213333129882812,16.053333282470703,16.15999984741211,961762
2025-07-21,15.247689247131348,16.079999923706055,16.24888801574707,15.991110801696777,16.177776336669922,1854225
2025-07-22,15.11282730102539,15.937776565551758,16.168888092041016,15.866665840148926,16.168888092041016,1709325
2025-07-23,15.205544471740723,16.035554885864258,16.106666564941406,15.884444236755371,15.955554962158203,1670062
2025-07-24,15.129685401916504,15.955554962158203,16.08888816833496,15.875555038452148,15.94666576385498,2459025
2025-07-25,15.163400650024414,15.991110801696777,16.017776489257812,15.715555191040039,15.920000076293945,3316387
2025-07-28,15.062255859375,15.884444236755371,16.106666564941406,15.688887596130371,16.0,2375212
2025-07-29,15.28983211517334,16.12444305419922,16.24888801574707,15.884444236755371,15.928888320922852,1541925
2025-07-30,15.382549285888672,16.22222137451172,16.328887939453125,15.973333358764648,16.12444305419922,3656362
2025-07-31,15.449979782104492,16.293333053588867,16.355554580688477,16.008888244628906,16.07111167907715,1754325
2025-08-01,15.28983211517334,16.12444305419922,16.43555450439453,16.12444305419922,16.355554580688477,2022412
2025-08-04,15.298261642456055,16.133333206176758,16.231111526489258,15.991110801696777,16.195554733276367,1312425
2025-08-05,15.247689247131348,16.079999923706055,16.195554733276367,15.955554962158203,16.195554733276367,1318387
2025-08-06,14.876821517944336,15.688887596130371,16.168888092041016,15.688887596130371,16.168888092041016,2461387
2025-08-07,14.564956665039062,15.359999656677246,15.715555191040039,15.35111141204834,15.644444465637207,2377800
2025-08-08,14.598670959472656,15.395554542541504,15.582221984863281,15.288887977600098,15.288887977600098,1620112
2025-08-11,14.522811889648438,15.31555461883545,15.359999656677246,15.15555477142334,15.35111141204834,2447662
2025-08-12,14.40480899810791,15.191110610961914,15.431111335754395,15.119999885559082,15.377777099609375,1692562
2025-08-13,14.598670959472656,15.395554542541504,15.395554542541504,15.048888206481934,15.226666450500488,2878650
2025-08-14,14.421667098999023,15.208888053894043,15.431111335754395,14.89777660369873,15.182222366333008,5543775
2025-08-15,14.244662284851074,15.022221565246582,15.279999732971191,15.022221565246582,15.182222366333008,2133562
2025-08-18,14.438525199890137,15.226666450500488,15.377777099609375,15.031110763549805,15.031110763549805,1575900
2025-08-19,14.303664207458496,15.084444046020508,15.25333309173584,14.95111083984375,15.25333309173584,2263162
2025-08-20,14.345808029174805,15.128888130187988,15.324443817138672,15.013333320617676,15.075554847717285,2358787
2025-08-21,14.244662284851074,15.022221565246582,15.128888130187988,14.853333473205566,15.102222442626953,2590087
2025-08-22,14.489097595214844,15.279999732971191,15.279999732971191,14.906665802001953,15.199999809265137,3069337
2025-08-25,14.53966999053955,15.333333015441895,15.395554542541504,15.11111068725586,15.29777717590332,2444287
2025-08-26,14.58181381225586,15.377777099609375,15.431111335754395,15.146665573120117,15.359999656677246,1927012
2025-08-27,14.674530982971191,15.475555419921875,15.55555534362793,15.342222213745117,15.466666221618652,1969987
2025-08-28,14.868393898010254,15.680000305175781,15.795555114746094,15.422222137451172,15.591111183166504,2590537
2025-08-29,14.75039005279541,15.55555534362793,15.813332557678223,15.546666145324707,15.635555267333984,5776650
2025-09-01,14.58181381225586,15.377777099609375,15.617776870727539,15.342222213745117,15.475555419921875,1385437
2025-09-02,14.40480899810791,15.191110610961914,15.35111141204834,15.11111068725586,15.29777717590332,1639237
2025-09-03,14.328949928283691,15.11111068725586,15.199999809265137,15.066665649414062,15.182222366333008,1957387
2025-09-04,14.421667098999023,15.208888053894043,15.244443893432617,15.11111068725586,15.11111068725586,2148187
2025-09-05,14.472240447998047,15.262222290039062,15.306666374206543,15.119999885559082,15.235554695129395,2040975
2025-09-08,14.379523277282715,15.164443969726562,15.288887977600098,15.039999961853027,15.226666450500488,1937812
2025-09-09,14.345808029174805,15.128888130187988,15.235554695129395,15.048888206481934,15.191110610961914,1390162
2025-09-10,14.328949928283691,15.11111068725586,15.208888053894043,15.048888206481934,15.164443969726562,2033437
2025-09-11,14.40480899810791,15.191110610961914,15.191110610961914,15.039999961853027,15.191110610961914,1723050
2025-09-12,14.295234680175781,15.075554847717285,15.235554695129395,15.048888206481934,15.137777328491211,2569725
2025-09-15,14.489097595214844,15.279999732971191,15.29777717590332,15.066665649414062,15.066665649414062,1660950
2025-09-16,14.337379455566406,15.119999885559082,15.395554542541504,15.11111068725586,15.306666374206543,1539112
2025-09-17,14.337379455566406,15.119999885559082,15.199999809265137,15.066665649414062,15.199999809265137,1933762
2025-09-18,14.118230819702148,14.888888359069824,15.137777328491211,14.773332595825195,15.11111068725586,3364875
2025-09-19,14.143516540527344,14.915555000305176,15.11111068725586,14.844444274902344,14.906665802001953,1844550
2025-09-22,13.882225036621094,14.640000343322754,14.942221641540527,14.640000343322754,14.933333396911621,1990575
2025-09-23,14.04237174987793,14.80888843536377,14.880000114440918,14.666666030883789,14.666666030883789,1630800
2025-09-24,13.991798400878906,14.755555152893066,14.906665802001953,14.755555152893066,14.853333473205566,899887
2025-09-25,13.86536693572998,14.622221946716309,14.835555076599121,14.595555305480957,14.755555152893066,2098462
2025-09-26,13.966511726379395,14.728887557983398,14.817776679992676,14.666666030883789,14.675555229187012,1563075
2025-09-29,14.000227928161621,14.764444351196289,14.942221641540527,14.69333267211914,14.844444274902344,1344937
2025-09-30,13.83165168762207,14.586666107177734,14.844444274902344,14.586666107177734,14.80888843536377,1631025
2025-10-01,13.840080261230469,14.595555305480957,14.69333267211914,14.40888786315918,14.622221946716309,2025450
2025-10-02,13.772649765014648,14.524443626403809,14.640000343322754,14.435555458068848,14.640000343322754,1227487
2025-10-03,13.435497283935547,14.168888092041016,14.50666618347168,14.017777442932129,14.444443702697754,4042350
2025-10-06,13.351210594177246,14.079999923706055,14.239999771118164,14.06222152709961,14.195554733276367,2581875
2025-10-07,13.258493423461914,13.982221603393555,14.133333206176758,13.9022216796875,14.088888168334961,2102400
2025-10-08,13.275351524353027,14.0,14.124444007873535,13.973333358764648,13.973333358764648,1380937
2025-10-09,13.224778175354004,13.94666576385498,14.10666561126709,13.875555038452148,14.04444408416748,4045950
2025-10-10,13.317495346069336,14.04444408416748,14.151110649108887,13.937776565551758,13.991110801696777,1937025
2025-10-13,13.191062927246094,13.911110877990723,14.195554733276367,13.911110877990723,14.097777366638184,1333912
2025-10-14,13.224778175354004,13.94666576385498,14.008888244628906,13.875555038452148,13.911110877990723,1257750
2025-10-15,13.309065818786621,14.035554885864258,14.06222152709961,13.84000015258789,13.884444236755371,2918587
2025-10-16,13.258493423461914,13.982221603393555,14.053333282470703,13.920000076293945,14.035554885864258,2008575
2025-10-17,13.258493423461914,13.982221603393555,14.026665687561035,13.893333435058594,13.991110801696777,3030075
2025-10-20,13.300637245178223,14.026665687561035,14.053333282470703,13.964444160461426,14.026665687561035,975375
2025-10-21,13.359638214111328,14.088888168334961,14.177777290344238,13.973333358764648,14.026665687561035,1500412
2025-10-22,13.368067741394043,14.097777366638184,14.133333206176758,13.982221603393555,14.088888168334961,974812
2025-10-23,13.325923919677734,14.053333282470703,14.133333206176758,14.008888244628906,14.097777366638184,1298250
2025-10-24,13.41864013671875,14.151110649108887,14.168888092041016,14.053333282470703,14.115554809570312,904612
2025-10-27,13.393354415893555,14.124444007873535,14.30222225189209,14.115554809570312,14.231110572814941,2311425
2025-10-28,13.359638214111328,14.088888168334961,14.266666412353516,14.079999923706055,14.168888092041016,1666800
2025-10-29,13.334352493286133,14.06222152709961,14.373332977294922,14.06222152709961,14.088888168334961,1764000
2025-10-30,13.376496315002441,14.10666561126709,14.177777290344238,14.017777442932129,14.115554809570312,929812
2025-10-31,13.612502098083496,14.355554580688477,14.382222175598145,14.115554809570312,14.133333206176758,1588162
2025-11-03,13.578787803649902,14.319999694824219,14.373332977294922,14.222222328186035,14.373332977294922,1274062
2025-11-04,13.76422119140625,14.515555381774902,14.657776832580566,14.30222225189209,14.311111450195312,1691775
2025-11-05,13.840080261230469,14.595555305480957,14.69333267211914,14.471111297607422,14.515555381774902,2364525
2025-11-06,13.578787803649902,14.319999694824219,14.631111145019531,14.293333053588867,14.631111145019531,1414462
2025-11-07,14.143516540527344,14.915555000305176,15.199999809265137,14.595555305480957,14.817776679992676,5224725
2025-11-10,14.227805137634277,15.004444122314453,15.199999809265137,14.880000114440918,14.933333396911621,3064275
2025-11-11,14.236233711242676,15.013333320617676,15.128888130187988,14.95111083984375,15.004444122314453,2360025
2025-11-12,14.160374641418457,14.933333396911621,15.09333324432373,14.79111099243164,15.013333320617676,1940625
2025-11-13,13.949654579162598,14.711111068725586,14.977776527404785,14.711111068725586,14.906665802001953,1584225
2025-11-14,14.033943176269531,14.800000190734863,14.888888359069824,14.666666030883789,14.711111068725586,1768725
2025-11-17,13.915939331054688,14.675555229187012,14.835555076599121,14.524443626403809,14.800000190734863,1876387
2025-11-18,13.83165168762207,14.586666107177734,14.737776756286621,14.524443626403809,14.586666107177734,1298025
2025-11-19,13.705219268798828,14.453332901000977,14.684444427490234,14.453332901000977,14.542222023010254,1892025
2025-11-21,13.637789726257324,14.382222175598145,14.604443550109863,14.257777214050293,14.5600004196167,2884500
2025-11-24,13.713648796081543,14.4622220993042,14.524443626403809,14.319999694824219,14.40888786315918,1557225
2025-11-25,13.502928733825684,14.239999771118164,14.524443626403809,14.239999771118164,14.488887786865234,1774237
2025-11-26,13.856937408447266,14.613332748413086,14.613332748413086,14.257777214050293,14.257777214050293,1977975
2025-11-27,13.907510757446289,14.666666030883789,14.746665954589844,14.488887786865234,14.640000343322754,1248525
2025-11-28,13.9412260055542,14.702221870422363,14.817776679992676,14.622221946716309,14.675555229187012,1909462
2025-12-01,13.781078338623047,14.533332824707031,14.80888843536377,14.497776985168457,14.755555152893066,1578150
2025-12-02,13.86536693572998,14.622221946716309,14.702221870422363,14.435555458068848,14.551111221313477,2402775
2025-12-03,14.025513648986816,14.79111099243164,14.80888843536377,14.622221946716309,14.622221946716309,1501762
2025-12-04,14.084515571594238,14.853333473205566,14.942221641540527,14.728887557983398,14.862221717834473,2565112
2025-12-05,13.772649765014648,14.524443626403809,15.102222442626953,14.524443626403809,15.102222442626953,3979125
2025-12-08,14.244662284851074,15.022221565246582,15.173333168029785,14.568887710571289,14.657776832580566,2609887
2025-12-09,14.32052230834961,15.102222442626953,15.35111141204834,14.871110916137695,14.986665725708008,2713050
2025-12-10,14.657672882080078,15.45777702331543,15.528887748718262,15.11111068725586,15.15555477142334,2350125
2025-12-11,14.53966999053955,15.333333015441895,15.520000457763672,15.15555477142334,15.466666221618652,2303550
2025-12-12,14.75039005279541,15.55555534362793,15.564443588256836,15.333333015441895,15.41333293914795,2257762
2025-12-15,14.604443550109863,14.604443550109863,14.95111083984375,14.595555305480957,14.835555076599121,2966512
2025-12-16,14.435555458068848,14.435555458068848,14.675555229187012,14.435555458068848,14.595555305480957,2684362
2025-12-17,14.222222328186035,14.222222328186035,14.479999542236328,14.186665534973145,14.399999618530273,2646675
2025-12-18,14.284443855285645,14.284443855285645,14.40888786315918,14.20444393157959,14.222222328186035,1854675
2025-12-19,14.222222328186035,14.222222328186035,14.355554580688477,14.20444393157959,14.284443855285645,2208825
2025-12-22,14.15999984741211,14.15999984741211,14.328887939453125,14.15999984741211,14.275554656982422,3323812
2025-12-23,14.222222328186035,14.222222328186035,14.355554580688477,14.177777290344238,14.222222328186035,1786950
2025-12-26,14.355554580688477,14.355554580688477,14.3644437789917,14.04444408416748,14.20444393157959,2312550
2025-12-29,14.34666633605957,14.34666633605957,14.453332901000977,14.30222225189209,14.355554580688477,1566562
2025-12-30,14.266666412353516,14.266666412353516,14.471111297607422,14.213333129882812,14.444443702697754,2525400
2026-01-02,14.789999961853027,14.789999961853027,14.800000190734863,14.390000343322754,14.390000343322754,4996500
2026-01-05,14.640000343322754,14.640000343322754,14.819999694824219,14.600000381469727,14.819999694824219,2271800
2026-01-06,14.65999984741211,14.65999984741211,14.739999771118164,14.479999542236328,14.640000343322754,4666000
2026-01-07,14.359999656677246,14.359999656677246,14.739999771118164,14.3100004196167,14.65999984741211,2198900
2026-01-08,14.449999809265137,14.449999809265137,14.579999923706055,14.3100004196167,14.399999618530273,2143600
2026-01-09,14.579999923706055,14.579999923706055,14.65999984741211,14.449999809265137,14.520000457763672,3056300
2026-01-12,15.050000190734863,15.050000190734863,15.069999694824219,14.529999732971191,14.569999694824219,5291800
2026-01-13,15.0600004196167,15.0600004196167,15.09000015258789,14.899999618530273,15.050000190734863,2515400
2026-01-14,15.229999542236328,15.229999542236328,15.300000190734863,14.989999771118164,15.199999809265137,2812400
2026-01-15,15.4399995803833,15.4399995803833,15.59000015258789,15.149999618530273,15.229999542236328,2390000
2026-01-16,15.220000267028809,15.220000267028809,15.5,15.079999923706055,15.4399995803833,1803400
2026-01-19,15.050000190734863,15.050000190734863,15.279999732971191,15.039999961853027,15.270000457763672,997500
2026-01-20,15.149999618530273,15.149999618530273,15.1899995803833,14.970000267028809,15.010000228881836,1059300
2026-01-21,15.479999542236328,15.479999542236328,15.550000190734863,15.15999984741211,15.210000038146973,1594200
2026-01-22,15.5600004196167,15.5600004196167,15.729999542236328,15.449999809265137,15.5600004196167,2485800
2026-01-23,15.899999618530273,15.899999618530273,16.100000381469727,15.479999542236328,15.640000343322754,2042400
2026-01-26,16.020000457763672,16.020000457763672,16.06999969482422,15.84000015258789,15.949999809265137,1809800
2026-01-27,16.200000762939453,16.200000762939453,16.299999237060547,16.010000228881836,16.1299991607666,1626100
2026-01-28,15.979999542236328,15.979999542236328,16.350000381469727,15.8100004196167,16.25,3102200
2026-01-29,15.819999694824219,15.819999694824219,16.139999389648438,15.5,16.100000381469727,4889600
2026-01-30,16.049999237060547,16.049999237060547,16.110000610351562,15.75,15.819999694824219,2553300
2026-02-02,15.9399995803833,15.9399995803833,16.1299991607666,15.75,16.1299991607666,1770100
2026-02-03,16.209999084472656,16.209999084472656,16.40999984741211,15.979999542236328,15.979999542236328,1638100
2026-02-04,15.789999961853027,15.789999961853027,16.139999389648438,15.640000343322754,16.139999389648438,2356700
2026-02-05,15.59000015258789,15.59000015258789,15.84000015258789,15.59000015258789,15.739999771118164,1845100
2026-02-06,15.470000267028809,15.470000267028809,15.680000305175781,15.470000267028809,15.600000381469727,1594900
2026-02-09,15.819999694824219,15.819999694824219,15.90999984741211,15.529999732971191,15.539999961853027,2104700
2026-02-10,15.789999961853027,15.789999961853027,15.979999542236328,15.779999732971191,15.819999694824219,1319400
2026-02-11,16.049999237060547,16.049999237060547,16.18000030517578,15.850000381469727,15.869999885559082,2694500
2026-02-12,15.880000114440918,15.880000114440918,16.219999313354492,15.880000114440918,16.06999969482422,2818300
2026-02-13,15.890000343322754,15.890000343322754,15.930000305175781,15.579999923706055,15.8100004196167,2249900
2026-02-18,15.84000015258789,15.84000015258789,16.049999237060547,15.75,15.880000114440918,1801900
2026-02-19,16.149999618530273,16.149999618530273,16.200000762939453,15.779999732971191,15.84000015258789,1659400
2026-02-20,16.270000457763672,16.270000457763672,16.309999465942383,15.949999809265137,16.049999237060547,1806100
2026-02-23,16.09000015258789,16.09000015258789,16.31999969482422,16.020000457763672,16.190000534057617,1897700
2026-02-24,16.34000015258789,16.34000015258789,16.34000015258789,15.979999542236328,16.170000076293945,1515200
2026-02-25,16.530000686645508,16.530000686645508,16.530000686645508,16.149999618530273,16.3799991607666,1783000
2026-02-26,16.6200008392334,16.6200008392334,16.940000534057617,16.450000762939453,16.610000610351562,2072500
2026-02-27,16.479999542236328,16.479999542236328,16.639999389648438,16.399999618530273,16.559999465942383,2311300
2026-03-02,16.639999389648438,16.639999389648438,16.809999465942383,16.190000534057617,16.350000381469727,2412200
2026-03-03,16.229999542236328,16.229999542236328,16.40999984741211,16.1200008392334,16.3799991607666,2166000
2026-03-04,16.309999465942383,16.309999465942383,16.450000762939453,16.15999984741211,16.329999923706055,1653000
2026-03-05,16.209999084472656,16.209999084472656,16.350000381469727,16.049999237060547,16.229999542236328,2540300
2026-03-06,16.389999389648438,16.389999389648438,16.579999923706055,16.15999984741211,16.209999084472656,2551900
2026-03-09,16.75,16.75,16.989999771118164,16.290000915527344,16.389999389648438,5565400
2026-03-10,16.959999084472656,16.959999084472656,17.110000610351562,16.610000610351562,16.84000015258789,2307000
2026-03-11,16.829999923706055,16.829999923706055,17.079999923706055,16.6200008392334,16.950000762939453,2633800
2026-03-12,17.559999465942383,17.559999465942383,17.610000610351562,16.610000610351562,16.610000610351562,7283300
2026-03-13,18.0,18.0,18.260000228881836,17.510000228881836,17.559999465942383,5429000
2026-03-16,18.09000015258789,18.09000015258789,18.530000686645508,18.09000015258789,18.1299991607666,2807500
2026-03-17,18.31999969482422,18.31999969482422,18.360000610351562,17.799999237060547,18.040000915527344,2709700
2026-03-18,18.010000228881836,18.010000228881836,18.299999237060547,17.969999313354492,18.239999771118164,2262600
2026-03-19,18.209999084472656,18.209999084472656,18.280000686645508,17.760000228881836,17.90999984741211,2832500
2026-03-20,18.209999084472656,18.209999084472656,18.479999542236328,17.84000015258789,18.209999084472656,5853400
2026-03-23,18.25,18.25,18.290000915527344,17.709999084472656,18.25,3181400
2026-03-24,18.479999542236328,18.479999542236328,18.479999542236328,18.1200008392334,18.25,2027500
2026-03-25,18.520000457763672,18.520000457763672,18.549999237060547,18.25,18.489999771118164,1826200
2026-03-26,18.3700008392334,18.3700008392334,18.68000030517578,18.31999969482422,18.399999618530273,2271500
2026-03-27,18.639999389648438,18.639999389648438,18.889999389648438,18.219999313354492,18.389999389648438,3376100
2026-03-30,18.579999923706055,18.579999923706055,18.84000015258789,18.530000686645508,18.65999984741211,1781000
2026-03-31,18.709999084472656,18.709999084472656,18.889999389648438,18.450000762939453,18.700000762939453,2809100
2026-04-01,18.170000076293945,18.170000076293945,18.68000030517578,17.809999465942383,18.670000076293945,5986400
2026-04-02,18.469999313354492,18.469999313354492,18.690000534057617,18.030000686645508,18.1200008392334,3674700
2026-04-06,18.3799991607666,18.3799991607666,18.68000030517578,18.299999237060547,18.510000228881836,2109500
2026-04-07,17.709999084472656,17.709999084472656,18.420000076293945,17.309999465942383,18.40999984741211,5509800
2026-04-08,18.209999084472656,18.209999084472656,18.520000457763672,17.489999771118164,17.850000381469727,5521500
2026-04-09,18.610000610351562,18.610000610351562,18.690000534057617,18.1200008392334,18.209999084472656,2125100
2026-04-10,18.809999465942383,18.809999465942383,18.979999542236328,18.6200008392334,18.690000534057617,2078900
2026-04-13,19.100000381469727,19.100000381469727,19.139999389648438,18.75,18.93000030517578,2541700
2026-04-14,19.31999969482422,19.31999969482422,19.479999542236328,19.06999969482422,19.190000534057617,4039500
2026-04-15,18.350000381469727,18.350000381469727,19.3799991607666,18.209999084472656,19.299999237060547,4594200
2026-04-16,18.100000381469727,18.100000381469727,18.540000915527344,18.0,18.350000381469727,3880500
2026-04-17,17.739999771118164,17.739999771118164,18.270000457763672,17.649999618530273,18.270000457763672,4092000
2026-04-20,17.850000381469727,17.850000381469727,18.0,17.770000457763672,17.84000015258789,3403200
2026-04-22,17.68000030517578,17.68000030517578,18.110000610351562,17.610000610351562,17.84000015258789,2441600
2026-04-23,17.530000686645508,17.530000686645508,17.700000762939453,17.290000915527344,17.700000762939453,2585800
2026-04-24,17.3700008392334,17.3700008392334,17.540000915527344,17.25,17.530000686645508,2038000
2026-04-27,17.239999771118164,17.239999771118164,17.559999465942383,17.15999984741211,17.15999984741211,1555000
2026-04-28,16.850000381469727,16.850000381469727,17.18000030517578,16.84000015258789,17.18000030517578,3058000
2026-04-29,16.979999542236328,16.979999542236328,17.010000228881836,16.729999542236328,16.850000381469727,5697700
2026-04-30,17.0,17.0,17.15999984741211,16.90999984741211,17.06999969482422,8971200
2026-05-04,17.329999923706055,17.329999923706055,17.479999542236328,16.950000762939453,17.020000457763672,7156600
2026-05-05,17.3700008392334,17.3700008392334,17.479999542236328,17.229999542236328,17.239999771118164,1575400
2026-05-06,17.549999237060547,17.549999237060547,17.56999969482422,17.200000762939453,17.459999084472656,1510000
2026-05-07,17.40999984741211,17.40999984741211,17.59000015258789,17.239999771118164,17.549999237060547,1736600
2026-05-08,17.329999923706055,17.329999923706055,17.520000457763672,17.270000457763672,17.520000457763672,1500600
2026-05-11,17.389999389648438,17.389999389648438,17.489999771118164,17.18000030517578,17.299999237060547,1843100
2026-05-12,17.450000762939453,17.450000762939453,17.700000762939453,17.270000457763672,17.31999969482422,2391700
2026-05-13,17.6200008392334,17.6200008392334,17.920000076293945,17.329999923706055,17.450000762939453,5286900
2026-05-14,17.34000015258789,17.34000015258789,17.700000762939453,16.649999618530273,17.360000610351562,6232900
2026-05-15,17.190000534057617,17.190000534057617,17.6200008392334,16.8700008392334,17.09000015258789,5653200
2026-05-18,17.280000686645508,17.280000686645508,17.3700008392334,16.8700008392334,17.229999542236328,2140100
2026-05-19,16.790000915527344,16.790000915527344,17.299999237060547,16.790000915527344,17.299999237060547,1448300
2026-05-20,16.520000457763672,16.520000457763672,16.8700008392334,16.350000381469727,16.8700008392334,3046000
2026-05-21,16.5,16.5,16.600000381469727,16.329999923706055,16.469999313354492,1566400
2026-05-22,16.06999969482422,16.06999969482422,16.40999984741211,15.869999885559082,16.399999618530273,2494200
2026-05-25,16.219999313354492,16.219999313354492,16.25,16.040000915527344,16.1299991607666,1230100
2026-05-26,16.1299991607666,16.1299991607666,16.25,16.049999237060547,16.209999084472656,1292500
2026-05-27,15.890000343322754,15.890000343322754,16.219999313354492,15.890000343322754,16.200000762939453,1783300
2026-05-28,15.899999618530273,15.899999618530273,15.979999542236328,15.65999984741211,15.899999618530273,2346700
2026-05-29,15.5,15.5,15.800000190734863,15.399999618530273,15.5,4660400
2026-06-01,15.210000038146973,15.210000038146973,15.539999961853027,15.109999656677246,15.539999961853027,4340400
2026-06-02,15.289999961853027,15.289999961853027,15.4399995803833,15.229999542236328,15.289999961853027,2029600
2026-06-03,14.979999542236328,14.979999542236328,15.319999694824219,14.970000267028809,15.199999809265137,6068300
2026-06-05,14.8100004196167,14.8100004196167,15.0600004196167,14.65999984741211,15.0,3607400
2026-06-08,14.449999809265137,14.449999809265137,14.890000343322754,14.449999809265137,14.829999923706055,2949000
2026-06-09,14.5600004196167,14.5600004196167,14.670000076293945,14.430000305175781,14.5,2941700
2026-06-10,14.890000343322754,14.890000343322754,14.960000038146973,14.5,14.5,4034700
2026-06-11,14.680000305175781,14.680000305175781,14.869999885559082,14.380000114440918,14.869999885559082,5165300
2026-06-12,14.25,14.25,14.760000228881836,14.239999771118164,14.619999885559082,3412300
2026-06-15,14.119999885559082,14.119999885559082,14.539999961853027,14.119999885559082,14.34000015258789,4153100
2026-06-16,14.039999961853027,14.039999961853027,14.25,14.0,14.220000267028809,2377800
2026-06-17,13.75,13.75,14.119999885559082,13.75,14.119999885559082,2542300
2026-06-18,13.539999961853027,13.539999961853027,13.800000190734863,13.539999961853027,13.770000457763672,3617900
2026-06-19,13.600000381469727,13.600000381469727,13.6899995803833,13.520000457763672,13.579999923706055,1713200
2026-06-22,13.420000076293945,13.420000076293945,13.649999618530273,13.380000114440918,13.649999618530273,3354600
2026-06-23,13.460000038146973,13.460000038146973,13.609999656677246,13.3100004196167,13.399999618530273,3846100
2026-06-24,13.369999885559082,13.369999885559082,13.59000015258789,13.319999694824219,13.449999809265137,3075300
2026-06-25,13.300000190734863,13.300000190734863,13.569999694824219,13.300000190734863,13.449999809265137,2914500
2026-06-26,13.170000076293945,13.170000076293945,13.569999694824219,13.15999984741211,13.420000076293945,4881300
