Price,Adj Close,Close,High,Low,Open,Volume
Ticker,BPAC11.SA,BPAC11.SA,BPAC11.SA,BPAC11.SA,BPAC11.SA,BPAC11.SA
Date,,,,,,
2021-06-28,26.913496017456055,30.489999771118164,30.797500610351562,29.752500534057617,29.872499465942383,18452400
2021-06-29,27.07678985595703,30.674999237060547,30.674999237060547,30.0,30.575000762939453,8230800
2021-06-30,26.935558319091797,30.514999389648438,30.625,30.104999542236328,30.625,46547200
2021-07-01,26.56041145324707,30.09000015258789,31.149999618530273,29.700000762939453,30.489999771118164,9616900
2021-07-02,27.769710540771484,31.459999084472656,31.799999237060547,30.31999969482422,30.5,13466300
2021-07-05,27.72557258605957,31.40999984741211,31.959999084472656,31.100000381469727,31.719999313354492,6827100
2021-07-06,27.116514205932617,30.719999313354492,31.670000076293945,30.43000030517578,31.360000610351562,6344000
2021-07-07,27.337188720703125,30.969999313354492,31.200000762939453,30.31999969482422,31.09000015258789,10997100
2021-07-08,26.860532760620117,30.43000030517578,30.600000381469727,29.450000762939453,30.31999969482422,9935900
2021-07-12,27.107685089111328,30.709999084472656,30.950000762939453,30.329999923706055,30.790000915527344,5903000
2021-07-13,27.496074676513672,31.149999618530273,31.350000381469727,30.25,30.600000381469727,5963400
2021-07-14,27.97273063659668,31.690000534057617,31.899999618530273,31.299999237060547,31.510000228881836,8635400
2021-07-15,28.414079666137695,32.189998626708984,32.45000076293945,31.469999313354492,31.690000534057617,11500000
2021-07-16,27.963905334472656,31.68000030517578,32.20000076293945,31.520000457763672,32.20000076293945,6575600
2021-07-19,27.50489616394043,31.15999984741211,31.479999542236328,30.6299991607666,31.110000610351562,10286900
2021-07-20,27.89328956604004,31.600000381469727,31.68000030517578,30.8700008392334,31.239999771118164,3843700
2021-07-21,28.113962173461914,31.850000381469727,31.93000030517578,31.31999969482422,31.600000381469727,3619100
2021-07-22,27.946250915527344,31.65999984741211,31.959999084472656,31.5,31.610000610351562,3671700
2021-07-23,27.963905334472656,31.68000030517578,32.029998779296875,31.40999984741211,31.790000915527344,4046600
2021-07-26,28.484697341918945,32.27000045776367,32.72999954223633,31.520000457763672,31.700000762939453,8295000
2021-07-27,27.955078125,31.670000076293945,32.209999084472656,31.139999389648438,32.209999084472656,10174700
2021-07-28,27.381322860717773,31.020000457763672,31.969999313354492,30.780000686645508,31.8700008392334,9136600
2021-07-29,27.054723739624023,30.649999618530273,31.5,30.309999465942383,31.149999618530273,13759300
2021-07-30,25.730676651000977,29.149999618530273,30.920000076293945,28.799999237060547,30.290000915527344,16747000
2021-08-02,26.074928283691406,29.540000915527344,30.31999969482422,29.15999984741211,29.899999618530273,14655600
2021-08-03,26.480968475341797,30.0,30.1299991607666,28.360000610351562,29.549999237060547,14106800
2021-08-04,26.322080612182617,29.81999969482422,30.059999465942383,29.399999618530273,29.899999618530273,8701600
2021-08-05,26.23381233215332,29.719999313354492,30.479999542236328,29.34000015258789,30.0,10883200
2021-08-06,26.69537353515625,30.06999969482422,30.219999313354492,29.1200008392334,29.81999969482422,7906300
2021-08-09,27.787336349487305,31.299999237060547,31.770000457763672,29.979999542236328,30.18000030517578,15961800
2021-08-10,27.600900650024414,31.09000015258789,32.650001525878906,30.860000610351562,32.25,19797700
2021-08-11,26.943946838378906,30.350000381469727,31.5,30.079999923706055,31.399999618530273,12762700
2021-08-12,26.16270637512207,29.469999313354492,30.459999084472656,29.350000381469727,30.200000762939453,17929700
2021-08-13,26.35801887512207,29.690000534057617,29.780000686645508,28.579999923706055,29.729999542236328,20168000
2021-08-16,25.052988052368164,28.219999313354492,29.600000381469727,28.049999237060547,29.579999923706055,17327000
2021-08-17,24.88431167602539,28.030000686645508,28.43000030517578,26.729999542236328,28.229999542236328,26222100
2021-08-18,24.413793563842773,27.5,28.530000686645508,27.299999237060547,28.110000610351562,19078100
2021-08-19,25.20391273498535,28.389999389648438,28.6299991607666,26.920000076293945,27.0,15120400
2021-08-20,25.15064239501953,28.329999923706055,28.700000762939453,27.700000762939453,28.190000534057617,9256600
2021-08-23,24.831043243408203,27.969999313354492,28.790000915527344,27.719999313354492,28.489999771118164,9052700
2021-08-24,25.443613052368164,28.65999984741211,29.190000534057617,28.299999237060547,28.299999237060547,13065500
2021-08-25,25.53238868713379,28.760000228881836,28.799999237060547,27.790000915527344,28.670000076293945,14538900
2021-08-26,24.88431167602539,28.030000686645508,29.200000762939453,27.8799991607666,28.6299991607666,13035000
2021-08-27,25.931882858276367,29.209999084472656,29.209999084472656,28.229999542236328,28.399999618530273,6838500
2021-08-30,25.514633178710938,28.739999771118164,29.31999969482422,28.579999923706055,29.270000457763672,7999900
2021-08-31,25.239421844482422,28.43000030517578,29.389999389648438,28.139999389648438,28.75,11702200
2021-09-01,24.831043243408203,27.969999313354492,28.489999771118164,27.700000762939453,28.360000610351562,11119500
2021-09-02,24.529203414916992,27.6299991607666,28.170000076293945,27.31999969482422,27.969999313354492,10825300
2021-09-03,24.396032333374023,27.479999542236328,28.049999237060547,26.860000610351562,27.790000915527344,11471400
2021-09-06,24.804414749145508,27.940000534057617,28.219999313354492,27.25,27.25,5798100
2021-09-08,23.597042083740234,26.579999923706055,27.889999389648438,26.399999618530273,27.889999389648438,12824400
2021-09-09,24.5025691986084,27.600000381469727,28.31999969482422,26.450000762939453,26.510000228881836,14652700
2021-09-10,23.907764434814453,26.93000030517578,28.290000915527344,26.75,28.18000030517578,9621300
2021-09-13,24.467056274414062,27.559999465942383,28.06999969482422,27.149999618530273,27.149999618530273,11983500
2021-09-14,24.529203414916992,27.6299991607666,28.239999771118164,27.469999313354492,27.75,5975200
2021-09-15,24.413793563842773,27.5,27.850000381469727,26.809999465942383,27.479999542236328,8380200
2021-09-16,24.271747589111328,27.34000015258789,27.479999542236328,27.020000457763672,27.15999984741211,7521000
2021-09-17,23.792348861694336,26.799999237060547,27.299999237060547,26.520000457763672,27.049999237060547,6384700
2021-09-20,22.87794303894043,25.770000457763672,26.079999923706055,25.290000915527344,25.600000381469727,13515600
2021-09-21,23.295196533203125,26.239999771118164,26.579999923706055,25.799999237060547,25.850000381469727,8310800
2021-09-22,24.18297004699707,27.239999771118164,27.739999771118164,26.3700008392334,26.670000076293945,11180600
2021-09-23,23.987655639648438,27.020000457763672,27.56999969482422,26.81999969482422,27.200000762939453,8480300
2021-09-24,23.765718460083008,26.770000457763672,26.90999984741211,26.219999313354492,26.860000610351562,9170000
2021-09-27,23.818981170654297,26.829999923706055,27.229999542236328,26.399999618530273,26.780000686645508,7141800
2021-09-28,22.762529373168945,25.639999389648438,26.579999923706055,25.309999465942383,26.399999618530273,9756900
2021-09-29,23.011112213134766,25.920000076293945,26.170000076293945,25.549999237060547,25.889999389648438,9032000
2021-09-30,22.194358825683594,25.0,26.1299991607666,24.90999984741211,26.0,12621200
2021-10-01,23.099885940551758,26.020000457763672,26.329999923706055,25.190000534057617,25.190000534057617,11128500
2021-10-04,21.945777893066406,24.719999313354492,25.469999313354492,23.8700008392334,25.350000381469727,19057900
2021-10-05,21.3864803314209,24.09000015258789,24.899999618530273,24.040000915527344,24.799999237060547,13975300
2021-10-06,21.572917938232422,24.299999237060547,24.31999969482422,22.920000076293945,23.75,20704900
2021-10-07,21.661691665649414,24.399999618530273,24.690000534057617,24.049999237060547,24.399999618530273,7656300
2021-10-08,22.771408081054688,25.649999618530273,26.170000076293945,24.670000076293945,24.68000030517578,16525200
2021-10-11,21.39535903930664,24.100000381469727,25.489999771118164,23.959999084472656,25.399999618530273,12120300
2021-10-13,21.96353530883789,24.739999771118164,25.06999969482422,23.84000015258789,24.239999771118164,16570700
2021-10-14,21.999048233032227,24.780000686645508,25.139999389648438,24.329999923706055,24.989999771118164,9616800
2021-10-15,23.037744522094727,25.950000762939453,26.030000686645508,24.639999389648438,24.719999313354492,25443600
2021-10-18,22.638246536254883,25.5,25.739999771118164,24.799999237060547,25.5,12883800
2021-10-19,21.43086814880371,24.139999389648438,25.059999465942383,23.799999237060547,25.030000686645508,14565600
2021-10-20,22.00792694091797,24.790000915527344,25.1200008392334,23.8799991607666,24.40999984741211,12715600
2021-10-21,20.62299346923828,23.229999542236328,24.389999389648438,23.170000076293945,24.010000228881836,29438600
2021-10-22,20.356664657592773,22.93000030517578,23.59000015258789,21.479999542236328,23.59000015258789,36861700
2021-10-25,20.7384090423584,23.360000610351562,23.81999969482422,23.0,23.010000228881836,17497000
2021-10-26,19.957162857055664,22.479999542236328,23.15999984741211,22.280000686645508,22.920000076293945,13064600
2021-10-27,20.241252899169922,22.799999237060547,23.459999084472656,22.479999542236328,22.790000915527344,8549000
2021-10-28,20.179107666015625,22.729999542236328,23.360000610351562,22.510000228881836,22.510000228881836,9234500
2021-10-29,20.10808753967285,22.649999618530273,23.229999542236328,22.459999084472656,22.84000015258789,12304500
2021-11-01,20.94259262084961,23.59000015258789,23.899999618530273,23.040000915527344,23.139999389648438,13071500
2021-11-03,21.14678382873535,23.81999969482422,24.329999923706055,23.209999084472656,23.440000534057617,12498700
2021-11-04,20.76504135131836,23.389999389648438,23.959999084472656,23.079999923706055,23.75,8885700
2021-11-05,21.697200775146484,24.440000534057617,24.6299991607666,23.600000381469727,23.799999237060547,8981500
2021-11-08,21.14678382873535,23.81999969482422,24.25,23.43000030517578,24.18000030517578,5413000
2021-11-09,20.143598556518555,22.690000534057617,24.780000686645508,22.610000610351562,24.049999237060547,18410400
2021-11-10,21.08464241027832,23.75,24.149999618530273,22.809999465942383,23.0,13379000
2021-11-11,21.16453742980957,23.84000015258789,24.770000457763672,23.790000915527344,24.06999969482422,10881300
2021-11-12,20.223499298095703,22.780000686645508,24.34000015258789,22.690000534057617,23.700000762939453,11309000
2021-11-16,19.415624618530273,21.8700008392334,23.18000030517578,21.770000457763672,22.989999771118164,11511700
2021-11-17,18.52785301208496,20.8700008392334,22.350000381469727,20.639999389648438,22.299999237060547,20716900
2021-11-18,18.536727905273438,20.8799991607666,21.68000030517578,20.780000686645508,21.100000381469727,9165800
2021-11-19,18.572240829467773,20.920000076293945,21.68000030517578,20.59000015258789,20.770000457763672,10170600
2021-11-22,17.68446159362793,19.920000076293945,21.030000686645508,19.75,20.989999771118164,10868100
2021-11-23,17.844263076782227,20.100000381469727,20.270000457763672,19.5,19.950000762939453,15653600
2021-11-24,18.28814697265625,20.600000381469727,20.850000381469727,20.020000457763672,20.209999084472656,11205300
2021-11-25,19.388996124267578,21.84000015258789,22.040000915527344,20.530000686645508,20.549999237060547,9500400
2021-11-26,18.483457565307617,20.81999969482422,21.18000030517578,20.40999984741211,20.860000610351562,8828400
2021-11-29,19.122657775878906,21.540000915527344,21.700000762939453,20.8799991607666,21.18000030517578,8036000
2021-11-30,18.34141731262207,20.65999984741211,21.610000610351562,19.899999618530273,21.030000686645508,16042700
2021-12-01,18.430192947387695,20.760000228881836,22.09000015258789,20.6299991607666,21.170000076293945,11236000
2021-12-02,18.54560661315918,20.889999389648438,21.639999389648438,20.719999313354492,21.309999465942383,10521000
2021-12-03,18.732038497924805,21.100000381469727,22.479999542236328,21.030000686645508,21.1299991607666,8098900
2021-12-06,18.891834259033203,21.280000686645508,21.600000381469727,20.84000015258789,21.389999389648438,6198000
2021-12-07,18.83856964111328,21.219999313354492,21.84000015258789,21.170000076293945,21.649999618530273,9700600
2021-12-08,19.273576736450195,21.709999084472656,21.790000915527344,20.899999618530273,21.15999984741211,10369500
2021-12-09,18.97173500061035,21.3700008392334,22.010000228881836,21.260000228881836,21.559999465942383,11643000
2021-12-10,20.125843048095703,22.670000076293945,22.950000762939453,21.510000228881836,21.709999084472656,16080900
2021-12-13,20.267885208129883,22.829999923706055,23.59000015258789,22.459999084472656,22.729999542236328,11928900
2021-12-14,19.380111694335938,21.829999923706055,23.1200008392334,21.709999084472656,23.1200008392334,13578400
2021-12-15,19.921653747558594,22.440000534057617,22.459999084472656,21.270000457763672,21.8700008392334,8008900
2021-12-16,19.75297737121582,22.25,23.229999542236328,22.15999984741211,22.719999313354492,8070300
2021-12-17,20.11696434020996,22.65999984741211,22.850000381469727,21.809999465942383,22.229999542236328,8393600
2021-12-20,19.255823135375977,21.690000534057617,22.280000686645508,21.600000381469727,22.149999618530273,7176400
2021-12-21,19.066843032836914,21.40999984741211,21.989999771118164,21.18000030517578,21.899999618530273,4451700
2021-12-22,19.396345138549805,21.780000686645508,21.850000381469727,21.280000686645508,21.360000610351562,5068600
2021-12-23,19.111366271972656,21.459999084472656,22.0,21.3799991607666,21.950000762939453,3637300
2021-12-27,19.129179000854492,21.479999542236328,21.8799991607666,21.25,21.5,2918600
2021-12-28,18.452354431152344,20.719999313354492,21.6299991607666,20.549999237060547,21.600000381469727,5912000
2021-12-29,18.461257934570312,20.729999542236328,20.989999771118164,20.40999984741211,20.950000762939453,4026400
2021-12-30,18.674991607666016,20.969999313354492,21.049999237060547,20.68000030517578,20.850000381469727,4143500
2022-01-03,17.91802215576172,20.1200008392334,21.3799991607666,20.079999923706055,20.799999237060547,8744700
2022-01-04,17.508363723754883,19.65999984741211,20.350000381469727,19.59000015258789,20.280000686645508,12655000
2022-01-05,16.751388549804688,18.809999465942383,20.049999237060547,18.75,19.719999313354492,24686600
2022-01-06,16.569459915161133,18.459999084472656,18.81999969482422,18.030000686645508,18.700000762939453,13573900
2022-01-07,16.69512176513672,18.600000381469727,18.889999389648438,18.110000610351562,18.440000534057617,14039400
2022-01-10,16.659215927124023,18.559999465942383,18.709999084472656,18.040000915527344,18.549999237060547,9375900
2022-01-11,17.458072662353516,19.450000762939453,19.559999465942383,18.850000381469727,19.0,10666400
2022-01-12,17.556804656982422,19.559999465942383,20.139999389648438,19.299999237060547,19.65999984741211,11896100
2022-01-13,17.32343292236328,19.299999237060547,19.8799991607666,19.190000534057617,19.639999389648438,5544700
2022-01-14,17.601682662963867,19.610000610351562,20.079999923706055,19.139999389648438,19.139999389648438,8234700
2022-01-17,17.736318588256836,19.760000228881836,20.040000915527344,19.479999542236328,19.799999237060547,4037000
2022-01-18,17.009275436401367,18.950000762939453,19.600000381469727,18.6299991607666,19.530000686645508,11916400
2022-01-19,17.897886276245117,19.940000534057617,19.940000534057617,18.989999771118164,19.09000015258789,8287000
2022-01-20,19.39685821533203,21.610000610351562,21.68000030517578,19.969999313354492,20.020000457763672,21107700
2022-01-21,19.118606567382812,21.299999237060547,21.84000015258789,21.020000457763672,21.170000076293945,8249200
2022-01-24,19.39685821533203,21.610000610351562,21.6299991607666,20.649999618530273,21.299999237060547,13917800
2022-01-25,20.213665008544922,22.520000457763672,22.860000610351562,21.219999313354492,21.459999084472656,13562200
2022-01-26,20.779144287109375,23.149999618530273,24.200000762939453,22.93000030517578,22.93000030517578,25216500
2022-01-27,21.649803161621094,24.1200008392334,24.479999542236328,23.31999969482422,23.40999984741211,19698900
2022-01-28,20.931732177734375,23.31999969482422,24.040000915527344,23.209999084472656,23.690000534057617,10465300
2022-01-31,21.577993392944336,24.040000915527344,24.110000610351562,23.350000381469727,23.420000076293945,22915000
2022-02-01,21.766489028930664,24.25,24.59000015258789,23.90999984741211,24.1299991607666,10163400
2022-02-02,20.99456214904785,23.389999389648438,24.809999465942383,23.239999771118164,24.25,10247400
2022-02-03,20.716312408447266,23.079999923706055,23.950000762939453,22.639999389648438,23.59000015258789,11009300
2022-02-04,20.527816772460938,22.8700008392334,23.260000228881836,22.229999542236328,23.239999771118164,6640400
2022-02-07,20.339326858520508,22.65999984741211,23.059999465942383,22.56999969482422,22.920000076293945,3850800
2022-02-08,20.267518997192383,22.579999923706055,22.670000076293945,22.1299991607666,22.600000381469727,7336200
2022-02-09,21.039443969726562,23.440000534057617,23.93000030517578,22.760000228881836,22.8799991607666,14431500
2022-02-10,20.931732177734375,23.31999969482422,23.56999969482422,22.600000381469727,23.360000610351562,12990900
2022-02-11,20.662452697753906,23.020000457763672,23.959999084472656,22.860000610351562,23.450000762939453,11713400
2022-02-14,20.95865821838379,23.350000381469727,23.850000381469727,23.149999618530273,23.200000762939453,7724200
2022-02-15,22.30504035949707,24.850000381469727,24.950000762939453,23.670000076293945,23.75,11567400
2022-02-16,22.67304801940918,25.260000228881836,25.780000686645508,23.81999969482422,24.899999618530273,22764200
2022-02-17,22.50250816345215,25.06999969482422,25.899999618530273,25.059999465942383,25.25,10128000
2022-02-18,22.565340042114258,25.139999389648438,26.06999969482422,25.1200008392334,25.610000610351562,6913900
2022-02-21,21.685707092285156,24.15999984741211,25.34000015258789,24.040000915527344,25.0,7108100
2022-02-22,22.843595504760742,25.450000762939453,25.5,24.75,24.780000686645508,8523200
2022-02-23,22.6281681060791,25.209999084472656,26.639999389648438,25.010000228881836,25.540000915527344,13235600
2022-02-24,23.38214111328125,26.049999237060547,26.110000610351562,23.860000610351562,24.010000228881836,17075600
2022-02-25,22.807689666748047,25.40999984741211,25.959999084472656,25.0,25.459999084472656,8268500
2022-03-02,22.574316024780273,25.149999618530273,26.299999237060547,24.520000457763672,25.729999542236328,8276200
2022-03-03,22.143474578857422,24.670000076293945,25.31999969482422,24.360000610351562,24.899999618530273,12142800
2022-03-04,21.38052749633789,23.81999969482422,25.040000915527344,23.770000457763672,24.809999465942383,8262100
2022-03-07,20.64450454711914,23.0,24.1299991607666,22.920000076293945,24.1200008392334,11010000
2022-03-08,21.41642951965332,23.860000610351562,23.950000762939453,22.760000228881836,23.200000762939453,13148500
2022-03-09,22.439680099487305,25.0,25.450000762939453,23.950000762939453,23.950000762939453,13566800
2022-03-10,21.784439086914062,24.270000457763672,24.799999237060547,23.829999923706055,24.799999237060547,7168200
2022-03-11,21.407455444335938,23.850000381469727,25.040000915527344,23.84000015258789,24.479999542236328,7856600
2022-03-14,21.17407989501953,23.59000015258789,24.790000915527344,23.510000228881836,24.280000686645508,10238100
2022-03-15,21.28179168701172,23.709999084472656,24.1299991607666,22.969999313354492,23.700000762939453,11101300
2022-03-16,21.954980850219727,24.459999084472656,24.68000030517578,23.5,23.700000762939453,10908500
2022-03-17,22.565340042114258,25.139999389648438,25.309999465942383,24.079999923706055,24.350000381469727,11797100
2022-03-18,23.02311134338379,25.649999618530273,26.010000228881836,24.8799991607666,25.100000381469727,9480800
2022-03-21,22.412748336791992,24.969999313354492,25.799999237060547,24.43000030517578,25.469999313354492,9517700
2022-03-22,23.05901336669922,25.690000534057617,25.899999618530273,25.190000534057617,25.299999237060547,9114000
2022-03-23,23.373170852661133,26.040000915527344,26.450000762939453,25.15999984741211,25.56999969482422,10993000
2022-03-24,23.830936431884766,26.549999237060547,26.899999618530273,25.93000030517578,26.06999969482422,10080300
2022-03-25,24.198949813842773,26.959999084472656,27.450000762939453,26.670000076293945,26.709999084472656,12442100
2022-03-28,24.234853744506836,27.0,27.3700008392334,26.56999969482422,27.06999969482422,6909500
2022-03-29,24.36948585510254,27.149999618530273,28.079999923706055,27.059999465942383,27.520000457763672,11274200
2022-03-30,23.642446517944336,26.34000015258789,26.969999313354492,26.0,26.969999313354492,18754900
2022-03-31,23.373170852661133,26.040000915527344,26.75,25.790000915527344,26.3799991607666,11932100
2022-04-01,23.902748107910156,26.6299991607666,26.920000076293945,26.18000030517578,26.209999084472656,9129600
2022-04-04,23.6783447265625,26.3799991607666,26.65999984741211,26.200000762939453,26.6299991607666,5612800
2022-04-05,22.744857788085938,25.34000015258789,26.40999984741211,25.1299991607666,26.299999237060547,10814500
2022-04-06,22.538414001464844,25.110000610351562,25.3799991607666,24.209999084472656,25.040000915527344,12586600
2022-04-07,23.014129638671875,25.639999389648438,25.850000381469727,24.600000381469727,24.90999984741211,9539700
2022-04-08,22.969255447387695,25.59000015258789,25.649999618530273,25.190000534057617,25.360000610351562,6495400
2022-04-11,22.664073944091797,25.25,25.59000015258789,24.950000762939453,25.59000015258789,7362200
2022-04-12,22.26015853881836,24.799999237060547,26.0,24.739999771118164,25.469999313354492,11316900
2022-04-13,22.771787643432617,25.3700008392334,25.520000457763672,24.829999923706055,24.90999984741211,9530800
2022-04-14,22.529438018798828,25.100000381469727,25.469999313354492,24.93000030517578,25.079999923706055,8335500
2022-04-18,22.664073944091797,25.25,25.520000457763672,24.889999389648438,24.889999389648438,6582000
2022-04-19,23.256484985351562,25.90999984741211,26.149999618530273,24.940000534057617,24.979999542236328,7638400
2022-04-20,23.561662673950195,26.25,26.260000228881836,25.709999084472656,26.059999465942383,8244300
2022-04-22,22.798715591430664,25.399999618530273,26.440000534057617,25.040000915527344,26.049999237060547,8893300
2022-04-25,22.547388076782227,25.1200008392334,25.670000076293945,24.809999465942383,24.989999771118164,9302800
2022-04-26,21.407455444335938,23.850000381469727,25.100000381469727,23.719999313354492,24.899999618530273,10117300
2022-04-27,21.398475646972656,23.84000015258789,24.459999084472656,23.6200008392334,24.010000228881836,11131600
2022-04-28,21.658777236938477,24.1299991607666,24.420000076293945,23.5,23.899999618530273,7725900
2022-04-29,20.72528839111328,23.09000015258789,24.59000015258789,22.920000076293945,24.489999771118164,10793400
2022-05-02,20.716312408447266,23.079999923706055,23.469999313354492,22.540000915527344,23.149999618530273,9203200
2022-05-03,20.32137107849121,22.639999389648438,23.200000762939453,22.34000015258789,23.09000015258789,8359900
2022-05-04,20.662452697753906,23.020000457763672,23.15999984741211,21.40999984741211,22.309999465942383,24433400
2022-05-05,19.854629516601562,22.1200008392334,22.770000457763672,21.700000762939453,22.459999084472656,15080200
2022-05-06,19.657155990600586,21.899999618530273,22.09000015258789,21.3799991607666,22.030000686645508,16646500
2022-05-09,20.36625099182129,22.690000534057617,22.860000610351562,21.520000457763672,21.979999542236328,25317500
2022-05-10,20.97661018371582,23.3700008392334,24.100000381469727,22.90999984741211,22.90999984741211,14030700
2022-05-11,20.312393188476562,22.6299991607666,23.579999923706055,22.360000610351562,23.219999313354492,10536500
2022-05-12,21.236909866333008,23.65999984741211,23.739999771118164,22.020000457763672,22.360000610351562,14114100
2022-05-13,21.766489028930664,24.25,24.770000457763672,23.6299991607666,23.709999084472656,10085600
2022-05-16,22.00883674621582,24.520000457763672,24.979999542236328,24.040000915527344,24.260000228881836,8059400
2022-05-17,22.287092208862305,24.829999923706055,25.450000762939453,24.420000076293945,24.90999984741211,12727400
2022-05-18,21.425411224365234,23.8700008392334,24.829999923706055,23.610000610351562,24.829999923706055,14533600
2022-05-19,22.02678871154785,24.540000915527344,24.860000610351562,23.770000457763672,23.850000381469727,12496200
2022-05-20,22.143474578857422,24.670000076293945,24.950000762939453,24.1299991607666,24.899999618530273,12381800
2022-05-23,21.937030792236328,24.440000534057617,25.040000915527344,24.299999237060547,25.0,9777000
2022-05-24,21.775463104248047,24.260000228881836,24.489999771118164,23.639999389648438,24.200000762939453,10316400
2022-05-25,22.15245246887207,24.68000030517578,24.770000457763672,23.809999465942383,23.979999542236328,6928700
2022-05-26,22.39480209350586,24.950000762939453,25.270000457763672,24.15999984741211,24.68000030517578,8986700
2022-05-27,22.619199752807617,25.200000762939453,25.610000610351562,24.93000030517578,24.940000534057617,12984800
2022-05-30,22.349924087524414,24.899999618530273,25.799999237060547,24.690000534057617,25.440000534057617,5234400
2022-05-31,22.547388076782227,25.1200008392334,25.239999771118164,24.809999465942383,25.170000076293945,6008800
2022-06-01,22.29606819152832,24.84000015258789,25.5,24.770000457763672,25.489999771118164,8514800
2022-06-02,22.735883712768555,25.329999923706055,25.329999923706055,24.489999771118164,25.200000762939453,5868400
2022-06-03,21.856245040893555,24.350000381469727,25.149999618530273,24.25,25.149999618530273,9834200
2022-06-06,21.201007843017578,23.6200008392334,24.65999984741211,23.43000030517578,24.440000534057617,7332000
2022-06-07,20.89582633972168,23.280000686645508,23.610000610351562,23.0,23.579999923706055,5841500
2022-06-08,20.581674575805664,22.93000030517578,23.31999969482422,22.59000015258789,23.06999969482422,7065200
2022-06-09,20.84197425842285,23.219999313354492,23.6200008392334,22.709999084472656,22.940000534057617,10211700
2022-06-10,20.132883071899414,22.43000030517578,22.969999313354492,22.389999389648438,22.850000381469727,9290900
2022-06-13,19.52252197265625,21.75,22.190000534057617,21.110000610351562,22.190000534057617,16050900
2022-06-14,19.55842399597168,21.790000915527344,22.149999618530273,21.5,21.809999465942383,9191500
2022-06-15,20.150833129882812,22.450000762939453,22.920000076293945,22.09000015258789,22.190000534057617,12827200
2022-06-17,19.378908157348633,21.59000015258789,22.25,21.40999984741211,22.229999542236328,9136600
2022-06-20,19.20836639404297,21.399999618530273,21.84000015258789,20.950000762939453,21.450000762939453,7652900
2022-06-21,19.414812088012695,21.6299991607666,22.139999389648438,21.440000534057617,21.670000076293945,15178100
2022-06-22,20.491912841796875,22.829999923706055,23.06999969482422,21.3799991607666,21.43000030517578,17720200
2022-06-23,20.213665008544922,22.520000457763672,23.100000381469727,22.360000610351562,23.100000381469727,9845900
2022-06-24,20.09697723388672,22.389999389648438,22.93000030517578,22.18000030517578,22.760000228881836,5810600
2022-06-27,20.82402229309082,23.200000762939453,23.399999618530273,22.200000762939453,22.479999542236328,10928600
2022-06-28,20.267518997192383,22.579999923706055,23.18000030517578,22.3700008392334,23.170000076293945,6645200
2022-06-29,19.989267349243164,22.270000457763672,22.790000915527344,21.829999923706055,22.670000076293945,6956900
2022-06-30,20.025169372558594,22.309999465942383,22.43000030517578,21.649999618530273,21.65999984741211,9193000
2022-07-01,20.294448852539062,22.610000610351562,22.969999313354492,21.700000762939453,22.079999923706055,11090200
2022-07-04,19.953359603881836,22.229999542236328,22.649999618530273,22.09000015258789,22.530000686645508,2960200
2022-07-05,20.07902717590332,22.3700008392334,22.389999389648438,21.510000228881836,21.860000610351562,6878000
2022-07-06,20.411128997802734,22.739999771118164,22.940000534057617,22.139999389648438,22.139999389648438,7684700
2022-07-07,20.36625099182129,22.690000534057617,23.170000076293945,22.639999389648438,22.920000076293945,7406300
2022-07-08,20.177759170532227,22.479999542236328,23.06999969482422,22.3799991607666,22.90999984741211,4214200
2022-07-11,19.5135440826416,21.739999771118164,22.40999984741211,21.579999923706055,22.200000762939453,5884000
2022-07-12,19.782819747924805,22.040000915527344,22.25,21.440000534057617,21.799999237060547,4496400
2022-07-13,19.926435470581055,22.200000762939453,22.5,21.459999084472656,21.75,9438600
2022-07-14,18.957040786743164,21.1200008392334,21.850000381469727,20.969999313354492,21.700000762939453,13823900
2022-07-15,19.387882232666016,21.600000381469727,21.809999465942383,21.260000228881836,21.479999542236328,14042600
2022-07-18,19.378908157348633,21.59000015258789,22.049999237060547,21.43000030517578,21.799999237060547,5945700
2022-07-19,20.411128997802734,22.739999771118164,22.790000915527344,21.639999389648438,21.799999237060547,10801500
2022-07-20,20.357275009155273,22.68000030517578,22.860000610351562,22.170000076293945,22.809999465942383,9120500
2022-07-21,20.312393188476562,22.6299991607666,22.739999771118164,22.309999465942383,22.459999084472656,5395900
2022-07-22,20.168781280517578,22.469999313354492,22.690000534057617,22.1200008392334,22.600000381469727,4626600
2022-07-25,20.294448852539062,22.610000610351562,22.799999237060547,22.329999923706055,22.479999542236328,3694400
2022-07-26,19.594327926635742,21.829999923706055,22.440000534057617,21.540000915527344,22.299999237060547,10729800
2022-07-27,19.980289459228516,22.260000228881836,22.34000015258789,21.649999618530273,21.969999313354492,7492700
2022-07-28,20.42908477783203,22.760000228881836,23.010000228881836,22.100000381469727,22.209999084472656,5933000
2022-07-29,20.303422927856445,22.6200008392334,22.920000076293945,22.299999237060547,22.760000228881836,6725200
2022-08-01,19.980289459228516,22.260000228881836,22.709999084472656,22.010000228881836,22.43000030517578,6754900
2022-08-02,20.168781280517578,22.469999313354492,22.729999542236328,22.040000915527344,22.309999465942383,15334200
2022-08-03,20.77016830444336,23.139999389648438,23.190000534057617,22.280000686645508,22.520000457763672,7115800
2022-08-04,22.0357666015625,24.549999237060547,24.760000228881836,23.280000686645508,23.290000915527344,14328300
2022-08-05,22.40239143371582,24.639999389648438,24.75,23.770000457763672,24.09000015258789,8078800
2022-08-08,22.6024169921875,24.860000610351562,25.6299991607666,24.6200008392334,24.75,13711400
2022-08-09,22.129636764526367,24.34000015258789,25.799999237060547,24.020000457763672,25.299999237060547,17542700
2022-08-10,23.702529907226562,26.06999969482422,26.350000381469727,25.079999923706055,25.510000228881836,21082500
2022-08-11,23.693437576293945,26.059999465942383,26.479999542236328,25.850000381469727,26.06999969482422,16691900
2022-08-12,23.775264739990234,26.149999618530273,26.469999313354492,25.950000762939453,26.40999984741211,9315600
2022-08-15,24.020748138427734,26.420000076293945,27.010000228881836,25.809999465942383,26.0,10288100
2022-08-16,23.902551651000977,26.290000915527344,26.549999237060547,25.969999313354492,26.420000076293945,5967500
2022-08-17,23.966196060180664,26.360000610351562,26.670000076293945,26.0,26.100000381469727,6124200
2022-08-18,23.829816818237305,26.209999084472656,26.59000015258789,25.8700008392334,26.399999618530273,6251500
2022-08-19,23.493417739868164,25.84000015258789,26.229999542236328,25.579999923706055,26.0,9007400
2022-08-22,23.09337615966797,25.399999618530273,25.889999389648438,25.170000076293945,25.84000015258789,5820700
2022-08-23,23.52978515625,25.8799991607666,26.040000915527344,25.3700008392334,25.3799991607666,6741500
2022-08-24,23.7388973236084,26.110000610351562,26.770000457763672,25.889999389648438,25.889999389648438,7375500
2022-08-25,23.52978515625,25.8799991607666,26.3799991607666,25.6200008392334,26.110000610351562,7434100
2022-08-26,23.047916412353516,25.350000381469727,26.110000610351562,25.280000686645508,26.0,8532300
2022-08-29,23.44795799255371,25.790000915527344,26.059999465942383,24.93000030517578,25.1200008392334,7195800
2022-08-30,23.429777145385742,25.770000457763672,26.170000076293945,25.540000915527344,25.93000030517578,7138000
2022-08-31,23.138835906982422,25.450000762939453,26.31999969482422,25.450000762939453,25.790000915527344,10379100
2022-09-01,23.393409729003906,25.729999542236328,26.079999923706055,24.940000534057617,25.510000228881836,8008900
2022-09-02,23.62979507446289,25.989999771118164,26.3799991607666,25.639999389648438,25.950000762939453,9779400
2022-09-05,24.048023223876953,26.450000762939453,26.6200008392334,26.020000457763672,26.18000030517578,7179500
2022-09-06,23.457050323486328,25.799999237060547,26.600000381469727,25.530000686645508,26.149999618530273,10787700
2022-09-08,23.72980499267578,26.100000381469727,26.18000030517578,25.520000457763672,25.940000534057617,7509400
2022-09-09,23.911643981933594,26.299999237060547,26.56999969482422,26.1200008392334,26.360000610351562,4253600
2022-09-12,24.557170867919922,27.010000228881836,27.09000015258789,26.3700008392334,26.3700008392334,6844100
2022-09-13,23.97528839111328,26.3700008392334,26.90999984741211,26.260000228881836,26.799999237060547,7105000
2022-09-14,24.03893280029297,26.440000534057617,26.920000076293945,26.040000915527344,26.110000610351562,11431700
2022-09-15,24.020748138427734,26.420000076293945,26.649999618530273,26.18000030517578,26.329999923706055,4898000
2022-09-16,23.929824829101562,26.31999969482422,26.399999618530273,25.469999313354492,26.399999618530273,13136000
2022-09-19,24.184398651123047,26.600000381469727,26.860000610351562,26.040000915527344,26.040000915527344,8922500
2022-09-20,24.793556213378906,27.270000457763672,27.40999984741211,26.56999969482422,26.799999237060547,13683000
2022-09-21,23.5116024017334,25.860000610351562,26.850000381469727,25.479999542236328,26.850000381469727,39457700
2022-09-22,23.484323501586914,25.829999923706055,26.239999771118164,25.049999237060547,26.110000610351562,19610900
2022-09-23,23.084280014038086,25.389999389648438,25.719999313354492,24.780000686645508,25.360000610351562,13326500
2022-09-26,21.74777603149414,23.920000076293945,25.389999389648438,23.850000381469727,25.209999084472656,9441100
2022-09-27,22.202369689941406,24.420000076293945,24.459999084472656,23.739999771118164,23.93000030517578,16453700
2022-09-28,22.57513999938965,24.829999923706055,25.049999237060547,24.229999542236328,24.40999984741211,14904200
2022-09-29,22.17509651184082,24.389999389648438,24.56999969482422,23.989999771118164,24.309999465942383,12208400
2022-09-30,22.55695343017578,24.809999465942383,25.15999984741211,24.040000915527344,24.270000457763672,9157500
2022-10-03,23.95710563659668,26.350000381469727,26.559999465942383,25.5,25.5,16917100
2022-10-04,24.11166763305664,26.520000457763672,27.239999771118164,26.389999389648438,26.549999237060547,16640000
2022-10-05,24.2298583984375,26.649999618530273,27.1200008392334,26.219999313354492,26.850000381469727,10751500
2022-10-06,24.566259384155273,27.020000457763672,27.420000076293945,26.850000381469727,26.920000076293945,11803600
2022-10-07,23.938919067382812,26.329999923706055,26.889999389648438,26.149999618530273,26.829999923706055,8012500
2022-10-10,23.847997665405273,26.229999542236328,26.719999313354492,26.06999969482422,26.719999313354492,5090700
2022-10-11,23.83890724182129,26.219999313354492,26.75,26.09000015258789,26.290000915527344,12934600
2022-10-13,24.011655807495117,26.40999984741211,26.6299991607666,25.450000762939453,26.0,8057300
2022-10-14,23.86618423461914,26.25,26.899999618530273,26.079999923706055,26.549999237060547,10170300
2022-10-17,24.384424209594727,26.81999969482422,26.979999542236328,26.260000228881836,26.399999618530273,5681900
2022-10-18,24.829927444458008,27.309999465942383,27.309999465942383,26.75,26.979999542236328,12560800
2022-10-19,24.911752700805664,27.399999618530273,27.729999542236328,27.079999923706055,27.329999923706055,10919300
2022-10-20,25.066312789916992,27.56999969482422,27.969999313354492,27.459999084472656,27.65999984741211,13616700
2022-10-21,25.99368667602539,28.59000015258789,28.809999465942383,27.459999084472656,27.5,15147300
2022-10-24,25.457265853881836,28.0,28.90999984741211,27.799999237060547,28.489999771118164,16706600
2022-10-25,25.07540512084961,27.579999923706055,28.15999984741211,27.459999084472656,27.799999237060547,11013700
2022-10-26,23.929824829101562,26.31999969482422,27.329999923706055,26.190000534057617,26.5,15463200
2022-10-27,24.81174087524414,27.290000915527344,28.15999984741211,26.459999084472656,26.610000610351562,11648500
2022-10-28,24.929933547973633,27.420000076293945,27.489999771118164,26.81999969482422,27.110000610351562,10215400
2022-10-31,26.311901092529297,28.940000534057617,29.010000228881836,26.6200008392334,26.899999618530273,17966200
2022-11-01,26.38463592529297,29.020000457763672,29.530000686645508,28.280000686645508,29.049999237060547,18217800
2022-11-03,26.266441345214844,28.889999389648438,29.600000381469727,28.43000030517578,28.549999237060547,18015700
2022-11-04,26.739219665527344,29.40999984741211,30.0,29.309999465942383,29.489999771118164,15931300
2022-11-07,25.8573055267334,28.440000534057617,29.450000762939453,28.309999465942383,29.329999923706055,8793200
2022-11-08,26.03005027770996,28.6299991607666,29.1200008392334,28.149999618530273,29.0,11899500
2022-11-09,25.593647003173828,28.149999618530273,28.809999465942383,27.8700008392334,28.700000762939453,9186300
2022-11-10,23.757081985473633,26.1299991607666,27.56999969482422,25.75,27.489999771118164,28425700
2022-11-11,23.338855743408203,25.670000076293945,26.690000534057617,25.389999389648438,26.100000381469727,20944800
2022-11-14,23.86618423461914,26.25,26.440000534057617,25.709999084472656,26.15999984741211,8519400
2022-11-16,22.347837448120117,24.579999923706055,26.3799991607666,24.3700008392334,26.3799991607666,13926100
2022-11-17,21.77505111694336,23.950000762939453,24.149999618530273,23.0,23.899999618530273,19114900
2022-11-18,22.74788475036621,25.020000457763672,25.75,24.709999084472656,24.969999313354492,10676600
2022-11-21,22.975181579589844,25.270000457763672,25.649999618530273,24.459999084472656,25.360000610351562,7717200
2022-11-22,21.984167098999023,24.18000030517578,25.6299991607666,24.0,25.600000381469727,13211300
2022-11-23,22.420576095581055,24.65999984741211,24.90999984741211,23.959999084472656,24.1200008392334,9945100
2022-11-24,23.520692825317383,25.8700008392334,26.09000015258789,24.780000686645508,24.780000686645508,6104400
2022-11-25,22.38421058654785,24.6200008392334,25.709999084472656,24.479999542236328,25.469999313354492,9060400
2022-11-28,22.17509651184082,24.389999389648438,25.040000915527344,24.290000915527344,24.700000762939453,4393800
2022-11-29,22.702421188354492,24.969999313354492,25.420000076293945,24.219999313354492,24.59000015258789,8230700
2022-11-30,22.766069412231445,25.040000915527344,25.530000686645508,24.260000228881836,24.8700008392334,9267400
2022-12-01,22.593320846557617,24.850000381469727,25.25,24.649999618530273,24.8799991607666,9011200
2022-12-02,23.266122817993164,25.59000015258789,25.770000457763672,24.579999923706055,25.100000381469727,13790100
2022-12-05,22.202369689941406,24.420000076293945,25.610000610351562,24.350000381469727,25.440000534057617,13680800
2022-12-06,22.102357864379883,24.309999465942383,24.989999771118164,24.149999618530273,24.969999313354492,11962000
2022-12-07,21.738683700561523,23.90999984741211,24.809999465942383,23.84000015258789,24.290000915527344,9673000
2022-12-08,20.856773376464844,22.940000534057617,23.8700008392334,22.8799991607666,23.799999237060547,14289100
2022-12-09,20.838584899902344,22.920000076293945,23.520000457763672,22.920000076293945,23.3700008392334,9087000
2022-12-12,19.80211639404297,21.780000686645508,23.229999542236328,21.510000228881836,22.790000915527344,23325400
2022-12-13,18.95656967163086,20.850000381469727,22.280000686645508,20.709999084472656,21.889999389648438,17576700
2022-12-14,19.54754066467285,21.5,21.780000686645508,20.049999237060547,20.690000534057617,27100800
2022-12-15,19.856664657592773,21.84000015258789,21.959999084472656,20.799999237060547,21.010000228881836,13315200
2022-12-16,19.05657958984375,20.959999084472656,21.540000915527344,20.700000762939453,21.540000915527344,12917600
2022-12-19,20.181821823120117,21.989999771118164,22.18000030517578,20.6200008392334,20.670000076293945,15461600
2022-12-20,20.815086364746094,22.68000030517578,23.170000076293945,21.719999313354492,21.809999465942383,16304200
2022-12-21,21.292329788208008,23.200000762939453,23.3700008392334,22.540000915527344,22.75,10807500
2022-12-22,21.163841247558594,23.059999465942383,23.600000381469727,22.81999969482422,23.239999771118164,10985600
2022-12-23,22.485435485839844,24.5,24.6200008392334,23.190000534057617,23.200000762939453,14376400
2022-12-26,21.92559242248535,23.889999389648438,24.770000457763672,23.440000534057617,24.649999618530273,6555600
2022-12-27,21.411638259887695,23.329999923706055,24.059999465942383,22.93000030517578,23.989999771118164,7778800
2022-12-28,22.47625732421875,24.489999771118164,24.540000915527344,23.549999237060547,23.549999237060547,6141900
2022-12-29,21.962303161621094,23.93000030517578,25.09000015258789,23.780000686645508,25.0,5493300
2023-01-02,20.53975486755371,22.3799991607666,23.200000762939453,22.079999923706055,23.170000076293945,8056700
2023-01-03,19.5577392578125,21.309999465942383,22.510000228881836,21.209999084472656,22.5,10776400
2023-01-04,20.181821823120117,21.989999771118164,22.329999923706055,21.3799991607666,21.860000610351562,11174400
2023-01-05,21.002037048339844,22.729999542236328,22.850000381469727,21.850000381469727,22.18000030517578,11518200
2023-01-06,21.122156143188477,22.860000610351562,23.1200008392334,22.5,22.6200008392334,5299900
2023-01-09,20.91887855529785,22.639999389648438,22.989999771118164,22.229999542236328,22.719999313354492,6025000
2023-01-10,22.046131134033203,23.860000610351562,23.8700008392334,21.969999313354492,22.3799991607666,10150800
2023-01-11,21.639583587646484,23.420000076293945,23.690000534057617,23.079999923706055,23.6200008392334,9443600
2023-01-12,21.02052116394043,22.75,23.280000686645508,22.489999771118164,22.780000686645508,27722800
2023-01-13,20.447650909423828,22.1299991607666,22.899999618530273,21.950000762939453,22.809999465942383,11944600
2023-01-16,19.606830596923828,21.219999313354492,21.959999084472656,21.100000381469727,21.649999618530273,29056600
2023-01-17,20.577007293701172,22.270000457763672,22.5,21.15999984741211,21.420000076293945,14211600
2023-01-18,20.992795944213867,22.719999313354492,23.25,22.260000228881836,22.389999389648438,16624400
2023-01-19,20.37373161315918,22.049999237060547,22.540000915527344,21.84000015258789,22.520000457763672,10802300
2023-01-20,19.763906478881836,21.389999389648438,22.1299991607666,21.239999771118164,22.040000915527344,17639500
2023-01-23,19.33887481689453,20.93000030517578,21.600000381469727,20.600000381469727,21.31999969482422,14558600
2023-01-24,19.597585678100586,21.209999084472656,21.290000915527344,20.56999969482422,20.920000076293945,14975600
2023-01-25,20.10577964782715,21.760000228881836,21.93000030517578,20.530000686645508,20.899999618530273,12655100
2023-01-26,20.013378143310547,21.65999984741211,21.889999389648438,21.149999618530273,21.6299991607666,12119700
2023-01-27,19.653030395507812,21.270000457763672,21.709999084472656,21.09000015258789,21.579999923706055,6927000
2023-01-30,19.495952606201172,21.100000381469727,21.40999984741211,20.68000030517578,21.299999237060547,13752600
2023-01-31,20.031858444213867,21.68000030517578,21.889999389648438,21.100000381469727,21.190000534057617,10555500
2023-02-01,19.7916259765625,21.420000076293945,21.84000015258789,20.649999618530273,21.600000381469727,17729200
2023-02-02,19.02472496032715,20.59000015258789,21.860000610351562,20.56999969482422,21.040000915527344,13427700
2023-02-03,18.544254302978516,20.06999969482422,20.739999771118164,20.049999237060547,20.5,8914200
2023-02-06,18.571975708007812,20.100000381469727,20.389999389648438,19.649999618530273,20.139999389648438,17340300
2023-02-07,18.627410888671875,20.15999984741211,20.25,19.81999969482422,20.020000457763672,11974800
2023-02-08,19.394315719604492,20.989999771118164,21.229999542236328,20.110000610351562,20.190000534057617,18721200
2023-02-09,19.20952033996582,20.790000915527344,21.729999542236328,20.760000228881836,21.149999618530273,11745800
2023-02-10,19.255718231201172,20.84000015258789,21.1299991607666,20.170000076293945,20.670000076293945,14238000
2023-02-13,19.680749893188477,21.299999237060547,21.940000534057617,21.1200008392334,21.770000457763672,29685800
2023-02-14,19.02472496032715,20.59000015258789,21.510000228881836,20.40999984741211,21.31999969482422,11938400
2023-02-15,19.763906478881836,21.389999389648438,21.68000030517578,20.360000610351562,20.690000534057617,14623800
2023-02-16,19.957942962646484,21.600000381469727,21.690000534057617,20.8799991607666,21.149999618530273,13324700
2023-02-17,19.320396423339844,20.90999984741211,21.31999969482422,20.540000915527344,21.25,13806600
2023-02-22,19.043203353881836,20.610000610351562,20.829999923706055,20.06999969482422,20.5,7554800
2023-02-23,19.15407943725586,20.729999542236328,21.010000228881836,20.209999084472656,20.6299991607666,9816900
2023-02-24,18.75676918029785,20.299999237060547,20.610000610351562,20.15999984741211,20.56999969482422,8436100
2023-02-27,18.39641571044922,19.90999984741211,20.5,19.850000381469727,20.350000381469727,12679500
2023-02-28,18.571975708007812,20.100000381469727,20.25,19.850000381469727,19.90999984741211,7519700
2023-03-01,17.962148666381836,19.440000534057617,20.3799991607666,19.020000457763672,20.309999465942383,22893100
2023-03-02,17.906705856323242,19.3799991607666,19.8700008392334,19.309999465942383,19.540000915527344,12513200
2023-03-03,17.851268768310547,19.31999969482422,19.450000762939453,19.0,19.209999084472656,6461200
2023-03-06,18.276302337646484,19.780000686645508,20.0,19.149999618530273,19.40999984741211,10051000
2023-03-07,17.93442726135254,19.40999984741211,19.780000686645508,19.200000762939453,19.530000686645508,3610300
2023-03-08,19.117122650146484,20.690000534057617,20.700000762939453,19.329999923706055,19.329999923706055,12162700
2023-03-09,19.385074615478516,20.979999542236328,21.239999771118164,20.489999771118164,20.540000915527344,10205200
2023-03-10,18.553497314453125,20.079999923706055,20.540000915527344,19.850000381469727,20.540000915527344,10656800
2023-03-13,18.045305252075195,19.530000686645508,19.899999618530273,19.280000686645508,19.690000534057617,11752400
2023-03-14,18.017589569091797,19.5,19.829999923706055,19.350000381469727,19.469999313354492,7722200
2023-03-15,18.09150505065918,19.579999923706055,19.829999923706055,18.770000457763672,19.200000762939453,15729900
2023-03-16,18.79372787475586,20.34000015258789,20.450000762939453,19.3799991607666,19.5,9629100
2023-03-17,18.304019927978516,19.809999465942383,20.110000610351562,19.6299991607666,20.100000381469727,7387200
2023-03-20,17.906705856323242,19.3799991607666,20.010000228881836,19.09000015258789,19.969999313354492,10127800
2023-03-21,17.860509872436523,19.329999923706055,19.829999923706055,19.329999923706055,19.489999771118164,6078000
2023-03-22,17.58331871032715,19.030000686645508,19.700000762939453,18.969999313354492,19.3799991607666,7262900
2023-03-23,16.899574279785156,18.290000915527344,19.229999542236328,17.93000030517578,19.030000686645508,17378500
2023-03-24,17.167526245117188,18.579999923706055,18.780000686645508,18.030000686645508,18.350000381469727,15332500
2023-03-27,17.389280319213867,18.81999969482422,19.1200008392334,18.469999313354492,18.809999465942383,10100000
2023-03-28,17.7496337890625,19.209999084472656,19.34000015258789,18.479999542236328,18.81999969482422,12286300
2023-03-29,17.601797103881836,19.049999237060547,19.389999389648438,18.530000686645508,19.280000686645508,7040100
2023-03-30,18.3502197265625,19.860000610351562,20.3700008392334,19.389999389648438,19.59000015258789,17139000
2023-03-31,18.156185150146484,19.649999618530273,20.299999237060547,19.540000915527344,19.989999771118164,16716400
2023-04-03,18.146942138671875,19.639999389648438,19.719999313354492,19.3700008392334,19.649999618530273,18574000
2023-04-04,18.682849884033203,20.219999313354492,20.459999084472656,19.6200008392334,19.770000457763672,11524700
2023-04-05,19.006240844726562,20.56999969482422,20.850000381469727,20.010000228881836,20.290000915527344,14135100
2023-04-06,18.895366668701172,20.450000762939453,20.760000228881836,20.18000030517578,20.43000030517578,15419200
2023-04-10,19.264955520629883,20.850000381469727,21.040000915527344,20.34000015258789,20.360000610351562,12977800
2023-04-11,20.881921768188477,22.600000381469727,22.850000381469727,21.200000762939453,21.200000762939453,41223300
2023-04-12,21.399349212646484,23.15999984741211,23.739999771118164,22.549999237060547,22.6200008392334,31420700
2023-04-13,21.260753631591797,23.010000228881836,23.520000457763672,22.739999771118164,23.170000076293945,18602900
2023-04-14,21.205312728881836,22.950000762939453,23.299999237060547,22.760000228881836,22.899999618530273,14229900
2023-04-17,21.06671714782715,22.799999237060547,23.200000762939453,22.700000762939453,23.0,6781300
2023-04-18,21.38086700439453,23.139999389648438,23.229999542236328,22.6200008392334,22.760000228881836,10459500
2023-04-19,20.72484588623047,22.43000030517578,22.979999542236328,22.399999618530273,22.850000381469727,14246600
2023-04-20,21.02052116394043,22.75,22.850000381469727,22.280000686645508,22.5,6869100
2023-04-24,20.72484588623047,22.43000030517578,22.829999923706055,22.34000015258789,22.649999618530273,9891800
2023-04-25,20.974315643310547,22.700000762939453,22.8799991607666,21.920000076293945,22.229999542236328,7679400
2023-04-26,20.697124481201172,22.399999618530273,22.739999771118164,22.0,22.510000228881836,9630600
2023-04-27,21.390106201171875,23.149999618530273,23.309999465942383,22.31999969482422,22.31999969482422,10394300
2023-04-28,21.639583587646484,23.420000076293945,23.610000610351562,22.950000762939453,23.299999237060547,10605200
2023-05-02,20.86344337463379,22.579999923706055,23.420000076293945,22.459999084472656,23.399999618530273,12518800
2023-05-03,20.937358856201172,22.65999984741211,22.719999313354492,22.309999465942383,22.579999923706055,6299000
2023-05-04,21.436309814453125,23.200000762939453,23.530000686645508,22.6200008392334,22.770000457763672,10569400
2023-05-05,22.055376052856445,23.8700008392334,24.100000381469727,23.190000534057617,23.540000915527344,9840000
2023-05-08,22.30484390258789,24.139999389648438,24.549999237060547,23.760000228881836,24.31999969482422,12894100
2023-05-09,22.637481689453125,24.5,25.06999969482422,23.8799991607666,23.93000030517578,9663500
2023-05-10,23.099468231201172,25.0,25.200000762939453,24.459999084472656,24.510000228881836,11270900
2023-05-11,23.61689567565918,25.559999465942383,25.739999771118164,24.790000915527344,25.040000915527344,11226200
2023-05-12,23.552217483520508,25.489999771118164,25.690000534057617,25.079999923706055,25.149999618530273,6662400
2023-05-15,23.7277774810791,25.68000030517578,26.020000457763672,25.389999389648438,25.700000762939453,9556900
2023-05-16,23.64461898803711,25.59000015258789,26.149999618530273,25.489999771118164,25.68000030517578,8959300
2023-05-17,24.115846633911133,26.100000381469727,26.25,25.6200008392334,25.899999618530273,7164500
2023-05-18,24.097362518310547,26.079999923706055,26.3799991607666,25.6299991607666,25.899999618530273,9173800
2023-05-19,24.374557495117188,26.3799991607666,26.75,25.790000915527344,26.110000610351562,13236000
2023-05-22,23.94952964782715,25.920000076293945,26.850000381469727,25.829999923706055,26.440000534057617,9577500
2023-05-23,23.940292358398438,25.90999984741211,26.34000015258789,25.68000030517578,25.799999237060547,7608800
2023-05-24,23.86637306213379,25.829999923706055,26.1299991607666,25.579999923706055,25.809999465942383,8977400
2023-05-25,24.827308654785156,26.8700008392334,27.290000915527344,26.0,26.0,19720000
2023-05-26,25.0767822265625,27.139999389648438,28.110000610351562,26.559999465942383,27.25,19146300
2023-05-29,25.22461700439453,27.299999237060547,27.559999465942383,26.940000534057617,27.209999084472656,7793800
2023-05-30,24.596317291259766,26.6200008392334,27.770000457763672,26.329999923706055,27.280000686645508,14732200
2023-05-31,24.300640106201172,26.299999237060547,26.690000534057617,26.06999969482422,26.399999618530273,10752000
2023-06-01,25.20614242553711,27.280000686645508,27.459999084472656,26.280000686645508,26.399999618530273,13597100
2023-06-02,26.056203842163086,28.200000762939453,28.43000030517578,27.809999465942383,27.979999542236328,18090400
2023-06-05,26.222515106201172,28.3799991607666,28.5,27.75,28.209999084472656,9716600
2023-06-06,26.333396911621094,28.5,28.719999313354492,28.190000534057617,28.469999313354492,10967000
2023-06-07,26.98941993713379,29.209999084472656,29.299999237060547,28.6200008392334,28.790000915527344,17910400
2023-06-09,26.878543853759766,29.09000015258789,29.639999389648438,28.940000534057617,29.200000762939453,16528800
2023-06-12,27.164976119995117,29.399999618530273,29.559999465942383,29.040000915527344,29.040000915527344,9394900
2023-06-13,26.564388275146484,28.75,29.440000534057617,28.540000915527344,29.440000534057617,11395400
2023-06-14,26.656787872314453,28.850000381469727,29.1299991607666,28.15999984741211,28.899999618530273,16521200
2023-06-15,26.795381546020508,29.0,29.31999969482422,28.719999313354492,28.799999237060547,6500600
2023-06-16,27.41444969177246,29.670000076293945,29.81999969482422,28.690000534057617,28.81999969482422,10468900
2023-06-19,27.64544677734375,29.920000076293945,30.06999969482422,29.559999465942383,29.899999618530273,5868900
2023-06-20,28.32918930053711,30.65999984741211,30.809999465942383,30.190000534057617,30.350000381469727,15928800
2023-06-21,28.67106056213379,31.030000686645508,31.149999618530273,30.389999389648438,30.670000076293945,13688200
2023-06-22,27.885679244995117,30.18000030517578,30.950000762939453,29.649999618530273,30.799999237060547,12622400
2023-06-23,28.024276733398438,30.329999923706055,30.5,29.84000015258789,30.25,6838600
2023-06-26,27.80252456665039,30.09000015258789,30.75,29.649999618530273,30.440000534057617,6572900
2023-06-27,27.626968383789062,29.899999618530273,30.530000686645508,29.31999969482422,30.299999237060547,8378300
2023-06-28,27.719362258911133,30.0,30.389999389648438,29.469999313354492,29.670000076293945,10744000
2023-06-29,28.597148895263672,30.950000762939453,31.1200008392334,29.829999923706055,30.0,8862100
2023-06-30,29.059133529663086,31.450000762939453,32.04999923706055,30.899999618530273,31.1299991607666,14272000
2023-07-03,29.909191131591797,32.369998931884766,32.540000915527344,31.579999923706055,31.59000015258789,16465600
2023-07-04,29.853755950927734,32.310001373291016,32.33000183105469,31.8799991607666,32.150001525878906,3154700
2023-07-05,29.678197860717773,32.119998931884766,32.86000061035156,31.920000076293945,31.93000030517578,7482500
2023-07-06,28.504745483398438,30.850000381469727,32.0,30.829999923706055,31.690000534057617,10216700
2023-07-07,29.7613582611084,32.209999084472656,32.52000045776367,30.90999984741211,31.010000228881836,11175300
2023-07-10,29.197731018066406,31.600000381469727,32.34000015258789,31.520000457763672,32.150001525878906,7610400
2023-07-11,29.040653228759766,31.43000030517578,31.700000762939453,30.600000381469727,31.600000381469727,9762000
2023-07-12,29.197731018066406,31.600000381469727,32.09000015258789,31.219999313354492,31.530000686645508,6419900
2023-07-13,30.02931022644043,32.5,32.5099983215332,31.600000381469727,31.600000381469727,8218400
2023-07-14,29.493404388427734,31.920000076293945,32.470001220703125,31.719999313354492,31.969999313354492,9038900
2023-07-17,30.417381286621094,32.91999816894531,32.91999816894531,31.639999389648438,31.799999237060547,7275400
2023-07-18,30.74077606201172,33.27000045776367,33.459999084472656,32.65999984741211,32.91999816894531,6630700
2023-07-19,30.389657974243164,32.88999938964844,33.29999923706055,32.56999969482422,33.29999923706055,8351100
2023-07-20,30.786970138549805,33.31999969482422,33.369998931884766,32.689998626708984,33.189998626708984,7175600
2023-07-21,31.48920249938965,34.08000183105469,34.47999954223633,33.380001068115234,33.47999954223633,8615200
2023-07-24,31.138086318969727,33.70000076293945,34.099998474121094,33.349998474121094,33.83000183105469,7437300
2023-07-25,31.008726119995117,33.560001373291016,34.369998931884766,33.349998474121094,34.0,9818100
2023-07-26,31.25820541381836,33.83000183105469,33.959999084472656,33.20000076293945,33.61000061035156,5849000
2023-07-27,30.999486923217773,33.54999923706055,34.31999969482422,33.41999816894531,33.810001373291016,7235900
2023-07-28,31.26744270324707,33.84000015258789,33.9900016784668,33.29999923706055,33.72999954223633,3876500
2023-07-31,31.424518585205078,34.0099983215332,34.15999984741211,33.650001525878906,33.75,6635800
2023-08-01,31.230484008789062,33.79999923706055,33.95000076293945,33.150001525878906,33.779998779296875,6144300
2023-08-02,30.68533706665039,33.209999084472656,33.689998626708984,32.650001525878906,33.5,8727600
2023-08-03,30.851648330688477,33.38999938964844,34.22999954223633,33.11000061035156,33.52000045776367,9324000
2023-08-04,30.445104598999023,32.95000076293945,33.720001220703125,32.83000183105469,33.20000076293945,6595500
2023-08-07,30.87672233581543,33.0099983215332,33.16999816894531,32.5099983215332,32.650001525878906,7606200
2023-08-08,30.86737060546875,33.0,33.2400016784668,31.299999237060547,32.0099983215332,9122700
2023-08-09,30.79254150390625,32.91999816894531,33.31999969482422,32.22999954223633,33.220001220703125,16620400
2023-08-10,30.727062225341797,32.849998474121094,33.58000183105469,32.599998474121094,33.0099983215332,11736100
2023-08-11,30.19390106201172,32.279998779296875,32.900001525878906,32.099998474121094,32.849998474121094,8236900
2023-08-14,30.5306339263916,32.63999938964844,32.650001525878906,31.760000228881836,32.59000015258789,20857500
2023-08-15,29.735567092895508,31.790000915527344,32.81999969482422,31.65999984741211,32.81999969482422,7434400
2023-08-16,29.08080291748047,31.09000015258789,32.33000183105469,30.93000030517578,31.969999313354492,10794800
2023-08-17,28.29509162902832,30.25,31.31999969482422,30.030000686645508,31.299999237060547,11909800
2023-08-18,28.716007232666016,30.700000762939453,30.920000076293945,29.81999969482422,29.940000534057617,8702300
2023-08-21,28.482162475585938,30.450000762939453,30.969999313354492,30.209999084472656,30.450000762939453,7582900
2023-08-22,29.445598602294922,31.479999542236328,31.530000686645508,30.799999237060547,30.8700008392334,11121400
2023-08-23,30.558696746826172,32.66999816894531,32.869998931884766,31.459999084472656,31.600000381469727,10987400
2023-08-24,30.502574920654297,32.61000061035156,33.040000915527344,32.43000030517578,32.65999984741211,12405700
2023-08-25,30.11907386779785,32.20000076293945,32.7599983215332,31.56999969482422,32.709999084472656,7944100
2023-08-28,30.352914810180664,32.45000076293945,32.83000183105469,31.979999542236328,32.470001220703125,5801500
2023-08-29,30.99832534790039,33.13999938964844,33.20000076293945,32.400001525878906,32.77000045776367,5775400
2023-08-30,30.736417770385742,32.86000061035156,33.459999084472656,32.66999816894531,33.2599983215332,4952600
2023-08-31,30.37162208557129,32.470001220703125,32.849998474121094,32.040000915527344,32.689998626708984,6583900
2023-09-01,30.212604522705078,32.29999923706055,33.119998931884766,32.25,32.4900016784668,9738300
2023-09-04,29.71685791015625,31.770000457763672,32.599998474121094,31.559999465942383,32.18000030517578,5225800
2023-09-05,29.42689323425293,31.459999084472656,31.989999771118164,31.110000610351562,31.489999771118164,9013000
2023-09-06,28.959205627441406,30.959999084472656,31.690000534057617,30.709999084472656,31.469999313354492,5649300
2023-09-08,28.678592681884766,30.65999984741211,31.079999923706055,30.530000686645508,30.8700008392334,5922100
2023-09-11,28.97791290283203,30.979999542236328,31.1299991607666,30.420000076293945,30.940000534057617,5891500
2023-09-12,29.604612350463867,31.649999618530273,31.84000015258789,30.979999542236328,31.040000915527344,5964000
2023-09-13,30.717714309692383,32.84000015258789,33.15999984741211,31.600000381469727,31.649999618530273,17339400
2023-09-14,31.428592681884766,33.599998474121094,33.599998474121094,32.52000045776367,33.189998626708984,11796400
2023-09-15,30.680294036865234,32.79999923706055,33.58000183105469,32.7400016784668,33.54999923706055,6926700
2023-09-18,30.16584014892578,32.25,32.790000915527344,31.989999771118164,32.59000015258789,6203100
2023-09-19,29.370769500732422,31.399999618530273,32.38999938964844,31.260000228881836,32.099998474121094,9798400
2023-09-20,29.052745819091797,31.059999465942383,31.770000457763672,31.020000457763672,31.770000457763672,8871600
2023-09-21,28.83760643005371,30.829999923706055,31.010000228881836,30.010000228881836,30.34000015258789,14578100
2023-09-22,29.01532745361328,31.020000457763672,31.459999084472656,30.809999465942383,30.90999984741211,9928500
2023-09-25,28.90308380126953,30.899999618530273,31.059999465942383,30.540000915527344,30.969999313354492,7474800
2023-09-26,28.257675170898438,30.209999084472656,30.969999313354492,30.1299991607666,30.950000762939453,9418200
2023-09-27,27.95835304260254,29.889999389648438,30.649999618530273,29.18000030517578,30.280000686645508,17859200
2023-09-28,28.734716415405273,30.719999313354492,31.020000457763672,29.729999542236328,29.850000381469727,10471000
2023-09-29,29.062097549438477,31.06999969482422,31.280000686645508,30.739999771118164,31.059999465942383,6052800
2023-10-02,28.650531768798828,30.6299991607666,31.1200008392334,30.18000030517578,31.06999969482422,7559900
2023-10-03,28.136077880859375,30.079999923706055,30.649999618530273,29.940000534057617,30.290000915527344,7265500
2023-10-04,28.83760643005371,30.829999923706055,31.09000015258789,30.06999969482422,30.079999923706055,5995900
2023-10-05,28.818899154663086,30.809999465942383,31.100000381469727,30.420000076293945,30.700000762939453,4984900
2023-10-06,28.93114471435547,30.93000030517578,31.350000381469727,29.649999618530273,30.420000076293945,9595700
2023-10-09,28.706655502319336,30.690000534057617,31.0,30.25,30.860000610351562,8539400
2023-10-10,29.08080291748047,31.09000015258789,31.34000015258789,30.639999389648438,30.850000381469727,3879000
2023-10-11,29.829103469848633,31.889999389648438,31.899999618530273,31.149999618530273,31.5,10218700
2023-10-13,28.959205627441406,30.959999084472656,32.220001220703125,30.760000228881836,32.150001525878906,11020600
2023-10-16,28.83760643005371,30.829999923706055,31.290000915527344,30.829999923706055,31.110000610351562,4839000
2023-10-17,28.285736083984375,30.239999771118164,30.860000610351562,30.0,30.3700008392334,5848700
2023-10-18,27.471961975097656,29.3700008392334,30.18000030517578,29.190000534057617,29.90999984741211,12843700
2023-10-19,27.369068145751953,29.260000228881836,30.040000915527344,29.239999771118164,29.3799991607666,7102600
2023-10-20,27.341005325317383,29.229999542236328,29.6200008392334,28.8700008392334,29.010000228881836,6980700
2023-10-23,28.397981643676758,30.360000610351562,30.780000686645508,29.06999969482422,29.06999969482422,13685500
2023-10-24,28.86566734313965,30.860000610351562,31.239999771118164,30.40999984741211,30.469999313354492,8887100
2023-10-25,28.85631561279297,30.850000381469727,31.149999618530273,30.350000381469727,30.860000610351562,10728500
2023-10-26,29.10886573791504,31.1200008392334,31.360000610351562,30.3799991607666,31.110000610351562,8153500
2023-10-27,28.285736083984375,30.239999771118164,31.56999969482422,30.059999465942383,31.139999389648438,8219800
2023-10-30,27.64967918395996,29.559999465942383,30.6200008392334,29.329999923706055,30.600000381469727,8838000
2023-10-31,27.687095642089844,29.600000381469727,29.81999969482422,29.1200008392334,29.579999923706055,12005300
2023-11-01,27.63097381591797,29.540000915527344,30.0,29.450000762939453,29.84000015258789,10453900
2023-11-03,29.903934478759766,31.969999313354492,31.989999771118164,30.1299991607666,30.3799991607666,17882800
2023-11-06,30.128421783447266,32.209999084472656,32.43000030517578,31.5,32.029998779296875,5799000
2023-11-07,30.64287567138672,32.7599983215332,33.11000061035156,32.0,32.0,9338100
2023-11-08,31.419240951538086,33.59000015258789,33.810001373291016,32.630001068115234,33.060001373291016,13285300
2023-11-09,30.49321937561035,32.599998474121094,33.88999938964844,32.45000076293945,33.880001068115234,4110000
2023-11-10,31.80274772644043,34.0,34.040000915527344,32.65999984741211,32.70000076293945,8877100
2023-11-13,31.232166290283203,33.38999938964844,33.95000076293945,33.310001373291016,33.900001525878906,2646200
2023-11-14,31.914989471435547,34.119998931884766,34.709999084472656,33.439998626708984,33.79999923706055,7909100
2023-11-16,31.830806732177734,34.029998779296875,34.790000915527344,33.93000030517578,34.27000045776367,10477500
2023-11-17,31.204103469848633,33.36000061035156,34.2599983215332,33.279998779296875,34.130001068115234,5051100
2023-11-20,31.045085906982422,33.189998626708984,33.790000915527344,32.91999816894531,33.70000076293945,8669100
2023-11-21,30.53999137878418,32.650001525878906,32.9900016784668,32.34000015258789,32.810001373291016,7361900
2023-11-22,31.176042556762695,33.33000183105469,33.70000076293945,32.79999923706055,32.959999084472656,8059100
2023-11-23,31.52213478088379,33.70000076293945,34.029998779296875,33.040000915527344,33.54999923706055,6522000
2023-11-24,31.24152374267578,33.400001525878906,33.70000076293945,33.16999816894531,33.70000076293945,2675200
2023-11-27,31.662433624267578,33.849998474121094,34.0099983215332,33.09000015258789,33.70000076293945,6446000
2023-11-28,31.80274772644043,34.0,34.22999954223633,33.59000015258789,33.869998931884766,6410800
2023-11-29,32.45751190185547,34.70000076293945,34.70000076293945,33.93000030517578,34.099998474121094,9029400
2023-11-30,33.243228912353516,35.540000915527344,35.599998474121094,34.33000183105469,34.70000076293945,12374200
2023-12-01,32.943904876708984,35.220001220703125,35.52000045776367,34.59000015258789,35.439998626708984,12790100
2023-12-04,32.71940994262695,34.97999954223633,35.349998474121094,34.869998931884766,35.06999969482422,5576600
2023-12-05,32.767333984375,34.79999923706055,35.08000183105469,34.529998779296875,34.91999816894531,4812000
2023-12-06,32.26829528808594,34.27000045776367,35.06999969482422,34.040000915527344,34.9900016784668,5587000
2023-12-07,32.04231262207031,34.029998779296875,34.849998474121094,33.68000030517578,34.41999816894531,7984300
2023-12-08,32.362449645996094,34.369998931884766,34.619998931884766,33.90999984741211,34.20000076293945,5529600
2023-12-11,32.50368881225586,34.52000045776367,34.65999984741211,34.029998779296875,34.029998779296875,2798600
2023-12-12,32.35303497314453,34.36000061035156,34.72999954223633,34.099998474121094,34.68000030517578,3262800
2023-12-13,33.690093994140625,35.779998779296875,36.0,34.20000076293945,34.470001220703125,9669500
2023-12-14,34.68817901611328,36.84000015258789,37.119998931884766,35.84000015258789,36.0099983215332,11432800
2023-12-15,34.35862731933594,36.4900016784668,37.2400016784668,35.880001068115234,36.900001525878906,9322100
2023-12-18,34.838836669921875,37.0,37.16999816894531,36.45000076293945,36.849998474121094,6517200
2023-12-19,34.895328521728516,37.060001373291016,37.47999954223633,36.68000030517578,36.81999969482422,4546100
2023-12-20,34.490447998046875,36.630001068115234,37.029998779296875,36.2599983215332,36.900001525878906,5570600
2023-12-21,34.51869201660156,36.65999984741211,36.959999084472656,36.04999923706055,36.959999084472656,6340600
2023-12-22,34.650516510009766,36.79999923706055,36.880001068115234,36.18000030517578,36.880001068115234,4830100
2023-12-26,35.11189270019531,37.290000915527344,37.369998931884766,36.599998474121094,36.79999923706055,3360500
2023-12-27,35.366127014160156,37.560001373291016,37.88999938964844,37.029998779296875,37.099998474121094,5075700
2023-12-28,35.4132080078125,37.61000061035156,38.119998931884766,37.43000030517578,37.54999923706055,5348800
2024-01-02,35.05540084838867,37.22999954223633,37.81999969482422,36.849998474121094,37.61000061035156,5020500
2024-01-03,34.40570068359375,36.540000915527344,37.52000045776367,36.439998626708984,37.0099983215332,10161200
2024-01-04,33.99750518798828,35.959999084472656,36.4900016784668,35.470001220703125,36.41999816894531,7690100
2024-01-05,34.725486755371094,36.72999954223633,37.09000015258789,35.70000076293945,35.88999938964844,8636100
2024-01-08,35.841087341308594,37.90999984741211,37.90999984741211,36.599998474121094,36.599998474121094,7777700
2024-01-09,35.71818542480469,37.779998779296875,38.150001525878906,37.58000183105469,37.619998931884766,7135300
2024-01-10,35.69927215576172,37.7599983215332,38.11000061035156,37.33000183105469,37.83000183105469,5303200
2024-01-11,35.44401168823242,37.4900016784668,37.869998931884766,37.15999984741211,37.66999816894531,6505300
2024-01-12,36.247623443603516,38.34000015258789,38.5,36.54999923706055,37.439998626708984,9232800
2024-01-15,36.37053298950195,38.470001220703125,38.630001068115234,38.0099983215332,38.34000015258789,2266100
2024-01-16,35.7749137878418,37.84000015258789,38.2599983215332,37.66999816894531,38.0,6385000
2024-01-17,34.94293975830078,36.959999084472656,38.029998779296875,36.58000183105469,37.79999923706055,15066500
2024-01-18,34.5553092956543,36.54999923706055,37.130001068115234,36.099998474121094,37.04999923706055,8906400
2024-01-19,34.810577392578125,36.81999969482422,37.060001373291016,36.2400016784668,36.83000183105469,9374700
2024-01-22,34.848392486572266,36.86000061035156,37.0,36.099998474121094,36.83000183105469,8042700
2024-01-23,35.21711349487305,37.25,37.34000015258789,36.72999954223633,37.0099983215332,9165300
2024-01-24,35.34001922607422,37.380001068115234,37.77000045776367,37.0,37.54999923706055,7835400
2024-01-25,34.98075485229492,37.0,37.61000061035156,36.77000045776367,37.33000183105469,8311200
2024-01-26,35.01856994628906,37.040000915527344,37.369998931884766,36.83000183105469,37.36000061035156,6624200
2024-01-29,34.65930938720703,36.65999984741211,37.04999923706055,36.5,37.04999923706055,3057400
2024-01-30,33.94078826904297,35.900001525878906,36.75,35.560001373291016,36.65999984741211,7944200
2024-01-31,34.054237365722656,36.02000045776367,36.470001220703125,35.65999984741211,36.0,11215300
2024-02-01,34.678218841552734,36.68000030517578,36.7400016784668,35.77000045776367,36.09000015258789,7699800
2024-02-02,34.66876220703125,36.66999816894531,37.08000183105469,36.150001525878906,36.7599983215332,8178700
2024-02-05,34.96184158325195,36.97999954223633,37.29999923706055,36.0,37.20000076293945,5046900
2024-02-06,35.500736236572266,37.54999923706055,37.599998474121094,36.619998931884766,36.959999084472656,9095700
2024-02-07,36.285438537597656,38.380001068115234,38.470001220703125,37.36000061035156,37.54999923706055,9861200
2024-02-08,35.29274368286133,37.33000183105469,38.599998474121094,37.2400016784668,38.2400016784668,11774600
2024-02-09,35.51964569091797,37.56999969482422,37.689998626708984,37.15999984741211,37.31999969482422,8294200
2024-02-14,34.99966049194336,37.02000045776367,37.38999938964844,36.84000015258789,37.119998931884766,4706500
2024-02-15,34.716033935546875,36.720001220703125,37.20000076293945,36.310001373291016,37.08000183105469,8124700
2024-02-16,34.432403564453125,36.41999816894531,36.83000183105469,36.09000015258789,36.72999954223633,4919400
2024-02-19,34.87675857543945,36.88999938964844,36.959999084472656,36.0099983215332,36.11000061035156,3649700
2024-02-20,35.27383804321289,37.310001373291016,37.599998474121094,36.58000183105469,36.58000183105469,6251700
2024-02-21,35.95454025268555,38.029998779296875,38.029998779296875,36.90999984741211,37.310001373291016,14870700
2024-02-22,35.756004333496094,37.81999969482422,38.11000061035156,37.66999816894531,38.060001373291016,3524700
2024-02-23,34.9334831237793,36.95000076293945,38.0,36.59000015258789,38.0,6276600
2024-02-26,34.9334831237793,36.95000076293945,37.29999923706055,36.689998626708984,36.900001525878906,3837500
2024-02-27,34.56476974487305,36.560001373291016,37.220001220703125,36.25,37.220001220703125,9752700
2024-02-28,34.4040412902832,36.38999938964844,36.650001525878906,36.040000915527344,36.400001525878906,7537400
2024-02-29,34.4040412902832,36.38999938964844,36.619998931884766,35.869998931884766,36.20000076293945,7680300
2024-03-01,34.04478454589844,36.0099983215332,36.400001525878906,35.86000061035156,36.310001373291016,5564400
2024-03-04,34.04478454589844,36.0099983215332,36.0099983215332,36.0099983215332,36.0099983215332,0
2024-03-05,33.609886169433594,35.54999923706055,36.27000045776367,35.290000915527344,36.0099983215332,7014200
2024-03-06,33.74224090576172,35.689998626708984,36.15999984741211,35.400001525878906,35.540000915527344,11834100
2024-03-07,33.62879180908203,35.56999969482422,35.880001068115234,35.09000015258789,35.5,5877700
2024-03-08,33.685523986816406,35.630001068115234,36.09000015258789,34.81999969482422,35.33000183105469,8747500
2024-03-11,33.61934280395508,35.560001373291016,35.75,35.40999984741211,35.5,5799900
2024-03-12,34.432403564453125,36.41999816894531,36.720001220703125,35.65999984741211,35.810001373291016,5781400
2024-03-13,35.35892105102539,37.400001525878906,37.650001525878906,36.2599983215332,36.290000915527344,8593700
2024-03-14,35.15092849731445,37.18000030517578,37.560001373291016,36.79999923706055,37.470001220703125,5457100
2024-03-15,34.29058837890625,36.27000045776367,37.56999969482422,36.27000045776367,37.06999969482422,13136600
2024-03-18,33.98805618286133,35.95000076293945,36.650001525878906,35.619998931884766,36.599998474121094,5821100
2024-03-19,34.41349411010742,36.400001525878906,36.47999954223633,35.779998779296875,35.900001525878906,6104300
2024-03-20,35.264381408691406,37.29999923706055,37.4900016784668,36.11000061035156,36.20000076293945,7997600
2024-03-21,35.23602294921875,37.27000045776367,37.52000045776367,36.95000076293945,37.29999923706055,5506300
2024-03-22,34.68766784667969,36.689998626708984,37.130001068115234,36.689998626708984,36.939998626708984,4778400
2024-03-25,34.90511703491211,36.91999816894531,37.09000015258789,36.34000015258789,36.599998474121094,4242800
2024-03-26,35.254920959472656,37.290000915527344,37.599998474121094,36.70000076293945,36.70000076293945,6644800
2024-03-27,35.07529830932617,37.099998474121094,37.630001068115234,36.63999938964844,37.310001373291016,11061500
2024-03-28,34.44186019897461,36.43000030517578,37.099998474121094,36.43000030517578,37.060001373291016,6392500
2024-04-01,33.57206726074219,35.5099983215332,36.63999938964844,35.5099983215332,36.54999923706055,6764500
2024-04-02,33.543701171875,35.47999954223633,35.70000076293945,34.77000045776367,35.5099983215332,11868800
2024-04-03,33.53425216674805,35.470001220703125,35.77000045776367,34.86000061035156,35.529998779296875,9551800
2024-04-04,33.836788177490234,35.790000915527344,36.790000915527344,35.52000045776367,35.689998626708984,7843100
2024-04-05,33.468074798583984,35.400001525878906,35.779998779296875,35.099998474121094,35.68000030517578,8090000
2024-04-08,34.33786392211914,36.31999969482422,36.470001220703125,35.2400016784668,35.400001525878906,7547900
2024-04-09,34.347320556640625,36.33000183105469,36.66999816894531,36.150001525878906,36.33000183105469,6716600
2024-04-10,33.089900970458984,35.0,36.29999923706055,34.81999969482422,36.099998474121094,14223300
2024-04-11,32.8251838684082,34.720001220703125,35.20000076293945,34.43000030517578,35.099998474121094,7352000
2024-04-12,32.428104400634766,34.29999923706055,34.849998474121094,34.0099983215332,34.849998474121094,7706100
2024-04-15,31.804122924804688,33.63999938964844,34.40999984741211,33.400001525878906,34.349998474121094,11013800
2024-04-16,31.4826717376709,33.29999923706055,33.77000045776367,32.91999816894531,33.459999084472656,13007900
2024-04-17,30.953237533569336,32.7400016784668,33.68000030517578,32.52000045776367,33.349998474121094,9944800
2024-04-18,30.75469970703125,32.529998779296875,33.06999969482422,32.29999923706055,32.7599983215332,8175200
2024-04-19,30.83978843688965,32.619998931884766,32.90999984741211,32.40999984741211,32.79999923706055,5640200
2024-04-22,31.5015869140625,33.31999969482422,33.31999969482422,32.459999084472656,32.75,5635300
2024-04-23,30.96269416809082,32.75,33.16999816894531,32.5,33.040000915527344,12989000
2024-04-24,30.96269416809082,32.75,32.75,32.25,32.619998931884766,5610400
2024-04-25,30.820880889892578,32.599998474121094,32.880001068115234,32.310001373291016,32.5,10119600
2024-04-26,32.239013671875,34.099998474121094,34.22999954223633,32.72999954223633,33.04999923706055,11814300
2024-04-29,32.08774948120117,33.939998626708984,34.099998474121094,33.75,33.939998626708984,4991700
2024-04-30,31.577220916748047,33.400001525878906,33.880001068115234,33.33000183105469,33.70000076293945,6284300
2024-05-02,32.30519485473633,34.16999816894531,34.36000061035156,33.66999816894531,33.66999816894531,9124700
2024-05-03,33.39244079589844,35.31999969482422,35.58000183105469,34.66999816894531,34.720001220703125,11860400
2024-05-06,33.231719970703125,35.150001525878906,35.619998931884766,34.849998474121094,35.31999969482422,7293300
2024-05-07,33.39244079589844,35.31999969482422,35.900001525878906,35.130001068115234,35.41999816894531,7962200
2024-05-08,32.721187591552734,34.61000061035156,35.119998931884766,34.369998931884766,35.060001373291016,6858700
2024-05-09,31.3975887298584,33.209999084472656,34.619998931884766,32.83000183105469,34.36000061035156,15573400
2024-05-10,31.690671920776367,33.52000045776367,33.810001373291016,33.27000045776367,33.38999938964844,11769600
2024-05-13,32.21065902709961,34.06999969482422,34.560001373291016,33.720001220703125,33.93000030517578,8390600
2024-05-14,32.796817779541016,34.689998626708984,35.369998931884766,34.20000076293945,34.20000076293945,15412600
2024-05-15,33.515342712402344,35.45000076293945,35.650001525878906,34.84000015258789,35.0,11536200
2024-05-16,33.676063537597656,35.619998931884766,35.849998474121094,35.16999816894531,35.68000030517578,14692000
2024-05-17,33.13717269897461,35.04999923706055,35.65999984741211,34.90999984741211,35.38999938964844,16540000
2024-05-20,32.56045913696289,34.439998626708984,35.04999923706055,34.38999938964844,34.849998474121094,5978900
2024-05-21,32.24847412109375,34.11000061035156,34.5,34.0099983215332,34.16999816894531,7454800
2024-05-22,31.30304718017578,33.11000061035156,33.93000030517578,33.02000045776367,33.849998474121094,8093300
2024-05-23,30.76415252685547,32.540000915527344,33.29999923706055,32.369998931884766,33.08000183105469,9778000
2024-05-24,30.348163604736328,32.099998474121094,32.529998779296875,31.989999771118164,32.439998626708984,8860300
2024-05-27,30.471073150634766,32.22999954223633,32.47999954223633,31.829999923706055,32.45000076293945,5587200
2024-05-28,30.480527877807617,32.2400016784668,32.83000183105469,32.029998779296875,32.70000076293945,11065500
2024-05-29,30.187442779541016,31.93000030517578,32.150001525878906,31.709999084472656,32.150001525878906,7146800
2024-05-31,29.865999221801758,31.59000015258789,32.16999816894531,31.59000015258789,32.0099983215332,9388500
2024-06-03,30.783061981201172,32.560001373291016,32.869998931884766,31.719999313354492,31.809999465942383,12451500
2024-06-04,30.508888244628906,32.27000045776367,32.5099983215332,32.0099983215332,32.38999938964844,6850600
2024-06-05,30.716882705688477,32.4900016784668,32.619998931884766,32.029998779296875,32.099998474121094,6907700
2024-06-06,31.4826717376709,33.29999923706055,33.33000183105469,32.52000045776367,32.560001373291016,7297200
2024-06-07,30.896514892578125,32.68000030517578,33.13999938964844,32.459999084472656,32.849998474121094,9200700
2024-06-10,29.87545394897461,31.600000381469727,32.88999938964844,31.43000030517578,32.709999084472656,10160000
2024-06-11,30.471073150634766,32.22999954223633,32.33000183105469,31.719999313354492,31.860000610351562,5847700
2024-06-12,29.960542678833008,31.690000534057617,32.7400016784668,31.59000015258789,32.33000183105469,13676600
2024-06-13,30.140172958374023,31.8799991607666,32.209999084472656,31.469999313354492,31.790000915527344,11315200
2024-06-14,30.159080505371094,31.899999618530273,31.989999771118164,31.479999542236328,31.739999771118164,11886600
2024-06-17,29.941631317138672,31.670000076293945,31.889999389648438,31.3700008392334,31.719999313354492,7878500
2024-06-18,30.196897506713867,31.940000534057617,32.27000045776367,31.649999618530273,31.719999313354492,11903000
2024-06-19,30.489980697631836,32.25,32.25,31.489999771118164,31.850000381469727,5807400
2024-06-20,30.0929012298584,31.829999923706055,32.75,31.739999771118164,32.33000183105469,9764500
2024-06-21,30.707429885864258,32.47999954223633,32.54999923706055,31.510000228881836,31.59000015258789,17136100
2024-06-24,31.08559799194336,32.880001068115234,33.150001525878906,32.29999923706055,32.36000061035156,8266000
2024-06-25,30.943784713745117,32.72999954223633,33.25,32.619998931884766,33.04999923706055,5896700
2024-06-26,30.669607162475586,32.439998626708984,32.56999969482422,31.920000076293945,32.369998931884766,10271900
2024-06-27,30.43325424194336,32.189998626708984,32.59000015258789,32.119998931884766,32.2599983215332,10667900
2024-06-28,29.223108291625977,30.90999984741211,32.5099983215332,29.989999771118164,32.369998931884766,24176900
2024-07-01,29.497282028198242,31.200000762939453,31.520000457763672,30.700000762939453,30.979999542236328,34507700
2024-07-02,29.60127830505371,31.309999465942383,31.459999084472656,30.809999465942383,31.139999389648438,8642800
2024-07-03,30.527795791625977,32.290000915527344,32.56999969482422,31.579999923706055,31.600000381469727,12432700
2024-07-04,31.003372192382812,32.380001068115234,32.720001220703125,32.150001525878906,32.599998474121094,13211900
2024-07-05,31.185293197631836,32.56999969482422,32.7599983215332,31.940000534057617,32.369998931884766,6119800
2024-07-08,31.012943267822266,32.38999938964844,32.79999923706055,32.060001373291016,32.09000015258789,9729900
2024-07-09,30.620376586914062,31.979999542236328,32.38999938964844,31.739999771118164,32.38999938964844,15917300
2024-07-10,30.36185646057129,31.709999084472656,32.33000183105469,31.579999923706055,32.20000076293945,9493100
2024-07-11,30.448028564453125,31.799999237060547,32.099998474121094,31.549999237060547,32.099998474121094,21254600
2024-07-12,31.137420654296875,32.52000045776367,32.52000045776367,31.639999389648438,31.790000915527344,5498700
2024-07-15,30.80229949951172,32.16999816894531,32.75,32.119998931884766,32.75,4182400
2024-07-16,30.68739891052246,32.04999923706055,32.349998474121094,31.950000762939453,32.29999923706055,8137100
2024-07-17,31.09912109375,32.47999954223633,32.59000015258789,31.84000015258789,31.84000015258789,5915500
2024-07-18,30.333131790161133,31.68000030517578,32.4900016784668,31.549999237060547,32.20000076293945,7159700
2024-07-19,30.40015411376953,31.75,32.2400016784668,31.6200008392334,31.68000030517578,7248600
2024-07-22,30.783151626586914,32.150001525878906,32.5,31.850000381469727,31.850000381469727,5027400
2024-07-23,30.831022262573242,32.20000076293945,32.33000183105469,32.0099983215332,32.08000183105469,6108600
2024-07-24,30.610803604125977,31.969999313354492,32.2599983215332,31.84000015258789,32.150001525878906,7943300
2024-07-25,30.696977615356445,32.060001373291016,32.2599983215332,31.549999237060547,31.809999465942383,8556900
2024-07-26,31.194869995117188,32.58000183105469,32.75,32.029998779296875,32.20000076293945,6503500
2024-07-29,30.92677116394043,32.29999923706055,32.560001373291016,32.220001220703125,32.45000076293945,6230500
2024-07-30,30.68739891052246,32.04999923706055,32.38999938964844,32.0099983215332,32.150001525878906,4177400
2024-07-31,31.223594665527344,32.61000061035156,32.7400016784668,32.09000015258789,32.150001525878906,5781500
2024-08-01,31.376792907714844,32.77000045776367,33.31999969482422,32.689998626708984,32.900001525878906,10023900
2024-08-02,31.348066329956055,32.7400016784668,33.68000030517578,32.650001525878906,32.7599983215332,12459500
2024-08-05,30.43845558166504,31.790000915527344,32.029998779296875,30.899999618530273,31.450000762939453,13679800
2024-08-06,30.907621383666992,32.279998779296875,32.709999084472656,32.0,32.060001373291016,12296200
2024-08-07,32.123626708984375,33.54999923706055,33.54999923706055,32.40999984741211,32.5,9459100
2024-08-08,32.93749237060547,34.400001525878906,34.47999954223633,33.34000015258789,33.540000915527344,7491700
2024-08-09,33.05238723754883,34.52000045776367,34.95000076293945,34.31999969482422,34.619998931884766,7221200
2024-08-12,33.56943130493164,35.060001373291016,35.290000915527344,34.720001220703125,34.900001525878906,9386200
2024-08-13,34.08647155761719,35.599998474121094,35.75,35.06999969482422,35.18000030517578,13795400
2024-08-14,33.51198196411133,35.0,35.689998626708984,34.43000030517578,35.61000061035156,22404000
2024-08-15,34.651390075683594,36.189998626708984,36.2400016784668,35.060001373291016,35.060001373291016,10322800
2024-08-16,34.53649139404297,36.06999969482422,36.959999084472656,35.93000030517578,36.36000061035156,12872500
2024-08-19,34.76628875732422,36.310001373291016,36.58000183105469,35.720001220703125,36.369998931884766,8093500
2024-08-20,34.90033721923828,36.45000076293945,36.70000076293945,36.220001220703125,36.369998931884766,7479100
2024-08-21,35.187583923339844,36.75,36.84000015258789,36.369998931884766,36.540000915527344,5137900
2024-08-22,34.57479476928711,36.11000061035156,36.77000045776367,36.02000045776367,36.599998474121094,6235700
2024-08-23,34.80458068847656,36.349998474121094,36.72999954223633,36.04999923706055,36.349998474121094,4693500
2024-08-26,34.74714279174805,36.290000915527344,36.58000183105469,36.04999923706055,36.45000076293945,7135500
2024-08-27,34.49818801879883,36.029998779296875,36.34000015258789,36.02000045776367,36.20000076293945,4342000
2024-08-28,34.81416320800781,36.36000061035156,36.41999816894531,35.540000915527344,35.95000076293945,5749400
2024-08-29,34.04817581176758,35.560001373291016,36.2400016784668,35.470001220703125,36.099998474121094,7757400
2024-08-30,34.04817581176758,35.560001373291016,35.7599983215332,35.18000030517578,35.459999084472656,15559500
2024-09-02,33.799224853515625,35.29999923706055,35.720001220703125,34.959999084472656,35.650001525878906,3523700
2024-09-03,33.894981384277344,35.400001525878906,35.58000183105469,35.13999938964844,35.290000915527344,6531300
2024-09-04,33.97157669067383,35.47999954223633,36.209999084472656,35.16999816894531,35.220001220703125,6260900
2024-09-05,34.067325592041016,35.58000183105469,35.720001220703125,35.06999969482422,35.459999084472656,4105900
2024-09-06,33.502410888671875,34.9900016784668,35.63999938964844,34.869998931884766,35.25,3472300
2024-09-09,34.076900482177734,35.59000015258789,35.650001525878906,34.81999969482422,35.0099983215332,6448000
2024-09-10,33.799224853515625,35.29999923706055,35.470001220703125,34.9900016784668,35.400001525878906,4800300
2024-09-11,33.1385612487793,34.61000061035156,35.40999984741211,34.41999816894531,35.209999084472656,6304400
2024-09-12,32.61195373535156,34.060001373291016,34.5099983215332,33.95000076293945,34.5099983215332,4928600
2024-09-13,33.41623306274414,34.900001525878906,34.900001525878906,33.95000076293945,34.029998779296875,5984300
2024-09-16,33.789649963378906,35.290000915527344,35.33000183105469,34.7400016784668,34.93000030517578,6995500
2024-09-17,33.76092529296875,35.2599983215332,35.310001373291016,34.849998474121094,35.27000045776367,6160000
2024-09-18,33.713050842285156,35.209999084472656,35.900001525878906,34.849998474121094,34.849998474121094,7930900
2024-09-19,33.234310150146484,34.709999084472656,35.45000076293945,34.70000076293945,35.400001525878906,6572700
2024-09-20,31.912982940673828,33.33000183105469,34.7599983215332,33.33000183105469,34.54999923706055,16468100
2024-09-23,31.395936965942383,32.790000915527344,33.4900016784668,32.38999938964844,33.33000183105469,10884000
2024-09-24,31.309770584106445,32.70000076293945,33.15999984741211,32.380001068115234,32.970001220703125,8089000
2024-09-25,31.45339012145996,32.849998474121094,32.91999816894531,32.380001068115234,32.58000183105469,12277000
2024-09-26,31.759780883789062,33.16999816894531,33.5,32.68000030517578,32.959999084472656,11265400
2024-09-27,32.650245666503906,34.099998474121094,34.470001220703125,32.72999954223633,32.72999954223633,23095500
2024-09-30,31.85553550720215,33.27000045776367,34.369998931884766,33.27000045776367,34.0,12562100
2024-10-01,31.510835647583008,32.90999984741211,33.5,32.54999923706055,33.45000076293945,6750200
2024-10-02,31.070396423339844,32.45000076293945,34.040000915527344,32.45000076293945,33.470001220703125,13286500
2024-10-03,30.917198181152344,32.290000915527344,32.41999816894531,31.610000610351562,32.029998779296875,8663800
2024-10-04,31.118270874023438,32.5,32.720001220703125,32.0,32.04999923706055,6065900
2024-10-07,31.003372192382812,32.380001068115234,32.810001373291016,32.06999969482422,32.68000030517578,3018900
2024-10-08,31.223594665527344,32.61000061035156,32.7400016784668,32.310001373291016,32.4900016784668,6160600
2024-10-09,31.041667938232422,32.41999816894531,32.58000183105469,32.060001373291016,32.20000076293945,5255200
2024-10-10,30.62995147705078,31.989999771118164,32.36000061035156,31.8700008392334,32.29999923706055,9591000
2024-10-11,30.783151626586914,32.150001525878906,32.36000061035156,31.670000076293945,32.060001373291016,3156800
2024-10-14,31.23316764831543,32.619998931884766,32.7599983215332,31.920000076293945,32.209999084472656,5747200
2024-10-15,31.692760467529297,33.099998474121094,33.349998474121094,32.72999954223633,32.79999923706055,7046200
2024-10-16,31.807659149169922,33.220001220703125,33.40999984741211,32.849998474121094,32.88999938964844,8242000
2024-10-17,31.7789363861084,33.189998626708984,33.369998931884766,32.560001373291016,32.88999938964844,10156300
2024-10-18,31.721485137939453,33.130001068115234,33.4900016784668,32.58000183105469,33.4900016784668,11641100
2024-10-21,31.357641220092773,32.75,33.18000030517578,32.540000915527344,33.18000030517578,6460200
2024-10-22,30.95549774169922,32.33000183105469,32.72999954223633,32.20000076293945,32.380001068115234,4907500
2024-10-23,30.89805030822754,32.27000045776367,32.36000061035156,31.81999969482422,32.20000076293945,7670900
2024-10-24,31.223594665527344,32.61000061035156,32.77000045776367,32.02000045776367,32.150001525878906,4792200
2024-10-25,31.185293197631836,32.56999969482422,32.66999816894531,32.380001068115234,32.5,3936300
2024-10-28,31.865102767944336,33.279998779296875,33.41999816894531,32.70000076293945,32.86000061035156,7939300
2024-10-29,31.5587100982666,32.959999084472656,33.4900016784668,32.79999923706055,33.36000061035156,6972300
2024-10-30,31.26189422607422,32.650001525878906,33.040000915527344,32.58000183105469,33.040000915527344,3195000
2024-10-31,31.137420654296875,32.52000045776367,32.86000061035156,32.279998779296875,32.56999969482422,6802600
2024-11-01,30.342708587646484,31.690000534057617,32.58000183105469,31.6299991607666,32.58000183105469,7950000
2024-11-04,31.692760467529297,33.099998474121094,33.150001525878906,31.950000762939453,32.0099983215332,9841300
2024-11-05,31.759780883789062,33.16999816894531,33.189998626708984,32.529998779296875,33.150001525878906,3804700
2024-11-06,31.865102767944336,33.279998779296875,33.439998626708984,32.15999984741211,32.380001068115234,8501600
2024-11-07,31.664037704467773,33.06999969482422,33.7400016784668,32.75,32.959999084472656,4538100
2024-11-08,31.118270874023438,32.5,32.720001220703125,32.02000045776367,32.349998474121094,5564100
2024-11-11,32.17150115966797,33.599998474121094,33.63999938964844,32.18000030517578,32.349998474121094,10805900
2024-11-12,32.45874786376953,33.900001525878906,34.290000915527344,32.75,33.599998474121094,17462200
2024-11-13,32.516197204589844,33.959999084472656,34.08000183105469,33.380001068115234,33.720001220703125,7915300
2024-11-14,32.6981201171875,34.150001525878906,34.310001373291016,33.54999923706055,33.54999923706055,6627800
2024-11-18,32.70769500732422,34.15999984741211,34.4900016784668,33.86000061035156,33.880001068115234,9952300
2024-11-19,32.67897415161133,34.130001068115234,34.29999923706055,33.849998474121094,34.0,4604900
2024-11-21,31.7789363861084,33.189998626708984,33.95000076293945,33.04999923706055,33.849998474121094,14142300
2024-11-22,31.884258270263672,33.29999923706055,33.54999923706055,32.869998931884766,33.369998931884766,7864800
2024-11-25,31.702333450317383,33.11000061035156,33.45000076293945,32.869998931884766,33.22999954223633,6335200
2024-11-26,32.38214874267578,33.81999969482422,34.06999969482422,33.04999923706055,33.34000015258789,5728700
2024-11-27,30.68739891052246,32.04999923706055,33.939998626708984,32.04999923706055,33.91999816894531,12600100
2024-11-28,29.586292266845703,30.899999618530273,31.84000015258789,30.510000228881836,31.809999465942383,14859900
2024-11-29,28.992652893066406,30.280000686645508,30.940000534057617,29.739999771118164,30.829999923706055,25340100
2024-12-02,28.734130859375,30.010000228881836,30.469999313354492,29.899999618530273,30.09000015258789,12401700
2024-12-03,28.79157829284668,30.06999969482422,30.639999389648438,30.0,30.0,12176400
2024-12-04,29.413944244384766,30.719999313354492,30.739999771118164,29.920000076293945,30.100000381469727,11864800
2024-12-05,29.68204116821289,31.0,31.520000457763672,30.940000534057617,31.010000228881836,10605100
2024-12-06,29.308622360229492,30.610000610351562,31.760000228881836,30.40999984741211,31.6299991607666,18551200
2024-12-09,29.078824996948242,30.3700008392334,31.09000015258789,30.219999313354492,30.639999389648438,7033300
2024-12-10,29.52884292602539,30.84000015258789,30.989999771118164,30.399999618530273,30.860000610351562,8240800
2024-12-11,30.093761444091797,31.43000030517578,31.989999771118164,30.329999923706055,30.950000762939453,10262200
2024-12-12,29.442670822143555,30.75,31.200000762939453,30.399999618530273,31.040000915527344,12381400
2024-12-13,28.89690399169922,30.18000030517578,30.799999237060547,30.18000030517578,30.670000076293945,4898200
2024-12-16,27.65217399597168,28.8799991607666,30.360000610351562,28.860000610351562,30.329999923706055,17574800
2024-12-17,27.97771644592285,29.219999313354492,29.510000228881836,28.899999618530273,28.979999542236328,11146800
2024-12-18,26.445741653442383,27.6200008392334,29.219999313354492,27.450000762939453,29.190000534057617,13988000
2024-12-19,27.317052841186523,28.530000686645508,28.780000686645508,27.59000015258789,27.889999389648438,14659800
2024-12-20,27.80410385131836,28.729999542236328,29.309999465942383,28.059999465942383,28.270000457763672,12814100
2024-12-23,27.020206451416016,27.920000076293945,28.639999389648438,27.809999465942383,28.309999465942383,8195800
2024-12-26,26.923429489135742,27.81999969482422,28.079999923706055,27.579999923706055,27.93000030517578,4578900
2024-12-27,26.691165924072266,27.579999923706055,28.18000030517578,27.399999618530273,28.100000381469727,5850500
2024-12-30,26.32341194152832,27.200000762939453,27.850000381469727,27.200000762939453,27.709999084472656,13941600
2025-01-02,26.226634979248047,27.100000381469727,27.479999542236328,26.719999313354492,27.450000762939453,6061600
2025-01-03,25.85887908935547,26.719999313354492,27.34000015258789,26.68000030517578,27.0,6595900
2025-01-06,26.811012268066406,27.549999237060547,27.549999237060547,26.90999984741211,27.0,8885500
2025-01-07,27.287872314453125,28.040000915527344,28.729999542236328,27.780000686645508,28.100000381469727,8694000
2025-01-08,27.17108917236328,27.920000076293945,28.1299991607666,27.65999984741211,27.84000015258789,8663100
2025-01-09,27.832849502563477,28.600000381469727,28.65999984741211,27.8700008392334,27.899999618530273,6302600
2025-01-10,26.98618507385254,27.729999542236328,28.75,27.56999969482422,28.600000381469727,7471800
2025-01-13,27.56035804748535,28.31999969482422,28.709999084472656,28.149999618530273,28.270000457763672,7654400
2025-01-14,27.754995346069336,28.520000457763672,28.68000030517578,28.110000610351562,28.43000030517578,6522400
2025-01-15,29.351003646850586,30.15999984741211,30.520000457763672,28.75,28.799999237060547,16103900
2025-01-16,29.321807861328125,30.1299991607666,30.25,29.889999389648438,30.15999984741211,12279600
2025-01-17,29.243953704833984,30.049999237060547,30.43000030517578,29.700000762939453,30.43000030517578,7532300
2025-01-20,29.409393310546875,30.219999313354492,30.469999313354492,29.6200008392334,29.75,4292100
2025-01-21,29.58456802368164,30.399999618530273,30.6200008392334,30.15999984741211,30.15999984741211,5807000
2025-01-22,30.06142234802246,30.889999389648438,31.1200008392334,30.06999969482422,30.450000762939453,9958100
2025-01-23,30.090618133544922,30.920000076293945,31.350000381469727,30.809999465942383,30.899999618530273,13909000
2025-01-24,30.158740997314453,30.989999771118164,31.139999389648438,30.729999542236328,30.770000457763672,5799300
2025-01-27,30.81077003479004,31.65999984741211,31.670000076293945,30.920000076293945,30.989999771118164,7377900
2025-01-28,30.567472457885742,31.40999984741211,31.6200008392334,31.350000381469727,31.610000610351562,4713400
2025-01-29,30.392303466796875,31.229999542236328,31.700000762939453,31.059999465942383,31.700000762939453,3869900
2025-01-30,31.1903076171875,32.04999923706055,32.18000030517578,31.270000457763672,31.299999237060547,7756800
2025-01-31,31.696361541748047,32.56999969482422,32.9900016784668,31.969999313354492,32.099998474121094,14859200
2025-02-03,31.141647338867188,32.0,32.65999984741211,31.899999618530273,32.52000045776367,7490300
2025-02-04,30.77184295654297,31.6200008392334,32.099998474121094,31.3700008392334,31.899999618530273,8052500
2025-02-05,30.84969711303711,31.700000762939453,31.81999969482422,30.90999984741211,31.440000534057617,7522400
2025-02-06,31.238964080810547,32.099998474121094,32.310001373291016,31.239999771118164,31.65999984741211,8169400
2025-02-07,31.25843048095703,32.119998931884766,32.5,31.940000534057617,32.099998474121094,10328400
2025-02-10,30.703720092773438,31.549999237060547,32.5,31.43000030517578,32.5,14660500
2025-02-11,31.45306396484375,32.31999969482422,32.779998779296875,31.520000457763672,31.549999237060547,11255300
2025-02-12,30.85942840576172,31.709999084472656,32.20000076293945,31.510000228881836,31.760000228881836,13749500
2025-02-13,30.76211166381836,31.610000610351562,31.860000610351562,31.25,31.520000457763672,6320100
2025-02-14,32.15375518798828,33.040000915527344,33.2400016784668,31.84000015258789,31.989999771118164,11688000
2025-02-17,32.523555755615234,33.41999816894531,33.75,33.040000915527344,33.040000915527344,5263900
2025-02-18,32.620880126953125,33.52000045776367,33.720001220703125,33.150001525878906,33.5,6240400
2025-02-19,31.998044967651367,32.880001068115234,33.34000015258789,32.7400016784668,33.15999984741211,7959200
2025-02-20,32.40678024291992,33.29999923706055,33.45000076293945,32.56999969482422,33.08000183105469,8618600
2025-02-21,32.416507720947266,33.310001373291016,33.45000076293945,32.90999984741211,33.29999923706055,11963400
2025-02-24,31.76447868347168,32.63999938964844,33.400001525878906,32.41999816894531,33.400001525878906,8091400
2025-02-25,31.560115814208984,32.43000030517578,32.9900016784668,32.380001068115234,32.75,10105900
2025-02-26,31.52118492126465,32.38999938964844,32.83000183105469,32.20000076293945,32.79999923706055,11152700
2025-02-27,31.18057632446289,32.040000915527344,32.65999984741211,32.040000915527344,32.43000030517578,11958400
2025-02-28,30.7329158782959,31.579999923706055,32.22999954223633,31.5,32.0099983215332,13479100
2025-03-05,31.08325958251953,31.940000534057617,32.029998779296875,31.049999237060547,31.350000381469727,10101800
2025-03-06,30.606403350830078,31.450000762939453,32.040000915527344,31.3700008392334,31.940000534057617,10279800
2025-03-07,31.219505310058594,32.08000183105469,32.650001525878906,30.940000534057617,31.209999084472656,7194400
2025-03-10,31.024866104125977,31.8799991607666,32.150001525878906,31.56999969482422,31.799999237060547,6403700
2025-03-11,31.07352638244629,31.93000030517578,32.45000076293945,31.450000762939453,31.959999084472656,7062000
2025-03-12,31.462799072265625,32.33000183105469,32.459999084472656,31.989999771118164,32.099998474121094,8835100
2025-03-13,32.48463439941406,33.380001068115234,33.5,32.11000061035156,32.40999984741211,11654800
2025-03-14,33.02960968017578,33.939998626708984,34.41999816894531,33.33000183105469,33.5,10124600
2025-03-17,33.963863372802734,34.900001525878906,35.08000183105469,33.86000061035156,34.040000915527344,8721200
2025-03-18,34.61589050292969,35.56999969482422,35.65999984741211,34.75,34.75,10512700
2025-03-19,34.85918426513672,35.81999969482422,36.20000076293945,35.4900016784668,35.56999969482422,11984200
2025-03-20,34.61589050292969,35.56999969482422,36.099998474121094,35.33000183105469,35.779998779296875,6626800
2025-03-21,34.8397216796875,35.79999923706055,36.08000183105469,35.29999923706055,35.400001525878906,13364500
2025-03-24,34.2752799987793,35.220001220703125,36.15999984741211,35.13999938964844,36.130001068115234,6618700
2025-03-25,34.50883483886719,35.459999084472656,35.689998626708984,35.220001220703125,35.22999954223633,6208300
2025-03-26,34.37259292602539,35.31999969482422,35.79999923706055,35.02000045776367,35.79999923706055,5115000
2025-03-27,33.98332214355469,34.91999816894531,35.5,34.619998931884766,35.41999816894531,10046100
2025-03-28,33.963863372802734,34.900001525878906,35.470001220703125,34.52000045776367,34.70000076293945,7313800
2025-03-31,32.796051025390625,33.70000076293945,34.20000076293945,33.54999923706055,34.20000076293945,19678400
2025-04-01,33.21451950073242,34.130001068115234,34.13999938964844,33.529998779296875,33.900001525878906,12950200
2025-04-02,33.43834686279297,34.36000061035156,34.58000183105469,33.790000915527344,34.15999984741211,3920300
2025-04-03,33.87627410888672,34.810001373291016,35.36000061035156,34.11000061035156,34.459999084472656,7359000
2025-04-04,32.1342887878418,33.02000045776367,34.47999954223633,32.779998779296875,34.47999954223633,7358600
2025-04-07,32.74739074707031,33.650001525878906,34.45000076293945,32.27000045776367,32.61000061035156,10317700
2025-04-08,32.69873046875,33.599998474121094,34.400001525878906,33.38999938964844,33.650001525878906,14001200
2025-04-09,33.1171989440918,34.029998779296875,34.81999969482422,32.54999923706055,33.400001525878906,14262400
2025-04-10,32.67926788330078,33.58000183105469,33.709999084472656,32.9900016784668,33.709999084472656,8755800
2025-04-11,32.66953659057617,33.56999969482422,33.84000015258789,33.310001373291016,33.7599983215332,8776800
2025-04-14,33.45781326293945,34.380001068115234,34.5,33.619998931884766,33.7400016784668,6055800
2025-04-15,33.37995529174805,34.29999923706055,34.599998474121094,34.06999969482422,34.369998931884766,4435700
2025-04-16,33.1171989440918,34.029998779296875,34.380001068115234,33.709999084472656,34.11000061035156,5708900
2025-04-17,33.79841995239258,34.72999954223633,34.72999954223633,33.83000183105469,34.25,6110000
2025-04-22,34.01251983642578,34.95000076293945,35.2599983215332,34.310001373291016,34.310001373291016,5247900
2025-04-23,34.76186752319336,35.720001220703125,35.95000076293945,35.310001373291016,35.349998474121094,6784300
2025-04-24,35.13166809082031,36.099998474121094,36.470001220703125,35.58000183105469,36.08000183105469,7774800
2025-04-25,35.61825942993164,36.599998474121094,36.75,35.959999084472656,36.099998474121094,8555400
2025-04-28,36.12430953979492,37.119998931884766,37.310001373291016,36.560001373291016,36.880001068115234,7502500
2025-04-29,36.39680480957031,37.400001525878906,37.459999084472656,36.970001220703125,37.119998931884766,8055700
2025-04-30,37.0877571105957,38.11000061035156,38.34000015258789,37.18000030517578,37.310001373291016,9105400
2025-05-02,36.7374153137207,37.75,38.22999954223633,37.560001373291016,37.650001525878906,8443000
2025-05-05,36.464927673339844,37.470001220703125,38.08000183105469,37.34000015258789,37.91999816894531,5567500
2025-05-06,36.357872009277344,37.36000061035156,37.52000045776367,37.18000030517578,37.52000045776367,4624200
2025-05-07,36.78607177734375,37.79999923706055,37.84000015258789,37.40999984741211,37.689998626708984,4657900
2025-05-08,39.0146484375,40.09000015258789,40.59000015258789,38.220001220703125,38.220001220703125,19387200
2025-05-09,39.715335845947266,40.810001373291016,41.0,39.84000015258789,39.900001525878906,14974100
2025-05-12,38.68376541137695,39.75,41.04999923706055,39.29999923706055,40.459999084472656,12741200
2025-05-13,39.462310791015625,40.54999923706055,41.060001373291016,39.52000045776367,39.65999984741211,10157700
2025-05-14,39.31633377075195,40.400001525878906,40.9900016784668,40.13999938964844,40.47999954223633,8310400
2025-05-15,39.423377990722656,40.5099983215332,40.84000015258789,40.040000915527344,40.29999923706055,7344300
2025-05-16,38.86866760253906,39.939998626708984,40.5,39.54999923706055,40.5,6980500
2025-05-19,39.41364669799805,40.5,40.79999923706055,39.689998626708984,39.75,6551900
2025-05-20,38.94652557373047,40.02000045776367,40.77000045776367,39.5099983215332,40.77000045776367,5509300
2025-05-21,38.479400634765625,39.540000915527344,40.0,39.18000030517578,39.70000076293945,6493500
2025-05-22,38.557254791259766,39.619998931884766,40.439998626708984,39.310001373291016,39.599998474121094,6092600
2025-05-23,38.62537384033203,39.689998626708984,39.70000076293945,38.060001373291016,38.060001373291016,7504500
2025-05-26,38.87840270996094,39.95000076293945,40.20000076293945,39.61000061035156,39.70000076293945,2309500
2025-05-27,39.94889450073242,41.04999923706055,41.27000045776367,40.5,40.959999084472656,9944800
2025-05-28,40.18246078491211,41.290000915527344,41.29999923706055,40.70000076293945,41.0099983215332,5319300
2025-05-29,39.52069854736328,40.61000061035156,41.36000061035156,40.150001525878906,41.0,3989500
2025-05-30,38.489131927490234,39.54999923706055,40.9900016784668,39.5,40.9900016784668,12965900
2025-06-02,38.67403793334961,39.7400016784668,40.560001373291016,39.41999816894531,39.95000076293945,8711000
2025-06-03,39.462310791015625,40.54999923706055,40.77000045776367,39.349998474121094,39.349998474121094,5752100
2025-06-04,39.3260612487793,40.40999984741211,40.900001525878906,40.279998779296875,40.599998474121094,8068100
2025-06-05,39.121700286865234,40.20000076293945,40.7599983215332,39.90999984741211,40.45000076293945,7688900
2025-06-06,38.92706298828125,40.0,40.529998779296875,39.72999954223633,40.45000076293945,3675900
2025-06-09,38.732425689697266,39.79999923706055,40.04999923706055,39.400001525878906,39.72999954223633,7978900
2025-06-10,38.644840240478516,39.709999084472656,40.61000061035156,39.709999084472656,40.0,4586000
2025-06-11,39.102230072021484,40.18000030517578,40.7400016784668,39.5,39.540000915527344,8325800
2025-06-12,40.10460662841797,41.209999084472656,41.25,39.779998779296875,40.0,6015200
2025-06-13,39.423377990722656,40.5099983215332,41.040000915527344,40.5099983215332,41.0,6730800
2025-06-16,40.28950881958008,41.400001525878906,41.75,40.68000030517578,40.779998779296875,4994100
2025-06-17,40.591190338134766,41.709999084472656,41.83000183105469,41.43000030517578,41.709999084472656,4150000
2025-06-18,40.67877960205078,41.79999923706055,42.11000061035156,41.2599983215332,41.689998626708984,6693300
2025-06-20,40.698238372802734,41.81999969482422,41.81999969482422,41.2400016784668,41.31999969482422,6190600
2025-06-23,40.43548583984375,41.54999923706055,41.849998474121094,40.77000045776367,41.83000183105469,8456300
2025-06-24,41.311344146728516,42.45000076293945,42.709999084472656,41.529998779296875,41.689998626708984,8191600
2025-06-25,41.01939392089844,42.150001525878906,42.2599983215332,41.709999084472656,42.0,12470200
2025-06-26,41.02912521362305,42.15999984741211,42.38999938964844,41.779998779296875,42.38999938964844,5527300
2025-06-27,40.57172775268555,41.689998626708984,42.20000076293945,41.4900016784668,41.810001373291016,4379300
2025-06-30,41.11670684814453,42.25,42.56999969482422,41.34000015258789,41.56999969482422,8334500
2025-07-01,41.72007751464844,42.869998931884766,42.869998931884766,42.040000915527344,42.279998779296875,4238200
2025-07-02,40.42575454711914,41.540000915527344,43.130001068115234,41.290000915527344,43.130001068115234,10367900
2025-07-03,41.165367126464844,42.29999923706055,42.689998626708984,41.45000076293945,41.5,5225300
2025-07-04,41.301612854003906,42.439998626708984,42.720001220703125,41.81999969482422,42.099998474121094,2710000
2025-07-07,40.86368179321289,41.9900016784668,42.290000915527344,41.75,42.290000915527344,4649100
2025-07-08,39.900238037109375,41.0,41.66999816894531,40.56999969482422,41.5,13216400
2025-07-09,40.055946350097656,41.15999984741211,41.18000030517578,40.650001525878906,40.66999816894531,21627200
2025-07-10,39.70560073852539,40.79999923706055,40.959999084472656,39.900001525878906,40.56999969482422,14172500
2025-07-11,39.734798431396484,40.83000183105469,41.04999923706055,40.209999084472656,40.689998626708984,7406300
2025-07-14,39.51096725463867,40.599998474121094,40.97999954223633,40.40999984741211,40.86000061035156,4004400
2025-07-15,39.1508903503418,40.22999954223633,41.150001525878906,40.130001068115234,40.900001525878906,7307500
2025-07-16,39.94889450073242,41.04999923706055,41.18000030517578,40.119998931884766,40.33000183105469,16498800
2025-07-17,40.591190338134766,41.709999084472656,41.91999816894531,40.38999938964844,40.70000076293945,6837400
2025-07-18,39.24821090698242,40.33000183105469,42.099998474121094,39.88999938964844,41.349998474121094,13833800
2025-07-21,38.732425689697266,39.79999923706055,40.599998474121094,39.380001068115234,40.099998474121094,7863800
2025-07-22,38.61564636230469,39.68000030517578,40.54999923706055,39.33000183105469,40.0,6280800
2025-07-23,39.306602478027344,40.38999938964844,40.38999938964844,39.38999938964844,39.70000076293945,6641600
2025-07-24,38.40154266357422,39.459999084472656,40.150001525878906,39.43000030517578,39.81999969482422,4727100
2025-07-25,38.304229736328125,39.36000061035156,39.779998779296875,39.0099983215332,39.459999084472656,4980000
2025-07-28,37.45756530761719,38.4900016784668,39.459999084472656,38.09000015258789,39.36000061035156,9459000
2025-07-29,37.681396484375,38.720001220703125,38.97999954223633,38.439998626708984,38.79999923706055,8888000
2025-07-30,38.07066345214844,39.119998931884766,39.5,38.18000030517578,38.59000015258789,17070700
2025-07-31,38.08039855957031,39.130001068115234,39.5,38.220001220703125,39.31999969482422,5961700
2025-08-01,38.02200698852539,39.06999969482422,40.08000183105469,38.90999984741211,39.95000076293945,4618300
2025-08-04,38.119319915771484,39.16999816894531,39.65999984741211,38.91999816894531,39.56999969482422,3932900
2025-08-05,38.15825271606445,39.209999084472656,39.779998779296875,38.880001068115234,39.02000045776367,4681300
2025-08-06,38.75189208984375,39.81999969482422,40.349998474121094,39.22999954223633,39.599998474121094,13498200
2025-08-07,39.209285736083984,40.290000915527344,40.79999923706055,39.779998779296875,40.29999923706055,5940600
2025-08-08,39.66667556762695,40.7599983215332,41.34000015258789,40.279998779296875,40.599998474121094,11263900
2025-08-11,39.53234100341797,40.02000045776367,40.75,39.880001068115234,40.209999084472656,5105400
2025-08-12,44.71836471557617,45.27000045776367,45.4900016784668,42.02000045776367,42.279998779296875,40024200
2025-08-13,43.76018524169922,44.29999923706055,45.13999938964844,44.060001373291016,45.0,15450400
2025-08-14,43.96762466430664,44.5099983215332,45.310001373291016,43.81999969482422,43.9900016784668,7705600
2025-08-15,43.90835952758789,44.45000076293945,44.9900016784668,44.0099983215332,44.9900016784668,7071800
2025-08-18,44.52080154418945,45.06999969482422,45.63999938964844,44.220001220703125,44.220001220703125,8717900
2025-08-19,42.969932556152344,43.5,44.70000076293945,43.13999938964844,44.650001525878906,7315500
2025-08-20,42.495784759521484,43.02000045776367,43.439998626708984,42.72999954223633,43.310001373291016,5873700
2025-08-21,42.09077835083008,42.61000061035156,43.04999923706055,42.5099983215332,43.04999923706055,7563000
2025-08-22,42.772369384765625,43.29999923706055,43.4900016784668,42.52000045776367,42.75,19733400
2025-08-25,42.72298049926758,43.25,43.72999954223633,42.9900016784668,43.47999954223633,4902900
2025-08-26,42.52541732788086,43.04999923706055,43.25,42.66999816894531,43.25,4472800
2025-08-27,43.49347686767578,44.029998779296875,44.029998779296875,42.81999969482422,43.0,5632600
2025-08-28,43.95774841308594,44.5,45.41999816894531,44.099998474121094,44.29999923706055,8611700
2025-08-29,44.31336212158203,44.86000061035156,45.33000183105469,44.369998931884766,44.689998626708984,10425500
2025-09-01,43.87872314453125,44.41999816894531,45.45000076293945,44.13999938964844,44.959999084472656,2485800
2025-09-02,43.95774841308594,44.5,44.529998779296875,43.650001525878906,43.880001068115234,7235200
2025-09-03,43.76018524169922,44.29999923706055,44.529998779296875,43.88999938964844,44.31999969482422,7430000
2025-09-04,44.84678268432617,45.400001525878906,45.720001220703125,44.220001220703125,44.459999084472656,6909800
2025-09-05,45.706180572509766,46.27000045776367,46.81999969482422,45.65999984741211,46.0,6882000
2025-09-08,44.91592788696289,45.470001220703125,46.4900016784668,45.33000183105469,46.4900016784668,8082400
2025-09-09,45.00483322143555,45.560001373291016,45.630001068115234,45.029998779296875,45.349998474121094,5057000
2025-09-10,45.05422592163086,45.61000061035156,46.58000183105469,45.459999084472656,45.4900016784668,15471400
2025-09-11,45.80495834350586,46.369998931884766,47.09000015258789,45.849998474121094,45.90999984741211,7180900
2025-09-12,44.99495315551758,45.54999923706055,46.29999923706055,45.54999923706055,45.81999969482422,6734700
2025-09-15,45.31105422973633,45.869998931884766,46.59000015258789,45.72999954223633,45.79999923706055,6509400
2025-09-16,45.47898483276367,46.040000915527344,46.220001220703125,45.79999923706055,46.220001220703125,6169000
2025-09-17,46.130943298339844,46.70000076293945,47.29999923706055,45.95000076293945,45.95000076293945,8736400
2025-09-18,46.18033218383789,46.75,46.97999954223633,46.47999954223633,46.7400016784668,5922200
2025-09-19,46.91131591796875,47.4900016784668,47.900001525878906,46.81999969482422,46.9900016784668,9928000
2025-09-22,46.57545852661133,47.150001525878906,47.65999984741211,46.79999923706055,47.560001373291016,4744300
2025-09-23,47.2274169921875,47.810001373291016,47.900001525878906,47.06999969482422,47.150001525878906,4461500
2025-09-24,47.247169494628906,47.83000183105469,47.95000076293945,47.38999938964844,47.779998779296875,7463600
2025-09-25,46.77301788330078,47.349998474121094,48.02000045776367,47.310001373291016,47.900001525878906,5263200
2025-09-26,47.454612731933594,48.040000915527344,48.13999938964844,47.45000076293945,47.63999938964844,3814800
2025-09-29,48.25474166870117,48.849998474121094,49.099998474121094,47.72999954223633,48.150001525878906,6690500
2025-09-30,47.671932220458984,48.2599983215332,49.5,48.18000030517578,49.20000076293945,7678700
2025-10-01,47.2372932434082,47.81999969482422,49.11000061035156,47.540000915527344,48.88999938964844,6326700
2025-10-02,46.664363861083984,47.2400016784668,48.029998779296875,46.81999969482422,47.79999923706055,4768900
2025-10-03,47.217533111572266,47.79999923706055,47.93000030517578,47.060001373291016,47.13999938964844,4618000
2025-10-06,47.04960632324219,47.630001068115234,47.97999954223633,46.880001068115234,47.90999984741211,4015200
2025-10-07,45.47898483276367,46.040000915527344,47.540000915527344,45.66999816894531,47.31999969482422,16249000
2025-10-08,46.86192321777344,47.439998626708984,47.63999938964844,46.13999938964844,46.13999938964844,9710500
2025-10-09,46.8322868347168,47.40999984741211,48.27000045776367,47.31999969482422,47.849998474121094,6340900
2025-10-10,46.565574645996094,47.13999938964844,48.02000045776367,46.66999816894531,47.65999984741211,8014700
2025-10-13,46.7335090637207,47.310001373291016,47.7400016784668,47.22999954223633,47.7400016784668,3143100
2025-10-14,45.834598541259766,46.400001525878906,47.2599983215332,46.0,47.22999954223633,10120900
2025-10-15,46.85204315185547,47.43000030517578,48.36000061035156,45.84000015258789,46.029998779296875,24915000
2025-10-16,45.21227264404297,45.77000045776367,47.459999084472656,45.63999938964844,47.0099983215332,13862700
2025-10-17,45.814842224121094,46.380001068115234,46.439998626708984,45.119998931884766,45.540000915527344,7795300
2025-10-20,46.111183166503906,46.68000030517578,46.9900016784668,46.220001220703125,46.68000030517578,5951900
2025-10-21,46.308746337890625,46.880001068115234,47.29999923706055,46.13999938964844,46.400001525878906,5120200
2025-10-22,46.723628997802734,47.29999923706055,47.630001068115234,46.9900016784668,47.349998474121094,6351400
2025-10-23,46.70387268066406,47.279998779296875,47.70000076293945,46.959999084472656,47.400001525878906,6050900
2025-10-24,47.069366455078125,47.650001525878906,48.130001068115234,47.43000030517578,47.650001525878906,4187800
2025-10-27,47.17802429199219,47.7599983215332,48.40999984741211,47.68000030517578,48.400001525878906,5240600
2025-10-28,47.36570739746094,47.95000076293945,48.11000061035156,47.529998779296875,47.7599983215332,4268400
2025-10-29,48.95608901977539,49.560001373291016,49.58000183105469,48.150001525878906,48.150001525878906,11214000
2025-10-30,48.521453857421875,49.119998931884766,50.099998474121094,48.83000183105469,49.08000183105469,12866200
2025-10-31,48.22510528564453,48.81999969482422,49.720001220703125,48.77000045776367,49.5,7662800
2025-11-03,47.90900421142578,48.5,49.400001525878906,48.2599983215332,49.400001525878906,5588700
2025-11-04,48.44242477416992,49.040000915527344,49.099998474121094,48.16999816894531,48.38999938964844,6048900
2025-11-05,49.77597427368164,50.38999938964844,50.54999923706055,48.970001220703125,49.040000915527344,9600800
2025-11-06,49.60804748535156,50.220001220703125,50.970001220703125,50.029998779296875,50.25,5821100
2025-11-07,49.973541259765625,50.59000015258789,50.59000015258789,49.900001525878906,50.0,6100800
2025-11-10,50.58598327636719,51.209999084472656,52.060001373291016,50.790000915527344,50.93000030517578,10668100
2025-11-11,51.7614860534668,52.400001525878906,53.68000030517578,51.40999984741211,52.619998931884766,18905300
2025-11-12,53.0160026550293,53.66999816894531,53.79999923706055,52.130001068115234,52.45000076293945,14058900
2025-11-13,53.34198760986328,54.0,54.70000076293945,53.40999984741211,53.54999923706055,17188900
2025-11-14,52.739418029785156,53.38999938964844,54.13999938964844,53.0,53.91999816894531,10473800
2025-11-17,52.334415435791016,52.97999954223633,53.63999938964844,52.63999938964844,53.61000061035156,14274000
2025-11-18,51.75160598754883,52.38999938964844,52.91999816894531,52.209999084472656,52.31999969482422,6671900
2025-11-19,51.484893798828125,52.119998931884766,52.2599983215332,51.59000015258789,52.060001373291016,7483600
2025-11-21,50.58598327636719,51.209999084472656,51.880001068115234,50.599998474121094,51.599998474121094,7939700
2025-11-24,50.566226959228516,51.189998626708984,51.66999816894531,50.849998474121094,51.29999923706055,9202500
2025-11-25,51.13916015625,51.77000045776367,51.95000076293945,50.560001373291016,51.29999923706055,5878200
2025-11-26,52.02819061279297,52.66999816894531,52.880001068115234,51.650001525878906,52.04999923706055,7409000
2025-11-27,52.01831817626953,52.65999984741211,53.08000183105469,52.439998626708984,52.560001373291016,2457800
2025-11-28,53.34198760986328,54.0,54.279998779296875,53.0099983215332,53.0099983215332,6504800
2025-12-01,53.0160026550293,53.66999816894531,54.2599983215332,53.41999816894531,54.04999923706055,3445200
2025-12-02,54.507606506347656,55.18000030517578,55.18000030517578,53.880001068115234,54.0,5700500
2025-12-03,55.396644592285156,56.08000183105469,56.13999938964844,55.06999969482422,55.38999938964844,8799600
2025-12-04,56.226402282714844,56.91999816894531,57.310001373291016,56.209999084472656,56.65999984741211,10489900
2025-12-05,51.7812385559082,52.41999816894531,56.97999954223633,52.20000076293945,56.869998931884766,15402400
2025-12-08,52.29490280151367,52.939998626708984,53.2400016784668,51.65999984741211,53.18000030517578,10922400
2025-12-09,51.56392288208008,52.20000076293945,52.689998626708984,51.220001220703125,52.529998779296875,15113500
2025-12-10,52.778934478759766,53.43000030517578,53.58000183105469,52.209999084472656,52.279998779296875,10755900
2025-12-11,54.11248016357422,54.779998779296875,55.22999954223633,53.20000076293945,53.43000030517578,9599300
2025-12-12,54.616268157958984,55.290000915527344,56.0,54.689998626708984,54.77000045776367,7252300
2025-12-15,55.77200698852539,56.459999084472656,57.0,55.689998626708984,55.79999923706055,6660700
2025-12-16,52.85795593261719,53.5099983215332,55.599998474121094,53.5099983215332,55.599998474121094,10155500
2025-12-17,51.11940383911133,51.75,53.189998626708984,50.9900016784668,53.0099983215332,14692300
2025-12-18,52.117095947265625,52.7599983215332,53.040000915527344,51.439998626708984,51.75,9506600
2025-12-19,52.11213302612305,52.2599983215332,53.220001220703125,51.869998931884766,52.2400016784668,7955000
2025-12-22,51.41411590576172,51.560001373291016,52.369998931884766,51.18000030517578,52.02000045776367,4724200
2025-12-23,52.7104377746582,52.86000061035156,53.20000076293945,51.709999084472656,51.709999084472656,3988600
2025-12-26,52.301597595214844,52.45000076293945,52.849998474121094,52.029998779296875,52.45000076293945,2571800
2025-12-29,52.291622161865234,52.439998626708984,52.630001068115234,51.77000045776367,52.400001525878906,4830000
2025-12-30,52.58000183105469,52.58000183105469,53.16999816894531,52.529998779296875,52.54999923706055,4172300
2026-01-02,52.189998626708984,52.189998626708984,53.41999816894531,52.119998931884766,53.16999816894531,3901500
2026-01-05,53.599998474121094,53.599998474121094,54.2599983215332,52.0,52.22999954223633,5441900
2026-01-06,54.310001373291016,54.310001373291016,54.970001220703125,53.97999954223633,53.97999954223633,4560900
2026-01-07,53.25,53.25,54.25,52.529998779296875,53.90999984741211,4471400
2026-01-08,54.400001525878906,54.400001525878906,54.4900016784668,53.0,53.06999969482422,6647300
2026-01-09,54.720001220703125,54.720001220703125,55.689998626708984,54.290000915527344,54.400001525878906,5274500
2026-01-12,54.06999969482422,54.06999969482422,54.560001373291016,53.7599983215332,54.400001525878906,4598600
2026-01-13,53.38999938964844,53.38999938964844,54.310001373291016,52.77000045776367,53.689998626708984,7179100
2026-01-14,54.5,54.5,54.68000030517578,53.25,53.7400016784668,7456700
2026-01-15,55.08000183105469,55.08000183105469,55.220001220703125,54.2599983215332,54.849998474121094,7038100
2026-01-16,54.400001525878906,54.400001525878906,55.27000045776367,54.0,55.08000183105469,5636300
2026-01-19,54.81999969482422,54.81999969482422,54.91999816894531,54.25,54.25,2129900
2026-01-20,55.099998474121094,55.099998474121094,55.36000061035156,54.08000183105469,54.970001220703125,5683800
2026-01-21,57.72999954223633,57.72999954223633,57.9900016784668,55.470001220703125,55.849998474121094,11414100
2026-01-22,58.310001373291016,58.310001373291016,60.13999938964844,57.63999938964844,57.9900016784668,16209600
2026-01-23,59.09000015258789,59.09000015258789,60.2599983215332,58.31999969482422,58.34000015258789,11815900
2026-01-26,60.22999954223633,60.22999954223633,60.630001068115234,58.88999938964844,59.47999954223633,11168400
2026-01-27,61.70000076293945,61.70000076293945,62.13999938964844,60.68000030517578,61.08000183105469,11595100
2026-01-28,62.220001220703125,62.220001220703125,62.790000915527344,61.06999969482422,62.09000015258789,7986400
2026-01-29,60.970001220703125,60.970001220703125,62.75,59.869998931884766,62.75,20184000
2026-01-30,59.95000076293945,59.95000076293945,61.130001068115234,59.36000061035156,61.0,7466500
2026-02-02,61.119998931884766,61.119998931884766,61.4900016784668,60.220001220703125,60.83000183105469,11794800
2026-02-03,61.220001220703125,61.220001220703125,62.9900016784668,60.959999084472656,62.13999938964844,11319800
2026-02-04,58.20000076293945,58.20000076293945,60.93000030517578,57.61000061035156,60.75,14129300
2026-02-05,58.97999954223633,58.97999954223633,59.470001220703125,58.08000183105469,58.599998474121094,15395500
2026-02-06,60.27000045776367,60.27000045776367,60.7400016784668,59.02000045776367,59.04999923706055,8950000
2026-02-09,60.20000076293945,60.20000076293945,60.27000045776367,58.540000915527344,59.86000061035156,19528000
2026-02-10,58.939998626708984,58.939998626708984,61.119998931884766,58.130001068115234,60.18000030517578,11375400
2026-02-11,59.209999084472656,59.209999084472656,60.08000183105469,58.70000076293945,59.189998626708984,15363700
2026-02-12,58.5,58.5,59.459999084472656,58.2599983215332,58.88999938964844,10400400
2026-02-13,59.59000015258789,59.59000015258789,59.59000015258789,57.36000061035156,58.130001068115234,13019500
2026-02-18,60.31999969482422,60.31999969482422,61.150001525878906,59.599998474121094,60.20000076293945,7790400
2026-02-19,61.849998474121094,61.849998474121094,61.849998474121094,60.38999938964844,60.38999938964844,7157700
2026-02-20,62.18000030517578,62.18000030517578,62.41999816894531,60.869998931884766,60.9900016784668,5465400
2026-02-23,60.61000061035156,60.61000061035156,62.34000015258789,60.369998931884766,62.189998626708984,6658000
2026-02-24,61.150001525878906,61.150001525878906,61.2599983215332,60.029998779296875,60.9900016784668,8188300
2026-02-25,61.79999923706055,61.79999923706055,61.84000015258789,60.5,61.5,8997900
2026-02-26,62.040000915527344,62.040000915527344,62.63999938964844,61.25,61.95000076293945,11718500
2026-02-27,61.2599983215332,61.2599983215332,62.25,60.79999923706055,61.88999938964844,10421600
2026-03-02,61.09000015258789,61.09000015258789,61.689998626708984,59.27000045776367,60.56999969482422,7548900
2026-03-03,57.5099983215332,57.5099983215332,59.0,55.90999984741211,58.470001220703125,21363700
2026-03-04,59.88999938964844,59.88999938964844,60.68000030517578,58.56999969482422,58.56999969482422,12691800
2026-03-05,57.150001525878906,57.150001525878906,59.959999084472656,57.0,59.5,12883000
2026-03-06,56.0,56.0,57.369998931884766,55.529998779296875,57.09000015258789,9962200
2026-03-09,56.70000076293945,56.70000076293945,57.11000061035156,54.90999984741211,55.20000076293945,12474600
2026-03-10,57.91999816894531,57.91999816894531,59.91999816894531,56.75,57.29999923706055,10675500
2026-03-11,58.220001220703125,58.220001220703125,59.04999923706055,57.33000183105469,57.72999954223633,4985700
2026-03-12,56.099998474121094,56.099998474121094,57.5,55.63999938964844,57.0,11722700
2026-03-13,55.11000061035156,55.11000061035156,56.849998474121094,54.7400016784668,56.5,7846700
2026-03-16,55.900001525878906,55.900001525878906,56.72999954223633,55.41999816894531,56.2400016784668,4283300
2026-03-17,56.099998474121094,56.099998474121094,57.29999923706055,55.54999923706055,55.72999954223633,7097900
2026-03-18,55.41999816894531,55.41999816894531,56.779998779296875,55.400001525878906,55.65999984741211,10772900
2026-03-19,55.11000061035156,55.11000061035156,55.599998474121094,53.5,54.060001373291016,11706900
2026-03-20,52.7400016784668,52.7400016784668,54.58000183105469,51.81999969482422,54.41999816894531,18114700
2026-03-23,55.22999954223633,55.22999954223633,56.45000076293945,54.20000076293945,54.20000076293945,12812700
2026-03-24,55.630001068115234,55.630001068115234,55.7400016784668,53.91999816894531,54.849998474121094,6165400
2026-03-25,56.68000030517578,56.68000030517578,57.88999938964844,56.290000915527344,56.77000045776367,10106000
2026-03-26,55.20000076293945,55.20000076293945,56.5,54.79999923706055,55.540000915527344,5861800
2026-03-27,53.529998779296875,53.529998779296875,54.779998779296875,53.130001068115234,54.77000045776367,14128200
2026-03-30,53.400001525878906,53.400001525878906,54.599998474121094,52.86000061035156,54.439998626708984,10362400
2026-03-31,56.290000915527344,56.290000915527344,56.599998474121094,54.43000030517578,54.540000915527344,12745600
2026-04-01,57.599998474121094,57.599998474121094,58.7599983215332,56.630001068115234,56.65999984741211,9892000
2026-04-02,57.27000045776367,57.27000045776367,57.7599983215332,55.349998474121094,55.529998779296875,6127500
2026-04-06,57.709999084472656,57.709999084472656,58.209999084472656,57.099998474121094,57.5,4491900
2026-04-07,58.209999084472656,58.209999084472656,58.38999938964844,56.58000183105469,57.59000015258789,4506400
2026-04-08,62.119998931884766,62.119998931884766,62.619998931884766,61.08000183105469,61.54999923706055,18658200
2026-04-09,63.04999923706055,63.04999923706055,63.599998474121094,61.880001068115234,62.040000915527344,11089100
2026-04-10,62.779998779296875,62.779998779296875,63.68000030517578,62.25,63.029998779296875,7803800
2026-04-13,63.79999923706055,63.79999923706055,63.86000061035156,62.27000045776367,62.630001068115234,10530300
2026-04-14,63.25,63.25,64.30000305175781,62.810001373291016,63.91999816894531,8523900
2026-04-15,64.33000183105469,64.33000183105469,64.33000183105469,62.720001220703125,63.29999923706055,7588000
2026-04-16,64.33999633789062,64.33999633789062,64.5999984741211,63.38999938964844,64.33000183105469,5036900
2026-04-17,63.599998474121094,63.599998474121094,65.5,63.599998474121094,65.0,8357200
2026-04-20,64.12999725341797,64.12999725341797,64.4000015258789,63.2400016784668,63.4900016784668,4243100
2026-04-22,62.029998779296875,62.029998779296875,63.779998779296875,61.61000061035156,63.70000076293945,6396500
2026-04-23,60.959999084472656,60.959999084472656,62.189998626708984,60.5,62.189998626708984,5330800
2026-04-24,60.880001068115234,60.880001068115234,61.2400016784668,60.150001525878906,61.2400016784668,4296900
2026-04-27,60.5099983215332,60.5099983215332,61.38999938964844,60.400001525878906,60.880001068115234,2601900
2026-04-28,60.18000030517578,60.18000030517578,60.279998779296875,58.9900016784668,59.959999084472656,7849400
2026-04-29,58.56999969482422,58.56999969482422,59.90999984741211,58.11000061035156,59.900001525878906,6087700
2026-04-30,59.34000015258789,59.34000015258789,59.689998626708984,58.849998474121094,59.2599983215332,9514200
2026-05-04,58.11000061035156,58.11000061035156,59.7400016784668,57.779998779296875,59.65999984741211,6426000
2026-05-05,57.939998626708984,57.939998626708984,58.66999816894531,57.83000183105469,58.18000030517578,6316300
2026-05-06,59.02000045776367,59.02000045776367,59.56999969482422,58.18000030517578,59.029998779296875,7356200
2026-05-07,57.20000076293945,57.20000076293945,58.599998474121094,57.0,58.099998474121094,7742800
2026-05-08,58.650001525878906,58.650001525878906,59.18000030517578,58.060001373291016,58.27000045776367,9091400
2026-05-11,56.959999084472656,56.959999084472656,60.77000045776367,56.560001373291016,59.560001373291016,12253600
2026-05-12,57.0,57.0,57.369998931884766,56.43000030517578,56.61000061035156,17384700
2026-05-13,54.93000030517578,54.93000030517578,57.099998474121094,54.52000045776367,56.7599983215332,18127600
2026-05-14,55.38999938964844,55.38999938964844,56.15999984741211,55.20000076293945,55.40999984741211,13168800
2026-05-15,54.5,54.5,54.84000015258789,53.95000076293945,54.59000015258789,8815400
2026-05-18,54.18000030517578,54.18000030517578,55.02000045776367,53.36000061035156,55.02000045776367,8557600
2026-05-19,53.06999969482422,53.06999969482422,53.65999984741211,52.560001373291016,53.189998626708984,10589600
2026-05-20,54.20000076293945,54.20000076293945,55.099998474121094,52.95000076293945,53.52000045776367,16101300
2026-05-21,54.369998931884766,54.369998931884766,54.630001068115234,53.20000076293945,53.709999084472656,12222800
2026-05-22,53.93000030517578,53.93000030517578,54.470001220703125,53.27000045776367,54.470001220703125,8871900
2026-05-25,55.900001525878906,55.900001525878906,55.900001525878906,54.470001220703125,54.79999923706055,5612600
2026-05-26,55.5,55.5,55.68000030517578,54.400001525878906,55.59000015258789,9069500
2026-05-27,54.9900016784668,54.9900016784668,56.47999954223633,54.709999084472656,56.36000061035156,7089600
2026-05-28,54.29999923706055,54.29999923706055,55.5,54.29999923706055,54.9900016784668,11597400
2026-05-29,53.75,53.75,54.4900016784668,53.209999084472656,54.4900016784668,14559100
2026-06-01,52.75,52.75,53.84000015258789,52.41999816894531,53.70000076293945,12828100
2026-06-02,53.25,53.25,53.810001373291016,52.84000015258789,53.099998474121094,8932700
2026-06-03,50.709999084472656,50.709999084472656,52.84000015258789,50.70000076293945,52.650001525878906,14867300
2026-06-05,50.650001525878906,50.650001525878906,51.0099983215332,50.290000915527344,50.97999954223633,9846200
2026-06-08,50.5,50.5,50.900001525878906,50.31999969482422,50.900001525878906,5479800
2026-06-09,50.849998474121094,50.849998474121094,51.59000015258789,50.310001373291016,51.209999084472656,16494900
2026-06-10,49.20000076293945,49.20000076293945,50.56999969482422,48.72999954223633,50.56999969482422,14645300
2026-06-11,50.47999954223633,50.47999954223633,50.88999938964844,48.869998931884766,49.380001068115234,11346000
2026-06-12,50.38999938964844,50.38999938964844,51.439998626708984,49.900001525878906,50.31999969482422,7441800
2026-06-15,50.880001068115234,50.880001068115234,52.08000183105469,50.790000915527344,51.63999938964844,10725400
2026-06-16,50.70000076293945,50.70000076293945,51.04999923706055,50.25,50.599998474121094,38493700
2026-06-17,50.38999938964844,50.38999938964844,51.869998931884766,50.279998779296875,50.95000076293945,12655300
2026-06-18,50.849998474121094,50.849998474121094,51.560001373291016,50.20000076293945,50.790000915527344,10210500
2026-06-19,50.63999938964844,50.63999938964844,51.119998931884766,50.63999938964844,50.93000030517578,6356200
2026-06-22,52.209999084472656,52.209999084472656,52.599998474121094,51.34000015258789,51.70000076293945,9634100
2026-06-23,52.79999923706055,52.79999923706055,53.02000045776367,51.599998474121094,52.0,11615900
2026-06-24,53.65999984741211,53.65999984741211,53.86000061035156,52.13999938964844,52.279998779296875,15130900
2026-06-25,54.29999923706055,54.29999923706055,54.9900016784668,53.779998779296875,53.779998779296875,8896800
2026-06-26,54.65999984741211,54.65999984741211,55.099998474121094,53.81999969482422,54.34000015258789,8257900
