Price,Adj Close,Close,High,Low,Open,Volume
Ticker,VBBR3.SA,VBBR3.SA,VBBR3.SA,VBBR3.SA,VBBR3.SA,VBBR3.SA
Date,,,,,,
2021-06-28,19.15700340270996,25.450414657592773,25.95456886291504,24.94626235961914,25.74917221069336,7868532
2021-06-29,18.482358932495117,24.554141998291016,25.80518913269043,24.51679801940918,25.674482345581055,18783065
2021-06-30,18.749406814575195,24.908916473388672,25.189001083374023,24.28339385986328,24.36741828918457,16534714
2021-07-01,20.09868621826172,26.70146369934082,27.140262603759766,25.245019912719727,25.487760543823242,87389741
2021-07-02,20.653865814208984,27.43902015686035,27.868484497070312,26.710798263549805,26.794824600219727,46991937
2021-07-05,20.70305633544922,27.50437355041504,27.868484497070312,27.27096939086914,27.354995727539062,57916217
2021-07-06,20.09868621826172,26.70146369934082,27.50437355041504,26.458721160888672,27.50437355041504,19679256
2021-07-07,20.147878646850586,26.766815185546875,27.093582153320312,26.32801628112793,26.87885093688965,38013958
2021-07-08,20.190048217773438,26.822832107543945,26.822832107543945,25.907888412475586,26.300006866455078,15798545
2021-07-12,20.653865814208984,27.43902015686035,27.681760787963867,27.018892288208008,27.233625411987305,14225952
2021-07-13,20.527366638183594,27.27096939086914,27.3923397064209,26.776151657104492,27.10291862487793,10664109
2021-07-14,20.625751495361328,27.401676177978516,27.691097259521484,27.112253189086914,27.65375328063965,10068790
2021-07-15,20.379789352416992,27.074909210205078,27.67242431640625,26.776151657104492,27.345659255981445,8793964
2021-07-16,20.042470932006836,26.626773834228516,27.364330291748047,26.421377182006836,27.224288940429688,17365568
2021-07-19,19.923002243041992,26.46805763244629,26.70146369934082,26.131956100463867,26.44005012512207,12139981
2021-07-20,20.063549041748047,26.654781341552734,26.89752197265625,26.23465347290039,26.52407455444336,6023772
2021-07-21,20.091663360595703,26.692127227783203,26.81349754333496,26.253326416015625,26.70146369934082,10837520
2021-07-22,20.323566436767578,27.000219345092773,27.158935546875,26.570756912231445,26.570756912231445,9761598
2021-07-23,20.09868621826172,26.70146369934082,27.074909210205078,26.542747497558594,27.000219345092773,5516926
2021-07-26,20.379789352416992,27.074909210205078,27.18694305419922,26.486730575561523,26.738807678222656,9442517
2021-07-27,20.274383544921875,26.93486785888672,27.13092613220215,26.46805763244629,27.074909210205078,7680339
2021-07-28,20.274383544921875,26.93486785888672,27.336322784423828,26.58942985534668,27.065574645996094,8567961
2021-07-29,20.63981056213379,27.420347213745117,27.943174362182617,27.074909210205078,27.093582153320312,16691737
2021-07-30,19.908946990966797,26.449386596679688,27.43902015686035,26.29067039489746,27.168270111083984,13524059
2021-08-02,20.211130142211914,26.850841522216797,27.317649841308594,26.55208396911621,26.89752197265625,10696992
2021-08-03,19.908946990966797,26.449386596679688,26.916194915771484,25.767845153808594,26.84150505065918,13179271
2021-08-04,19.733259201049805,26.21598243713379,26.654781341552734,25.95456886291504,26.41204071044922,10762864
2021-08-05,19.529462814331055,25.945232391357422,26.78548812866211,25.8612060546875,26.64544677734375,13878487
2021-08-06,19.712173461914062,26.187973022460938,26.393369674682617,25.95456886291504,26.047929763793945,6677894
2021-08-09,20.063549041748047,26.654781341552734,26.766815185546875,26.141292572021484,26.17863655090332,9812368
2021-08-10,20.084636688232422,26.682790756225586,27.093582153320312,26.53341293334961,26.66411781311035,9885417
2021-08-11,19.409990310668945,25.786516189575195,25.963905334472656,24.88090705871582,25.767845153808594,31462239
2021-08-12,18.93212127685547,25.151657104492188,25.66514778137207,24.74086570739746,25.66514778137207,18549029
2021-08-13,19.149974822998047,25.441078186035156,25.441078186035156,24.82489013671875,25.217010498046875,10838377
2021-08-16,18.80562973022461,24.983606338500977,25.497095108032227,24.460779190063477,25.26369285583496,13388886
2021-08-17,18.552635192871094,24.647504806518555,24.983606338500977,24.180694580078125,24.927589416503906,15511275
2021-08-18,18.3769474029541,24.414100646972656,24.8528995513916,24.190031051635742,24.647504806518555,10649756
2021-08-19,18.320728302001953,24.33941078186035,24.65683937072754,23.807247161865234,24.0779972076416,10111313
2021-08-20,18.34181022644043,24.36741828918457,24.5448055267334,23.68587875366211,24.012643814086914,11899304
2021-08-23,18.011520385742188,23.928617477416992,24.591487884521484,23.7699031829834,24.591487884521484,10507942
2021-08-24,18.468307495117188,24.53546905517578,24.65683937072754,23.844593048095703,24.180694580078125,12630331
2021-08-25,18.686155319213867,24.82489013671875,25.104976654052734,24.53546905517578,24.647504806518555,11315125
2021-08-26,18.580745697021484,24.68484878540039,25.160993576049805,24.60082244873047,24.60082244873047,14637791
2021-08-27,19.058616638183594,25.31970977783203,25.66514778137207,24.76887321472168,24.983606338500977,13650449
2021-08-30,18.97429084777832,25.20767593383789,25.543777465820312,25.020950317382812,25.217010498046875,11869420
2021-08-31,19.107810974121094,25.385061264038086,25.66514778137207,24.8528995513916,25.226346969604492,13843569
2021-09-01,18.80562973022461,24.983606338500977,25.487760543823242,24.619495391845703,25.31037139892578,22643425
2021-09-02,17.997461318969727,23.90994644165039,25.0863037109375,23.723222732543945,25.011615753173828,13844212
2021-09-03,18.011520385742188,23.928617477416992,24.25538444519043,23.433801651000977,24.19936752319336,16513613
2021-09-06,18.07476234436035,24.012643814086914,24.292728424072266,23.81658363342285,23.900609970092773,3967041
2021-09-08,17.308767318725586,22.9950008392334,24.068660736083984,22.808277130126953,24.068660736083984,13939540
2021-09-09,17.667165756225586,23.471145629882812,24.003307342529297,22.59354591369629,22.98566436767578,17457683
2021-09-10,17.877994537353516,23.751230239868164,24.432771682739258,23.611188888549805,23.807247161865234,22274216
2021-09-13,18.05368423461914,23.984634399414062,24.60082244873047,23.881938934326172,24.442108154296875,7830186
2021-09-14,18.027816772460938,23.639196395874023,24.190031051635742,23.489818572998047,23.620525360107422,8562713
2021-09-15,18.01357650756836,23.620525360107422,23.835256576538086,23.340438842773438,23.76056671142578,7966109
2021-09-16,18.227176666259766,23.900609970092773,23.919282913208008,23.097698211669922,23.471145629882812,11226866
2021-09-17,17.86406135559082,23.42446517944336,23.788576126098633,23.19106101989746,23.788576126098633,14978402
2021-09-20,17.508056640625,22.957656860351562,23.293758392333984,22.556201934814453,23.200397491455078,9586687
2021-09-21,17.92813491821289,23.50849151611328,24.003307342529297,23.097698211669922,23.135042190551758,13255427
2021-09-22,17.97085952758789,23.56450843811035,23.90994644165039,23.48048210144043,23.779239654541016,7472010
2021-09-23,18.077653884887695,23.70454978942871,23.993972778320312,23.49915313720703,23.56450843811035,9119472
2021-09-24,17.899656295776367,23.471145629882812,23.64853286743164,23.200397491455078,23.489818572998047,6713133
2021-09-27,17.671815872192383,23.172388076782227,23.489818572998047,22.81761360168457,23.461809158325195,7857392
2021-09-28,16.974058151245117,22.257442474365234,23.153715133666992,21.902667999267578,23.032346725463867,19079974
2021-09-29,16.909976959228516,22.173416137695312,22.677570343017578,22.12673568725586,22.322795867919922,9762776
2021-09-30,16.724857330322266,21.93067741394043,22.341468811035156,21.78129768371582,22.173416137695312,13284668
2021-10-01,17.123580932617188,22.453502655029297,22.518856048583984,21.89333152770996,22.089391708374023,6766796
2021-10-04,16.988296508789062,22.27611541748047,22.36014175415039,21.734617233276367,21.940013885498047,13466112
2021-10-05,16.83877944946289,22.080055236816406,22.369476318359375,21.883995056152344,22.238771438598633,8074183
2021-10-06,16.55398178100586,21.70660972595215,22.07071876525879,21.043739318847656,21.827978134155273,18275148
2021-10-07,17.123580932617188,22.453502655029297,22.621553421020508,21.575902938842773,21.659927368164062,15021996
2021-10-08,17.59349822998047,23.069690704345703,23.405792236328125,22.59354591369629,22.686906814575195,17383991
2021-10-11,17.65757942199707,23.153715133666992,24.03131675720215,23.04168128967285,23.620525360107422,21314294
2021-10-13,17.84981918334961,23.405792236328125,23.713886260986328,23.16305160522461,23.433801651000977,15100722
2021-10-14,17.785736083984375,23.321767807006836,23.48048210144043,22.826950073242188,23.471145629882812,10917853
2021-10-15,17.47957992553711,22.920310974121094,23.237741470336914,22.73358726501465,23.237741470336914,10068576
2021-10-18,17.60774040222168,23.088363647460938,23.33110237121582,22.64956283569336,22.780269622802734,10127486
2021-10-19,16.546855926513672,21.6972713470459,22.892303466796875,21.32382583618164,22.836286544799805,15529912
2021-10-20,16.561098098754883,21.715944290161133,22.12673568725586,21.55722999572754,21.83731460571289,10229027
2021-10-21,15.685341835021973,20.567594528198242,21.417186737060547,20.184812545776367,21.099756240844727,26224334
2021-10-22,15.315096855163574,20.08211326599121,20.829008102416992,18.84973907470703,19.904727935791016,29902607
2021-10-25,16.105419158935547,21.11842918395996,21.277143478393555,20.32485580444336,20.63294792175293,14404077
2021-10-26,15.144221305847168,19.85804557800293,20.987722396850586,19.774019241333008,20.847679138183594,15417125
2021-10-27,15.386298179626465,20.17547607421875,20.791662216186523,19.848709106445312,20.06344223022461,14527896
2021-10-28,15.108620643615723,19.811365127563477,20.530250549316406,19.671321868896484,20.250165939331055,8861015
2021-10-29,14.937740325927734,19.587297439575195,20.37153434753418,19.447254180908203,19.792692184448242,12355272
2021-11-01,15.4931001663208,20.31551742553711,20.63294792175293,19.839372634887695,19.839372634887695,11334190
2021-11-03,16.27630043029785,21.342498779296875,21.594573974609375,19.895389556884766,20.00742530822754,15198513
2021-11-04,15.671100616455078,20.54892349243164,21.40785026550293,20.352863311767578,21.342498779296875,12116309
2021-11-05,16.09830093383789,21.109092712402344,21.29581642150879,20.651620864868164,20.68896484375,9669804
2021-11-08,15.856216430664062,20.791662216186523,21.137102127075195,20.474233627319336,20.63294792175293,8080181
2021-11-09,16.290536880493164,21.361169815063477,21.631919860839844,20.791662216186523,20.903696060180664,6978767
2021-11-10,16.361738204956055,21.454532623291016,21.846651077270508,21.090421676635742,21.099756240844727,4900828
2021-11-11,16.504138946533203,21.641254425048828,22.12673568725586,21.426523208618164,21.66926383972168,6065973
2021-11-12,16.21221923828125,21.258472442626953,21.9866943359375,21.127765655517578,21.473203659057617,11534272
2021-11-16,15.89893913269043,20.847679138183594,22.238771438598633,20.772991180419922,21.940013885498047,12933560
2021-11-17,15.649741172790527,20.52091407775879,21.286481857299805,20.362199783325195,20.9783878326416,13344435
2021-11-18,15.806379318237305,20.72631072998047,21.053075790405273,20.4555606842041,20.847679138183594,8027269
2021-11-19,15.785017013549805,20.698301315307617,21.342498779296875,19.41924476623535,19.41924476623535,7996314
2021-11-22,15.528700828552246,20.362199783325195,21.137102127075195,20.352863311767578,20.707637786865234,6030413
2021-11-23,15.97014045715332,20.941041946411133,21.025068283081055,20.072778701782227,20.38087272644043,9080912
2021-11-24,15.735177993774414,20.63294792175293,21.202455520629883,20.390207290649414,20.763654708862305,11290918
2021-11-25,15.856216430664062,20.791662216186523,21.11842918395996,20.623611450195312,20.78232765197754,6319075
2021-11-26,15.429021835327148,20.23149299621582,20.40888023376465,19.88605308532715,20.40888023376465,6755763
2021-11-29,15.421897888183594,20.222156524658203,20.567594528198242,20.02609634399414,20.446224212646484,9373752
2021-11-30,15.4931001663208,20.31551742553711,20.483570098876953,19.6806583404541,20.156803131103516,15786549
2021-12-01,15.073023796081543,19.764684677124023,20.530250549316406,19.605968475341797,20.530250549316406,11548090
2021-12-02,15.300861358642578,20.06344223022461,20.25950050354004,19.699331283569336,20.072778701782227,8949488
2021-12-03,15.592779159545898,20.446224212646484,21.099756240844727,19.998088836669922,20.054105758666992,8471884
2021-12-06,15.735177993774414,20.63294792175293,20.735645294189453,20.212820053100586,20.63294792175293,7767848
2021-12-07,15.806379318237305,20.72631072998047,21.146438598632812,20.54892349243164,20.80099868774414,8160514
2021-12-08,16.34037971496582,21.426523208618164,21.76262664794922,20.698301315307617,20.698301315307617,10624692
2021-12-09,15.87045955657959,20.810335159301758,21.473203659057617,20.651620864868164,21.29581642150879,6549041
2021-12-10,16.269180297851562,21.333162307739258,21.55722999572754,20.866352081298828,20.885025024414062,7230690
2021-12-13,16.347497940063477,21.43585968017578,22.033374786376953,21.211790084838867,21.342498779296875,10116240
2021-12-14,16.041339874267578,21.034404754638672,21.743953704833984,20.913034439086914,21.398515701293945,9694011
2021-12-15,16.114017486572266,21.00639533996582,21.230464935302734,20.567594528198242,21.025068283081055,8450140
2021-12-16,16.12118148803711,21.015731811523438,21.221126556396484,20.72631072998047,21.11842918395996,7586082
2021-12-17,15.827546119689941,20.63294792175293,20.885025024414062,20.539587020874023,20.74498176574707,18036078
2021-12-20,15.419326782226562,20.100786209106445,20.791662216186523,19.979415893554688,20.6702938079834,5776240
2021-12-21,15.29041576385498,19.932735443115234,20.250165939331055,19.718002319335938,20.100786209106445,4287515
2021-12-22,15.225957870483398,19.848709106445312,19.979415893554688,19.643314361572266,19.932735443115234,3614756
2021-12-23,15.068398475646973,19.643314361572266,19.9140625,19.475263595581055,19.9140625,4211681
2021-12-27,15.261765480041504,19.895389556884766,20.091449737548828,19.615304946899414,19.820701599121094,4495095
2021-12-28,15.376355171203613,20.044769287109375,20.044769287109375,19.661985397338867,19.811365127563477,4009136
2021-12-29,15.111370086669922,19.699331283569336,20.08211326599121,19.587297439575195,20.016761779785156,3888851
2021-12-30,15.32621955871582,19.979415893554688,20.306182861328125,19.381900787353516,19.792692184448242,14510866
2022-01-03,14.574235916137695,18.99911880493164,19.979415893554688,18.93376350402832,19.895389556884766,8197146
2022-01-04,14.48829460144043,18.887083053588867,19.176504135131836,18.541645050048828,19.129823684692383,9968106
2022-01-05,13.8508939743042,18.056163787841797,18.84973907470703,17.916120529174805,18.756376266479492,10082179
2022-01-06,13.757789611816406,17.93479347229004,18.354921340942383,17.738733291625977,18.196205139160156,9686942
2022-01-07,13.729143142700195,17.897449493408203,17.981473922729492,17.636035919189453,17.96280288696289,7176707
2022-01-10,13.636038780212402,17.776077270507812,17.832096099853516,17.3559513092041,17.738733291625977,5925338
2022-01-11,13.908188819885254,18.1308536529541,18.270896911621094,17.505329132080078,17.53333854675293,9593221
2022-01-12,14.62436580657959,19.064470291137695,19.129823684692383,17.981473922729492,18.149526596069336,13350112
2022-01-13,14.416677474975586,18.79372215270996,19.064470291137695,18.70969581604004,19.04579734802246,11357433
2022-01-14,14.201821327209473,18.513635635375977,18.896419525146484,18.298904418945312,18.896419525146484,9221762
2022-01-17,13.986968994140625,18.233551025390625,18.719032287597656,18.233551025390625,18.3642578125,3481725
2022-01-18,14.037100791931152,18.298904418945312,18.522972106933594,18.112180709838867,18.224214553833008,4846095
2022-01-19,14.695985794067383,19.157833099365234,19.447254180908203,18.345584869384766,18.39226531982422,11468828
2022-01-20,15.247442245483398,19.876718521118164,20.278173446655273,19.04579734802246,19.223186492919922,16352626
2022-01-21,15.32621955871582,19.979415893554688,20.156803131103516,19.605968475341797,19.699331283569336,5780203
2022-01-24,15.05408000946045,19.62464141845703,20.072778701782227,19.41924476623535,20.072778701782227,11070485
2022-01-25,15.426488876342773,20.110122680664062,20.4368896484375,19.437917709350586,19.62464141845703,11756740
2022-01-26,15.369194984436035,20.035432815551758,20.819671630859375,19.88605308532715,20.39954376220703,10447960
2022-01-27,16.114017486572266,21.00639533996582,21.221126556396484,20.240829467773438,20.37153434753418,15103721
2022-01-28,16.271577835083008,21.211790084838867,21.26780891418457,20.642284393310547,20.913034439086914,12189037
2022-01-31,16.400493621826172,21.37984275817871,21.417186737060547,20.83834457397461,21.193119049072266,12109990
2022-02-01,16.164152145385742,21.071748733520508,21.37984275817871,20.819671630859375,21.211790084838867,6074756
2022-02-02,16.028076171875,20.89436149597168,21.137102127075195,20.772991180419922,21.071748733520508,4245742
2022-02-03,16.085372924804688,20.969051361083984,21.211790084838867,20.83834457397461,20.959714889526367,8428183
2022-02-04,16.214284896850586,21.137102127075195,21.17444610595703,20.23149299621582,20.913034439086914,10815884
2022-02-07,15.91348648071289,20.74498176574707,21.127765655517578,20.614276885986328,21.081085205078125,6015525
2022-02-08,15.834708213806152,20.642284393310547,20.819671630859375,20.334190368652344,20.651620864868164,5087736
2022-02-09,16.300230026245117,21.249135971069336,21.342498779296875,20.679628372192383,20.679628372192383,8586920
2022-02-10,16.35751724243164,21.32382583618164,21.566566467285156,21.099756240844727,21.305152893066406,8272873
2022-02-11,16.364683151245117,21.333162307739258,21.771961212158203,21.202455520629883,21.389179229736328,8687604
2022-02-14,16.522239685058594,21.538557052612305,21.883995056152344,21.258472442626953,21.333162307739258,8160300
2022-02-15,16.9161376953125,22.052047729492188,22.47217559814453,21.734617233276367,21.790634155273438,11678121
2022-02-16,17.510570526123047,22.826950073242188,23.060354232788086,22.052047729492188,22.108064651489258,20582195
2022-02-17,17.288551330566406,22.537527084350586,23.013673782348633,22.518856048583984,22.826950073242188,13361037
2022-02-18,17.14531898498535,22.350805282592773,22.686906814575195,22.2200984954834,22.621553421020508,4780008
2022-02-21,16.823034286499023,21.93067741394043,22.406822204589844,21.603910446166992,22.38814926147461,4481706
2022-02-22,17.088022232055664,22.27611541748047,22.73358726501465,22.12673568725586,22.313459396362305,7133970
2022-02-23,16.84451675415039,21.95868492126465,22.602880477905273,21.94934844970703,22.285451889038086,8015058
2022-02-24,16.84451675415039,21.95868492126465,22.09872817993164,20.903696060180664,21.00639533996582,10140447
2022-02-25,16.8946533203125,22.024038314819336,22.061382293701172,21.566566467285156,21.734617233276367,15328974
2022-03-02,17.002079010009766,22.164081573486328,22.406822204589844,21.6972713470459,22.173416137695312,4641300
2022-03-03,16.72277069091797,21.799970626831055,22.50018310546875,21.622583389282227,22.15474510192871,9245219
2022-03-04,16.242931365966797,21.17444610595703,21.883995056152344,20.941041946411133,21.75328826904297,7580191
2022-03-07,15.490943908691406,20.19414710998535,20.95037841796875,19.988752365112305,20.72631072998047,13533806
2022-03-08,15.598369598388672,20.334190368652344,20.623611450195312,20.072778701782227,20.156803131103516,8028876
2022-03-09,15.920650482177734,20.754318237304688,21.146438598632812,20.390207290649414,20.539587020874023,12394367
2022-03-10,15.834708213806152,20.642284393310547,20.642284393310547,20.100786209106445,20.539587020874023,6037911
2022-03-11,15.440812110900879,20.128795623779297,20.810335159301758,20.00742530822754,20.707637786865234,6922962
2022-03-14,15.369194984436035,20.035432815551758,20.54892349243164,19.895389556884766,20.166139602661133,6830741
2022-03-15,15.340547561645508,19.998088836669922,20.20348358154297,19.792692184448242,19.895389556884766,8954951
2022-03-16,15.648500442504883,20.39954376220703,20.39954376220703,19.97007942199707,20.1474666595459,6295832
2022-03-17,16.01375389099121,20.875688552856445,20.931705474853516,20.166139602661133,20.446224212646484,11760596
2022-03-18,16.815872192382812,21.921340942382812,21.921340942382812,20.791662216186523,20.9783878326416,18189460
2022-03-21,16.515079498291016,21.529220581054688,21.89333152770996,21.211790084838867,21.89333152770996,6276659
2022-03-22,17.23125457763672,22.462839126586914,22.537527084350586,21.659927368164062,21.83731460571289,15373746
2022-03-23,17.238420486450195,22.47217559814453,22.64956283569336,21.921340942382812,22.41615867614746,15767269
2022-03-24,17.48908233642578,22.798940658569336,22.87363052368164,22.26677894592285,22.406822204589844,8036909
2022-03-25,17.575023651123047,22.910974502563477,23.013673782348633,22.59354591369629,22.78960418701172,6357635
2022-03-28,17.496240615844727,22.808277130126953,23.16305160522461,22.59354591369629,23.10703468322754,9335192
2022-03-29,17.481916427612305,22.78960418701172,23.209732055664062,22.602880477905273,23.116371154785156,8364773
2022-03-30,16.973432540893555,22.12673568725586,22.864294052124023,21.94934844970703,22.864294052124023,11437980
2022-03-31,16.74425506591797,21.827978134155273,22.238771438598633,21.547893524169922,22.238771438598633,14395615
2022-04-01,17.224098205566406,22.453502655029297,22.50018310546875,21.846651077270508,21.94934844970703,8104281
2022-04-04,17.173961639404297,22.38814926147461,22.59354591369629,22.257442474365234,22.462839126586914,4760193
2022-04-05,16.60101890563965,21.641254425048828,22.425493240356445,21.370506286621094,22.406822204589844,10248949
2022-04-06,16.12118148803711,21.015731811523438,21.43585968017578,20.698301315307617,21.417186737060547,14564314
2022-04-07,16.056726455688477,20.931705474853516,21.155773162841797,20.754318237304688,20.913034439086914,7556734
2022-04-08,15.813220977783203,20.614276885986328,20.866352081298828,20.4555606842041,20.78232765197754,5631427
2022-04-11,15.641342163085938,20.390207290649414,20.74498176574707,20.32485580444336,20.4555606842041,5871247
2022-04-12,15.576886177062988,20.306182861328125,20.763654708862305,20.268836975097656,20.63294792175293,5682412
2022-04-13,15.806060791015625,20.60494041442871,20.80099868774414,20.184812545776367,20.4368896484375,9270176
2022-04-14,16.250091552734375,21.18378257751465,21.18378257751465,20.362199783325195,20.558258056640625,14675708
2022-04-18,16.235769271850586,21.165109634399414,21.32382583618164,20.931705474853516,21.015731811523438,6240135
2022-04-19,16.106855392456055,20.997058868408203,21.23979949951172,20.707637786865234,21.053075790405273,5000655
2022-04-20,16.099695205688477,20.987722396850586,21.137102127075195,20.763654708862305,21.00639533996582,4266093
2022-04-22,15.870516777038574,20.68896484375,21.193119049072266,20.567594528198242,20.791662216186523,9708364
2022-04-25,15.884840965270996,20.707637786865234,20.772991180419922,20.37153434753418,20.539587020874023,7365006
2022-04-26,15.412161827087402,20.091449737548828,20.707637786865234,19.9140625,20.446224212646484,7629890
2022-04-27,15.412161827087402,20.091449737548828,20.352863311767578,19.839372634887695,20.306182861328125,7442126
2022-04-28,15.591209411621094,20.32485580444336,20.32485580444336,19.848709106445312,20.222156524658203,8777148
2022-04-29,15.207497596740723,19.718002319335938,20.623611450195312,19.559288024902344,20.52091407775879,10307432
2022-05-02,14.984280586242676,19.42858123779297,19.718002319335938,19.017789840698242,19.718002319335938,9429877
2022-05-03,14.8546724319458,19.260530471801758,19.605968475341797,19.092479705810547,19.279203414916992,8212141
2022-05-04,15.236303329467773,19.755348205566406,19.755348205566406,18.840402603149414,19.148496627807617,11194304
2022-05-05,14.429841995239258,18.70969581604004,19.475263595581055,18.410938262939453,19.475263595581055,14256372
2022-05-06,14.401041984558105,18.672351837158203,18.840402603149414,18.326913833618164,18.719032287597656,9494358
2022-05-09,13.97620677947998,18.121517181396484,18.485628128051758,18.01881980895996,18.466955184936523,9510960
2022-05-10,13.767393112182617,17.850767135620117,18.401601791381836,17.710725784301758,18.21487808227539,7895630
2022-05-11,13.688186645507812,17.748069763183594,17.93479347229004,17.6080265045166,17.86944007873535,7195451
2022-05-12,13.97620677947998,18.121517181396484,18.121517181396484,17.6080265045166,17.6080265045166,6091037
2022-05-13,13.933003425598145,18.065500259399414,18.457618713378906,18.056163787841797,18.121517181396484,5226658
2022-05-16,14.14181900024414,18.33624839782715,18.541645050048828,17.906784057617188,18.252222061157227,7213981
2022-05-17,14.401041984558105,18.672351837158203,19.157833099365234,18.438947677612305,18.438947677612305,16754504
2022-05-18,14.098616600036621,18.280231475830078,18.84973907470703,18.15886116027832,18.65367889404297,8209463
2022-05-19,13.810596466064453,17.906784057617188,18.354921340942383,17.729398727416992,18.298904418945312,7164817
2022-05-20,14.257030487060547,18.485628128051758,18.485628128051758,17.906784057617188,18.15886116027832,12885147
2022-05-23,14.602655410766602,18.93376350402832,19.017789840698242,18.466955184936523,18.53230857849121,16678027
2022-05-24,14.278629302978516,18.513635635375977,18.961772918701172,18.186870574951172,18.831066131591797,13265495
2022-05-25,14.357837677001953,18.616334915161133,18.700359344482422,18.112180709838867,18.485628128051758,12064040
2022-05-26,14.545048713684082,18.85907554626465,18.961772918701172,18.53230857849121,18.5976619720459,13174451
2022-05-27,14.674660682678223,19.02712631225586,19.325883865356445,18.672351837158203,18.85907554626465,13102045
2022-05-30,14.321832656860352,18.569652557373047,19.297874450683594,18.485628128051758,19.297874450683594,4811820
2022-05-31,13.997811317443848,18.149526596069336,18.73770523071289,18.01881980895996,18.691024780273438,15819967
2022-06-01,13.796197891235352,17.888113021850586,18.205543518066406,17.832096099853516,18.205543518066406,16688952
2022-06-02,13.997811317443848,18.149526596069336,18.44828224182129,17.925457000732422,18.07483673095703,18552992
2022-06-03,13.565780639648438,17.58935546875,18.177534103393555,17.514665603637695,18.177534103393555,14290219
2022-06-06,13.248953819274902,17.17856216430664,17.710725784301758,16.879806518554688,17.710725784301758,11983385
2022-06-07,13.428970336914062,17.411968231201172,17.49599266052246,16.851797103881836,17.03852081298828,18105271
2022-06-08,13.2345552444458,17.15989112854004,17.393295288085938,17.001176834106445,17.30927085876465,14127090
2022-06-09,13.06174087524414,16.935823440551758,17.15989112854004,16.749099731445312,17.10387420654297,19268702
2022-06-10,12.536105155944824,16.254281997680664,16.77710723876953,16.15158462524414,16.739763259887695,16775819
2022-06-13,12.168879508972168,15.77813720703125,16.226272583007812,15.647430419921875,16.12357521057129,13923795
2022-06-14,12.255285263061523,15.89017105102539,15.974197387695312,15.61942195892334,15.843489646911621,11480182
2022-06-15,12.327290534973145,15.983532905578613,16.291627883911133,15.852826118469238,16.0582218170166,16103059
2022-06-17,12.132875442504883,15.73145580291748,15.862161636352539,15.5073881149292,15.684775352478027,17676723
2022-06-20,12.08247184753418,15.66610336303711,15.83415412902832,15.395354270935059,15.656766891479492,14601695
2022-06-21,12.262483596801758,15.899506568908691,16.188928604125977,15.694110870361328,15.77813720703125,9927833
2022-06-22,12.564908027648926,16.291627883911133,16.55303955078125,15.684775352478027,15.759464263916016,11714753
2022-06-23,12.147276878356934,15.750127792358398,16.515695571899414,15.684775352478027,16.403661727905273,9099978
2022-06-24,12.024867057800293,15.591412544250488,15.955524444580078,15.432698249816895,15.955524444580078,14718338
2022-06-27,12.024867057800293,15.591412544250488,15.899506568908691,15.46070671081543,15.694110870361328,9676659
2022-06-28,12.212080955505371,15.83415412902832,16.12357521057129,15.61942195892334,15.77813720703125,7830936
2022-06-29,12.168879508972168,15.77813720703125,16.03955078125,15.712783813476562,15.89017105102539,8068828
2022-06-30,12.03206729888916,15.600749015808105,15.768800735473633,15.255311012268066,15.432698249816895,14717696
2022-07-01,12.161677360534668,15.768800735473633,15.89017105102539,15.40468978881836,15.628758430480957,11664197
2022-07-04,11.780049324035645,15.273983001708984,15.796809196472168,15.273983001708984,15.67543888092041,5255149
2022-07-05,11.823253631591797,15.329999923706055,15.358009338378906,14.863191604614258,15.143277168273926,14274688
2022-07-06,11.772848129272461,15.264646530151367,15.451371192932129,15.087260246276855,15.208629608154297,10753546
2022-07-07,11.91685962677002,15.451371192932129,15.628758430480957,15.358009338378906,15.423361778259277,8682141
2022-07-08,11.931262016296387,15.470043182373047,15.600749015808105,15.301992416381836,15.46070671081543,6514658
2022-07-11,11.6144380569458,15.059250831604004,15.442033767700195,14.993898391723633,15.311327934265137,7902700
2022-07-12,11.71524429321289,15.189957618713379,15.255311012268066,14.900535583496094,15.115267753601074,7951756
2022-07-13,12.03206729888916,15.600749015808105,15.843489646911621,15.040578842163086,15.077923774719238,12952626
2022-07-14,12.125677108764648,15.72212028503418,15.862161636352539,15.339337348937988,15.376681327819824,6996547
2022-07-15,12.111274719238281,15.703447341918945,15.880834579467773,15.535395622253418,15.77813720703125,6823671
2022-07-18,11.830453872680664,15.339337348937988,15.99286937713623,15.339337348937988,15.880834579467773,8305327
2022-07-19,11.6144380569458,15.059250831604004,15.544732093811035,15.01257038116455,15.414026260375977,9545557
2022-07-20,12.255285263061523,15.89017105102539,16.198265075683594,14.909872055053711,14.95655345916748,39032790
2022-07-21,12.226482391357422,15.852826118469238,15.927515983581543,15.526060104370117,15.67543888092041,8611662
2022-07-22,11.909659385681152,15.442033767700195,15.852826118469238,15.348672866821289,15.852826118469238,6229424
2022-07-25,11.708045959472656,15.180622100830078,15.591412544250488,15.124605178833008,15.56340503692627,14686098
2022-07-26,11.64323902130127,15.096595764160156,15.227301597595215,15.003233909606934,15.180622100830078,10272192
2022-07-27,12.161677360534668,15.768800735473633,15.768800735473633,15.087260246276855,15.133940696716309,8642189
2022-07-28,12.14007568359375,15.740792274475098,15.974197387695312,15.591412544250488,15.759464263916016,11267246
2022-07-29,11.988865852355957,15.544732093811035,15.815482139587402,15.535395622253418,15.78747272491455,11869849
2022-08-01,12.233682632446289,15.862161636352539,16.01154136657715,15.5073881149292,15.61942195892334,14127090
2022-08-02,12.35609245300293,16.020877838134766,16.2729549407959,15.768800735473633,15.796809196472168,12895858
2022-08-03,12.802522659301758,16.599720001220703,16.711753845214844,15.974197387695312,16.076894760131836,8975087
2022-08-04,13.220152854919434,17.141218185424805,17.486656188964844,16.739763259887695,16.767770767211914,17681757
2022-08-05,13.097744941711426,16.98250389099121,17.262588500976562,16.861133575439453,17.243915557861328,10201393
2022-08-08,13.040141105651855,16.907814025878906,17.30927085876465,16.851797103881836,16.98250389099121,5694194
2022-08-09,12.975336074829102,16.823789596557617,17.113210678100586,16.562376022338867,17.019847869873047,5313417
2022-08-10,13.356963157653809,17.318605422973633,17.61736297607422,17.075864791870117,17.12254524230957,7618001
2022-08-11,13.018540382385254,16.879806518554688,17.570682525634766,16.758434295654297,17.318605422973633,5771635
2022-08-12,13.796197891235352,17.888113021850586,17.944129943847656,16.98250389099121,17.0478572845459,13338973
2022-08-15,13.781794548034668,17.86944007873535,18.056163787841797,17.430639266967773,17.692052841186523,8920033
2022-08-16,13.493772506713867,17.49599266052246,17.96280288696289,17.253253936767578,17.906784057617188,26257538
2022-08-17,13.364164352416992,17.32794189453125,17.524002075195312,17.131881713867188,17.402631759643555,9507854
2022-08-18,13.227355003356934,17.150554656982422,17.374622344970703,16.805116653442383,17.32794189453125,6815638
2022-08-19,13.450571060180664,17.43997573852539,17.458648681640625,16.739763259887695,16.935823440551758,15958461
2022-08-22,13.040141105651855,16.907814025878906,17.30927085876465,16.8331241607666,17.29993438720703,9765347
2022-08-23,13.256156921386719,17.187898635864258,17.225244522094727,16.851797103881836,16.917150497436523,3753356
2022-08-24,13.414566993713379,17.393295288085938,17.626699447631836,17.10387420654297,17.187898635864258,5438736
2022-08-25,13.44336986541748,17.430639266967773,17.580018997192383,17.206571578979492,17.505329132080078,8179794
2022-08-26,13.256156921386719,17.187898635864258,17.626699447631836,17.12254524230957,17.47732162475586,5940762
2022-08-29,13.63778305053711,17.682716369628906,18.009483337402344,16.991840362548828,17.085201263427734,12062004
2022-08-30,13.738590240478516,17.81342315673828,17.981473922729492,17.505329132080078,17.682716369628906,9796194
2022-08-31,13.220152854919434,17.141218185424805,17.944129943847656,17.141218185424805,17.832096099853516,12066503
2022-09-01,13.392967224121094,17.36528778076172,17.47732162475586,16.889141082763672,17.30927085876465,9477863
2022-09-02,13.551379203796387,17.570682525634766,17.8227596282959,17.27192497253418,17.49599266052246,8563891
2022-09-05,13.680987358093262,17.738733291625977,17.99081039428711,17.570682525634766,17.832096099853516,8272337
2022-09-06,13.38576602935791,17.3559513092041,17.636035919189453,17.141218185424805,17.570682525634766,6680465
2022-09-08,13.169750213623047,17.075864791870117,17.49599266052246,16.926485061645508,17.346614837646484,7316700
2022-09-09,13.256156921386719,17.187898635864258,17.346614837646484,16.963830947875977,17.27192497253418,9647740
2022-09-12,13.572980880737305,17.598691940307617,17.626699447631836,17.32794189453125,17.374622344970703,5120297
2022-09-13,13.392967224121094,17.36528778076172,17.486656188964844,17.085201263427734,17.411968231201172,12739798
2022-09-14,13.32816219329834,17.281261444091797,17.449312210083008,17.10387420654297,17.374622344970703,7232297
2022-09-15,12.982539176940918,16.8331241607666,17.337278366088867,16.749099731445312,17.206571578979492,9691548
2022-09-16,12.852928161621094,16.66507339477539,16.739763259887695,16.356979370117188,16.730426788330078,14816344
2022-09-19,13.277761459350586,17.21590805053711,17.27192497253418,16.5250301361084,16.805116653442383,9823829
2022-09-20,13.428970336914062,17.411968231201172,17.61736297607422,17.197235107421875,17.346614837646484,13944360
2022-09-21,13.716991424560547,17.785415649414062,17.953466415405273,17.393295288085938,17.42130470275879,22906380
2022-09-22,13.972911834716797,17.785415649414062,17.888113021850586,17.206571578979492,17.55200958251953,16815021
2022-09-23,13.584162712097168,17.290597915649414,17.682716369628906,17.15989112854004,17.58935546875,7902271
2022-09-26,13.136734962463379,16.72109031677246,17.23457908630371,16.674409866333008,17.23457908630371,3428705
2022-09-27,12.674640655517578,16.132911682128906,16.431669235229492,16.104902267456055,16.216936111450195,11531166
2022-09-28,12.74065113067627,16.216936111450195,16.422332763671875,16.030214309692383,16.160919189453125,11025284
2022-09-29,12.329900741577148,15.694110870361328,16.06755828857422,15.57274055480957,16.0582218170166,11423306
2022-09-30,12.652634620666504,16.104902267456055,16.23560905456543,15.470043182373047,15.694110870361328,10886577
2022-10-03,13.62083625793457,17.337278366088867,17.49599266052246,16.55303955078125,16.702417373657227,14569776
2022-10-04,13.584162712097168,17.290597915649414,17.776077270507812,17.21590805053711,17.64537239074707,9254002
2022-10-05,13.547486305236816,17.243915557861328,17.411968231201172,17.001176834106445,17.346614837646484,10998400
2022-10-06,13.422795295715332,17.085201263427734,17.36528778076172,16.963830947875977,17.3559513092041,22051105
2022-10-07,13.481473922729492,17.15989112854004,17.32794189453125,16.963830947875977,17.057193756103516,6522906
2022-10-10,13.217418670654297,16.823789596557617,17.346614837646484,16.693082809448242,17.346614837646484,6945991
2022-10-11,12.74798583984375,16.226272583007812,16.89847755432129,16.114238739013672,16.8331241607666,12309536
2022-10-13,12.564618110656738,15.99286937713623,16.216936111450195,15.852826118469238,16.076894760131836,14468664
2022-10-14,12.234548568725586,15.57274055480957,16.076894760131836,15.535395622253418,15.983532905578613,6356456
2022-10-17,12.586621284484863,16.020877838134766,16.23560905456543,15.647430419921875,15.78747272491455,5816085
2022-10-18,13.356781005859375,17.001176834106445,17.019847869873047,16.048885345458984,16.104902267456055,11880024
2022-10-19,13.386122703552246,17.03852081298828,17.169227600097656,16.84246063232422,16.963830947875977,7583083
2022-10-20,13.349448204040527,16.991840362548828,17.318605422973633,16.907814025878906,17.141218185424805,9257216
2022-10-21,13.540152549743652,17.23457908630371,17.3559513092041,16.889141082763672,16.95449447631836,13762165
2022-10-24,12.98270320892334,16.5250301361084,17.27192497253418,16.487686157226562,17.029184341430664,7833614
2022-10-25,12.74798583984375,16.226272583007812,16.637065887451172,16.15158462524414,16.618392944335938,6786932
2022-10-26,12.293227195739746,15.647430419921875,16.03955078125,15.647430419921875,15.99286937713623,8276514
2022-10-27,12.902020454406738,16.422332763671875,16.711753845214844,15.73145580291748,15.852826118469238,7304061
2022-10-28,12.880013465881348,16.394323348999023,16.55303955078125,16.23560905456543,16.291627883911133,4664115
2022-10-31,13.386122703552246,17.03852081298828,17.15989112854004,15.946187973022461,16.142248153686523,9697546
2022-11-01,13.936235427856445,17.738733291625977,18.037490844726562,17.141218185424805,17.262588500976562,10941417
2022-11-03,14.163613319396973,18.028154373168945,18.3642578125,17.374622344970703,17.38395881652832,16907779
2022-11-04,14.302979469299316,18.205543518066406,18.5976619720459,17.953466415405273,18.466955184936523,9432984
2022-11-07,13.52548599243164,17.21590805053711,18.345584869384766,17.131881713867188,17.925457000732422,10934455
2022-11-08,13.591498374938965,17.29993438720703,17.514665603637695,16.870468139648438,17.085201263427734,5665488
2022-11-09,13.503478050231934,17.187898635864258,17.505329132080078,17.03852081298828,17.17856216430664,6235636
2022-11-10,12.601292610168457,16.03955078125,16.805116653442383,15.740792274475098,16.66507339477539,28212621
2022-11-11,12.483933448791504,15.89017105102539,16.076894760131836,15.152612686157227,15.89017105102539,33076711
2022-11-14,12.513273239135742,15.927515983581543,16.412996292114258,15.77813720703125,16.15158462524414,6705100
2022-11-16,12.161199569702148,15.479378700256348,15.880834579467773,15.049915313720703,15.871499061584473,13176379
2022-11-17,12.307896614074707,15.66610336303711,15.824817657470703,14.704477310180664,15.105932235717773,12770432
2022-11-18,12.593955039978027,16.030214309692383,16.26361846923828,15.740792274475098,15.796809196472168,14527361
2022-11-21,12.667304992675781,16.12357521057129,16.356979370117188,15.89017105102539,16.12357521057129,12284901
2022-11-22,12.381245613098145,15.759464263916016,16.375652313232422,15.57274055480957,16.142248153686523,9178276
2022-11-23,12.02917194366455,15.311327934265137,15.83415412902832,15.180622100830078,15.83415412902832,10196358
2022-11-24,12.681975364685059,16.142248153686523,16.198265075683594,15.470043182373047,15.656766891479492,7477044
2022-11-25,12.07318115234375,15.367344856262207,16.12357521057129,15.255311012268066,16.086231231689453,8340781
2022-11-28,11.765119552612305,14.975226402282715,15.5167236328125,14.965889930725098,15.358009338378906,8524582
2022-11-29,11.999831199645996,15.273983001708984,15.488715171813965,14.937881469726562,15.049915313720703,11575831
2022-11-30,12.12452507019043,15.432698249816895,15.451371192932129,15.003233909606934,15.115267753601074,19130102
2022-12-01,11.875139236450195,15.115267753601074,15.488715171813965,14.947216987609863,15.311327934265137,10270157
2022-12-02,11.985161781311035,15.255311012268066,15.768800735473633,14.881863594055176,15.180622100830078,11010717
2022-12-05,11.457051277160645,14.58310604095459,15.161949157714844,14.573769569396973,15.161949157714844,7892524
2022-12-06,11.523066520690918,14.667132377624512,14.7511568069458,14.52708911895752,14.68580436706543,10597807
2022-12-07,11.435047149658203,14.555097579956055,15.031243324279785,14.499080657958984,14.825846672058105,6778042
2022-12-08,11.03896427154541,14.050944328308105,14.564434051513672,13.817540168762207,14.47107219696045,17177375
2022-12-09,10.950946807861328,13.938909530639648,14.256340026855469,13.873557090759277,14.050944328308105,8998759
2022-12-12,10.708897590637207,13.630816459655762,14.097624778747559,13.350730895996094,13.91090202331543,9297382
2022-12-13,10.481517791748047,13.341395378112793,13.91090202331543,13.266706466674805,13.677496910095215,9930404
2022-12-14,10.540193557739258,13.416084289550781,13.649489402770996,12.902594566345215,13.192015647888184,18800845
2022-12-15,10.554865837097168,13.434757232666016,13.780195236206055,13.117326736450195,13.313385963439941,7495895
2022-12-16,10.452176094055176,13.30405044555664,13.612144470214844,13.210687637329102,13.462764739990234,12347239
2022-12-19,10.855595588684082,13.817540168762207,13.91090202331543,13.444092750549316,13.528118133544922,14078676
2022-12-20,11.024296760559082,14.032272338867188,14.359038352966309,13.509446144104004,13.770858764648438,28962607
2022-12-21,11.369034767150879,14.47107219696045,14.657795906066895,13.845547676086426,14.116297721862793,20885746
2022-12-22,11.572312355041504,14.359038352966309,14.564434051513672,14.144306182861328,14.23766803741455,11124683
2022-12-23,11.85071086883545,14.704477310180664,14.984561920166016,14.349701881408691,14.42439079284668,12290899
2022-12-26,11.466972351074219,14.228331565856934,14.779166221618652,14.116297721862793,14.620450973510742,3710834
2022-12-27,11.324009895324707,14.050944328308105,14.443063735961914,13.92023754119873,14.293684959411621,4190045
2022-12-28,11.677652359008789,14.489745140075684,14.601778984069824,14.106961250305176,14.106961250305176,5211769
2022-12-29,11.700224876403809,14.517752647399902,14.891200065612793,14.42439079284668,14.620450973510742,16132943
2023-01-02,11.060662269592285,13.724178314208984,14.331029891967773,13.640152931213379,14.303021430969238,5720864
2023-01-03,10.729593276977539,13.313385963439941,13.85488510131836,13.257369041442871,13.80820369720459,9427093
2023-01-04,11.045612335205078,13.705506324768066,13.770858764648438,13.285378456115723,13.565463066101074,9091730
2023-01-05,11.098282814025879,13.770858764648438,14.06961727142334,13.565463066101074,13.882892608642578,12701774
2023-01-06,11.173524856567383,13.86422061920166,14.060279846191406,13.640152931213379,13.742850303649902,7481864
2023-01-09,11.07571029663086,13.742850303649902,13.892229080200195,13.481437683105469,13.677496910095215,8204429
2023-01-10,11.203621864318848,13.901564598083496,14.032272338867188,13.490774154663086,13.668161392211914,11728142
2023-01-11,11.316487312316895,14.041607856750488,14.106961250305176,13.649489402770996,13.901564598083496,15980739
2023-01-12,11.361632347106934,14.097624778747559,14.190986633300781,13.630816459655762,13.668161392211914,12544215
2023-01-13,11.11333179473877,13.789530754089355,14.032272338867188,13.69616985321045,13.86422061920166,9655345
2023-01-16,11.120857238769531,13.798868179321289,14.004262924194336,13.556126594543457,13.686833381652832,15566973
2023-01-17,11.474495887756348,14.23766803741455,14.28434944152832,13.845547676086426,13.85488510131836,16397827
2023-01-18,11.489543914794922,14.256340026855469,14.760494232177734,14.2096586227417,14.387046813964844,15794261
2023-01-19,11.534690856933594,14.312356948852539,14.396383285522461,13.938909530639648,14.106961250305176,8121526
2023-01-20,11.376680374145508,14.116297721862793,14.312356948852539,13.948246002197266,14.28434944152832,6118672
2023-01-23,11.218670845031738,13.92023754119873,14.303021430969238,13.892229080200195,14.106961250305176,5079595
2023-01-24,11.6325044631958,14.433727264404297,14.443063735961914,13.9575834274292,13.9575834274292,9469508
2023-01-25,12.031291961669922,14.928544998168945,14.965889930725098,14.387046813964844,14.517752647399902,11811259
2023-01-26,12.001193046569824,14.891200065612793,15.217966079711914,14.760494232177734,15.01257038116455,9194021
2023-01-27,12.04633903503418,14.947216987609863,14.965889930725098,14.620450973510742,14.872528076171875,9550055
2023-01-30,11.92595100402832,14.79783821105957,15.01257038116455,14.555097579956055,14.937881469726562,7312951
2023-01-31,12.384931564331055,15.367344856262207,15.479378700256348,14.872528076171875,14.872528076171875,16146332
2023-02-01,12.00871753692627,14.900535583496094,15.442033767700195,14.7418212890625,15.367344856262207,7565088
2023-02-02,12.249495506286621,15.199294090270996,15.358009338378906,14.788501739501953,14.85385513305664,11582365
2023-02-03,11.775467872619629,14.611115455627441,15.031243324279785,14.405718803405762,15.003233909606934,9182988
2023-02-06,12.234447479248047,15.180622100830078,15.367344856262207,14.59244155883789,14.704477310180664,16597159
2023-02-07,11.978621482849121,14.863191604614258,15.283320426940918,14.760494232177734,15.273983001708984,8201752
2023-02-08,12.35483455657959,15.329999923706055,15.329999923706055,14.732484817504883,14.900535583496094,6526869
2023-02-09,11.782991409301758,14.620450973510742,15.339337348937988,14.53642463684082,15.283320426940918,18554598
2023-02-10,11.587360382080078,14.377710342407227,14.779166221618652,14.07895278930664,14.611115455627441,13670693
2023-02-13,11.843185424804688,14.69513988494873,14.825846672058105,14.23766803741455,14.28434944152832,5303777
2023-02-14,11.504593849182129,14.275012969970703,14.825846672058105,14.134969711303711,14.667132377624512,11272923
2023-02-15,11.745367050170898,14.573769569396973,14.704477310180664,14.18165111541748,14.23766803741455,10613767
2023-02-16,11.722796440124512,14.545762062072754,14.69513988494873,14.116297721862793,14.36837387084961,14265048
2023-02-17,11.59488296508789,14.387046813964844,14.657795906066895,14.34036636352539,14.564434051513672,11702114
2023-02-22,11.38420581817627,14.12563419342041,14.28434944152832,13.938909530639648,14.28434944152832,6733699
2023-02-23,11.354106903076172,14.088289260864258,14.34036636352539,13.929574012756348,14.2096586227417,8160943
2023-02-24,11.211148262023926,13.91090202331543,14.228331565856934,13.761523246765137,14.116297721862793,6432826
2023-02-27,11.030563354492188,13.686833381652832,14.02293586730957,13.584135055541992,13.938909530639648,10739300
2023-02-28,11.12838077545166,13.80820369720459,14.07895278930664,13.630816459655762,13.640152931213379,10771969
2023-03-01,10.79731273651123,13.397412300109863,13.938909530639648,13.313385963439941,13.826875686645508,9547592
2023-03-02,10.714545249938965,13.294713973999023,13.649489402770996,13.294713973999023,13.388075828552246,12941058
2023-03-03,11.135906219482422,13.817540168762207,14.06961727142334,13.350730895996094,13.360067367553711,11133894
2023-03-06,11.24876880645752,13.9575834274292,14.144306182861328,13.761523246765137,13.9575834274292,6601739
2023-03-07,11.083233833312988,13.75218677520752,13.985590934753418,13.537454605102539,13.985590934753418,13082444
2023-03-08,11.421826362609863,14.172314643859863,14.228331565856934,13.668161392211914,13.817540168762207,7545916
2023-03-09,11.497066497802734,14.26567554473877,14.723149299621582,14.041607856750488,14.050944328308105,12792282
2023-03-10,11.504593849182129,14.275012969970703,14.499080657958984,14.01360034942627,14.153641700744629,11857531
2023-03-13,11.339059829711914,14.06961727142334,14.405718803405762,13.836212158203125,14.172314643859863,9521028
2023-03-14,11.226195335388184,13.929574012756348,14.26567554473877,13.761523246765137,14.032272338867188,6634193
2023-03-15,11.218670845031738,13.92023754119873,14.032272338867188,13.518781661987305,13.724178314208984,9140573
2023-03-16,11.158475875854492,13.845547676086426,14.050944328308105,13.724178314208984,13.86422061920166,9598255
2023-03-17,10.842458724975586,13.453429222106934,13.817540168762207,13.397412300109863,13.817540168762207,13046669
2023-03-20,10.594158172607422,13.14533519744873,13.472101211547852,13.061309814453125,13.453429222106934,11618247
2023-03-21,10.72206974029541,13.30405044555664,13.444092750549316,13.126663208007812,13.192015647888184,6855269
2023-03-22,10.029837608337402,12.445121765136719,13.238697052001953,12.193044662475586,13.117326736450195,49623850
2023-03-23,9.728867530822754,12.071675300598145,12.697198867797852,11.922295570373535,12.622509002685547,12012841
2023-03-24,9.80411148071289,12.165037155151367,12.407776832580566,12.053003311157227,12.137027740478516,10611839
2023-03-27,10.105080604553223,12.538483619689941,12.641181945800781,12.183709144592285,12.249061584472656,7429487
2023-03-28,10.187848091125488,12.641181945800781,12.87458610534668,12.361096382141113,12.501138687133789,9892272
2023-03-29,10.421098709106445,12.93060302734375,12.98661994934082,12.575827598571777,12.725207328796387,9364540
2023-03-30,10.676924705505371,13.248032569885254,13.341395378112793,13.005292892456055,13.070646286010742,13234005
2023-03-31,10.842458724975586,13.453429222106934,13.574798583984375,13.182680130004883,13.294713973999023,20390789
2023-04-03,10.594158172607422,13.14533519744873,13.537454605102539,12.949275970458984,13.528118133544922,8610806
2023-04-04,10.684449195861816,13.257369041442871,13.388075828552246,13.051973342895508,13.192015647888184,6162908
2023-04-05,10.69949722290039,13.276041984558105,13.332058906555176,12.921266555786133,13.257369041442871,11166242
2023-04-06,10.609207153320312,13.164008140563965,13.453429222106934,13.126663208007812,13.220025062561035,6000101
2023-04-10,10.526439666748047,13.061309814453125,13.378740310668945,12.97728443145752,13.341395378112793,8428611
2023-04-11,10.940272331237793,13.574798583984375,13.69616985321045,13.126663208007812,13.2013521194458,10480843
2023-04-12,10.985420227050781,13.630816459655762,14.004262924194336,13.472101211547852,13.602807998657227,11511886
2023-04-13,10.571584701538086,13.117326736450195,13.789530754089355,13.023964881896973,13.789530754089355,19136850
2023-04-14,10.383479118347168,12.88392162322998,13.107991218566895,12.622509002685547,13.107991218566895,15337543
2023-04-17,10.391003608703613,12.893258094787598,12.97728443145752,12.706535339355469,12.902594566345215,8884686
2023-04-18,10.097557067871094,12.52914810180664,12.97728443145752,12.510475158691406,12.93060302734375,11308377
2023-04-19,9.81163501739502,12.174372673034668,12.435786247253418,12.071675300598145,12.31441593170166,14090672
2023-04-20,10.029837608337402,12.445121765136719,12.482466697692871,12.109020233154297,12.202381134033203,7417062
2023-04-24,9.96212100982666,12.361096382141113,12.47313117980957,12.183709144592285,12.407776832580566,8324607
2023-04-25,10.029837608337402,12.445121765136719,12.538483619689941,12.26773452758789,12.37043285369873,5631963
2023-04-26,9.826681137084961,12.193044662475586,12.445121765136719,12.165037155151367,12.445121765136719,7594758
2023-04-27,9.879353523254395,12.25839900970459,12.323752403259277,12.137027740478516,12.286407470703125,6720953
2023-04-28,9.932022094726562,12.323752403259277,12.501138687133789,12.109020233154297,12.333087921142578,31669176
2023-05-02,9.277412414550781,11.511504173278809,12.323752403259277,11.446150779724121,12.295742988586426,42224354
2023-05-03,9.44294548034668,11.716899871826172,11.838271141052246,11.362126350402832,11.49283218383789,21837420
2023-05-04,9.879353523254395,12.25839900970459,12.37043285369873,11.884950637817383,11.996986389160156,24272143
2023-05-05,10.368428230285645,12.865249633789062,12.93993854522705,12.361096382141113,12.398441314697266,17574111
2023-05-08,10.609207153320312,13.164008140563965,13.434757232666016,13.005292892456055,13.04263687133789,11812438
2023-05-09,10.80483627319336,13.406747817993164,13.490774154663086,13.079981803894043,13.126663208007812,10072646
2023-05-10,10.902652740478516,13.528118133544922,13.584135055541992,13.350730895996094,13.406747817993164,4863340
2023-05-11,10.91770076751709,13.546791076660156,13.92023754119873,13.294713973999023,13.453429222106934,15271241
2023-05-12,10.834935188293457,13.444092750549316,13.686833381652832,13.294713973999023,13.350730895996094,15804864
2023-05-15,10.947798728942871,13.584135055541992,13.668161392211914,12.88392162322998,13.313385963439941,24266359
2023-05-16,11.105807304382324,13.780195236206055,14.172314643859863,13.537454605102539,13.546791076660156,26363577
2023-05-17,11.798038482666016,14.63912296295166,14.723149299621582,13.976255416870117,14.02293586730957,13619601
2023-05-18,12.189299583435059,15.124605178833008,15.301992416381836,14.545762062072754,14.545762062072754,18532855
2023-05-19,12.490270614624023,15.498051643371582,15.591412544250488,14.984561920166016,15.208629608154297,21392805
2023-05-22,12.708474159240723,15.768800735473633,15.908843040466309,15.423361778259277,15.470043182373047,20263221
2023-05-23,12.776192665100098,15.852826118469238,16.15158462524414,15.647430419921875,15.768800735473633,18234232
2023-05-24,12.911629676818848,16.020877838134766,16.515695571899414,15.628758430480957,15.67543888092041,20084240
2023-05-25,12.753619194030762,15.824817657470703,16.851797103881836,15.815482139587402,16.31963539123535,29884719
2023-05-26,12.881532669067383,15.983532905578613,16.226272583007812,15.73145580291748,16.132911682128906,14434603
2023-05-29,12.377408027648926,15.358009338378906,15.768800735473633,15.311327934265137,15.67543888092041,12224062
2023-05-30,12.076437950134277,14.984561920166016,15.610086441040039,14.713812828063965,15.526060104370117,20956867
2023-05-31,12.106534004211426,15.021906852722168,15.199294090270996,14.68580436706543,14.909872055053711,22131009
2023-06-01,12.738572120666504,15.806144714355469,15.89017105102539,15.031243324279785,15.077923774719238,23458426
2023-06-02,13.069637298583984,16.216936111450195,16.300962448120117,15.89017105102539,16.0582218170166,17692575
2023-06-05,12.806290626525879,15.89017105102539,16.31963539123535,15.806144714355469,16.170255661010742,13898088
2023-06-06,13.054590225219727,16.198265075683594,16.226272583007812,15.91817855834961,16.030214309692383,6090716
2023-06-07,13.107260704040527,16.26361846923828,16.450340270996094,16.06755828857422,16.356979370117188,7054601
2023-06-09,13.19002628326416,16.366315841674805,16.711753845214844,16.347644805908203,16.394323348999023,8993832
2023-06-12,13.25022029876709,16.44100570678711,16.730426788330078,16.282289505004883,16.366315841674805,7557591
2023-06-13,13.227646827697754,16.412996292114258,16.730426788330078,16.31963539123535,16.618392944335938,7965466
2023-06-14,13.408231735229492,16.637065887451172,16.66507339477539,16.216936111450195,16.478349685668945,10997114
2023-06-15,13.197550773620605,16.375652313232422,16.767770767211914,16.142248153686523,16.590383529663086,11210157
2023-06-16,13.25022029876709,16.44100570678711,16.543703079223633,16.23560905456543,16.310298919677734,14527468
2023-06-19,13.423279762268066,16.655736923217773,16.72109031677246,16.450340270996094,16.450340270996094,3812695
2023-06-20,13.498522758483887,16.749099731445312,16.767770767211914,16.469013214111328,16.655736923217773,7099801
2023-06-21,13.656532287597656,16.945159912109375,16.95449447631836,16.515695571899414,16.739763259887695,10484592
2023-06-22,13.769394874572754,17.085201263427734,17.27192497253418,16.534366607666016,16.77710723876953,12883754
2023-06-23,13.829588890075684,17.15989112854004,17.197235107421875,16.814451217651367,17.085201263427734,11123505
2023-06-26,13.506044387817383,16.758434295654297,17.150554656982422,16.711753845214844,17.150554656982422,10241345
2023-06-27,12.828861236572266,15.91817855834961,16.917150497436523,15.535395622253418,16.879806518554688,28447942
2023-06-28,12.783717155456543,15.862161636352539,16.15158462524414,15.77813720703125,15.955524444580078,11210264
2023-06-29,13.543665885925293,16.805116653442383,17.001176834106445,15.83415412902832,15.83415412902832,23845094
2023-06-30,13.58128833770752,16.851797103881836,17.3559513092041,16.814451217651367,17.001176834106445,16086993
2023-07-03,13.573765754699707,16.84246063232422,17.09453773498535,16.683746337890625,16.749099731445312,7477793
2023-07-04,13.393182754516602,16.618392944335938,16.823789596557617,16.571712493896484,16.805116653442383,3465765
2023-07-05,13.716726303100586,17.019847869873047,17.150554656982422,16.450340270996094,16.534366607666016,6587922
2023-07-06,13.475948333740234,16.72109031677246,16.95449447631836,16.571712493896484,16.917150497436523,7120902
2023-07-07,13.7769193649292,17.09453773498535,17.411968231201172,16.78644371032715,16.879806518554688,10524544
2023-07-10,13.70920181274414,17.01051139831543,17.262588500976562,16.767770767211914,17.113210678100586,5751284
2023-07-11,13.423279762268066,16.655736923217773,16.861133575439453,16.26361846923828,16.84246063232422,10689815
2023-07-12,13.310416221618652,16.515695571899414,16.851797103881836,16.459678649902344,16.805116653442383,6055370
2023-07-13,13.468423843383789,16.711753845214844,16.991840362548828,16.23560905456543,16.422332763671875,4975377
2023-07-14,12.964301109313965,16.086231231689453,16.683746337890625,15.99286937713623,16.599720001220703,10514154
2023-07-17,13.137357711791992,16.300962448120117,16.366315841674805,15.871499061584473,15.946187973022461,4552184
2023-07-18,12.949251174926758,16.06755828857422,16.300962448120117,15.946187973022461,16.198265075683594,8679999
2023-07-19,12.685900688171387,15.740792274475098,16.03955078125,15.628758430480957,15.983532905578613,7629462
2023-07-20,12.633233070373535,15.67543888092041,15.899506568908691,15.5073881149292,15.899506568908691,11819293
2023-07-21,12.994397163391113,16.12357521057129,16.366315841674805,15.67543888092041,15.768800735473633,11881417
2023-07-24,13.317938804626465,16.5250301361084,16.571712493896484,16.020877838134766,16.09556770324707,11218404
2023-07-25,13.212597846984863,16.394323348999023,17.21590805053711,16.394323348999023,16.823789596557617,7483792
2023-07-26,13.054590225219727,16.198265075683594,16.487686157226562,16.048885345458984,16.450340270996094,6736484
2023-07-27,12.746095657348633,15.815482139587402,16.23560905456543,15.759464263916016,16.17959213256836,8472740
2023-07-28,12.761143684387207,15.83415412902832,16.06755828857422,15.73145580291748,15.91817855834961,6551397
2023-07-31,12.889058113098145,15.99286937713623,16.104902267456055,15.880834579467773,16.020877838134766,5773348
2023-08-01,12.836387634277344,15.927515983581543,16.00220489501953,15.73145580291748,15.871499061584473,4676539
2023-08-02,12.971822738647461,16.09556770324707,16.32897186279297,15.77813720703125,15.824817657470703,6354207
2023-08-03,12.956774711608887,16.076894760131836,16.49702262878418,16.030214309692383,16.291627883911133,8838843
2023-08-04,12.874009132385254,15.974197387695312,16.38498878479004,15.899506568908691,16.06755828857422,5632713
2023-08-07,12.911629676818848,16.020877838134766,16.104902267456055,15.880834579467773,16.01154136657715,4136490
2023-08-08,12.979347229003906,16.104902267456055,16.310298919677734,15.647430419921875,15.852826118469238,5939583
2023-08-09,12.693426132202148,15.750127792358398,16.104902267456055,15.694110870361328,16.104902267456055,9234401
2023-08-10,12.399980545043945,15.386016845703125,16.06755828857422,15.311327934265137,15.871499061584473,14267511
2023-08-11,12.490270614624023,15.498051643371582,15.852826118469238,15.236639022827148,15.339337348937988,11577331
2023-08-14,12.302163124084473,15.264646530151367,15.498051643371582,15.152612686157227,15.432698249816895,7208411
2023-08-15,13.257744789123535,16.450340270996094,16.590383529663086,15.824817657470703,15.871499061584473,19153023
2023-08-16,13.641481399536133,16.926485061645508,17.225244522094727,16.32897186279297,16.375652313232422,29255125
2023-08-17,13.317938804626465,16.5250301361084,17.36528778076172,16.5250301361084,16.95449447631836,13419520
2023-08-18,13.415756225585938,16.646400451660156,16.879806518554688,16.459678649902344,16.5250301361084,4343534
2023-08-21,13.242697715759277,16.431669235229492,16.945159912109375,16.412996292114258,16.646400451660156,6983908
2023-08-22,14.250946044921875,17.682716369628906,17.682716369628906,16.431669235229492,16.431669235229492,21632947
2023-08-23,14.077889442443848,17.467985153198242,18.149526596069336,17.38395881652832,17.598691940307617,17084832
2023-08-24,13.98759937286377,17.3559513092041,17.6080265045166,17.17856216430664,17.505329132080078,8771578
2023-08-25,13.889782905578613,17.23457908630371,17.636035919189453,17.150554656982422,17.3559513092041,7761528
2023-08-28,14.06284236907959,17.449312210083008,17.580018997192383,17.10387420654297,17.27192497253418,6001065
2023-08-29,14.348763465881348,17.804086685180664,17.8227596282959,17.505329132080078,17.61736297607422,4864304
2023-08-30,14.288570404052734,17.729398727416992,17.972137451171875,17.64537239074707,17.897449493408203,5134436
2023-08-31,13.889782905578613,17.23457908630371,18.112180709838867,17.169227600097656,17.626699447631836,23513267
2023-09-01,14.250946044921875,17.682716369628906,18.1308536529541,17.38395881652832,17.449312210083008,15935539
2023-09-04,14.243425369262695,17.673381805419922,17.841432571411133,17.524002075195312,17.626699447631836,6612557
2023-09-05,14.145606994628906,17.55200958251953,17.70138931274414,17.467985153198242,17.514665603637695,7143824
2023-09-06,14.047792434692383,17.430639266967773,17.738733291625977,17.393295288085938,17.58935546875,9716290
2023-09-08,13.716726303100586,17.019847869873047,17.505329132080078,16.917150497436523,17.42130470275879,12990971
2023-09-11,13.957501411437988,17.318605422973633,17.449312210083008,16.739763259887695,17.085201263427734,19275129
2023-09-12,14.243425369262695,17.673381805419922,17.729398727416992,17.36528778076172,17.36528778076172,6608915
2023-09-13,14.220849990844727,17.64537239074707,18.065500259399414,17.55200958251953,17.673381805419922,11512422
2023-09-14,14.56696605682373,18.07483673095703,18.140188217163086,17.55200958251953,17.710725784301758,10547144
2023-09-15,14.49172592163086,17.981473922729492,18.186870574951172,17.87877655029297,18.04682731628418,15277239
2023-09-18,14.544394493103027,18.04682731628418,18.280231475830078,17.841432571411133,18.009483337402344,7899379
2023-09-19,14.386384010314941,17.850767135620117,18.149526596069336,17.776077270507812,18.10284423828125,6467208
2023-09-20,14.582014083862305,18.093507766723633,18.317577362060547,17.916120529174805,17.93479347229004,8023306
2023-09-21,14.702404022216797,18.242887496948242,18.485628128051758,17.888113021850586,17.888113021850586,18417390
2023-09-22,14.409363746643066,17.486656188964844,18.07483673095703,17.430639266967773,17.888113021850586,11167955
2023-09-25,14.447833061218262,17.53333854675293,17.748069763183594,17.346614837646484,17.486656188964844,5627143
2023-09-26,14.117022514343262,17.131881713867188,17.673381805419922,17.075864791870117,17.430639266967773,9694654
2023-09-27,14.201648712158203,17.23457908630371,17.486656188964844,16.89847755432129,17.15989112854004,9169814
2023-09-28,14.493990898132324,17.58935546875,17.673381805419922,17.21590805053711,17.225244522094727,7725111
2023-09-29,14.555536270141602,17.664043426513672,18.065500259399414,17.458648681640625,17.8227596282959,5492505
2023-10-02,14.432445526123047,17.514665603637695,17.748069763183594,17.47732162475586,17.61736297607422,3759676
2023-10-03,14.309355735778809,17.36528778076172,18.093507766723633,17.337278366088867,17.56134605407715,13060379
2023-10-04,14.640162467956543,17.766742706298828,18.000146865844727,17.225244522094727,17.38395881652832,11008897
2023-10-05,14.547843933105469,17.654708862304688,17.8227596282959,17.36528778076172,17.673381805419922,6553539
2023-10-06,14.655550956726074,17.785415649414062,17.888113021850586,17.197235107421875,17.53333854675293,7853322
2023-10-09,14.947888374328613,18.140188217163086,18.186870574951172,17.664043426513672,17.748069763183594,6500091
2023-10-10,15.617197036743164,18.952436447143555,18.99911880493164,18.065500259399414,18.084171295166016,9544485
2023-10-11,15.509491920471191,18.82172966003418,18.97110939025879,18.550981521606445,18.85907554626465,6903040
2023-10-13,15.301776885986328,18.569652557373047,18.93376350402832,18.354921340942383,18.87774658203125,11182308
2023-10-16,15.301776885986328,18.569652557373047,18.756376266479492,18.401601791381836,18.719032287597656,4135633
2023-10-17,15.117141723632812,18.345584869384766,18.625669479370117,18.233551025390625,18.345584869384766,6715597
2023-10-18,14.67862606048584,17.81342315673828,18.233551025390625,17.720060348510742,18.205543518066406,8869798
2023-10-19,14.863265037536621,18.037490844726562,18.317577362060547,17.55200958251953,17.804086685180664,7271392
2023-10-20,15.055595397949219,18.270896911621094,18.44828224182129,17.87877655029297,17.888113021850586,14386511
2023-10-23,15.117141723632812,18.345584869384766,18.513635635375977,18.112180709838867,18.270896911621094,4902542
2023-10-24,15.309470176696777,18.578990936279297,18.64434242248535,18.30824089050293,18.53230857849121,6778578
2023-10-25,15.363323211669922,18.64434242248535,18.79372215270996,18.345584869384766,18.58832550048828,6703172
2023-10-26,15.909542083740234,19.30721092224121,19.48459815979004,18.68168830871582,18.803058624267578,9960716
2023-10-27,15.447948455810547,18.747041702270508,19.51260757446289,18.691024780273438,19.325883865356445,6164086
2023-10-30,15.201762199401855,18.44828224182129,18.98978042602539,18.242887496948242,18.76571273803711,6974482
2023-10-31,15.224845886230469,18.47629165649414,18.65367889404297,18.121517181396484,18.635007858276367,9728072
2023-11-01,15.501799583435059,18.812393188476562,19.08314323425293,18.53230857849121,18.53230857849121,12021624
2023-11-03,15.7479829788208,19.11115264892578,19.325883865356445,18.569652557373047,19.260530471801758,11661091
2023-11-06,15.763367652893066,19.129823684692383,19.25119400024414,18.868410110473633,19.25119400024414,6315862
2023-11-07,16.648088455200195,20.20348358154297,20.57693099975586,19.904727935791016,20.38087272644043,35753503
2023-11-08,16.79425811767578,20.38087272644043,20.72631072998047,20.08211326599121,20.20348358154297,13368535
2023-11-09,16.501916885375977,20.02609634399414,20.57693099975586,19.792692184448242,20.37153434753418,18977684
2023-11-10,16.440372467041016,19.951406478881836,20.362199783325195,19.6806583404541,20.240829467773438,15011178
2023-11-13,16.48653221130371,20.00742530822754,20.128795623779297,19.783355712890625,19.960744857788086,9099442
2023-11-14,16.77117919921875,20.352863311767578,20.651620864868164,20.091449737548828,20.166139602661133,13229506
2023-11-16,16.709630966186523,20.278173446655273,20.651620864868164,20.110122680664062,20.39954376220703,14331349
2023-11-17,16.524995803833008,20.054105758666992,20.390207290649414,19.88605308532715,20.352863311767578,14580487
2023-11-20,16.725021362304688,20.296846389770508,20.34352684020996,19.895389556884766,20.054105758666992,7984104
2023-11-21,16.5942325592041,20.13813018798828,20.240829467773438,19.848709106445312,20.110122680664062,8818599
2023-11-22,16.909658432006836,20.52091407775879,20.586267471313477,20.222156524658203,20.268836975097656,15087012
2023-11-23,17.09429168701172,20.74498176574707,20.913034439086914,20.31551742553711,20.37153434753418,5163998
2023-11-24,17.101985931396484,20.754318237304688,20.913034439086914,20.586267471313477,20.679628372192383,3164143
2023-11-27,16.686552047729492,20.250165939331055,21.043739318847656,19.521942138671875,20.39954376220703,45679730
2023-11-28,16.817337036132812,20.40888023376465,21.165109634399414,20.19414710998535,20.250165939331055,36617133
2023-11-29,17.402021408081055,21.11842918395996,21.333162307739258,20.4368896484375,20.595603942871094,27312145
2023-11-30,17.963623046875,21.799970626831055,21.827978134155273,21.137102127075195,21.193119049072266,23755443
2023-12-01,18.579082489013672,22.546863555908203,22.59354591369629,21.55722999572754,21.743953704833984,18406465
2023-12-04,17.84822654724121,21.659927368164062,22.453502655029297,21.49187660217285,22.453502655029297,12408720
2023-12-05,16.909658432006836,20.52091407775879,21.865324020385742,20.278173446655273,21.659927368164062,30931829
2023-12-06,16.763484954833984,20.34352684020996,20.941041946411133,20.06344223022461,20.539587020874023,20269433
2023-12-07,16.91735076904297,20.530250549316406,20.68896484375,20.32485580444336,20.474233627319336,11440872
2023-12-08,17.309701919555664,21.00639533996582,21.32382583618164,20.306182861328125,20.54892349243164,15501635
2023-12-11,16.96350860595703,20.586267471313477,20.89436149597168,20.474233627319336,20.819671630859375,8408903
2023-12-12,16.53268814086914,20.06344223022461,20.60494041442871,19.839372634887695,20.586267471313477,11923082
2023-12-13,16.701940536499023,20.268836975097656,20.32485580444336,19.960744857788086,20.072778701782227,15172914
2023-12-14,16.686552047729492,20.250165939331055,20.80099868774414,19.951406478881836,20.539587020874023,17662370
2023-12-15,16.91735076904297,20.530250549316406,20.72631072998047,20.091449737548828,20.268836975097656,13887484
2023-12-18,16.863494873046875,20.46489715576172,20.71697425842285,20.296846389770508,20.57693099975586,16130801
2023-12-19,16.78656578063965,20.37153434753418,20.63294792175293,20.054105758666992,20.54892349243164,12231453
2023-12-20,16.709630966186523,20.278173446655273,20.623611450195312,20.11945915222168,20.49290657043457,13154422
2023-12-21,17.194305419921875,20.866352081298828,20.903696060180664,20.250165939331055,20.306182861328125,10372233
2023-12-22,17.31739616394043,21.015731811523438,21.025068283081055,20.567594528198242,20.875688552856445,8733447
2023-12-26,17.50823974609375,20.866352081298828,20.931705474853516,20.52091407775879,20.754318237304688,6002350
2023-12-27,17.829421997070312,21.249135971069336,21.249135971069336,20.754318237304688,20.866352081298828,5065885
2023-12-28,17.829421997070312,21.249135971069336,21.29581642150879,20.83834457397461,21.146438598632812,8808959
2024-01-02,17.993927001953125,21.4451961517334,21.510549545288086,21.071748733520508,21.18378257751465,12542608
2024-01-03,18.16626739501953,21.650590896606445,21.89333152770996,21.230464935302734,21.305152893066406,9217906
2024-01-04,17.563074111938477,20.931705474853516,21.66926383972168,20.89436149597168,21.585237503051758,10379838
2024-01-05,17.88425636291504,21.314489364624023,21.50121307373047,20.83834457397461,20.959714889526367,8995545
2024-01-08,17.88425636291504,21.314489364624023,21.659927368164062,21.127765655517578,21.277143478393555,6999868
2024-01-09,17.625743865966797,21.00639533996582,21.314489364624023,20.791662216186523,21.099756240844727,11000649
2024-01-10,17.76675033569336,21.17444610595703,21.305152893066406,20.819671630859375,20.847679138183594,5864178
2024-01-11,17.602245330810547,20.9783878326416,21.221126556396484,20.819671630859375,21.043739318847656,8465778
2024-01-12,18.080095291137695,21.547893524169922,21.585237503051758,20.857017517089844,21.00639533996582,6679608
2024-01-15,18.025259017944336,21.482540130615234,21.603910446166992,21.26780891418457,21.482540130615234,7713436
2024-01-16,17.39856719970703,20.735645294189453,21.454532623291016,20.63294792175293,21.286481857299805,13224686
2024-01-17,17.50823974609375,20.866352081298828,20.913034439086914,20.54892349243164,20.623611450195312,11182951
2024-01-18,17.39073371887207,20.72631072998047,20.857017517089844,20.352863311767578,20.857017517089844,6521727
2024-01-19,17.76675033569336,21.17444610595703,21.23979949951172,20.586267471313477,20.819671630859375,10062256
2024-01-22,17.86858558654785,21.29581642150879,21.4451961517334,20.83834457397461,21.17444610595703,5856573
2024-01-23,18.025259017944336,21.482540130615234,21.482540130615234,21.06241226196289,21.333162307739258,5081202
2024-01-24,18.299440383911133,21.80930519104004,21.827978134155273,21.4451961517334,21.575902938842773,5701692
2024-01-25,18.28377342224121,21.790634155273438,21.93067741394043,21.650590896606445,21.827978134155273,3450556
2024-01-26,18.197603225708008,21.687936782836914,21.846651077270508,21.4451961517334,21.83731460571289,2690716
2024-01-29,18.025259017944336,21.482540130615234,21.743953704833984,21.314489364624023,21.743953704833984,2377097
2024-01-30,18.28377342224121,21.790634155273438,22.024038314819336,21.230464935302734,21.585237503051758,6644476
2024-01-31,18.604948043823242,22.173416137695312,22.434829711914062,21.89333152770996,21.89333152770996,15663800
2024-02-01,18.393442153930664,21.921340942382812,22.238771438598633,21.87466049194336,22.173416137695312,7530920
2024-02-02,18.27593994140625,21.78129768371582,22.182754516601562,21.454532623291016,21.93067741394043,12832984
2024-02-05,18.534446716308594,22.089391708374023,22.406822204589844,21.622583389282227,21.715944290161133,11340617
2024-02-06,18.761627197265625,22.36014175415039,22.453502655029297,21.55722999572754,21.827978134155273,7733573
2024-02-07,18.769458770751953,22.369476318359375,22.7615966796875,22.285451889038086,22.294788360595703,6187329
2024-02-08,18.691123962402344,22.27611541748047,22.378812789916992,21.865324020385742,22.294788360595703,6200932
2024-02-09,19.231647491455078,22.920310974121094,23.004337310791016,22.07071876525879,22.26677894592285,9108225
2024-02-14,18.691123962402344,22.27611541748047,23.172388076782227,22.192089080810547,22.87363052368164,7479936
2024-02-15,18.644121170043945,22.2200984954834,22.490846633911133,21.95868492126465,22.481510162353516,9355864
2024-02-16,19.00446891784668,22.64956283569336,22.938983917236328,22.117399215698242,22.313459396362305,9237829
2024-02-19,18.800792694091797,22.406822204589844,22.752260208129883,22.27611541748047,22.696243286132812,2947031
2024-02-20,19.49799156188965,23.237741470336914,23.284421920776367,22.164081573486328,22.313459396362305,7656989
2024-02-21,19.98367691040039,23.81658363342285,24.124677658081055,23.116371154785156,23.24707794189453,14882645
2024-02-22,20.257854461669922,24.14335060119629,24.19936752319336,23.667205810546875,23.900609970092773,6714097
2024-02-23,20.17168617248535,24.040653228759766,24.274057388305664,23.76056671142578,24.14335060119629,6347459
2024-02-26,20.289188385009766,24.180694580078125,24.348745346069336,23.82592010498047,23.984634399414062,6617377
2024-02-27,20.33618927001953,24.236711502075195,24.404762268066406,23.81658363342285,24.3114013671875,10060971
2024-02-28,20.438032150268555,24.358083724975586,24.358083724975586,23.881938934326172,24.162023544311523,8822348
2024-02-29,20.257854461669922,24.14335060119629,24.414100646972656,23.7699031829834,24.28339385986328,13250607
2024-03-01,20.837547302246094,24.834226608276367,25.020950317382812,24.02198028564453,24.180694580078125,8507337
2024-03-04,20.806211471557617,24.79688262939453,25.011615753173828,24.62883186340332,24.927589416503906,8033481
2024-03-05,19.662498474121094,23.433801651000977,24.302064895629883,23.209732055664062,24.292728424072266,21134348
2024-03-06,19.466655731201172,23.200397491455078,23.620525360107422,23.079025268554688,23.5551700592041,12255660
2024-03-07,18.792959213256836,22.397485733032227,23.44313621520996,22.294788360595703,23.060354232788086,14141335
2024-03-08,18.74595832824707,22.341468811035156,22.490846633911133,22.136072158813477,22.238771438598633,8170690
2024-03-11,19.00446891784668,22.64956283569336,22.724252700805664,22.052047729492188,22.313459396362305,14652894
2024-03-12,18.97313690185547,22.612218856811523,23.004337310791016,22.50018310546875,22.752260208129883,8454532
2024-03-13,19.31781578063965,23.023008346557617,23.060354232788086,22.509519577026367,22.509519577026367,5741644
2024-03-14,19.764333724975586,23.5551700592041,23.863264083862305,23.060354232788086,23.116371154785156,16410573
2024-03-15,19.811336517333984,23.611188888549805,23.82592010498047,23.31243133544922,23.667205810546875,12458741
2024-03-18,19.78783416748047,23.583179473876953,23.807247161865234,23.452472686767578,23.62986183166504,6253309
2024-03-19,19.58415985107422,23.340438842773438,23.5551700592041,23.172388076782227,23.48048210144043,8801890
2024-03-20,19.58415985107422,23.340438842773438,23.49915313720703,22.780269622802734,23.433801651000977,8822991
2024-03-21,19.795669555664062,23.59251594543457,23.620525360107422,23.135042190551758,23.340438842773438,7422739
2024-03-22,19.450986862182617,23.181724548339844,23.57384490966797,23.181724548339844,23.405792236328125,6915143
2024-03-25,19.7016658782959,23.48048210144043,23.583179473876953,22.976327896118164,23.079025268554688,7849894
2024-03-26,19.662498474121094,23.433801651000977,24.012643814086914,23.42446517944336,23.461809158325195,11357755
2024-03-27,19.866172790527344,23.676542282104492,23.76056671142578,23.200397491455078,23.349775314331055,7722969
2024-03-28,19.59199333190918,23.349775314331055,23.62986183166504,23.27508544921875,23.611188888549805,6465602
2024-04-01,19.740833282470703,23.527162551879883,23.70454978942871,23.340438842773438,23.340438842773438,11552588
2024-04-02,19.88967514038086,23.70454978942871,23.807247161865234,23.228404998779297,23.489818572998047,11285134
2024-04-03,19.32564926147461,23.032346725463867,23.713886260986328,22.938983917236328,23.676542282104492,12809098
2024-04-04,19.59199333190918,23.349775314331055,23.85392951965332,23.04168128967285,23.181724548339844,14239984
2024-04-05,19.89750862121582,23.713886260986328,23.919282913208008,23.293758392333984,23.293758392333984,12041118
2024-04-08,20.093347549438477,23.947290420532227,24.19936752319336,23.639196395874023,23.900609970092773,8739231
2024-04-09,20.383195877075195,24.292728424072266,24.320737838745117,23.844593048095703,23.96596336364746,6687320
2024-04-10,19.98367691040039,23.81658363342285,24.320737838745117,23.667205810546875,24.236711502075195,5836972
2024-04-11,19.936674118041992,23.76056671142578,23.835256576538086,23.377784729003906,23.667205810546875,5404889
2024-04-12,19.435319900512695,23.16305160522461,23.732559204101562,23.069690704345703,23.59251594543457,8764402
2024-04-15,19.38831901550293,23.10703468322754,23.657869338989258,23.04168128967285,23.16305160522461,10905428
2024-04-16,18.949636459350586,22.584209442138672,22.826950073242188,22.546863555908203,22.826950073242188,8093892
2024-04-17,19.067138671875,22.724252700805664,22.78960418701172,22.36014175415039,22.574872970581055,11477718
2024-04-18,18.910465240478516,22.537527084350586,22.808277130126953,22.108064651489258,22.724252700805664,8425719
2024-04-19,18.722715377807617,21.75328826904297,22.145408630371094,21.641254425048828,22.052047729492188,6502341
2024-04-22,18.61825180053711,21.631919860839844,21.940013885498047,21.482540130615234,21.566566467285156,6151447
2024-04-23,18.377185821533203,21.35183334350586,21.6972713470459,21.071748733520508,21.314489364624023,9059062
2024-04-24,18.071836471557617,20.997058868408203,21.43585968017578,20.997058868408203,21.361169815063477,7180348
2024-04-25,18.30486488342285,21.26780891418457,21.37984275817871,20.754318237304688,20.931705474853516,10777110
2024-04-26,18.955747604370117,22.024038314819336,22.145408630371094,21.4451961517334,21.4638671875,7739678
2024-04-29,19.03609848022461,22.117399215698242,22.192089080810547,21.94934844970703,21.996030807495117,5206842
2024-04-30,18.85128402709961,21.902667999267578,22.21076202392578,21.78129768371582,22.04271125793457,6567571
2024-05-02,18.730751037597656,21.76262664794922,22.406822204589844,21.76262664794922,22.15474510192871,9788375
2024-05-03,19.357519149780273,22.490846633911133,22.658897399902344,21.940013885498047,22.136072158813477,7219658
2024-05-06,18.85931968688965,21.912004470825195,22.537527084350586,21.76262664794922,22.50018310546875,6492165
2024-05-07,18.762893676757812,21.799970626831055,22.164081573486328,21.771961212158203,22.117399215698242,4448930
2024-05-08,18.795032501220703,21.83731460571289,21.83731460571289,21.426523208618164,21.575902938842773,8613483
2024-05-09,18.955747604370117,22.024038314819336,22.2200984954834,21.06241226196289,22.0053653717041,16303141
2024-05-10,19.188777923583984,22.294788360595703,22.406822204589844,21.977357864379883,22.061382293701172,11295845
2024-05-13,18.987886428833008,22.061382293701172,22.462839126586914,22.033374786376953,22.453502655029297,13071411
2024-05-14,19.285202026367188,22.406822204589844,22.668235778808594,22.052047729492188,22.061382293701172,9848893
2024-05-15,19.116456985473633,22.21076202392578,22.481510162353516,21.902667999267578,22.406822204589844,7657310
2024-05-16,19.204845428466797,22.313459396362305,22.47217559814453,22.033374786376953,22.33213233947754,6541757
2024-05-17,19.03609848022461,22.117399215698242,22.322795867919922,21.80930519104004,22.238771438598633,7770204
2024-05-20,19.076278686523438,22.164081573486328,22.518856048583984,21.89333152770996,21.89333152770996,5139898
2024-05-21,18.931640625,21.996030807495117,22.313459396362305,21.715944290161133,22.080055236816406,10114312
2024-05-22,18.553970336914062,21.55722999572754,21.89333152770996,21.4451961517334,21.687936782836914,7097445
2024-05-23,18.039695739746094,20.959714889526367,21.622583389282227,20.885025024414062,21.29581642150879,6474599
2024-05-24,18.023624420166016,20.941041946411133,21.314489364624023,20.903696060180664,20.903696060180664,3588299
2024-05-27,18.2325496673584,21.18378257751465,21.249135971069336,20.913034439086914,20.913034439086914,2927644
2024-05-28,18.007556915283203,20.92237091064453,21.454532623291016,20.89436149597168,21.454532623291016,6941064
2024-05-29,17.58167266845703,20.42755126953125,20.92237091064453,20.390207290649414,20.754318237304688,8674429
2024-05-31,17.3084659576416,20.110122680664062,20.46489715576172,20.016761779785156,20.39954376220703,27447854
2024-06-03,17.18793296813965,19.97007942199707,20.306182861328125,19.895389556884766,20.166139602661133,4926963
2024-06-04,16.834369659423828,19.559288024902344,19.895389556884766,18.924428939819336,19.839372634887695,15101793
2024-06-05,16.786157608032227,19.503271102905273,19.6806583404541,19.213850021362305,19.353891372680664,6682714
2024-06-06,16.90669059753418,19.643314361572266,19.848709106445312,19.353891372680664,19.51260757446289,7514639
2024-06-07,16.713842391967773,19.41924476623535,19.68999481201172,19.260530471801758,19.30721092224121,7215159
2024-06-10,17.115612030029297,19.88605308532715,19.88605308532715,19.223186492919922,19.269866943359375,7971250
2024-06-11,17.356678009033203,20.166139602661133,20.38087272644043,19.932735443115234,20.054105758666992,11406811
2024-06-12,16.810264587402344,19.531280517578125,20.362199783325195,19.437917709350586,20.212820053100586,12952947
2024-06-13,16.58527183532715,19.269866943359375,19.736675262451172,19.232521057128906,19.531280517578125,3478511
2024-06-14,16.649555206298828,19.34455680847168,19.549951553344727,19.16716957092285,19.232521057128906,3721973
2024-06-17,16.22367286682129,18.84973907470703,19.353891372680664,18.84973907470703,19.325883865356445,3903525
2024-06-18,16.432598114013672,19.092479705810547,19.30721092224121,18.68168830871582,18.76571273803711,5495397
2024-06-19,16.456703186035156,19.120487213134766,19.16716957092285,18.775049209594727,18.961772918701172,2207220
2024-06-20,16.504915237426758,19.176504135131836,19.45659065246582,19.04579734802246,19.28853988647461,4290086
2024-06-21,16.818300247192383,19.54061508178711,19.708667755126953,19.008453369140625,19.064470291137695,9438768
2024-06-24,16.90669059753418,19.643314361572266,19.85804557800293,19.45659065246582,19.62464141845703,4253990
2024-06-25,16.416526794433594,19.073806762695312,19.605968475341797,19.073806762695312,19.605968475341797,4711779
2024-06-26,16.70580291748047,19.409908294677734,19.465925216674805,18.98978042602539,19.13916015625,10157584
2024-06-27,17.147754669189453,19.923398971557617,19.97007942199707,19.36322784423828,19.465925216674805,26003901
2024-06-28,16.7941951751709,19.51260757446289,19.960744857788086,19.45659065246582,19.80202865600586,5802589
2024-07-01,16.39708709716797,18.625669479370117,19.269866943359375,18.625669479370117,19.19517707824707,8528973
2024-07-02,16.684757232666016,18.952436447143555,19.04579734802246,18.606998443603516,18.625669479370117,6178546
2024-07-03,17.27652931213379,19.62464141845703,19.867382049560547,19.008453369140625,19.008453369140625,6972340
2024-07-04,17.66282844543457,20.06344223022461,20.278173446655273,19.764684677124023,19.830036163330078,5651350
2024-07-05,18.172412872314453,20.642284393310547,20.819671630859375,20.17547607421875,20.54892349243164,9173241
2024-07-08,18.098440170288086,20.558258056640625,20.74498176574707,20.390207290649414,20.595603942871094,5155429
2024-07-09,18.246381759643555,20.72631072998047,20.763654708862305,20.39954376220703,20.42755126953125,5735217
2024-07-10,18.476518630981445,20.987722396850586,21.127765655517578,20.763654708862305,20.819671630859375,6406905
2024-07-11,18.90390968322754,21.473203659057617,21.55722999572754,20.931705474853516,21.025068283081055,5410887
2024-07-12,18.698434829711914,21.23979949951172,21.51988410949707,21.18378257751465,21.50121307373047,5276464
2024-07-15,18.632678985595703,21.165109634399414,21.454532623291016,21.099756240844727,21.333162307739258,4873087
2024-07-16,18.764184951782227,21.314489364624023,21.659927368164062,21.165109634399414,21.165109634399414,5297779
2024-07-17,19.158702850341797,21.76262664794922,21.827978134155273,21.211790084838867,21.23979949951172,4859591
2024-07-18,18.95322608947754,21.529220581054688,21.912004470825195,21.482540130615234,21.687936782836914,3856718
2024-07-19,18.97788429260254,21.55722999572754,21.855987548828125,21.529220581054688,21.641254425048828,3631679
2024-07-22,19.134044647216797,21.734617233276367,21.89333152770996,21.417186737060547,21.473203659057617,3046322
2024-07-23,18.829940795898438,21.389179229736328,21.76262664794922,21.35183334350586,21.75328826904297,7886098
2024-07-24,18.764184951782227,21.314489364624023,21.454532623291016,21.11842918395996,21.35183334350586,4197757
2024-07-25,18.690216064453125,21.230464935302734,21.32382583618164,21.06241226196289,21.29581642150879,6373166
2024-07-26,19.101167678833008,21.6972713470459,21.771961212158203,20.829008102416992,21.286481857299805,5452232
2024-07-29,18.986103057861328,21.566566467285156,21.89333152770996,21.4451961517334,21.631919860839844,3551454
2024-07-30,19.06007194519043,21.650590896606445,21.83731460571289,21.37984275817871,21.454532623291016,4390020
2024-07-31,19.035417556762695,21.622583389282227,21.83731460571289,21.529220581054688,21.585237503051758,6412368
2024-08-01,19.249113082885742,21.865324020385742,22.164081573486328,21.678600311279297,21.78129768371582,8508194
2024-08-02,19.158702850341797,21.76262664794922,22.108064651489258,21.75328826904297,21.865324020385742,7179384
2024-08-05,18.895689010620117,21.4638671875,21.66926383972168,20.857017517089844,21.146438598632812,13321835
2024-08-06,19.32308578491211,21.94934844970703,22.238771438598633,21.75328826904297,21.95868492126465,10099638
2024-08-07,19.80801010131836,22.50018310546875,22.565536499023438,21.50121307373047,22.30412483215332,10736944
2024-08-08,19.81623077392578,22.509519577026367,22.770933151245117,22.313459396362305,22.50018310546875,7581797
2024-08-09,20.342252731323242,23.10703468322754,23.24707794189453,22.44416618347168,22.677570343017578,8625158
2024-08-12,20.120336532592773,22.854957580566406,23.33110237121582,22.78960418701172,23.33110237121582,6578389
2024-08-13,20.794301986694336,23.620525360107422,23.68587875366211,22.798940658569336,23.284421920776367,8972517
2024-08-14,20.7449893951416,23.56450843811035,23.844593048095703,23.461809158325195,23.50849151611328,7294099
2024-08-15,21.221696853637695,24.106006622314453,24.218040466308594,23.377784729003906,23.545835494995117,10001846
2024-08-16,21.39429473876953,24.302064895629883,24.638168334960938,24.218040466308594,24.22737693786621,9285064
2024-08-19,21.575115203857422,24.507461547851562,24.675512313842773,24.25538444519043,24.358083724975586,8520297
2024-08-20,21.47648811340332,24.395427703857422,24.79688262939453,24.162023544311523,24.74086570739746,8976266
2024-08-21,21.43539047241211,24.348745346069336,24.610158920288086,24.162023544311523,24.376754760742188,7517853
2024-08-22,20.6956729888916,23.50849151611328,23.779239654541016,22.798940658569336,23.004337310791016,28750636
2024-08-23,20.917587280273438,23.76056671142578,23.891273498535156,23.452472686767578,23.64853286743164,8198645
2024-08-26,21.016218185424805,23.872600555419922,23.984634399414062,23.415128707885742,23.984634399414062,7262073
2024-08-27,21.024438858032227,23.881938934326172,24.03131675720215,23.59251594543457,23.81658363342285,3746608
2024-08-28,21.213478088378906,24.096670150756836,24.208703994750977,23.667205810546875,23.713886260986328,8089714
2024-08-29,21.032655715942383,23.891273498535156,24.22737693786621,23.433801651000977,24.22737693786621,10631869
2024-08-30,21.139503479003906,24.012643814086914,24.068660736083984,23.433801651000977,23.5364990234375,17083868
2024-09-02,20.876493453979492,23.713886260986328,24.049989700317383,23.583179473876953,23.835256576538086,7369826
2024-09-03,21.139503479003906,24.012643814086914,24.08733367919922,23.5551700592041,23.713886260986328,9852534
2024-09-04,21.4436092376709,24.358083724975586,24.60082244873047,24.0779972076416,24.190031051635742,8870976
2024-09-05,21.780593872070312,24.74086570739746,25.338380813598633,24.14335060119629,24.376754760742188,8532080
2024-09-06,21.295665740966797,24.190031051635742,25.05829620361328,24.190031051635742,24.91825294494629,6516479
2024-09-09,21.410734176635742,24.320737838745117,24.582151412963867,24.236711502075195,24.264720916748047,5417100
2024-09-10,21.24635124206543,24.134014129638672,24.404762268066406,24.040653228759766,24.106006622314453,5015329
2024-09-11,21.180599212646484,24.059324264526367,24.28339385986328,23.956626892089844,24.180694580078125,4305510
2024-09-12,21.11484718322754,23.984634399414062,24.03131675720215,23.723222732543945,23.919282913208008,4673648
2024-09-13,20.777862548828125,23.601852416992188,24.292728424072266,23.57384490966797,23.85392951965332,8987941
2024-09-16,20.334033966064453,23.097698211669922,23.807247161865234,23.004337310791016,23.807247161865234,9236329
2024-09-17,20.498414993286133,23.284421920776367,23.284421920776367,22.742923736572266,23.032346725463867,7883313
2024-09-18,20.268281936645508,23.023008346557617,23.377784729003906,22.910974502563477,22.966991424560547,8036159
2024-09-19,20.136775970458984,22.87363052368164,23.135042190551758,22.724252700805664,23.069690704345703,6020452
2024-09-20,20.36690902709961,23.135042190551758,23.135042190551758,22.630889892578125,22.70557975769043,19407196
2024-09-23,19.544998168945312,22.201425552368164,23.116371154785156,22.173416137695312,23.116371154785156,20360477
2024-09-24,20.088716506958008,22.59354591369629,22.686906814575195,22.0053653717041,22.15474510192871,6781470
2024-09-25,19.930997848510742,22.41615867614746,22.686906814575195,22.238771438598633,22.59354591369629,10025946
2024-09-26,20.005704879760742,22.50018310546875,22.630889892578125,22.294788360595703,22.584209442138672,5827867
2024-09-27,19.60725212097168,22.052047729492188,22.50018310546875,21.855987548828125,22.341468811035156,7363507
2024-09-30,19.42462730407715,21.846651077270508,22.061382293701172,21.687936782836914,22.0053653717041,5457909
2024-10-01,19.32501220703125,21.734617233276367,22.01470184326172,21.659927368164062,21.855987548828125,4090111
2024-10-02,19.41632843017578,21.83731460571289,22.12673568725586,21.659927368164062,22.052047729492188,4035378
2024-10-03,19.051074981689453,21.426523208618164,21.473203659057617,20.987722396850586,21.4638671875,8091535
2024-10-04,19.167293548583984,21.55722999572754,21.631919860839844,21.137102127075195,21.137102127075195,8768900
2024-10-07,19.250303268432617,21.650590896606445,21.89333152770996,21.43585968017578,21.715944290161133,7713222
2024-10-08,19.32501220703125,21.734617233276367,21.827978134155273,21.650590896606445,21.72528076171875,8763438
2024-10-09,18.96806526184082,21.333162307739258,21.66926383972168,21.277143478393555,21.51988410949707,6434326
2024-10-10,18.893356323242188,21.249135971069336,21.40785026550293,21.099756240844727,21.221126556396484,7287459
2024-10-11,18.98466682434082,21.35183334350586,21.35183334350586,21.053075790405273,21.26780891418457,6155410
2024-10-14,19.009572982788086,21.37984275817871,21.4451961517334,21.06241226196289,21.35183334350586,9684479
2024-10-15,19.31671142578125,21.72528076171875,21.743953704833984,21.35183334350586,21.40785026550293,6964307
2024-10-16,19.175594329833984,21.566566467285156,21.921340942382812,21.482540130615234,21.72528076171875,9798337
2024-10-17,18.793743133544922,21.137102127075195,21.305152893066406,20.95037841796875,21.26780891418457,4539867
2024-10-18,18.768840789794922,21.109092712402344,21.529220581054688,21.071748733520508,21.26780891418457,7298277
2024-10-21,18.835247039794922,21.18378257751465,21.35183334350586,21.11842918395996,21.249135971069336,7481435
2024-10-22,18.45339584350586,20.754318237304688,21.071748733520508,20.6702938079834,20.95037841796875,6945348
2024-10-23,18.420190811157227,20.71697425842285,20.754318237304688,20.34352684020996,20.57693099975586,5457373
2024-10-24,18.403589248657227,20.698301315307617,21.043739318847656,20.46489715576172,20.586267471313477,8263340
2024-10-25,18.187761306762695,20.4555606842041,20.80099868774414,20.306182861328125,20.707637786865234,3818158
2024-10-28,18.536405563354492,20.847679138183594,21.053075790405273,20.54892349243164,20.63294792175293,5035573
2024-10-29,18.428491592407227,20.72631072998047,21.137102127075195,20.679628372192383,20.78232765197754,4845559
2024-10-30,18.519805908203125,20.829008102416992,21.06241226196289,20.74498176574707,20.772991180419922,4720348
2024-10-31,18.519805908203125,20.829008102416992,21.165109634399414,20.72631072998047,20.829008102416992,10288152
2024-11-01,18.362085342407227,20.651620864868164,21.043739318847656,20.52091407775879,21.043739318847656,7292707
2024-11-04,18.77713966369629,21.11842918395996,21.26780891418457,20.791662216186523,20.987722396850586,6383662
2024-11-05,18.934860229492188,21.29581642150879,21.370506286621094,20.763654708862305,20.987722396850586,8814851
2024-11-06,19.333314895629883,21.743953704833984,21.902667999267578,21.053075790405273,21.417186737060547,18076137
2024-11-07,18.602815628051758,20.92237091064453,21.659927368164062,20.80099868774414,21.529220581054688,16847154
2024-11-08,18.63602066040039,20.959714889526367,21.071748733520508,20.08211326599121,20.184812545776367,9254752
2024-11-11,18.71072769165039,21.043739318847656,21.221126556396484,20.913034439086914,20.959714889526367,8319144
2024-11-12,18.61941909790039,20.941041946411133,21.127765655517578,20.866352081298828,21.127765655517578,9753565
2024-11-13,18.528108596801758,20.83834457397461,21.034404754638672,20.52091407775879,20.913034439086914,9869672
2024-11-14,18.436792373657227,20.735645294189453,21.099756240844727,20.57693099975586,20.707637786865234,10435857
2024-11-18,18.096446990966797,20.352863311767578,20.83834457397461,20.306182861328125,20.83834457397461,8683533
2024-11-19,18.096446990966797,20.352863311767578,20.49290657043457,20.156803131103516,20.352863311767578,9955467
2024-11-21,17.847415924072266,20.072778701782227,20.296846389770508,19.839372634887695,20.128795623779297,9819223
2024-11-22,18.121355056762695,20.38087272644043,20.38087272644043,19.960744857788086,20.28750991821289,9877063
2024-11-25,18.096446990966797,20.352863311767578,20.483570098876953,20.25950050354004,20.40888023376465,8511943
2024-11-26,18.303972244262695,20.586267471313477,20.913034439086914,20.31551742553711,20.46489715576172,7035428
2024-11-27,17.772703170776367,19.988752365112305,20.754318237304688,19.960744857788086,20.66095733642578,6569499
2024-11-28,16.90108299255371,19.008453369140625,20.00742530822754,18.85907554626465,19.979415893554688,15001109
2024-11-29,17.12521743774414,19.260530471801758,19.381900787353516,18.70969581604004,19.008453369140625,16339559
2024-12-02,16.98409652709961,19.10181427001953,19.232521057128906,18.868410110473633,19.148496627807617,10500873
2024-12-03,16.934288024902344,19.04579734802246,19.409908294677734,18.85907554626465,19.157833099365234,11799906
2024-12-04,16.90108299255371,19.008453369140625,19.120487213134766,18.812393188476562,19.02712631225586,10888612
2024-12-05,17.158418655395508,19.297874450683594,19.437917709350586,19.13916015625,19.232521057128906,8530044
2024-12-06,16.759965896606445,18.84973907470703,19.28853988647461,18.700359344482422,19.092479705810547,7186132
2024-12-09,16.842979431152344,18.943099975585938,19.269866943359375,18.84973907470703,18.85907554626465,8823955
2024-12-10,17.14181900024414,19.279203414916992,19.596633911132812,19.05513572692871,19.176504135131836,10028945
2024-12-11,17.432353973388672,19.605968475341797,19.9140625,19.036462783813477,19.28853988647461,9248754
2024-12-12,16.89278793334961,18.99911880493164,19.465925216674805,18.719032287597656,19.409908294677734,11272602
2024-12-13,16.67695426940918,18.756376266479492,19.017789840698242,18.728368759155273,18.924428939819336,9275103
2024-12-16,15.896650314331055,17.87877655029297,18.756376266479492,17.841432571411133,18.756376266479492,14664355
2024-12-17,15.979660987854004,17.972137451171875,18.056163787841797,17.738733291625977,18.028154373168945,15738777
2024-12-18,15.025032043457031,16.89847755432129,17.93479347229004,16.66507339477539,17.93479347229004,27809137
2024-12-19,15.232559204101562,17.131881713867188,17.318605422973633,16.84246063232422,17.262588500976562,13267744
2024-12-20,15.572905540466309,17.514665603637695,17.64537239074707,17.085201263427734,17.12254524230957,19482602
2024-12-23,15.365378379821777,17.281261444091797,17.664043426513672,17.243915557861328,17.664043426513672,10596415
2024-12-26,15.266016960144043,16.926485061645508,17.225244522094727,16.795780181884766,17.075864791870117,9162209
2024-12-27,15.072349548339844,16.711753845214844,17.0478572845459,16.58104705810547,17.0478572845459,9707614
2024-12-30,15.02182674407959,16.655736923217773,16.89847755432129,16.618392944335938,16.72109031677246,8724021
2025-01-02,14.920785903930664,16.543703079223633,16.78644371032715,16.431669235229492,16.646400451660156,12824201
2025-01-03,14.819741249084473,16.431669235229492,16.683746337890625,16.422332763671875,16.543703079223633,8414580
2025-01-06,14.86184310913086,16.478349685668945,16.702417373657227,16.26361846923828,16.5250301361084,15318048
2025-01-07,15.173396110534668,16.823789596557617,17.01051139831543,16.534366607666016,16.655736923217773,16382189
2025-01-08,14.870264053344727,16.487686157226562,16.8331241607666,16.431669235229492,16.646400451660156,17397487
2025-01-09,14.828161239624023,16.44100570678711,16.60905647277832,16.226272583007812,16.5250301361084,8955915
2025-01-10,14.651334762573242,16.244945526123047,16.487686157226562,16.15158462524414,16.403661727905273,8568925
2025-01-13,14.7355375289917,16.338306427001953,16.459678649902344,16.188928604125977,16.356979370117188,10986832
2025-01-14,14.642913818359375,16.23560905456543,16.422332763671875,16.104902267456055,16.2729549407959,15118609
2025-01-15,15.047091484069824,16.683746337890625,16.795780181884766,16.366315841674805,16.534366607666016,14254122
2025-01-16,14.415567398071289,15.983532905578613,16.711753845214844,15.974197387695312,16.711753845214844,8313575
2025-01-17,14.331363677978516,15.89017105102539,16.17959213256836,15.852826118469238,16.01154136657715,6705314
2025-01-20,14.508190155029297,16.086231231689453,16.198265075683594,15.712783813476562,15.871499061584473,5732539
2025-01-21,14.845003128051758,16.459678649902344,16.60905647277832,16.030214309692383,16.03955078125,14059075
2025-01-22,15.131293296813965,16.77710723876953,16.879806518554688,16.412996292114258,16.683746337890625,12236273
2025-01-23,14.887104034423828,16.506359100341797,16.935823440551758,16.469013214111328,16.758434295654297,10411757
2025-01-24,14.811320304870605,16.422332763671875,16.674409866333008,16.338306427001953,16.459678649902344,5153608
2025-01-27,15.484943389892578,17.169227600097656,17.169227600097656,16.32897186279297,16.431669235229492,10446461
2025-01-28,14.85342025756836,16.469013214111328,17.150554656982422,16.422332763671875,17.10387420654297,11840393
2025-01-29,14.57555103302002,16.160919189453125,16.599720001220703,16.104902267456055,16.599720001220703,12195571
2025-01-30,14.954463958740234,16.58104705810547,16.683746337890625,16.198265075683594,16.254281997680664,11195697
2025-01-31,14.196639060974121,15.740792274475098,16.356979370117188,15.740792274475098,16.216936111450195,23963880
2025-02-03,14.019811630249023,15.544732093811035,15.862161636352539,15.526060104370117,15.712783813476562,12663964
2025-02-04,13.910347938537598,15.423361778259277,15.554068565368652,15.124605178833008,15.554068565368652,15329188
2025-02-05,13.65773868560791,15.143277168273926,15.488715171813965,15.087260246276855,15.451371192932129,7300419
2025-02-06,13.78404426574707,15.283320426940918,15.311327934265137,14.984561920166016,15.255311012268066,9229260
2025-02-07,13.876666069030762,15.386016845703125,15.498051643371582,15.264646530151367,15.432698249816895,11009646
2025-02-10,14.297680854797363,15.852826118469238,16.00220489501953,15.46070671081543,15.56340503692627,14255515
2025-02-11,14.634492874145508,16.226272583007812,16.356979370117188,15.703447341918945,15.824817657470703,17541014
2025-02-12,14.550292015075684,16.132911682128906,16.26361846923828,15.843489646911621,15.91817855834961,28016717
2025-02-13,14.760798454284668,16.366315841674805,16.487686157226562,16.00220489501953,16.030214309692383,16844155
2025-02-14,15.299700736999512,16.963830947875977,17.057193756103516,16.086231231689453,16.450340270996094,25094428
2025-02-17,15.602829933166504,17.29993438720703,17.841432571411133,16.89847755432129,16.963830947875977,16194853
2025-02-18,15.417581558227539,17.09453773498535,17.430639266967773,16.98250389099121,17.27192497253418,16970224
2025-02-19,14.99656867980957,16.627729415893555,17.085201263427734,16.58104705810547,16.907814025878906,8700135
2025-02-20,14.870264053344727,16.487686157226562,16.72109031677246,16.431669235229492,16.571712493896484,5832473
2025-02-21,14.802901268005371,16.412996292114258,16.571712493896484,16.170255661010742,16.478349685668945,8374735
2025-02-24,14.49976921081543,16.076894760131836,16.543703079223633,16.0582218170166,16.543703079223633,8577816
2025-02-25,15.324960708618164,16.991840362548828,17.150554656982422,15.862161636352539,16.06755828857422,25844735
2025-02-26,14.516611099243164,16.09556770324707,17.393295288085938,16.06755828857422,17.12254524230957,20284215
2025-02-27,14.811320304870605,16.422332763671875,16.646400451660156,16.06755828857422,16.132911682128906,10461028
2025-02-28,14.331363677978516,15.89017105102539,16.693082809448242,15.759464263916016,16.244945526123047,20736434
2025-03-05,13.809304237365723,15.311327934265137,15.964859962463379,15.143277168273926,15.964859962463379,16289110
2025-03-06,13.741942405700684,15.236639022827148,15.57274055480957,15.152612686157227,15.423361778259277,10422468
2025-03-07,14.036652565002441,15.56340503692627,15.67543888092041,15.087260246276855,15.143277168273926,9273175
2025-03-10,13.893508911132812,15.40468978881836,15.5073881149292,15.180622100830078,15.470043182373047,10931027
2025-03-11,13.834565162658691,15.339337348937988,15.470043182373047,15.115267753601074,15.376681327819824,10122774
2025-03-12,13.800884246826172,15.301992416381836,15.46070671081543,15.152612686157227,15.386016845703125,7950257
2025-03-13,14.196639060974121,15.740792274475098,15.91817855834961,15.217966079711914,15.311327934265137,24691694
2025-03-14,14.760798454284668,16.366315841674805,16.590383529663086,15.880834579467773,15.964859962463379,11160243
2025-03-17,14.912363052368164,16.534366607666016,16.618392944335938,16.216936111450195,16.403661727905273,8178509
2025-03-18,14.710277557373047,16.310298919677734,16.571712493896484,16.170255661010742,16.543703079223633,11752027
2025-03-19,14.912363052368164,16.534366607666016,16.711753845214844,16.375652313232422,16.478349685668945,7588974
2025-03-20,15.055510520935059,16.693082809448242,16.795780181884766,16.44100570678711,16.487686157226562,12984652
2025-03-21,14.946045875549316,16.571712493896484,16.907814025878906,16.571712493896484,16.683746337890625,20447236
2025-03-24,14.726637840270996,16.03955078125,16.338306427001953,15.93685245513916,16.254281997680664,6980374
2025-03-25,15.103801727294922,16.450340270996094,16.730426788330078,16.104902267456055,16.132911682128906,7519031
2025-03-26,15.189522743225098,16.543703079223633,16.935823440551758,16.422332763671875,16.450340270996094,6908503
2025-03-27,15.532402038574219,16.917150497436523,17.075864791870117,16.506359100341797,16.58104705810547,10156835
2025-03-28,15.592406272888184,16.98250389099121,17.197235107421875,16.749099731445312,16.823789596557617,8897861
2025-03-31,15.240954399108887,16.599720001220703,17.029184341430664,16.599720001220703,16.991840362548828,6564036
2025-04-01,15.652408599853516,17.0478572845459,17.337278366088867,16.487686157226562,16.543703079223633,11007718
2025-04-02,15.660982131958008,17.057193756103516,17.225244522094727,16.935823440551758,17.0478572845459,5095662
2025-04-03,15.952427864074707,17.374622344970703,17.570682525634766,16.935823440551758,16.991840362548828,8384696
2025-04-04,15.163806915283203,16.515695571899414,17.075864791870117,16.254281997680664,17.001176834106445,13160420
2025-04-07,14.769497871398926,16.086231231689453,16.590383529663086,15.89017105102539,16.23560905456543,13732924
2025-04-08,14.69234848022461,16.00220489501953,16.674409866333008,15.899506568908691,16.254281997680664,11392780
2025-04-09,15.215239524841309,16.571712493896484,16.674409866333008,15.78747272491455,15.78747272491455,15422909
2025-04-10,15.103801727294922,16.450340270996094,16.590383529663086,16.12357521057129,16.366315841674805,9697974
2025-04-11,15.343817710876465,16.711753845214844,16.861133575439453,16.26361846923828,16.58104705810547,10057758
2025-04-14,15.669551849365234,17.0665283203125,17.243915557861328,16.84246063232422,16.98250389099121,9036247
2025-04-15,15.660982131958008,17.057193756103516,17.337278366088867,16.973167419433594,17.01051139831543,7533491
2025-04-16,15.8067045211792,17.21590805053711,17.458648681640625,16.973167419433594,16.973167419433594,11905516
2025-04-17,15.951547622680664,16.89847755432129,17.01051139831543,16.394323348999023,16.711753845214844,14187071
2025-04-22,15.977987289428711,16.926485061645508,17.085201263427734,16.674409866333008,16.795780181884766,9347617
2025-04-23,16.18950080871582,17.150554656982422,17.290597915649414,17.0478572845459,17.141218185424805,7991923
2025-04-24,16.69184112548828,17.682716369628906,17.832096099853516,17.075864791870117,17.30927085876465,11922333
2025-04-25,16.832849502563477,17.832096099853516,18.028154373168945,17.626699447631836,17.729398727416992,10314072
2025-04-28,16.69184112548828,17.682716369628906,18.01881980895996,17.542673110961914,17.841432571411133,5716151
2025-04-29,16.515583038330078,17.49599266052246,17.87877655029297,17.49599266052246,17.514665603637695,9189094
2025-04-30,16.568456649780273,17.55200958251953,17.75740623474121,17.36528778076172,17.411968231201172,8771792
2025-05-02,16.58608627319336,17.570682525634766,17.720060348510742,17.21590805053711,17.514665603637695,6382484
2025-05-05,16.5332088470459,17.514665603637695,17.738733291625977,17.150554656982422,17.598691940307617,8960413
2025-05-06,16.480329513549805,17.458648681640625,17.8227596282959,17.206571578979492,17.6080265045166,9241042
2025-05-07,15.836979866027832,16.77710723876953,17.43997573852539,16.599720001220703,17.206571578979492,20403750
2025-05-08,15.75766372680664,16.693082809448242,17.42130470275879,16.683746337890625,17.085201263427734,26871494
2025-05-09,16.05730438232422,17.01051139831543,17.057193756103516,16.646400451660156,16.655736923217773,14055861
2025-05-12,15.995615005493164,16.945159912109375,17.23457908630371,16.851797103881836,17.23457908630371,4565038
2025-05-13,16.32169532775879,17.290597915649414,17.374622344970703,16.973167419433594,17.019847869873047,9743389
2025-05-14,16.154247283935547,17.113210678100586,17.36528778076172,17.057193756103516,17.290597915649414,12709914
2025-05-15,16.700654983520508,17.692052841186523,17.953466415405273,17.09453773498535,17.17856216430664,11775163
2025-05-16,17.238248825073242,18.261560440063477,18.326913833618164,17.402631759643555,17.505329132080078,10095032
2025-05-19,17.27349853515625,18.298904418945312,18.522972106933594,18.140188217163086,18.205543518066406,9095801
2025-05-20,17.238248825073242,18.261560440063477,18.3642578125,17.87877655029297,18.317577362060547,7128721
2025-05-21,16.815223693847656,17.81342315673828,18.149526596069336,17.81342315673828,18.065500259399414,7591759
2025-05-22,16.841663360595703,17.841432571411133,18.009483337402344,17.64537239074707,17.944129943847656,8666396
2025-05-23,16.903352737426758,17.906784057617188,17.99081039428711,17.36528778076172,17.64537239074707,7632139
2025-05-26,17.264686584472656,18.289567947387695,18.466955184936523,17.96280288696289,18.056163787841797,5350477
2025-05-27,17.78465461730957,18.840402603149414,19.279203414916992,18.719032287597656,18.719032287597656,17512202
2025-05-28,17.996166229248047,19.064470291137695,19.13916015625,18.606998443603516,18.803058624267578,9628031
2025-05-29,18.23411750793457,19.316547393798828,19.447254180908203,18.91509246826172,18.93376350402832,9458155
2025-05-30,17.78465461730957,18.840402603149414,19.605968475341797,18.747041702270508,19.40057373046875,15566116
2025-06-02,17.740589141845703,18.79372215270996,19.25119400024414,18.64434242248535,19.064470291137695,14830054
2025-06-03,18.022605895996094,19.092479705810547,19.213850021362305,18.569652557373047,18.82172966003418,8107602
2025-06-04,18.057859420776367,19.129823684692383,19.40057373046875,19.017789840698242,19.185840606689453,7627212
2025-06-05,17.84634780883789,18.9057559967041,19.16716957092285,18.756376266479492,19.05513572692871,12224812
2025-06-06,17.740589141845703,18.79372215270996,19.092479705810547,18.635007858276367,18.9057559967041,5482651
2025-06-09,18.075485229492188,19.148496627807617,19.232521057128906,18.47629165649414,18.775049209594727,10892682
2025-06-10,18.06667137145996,19.13916015625,19.56862449645996,18.99911880493164,19.40057373046875,10533970
2025-06-11,18.51613426208496,19.615304946899414,20.072778701782227,18.93376350402832,19.04579734802246,10024018
2025-06-12,18.604265213012695,19.708667755126953,19.80202865600586,19.391237258911133,19.41924476623535,6417188
2025-06-13,18.569011688232422,19.671321868896484,19.867382049560547,19.465925216674805,19.652650833129883,8720594
2025-06-16,18.9127197265625,20.035432815551758,20.184812545776367,19.74601173400879,19.848709106445312,9115830
2025-06-17,18.947975158691406,20.072778701782227,20.250165939331055,19.88605308532715,19.998088836669922,7730359
2025-06-18,19.06254005432129,20.19414710998535,20.4555606842041,19.951406478881836,19.97007942199707,7206697
2025-06-20,18.886281967163086,20.00742530822754,20.362199783325195,19.932735443115234,20.044769287109375,10771112
2025-06-23,18.97441291809082,20.100786209106445,20.100786209106445,19.661985397338867,20.072778701782227,8963091
2025-06-24,19.212360382080078,20.352863311767578,20.558258056640625,20.100786209106445,20.128795623779297,16229342
2025-06-25,19.124231338500977,20.25950050354004,20.390207290649414,20.06344223022461,20.212820053100586,16239839
2025-06-26,18.69239616394043,19.80202865600586,20.25950050354004,19.699331283569336,20.23149299621582,17152633
2025-06-27,18.69239616394043,19.80202865600586,19.895389556884766,19.587297439575195,19.661985397338867,11659913
2025-06-30,19.08898162841797,20.222156524658203,20.446224212646484,19.9140625,20.222156524658203,14299537
2025-07-01,19.22998809814453,20.37153434753418,20.54892349243164,20.11945915222168,20.184812545776367,5221302
2025-07-02,18.886281967163086,20.00742530822754,20.38087272644043,19.88605308532715,20.37153434753418,8466528
2025-07-03,19.38862419128418,20.539587020874023,20.60494041442871,19.923398971557617,20.00742530822754,9244363
2025-07-04,19.90859031677246,21.090421676635742,21.454532623291016,20.754318237304688,20.754318237304688,12761113
2025-07-07,19.432687759399414,20.586267471313477,21.071748733520508,20.49290657043457,21.071748733520508,6786718
2025-07-08,19.353368759155273,20.502241134643555,20.679628372192383,20.240829467773438,20.511577606201172,8390480
2025-07-09,19.203548431396484,20.34352684020996,20.60494041442871,20.166139602661133,20.530250549316406,15829071
2025-07-10,19.467939376831055,20.623611450195312,20.71697425842285,19.80202865600586,19.97007942199707,17450506
2025-07-11,19.159486770629883,20.296846389770508,20.614276885986328,20.212820053100586,20.586267471313477,10607983
2025-07-14,19.036102294921875,20.166139602661133,20.37153434753418,19.979415893554688,20.23149299621582,6810282
2025-07-15,19.150671005249023,20.28750991821289,20.4368896484375,19.979415893554688,20.166139602661133,6738947
2025-07-16,19.02728843688965,20.156803131103516,20.390207290649414,19.904727935791016,20.362199783325195,11484680
2025-07-17,18.604265213012695,19.708667755126953,20.1474666595459,19.48459815979004,20.13813018798828,17294018
2025-07-18,17.837533950805664,18.896419525146484,19.559288024902344,18.85907554626465,19.42858123779297,16285897
2025-07-21,17.84634780883789,18.9057559967041,19.073806762695312,18.625669479370117,18.943099975585938,8213962
2025-07-22,17.61720848083496,18.663015365600586,19.269866943359375,18.5976619720459,18.9057559967041,10556677
2025-07-23,17.811092376708984,18.868410110473633,19.02712631225586,18.513635635375977,18.5976619720459,14014196
2025-07-24,17.943288803100586,19.008453369140625,19.008453369140625,18.5976619720459,18.68168830871582,13273528
2025-07-25,18.551387786865234,19.652650833129883,19.74601173400879,18.961772918701172,19.073806762695312,14691239
2025-07-28,18.524948120117188,19.62464141845703,20.32485580444336,19.62464141845703,19.718002319335938,15297912
2025-07-29,18.604265213012695,19.708667755126953,19.932735443115234,19.475263595581055,19.652650833129883,10124594
2025-07-30,19.18592643737793,20.32485580444336,20.352863311767578,19.577959060668945,19.587297439575195,13131179
2025-07-31,18.69239616394043,19.80202865600586,20.06344223022461,19.727338790893555,20.044769287109375,9451085
2025-08-01,18.683582305908203,19.792692184448242,20.306182861328125,19.699331283569336,20.212820053100586,11736175
2025-08-04,18.551387786865234,19.652650833129883,20.222156524658203,19.503271102905273,20.072778701782227,9027036
2025-08-05,18.771709442138672,19.88605308532715,19.923398971557617,19.587297439575195,19.62464141845703,3165000
2025-08-06,18.771709442138672,19.88605308532715,20.06344223022461,19.830036163330078,19.988752365112305,11602287
2025-08-07,19.08016586303711,20.212820053100586,20.54892349243164,19.80202865600586,19.979415893554688,9962858
2025-08-08,18.85984230041504,19.979415893554688,20.28750991821289,19.94207191467285,20.156803131103516,10345456
2025-08-11,18.718833923339844,19.830036163330078,20.1474666595459,19.792692184448242,19.88605308532715,7688694
2025-08-12,19.168298721313477,20.306182861328125,21.146438598632812,19.904727935791016,19.904727935791016,19428832
2025-08-13,18.683582305908203,19.792692184448242,20.250165939331055,19.63397789001465,20.222156524658203,17112788
2025-08-14,18.754087448120117,19.867382049560547,20.17547607421875,19.54061508178711,19.605968475341797,10517689
2025-08-15,18.383939743041992,19.475263595581055,19.94207191467285,19.353891372680664,19.699331283569336,15193265
2025-08-18,18.401565551757812,19.493934631347656,19.68999481201172,19.16716957092285,19.51260757446289,12280402
2025-08-19,18.207679748535156,19.28853988647461,19.28853988647461,19.017789840698242,19.04579734802246,9357578
2025-08-20,18.21649169921875,19.297874450683594,19.40057373046875,19.13916015625,19.16716957092285,7652812
2025-08-21,18.163612365722656,19.241857528686523,19.353891372680664,19.04579734802246,19.297874450683594,7641244
2025-08-22,19.036102294921875,20.166139602661133,20.166139602661133,19.36322784423828,19.3725643157959,7423596
2025-08-25,19.009660720825195,20.13813018798828,20.52091407775879,20.110122680664062,20.296846389770508,6457568
2025-08-26,19.600135803222656,20.763654708862305,20.763654708862305,20.110122680664062,20.222156524658203,19906437
2025-08-27,20.402118682861328,21.61324691772461,21.61324691772461,20.623611450195312,20.66095733642578,16836764
2025-08-28,21.41561508178711,22.686906814575195,23.05101776123047,22.27611541748047,22.313459396362305,27107886
2025-08-29,21.186477661132812,22.44416618347168,22.714916229248047,22.397485733032227,22.668235778808594,9075128
2025-09-01,21.2481689453125,22.509519577026367,22.640226364135742,22.33213233947754,22.406822204589844,4451715
2025-09-02,21.2481689453125,22.509519577026367,22.742923736572266,22.26677894592285,22.313459396362305,7933440
2025-09-03,21.406803131103516,22.677570343017578,22.770933151245117,22.406822204589844,22.518856048583984,6921677
2025-09-04,21.283418655395508,22.546863555908203,22.742923736572266,22.36014175415039,22.696243286132812,6763047
2025-09-05,21.988460540771484,23.293758392333984,23.340438842773438,22.770933151245117,22.9950008392334,8652579
2025-09-08,21.635940551757812,22.920310974121094,23.321767807006836,22.742923736572266,23.293758392333984,7567980
2025-09-09,21.318674087524414,22.584209442138672,23.060354232788086,22.341468811035156,23.060354232788086,6927033
2025-09-10,21.46849250793457,22.742923736572266,23.04168128967285,22.47217559814453,22.50018310546875,7624213
2025-09-11,21.556623458862305,22.836286544799805,22.910974502563477,22.621553421020508,22.752260208129883,4372025
2025-09-12,21.6095027923584,22.892303466796875,22.901639938354492,22.462839126586914,22.5281925201416,8069149
2025-09-15,21.741697311401367,23.032346725463867,23.069690704345703,22.677570343017578,23.069690704345703,3738789
2025-09-16,21.600688934326172,22.882966995239258,23.153715133666992,22.81761360168457,23.135042190551758,6611272
2025-09-17,21.406803131103516,22.677570343017578,23.079025268554688,22.602880477905273,22.892303466796875,8945418
2025-09-18,21.36273765563965,22.630889892578125,22.78960418701172,22.453502655029297,22.714916229248047,12232203
2025-09-19,20.939714431762695,22.182754516601562,22.658897399902344,21.89333152770996,22.537527084350586,25030376
2025-09-22,20.904460906982422,22.145408630371094,22.192089080810547,21.75328826904297,21.93067741394043,12859761
2025-09-23,21.212915420532227,22.47217559814453,22.668235778808594,22.0053653717041,22.136072158813477,11754598
2025-09-24,21.160037994384766,22.41615867614746,22.976327896118164,22.41615867614746,22.556201934814453,9760527
2025-09-25,21.19529151916504,22.453502655029297,22.509519577026367,22.09872817993164,22.425493240356445,10982333
2025-09-26,21.318674087524414,22.584209442138672,22.910974502563477,22.434829711914062,22.546863555908203,11022821
2025-09-29,21.724069595336914,23.013673782348633,23.284421920776367,22.826950073242188,23.04168128967285,12543465
2025-09-30,21.671192169189453,22.957656860351562,23.405792236328125,22.73358726501465,23.153715133666992,15392490
2025-10-01,21.292234420776367,22.556201934814453,23.116371154785156,22.425493240356445,23.069690704345703,12502549
2025-10-02,21.00140380859375,22.24810791015625,22.59354591369629,22.145408630371094,22.556201934814453,8210856
2025-10-03,21.107162475585938,22.36014175415039,22.406822204589844,22.04271125793457,22.238771438598633,6448143
2025-10-06,20.710575103759766,21.940013885498047,22.406822204589844,21.855987548828125,22.350805282592773,7385036
2025-10-07,20.313987731933594,21.51988410949707,21.912004470825195,21.17444610595703,21.78129768371582,23765190
2025-10-08,20.763452529907227,21.996030807495117,22.080055236816406,21.4451961517334,21.547893524169922,11478789
2025-10-09,20.833955764770508,22.07071876525879,22.406822204589844,21.93067741394043,22.164081573486328,12365126
2025-10-10,20.692949295043945,21.921340942382812,22.2200984954834,21.734617233276367,22.145408630371094,11876811
2025-10-13,20.833955764770508,22.07071876525879,22.33213233947754,21.76262664794922,21.95868492126465,7424988
2025-10-14,20.728200912475586,21.95868492126465,22.080055236816406,21.827978134155273,22.07071876525879,23663864
2025-10-15,21.019027709960938,22.26677894592285,22.341468811035156,21.659927368164062,21.66926383972168,14278329
2025-10-16,20.56956672668457,21.790634155273438,22.238771438598633,21.594573974609375,22.089391708374023,14076534
2025-10-17,20.701763153076172,21.93067741394043,22.117399215698242,21.454532623291016,21.61324691772461,19550831
2025-10-20,20.781076431274414,22.01470184326172,22.229433059692383,21.855987548828125,21.87466049194336,8530152
2025-10-21,20.472623825073242,21.687936782836914,21.977357864379883,21.631919860839844,21.771961212158203,5441842
2025-10-22,20.551939010620117,21.771961212158203,21.771961212158203,21.482540130615234,21.743953704833984,7576121
2025-10-23,21.054283142089844,22.30412483215332,22.47217559814453,21.940013885498047,21.94934844970703,8552002
2025-10-24,21.239355087280273,22.50018310546875,22.677570343017578,22.26677894592285,22.36014175415039,5568125
2025-10-27,21.256980895996094,22.518856048583984,22.864294052124023,22.164081573486328,22.864294052124023,7451873
2025-10-28,21.027841567993164,22.27611541748047,22.565536499023438,22.145408630371094,22.453502655029297,6633336
2025-10-29,20.692949295043945,21.921340942382812,22.41615867614746,21.865324020385742,22.164081573486328,5651778
2025-10-30,21.107162475585938,22.36014175415039,22.378812789916992,21.66926383972168,21.75328826904297,6918357
2025-10-31,20.974966049194336,22.2200984954834,22.44416618347168,22.145408630371094,22.350805282592773,6015203
2025-11-03,20.86920928955078,22.108064651489258,22.41615867614746,21.921340942382812,22.322795867919922,8278228
2025-11-04,20.78989028930664,22.024038314819336,22.238771438598633,21.89333152770996,22.061382293701172,10292865
2025-11-05,21.43324089050293,22.70557975769043,22.724252700805664,21.95868492126465,22.024038314819336,9643134
2025-11-06,21.76813507080078,23.060354232788086,23.68587875366211,22.5281925201416,22.5281925201416,12886003
2025-11-07,21.86507797241211,23.16305160522461,23.19106101989746,22.798940658569336,22.826950073242188,4161661
2025-11-10,22.270477294921875,23.59251594543457,23.611188888549805,23.24707794189453,23.340438842773438,8441036
2025-11-11,22.552492141723633,23.891273498535156,24.19936752319336,23.620525360107422,23.695213317871094,13660946
2025-11-12,22.56130599975586,23.900609970092773,23.975299835205078,23.33110237121582,23.881938934326172,9776700
2025-11-13,22.42911148071289,23.76056671142578,24.068660736083984,23.396455764770508,24.040653228759766,7958397
2025-11-14,22.684688568115234,24.03131675720215,24.068660736083984,23.5364990234375,23.657869338989258,6084718
2025-11-17,22.825695037841797,24.180694580078125,24.42343521118164,23.928617477416992,24.02198028564453,7695656
2025-11-18,23.29278564453125,24.675512313842773,24.899581909179688,23.90994644165039,23.919282913208008,13941575
2025-11-19,22.80807113647461,24.162023544311523,24.591487884521484,23.975299835205078,24.57281494140625,11089229
2025-11-21,22.825695037841797,24.180694580078125,24.60082244873047,23.81658363342285,24.60082244873047,18171037
2025-11-24,23.090085983276367,24.460779190063477,24.647504806518555,24.152687072753906,24.22737693786621,11629493
2025-11-25,23.521923065185547,24.91825294494629,24.927589416503906,24.348745346069336,24.498125076293945,7126365
2025-11-26,23.439342498779297,24.06999969482422,24.65999984741211,24.040000915527344,24.209999084472656,11880800
2025-11-27,23.91650390625,24.559999465942383,24.8700008392334,24.1200008392334,24.1200008392334,8495500
2025-11-28,24.228118896484375,24.8799991607666,24.989999771118164,24.5,24.59000015258789,8645300
2025-12-01,24.237857818603516,24.889999389648438,25.139999389648438,24.610000610351562,24.860000610351562,8769300
2025-12-02,24.715017318725586,25.3799991607666,25.549999237060547,24.989999771118164,25.030000686645508,12277300
2025-12-03,24.84161376953125,25.510000228881836,25.850000381469727,25.389999389648438,25.579999923706055,7024800
2025-12-04,25.21165657043457,25.889999389648438,26.229999542236328,25.65999984741211,25.790000915527344,8420400
2025-12-05,23.974933624267578,24.6200008392334,26.239999771118164,24.270000457763672,25.889999389648438,27204400
2025-12-08,24.3449764251709,25.0,25.100000381469727,24.700000762939453,24.760000228881836,14075100
2025-12-09,23.94571876525879,24.59000015258789,24.889999389648438,24.25,24.799999237060547,5196400
2025-12-10,24.228118896484375,24.8799991607666,25.079999923706055,24.530000686645508,24.59000015258789,8128800
2025-12-11,24.40340232849121,25.059999465942383,25.149999618530273,24.56999969482422,24.729999542236328,6103900
2025-12-12,24.84161376953125,25.510000228881836,25.739999771118164,25.059999465942383,25.059999465942383,31879800
2025-12-15,25.133752822875977,25.809999465942383,26.049999237060547,25.559999465942383,25.700000762939453,9391600
2025-12-16,24.500783920288086,25.15999984741211,25.610000610351562,25.049999237060547,25.530000686645508,9797100
2025-12-17,23.94571876525879,24.59000015258789,24.899999618530273,24.149999618530273,24.690000534057617,17071100
2025-12-18,23.974933624267578,24.6200008392334,24.959999084472656,24.420000076293945,24.420000076293945,11456700
2025-12-19,24.17943000793457,24.829999923706055,25.399999618530273,24.600000381469727,24.600000381469727,17474000
2025-12-22,24.18916893005371,24.84000015258789,25.049999237060547,24.350000381469727,25.020000457763672,10010500
2025-12-23,24.57868766784668,25.239999771118164,25.299999237060547,24.8799991607666,24.8799991607666,5862000
2025-12-26,24.58842658996582,25.25,25.260000228881836,25.010000228881836,25.049999237060547,5504800
2025-12-29,24.529998779296875,25.190000534057617,25.270000457763672,24.940000534057617,25.25,3914500
2025-12-30,24.666330337524414,25.329999923706055,25.559999465942383,25.260000228881836,25.3700008392334,4774100
2026-01-02,25.08506202697754,25.760000228881836,25.760000228881836,25.270000457763672,25.280000686645508,9656400
2026-01-05,24.8610897064209,25.530000686645508,25.81999969482422,25.3700008392334,25.610000610351562,4941000
2026-01-06,24.909780502319336,25.579999923706055,25.8799991607666,25.350000381469727,25.81999969482422,5054700
2026-01-07,24.81239891052246,25.479999542236328,25.68000030517578,25.1200008392334,25.3700008392334,6623700
2026-01-08,24.929256439208984,25.600000381469727,25.739999771118164,25.360000610351562,25.479999542236328,8397100
2026-01-09,24.8610897064209,25.530000686645508,25.729999542236328,25.350000381469727,25.670000076293945,8937000
2026-01-12,24.85135269165039,25.520000457763672,25.600000381469727,25.149999618530273,25.5,7036800
2026-01-13,24.744232177734375,25.40999984741211,25.520000457763672,25.049999237060547,25.299999237060547,7549000
2026-01-14,25.23113250732422,25.90999984741211,26.06999969482422,25.559999465942383,25.600000381469727,9825000
2026-01-15,25.279823303222656,25.959999084472656,26.190000534057617,25.649999618530273,26.06999969482422,9686000
2026-01-16,24.95846939086914,25.6299991607666,26.0,25.479999542236328,26.0,6298900
2026-01-19,24.695545196533203,25.360000610351562,25.6299991607666,25.31999969482422,25.520000457763672,2781200
2026-01-20,25.124013900756836,25.799999237060547,25.889999389648438,25.229999542236328,25.530000686645508,6889400
2026-01-21,26.243885040283203,26.950000762939453,27.049999237060547,25.989999771118164,26.010000228881836,14240700
2026-01-22,27.15925407409668,27.889999389648438,28.260000228881836,27.139999389648438,27.15999984741211,14299900
2026-01-23,27.655893325805664,28.399999618530273,28.739999771118164,27.719999313354492,27.979999542236328,12009600
2026-01-26,27.782487869262695,28.530000686645508,28.639999389648438,27.979999542236328,28.489999771118164,5087800
2026-01-27,28.016197204589844,28.770000457763672,29.059999465942383,28.700000762939453,28.899999618530273,8283400
2026-01-28,28.327816009521484,29.09000015258789,29.209999084472656,28.600000381469727,28.889999389648438,8691300
2026-01-29,27.918819427490234,28.670000076293945,29.299999237060547,28.209999084472656,29.209999084472656,6131400
2026-01-30,28.00646209716797,28.760000228881836,28.8799991607666,28.270000457763672,28.600000381469727,7991500
2026-02-02,28.843929290771484,29.6200008392334,29.709999084472656,28.700000762939453,28.989999771118164,7706100
2026-02-03,29.36004066467285,30.149999618530273,30.559999465942383,29.65999984741211,29.850000381469727,10081900
2026-02-04,29.00947380065918,29.790000915527344,30.420000076293945,29.170000076293945,30.149999618530273,7072300
2026-02-05,30.080652236938477,30.889999389648438,30.979999542236328,30.1200008392334,30.299999237060547,19636200
2026-02-06,30.927858352661133,31.760000228881836,31.90999984741211,30.729999542236328,30.989999771118164,12342600
2026-02-09,30.898643493652344,31.729999542236328,31.989999771118164,31.360000610351562,31.989999771118164,7632100
2026-02-10,30.528600692749023,31.350000381469727,31.850000381469727,31.1299991607666,31.649999618530273,7419900
2026-02-11,31.122615814208984,31.959999084472656,32.22999954223633,31.34000015258789,31.59000015258789,7261500
2026-02-12,30.986286163330078,31.81999969482422,31.989999771118164,31.549999237060547,31.899999618530273,4413900
2026-02-13,30.898643493652344,31.729999542236328,31.8799991607666,31.09000015258789,31.09000015258789,4426400
2026-02-18,30.67466926574707,31.5,31.989999771118164,31.290000915527344,31.8799991607666,8385400
2026-02-19,30.742834091186523,31.56999969482422,31.799999237060547,31.270000457763672,31.559999465942383,6400800
2026-02-20,30.996023178100586,31.829999923706055,31.8799991607666,31.200000762939453,31.5,5693300
2026-02-23,29.486635208129883,30.280000686645508,31.520000457763672,30.190000534057617,31.260000228881836,10283900
2026-02-24,30.18777084350586,31.0,31.639999389648438,30.299999237060547,30.40999984741211,12314800
2026-02-25,29.93458366394043,30.739999771118164,31.15999984741211,30.469999313354492,31.15999984741211,9130800
2026-02-26,29.993011474609375,30.799999237060547,31.15999984741211,30.489999771118164,31.15999984741211,7687300
2026-02-27,29.136066436767578,29.920000076293945,30.600000381469727,29.469999313354492,30.600000381469727,15824700
2026-03-02,29.486635208129883,30.280000686645508,30.59000015258789,28.959999084472656,29.34000015258789,8914000
2026-03-03,28.912094116210938,29.690000534057617,29.979999542236328,28.549999237060547,28.6200008392334,12421900
2026-03-04,29.50611114501953,30.299999237060547,30.5,29.860000610351562,30.09000015258789,5562900
2026-03-05,29.087377548217773,29.8700008392334,30.65999984741211,29.690000534057617,30.020000457763672,7839100
2026-03-06,29.75929832458496,30.559999465942383,30.75,29.420000076293945,29.700000762939453,8985700
2026-03-09,30.265674591064453,31.079999923706055,31.559999465942383,30.389999389648438,30.549999237060547,10696000
2026-03-10,30.82073974609375,31.649999618530273,32.0,30.770000457763672,31.3799991607666,9197900
2026-03-11,30.713621139526367,31.540000915527344,31.920000076293945,30.959999084472656,31.110000610351562,5845900
2026-03-12,28.415456771850586,29.18000030517578,31.450000762939453,29.100000381469727,31.450000762939453,15502300
2026-03-13,28.619953155517578,29.389999389648438,30.079999923706055,29.040000915527344,29.450000762939453,8685500
2026-03-16,29.048423767089844,29.829999923706055,30.360000610351562,29.639999389648438,29.979999542236328,6782100
2026-03-17,29.74955940246582,30.549999237060547,30.93000030517578,29.670000076293945,29.93000030517578,8674400
2026-03-18,29.019208908081055,29.799999237060547,30.329999923706055,29.43000030517578,29.649999618530273,9537800
2026-03-19,29.34056282043457,30.1299991607666,30.280000686645508,29.059999465942383,29.139999389648438,11980800
2026-03-20,28.327816009521484,29.09000015258789,29.940000534057617,28.729999542236328,29.899999618530273,14977100
2026-03-23,29.76903533935547,30.56999969482422,31.040000915527344,29.610000610351562,29.610000610351562,12574800
2026-03-24,30.04170036315918,30.850000381469727,31.149999618530273,29.920000076293945,30.65999984741211,10643800
2026-03-25,30.888904571533203,31.719999313354492,31.889999389648438,30.989999771118164,31.270000457763672,10155400
2026-03-26,30.616243362426758,31.440000534057617,31.59000015258789,30.799999237060547,31.549999237060547,8746400
2026-03-27,30.350522994995117,30.84000015258789,31.270000457763672,30.6299991607666,30.81999969482422,6409000
2026-03-30,30.704809188842773,31.200000762939453,31.8700008392334,31.049999237060547,31.31999969482422,4996000
2026-03-31,31.11814308166504,31.6200008392334,32.34000015258789,31.229999542236328,32.0,10572600
2026-04-01,30.763856887817383,31.260000228881836,32.16999816894531,31.200000762939453,31.649999618530273,8477600
2026-04-02,30.990205764770508,31.489999771118164,31.489999771118164,30.399999618530273,30.579999923706055,8132000
2026-04-06,30.793380737304688,31.290000915527344,31.860000610351562,31.209999084472656,31.579999923706055,5246500
2026-04-07,31.20671272277832,31.709999084472656,31.760000228881836,30.90999984741211,30.989999771118164,12110000
2026-04-08,31.31496810913086,31.81999969482422,32.900001525878906,30.600000381469727,32.7400016784668,14313300
2026-04-09,32.47623825073242,33.0,33.0,31.950000762939453,32.0,14561100
2026-04-10,33.2340202331543,33.77000045776367,33.86000061035156,32.93000030517578,33.20000076293945,11507600
2026-04-13,33.11592483520508,33.650001525878906,33.869998931884766,33.45000076293945,33.77000045776367,10329700
2026-04-14,32.7419548034668,33.27000045776367,33.779998779296875,32.900001525878906,33.7400016784668,13958200
2026-04-15,33.657196044921875,34.20000076293945,34.20000076293945,33.09000015258789,33.099998474121094,13035400
2026-04-16,33.05687713623047,33.59000015258789,34.189998626708984,33.16999816894531,34.06999969482422,7467800
2026-04-17,32.68290710449219,33.209999084472656,33.97999954223633,32.849998474121094,33.900001525878906,12600000
2026-04-20,32.830528259277344,33.36000061035156,33.72999954223633,33.11000061035156,33.369998931884766,4322800
2026-04-22,32.68290710449219,33.209999084472656,33.650001525878906,33.08000183105469,33.5,5660900
2026-04-23,32.72227096557617,33.25,33.4900016784668,32.959999084472656,33.209999084472656,4832300
2026-04-24,32.77147674560547,33.29999923706055,33.36000061035156,32.970001220703125,32.970001220703125,4299300
2026-04-27,32.43687438964844,32.959999084472656,33.349998474121094,32.959999084472656,33.29999923706055,3102400
2026-04-28,32.43687438964844,32.959999084472656,33.08000183105469,32.58000183105469,32.900001525878906,3741300
2026-04-29,31.90544319152832,32.41999816894531,33.27000045776367,32.220001220703125,32.88999938964844,8540400
2026-04-30,32.77147674560547,33.29999923706055,33.43000030517578,32.47999954223633,32.52000045776367,10545300
2026-05-04,32.299095153808594,32.81999969482422,33.33000183105469,31.760000228881836,31.809999465942383,6437100
2026-05-05,32.28925704956055,32.810001373291016,33.08000183105469,32.529998779296875,32.529998779296875,4547400
2026-05-06,32.30894088745117,32.83000183105469,33.189998626708984,32.220001220703125,32.9900016784668,6833300
2026-05-07,31.816875457763672,32.33000183105469,33.18000030517578,32.06999969482422,32.869998931884766,11272500
2026-05-08,33.26354217529297,33.79999923706055,33.86000061035156,32.470001220703125,32.900001525878906,10104400
2026-05-11,32.65338134765625,33.18000030517578,34.06999969482422,32.9900016784668,33.380001068115234,7609500
2026-05-12,33.165130615234375,33.70000076293945,33.86000061035156,32.79999923706055,32.79999923706055,8542700
2026-05-13,32.34830093383789,32.869998931884766,33.95000076293945,32.59000015258789,33.900001525878906,10211100
2026-05-14,32.860050201416016,33.38999938964844,33.86000061035156,33.0,33.38999938964844,9522500
2026-05-15,32.59433364868164,33.119998931884766,33.31999969482422,32.72999954223633,32.849998474121094,7185200
2026-05-18,32.732112884521484,33.2599983215332,33.459999084472656,32.79999923706055,33.04999923706055,7611000
2026-05-19,32.15147399902344,32.66999816894531,33.09000015258789,32.36000061035156,32.7400016784668,8042400
2026-05-20,32.81084442138672,33.34000015258789,33.630001068115234,32.810001373291016,32.86000061035156,7714800
2026-05-21,32.87973403930664,33.40999984741211,33.63999938964844,32.970001220703125,33.13999938964844,4329100
2026-05-22,32.23020935058594,32.75,33.290000915527344,32.369998931884766,33.029998779296875,9734000
2026-05-25,31.76766586303711,32.279998779296875,33.150001525878906,32.08000183105469,33.0099983215332,4183600
2026-05-26,31.36417579650879,31.8700008392334,32.27000045776367,31.3799991607666,32.27000045776367,6450100
2026-05-27,30.527666091918945,31.020000457763672,32.279998779296875,30.81999969482422,32.20000076293945,6397700
2026-05-28,30.419410705566406,30.90999984741211,31.649999618530273,30.829999923706055,31.06999969482422,5432600
2026-05-29,29.277822494506836,29.75,30.950000762939453,29.700000762939453,30.899999618530273,13528800
2026-06-01,29.43528175354004,29.90999984741211,30.1299991607666,29.420000076293945,29.8799991607666,7517200
2026-06-02,29.651790618896484,30.1299991607666,30.43000030517578,29.760000228881836,29.850000381469727,8945200
2026-06-03,29.012107849121094,29.479999542236328,30.059999465942383,29.170000076293945,29.350000381469727,12168200
2026-06-05,28.43147087097168,28.889999389648438,29.739999771118164,28.75,29.329999923706055,12491100
2026-06-08,28.25432777404785,28.709999084472656,28.989999771118164,28.559999465942383,28.889999389648438,6090400
2026-06-09,28.93337631225586,29.399999618530273,29.68000030517578,28.81999969482422,28.889999389648438,12291700
2026-06-10,28.854646682739258,29.31999969482422,29.469999313354492,29.0,29.049999237060547,7638400
2026-06-11,29.06131362915039,29.530000686645508,29.90999984741211,28.90999984741211,29.239999771118164,13786800
2026-06-12,28.687345504760742,29.149999618530273,29.610000610351562,29.139999389648438,29.229999542236328,5171800
2026-06-15,28.283851623535156,28.739999771118164,29.6299991607666,28.65999984741211,29.059999465942383,9918800
2026-06-16,27.47686767578125,27.920000076293945,28.489999771118164,27.579999923706055,28.489999771118164,12914300
2026-06-17,27.87051773071289,28.31999969482422,29.049999237060547,28.040000915527344,28.260000228881836,13668900
2026-06-18,28.136232376098633,28.59000015258789,28.90999984741211,28.280000686645508,28.280000686645508,10360900
2026-06-19,28.342899322509766,28.799999237060547,28.93000030517578,28.459999084472656,28.709999084472656,8670800
2026-06-22,28.93337631225586,29.399999618530273,29.469999313354492,28.979999542236328,29.1200008392334,10997800
2026-06-23,29.389999389648438,29.389999389648438,29.559999465942383,28.6200008392334,28.6200008392334,5426300
2026-06-24,29.110000610351562,29.110000610351562,29.530000686645508,29.010000228881836,29.15999984741211,8889300
2026-06-25,29.170000076293945,29.170000076293945,29.59000015258789,29.020000457763672,29.149999618530273,2416000
2026-06-26,29.690000534057617,29.690000534057617,29.81999969482422,28.979999542236328,29.149999618530273,4492300
