Price,Adj Close,Close,High,Low,Open,Volume
Ticker,SMFT3.SA,SMFT3.SA,SMFT3.SA,SMFT3.SA,SMFT3.SA,SMFT3.SA
Date,,,,,,
2021-07-14,28.1101016998291,31.0,31.860000610351562,28.600000381469727,29.020000457763672,31978100
2021-07-15,28.971540451049805,31.950000762939453,33.189998626708984,29.360000610351562,30.790000915527344,9410000
2021-07-16,29.19823455810547,32.20000076293945,32.2400016784668,30.350000381469727,32.0,2654500
2021-07-19,27.838069915771484,30.700000762939453,32.13999938964844,30.280000686645508,31.219999313354492,1528300
2021-07-20,27.720186233520508,30.56999969482422,30.8700008392334,29.530000686645508,30.809999465942383,1404000
2021-07-21,27.19425392150879,29.989999771118164,31.399999618530273,29.719999313354492,30.889999389648438,1305200
2021-07-22,27.203325271606445,30.0,30.309999465942383,29.149999618530273,30.0,885100
2021-07-23,26.74993324279785,29.5,30.420000076293945,29.420000076293945,29.989999771118164,1799300
2021-07-26,26.08799171447754,28.770000457763672,29.75,28.770000457763672,29.5,2070200
2021-07-27,25.752479553222656,28.399999618530273,28.649999618530273,27.780000686645508,28.489999771118164,2151100
2021-07-28,25.24468421936035,27.84000015258789,28.639999389648438,27.84000015258789,28.639999389648438,1086300
2021-07-29,25.3897705078125,28.0,28.200000762939453,27.010000228881836,27.719999313354492,3683000
2021-07-30,24.927310943603516,27.489999771118164,28.0,26.510000228881836,28.0,1461600
2021-08-02,25.20841407775879,27.799999237060547,28.729999542236328,27.5,27.540000915527344,581700
2021-08-03,25.426042556762695,28.040000915527344,28.56999969482422,27.0,27.889999389648438,591600
2021-08-04,25.752479553222656,28.399999618530273,28.8700008392334,27.799999237060547,28.040000915527344,636700
2021-08-05,25.20841407775879,27.799999237060547,29.5,27.68000030517578,28.299999237060547,750700
2021-08-06,25.571125030517578,28.200000762939453,28.25,27.84000015258789,27.950000762939453,738200
2021-08-09,25.3897705078125,28.0,28.489999771118164,27.649999618530273,28.25,421000
2021-08-10,25.299091339111328,27.899999618530273,28.59000015258789,27.81999969482422,27.81999969482422,198600
2021-08-11,25.3897705078125,28.0,28.0,27.489999771118164,27.920000076293945,563900
2021-08-12,24.48299217224121,27.0,27.850000381469727,27.0,27.850000381469727,882100
2021-08-13,24.61900520324707,27.149999618530273,27.59000015258789,26.18000030517578,26.979999542236328,1034800
2021-08-16,23.258838653564453,25.649999618530273,27.09000015258789,25.389999389648438,26.530000686645508,1278000
2021-08-17,24.1746883392334,26.65999984741211,27.239999771118164,24.65999984741211,25.579999923706055,2939000
2021-08-18,24.047740936279297,26.520000457763672,27.139999389648438,25.81999969482422,26.649999618530273,607500
2021-08-19,25.07239532470703,27.649999618530273,28.0,25.219999313354492,25.93000030517578,1678300
2021-08-20,25.48044776916504,28.100000381469727,29.850000381469727,27.020000457763672,27.209999084472656,1118400
2021-08-23,25.15400505065918,27.739999771118164,29.030000686645508,27.030000686645508,28.899999618530273,546500
2021-08-24,25.3897705078125,28.0,28.489999771118164,27.600000381469727,28.079999923706055,537000
2021-08-25,24.845699310302734,27.399999618530273,28.170000076293945,27.1299991607666,27.8700008392334,18195500
2021-08-26,24.56460189819336,27.09000015258789,27.389999389648438,26.5,27.350000381469727,723700
2021-08-27,24.57366943359375,27.100000381469727,27.530000686645508,26.510000228881836,27.18000030517578,1333300
2021-08-30,24.48299217224121,27.0,27.5,26.3700008392334,26.860000610351562,1228700
2021-08-31,24.48299217224121,27.0,27.059999465942383,26.559999465942383,26.979999542236328,1044800
2021-09-01,24.48299217224121,27.0,27.399999618530273,26.559999465942383,27.239999771118164,628600
2021-09-02,23.712230682373047,26.149999618530273,26.989999771118164,26.110000610351562,26.829999923706055,548100
2021-09-03,23.53087615966797,25.950000762939453,26.489999771118164,25.31999969482422,26.299999237060547,1040800
2021-09-06,23.65782356262207,26.09000015258789,26.530000686645508,25.670000076293945,25.670000076293945,272400
2021-09-08,22.669435501098633,25.0,26.0,24.8799991607666,25.90999984741211,1110700
2021-09-09,22.669435501098633,25.0,25.229999542236328,24.700000762939453,25.0,1292700
2021-09-10,23.639686584472656,26.06999969482422,26.09000015258789,24.950000762939453,24.959999084472656,726600
2021-09-13,24.74595832824707,27.290000915527344,27.43000030517578,26.100000381469727,26.309999465942383,927800
2021-09-14,24.40138053894043,26.90999984741211,27.260000228881836,26.399999618530273,27.260000228881836,798500
2021-09-15,24.056808471679688,26.530000686645508,26.760000228881836,26.0,26.760000228881836,460100
2021-09-16,24.029603958129883,26.5,26.5,25.309999465942383,26.25,1307500
2021-09-17,24.029603958129883,26.5,26.639999389648438,25.530000686645508,26.260000228881836,857100
2021-09-20,23.122825622558594,25.5,26.25,25.1200008392334,26.0,905000
2021-09-21,23.48553466796875,25.899999618530273,26.260000228881836,25.309999465942383,25.510000228881836,1262400
2021-09-22,23.802907943725586,26.25,26.40999984741211,25.959999084472656,26.239999771118164,637700
2021-09-23,24.029603958129883,26.5,26.600000381469727,26.010000228881836,26.010000228881836,752900
2021-09-24,23.848247528076172,26.299999237060547,26.440000534057617,25.850000381469727,26.190000534057617,1022700
2021-09-27,23.09562110900879,25.469999313354492,26.15999984741211,25.270000457763672,26.020000457763672,768100
2021-09-28,22.868928909301758,25.219999313354492,25.309999465942383,24.530000686645508,25.209999084472656,2480100
2021-09-29,22.669435501098633,25.0,25.5,24.5,25.040000915527344,629800
2021-09-30,23.2135066986084,25.600000381469727,25.600000381469727,25.010000228881836,25.190000534057617,844000
2021-10-01,23.385791778564453,25.790000915527344,25.790000915527344,25.059999465942383,25.56999969482422,663500
2021-10-04,22.36113166809082,24.65999984741211,25.639999389648438,24.65999984741211,25.639999389648438,1127000
2021-10-05,22.624101638793945,24.950000762939453,24.950000762939453,23.649999618530273,24.700000762939453,1206900
2021-10-06,21.86240577697754,24.110000610351562,24.670000076293945,23.399999618530273,24.670000076293945,1901800
2021-10-07,22.197914123535156,24.479999542236328,24.979999542236328,24.030000686645508,24.200000762939453,758600
2021-10-08,22.306724548339844,24.600000381469727,25.200000762939453,24.600000381469727,24.700000762939453,583200
2021-10-11,22.1253662109375,24.399999618530273,24.700000762939453,23.969999313354492,24.600000381469727,418400
2021-10-13,22.034692764282227,24.299999237060547,24.700000762939453,24.209999084472656,24.299999237060547,563100
2021-10-14,21.98935317993164,24.25,24.56999969482422,24.219999313354492,24.299999237060547,332200
2021-10-15,22.20698356628418,24.489999771118164,24.540000915527344,23.780000686645508,24.1299991607666,724000
2021-10-18,21.526899337768555,23.739999771118164,24.3700008392334,23.739999771118164,24.15999984741211,438800
2021-10-19,21.309267044067383,23.5,23.65999984741211,23.059999465942383,23.510000228881836,1775100
2021-10-20,21.218589782714844,23.399999618530273,23.530000686645508,23.18000030517578,23.510000228881836,622200
2021-10-21,20.10325813293457,22.170000076293945,23.049999237060547,21.770000457763672,23.049999237060547,889800
2021-10-22,18.960718154907227,20.90999984741211,22.209999084472656,19.93000030517578,22.010000228881836,2655700
2021-10-25,21.073509216308594,23.239999771118164,23.239999771118164,20.920000076293945,20.920000076293945,1243600
2021-10-26,19.677072525024414,21.700000762939453,22.920000076293945,21.309999465942383,22.90999984741211,914200
2021-10-27,19.66800308227539,21.690000534057617,22.5,21.440000534057617,21.780000686645508,774700
2021-10-28,18.951648712158203,20.899999618530273,21.6299991607666,20.739999771118164,21.479999542236328,675300
2021-10-29,18.289701461791992,20.170000076293945,21.0,20.059999465942383,20.520000457763672,980800
2021-11-01,18.870037078857422,20.809999465942383,21.149999618530273,20.3700008392334,20.5,641100
2021-11-03,19.051395416259766,21.010000228881836,21.540000915527344,20.530000686645508,20.530000686645508,1659100
2021-11-04,19.024192810058594,20.979999542236328,21.350000381469727,20.59000015258789,21.149999618530273,653600
2021-11-05,18.78842544555664,20.719999313354492,21.299999237060547,20.149999618530273,21.299999237060547,1890800
2021-11-08,18.416650772094727,20.309999465942383,20.790000915527344,20.190000534057617,20.780000686645508,427500
2021-11-09,18.543601989746094,20.450000762939453,21.139999389648438,20.350000381469727,20.350000381469727,1448700
2021-11-10,19.822154998779297,21.860000610351562,22.350000381469727,20.469999313354492,20.479999542236328,1473200
2021-11-11,21.010034561157227,23.170000076293945,23.239999771118164,22.010000228881836,22.299999237060547,3378200
2021-11-12,20.810546875,22.950000762939453,24.530000686645508,22.6200008392334,22.989999771118164,902300
2021-11-16,20.085119247436523,22.149999618530273,23.440000534057617,21.799999237060547,23.420000076293945,712100
2021-11-17,19.577327728271484,21.59000015258789,22.420000076293945,21.5,22.420000076293945,1612100
2021-11-18,19.586393356323242,21.600000381469727,22.209999084472656,21.100000381469727,21.56999969482422,1695800
2021-11-19,20.60198402404785,22.719999313354492,23.440000534057617,21.610000610351562,21.760000228881836,3704600
2021-11-22,19.867494583129883,21.90999984741211,23.40999984741211,21.610000610351562,22.739999771118164,764600
2021-11-23,19.09673309326172,21.059999465942383,22.209999084472656,20.450000762939453,22.010000228881836,1820400
2021-11-24,18.706817626953125,20.6299991607666,21.40999984741211,19.950000762939453,20.920000076293945,1428800
2021-11-25,19.296222686767578,21.280000686645508,21.530000686645508,20.40999984741211,20.610000610351562,500100
2021-11-26,17.636821746826172,19.450000762939453,20.799999237060547,19.450000762939453,20.729999542236328,944400
2021-11-29,17.11089324951172,18.8700008392334,20.200000762939453,18.790000915527344,20.0,1620000
2021-11-30,16.40360450744629,18.09000015258789,19.170000076293945,17.540000915527344,18.8700008392334,7708300
2021-12-01,15.415215492248535,17.0,18.530000686645508,16.90999984741211,18.34000015258789,1612700
2021-12-02,15.796062469482422,17.420000076293945,17.780000686645508,16.899999618530273,17.190000534057617,2257400
2021-12-03,16.53961944580078,18.239999771118164,18.93000030517578,17.479999542236328,17.479999542236328,945700
2021-12-06,16.947673797607422,18.690000534057617,19.420000076293945,18.139999389648438,18.40999984741211,912300
2021-12-07,16.766313552856445,18.489999771118164,19.040000915527344,18.479999542236328,18.8799991607666,413400
2021-12-08,17.60055160522461,19.40999984741211,19.6299991607666,18.25,18.520000457763672,837300
2021-12-09,17.546144485473633,19.350000381469727,19.739999771118164,18.639999389648438,19.270000457763672,996000
2021-12-10,17.555212020874023,19.360000610351562,19.719999313354492,19.170000076293945,19.579999923706055,647700
2021-12-13,17.255977630615234,19.030000686645508,19.56999969482422,18.90999984741211,19.549999237060547,749900
2021-12-14,16.12250328063965,17.780000686645508,19.209999084472656,17.780000686645508,18.829999923706055,768500
2021-12-15,15.71445369720459,17.329999923706055,17.81999969482422,16.850000381469727,17.780000686645508,1502400
2021-12-16,16.004623413085938,17.649999618530273,17.860000610351562,16.920000076293945,17.84000015258789,1675300
2021-12-17,15.796062469482422,17.420000076293945,18.360000610351562,16.899999618530273,17.34000015258789,6209900
2021-12-20,15.50589656829834,17.100000381469727,17.34000015258789,16.760000228881836,16.920000076293945,1167800
2021-12-21,15.93207836151123,17.56999969482422,17.56999969482422,16.389999389648438,16.889999389648438,1755200
2021-12-22,15.415215492248535,17.0,17.43000030517578,16.600000381469727,17.200000762939453,511300
2021-12-23,15.07064151763916,16.6200008392334,17.100000381469727,16.350000381469727,17.079999923706055,718700
2021-12-27,15.052506446838379,16.600000381469727,16.920000076293945,16.450000762939453,16.6200008392334,259900
2021-12-28,15.415215492248535,17.0,17.040000915527344,16.329999923706055,16.600000381469727,586200
2021-12-29,14.843948364257812,16.3700008392334,17.229999542236328,16.3700008392334,16.979999542236328,407000
2021-12-30,14.508439064025879,16.0,16.690000534057617,16.0,16.5,1390100
2022-01-03,14.36335563659668,15.84000015258789,16.329999923706055,15.350000381469727,16.0,690000
2022-01-04,13.701406478881836,15.109999656677246,15.819999694824219,15.069999694824219,15.819999694824219,980100
2022-01-05,12.921579360961914,14.25,15.430000305175781,13.699999809265137,15.0600004196167,2624500
2022-01-06,13.565389633178711,14.960000038146973,15.109999656677246,14.010000228881836,14.399999618530273,1157800
2022-01-07,13.692337989807129,15.100000381469727,15.270000457763672,14.369999885559082,14.529999732971191,1693100
2022-01-10,13.374966621398926,14.75,15.229999542236328,14.489999771118164,14.970000267028809,975000
2022-01-11,13.9281005859375,15.359999656677246,15.449999809265137,14.529999732971191,14.75,746100
2022-01-12,14.327083587646484,15.800000190734863,15.920000076293945,14.989999771118164,15.279999732971191,1284100
2022-01-13,13.510984420776367,14.899999618530273,15.779999732971191,14.890000343322754,15.5,840800
2022-01-14,13.692337989807129,15.100000381469727,15.25,14.430000305175781,15.25,1023900
2022-01-17,13.374966621398926,14.75,15.069999694824219,14.75,14.989999771118164,575400
2022-01-18,13.157341957092285,14.510000228881836,14.699999809265137,14.130000114440918,14.630000114440918,1172500
2022-01-19,13.628863334655762,15.029999732971191,15.5,14.520000457763672,14.520000457763672,6008800
2022-01-20,14.290811538696289,15.760000228881836,16.469999313354492,15.029999732971191,15.029999732971191,1075600
2022-01-21,14.853014945983887,16.3799991607666,17.030000686645508,15.609999656677246,15.630000114440918,2263900
2022-01-24,14.698861122131348,16.209999084472656,16.31999969482422,15.720000267028809,16.079999923706055,994400
2022-01-25,15.134117126464844,16.690000534057617,16.81999969482422,15.890000343322754,15.890000343322754,414500
2022-01-26,15.623777389526367,17.229999542236328,18.190000534057617,16.75,16.75,1379800
2022-01-27,15.478693008422852,17.06999969482422,17.709999084472656,17.06999969482422,17.360000610351562,499900
2022-01-28,15.115981101989746,16.670000076293945,17.190000534057617,16.56999969482422,17.010000228881836,949800
2022-01-31,15.69631576538086,17.309999465942383,17.639999389648438,16.649999618530273,16.649999618530273,2382600
2022-02-01,15.596573829650879,17.200000762939453,17.760000228881836,17.0,17.299999237060547,2667000
2022-02-02,15.460556983947754,17.049999237060547,18.06999969482422,17.049999237060547,17.170000076293945,2379000
2022-02-03,15.052506446838379,16.600000381469727,17.3799991607666,16.600000381469727,17.360000610351562,1310300
2022-02-04,14.979965209960938,16.520000457763672,16.809999465942383,15.729999542236328,16.610000610351562,1223700
2022-02-07,14.6807279586792,16.190000534057617,16.739999771118164,15.960000038146973,16.43000030517578,1181300
2022-02-08,14.880218505859375,16.40999984741211,16.690000534057617,15.960000038146973,16.190000534057617,1736100
2022-02-09,15.533097267150879,17.1299991607666,17.600000381469727,16.3799991607666,16.3799991607666,1909400
2022-02-10,16.049959182739258,17.700000762939453,18.010000228881836,16.989999771118164,17.18000030517578,1253000
2022-02-11,15.39708137512207,16.979999542236328,18.0,16.959999084472656,17.790000915527344,1071500
2022-02-14,16.3310604095459,18.010000228881836,18.139999389648438,16.770000457763672,17.030000686645508,1201900
2022-02-15,16.666568756103516,18.3799991607666,18.600000381469727,18.040000915527344,18.09000015258789,1216600
2022-02-16,16.50335121154785,18.200000762939453,18.489999771118164,17.729999542236328,18.489999771118164,1102400
2022-02-17,16.367332458496094,18.049999237060547,18.5,17.969999313354492,18.299999237060547,672600
2022-02-18,16.077163696289062,17.729999542236328,18.360000610351562,17.729999542236328,18.200000762939453,732000
2022-02-21,15.32453727722168,16.899999618530273,17.8799991607666,16.899999618530273,17.68000030517578,616400
2022-02-22,15.687251091003418,17.299999237060547,18.0,16.969999313354492,17.049999237060547,880100
2022-02-23,16.267589569091797,17.940000534057617,18.350000381469727,17.260000228881836,17.280000686645508,1320500
2022-02-24,16.911401748657227,18.649999618530273,18.959999084472656,17.100000381469727,17.530000686645508,1469700
2022-02-25,16.77538299560547,18.5,19.020000457763672,18.229999542236328,18.84000015258789,2512500
2022-03-02,16.548688888549805,18.25,18.639999389648438,18.09000015258789,18.6299991607666,571600
2022-03-03,16.893266677856445,18.6299991607666,18.799999237060547,18.110000610351562,18.239999771118164,867400
2022-03-04,16.294788360595703,17.969999313354492,18.829999923706055,17.65999984741211,18.829999923706055,1435300
2022-03-07,15.50589656829834,17.100000381469727,18.18000030517578,16.84000015258789,17.969999313354492,2426300
2022-03-08,17.029281616210938,18.780000686645508,18.989999771118164,16.889999389648438,17.360000610351562,1951300
2022-03-09,17.76377296447754,19.59000015258789,20.389999389648438,18.6299991607666,18.639999389648438,1718600
2022-03-10,17.074623107910156,18.829999923706055,19.700000762939453,18.829999923706055,19.34000015258789,955400
2022-03-11,16.27665901184082,17.950000762939453,19.280000686645508,17.950000762939453,18.8799991607666,558200
2022-03-14,15.950213432312012,17.59000015258789,18.65999984741211,17.5,18.079999923706055,1769000
2022-03-15,16.32199478149414,18.0,18.6299991607666,17.219999313354492,17.219999313354492,1433600
2022-03-16,17.092754364013672,18.850000381469727,19.360000610351562,17.5,17.5,1776800
2022-03-17,17.500802993774414,19.299999237060547,19.31999969482422,18.639999389648438,18.84000015258789,531100
2022-03-18,19.105798721313477,21.06999969482422,21.360000610351562,19.200000762939453,19.200000762939453,3432600
2022-03-21,19.03325843811035,20.989999771118164,21.479999542236328,20.440000534057617,21.139999389648438,1117100
2022-03-22,19.695207595825195,21.719999313354492,22.18000030517578,20.8799991607666,20.8799991607666,1058300
2022-03-23,19.441308975219727,21.440000534057617,22.0,21.34000015258789,21.75,693100
2022-03-24,19.677072525024414,21.700000762939453,22.020000457763672,21.360000610351562,21.829999923706055,837500
2022-03-25,19.90376853942871,21.950000762939453,22.329999923706055,21.6200008392334,21.829999923706055,1086100
2022-03-28,19.66800308227539,21.690000534057617,22.229999542236328,21.56999969482422,21.950000762939453,555500
2022-03-29,20.130462646484375,22.200000762939453,22.6299991607666,21.920000076293945,22.479999542236328,663500
2022-03-30,20.030715942382812,22.09000015258789,22.450000762939453,21.790000915527344,22.229999542236328,550400
2022-03-31,19.49571418762207,21.5,22.600000381469727,21.5,22.15999984741211,1032300
2022-04-01,20.883085250854492,23.030000686645508,23.420000076293945,21.6200008392334,21.719999313354492,1300700
2022-04-04,20.2664737701416,22.350000381469727,23.510000228881836,22.149999618530273,23.020000457763672,1361600
2022-04-05,19.19647979736328,21.170000076293945,22.239999771118164,20.969999313354492,22.239999771118164,1320100
2022-04-06,17.954193115234375,19.799999237060547,21.1200008392334,19.75,20.90999984741211,3451100
2022-04-07,17.917922973632812,19.760000228881836,20.059999465942383,19.450000762939453,19.75,805900
2022-04-08,17.99953269958496,19.850000381469727,20.489999771118164,19.110000610351562,19.760000228881836,1014900
2022-04-11,17.555212020874023,19.360000610351562,19.940000534057617,19.25,19.5,562900
2022-04-12,17.52800750732422,19.329999923706055,20.040000915527344,19.15999984741211,19.559999465942383,489600
2022-04-13,17.500802993774414,19.299999237060547,19.739999771118164,19.209999084472656,19.40999984741211,287100
2022-04-14,17.682159423828125,19.5,20.329999923706055,19.100000381469727,19.190000534057617,666700
2022-04-18,17.364789962768555,19.149999618530273,19.579999923706055,18.93000030517578,19.40999984741211,989000
2022-04-19,17.86351776123047,19.700000762939453,19.799999237060547,18.829999923706055,19.0,547400
2022-04-20,17.809106826782227,19.639999389648438,20.229999542236328,19.579999923706055,19.690000534057617,519500
2022-04-22,17.138093948364258,18.899999618530273,19.540000915527344,18.649999618530273,19.209999084472656,627500
2022-04-25,17.011144638061523,18.760000228881836,19.200000762939453,18.34000015258789,18.670000076293945,378300
2022-04-26,16.730045318603516,18.450000762939453,18.899999618530273,18.31999969482422,18.610000610351562,540000
2022-04-27,16.530553817749023,18.229999542236328,18.829999923706055,18.139999389648438,18.790000915527344,665700
2022-04-28,16.385467529296875,18.06999969482422,18.479999542236328,17.860000610351562,18.280000686645508,553100
2022-04-29,16.27665901184082,17.950000762939453,18.780000686645508,17.950000762939453,18.3700008392334,1029000
2022-05-02,16.004623413085938,17.649999618530273,18.079999923706055,17.299999237060547,17.950000762939453,703100
2022-05-03,15.986485481262207,17.6299991607666,18.059999465942383,17.469999313354492,17.559999465942383,542800
2022-05-04,16.086231231689453,17.739999771118164,17.81999969482422,16.8700008392334,17.530000686645508,1217900
2022-05-05,15.796062469482422,17.420000076293945,17.6200008392334,16.770000457763672,17.530000686645508,1003000
2022-05-06,15.524031639099121,17.1200008392334,17.760000228881836,16.920000076293945,17.309999465942383,865600
2022-05-09,14.599117279052734,16.100000381469727,17.030000686645508,15.989999771118164,16.84000015258789,1591700
2022-05-10,14.871150970458984,16.399999618530273,16.850000381469727,15.770000457763672,16.399999618530273,828800
2022-05-11,14.426830291748047,15.90999984741211,16.5,15.829999923706055,16.5,1029200
2022-05-12,14.281744956970215,15.75,16.1200008392334,15.1899995803833,15.1899995803833,1553400
2022-05-13,15.188518524169922,16.75,17.719999313354492,15.649999618530273,15.649999618530273,3580000
2022-05-16,14.880218505859375,16.40999984741211,17.139999389648438,16.299999237060547,16.610000610351562,957900
2022-05-17,14.898353576660156,16.43000030517578,17.06999969482422,16.219999313354492,16.760000228881836,630600
2022-05-18,14.535643577575684,16.030000686645508,16.6299991607666,15.930000305175781,16.350000381469727,956500
2022-05-19,14.54471206665039,16.040000915527344,16.469999313354492,15.770000457763672,16.1200008392334,652100
2022-05-20,14.200135231018066,15.65999984741211,16.239999771118164,15.479999542236328,16.149999618530273,922100
2022-05-23,14.236407279968262,15.699999809265137,15.90999984741211,15.390000343322754,15.680000305175781,1960000
2022-05-24,14.145729064941406,15.600000381469727,15.760000228881836,15.260000228881836,15.390000343322754,2680300
2022-05-25,13.855558395385742,15.279999732971191,15.729999542236328,15.140000343322754,15.729999542236328,1099500
2022-05-26,14.372421264648438,15.850000381469727,15.899999618530273,15.149999618530273,15.380000114440918,973700
2022-05-27,14.00064468383789,15.4399995803833,16.15999984741211,15.390000343322754,15.869999885559082,614000
2022-05-30,13.49284839630127,14.880000114440918,15.710000038146973,14.8100004196167,15.600000381469727,431300
2022-05-31,13.193612098693848,14.550000190734863,15.079999923706055,14.380000114440918,15.0,1565900
2022-06-01,12.821833610534668,14.140000343322754,14.779999732971191,13.960000038146973,14.630000114440918,1911000
2022-06-02,12.876239776611328,14.199999809265137,14.600000381469727,14.130000114440918,14.239999771118164,1330200
2022-06-03,12.776495933532715,14.09000015258789,14.319999694824219,13.800000190734863,14.140000343322754,820800
2022-06-06,12.10547924041748,13.350000381469727,14.210000038146973,13.350000381469727,14.210000038146973,1172000
2022-06-07,12.123613357543945,13.369999885559082,13.529999732971191,13.050000190734863,13.289999961853027,1464100
2022-06-08,12.241496086120605,13.5,13.739999771118164,13.079999923706055,13.289999961853027,1346900
2022-06-09,12.332174301147461,13.600000381469727,13.819999694824219,13.239999771118164,13.5,1380000
2022-06-10,11.525141716003418,12.710000038146973,13.569999694824219,12.579999923706055,13.460000038146973,2086500
2022-06-13,10.663702964782715,11.760000228881836,12.4399995803833,11.75,12.4399995803833,3827100
2022-06-14,10.627431869506836,11.720000267028809,12.0,11.5,11.789999961853027,1254300
2022-06-15,10.79065227508545,11.899999618530273,12.149999618530273,11.75,11.90999984741211,2539300
2022-06-17,10.881329536437988,12.0,12.170000076293945,10.979999542236328,11.720000267028809,3785300
2022-06-20,10.854126930236816,11.970000267028809,12.09000015258789,11.319999694824219,12.0,970200
2022-06-21,10.817854881286621,11.930000305175781,12.279999732971191,11.600000381469727,12.119999885559082,1061700
2022-06-22,10.43700885772705,11.510000228881836,12.229999542236328,11.420000076293945,11.869999885559082,2747000
2022-06-23,10.554889678955078,11.640000343322754,12.050000190734863,11.34000015258789,11.529999732971191,1040800
2022-06-24,10.282856941223145,11.34000015258789,11.800000190734863,11.100000381469727,11.800000190734863,906100
2022-06-27,10.001755714416504,11.029999732971191,11.449999809265137,10.800000190734863,11.34000015258789,1714400
2022-06-28,9.648111343383789,10.640000343322754,11.149999618530273,10.300000190734863,11.109999656677246,3192100
2022-06-29,9.348875045776367,10.3100004196167,10.720000267028809,9.989999771118164,10.640000343322754,2363400
2022-06-30,9.149383544921875,10.09000015258789,10.380000114440918,9.890000343322754,10.0,1552600
2022-07-01,9.385148048400879,10.350000381469727,10.479999542236328,9.710000038146973,10.010000228881836,2748300
2022-07-04,9.12218189239502,10.0600004196167,10.40999984741211,10.020000457763672,10.260000228881836,599300
2022-07-05,9.040573120117188,9.970000267028809,10.010000228881836,9.630000114440918,10.0,1275200
2022-07-06,9.113114356994629,10.050000190734863,10.34000015258789,9.699999809265137,9.960000038146973,2750200
2022-07-07,9.61184310913086,10.600000381469727,10.710000038146973,10.0,10.149999618530273,5378100
2022-07-08,9.54836654663086,10.529999732971191,10.920000076293945,10.34000015258789,10.5600004196167,5665800
2022-07-11,9.27633285522461,10.229999542236328,10.420000076293945,9.90999984741211,10.329999923706055,1919600
2022-07-12,9.61184310913086,10.600000381469727,10.890000343322754,10.0600004196167,10.229999542236328,1823000
2022-07-13,9.55743408203125,10.539999961853027,10.760000228881836,10.260000228881836,10.5,1892600
2022-07-14,9.729721069335938,10.729999542236328,10.890000343322754,10.069999694824219,10.4399995803833,1892100
2022-07-15,9.61184310913086,10.600000381469727,10.859999656677246,10.5,10.720000267028809,996300
2022-07-18,9.475824356079102,10.449999809265137,10.899999618530273,10.350000381469727,10.850000381469727,1264900
2022-07-19,9.711586952209473,10.710000038146973,10.8100004196167,10.430000305175781,10.479999542236328,734000
2022-07-20,10.14684009552002,11.1899995803833,11.5,10.649999618530273,10.729999542236328,1273500
2022-07-21,10.04709529876709,11.079999923706055,11.25,10.960000038146973,11.199999809265137,2096000
2022-07-22,9.666247367858887,10.65999984741211,11.15999984741211,10.510000228881836,11.079999923706055,725600
2022-07-25,9.738789558410645,10.739999771118164,11.0600004196167,10.4399995803833,10.760000228881836,1415100
2022-07-26,9.729721069335938,10.729999542236328,10.850000381469727,10.460000038146973,10.789999961853027,532900
2022-07-27,10.237518310546875,11.289999961853027,11.380000114440918,10.75,10.75,711000
2022-07-28,10.663702964782715,11.760000228881836,11.859999656677246,11.170000076293945,11.319999694824219,1139800
2022-07-29,10.464210510253906,11.539999961853027,11.869999885559082,11.470000267028809,11.770000457763672,466000
2022-08-01,10.400737762451172,11.470000267028809,11.670000076293945,11.279999732971191,11.550000190734863,1183500
2022-08-02,10.15590763092041,11.199999809265137,11.600000381469727,11.199999809265137,11.520000457763672,440000
2022-08-03,10.826923370361328,11.9399995803833,12.109999656677246,11.210000038146973,11.25,1344800
2022-08-04,12.205224990844727,13.460000038146973,13.779999732971191,12.020000457763672,12.020000457763672,3410400
2022-08-05,12.2142915725708,13.470000267028809,13.569999694824219,12.65999984741211,13.470000267028809,1794100
2022-08-08,12.359376907348633,13.630000114440918,14.15999984741211,13.4399995803833,13.5600004196167,1474500
2022-08-09,11.543277740478516,12.729999542236328,13.760000228881836,12.670000076293945,13.720000267028809,1422100
2022-08-10,12.522597312927246,13.8100004196167,14.1899995803833,12.869999885559082,12.930000305175781,2845300
2022-08-11,12.468191146850586,13.75,14.039999961853027,13.5,13.850000381469727,1149900
2022-08-12,13.148272514343262,14.5,14.5,13.720000267028809,13.890000343322754,1526900
2022-08-15,13.964373588562012,15.399999618530273,15.619999885559082,14.279999732971191,14.390000343322754,1910200
2022-08-16,13.737679481506348,15.149999618530273,15.680000305175781,14.779999732971191,15.539999961853027,1432300
2022-08-17,14.236407279968262,15.699999809265137,15.800000190734863,15.0,15.0,2331700
2022-08-18,14.535643577575684,16.030000686645508,16.579999923706055,15.399999618530273,15.800000190734863,2388500
2022-08-19,13.828356742858887,15.25,15.8100004196167,15.140000343322754,15.800000190734863,1522700
2022-08-22,13.510984420776367,14.899999618530273,15.239999771118164,14.8100004196167,15.0600004196167,1392400
2022-08-23,14.073187828063965,15.520000457763672,15.630000114440918,14.619999885559082,14.850000381469727,913200
2022-08-24,14.771406173706055,16.290000915527344,16.700000762939453,15.3100004196167,15.579999923706055,1614700
2022-08-25,14.843948364257812,16.3700008392334,16.799999237060547,16.020000457763672,16.440000534057617,1350600
2022-08-26,14.454031944274902,15.9399995803833,16.530000686645508,15.859999656677246,16.3799991607666,922400
2022-08-29,14.644455909729004,16.149999618530273,16.56999969482422,15.75,15.819999694824219,1350200
2022-08-30,13.973441123962402,15.40999984741211,16.559999465942383,15.34000015258789,16.209999084472656,1423200
2022-08-31,15.088775634765625,16.639999389648438,16.739999771118164,15.40999984741211,15.420000076293945,3604900
2022-09-01,14.780471801757812,16.299999237060547,16.68000030517578,15.890000343322754,16.649999618530273,2299500
2022-09-02,15.016233444213867,16.559999465942383,16.889999389648438,16.079999923706055,16.450000762939453,5444400
2022-09-05,15.233860969543457,16.799999237060547,17.020000457763672,16.530000686645508,16.670000076293945,950800
2022-09-06,14.24547290802002,15.710000038146973,16.799999237060547,15.489999771118164,16.649999618530273,2348100
2022-09-08,14.345219612121582,15.819999694824219,16.139999389648438,15.399999618530273,15.760000228881836,535700
2022-09-09,14.417760848999023,15.899999618530273,16.59000015258789,15.59000015258789,15.9399995803833,1423400
2022-09-12,14.490303039550781,15.979999542236328,16.450000762939453,15.899999618530273,16.059999465942383,1307200
2022-09-13,13.891830444335938,15.319999694824219,15.979999542236328,15.180000305175781,15.75,933000
2022-09-14,14.05505084991455,15.5,15.729999542236328,15.109999656677246,15.270000457763672,561400
2022-09-15,13.828356742858887,15.25,15.680000305175781,15.100000381469727,15.5,703700
2022-09-16,13.973441123962402,15.40999984741211,15.40999984741211,14.369999885559082,15.079999923706055,4287800
2022-09-19,14.191067695617676,15.649999618530273,15.850000381469727,15.1899995803833,15.270000457763672,613500
2022-09-20,13.701406478881836,15.109999656677246,15.850000381469727,15.0600004196167,15.579999923706055,1214300
2022-09-21,13.420307159423828,14.800000190734863,15.239999771118164,14.399999618530273,15.119999885559082,1693900
2022-09-22,14.145729064941406,15.600000381469727,15.640000343322754,14.710000038146973,15.010000228881836,1374900
2022-09-23,13.946236610412598,15.380000114440918,15.520000457763672,15.149999618530273,15.34000015258789,995900
2022-09-26,13.420307159423828,14.800000190734863,15.4399995803833,14.680000305175781,15.270000457763672,952500
2022-09-27,13.266155242919922,14.630000114440918,15.199999809265137,14.550000190734863,15.010000228881836,630100
2022-09-28,13.510984420776367,14.899999618530273,15.100000381469727,14.550000190734863,14.699999809265137,705600
2022-09-29,13.293357849121094,14.65999984741211,14.800000190734863,14.350000381469727,14.710000038146973,1125400
2022-09-30,13.783016204833984,15.199999809265137,15.380000114440918,14.34000015258789,14.5600004196167,1739700
2022-10-03,14.617254257202148,16.1200008392334,16.600000381469727,15.579999923706055,15.680000305175781,1950600
2022-10-04,14.40869426727295,15.890000343322754,16.489999771118164,15.619999885559082,16.280000686645508,1273000
2022-10-05,13.964373588562012,15.399999618530273,16.040000915527344,15.329999923706055,15.960000038146973,560300
2022-10-06,14.94369125366211,16.479999542236328,16.479999542236328,15.319999694824219,15.510000228881836,1446900
2022-10-07,15.233860969543457,16.799999237060547,17.079999923706055,16.399999618530273,16.489999771118164,1360400
2022-10-10,14.671660423278809,16.18000030517578,16.799999237060547,16.049999237060547,16.799999237060547,528000
2022-10-11,14.145729064941406,15.600000381469727,16.280000686645508,15.5,16.1299991607666,894500
2022-10-13,14.46310043334961,15.949999809265137,16.020000457763672,15.020000457763672,15.420000076293945,503100
2022-10-14,14.10038948059082,15.550000190734863,16.030000686645508,15.239999771118164,16.030000686645508,962000
2022-10-17,14.236407279968262,15.699999809265137,15.989999771118164,15.510000228881836,15.680000305175781,238300
2022-10-18,14.580982208251953,16.079999923706055,16.1200008392334,15.609999656677246,15.9399995803833,306400
2022-10-19,14.490303039550781,15.979999542236328,16.100000381469727,15.680000305175781,16.100000381469727,380800
2022-10-20,14.508439064025879,16.0,16.530000686645508,15.5,16.079999923706055,2997000
2022-10-21,14.825810432434082,16.350000381469727,16.790000915527344,15.84000015258789,15.9399995803833,2014500
2022-10-24,14.018778800964355,15.460000038146973,16.1299991607666,15.4399995803833,16.079999923706055,811600
2022-10-25,14.290811538696289,15.760000228881836,16.290000915527344,15.25,15.369999885559082,1951800
2022-10-26,13.98250961303711,15.420000076293945,15.970000267028809,15.239999771118164,15.510000228881836,1249800
2022-10-27,14.771406173706055,16.290000915527344,16.459999084472656,15.399999618530273,15.529999732971191,656100
2022-10-28,15.106911659240723,16.65999984741211,16.68000030517578,15.989999771118164,16.170000076293945,768300
2022-10-31,15.71445369720459,17.329999923706055,17.860000610351562,16.200000762939453,16.200000762939453,1911500
2022-11-01,16.140636444091797,17.799999237060547,18.06999969482422,17.049999237060547,17.56999969482422,1563700
2022-11-03,16.32199478149414,18.0,18.559999465942383,17.260000228881836,17.549999237060547,2103600
2022-11-04,16.213180541992188,17.8799991607666,18.520000457763672,17.65999984741211,18.229999542236328,1069200
2022-11-07,15.333606719970703,16.90999984741211,18.0,16.579999923706055,18.0,1409300
2022-11-08,15.660046577453613,17.270000457763672,17.31999969482422,16.399999618530273,16.760000228881836,1434900
2022-11-09,15.823267936706543,17.450000762939453,17.75,17.079999923706055,17.219999313354492,981700
2022-11-10,14.417760848999023,15.899999618530273,17.34000015258789,15.449999809265137,17.34000015258789,2918700
2022-11-11,14.1366605758667,15.59000015258789,16.0,15.149999618530273,15.789999961853027,1742600
2022-11-14,14.390557289123535,15.869999885559082,16.200000762939453,15.579999923706055,15.630000114440918,2619600
2022-11-16,13.719542503356934,15.130000114440918,15.899999618530273,14.649999618530273,15.649999618530273,1643300
2022-11-17,13.88276195526123,15.3100004196167,15.359999656677246,13.84000015258789,14.569999694824219,3940000
2022-11-18,14.308947563171387,15.779999732971191,16.219999313354492,15.380000114440918,15.550000190734863,2289200
2022-11-21,14.74420166015625,16.260000228881836,16.459999084472656,15.649999618530273,15.970000267028809,1081900
2022-11-22,14.345219612121582,15.819999694824219,16.190000534057617,15.520000457763672,16.0,1145400
2022-11-23,14.05505084991455,15.5,16.040000915527344,15.329999923706055,15.819999694824219,1488100
2022-11-24,14.780471801757812,16.299999237060547,16.5,15.539999961853027,15.600000381469727,387800
2022-11-25,13.810219764709473,15.229999542236328,16.469999313354492,15.149999618530273,16.31999969482422,1243200
2022-11-28,13.610729217529297,15.010000228881836,15.359999656677246,15.010000228881836,15.239999771118164,627300
2022-11-29,14.191067695617676,15.649999618530273,15.789999961853027,15.020000457763672,15.0600004196167,775300
2022-11-30,13.76488208770752,15.180000305175781,15.949999809265137,14.989999771118164,15.720000267028809,2897900
2022-12-01,13.891830444335938,15.319999694824219,15.640000343322754,14.819999694824219,15.130000114440918,1130000
2022-12-02,14.009712219238281,15.449999809265137,15.84000015258789,15.15999984741211,15.399999618530273,443300
2022-12-05,13.692337989807129,15.100000381469727,15.489999771118164,14.850000381469727,15.40999984741211,730500
2022-12-06,13.510984420776367,14.899999618530273,15.279999732971191,14.890000343322754,15.15999984741211,611000
2022-12-07,13.102933883666992,14.449999809265137,15.1899995803833,14.449999809265137,14.859999656677246,1921800
2022-12-08,12.404715538024902,13.680000305175781,14.420000076293945,13.390000343322754,14.399999618530273,2049800
2022-12-09,12.241496086120605,13.5,13.930000305175781,13.4399995803833,13.640000343322754,1765000
2022-12-12,12.196155548095703,13.449999809265137,13.600000381469727,13.09000015258789,13.5,888200
2022-12-13,11.797175407409668,13.010000228881836,13.819999694824219,12.899999618530273,13.479999542236328,797600
2022-12-14,11.878785133361816,13.100000381469727,13.319999694824219,12.729999542236328,12.930000305175781,1319800
2022-12-15,11.788105010986328,13.0,13.4399995803833,12.800000190734863,12.930000305175781,1275800
2022-12-16,11.017346382141113,12.149999618530273,13.140000343322754,12.140000343322754,12.979999542236328,7845800
2022-12-19,11.561412811279297,12.75,13.0,12.170000076293945,12.220000267028809,1286100
2022-12-20,12.196155548095703,13.449999809265137,14.100000381469727,12.460000038146973,12.729999542236328,2211400
2022-12-21,12.069209098815918,13.3100004196167,13.619999885559082,13.039999961853027,13.449999809265137,995100
2022-12-22,11.942259788513184,13.170000076293945,13.600000381469727,12.949999809265137,13.600000381469727,607400
2022-12-23,12.849037170410156,14.170000076293945,14.489999771118164,13.09000015258789,13.180000305175781,2055400
2022-12-26,12.404715538024902,13.680000305175781,14.34000015258789,13.680000305175781,14.170000076293945,214200
2022-12-27,11.924123764038086,13.149999618530273,13.869999885559082,13.109999656677246,13.739999771118164,571200
2022-12-28,12.41378402709961,13.6899995803833,13.850000381469727,13.100000381469727,13.180000305175781,1310400
2022-12-29,12.323104858398438,13.59000015258789,14.149999618530273,13.399999618530273,13.739999771118164,886000
2023-01-02,11.543277740478516,12.729999542236328,13.40999984741211,12.479999542236328,13.40999984741211,624400
2023-01-03,11.117093086242676,12.260000228881836,13.020000457763672,12.25,12.710000038146973,1311100
2023-01-04,11.334717750549316,12.5,12.739999771118164,12.170000076293945,12.300000190734863,994200
2023-01-05,11.389124870300293,12.5600004196167,12.8100004196167,12.3100004196167,12.4399995803833,1266300
2023-01-06,11.579548835754395,12.770000457763672,12.949999809265137,12.350000381469727,12.4399995803833,1218500
2023-01-09,11.851579666137695,13.069999694824219,13.25,12.109999656677246,12.649999618530273,980800
2023-01-10,13.365899085998535,14.739999771118164,14.800000190734863,12.859999656677246,13.0,1405500
2023-01-11,13.456578254699707,14.84000015258789,15.029999732971191,14.100000381469727,14.770000457763672,1350300
2023-01-12,13.510984420776367,14.899999618530273,15.529999732971191,14.510000228881836,14.760000228881836,882000
2023-01-13,13.501916885375977,14.890000343322754,15.140000343322754,14.220000267028809,14.6899995803833,926900
2023-01-16,13.67420482635498,15.079999923706055,15.40999984741211,14.350000381469727,14.75,1408000
2023-01-17,13.61979866027832,15.020000457763672,15.6899995803833,14.850000381469727,15.100000381469727,1541300
2023-01-18,13.964373588562012,15.399999618530273,16.100000381469727,15.069999694824219,15.180000305175781,2138800
2023-01-19,14.181999206542969,15.640000343322754,15.75,14.819999694824219,15.229999542236328,1015300
2023-01-20,14.163862228393555,15.619999885559082,15.9399995803833,15.4399995803833,15.630000114440918,640600
2023-01-23,13.601662635803223,15.0,16.18000030517578,14.84000015258789,15.630000114440918,1826200
2023-01-24,13.692337989807129,15.100000381469727,15.369999885559082,15.0,15.029999732971191,424500
2023-01-25,13.846492767333984,15.270000457763672,15.710000038146973,14.770000457763672,15.039999961853027,691800
2023-01-26,14.045982360839844,15.489999771118164,15.640000343322754,15.0600004196167,15.319999694824219,458700
2023-01-27,14.209202766418457,15.670000076293945,15.819999694824219,15.34000015258789,15.470000267028809,461800
2023-01-30,14.227336883544922,15.6899995803833,16.030000686645508,15.569999694824219,15.760000228881836,618300
2023-01-31,14.390557289123535,15.869999885559082,16.34000015258789,15.800000190734863,15.819999694824219,1215600
2023-02-01,15.052506446838379,16.600000381469727,16.969999313354492,15.949999809265137,16.209999084472656,3023600
2023-02-02,15.034368515014648,16.579999923706055,17.270000457763672,16.34000015258789,16.59000015258789,1682200
2023-02-03,14.562844276428223,16.059999465942383,16.709999084472656,15.9399995803833,16.530000686645508,1143600
2023-02-06,14.553777694702148,16.049999237060547,16.559999465942383,15.970000267028809,16.1200008392334,1038900
2023-02-07,14.281744956970215,15.75,16.139999389648438,15.4399995803833,15.979999542236328,697700
2023-02-08,14.608185768127441,16.110000610351562,16.149999618530273,15.680000305175781,15.869999885559082,994800
2023-02-09,14.580982208251953,16.079999923706055,16.559999465942383,15.890000343322754,16.1200008392334,2204800
2023-02-10,14.562844276428223,16.059999465942383,16.420000076293945,15.9399995803833,16.030000686645508,261100
2023-02-13,14.390557289123535,15.869999885559082,16.270000457763672,15.710000038146973,16.030000686645508,716400
2023-02-14,14.535643577575684,16.030000686645508,16.520000457763672,15.729999542236328,16.010000228881836,2596900
2023-02-15,14.735133171081543,16.25,16.770000457763672,15.890000343322754,16.059999465942383,1495700
2023-02-16,15.134117126464844,16.690000534057617,17.09000015258789,15.890000343322754,16.25,1795100
2023-02-17,15.17038631439209,16.729999542236328,17.09000015258789,16.350000381469727,16.600000381469727,727900
2023-02-22,14.68979549407959,16.200000762939453,16.690000534057617,15.869999885559082,16.6299991607666,1003700
2023-02-23,14.626319885253906,16.1299991607666,16.520000457763672,15.949999809265137,16.25,498000
2023-02-24,14.417760848999023,15.899999618530273,16.309999465942383,15.850000381469727,16.059999465942383,465000
2023-02-27,14.499370574951172,15.989999771118164,16.299999237060547,15.569999694824219,15.829999923706055,988400
2023-02-28,14.082255363464355,15.529999732971191,16.200000762939453,15.449999809265137,16.010000228881836,783300
2023-03-01,13.49284839630127,14.880000114440918,15.699999809265137,14.520000457763672,15.699999809265137,3143500
2023-03-02,13.49284839630127,14.880000114440918,15.199999809265137,14.699999809265137,14.90999984741211,990800
2023-03-03,13.311493873596191,14.680000305175781,15.34000015258789,14.59000015258789,14.869999885559082,744900
2023-03-06,13.647001266479492,15.050000190734863,15.470000267028809,14.6899995803833,14.729999542236328,1980000
2023-03-07,13.529120445251465,14.920000076293945,15.15999984741211,14.699999809265137,15.15999984741211,923700
2023-03-08,14.336152076721191,15.8100004196167,16.100000381469727,14.9399995803833,14.9399995803833,1998000
2023-03-09,14.499370574951172,15.989999771118164,16.520000457763672,15.789999961853027,15.8100004196167,875300
2023-03-10,14.109457015991211,15.5600004196167,15.930000305175781,15.380000114440918,15.930000305175781,921200
2023-03-13,14.027847290039062,15.470000267028809,15.890000343322754,15.300000190734863,15.329999923706055,860400
2023-03-14,13.692337989807129,15.100000381469727,15.65999984741211,14.989999771118164,15.5600004196167,780600
2023-03-15,14.027847290039062,15.470000267028809,15.619999885559082,14.460000038146973,14.800000190734863,1390500
2023-03-16,15.188518524169922,16.75,16.84000015258789,15.270000457763672,15.90999984741211,2184700
2023-03-17,14.934624671936035,16.469999313354492,16.719999313354492,16.170000076293945,16.68000030517578,1689200
2023-03-20,14.444965362548828,15.930000305175781,16.59000015258789,15.859999656677246,16.579999923706055,1493700
2023-03-21,14.499370574951172,15.989999771118164,16.43000030517578,15.850000381469727,15.920000076293945,708000
2023-03-22,13.819287300109863,15.239999771118164,16.1299991607666,15.010000228881836,15.989999771118164,3559600
2023-03-23,12.522597312927246,13.8100004196167,15.5,13.220000267028809,15.300000190734863,23304800
2023-03-24,12.178021430969238,13.430000305175781,13.989999771118164,13.369999885559082,13.75,2865800
2023-03-27,12.15081787109375,13.399999618530273,13.5600004196167,13.100000381469727,13.5,1276000
2023-03-28,12.341239929199219,13.609999656677246,13.729999542236328,13.130000114440918,13.319999694824219,1313100
2023-03-29,12.060139656066895,13.300000190734863,13.989999771118164,13.010000228881836,13.989999771118164,1445500
2023-03-30,12.377511024475098,13.649999618530273,14.020000457763672,13.489999771118164,13.90999984741211,3255600
2023-03-31,12.09641170501709,13.34000015258789,13.880000114440918,13.25,13.640000343322754,1004600
2023-04-03,11.951326370239258,13.180000305175781,13.520000457763672,12.949999809265137,13.520000457763672,1590000
2023-04-04,12.468191146850586,13.75,13.789999961853027,13.039999961853027,13.119999885559082,1934100
2023-04-05,12.468191146850586,13.75,13.819999694824219,13.420000076293945,13.579999923706055,1846200
2023-04-06,12.259631156921387,13.520000457763672,13.949999809265137,13.359999656677246,13.729999542236328,3031800
2023-04-10,11.942259788513184,13.170000076293945,13.460000038146973,13.170000076293945,13.399999618530273,1052900
2023-04-11,12.767427444458008,14.079999923706055,14.529999732971191,13.390000343322754,13.390000343322754,3335100
2023-04-12,12.939715385437012,14.270000457763672,14.779999732971191,14.079999923706055,14.270000457763672,2322400
2023-04-13,13.34776496887207,14.720000267028809,15.0,13.989999771118164,14.239999771118164,1477400
2023-04-14,13.293357849121094,14.65999984741211,15.039999961853027,14.3100004196167,14.600000381469727,2426700
2023-04-17,13.311493873596191,14.680000305175781,14.949999809265137,14.460000038146973,14.640000343322754,706900
2023-04-18,13.284289360046387,14.649999618530273,15.140000343322754,14.470000267028809,14.800000190734863,2217600
2023-04-19,12.459121704101562,13.739999771118164,14.510000228881836,13.539999961853027,14.4399995803833,2561200
2023-04-20,12.885307312011719,14.210000038146973,14.420000076293945,13.550000190734863,13.6899995803833,664900
2023-04-24,13.112001419067383,14.460000038146973,14.600000381469727,13.8100004196167,13.8100004196167,1362100
2023-04-25,12.876239776611328,14.199999809265137,14.510000228881836,14.069999694824219,14.3100004196167,913700
2023-04-26,12.966917037963867,14.300000190734863,14.699999809265137,14.010000228881836,14.180000305175781,1719300
2023-04-27,13.356831550598145,14.729999542236328,14.930000305175781,14.180000305175781,14.260000228881836,636200
2023-04-28,13.828356742858887,15.25,15.449999809265137,14.649999618530273,14.819999694824219,2284400
2023-05-02,14.082255363464355,15.529999732971191,15.75,15.109999656677246,15.369999885559082,2255400
2023-05-03,14.372421264648438,15.850000381469727,15.899999618530273,15.229999542236328,15.479999542236328,1347100
2023-05-04,14.36335563659668,15.84000015258789,16.209999084472656,15.65999984741211,15.850000381469727,4761000
2023-05-05,14.68979549407959,16.200000762939453,16.56999969482422,15.770000457763672,16.0,2455800
2023-05-08,14.154797554016113,15.609999656677246,16.6299991607666,15.569999694824219,16.360000610351562,1643300
2023-05-09,14.263608932495117,15.729999542236328,16.010000228881836,15.279999732971191,15.5,3361600
2023-05-10,14.372421264648438,15.850000381469727,16.100000381469727,15.520000457763672,15.630000114440918,1926800
2023-05-11,15.0978422164917,16.649999618530273,16.709999084472656,15.640000343322754,16.0,7612800
2023-05-12,15.143183708190918,16.700000762939453,17.139999389648438,16.450000762939453,16.8799991607666,2348900
2023-05-15,15.678182601928711,17.290000915527344,17.479999542236328,16.6200008392334,16.719999313354492,2723900
2023-05-16,15.179455757141113,16.739999771118164,17.510000228881836,16.700000762939453,17.399999618530273,6044700
2023-05-17,15.48775863647461,17.079999923706055,17.139999389648438,16.670000076293945,16.90999984741211,3263000
2023-05-18,15.69631576538086,17.309999465942383,17.450000762939453,16.8700008392334,17.0,2931600
2023-05-19,15.206657409667969,16.770000457763672,17.709999084472656,16.459999084472656,17.399999618530273,5012300
2023-05-22,14.989031791687012,16.530000686645508,16.969999313354492,16.309999465942383,16.850000381469727,4265200
2023-05-23,15.07970905303955,16.6299991607666,17.049999237060547,16.229999542236328,16.350000381469727,2802800
2023-05-24,15.29733657836914,16.8700008392334,17.010000228881836,16.290000915527344,16.700000762939453,8720300
2023-05-25,16.27665901184082,17.950000762939453,18.3799991607666,16.989999771118164,17.229999542236328,6121100
2023-05-26,16.648433685302734,18.360000610351562,18.799999237060547,17.510000228881836,18.25,5694700
2023-05-29,16.702842712402344,18.420000076293945,18.6200008392334,17.81999969482422,18.530000686645508,4850100
2023-05-30,16.285724639892578,17.959999084472656,18.5,17.639999389648438,18.43000030517578,8208900
2023-05-31,17.27410888671875,19.049999237060547,19.059999465942383,17.56999969482422,17.790000915527344,7258700
2023-06-01,17.745634078979492,19.56999969482422,19.850000381469727,18.829999923706055,19.25,5628500
2023-06-02,17.138093948364258,18.899999618530273,20.079999923706055,18.75,19.899999618530273,6178600
2023-06-05,17.1924991607666,18.959999084472656,19.139999389648438,18.549999237060547,19.030000686645508,2138100
2023-06-06,17.555212020874023,19.360000610351562,19.799999237060547,19.030000686645508,19.1299991607666,2009700
2023-06-07,18.588939666748047,20.5,20.770000457763672,19.600000381469727,19.690000534057617,7867000
2023-06-09,18.806564331054688,20.739999771118164,21.100000381469727,20.440000534057617,20.5,3600100
2023-06-12,18.90631103515625,20.850000381469727,21.049999237060547,20.559999465942383,20.719999313354492,1632600
2023-06-13,18.398517608642578,20.290000915527344,21.040000915527344,20.110000610351562,20.899999618530273,2606500
2023-06-14,18.8247013092041,20.760000228881836,20.90999984741211,20.25,20.469999313354492,2373000
2023-06-15,18.960718154907227,20.90999984741211,21.200000762939453,20.469999313354492,20.770000457763672,1309500
2023-06-16,19.22368621826172,21.200000762939453,21.260000228881836,20.56999969482422,20.799999237060547,2468700
2023-06-19,18.99698829650879,20.950000762939453,21.31999969482422,20.90999984741211,21.190000534057617,1789800
2023-06-20,19.069528579711914,21.030000686645508,21.209999084472656,20.6299991607666,20.829999923706055,3073700
2023-06-21,18.688684463500977,20.610000610351562,21.040000915527344,19.780000686645508,20.81999969482422,9136200
2023-06-22,18.634275436401367,20.549999237060547,20.6200008392334,19.6299991607666,20.459999084472656,2233700
2023-06-23,19.078598022460938,21.040000915527344,21.170000076293945,20.34000015258789,20.549999237060547,3249600
2023-06-26,18.46198844909668,20.360000610351562,21.1299991607666,20.15999984741211,21.100000381469727,1741000
2023-06-27,18.135547637939453,20.0,20.75,19.280000686645508,20.549999237060547,2497700
2023-06-28,18.117412567138672,19.979999542236328,20.360000610351562,19.68000030517578,19.8700008392334,759500
2023-06-29,18.888172149658203,20.829999923706055,20.969999313354492,19.8799991607666,20.100000381469727,1400800
2023-06-30,19.49571418762207,21.5,21.829999923706055,20.829999923706055,20.979999542236328,3298100
2023-07-03,19.7858829498291,21.81999969482422,22.100000381469727,20.959999084472656,21.190000534057617,2396200
2023-07-04,19.758684158325195,21.790000915527344,22.31999969482422,21.639999389648438,21.809999465942383,1853100
2023-07-05,19.967241287231445,22.020000457763672,22.31999969482422,21.5,21.799999237060547,1051100
2023-07-06,19.631729125976562,21.649999618530273,22.079999923706055,21.459999084472656,21.739999771118164,1695700
2023-07-07,20.31181526184082,22.399999618530273,22.75,21.690000534057617,21.690000534057617,2270800
2023-07-10,19.90376853942871,21.950000762939453,22.549999237060547,21.780000686645508,22.399999618530273,1812200
2023-07-11,19.912832260131836,21.959999084472656,22.0,21.040000915527344,21.90999984741211,2592600
2023-07-12,19.885631561279297,21.93000030517578,22.360000610351562,21.739999771118164,22.040000915527344,870900
2023-07-13,19.84935760498047,21.889999389648438,22.149999618530273,21.559999465942383,22.139999389648438,1284500
2023-07-14,19.087665557861328,21.049999237060547,21.780000686645508,20.760000228881836,21.75,1803600
2023-07-17,19.84029197692871,21.8799991607666,21.8799991607666,20.68000030517578,21.1299991607666,1381800
2023-07-18,19.967241287231445,22.020000457763672,22.079999923706055,21.700000762939453,21.889999389648438,1742300
2023-07-19,19.858423233032227,21.899999618530273,22.100000381469727,21.59000015258789,22.09000015258789,915300
2023-07-20,19.713342666625977,21.739999771118164,22.149999618530273,21.739999771118164,22.0,891900
2023-07-21,19.822154998779297,21.860000610351562,22.139999389648438,21.639999389648438,21.81999969482422,1244600
2023-07-24,19.84935760498047,21.889999389648438,22.049999237060547,21.479999542236328,21.920000076293945,2096900
2023-07-25,20.275541305541992,22.360000610351562,22.780000686645508,22.149999618530273,22.149999618530273,2912600
2023-07-26,20.31181526184082,22.399999618530273,22.469999313354492,21.649999618530273,22.360000610351562,3768700
2023-07-27,20.25741195678711,22.34000015258789,22.6200008392334,22.1299991607666,22.469999313354492,1513600
2023-07-28,20.629186630249023,22.75,22.950000762939453,22.200000762939453,22.510000228881836,1920800
2023-07-31,20.72893524169922,22.860000610351562,23.270000457763672,22.6299991607666,22.84000015258789,1631500
2023-08-01,20.946556091308594,23.100000381469727,23.34000015258789,22.6200008392334,22.760000228881836,2304900
2023-08-02,21.28206443786621,23.469999313354492,23.700000762939453,22.959999084472656,22.959999084472656,1712400
2023-08-03,21.499691009521484,23.709999084472656,24.170000076293945,23.229999542236328,23.770000457763672,2699500
2023-08-04,21.880538940429688,24.1299991607666,24.170000076293945,23.5,23.559999465942383,1899900
2023-08-07,21.127914428710938,23.299999237060547,24.260000228881836,23.190000534057617,24.219999313354492,3102700
2023-08-08,21.345539093017578,23.540000915527344,24.010000228881836,22.290000915527344,23.06999969482422,4160000
2023-08-09,21.03723907470703,23.200000762939453,23.799999237060547,22.559999465942383,23.6200008392334,2199300
2023-08-10,20.40249252319336,22.5,23.729999542236328,22.459999084472656,23.31999969482422,1642800
2023-08-11,20.130462646484375,22.200000762939453,22.940000534057617,22.100000381469727,22.420000076293945,1466900
2023-08-14,19.767745971679688,21.799999237060547,22.329999923706055,21.649999618530273,22.25,1894900
2023-08-15,19.867494583129883,21.90999984741211,22.040000915527344,21.360000610351562,21.969999313354492,1549400
2023-08-16,19.858423233032227,21.899999618530273,22.389999389648438,21.780000686645508,21.950000762939453,1028900
2023-08-17,19.19647979736328,21.170000076293945,22.149999618530273,21.040000915527344,22.1200008392334,2433800
2023-08-18,19.49571418762207,21.5,21.540000915527344,20.920000076293945,21.18000030517578,2505000
2023-08-21,19.90376853942871,21.950000762939453,21.979999542236328,21.3700008392334,21.549999237060547,2693700
2023-08-22,20.97376251220703,23.1299991607666,23.31999969482422,22.06999969482422,22.079999923706055,1986500
2023-08-23,21.436216354370117,23.639999389648438,23.850000381469727,23.09000015258789,23.399999618530273,2268300
2023-08-24,21.354610443115234,23.549999237060547,23.8799991607666,23.489999771118164,23.700000762939453,1879800
2023-08-25,20.2664737701416,22.350000381469727,23.690000534057617,21.899999618530273,23.690000534057617,7009800
2023-08-28,19.858423233032227,21.899999618530273,22.329999923706055,21.440000534057617,22.31999969482422,3137000
2023-08-29,20.012577056884766,22.06999969482422,22.139999389648438,21.559999465942383,21.860000610351562,2151800
2023-08-30,19.142070770263672,21.110000610351562,22.229999542236328,20.989999771118164,21.979999542236328,3272800
2023-08-31,18.679615020751953,20.600000381469727,21.190000534057617,20.219999313354492,20.969999313354492,5597500
2023-09-01,19.84029197692871,21.8799991607666,21.8799991607666,20.639999389648438,20.639999389648438,3421400
2023-09-04,19.776817321777344,21.809999465942383,21.84000015258789,21.329999923706055,21.719999313354492,2573400
2023-09-05,19.314359664916992,21.299999237060547,22.299999237060547,21.079999923706055,22.290000915527344,5014200
2023-09-06,18.47105598449707,20.3700008392334,21.40999984741211,20.239999771118164,21.219999313354492,2189800
2023-09-08,18.72495460510254,20.649999618530273,20.649999618530273,20.020000457763672,20.209999084472656,1495200
2023-09-11,18.98792266845703,20.940000534057617,20.979999542236328,20.43000030517578,20.860000610351562,1253400
2023-09-12,19.722410202026367,21.75,21.899999618530273,20.700000762939453,20.940000534057617,2836900
2023-09-13,19.84935760498047,21.889999389648438,22.56999969482422,21.649999618530273,21.8799991607666,2983200
2023-09-14,19.713342666625977,21.739999771118164,22.200000762939453,21.639999389648438,22.09000015258789,1698900
2023-09-15,19.078598022460938,21.040000915527344,21.809999465942383,20.979999542236328,21.809999465942383,3146000
2023-09-18,19.432241439819336,21.43000030517578,21.700000762939453,20.709999084472656,20.989999771118164,2180200
2023-09-19,19.13300323486328,21.100000381469727,21.56999969482422,20.940000534057617,21.520000457763672,3405300
2023-09-20,19.205547332763672,21.18000030517578,21.90999984741211,21.18000030517578,21.200000762939453,1970300
2023-09-21,18.679615020751953,20.600000381469727,20.959999084472656,20.280000686645508,20.760000228881836,2272600
2023-09-22,18.480121612548828,20.3799991607666,20.84000015258789,20.149999618530273,20.780000686645508,1901300
2023-09-25,18.5073299407959,20.40999984741211,20.450000762939453,20.059999465942383,20.200000762939453,1100500
2023-09-26,17.954193115234375,19.799999237060547,20.520000457763672,19.690000534057617,20.200000762939453,4241100
2023-09-27,18.180891036987305,20.049999237060547,20.440000534057617,19.600000381469727,19.860000610351562,4549000
2023-09-28,18.879106521606445,20.81999969482422,21.059999465942383,19.899999618530273,20.049999237060547,2719300
2023-09-29,19.49571418762207,21.5,21.709999084472656,21.040000915527344,21.209999084472656,2679700
2023-10-02,19.48664665222168,21.489999771118164,21.780000686645508,21.239999771118164,21.559999465942383,4747500
2023-10-03,18.679615020751953,20.600000381469727,21.450000762939453,20.459999084472656,21.270000457763672,1813500
2023-10-04,19.178340911865234,21.149999618530273,21.360000610351562,20.489999771118164,20.989999771118164,1411100
2023-10-05,18.942577362060547,20.889999389648438,21.3799991607666,20.649999618530273,21.149999618530273,1170000
2023-10-06,18.72495460510254,20.649999618530273,20.760000228881836,19.940000534057617,20.59000015258789,1844700
2023-10-09,19.22368621826172,21.200000762939453,21.3700008392334,20.299999237060547,20.510000228881836,1885100
2023-10-10,19.976306915283203,22.030000686645508,22.399999618530273,21.25,21.25,2162300
2023-10-11,20.03978157043457,22.100000381469727,22.239999771118164,21.59000015258789,22.040000915527344,1341600
2023-10-13,18.74931526184082,20.350000381469727,21.690000534057617,20.350000381469727,21.690000534057617,2481600
2023-10-16,18.68482208251953,20.280000686645508,20.739999771118164,20.09000015258789,20.5,1143000
2023-10-17,18.3347110748291,19.899999618530273,20.639999389648438,19.799999237060547,20.1299991607666,2148800
2023-10-18,17.837182998657227,19.360000610351562,19.75,19.09000015258789,19.75,3917200
2023-10-19,17.791118621826172,19.309999465942383,20.049999237060547,19.309999465942383,19.3799991607666,1528200
2023-10-20,17.781902313232422,19.299999237060547,19.479999542236328,18.899999618530273,19.139999389648438,1886500
2023-10-23,18.021453857421875,19.559999465942383,19.989999771118164,19.020000457763672,19.170000076293945,1414900
2023-10-24,18.371564865112305,19.940000534057617,20.1299991607666,19.559999465942383,19.709999084472656,1163100
2023-10-25,17.827974319458008,19.350000381469727,20.079999923706055,19.280000686645508,19.940000534057617,1293200
2023-10-26,18.500551223754883,20.079999923706055,20.399999618530273,19.350000381469727,19.350000381469727,1696600
2023-10-27,17.51471519470215,19.010000228881836,20.049999237060547,18.860000610351562,20.010000228881836,2241700
2023-10-30,17.247526168823242,18.719999313354492,19.1200008392334,18.530000686645508,19.040000915527344,2307800
2023-10-31,17.846397399902344,19.3700008392334,19.5,18.40999984741211,18.709999084472656,1332900
2023-11-01,18.205720901489258,19.760000228881836,19.940000534057617,18.90999984741211,19.399999618530273,2662200
2023-11-03,19.29290771484375,20.940000534057617,21.040000915527344,20.030000686645508,20.030000686645508,2516000
2023-11-06,18.3347110748291,19.899999618530273,21.1299991607666,19.799999237060547,20.8700008392334,1663300
2023-11-07,19.200773239135742,20.84000015258789,20.920000076293945,19.709999084472656,19.920000076293945,2103900
2023-11-08,19.127065658569336,20.760000228881836,21.469999313354492,19.790000915527344,20.299999237060547,2767600
2023-11-09,19.256052017211914,20.899999618530273,21.520000457763672,20.420000076293945,20.969999313354492,2027600
2023-11-10,20.269529342651367,22.0,22.15999984741211,20.860000610351562,20.899999618530273,3621000
2023-11-13,20.269529342651367,22.0,22.06999969482422,21.559999465942383,22.020000457763672,1819400
2023-11-14,20.914470672607422,22.700000762939453,23.18000030517578,22.0,22.09000015258789,4733300
2023-11-16,21.28300666809082,23.100000381469727,23.299999237060547,22.729999542236328,22.790000915527344,2338300
2023-11-17,21.10795021057129,22.90999984741211,23.350000381469727,22.549999237060547,23.059999465942383,2436900
2023-11-20,20.813119888305664,22.59000015258789,22.989999771118164,22.469999313354492,22.889999389648438,1960800
2023-11-21,20.58278465270996,22.34000015258789,22.549999237060547,21.65999984741211,22.399999618530273,1962400
2023-11-22,20.591997146606445,22.350000381469727,23.100000381469727,21.989999771118164,22.420000076293945,1660400
2023-11-23,20.509075164794922,22.260000228881836,22.360000610351562,21.899999618530273,22.329999923706055,1091800
2023-11-24,20.11290168762207,21.829999923706055,22.100000381469727,21.459999084472656,22.100000381469727,1760200
2023-11-27,20.315593719482422,22.049999237060547,22.110000610351562,21.479999542236328,21.84000015258789,1607300
2023-11-28,20.638065338134766,22.399999618530273,22.709999084472656,21.950000762939453,22.020000457763672,1584100
2023-11-29,20.684133529663086,22.450000762939453,22.729999542236328,22.270000457763672,22.600000381469727,1838400
2023-11-30,21.329071044921875,23.149999618530273,23.149999618530273,22.489999771118164,22.6200008392334,1809900
2023-12-01,22.443897247314453,24.360000610351562,24.360000610351562,22.940000534057617,23.079999923706055,4335100
2023-12-04,21.826597213745117,23.690000534057617,24.3799991607666,23.329999923706055,24.329999923706055,1633400
2023-12-05,21.69761085510254,23.549999237060547,24.149999618530273,23.479999542236328,23.81999969482422,1299700
2023-12-06,21.688392639160156,23.540000915527344,24.040000915527344,23.450000762939453,23.549999237060547,2220000
2023-12-07,22.21356201171875,24.110000610351562,24.200000762939453,23.489999771118164,23.489999771118164,3081800
2023-12-08,22.77557945251465,24.719999313354492,24.8799991607666,23.90999984741211,24.219999313354492,2781300
2023-12-11,22.526817321777344,24.450000762939453,24.709999084472656,24.229999542236328,24.709999084472656,1602400
2023-12-12,23.05455780029297,24.920000076293945,25.1200008392334,24.139999389648438,24.5,2319800
2023-12-13,23.88718605041504,25.81999969482422,25.81999969482422,24.760000228881836,24.760000228881836,3157400
2023-12-14,23.50788116455078,25.40999984741211,26.510000228881836,25.1299991607666,25.899999618530273,6171600
2023-12-15,23.554134368896484,25.459999084472656,25.8700008392334,25.1200008392334,25.350000381469727,1712700
2023-12-18,23.332101821899414,25.219999313354492,25.6299991607666,25.139999389648438,25.450000762939453,1650900
2023-12-19,23.04530906677246,24.90999984741211,25.59000015258789,24.670000076293945,25.40999984741211,2403900
2023-12-20,23.267343521118164,25.149999618530273,25.290000915527344,24.65999984741211,24.739999771118164,1564900
2023-12-21,23.470874786376953,25.3700008392334,25.450000762939453,25.020000457763672,25.209999084472656,655000
2023-12-22,23.803924560546875,25.729999542236328,25.729999542236328,25.139999389648438,25.540000915527344,1108000
2023-12-26,23.998207092285156,25.940000534057617,26.040000915527344,25.469999313354492,25.729999542236328,1742200
2023-12-27,24.081466674804688,26.030000686645508,26.18000030517578,25.75,25.75,1296400
2023-12-28,24.081466674804688,26.030000686645508,26.260000228881836,25.6200008392334,26.09000015258789,2771200
2024-01-02,22.971294403076172,24.829999923706055,25.360000610351562,24.68000030517578,25.270000457763672,3244300
2024-01-03,23.4431209564209,25.34000015258789,25.520000457763672,24.520000457763672,24.850000381469727,2843200
2024-01-04,22.740009307861328,24.579999923706055,25.489999771118164,24.290000915527344,25.450000762939453,2643400
2024-01-05,23.1378231048584,25.010000228881836,25.399999618530273,24.450000762939453,24.6200008392334,1838900
2024-01-08,23.998207092285156,25.940000534057617,26.25,24.639999389648438,24.829999923706055,2981000
2024-01-09,23.90569305419922,25.84000015258789,26.040000915527344,25.31999969482422,25.90999984741211,2778200
2024-01-10,23.609647750854492,25.520000457763672,25.989999771118164,25.15999984741211,25.90999984741211,1978700
2024-01-11,23.4893741607666,25.389999389648438,25.729999542236328,25.18000030517578,25.59000015258789,1490100
2024-01-12,23.54488754272461,25.450000762939453,25.950000762939453,24.770000457763672,25.299999237060547,1779100
2024-01-15,23.452369689941406,25.350000381469727,25.639999389648438,24.989999771118164,25.450000762939453,4521200
2024-01-16,23.480125427246094,25.3799991607666,25.450000762939453,25.030000686645508,25.290000915527344,2048500
2024-01-17,23.415367126464844,25.309999465942383,25.559999465942383,25.040000915527344,25.350000381469727,1957100
2024-01-18,23.295095443725586,25.18000030517578,25.610000610351562,25.040000915527344,25.31999969482422,1846500
2024-01-19,23.803924560546875,25.729999542236328,25.90999984741211,25.06999969482422,25.350000381469727,1688300
2024-01-22,22.851028442382812,24.700000762939453,26.049999237060547,24.489999771118164,26.049999237060547,2199700
2024-01-23,22.915790557861328,24.770000457763672,25.149999618530273,24.3799991607666,24.790000915527344,1953000
2024-01-24,22.545732498168945,24.3700008392334,25.049999237060547,24.100000381469727,24.829999923706055,2191700
2024-01-25,22.971294403076172,24.829999923706055,24.860000610351562,24.31999969482422,24.40999984741211,2198800
2024-01-26,23.1378231048584,25.010000228881836,25.100000381469727,24.479999542236328,24.829999923706055,1134200
2024-01-29,22.943540573120117,24.799999237060547,25.170000076293945,24.670000076293945,24.850000381469727,576800
2024-01-30,22.610492706298828,24.440000534057617,24.770000457763672,24.18000030517578,24.65999984741211,910500
2024-01-31,22.43471336364746,24.25,25.15999984741211,24.25,24.350000381469727,1885900
2024-02-01,22.823274612426758,24.670000076293945,24.93000030517578,24.15999984741211,24.15999984741211,1717100
2024-02-02,22.665998458862305,24.5,24.969999313354492,24.239999771118164,24.790000915527344,2003400
2024-02-05,23.036056518554688,24.899999618530273,25.229999542236328,24.3700008392334,24.3700008392334,2273500
2024-02-06,22.554981231689453,24.3799991607666,25.139999389648438,24.280000686645508,24.979999542236328,1920100
2024-02-07,22.804767608642578,24.649999618530273,24.899999618530273,24.350000381469727,24.43000030517578,3423500
2024-02-08,22.647497177124023,24.479999542236328,24.729999542236328,23.899999618530273,24.719999313354492,1270600
2024-02-09,23.073062896728516,24.940000534057617,25.25,24.520000457763672,24.520000457763672,1451100
2024-02-14,22.536479949951172,24.360000610351562,25.059999465942383,24.18000030517578,24.809999465942383,1156000
2024-02-15,22.758512496948242,24.600000381469727,24.84000015258789,24.229999542236328,24.309999465942383,1025500
2024-02-16,22.573484420776367,24.399999618530273,24.899999618530273,24.229999542236328,24.68000030517578,1155500
2024-02-19,22.443967819213867,24.260000228881836,24.760000228881836,24.1200008392334,24.450000762939453,910900
2024-02-20,23.091564178466797,24.959999084472656,25.040000915527344,23.979999542236328,24.09000015258789,2772000
2024-02-21,22.869531631469727,24.719999313354492,25.0,24.299999237060547,25.0,2887100
2024-02-22,23.452369689941406,25.350000381469727,25.479999542236328,24.729999542236328,24.729999542236328,1212700
2024-02-23,22.684505462646484,24.520000457763672,25.43000030517578,24.360000610351562,25.360000610351562,1597500
2024-02-26,22.443967819213867,24.260000228881836,24.68000030517578,24.209999084472656,24.56999969482422,832800
2024-02-27,23.15632438659668,25.030000686645508,25.280000686645508,24.3700008392334,24.3700008392334,2479700
2024-02-28,22.59198760986328,24.420000076293945,24.90999984741211,24.190000534057617,24.90999984741211,2262200
2024-02-29,22.628992080688477,24.459999084472656,24.56999969482422,24.110000610351562,24.40999984741211,1892300
2024-03-01,23.406112670898438,25.299999237060547,25.440000534057617,24.3799991607666,24.459999084472656,2216300
2024-03-04,22.77701759338379,24.6200008392334,25.420000076293945,24.600000381469727,25.299999237060547,1371600
2024-03-05,22.943540573120117,24.799999237060547,25.270000457763672,24.59000015258789,24.6200008392334,1135600
2024-03-06,23.184080123901367,25.059999465942383,25.6299991607666,24.860000610351562,24.860000610351562,2039400
2024-03-07,22.962047576904297,24.81999969482422,25.31999969482422,24.690000534057617,24.969999313354492,2022300
2024-03-08,22.721508026123047,24.559999465942383,25.350000381469727,24.5,24.510000228881836,1133500
2024-03-11,22.638246536254883,24.469999313354492,24.940000534057617,24.209999084472656,24.520000457763672,2221600
2024-03-12,23.082317352294922,24.950000762939453,25.170000076293945,24.399999618530273,24.56999969482422,1572700
2024-03-13,23.313600540161133,25.200000762939453,25.549999237060547,24.8799991607666,24.950000762939453,1088700
2024-03-14,23.4893741607666,25.389999389648438,25.829999923706055,24.889999389648438,25.829999923706055,3778800
2024-03-15,23.332101821899414,25.219999313354492,25.760000228881836,25.18000030517578,25.5,1472200
2024-03-18,23.42461585998535,25.31999969482422,25.549999237060547,25.219999313354492,25.239999771118164,2075900
2024-03-19,23.480125427246094,25.3799991607666,25.549999237060547,25.079999923706055,25.219999313354492,1876700
2024-03-20,24.664308547973633,26.65999984741211,26.829999923706055,25.149999618530273,25.149999618530273,3344200
2024-03-21,24.997360229492188,27.020000457763672,27.239999771118164,26.299999237060547,26.850000381469727,4043600
2024-03-22,24.571792602539062,26.559999465942383,27.079999923706055,26.15999984741211,27.020000457763672,1578300
2024-03-25,24.479276657104492,26.459999084472656,26.760000228881836,26.18000030517578,26.56999969482422,788000
2024-03-26,24.36826515197754,26.34000015258789,26.729999542236328,25.950000762939453,26.3700008392334,2296400
2024-03-27,24.55329132080078,26.540000915527344,26.899999618530273,26.1299991607666,26.309999465942383,1660300
2024-03-28,24.053712844848633,26.0,26.420000076293945,25.829999923706055,26.260000228881836,4442900
2024-04-01,23.88718605041504,25.81999969482422,26.149999618530273,25.540000915527344,25.889999389648438,1140800
2024-04-02,24.28499984741211,26.25,26.459999084472656,25.670000076293945,25.670000076293945,2456900
2024-04-03,24.0999698638916,26.049999237060547,26.399999618530273,25.799999237060547,26.299999237060547,1548500
2024-04-04,24.183231353759766,26.139999389648438,26.81999969482422,25.899999618530273,26.290000915527344,1578200
2024-04-05,23.942697525024414,25.8799991607666,26.3799991607666,25.3799991607666,26.139999389648438,1497400
2024-04-08,24.266494750976562,26.229999542236328,26.350000381469727,25.760000228881836,25.8799991607666,1250400
2024-04-09,24.58104705810547,26.56999969482422,26.68000030517578,26.06999969482422,26.389999389648438,1533500
2024-04-10,24.0999698638916,26.049999237060547,26.56999969482422,25.799999237060547,26.56999969482422,1701000
2024-04-11,23.896440505981445,25.829999923706055,26.1200008392334,25.360000610351562,25.850000381469727,1914700
2024-04-12,23.036056518554688,24.899999618530273,26.110000610351562,24.799999237060547,25.709999084472656,3317100
2024-04-15,22.388456344604492,24.200000762939453,24.959999084472656,24.030000686645508,24.959999084472656,3699600
2024-04-16,22.27743911743164,24.079999923706055,24.610000610351562,23.700000762939453,24.049999237060547,2570800
2024-04-17,21.990646362304688,23.770000457763672,24.93000030517578,23.579999923706055,24.899999618530273,3582300
2024-04-18,21.68535041809082,23.440000534057617,24.350000381469727,23.200000762939453,23.770000457763672,2787300
2024-04-19,22.07390785217285,23.860000610351562,24.229999542236328,23.290000915527344,23.399999618530273,2768800
2024-04-22,22.351451873779297,24.15999984741211,24.5,23.729999542236328,23.790000915527344,1673600
2024-04-23,22.740009307861328,24.579999923706055,24.760000228881836,23.65999984741211,23.950000762939453,2007400
2024-04-24,22.721508026123047,24.559999465942383,25.059999465942383,24.270000457763672,24.700000762939453,2381200
2024-04-25,22.573484420776367,24.399999618530273,24.559999465942383,24.110000610351562,24.5,2249300
2024-04-26,23.406112670898438,25.299999237060547,25.299999237060547,24.600000381469727,24.65999984741211,3016900
2024-04-29,23.295095443725586,25.18000030517578,25.420000076293945,25.1200008392334,25.18000030517578,1221600
2024-04-30,22.37920570373535,24.190000534057617,25.059999465942383,23.979999542236328,25.049999237060547,1443400
2024-05-02,22.647497177124023,24.479999542236328,25.0,24.209999084472656,24.209999084472656,1318200
2024-05-03,23.554134368896484,25.459999084472656,25.709999084472656,25.079999923706055,25.260000228881836,2566100
2024-05-06,22.58273696899414,24.40999984741211,25.540000915527344,24.399999618530273,25.110000610351562,1583600
2024-05-07,22.693754196166992,24.530000686645508,24.670000076293945,24.149999618530273,24.149999618530273,1263600
2024-05-08,22.70301055908203,24.540000915527344,24.600000381469727,23.860000610351562,24.600000381469727,1442000
2024-05-09,21.76861000061035,23.530000686645508,24.139999389648438,23.030000686645508,24.030000686645508,4256100
2024-05-10,21.417055130004883,23.149999618530273,24.149999618530273,23.139999389648438,23.440000534057617,2806600
2024-05-13,21.139514923095703,22.850000381469727,23.350000381469727,22.739999771118164,23.040000915527344,2296800
2024-05-14,21.592832565307617,23.34000015258789,23.549999237060547,22.780000686645508,22.809999465942383,1797500
2024-05-15,21.76861000061035,23.530000686645508,23.729999542236328,23.010000228881836,23.079999923706055,1746100
2024-05-16,21.407806396484375,23.139999389648438,23.899999618530273,23.139999389648438,23.75,1160300
2024-05-17,21.50031852722168,23.239999771118164,23.309999465942383,22.989999771118164,23.18000030517578,1583800
2024-05-20,21.24127960205078,22.959999084472656,23.5,22.959999084472656,23.229999542236328,1234400
2024-05-21,21.528076171875,23.270000457763672,23.270000457763672,22.93000030517578,22.950000762939453,2359200
2024-05-22,21.213523864746094,22.93000030517578,23.290000915527344,22.799999237060547,23.260000228881836,1252400
2024-05-23,20.65843963623047,22.329999923706055,23.110000610351562,22.219999313354492,22.649999618530273,2294500
2024-05-24,20.223623275756836,21.860000610351562,22.670000076293945,21.84000015258789,22.3700008392334,2287300
2024-05-27,19.98308563232422,21.600000381469727,22.100000381469727,21.600000381469727,22.0,1429900
2024-05-28,20.35314178466797,22.0,22.309999465942383,21.75,21.770000457763672,2706400
2024-05-29,20.593679428100586,22.260000228881836,22.40999984741211,21.780000686645508,21.780000686645508,2364300
2024-05-31,20.815711975097656,22.5,22.549999237060547,22.149999618530273,22.170000076293945,2264900
2024-06-03,21.27828598022461,23.0,23.290000915527344,22.65999984741211,22.940000534057617,2850500
2024-06-04,21.019245147705078,22.719999313354492,23.34000015258789,22.600000381469727,22.959999084472656,2910000
2024-06-05,20.852720260620117,22.540000915527344,23.079999923706055,22.420000076293945,22.770000457763672,2153500
2024-06-06,21.213523864746094,22.93000030517578,22.950000762939453,22.350000381469727,22.530000686645508,5408700
2024-06-07,20.908227920532227,22.600000381469727,22.860000610351562,22.479999542236328,22.790000915527344,2625100
2024-06-10,20.29763412475586,21.940000534057617,22.6200008392334,21.809999465942383,22.610000610351562,1929300
2024-06-11,20.704696655273438,22.3799991607666,22.559999465942383,21.950000762939453,21.950000762939453,1561100
2024-06-12,20.399396896362305,22.049999237060547,22.81999969482422,21.790000915527344,22.68000030517578,2287500
2024-06-13,20.16811180114746,21.799999237060547,22.25,21.75,22.25,2151900
2024-06-14,20.10335350036621,21.729999542236328,22.0,21.520000457763672,21.799999237060547,1390400
2024-06-17,19.936826705932617,21.549999237060547,21.8799991607666,21.440000534057617,21.510000228881836,2864800
2024-06-18,19.98308563232422,21.600000381469727,21.799999237060547,21.260000228881836,21.549999237060547,1566000
2024-06-19,19.862817764282227,21.469999313354492,21.799999237060547,21.200000762939453,21.799999237060547,1553900
2024-06-20,19.918325424194336,21.530000686645508,22.18000030517578,21.530000686645508,21.6200008392334,2819000
2024-06-21,20.26062774658203,21.899999618530273,22.030000686645508,21.43000030517578,21.649999618530273,3275800
2024-06-24,20.22770118713379,21.780000686645508,22.149999618530273,21.719999313354492,22.0,1970700
2024-06-25,20.33915138244629,21.899999618530273,22.010000228881836,21.459999084472656,21.780000686645508,896100
2024-06-26,20.171981811523438,21.719999313354492,21.959999084472656,21.280000686645508,21.770000457763672,1877600
2024-06-27,20.617773056030273,22.200000762939453,22.239999771118164,21.610000610351562,21.829999923706055,1232000
2024-06-28,20.060535430908203,21.600000381469727,22.149999618530273,21.489999771118164,22.030000686645508,1595500
2024-07-01,20.246278762817383,21.799999237060547,22.25,21.530000686645508,21.90999984741211,2306200
2024-07-02,19.512582778930664,21.010000228881836,22.049999237060547,21.010000228881836,21.809999465942383,4290900
2024-07-03,20.487747192382812,22.059999465942383,22.3700008392334,21.1200008392334,21.190000534057617,2328500
2024-07-04,21.137859344482422,22.760000228881836,23.010000228881836,22.170000076293945,22.389999389648438,1868500
2024-07-05,21.407190322875977,23.049999237060547,23.360000610351562,22.479999542236328,22.850000381469727,1623400
2024-07-08,21.091419219970703,22.709999084472656,23.149999618530273,22.540000915527344,23.110000610351562,1593100
2024-07-09,21.258590698242188,22.889999389648438,23.030000686645508,22.59000015258789,22.84000015258789,863800
2024-07-10,21.36075210571289,23.0,23.389999389648438,22.719999313354492,22.719999313354492,1361300
2024-07-11,21.47220230102539,23.1200008392334,23.450000762939453,22.969999313354492,23.350000381469727,1052100
2024-07-12,21.332889556884766,22.969999313354492,23.239999771118164,22.8799991607666,23.059999465942383,1388000
2024-07-15,21.37932777404785,23.020000457763672,23.219999313354492,22.729999542236328,22.950000762939453,1123200
2024-07-16,21.128568649291992,22.75,23.600000381469727,22.75,23.0,17066600
2024-07-17,21.175006866455078,22.799999237060547,23.139999389648438,22.579999923706055,22.75,2501400
2024-07-18,20.710641860961914,22.299999237060547,22.860000610351562,22.149999618530273,22.809999465942383,2102700
2024-07-19,20.76636505126953,22.360000610351562,22.610000610351562,22.049999237060547,22.610000610351562,2036400
2024-07-22,20.66420555114746,22.25,22.709999084472656,22.059999465942383,22.43000030517578,3864400
2024-07-23,20.432024002075195,22.0,22.280000686645508,21.84000015258789,22.229999542236328,2133500
2024-07-24,19.78191375732422,21.299999237060547,22.200000762939453,21.239999771118164,22.200000762939453,3279300
2024-07-25,19.726192474365234,21.239999771118164,21.559999465942383,21.100000381469727,21.1299991607666,5031400
2024-07-26,19.59617042541504,21.100000381469727,21.3799991607666,21.010000228881836,21.1299991607666,2180300
2024-07-29,19.921226501464844,21.450000762939453,21.610000610351562,20.969999313354492,21.25,3001700
2024-07-30,19.308265686035156,20.790000915527344,21.440000534057617,20.729999542236328,21.209999084472656,2114600
2024-07-31,19.689044952392578,21.200000762939453,21.510000228881836,20.719999313354492,20.809999465942383,4048100
2024-08-01,19.19681739807129,20.670000076293945,21.459999084472656,20.639999389648438,21.0,4248800
2024-08-02,19.206104278564453,20.68000030517578,21.149999618530273,20.350000381469727,20.360000610351562,4224300
2024-08-05,19.066795349121094,20.530000686645508,20.799999237060547,19.579999923706055,19.579999923706055,3544200
2024-08-06,19.12251853942871,20.59000015258789,20.90999984741211,20.309999465942383,20.31999969482422,2144600
2024-08-07,20.10696792602539,21.649999618530273,21.649999618530273,20.600000381469727,20.600000381469727,3026400
2024-08-08,20.9799747467041,22.59000015258789,22.700000762939453,21.440000534057617,21.440000534057617,3706000
2024-08-09,21.165719985961914,22.790000915527344,23.190000534057617,22.670000076293945,22.780000686645508,3321800
2024-08-12,21.082138061523438,22.700000762939453,23.040000915527344,22.559999465942383,22.790000915527344,2018100
2024-08-13,21.407190322875977,23.049999237060547,23.260000228881836,22.549999237060547,22.549999237060547,2540100
2024-08-14,21.685808181762695,23.350000381469727,23.65999984741211,23.0,23.049999237060547,3520900
2024-08-15,22.0108642578125,23.700000762939453,23.950000762939453,23.149999618530273,23.6200008392334,2901800
2024-08-16,21.3236026763916,22.959999084472656,24.059999465942383,22.639999389648438,24.0,3800500
2024-08-19,21.722957611083984,23.389999389648438,23.6200008392334,22.639999389648438,22.639999389648438,2588400
2024-08-20,21.787965774536133,23.459999084472656,23.719999313354492,23.229999542236328,23.350000381469727,2578800
2024-08-21,21.57436180114746,23.229999542236328,23.670000076293945,23.059999465942383,23.639999389648438,2983700
2024-08-22,21.07284927368164,22.690000534057617,23.420000076293945,22.43000030517578,23.420000076293945,3725600
2024-08-23,21.639371871948242,23.299999237060547,23.510000228881836,22.510000228881836,22.809999465942383,3108500
2024-08-26,21.47220230102539,23.1200008392334,23.520000457763672,23.110000610351562,23.350000381469727,1106900
2024-08-27,21.648656845092773,23.309999465942383,23.34000015258789,22.920000076293945,22.989999771118164,1728100
2024-08-28,21.407190322875977,23.049999237060547,23.260000228881836,22.829999923706055,23.219999313354492,1600800
2024-08-29,20.831378936767578,22.43000030517578,23.290000915527344,22.350000381469727,23.290000915527344,2075200
2024-08-30,20.47846221923828,22.049999237060547,22.329999923706055,21.809999465942383,22.219999313354492,2829400
2024-09-02,20.311288833618164,21.8700008392334,22.350000381469727,21.860000610351562,22.34000015258789,1798300
2024-09-03,19.874788284301758,21.399999618530273,21.940000534057617,21.18000030517578,21.8700008392334,3692400
2024-09-04,20.571334838867188,22.149999618530273,22.440000534057617,21.350000381469727,21.389999389648438,1652600
2024-09-05,20.81280517578125,22.40999984741211,22.579999923706055,22.059999465942383,22.260000228881836,1788800
2024-09-06,20.608482360839844,22.190000534057617,22.65999984741211,22.040000915527344,22.5,2115600
2024-09-09,20.80351448059082,22.399999618530273,22.510000228881836,22.010000228881836,22.510000228881836,1001100
2024-09-10,21.05427360534668,22.670000076293945,22.790000915527344,22.170000076293945,22.309999465942383,1915800
2024-09-11,21.175006866455078,22.799999237060547,23.079999923706055,22.540000915527344,22.81999969482422,2086300
2024-09-12,20.747793197631836,22.34000015258789,22.799999237060547,22.09000015258789,22.799999237060547,1498600
2024-09-13,21.47220230102539,23.1200008392334,23.34000015258789,22.34000015258789,22.34000015258789,2804400
2024-09-16,21.35146713256836,22.989999771118164,23.479999542236328,22.75,23.15999984741211,2535300
2024-09-17,21.27716827392578,22.90999984741211,23.09000015258789,22.520000457763672,23.09000015258789,1907200
2024-09-18,21.50935173034668,23.15999984741211,23.65999984741211,22.8799991607666,22.8799991607666,1676000
2024-09-19,21.31431770324707,22.950000762939453,23.559999465942383,22.860000610351562,23.559999465942383,1894800
2024-09-20,20.432024002075195,22.0,23.09000015258789,21.860000610351562,22.989999771118164,2511700
2024-09-23,19.83763885498047,21.360000610351562,22.059999465942383,21.350000381469727,22.020000457763672,3654300
2024-09-24,20.16269302368164,21.709999084472656,21.84000015258789,21.450000762939453,21.709999084472656,1284300
2024-09-25,19.698326110839844,21.209999084472656,21.790000915527344,21.209999084472656,21.729999542236328,1141500
2024-09-26,19.902650833129883,21.43000030517578,21.68000030517578,21.25,21.450000762939453,1383900
2024-09-27,19.995521545410156,21.530000686645508,22.010000228881836,21.389999389648438,21.530000686645508,1716900
2024-09-30,19.911937713623047,21.440000534057617,21.459999084472656,21.1200008392334,21.40999984741211,1858700
2024-10-01,19.86549949645996,21.389999389648438,21.770000457763672,21.229999542236328,21.600000381469727,1120100
2024-10-02,20.19984245300293,21.75,22.049999237060547,21.489999771118164,21.649999618530273,2018800
2024-10-03,20.088396072387695,21.6299991607666,21.75,21.170000076293945,21.5,3018100
2024-10-04,20.47846221923828,22.049999237060547,22.18000030517578,21.610000610351562,21.6299991607666,1264000
2024-10-07,20.246278762817383,21.799999237060547,22.260000228881836,21.610000610351562,22.15999984741211,1525700
2024-10-08,20.710641860961914,22.299999237060547,22.360000610351562,22.020000457763672,22.040000915527344,1148800
2024-10-09,20.617773056030273,22.200000762939453,22.34000015258789,21.899999618530273,21.899999618530273,2063200
2024-10-10,20.29271697998047,21.850000381469727,22.280000686645508,21.850000381469727,22.209999084472656,1301800
2024-10-11,20.33915138244629,21.899999618530273,22.020000457763672,21.469999313354492,22.010000228881836,1153300
2024-10-14,20.645631790161133,22.229999542236328,22.489999771118164,21.84000015258789,21.899999618530273,1606300
2024-10-15,21.137859344482422,22.760000228881836,22.920000076293945,22.1200008392334,22.15999984741211,1909500
2024-10-16,21.630084991455078,23.290000915527344,23.3799991607666,22.579999923706055,22.799999237060547,3154200
2024-10-17,21.648656845092773,23.309999465942383,23.34000015258789,22.780000686645508,23.0,1446200
2024-10-18,20.80351448059082,22.399999618530273,23.56999969482422,22.389999389648438,23.3799991607666,3068700
2024-10-21,19.96765899658203,21.5,22.510000228881836,21.3799991607666,22.399999618530273,3035200
2024-10-22,19.828351974487305,21.350000381469727,21.6299991607666,21.149999618530273,21.459999084472656,2048000
2024-10-23,19.83763885498047,21.360000610351562,21.440000534057617,21.100000381469727,21.209999084472656,1546500
2024-10-24,20.246278762817383,21.799999237060547,21.899999618530273,21.020000457763672,21.3799991607666,2409100
2024-10-25,19.874788284301758,21.399999618530273,21.93000030517578,21.31999969482422,21.93000030517578,1161900
2024-10-28,20.04195785522461,21.579999923706055,21.799999237060547,21.440000534057617,21.639999389648438,1207500
2024-10-29,19.939796447753906,21.469999313354492,21.8799991607666,21.459999084472656,21.719999313354492,1204300
2024-10-30,20.497034072875977,22.06999969482422,22.170000076293945,21.520000457763672,21.6200008392334,1617000
2024-10-31,20.29271697998047,21.850000381469727,22.229999542236328,21.719999313354492,22.040000915527344,2089400
2024-11-01,19.55902099609375,21.059999465942383,22.040000915527344,21.010000228881836,22.020000457763672,1484000
2024-11-04,20.097681045532227,21.639999389648438,22.229999542236328,21.190000534057617,21.190000534057617,3102500
2024-11-05,19.96765899658203,21.5,21.709999084472656,21.260000228881836,21.5,6257200
2024-11-06,20.311288833618164,21.8700008392334,22.020000457763672,20.90999984741211,21.170000076293945,2039200
2024-11-07,19.317548751831055,20.799999237060547,22.280000686645508,20.799999237060547,21.90999984741211,3912000
2024-11-08,18.99249839782715,20.450000762939453,20.850000381469727,20.280000686645508,20.790000915527344,2543700
2024-11-11,18.732454299926758,20.170000076293945,20.719999313354492,20.079999923706055,20.6200008392334,2960400
2024-11-12,18.751028060913086,20.190000534057617,20.610000610351562,20.15999984741211,20.170000076293945,1884100
2024-11-13,18.80674934387207,20.25,20.610000610351562,19.920000076293945,20.100000381469727,2484000
2024-11-14,18.379535675048828,19.790000915527344,20.40999984741211,19.770000457763672,19.969999313354492,3600200
2024-11-18,18.13806915283203,19.530000686645508,19.950000762939453,19.489999771118164,19.739999771118164,2075900
2024-11-19,18.416685104370117,19.829999923706055,20.06999969482422,19.459999084472656,19.459999084472656,2143600
2024-11-21,18.203079223632812,19.600000381469727,19.81999969482422,19.530000686645508,19.799999237060547,1251500
2024-11-22,18.528135299682617,19.950000762939453,20.0,19.520000457763672,19.799999237060547,1129800
2024-11-25,18.69530487060547,20.1299991607666,20.5,20.040000915527344,20.100000381469727,1766700
2024-11-26,19.206104278564453,20.68000030517578,21.06999969482422,20.010000228881836,20.010000228881836,3692100
2024-11-27,17.868736267089844,19.239999771118164,20.81999969482422,19.239999771118164,20.809999465942383,4009300
2024-11-28,17.060741424560547,18.3700008392334,19.209999084472656,18.31999969482422,19.200000762939453,6535600
2024-11-29,16.921430587768555,18.219999313354492,18.479999542236328,17.649999618530273,18.280000686645508,5207000
2024-12-02,16.90285873413086,18.200000762939453,18.43000030517578,17.829999923706055,18.219999313354492,2249400
2024-12-03,17.135040283203125,18.450000762939453,18.56999969482422,18.100000381469727,18.219999313354492,2105000
2024-12-04,16.84713363647461,18.139999389648438,18.639999389648438,17.8799991607666,18.639999389648438,3109400
2024-12-05,17.357934951782227,18.690000534057617,19.1299991607666,18.200000762939453,18.200000762939453,2327200
2024-12-06,17.11646270751953,18.43000030517578,18.8700008392334,18.209999084472656,18.780000686645508,3203900
2024-12-09,16.949291229248047,18.25,18.690000534057617,18.139999389648438,18.479999542236328,1815000
2024-12-10,17.460094451904297,18.799999237060547,18.920000076293945,18.290000915527344,18.440000534057617,1490700
2024-12-11,18.017330169677734,19.399999618530273,19.950000762939453,18.760000228881836,19.0,2903800
2024-12-12,17.36722183227539,18.700000762939453,19.299999237060547,18.639999389648438,19.239999771118164,3748700
2024-12-13,17.2279109954834,18.549999237060547,19.399999618530273,18.530000686645508,18.700000762939453,3233900
2024-12-16,17.02643394470215,17.899999618530273,18.3799991607666,17.809999465942383,18.139999389648438,2865500
2024-12-17,16.978879928588867,17.850000381469727,18.309999465942383,17.610000610351562,18.0,3658800
2024-12-18,16.14181900024414,16.969999313354492,17.889999389648438,16.93000030517578,17.709999084472656,3355800
2024-12-19,16.807662963867188,17.670000076293945,17.81999969482422,16.84000015258789,16.899999618530273,4039300
2024-12-20,17.27374839782715,18.15999984741211,18.329999923706055,17.360000610351562,17.790000915527344,2868900
2024-12-23,16.35108757019043,17.190000534057617,18.09000015258789,17.190000534057617,18.049999237060547,2719200
2024-12-26,16.22743034362793,17.059999465942383,17.360000610351562,16.850000381469727,17.100000381469727,1915000
2024-12-27,16.15133285522461,16.979999542236328,17.399999618530273,16.8700008392334,17.329999923706055,1498900
2024-12-30,16.132312774658203,16.959999084472656,17.219999313354492,16.649999618530273,16.93000030517578,2443300
2025-01-02,15.818415641784668,16.6299991607666,16.8799991607666,16.43000030517578,16.729999542236328,3426700
2025-01-03,15.88499927520752,16.700000762939453,16.8799991607666,16.56999969482422,16.6299991607666,2019300
2025-01-06,16.493764877319336,17.34000015258789,17.469999313354492,16.799999237060547,16.799999237060547,2851400
2025-01-07,17.016925811767578,17.889999389648438,18.170000076293945,17.459999084472656,17.510000228881836,2718400
2025-01-08,16.46523094177246,17.309999465942383,17.860000610351562,17.229999542236328,17.809999465942383,3016800
2025-01-09,16.636444091796875,17.489999771118164,17.760000228881836,17.260000228881836,17.290000915527344,1765800
2025-01-10,16.645957946777344,17.5,17.829999923706055,17.270000457763672,17.5,1884900
2025-01-13,16.503278732299805,17.350000381469727,17.549999237060547,17.280000686645508,17.540000915527344,1777400
2025-01-14,16.836196899414062,17.700000762939453,17.84000015258789,17.170000076293945,17.350000381469727,1698200
2025-01-15,17.50203514099121,18.399999618530273,18.600000381469727,17.75,17.75,3436700
2025-01-16,17.08350944519043,17.959999084472656,18.440000534057617,17.920000076293945,18.389999389648438,2597100
2025-01-17,17.03594970703125,17.90999984741211,18.190000534057617,17.739999771118164,17.959999084472656,2618000
2025-01-20,17.13106918334961,18.010000228881836,18.420000076293945,17.739999771118164,17.81999969482422,2390500
2025-01-21,17.549596786499023,18.450000762939453,18.540000915527344,17.940000534057617,17.959999084472656,2886300
2025-01-22,17.987144470214844,18.90999984741211,19.110000610351562,18.290000915527344,18.290000915527344,3574500
2025-01-23,17.682762145996094,18.59000015258789,18.989999771118164,18.559999465942383,18.8799991607666,2659800
2025-01-24,17.768369674682617,18.68000030517578,19.0,18.5,18.68000030517578,1261000
2025-01-27,18.301042556762695,19.239999771118164,19.440000534057617,18.56999969482422,18.59000015258789,2261000
2025-01-28,18.215431213378906,19.149999618530273,19.270000457763672,18.989999771118164,19.209999084472656,1828400
2025-01-29,18.025196075439453,18.950000762939453,19.239999771118164,18.950000762939453,19.149999618530273,2501200
2025-01-30,18.652984619140625,19.610000610351562,19.8799991607666,19.020000457763672,19.200000762939453,3101400
2025-01-31,18.529327392578125,19.479999542236328,19.760000228881836,19.329999923706055,19.610000610351562,3542800
2025-02-03,18.672008514404297,19.6299991607666,20.0,19.350000381469727,19.770000457763672,2839900
2025-02-04,18.50079345703125,19.450000762939453,19.670000076293945,19.190000534057617,19.56999969482422,2040700
2025-02-05,18.243968963623047,19.18000030517578,19.549999237060547,18.959999084472656,19.5,1392700
2025-02-06,18.348602294921875,19.290000915527344,19.479999542236328,19.020000457763672,19.149999618530273,1902300
2025-02-07,17.48301124572754,18.3799991607666,19.489999771118164,18.149999618530273,19.489999771118164,5454600
2025-02-10,16.90278434753418,17.770000457763672,18.739999771118164,17.739999771118164,18.399999618530273,6875000
2025-02-11,17.720809936523438,18.6299991607666,18.65999984741211,17.3700008392334,17.719999313354492,4559500
2025-02-12,17.65422821044922,18.559999465942383,18.729999542236328,18.09000015258789,18.540000915527344,3273600
2025-02-13,17.692276000976562,18.600000381469727,18.670000076293945,18.329999923706055,18.559999465942383,3106500
2025-02-14,18.424697875976562,19.3700008392334,19.440000534057617,18.559999465942383,18.59000015258789,3439400
2025-02-17,18.928831100463867,19.899999618530273,20.31999969482422,19.270000457763672,19.459999084472656,4321600
2025-02-18,18.86224937438965,19.829999923706055,20.040000915527344,19.520000457763672,19.889999389648438,4318800
2025-02-19,18.595911026000977,19.549999237060547,19.889999389648438,19.25,19.8700008392334,2765500
2025-02-20,18.729080200195312,19.690000534057617,19.780000686645508,19.299999237060547,19.600000381469727,1593100
2025-02-21,18.491281509399414,19.440000534057617,19.799999237060547,19.299999237060547,19.790000915527344,3780000
2025-02-24,17.749347686767578,18.65999984741211,19.549999237060547,18.520000457763672,19.420000076293945,3459300
2025-02-25,17.606666564941406,18.510000228881836,18.700000762939453,18.31999969482422,18.639999389648438,2635100
2025-02-26,17.264232635498047,18.149999618530273,18.739999771118164,18.010000228881836,18.739999771118164,2114200
2025-02-27,17.283262252807617,18.170000076293945,18.299999237060547,17.979999542236328,18.049999237060547,2533000
2025-02-28,16.9693660736084,17.84000015258789,18.3799991607666,17.530000686645508,18.239999771118164,7226000
2025-03-05,17.093019485473633,17.969999313354492,18.010000228881836,17.510000228881836,17.6200008392334,2333800
2025-03-06,17.492525100708008,18.389999389648438,18.639999389648438,17.959999084472656,17.969999313354492,2417800
2025-03-07,17.996660232543945,18.920000076293945,19.09000015258789,18.1299991607666,18.3799991607666,2221500
2025-03-10,17.88251304626465,18.799999237060547,19.030000686645508,18.649999618530273,18.84000015258789,2766800
2025-03-11,18.053730010986328,18.979999542236328,19.079999923706055,18.700000762939453,18.700000762939453,2560100
2025-03-12,18.186899185180664,19.1200008392334,19.299999237060547,18.860000610351562,18.899999618530273,2287500
2025-03-13,18.35811424255371,19.299999237060547,19.479999542236328,18.479999542236328,19.040000915527344,3915200
2025-03-14,18.73859405517578,19.700000762939453,20.040000915527344,19.290000915527344,19.350000381469727,3017900
2025-03-17,19.014442443847656,19.989999771118164,20.31999969482422,19.6200008392334,19.93000030517578,2870500
2025-03-18,18.957366943359375,19.93000030517578,20.229999542236328,19.739999771118164,19.899999618530273,1895900
2025-03-19,19.642229080200195,20.649999618530273,20.969999313354492,19.90999984741211,20.0,4562600
2025-03-20,19.575645446777344,20.579999923706055,21.079999923706055,20.489999771118164,20.530000686645508,2998800
2025-03-21,19.528085708618164,20.530000686645508,20.90999984741211,20.489999771118164,20.530000686645508,4183300
2025-03-24,19.499549865722656,20.5,20.93000030517578,20.420000076293945,20.540000915527344,2578700
2025-03-25,19.849353790283203,20.799999237060547,21.309999465942383,20.469999313354492,20.469999313354492,3366500
2025-03-26,19.811182022094727,20.760000228881836,21.170000076293945,20.700000762939453,20.8799991607666,1874900
2025-03-27,20.393301010131836,21.3700008392334,21.459999084472656,20.649999618530273,20.84000015258789,4015200
2025-03-28,20.374216079711914,21.350000381469727,21.59000015258789,21.09000015258789,21.3700008392334,4761400
2025-03-31,19.48672103881836,20.420000076293945,21.5,20.420000076293945,21.309999465942383,3627000
2025-04-01,19.64895248413086,20.59000015258789,20.969999313354492,20.280000686645508,20.56999969482422,2643400
2025-04-02,19.83980941772461,20.790000915527344,21.0,20.5,20.520000457763672,1726800
2025-04-03,20.164270401000977,21.1299991607666,21.360000610351562,20.68000030517578,20.790000915527344,4950900
2025-04-04,19.276775360107422,20.200000762939453,20.760000228881836,19.959999084472656,20.760000228881836,3052000
2025-04-07,19.257688522338867,20.18000030517578,20.610000610351562,19.520000457763672,19.719999313354492,2737500
2025-04-08,19.400833129882812,20.329999923706055,20.90999984741211,20.219999313354492,20.219999313354492,2902900
2025-04-09,19.868436813354492,20.81999969482422,21.389999389648438,19.959999084472656,20.100000381469727,4287700
2025-04-10,19.897066116333008,20.850000381469727,21.139999389648438,20.59000015258789,20.690000534057617,4838500
2025-04-11,20.622331619262695,21.610000610351562,21.75,20.959999084472656,21.059999465942383,4486600
2025-04-14,21.0517635345459,22.059999465942383,22.299999237060547,21.84000015258789,21.889999389648438,4406900
2025-04-15,21.166278839111328,22.18000030517578,22.34000015258789,21.809999465942383,21.809999465942383,2621100
2025-04-16,21.376224517822266,22.399999618530273,22.65999984741211,21.959999084472656,21.959999084472656,2814700
2025-04-17,22.044233322143555,23.100000381469727,23.100000381469727,22.40999984741211,22.440000534057617,3187700
2025-04-22,22.1873779296875,23.25,23.6299991607666,22.90999984741211,22.989999771118164,4418400
2025-04-23,22.511838912963867,23.59000015258789,23.709999084472656,23.420000076293945,23.6200008392334,3160500
2025-04-24,23.074871063232422,24.18000030517578,24.40999984741211,23.520000457763672,23.520000457763672,4275800
2025-04-25,23.036699295043945,24.139999389648438,24.280000686645508,23.729999542236328,24.239999771118164,2827600
2025-04-28,23.284818649291992,24.399999618530273,24.559999465942383,23.989999771118164,24.06999969482422,2643300
2025-04-29,23.399333953857422,24.520000457763672,24.8799991607666,24.389999389648438,24.540000915527344,4254300
2025-04-30,23.33253288269043,24.450000762939453,24.639999389648438,24.170000076293945,24.3700008392334,6348600
2025-05-02,22.979442596435547,24.079999923706055,24.579999923706055,23.959999084472656,24.459999084472656,12904500
2025-05-05,23.141672134399414,24.25,24.579999923706055,23.959999084472656,24.280000686645508,8063600
2025-05-06,22.397323608398438,23.469999313354492,24.5,23.219999313354492,24.34000015258789,7668800
2025-05-07,22.48320770263672,23.559999465942383,23.68000030517578,22.899999618530273,23.600000381469727,4262300
2025-05-08,22.30189323425293,23.3700008392334,23.940000534057617,22.459999084472656,22.850000381469727,8236100
2025-05-09,21.242624282836914,22.260000228881836,22.579999923706055,22.059999465942383,22.329999923706055,121193800
2025-05-12,21.185367584228516,22.200000762939453,22.469999313354492,21.950000762939453,22.299999237060547,8764100
2025-05-13,21.56708335876465,22.600000381469727,22.899999618530273,22.25,22.280000686645508,17299700
2025-05-14,21.338054656982422,22.360000610351562,22.84000015258789,22.25,22.610000610351562,15198800
2025-05-15,21.90108871459961,22.950000762939453,23.350000381469727,22.489999771118164,22.510000228881836,8082700
2025-05-16,22.168291091918945,23.229999542236328,23.260000228881836,22.579999923706055,22.809999465942383,6342300
2025-05-19,22.693153381347656,23.780000686645508,23.950000762939453,22.8700008392334,23.170000076293945,7021300
2025-05-20,22.950815200805664,24.049999237060547,24.049999237060547,23.479999542236328,23.649999618530273,2942300
2025-05-21,21.986976623535156,23.040000915527344,24.149999618530273,23.010000228881836,24.149999618530273,5507200
2025-05-22,22.0824031829834,23.139999389648438,23.420000076293945,22.809999465942383,22.90999984741211,4549700
2025-05-23,22.216005325317383,23.280000686645508,23.280000686645508,22.209999084472656,22.6200008392334,3539600
2025-05-26,22.502294540405273,23.579999923706055,23.84000015258789,23.200000762939453,23.200000762939453,2956900
2025-05-27,23.437503814697266,24.559999465942383,24.729999542236328,24.049999237060547,24.270000457763672,6501400
2025-05-28,23.189388275146484,24.299999237060547,24.68000030517578,24.100000381469727,24.68000030517578,4006500
2025-05-29,22.8362979888916,23.93000030517578,24.399999618530273,23.770000457763672,24.149999618530273,3062400
2025-05-30,22.912643432617188,24.010000228881836,24.010000228881836,23.3799991607666,23.920000076293945,4938500
2025-06-02,23.141672134399414,24.25,24.420000076293945,23.90999984741211,24.270000457763672,3498200
2025-06-03,23.695165634155273,24.829999923706055,24.989999771118164,24.059999465942383,24.139999389648438,3507800
2025-06-04,23.790592193603516,24.93000030517578,25.389999389648438,24.899999618530273,24.989999771118164,4436900
2025-06-05,23.761964797973633,24.899999618530273,25.149999618530273,24.729999542236328,24.989999771118164,3312800
2025-06-06,23.198930740356445,24.309999465942383,24.84000015258789,23.989999771118164,24.700000762939453,4515500
2025-06-09,23.141672134399414,24.25,24.389999389648438,23.809999465942383,24.3700008392334,2375600
2025-06-10,23.475677490234375,24.600000381469727,24.889999389648438,24.399999618530273,24.420000076293945,2833900
2025-06-11,23.33253288269043,24.450000762939453,24.770000457763672,24.229999542236328,24.600000381469727,4801300
2025-06-12,23.580646514892578,24.709999084472656,24.729999542236328,24.100000381469727,24.1299991607666,2206500
2025-06-13,23.065326690673828,24.170000076293945,24.559999465942383,24.06999969482422,24.559999465942383,3165700
2025-06-16,23.387392044067383,24.440000534057617,24.770000457763672,24.15999984741211,24.450000762939453,4330300
2025-06-17,23.129016876220703,24.170000076293945,24.700000762939453,23.860000610351562,24.56999969482422,2740000
2025-06-18,23.18643569946289,24.229999542236328,24.700000762939453,23.780000686645508,24.56999969482422,3506400
2025-06-20,22.880218505859375,23.90999984741211,24.049999237060547,23.639999389648438,23.920000076293945,12061100
2025-06-23,22.803661346435547,23.829999923706055,24.059999465942383,23.56999969482422,24.0,3297800
2025-06-24,23.368249893188477,24.420000076293945,24.540000915527344,23.829999923706055,23.829999923706055,5004300
2025-06-25,23.138587951660156,24.18000030517578,24.3700008392334,23.899999618530273,24.09000015258789,3253900
2025-06-26,23.741453170776367,24.809999465942383,24.90999984741211,24.1200008392334,24.1200008392334,2881500
2025-06-27,23.243850708007812,24.290000915527344,24.770000457763672,24.209999084472656,24.459999084472656,2314000
2025-06-30,23.77016258239746,24.84000015258789,24.84000015258789,24.200000762939453,24.200000762939453,2068200
2025-07-01,23.530929565429688,24.59000015258789,25.06999969482422,24.31999969482422,24.899999618530273,3734800
2025-07-02,22.105100631713867,23.100000381469727,24.649999618530273,22.809999465942383,24.649999618530273,12482800
2025-07-03,22.34433364868164,23.350000381469727,23.59000015258789,22.959999084472656,23.229999542236328,5539900
2025-07-04,22.35390281677246,23.360000610351562,23.5,23.079999923706055,23.420000076293945,2685600
2025-07-07,22.21036148071289,23.209999084472656,23.440000534057617,23.06999969482422,23.3799991607666,4006800
2025-07-08,21.971128463745117,22.959999084472656,23.25,22.81999969482422,23.25,3054600
2025-07-09,21.865867614746094,22.850000381469727,22.969999313354492,22.6299991607666,22.959999084472656,2549700
2025-07-10,21.75103759765625,22.729999542236328,22.860000610351562,22.280000686645508,22.530000686645508,2937000
2025-07-11,21.645776748657227,22.6200008392334,22.729999542236328,22.15999984741211,22.40999984741211,3920700
2025-07-14,21.56922149658203,22.540000915527344,22.809999465942383,22.25,22.760000228881836,2830600
2025-07-15,21.894575119018555,22.8799991607666,23.1200008392334,22.540000915527344,22.6200008392334,2732500
2025-07-16,21.607498168945312,22.579999923706055,23.0,22.31999969482422,22.950000762939453,3089700
2025-07-17,21.617067337036133,22.59000015258789,22.719999313354492,22.15999984741211,22.43000030517578,3473300
2025-07-18,21.0046329498291,21.950000762939453,22.489999771118164,21.719999313354492,22.239999771118164,5280500
2025-07-21,20.602720260620117,21.530000686645508,22.020000457763672,21.459999084472656,21.969999313354492,4782600
2025-07-22,20.30607032775879,21.219999313354492,21.770000457763672,21.100000381469727,21.549999237060547,4759200
2025-07-23,20.669706344604492,21.600000381469727,21.739999771118164,21.100000381469727,21.100000381469727,4217900
2025-07-24,20.172101974487305,21.079999923706055,21.200000762939453,20.829999923706055,21.15999984741211,5576200
2025-07-25,20.038131713867188,20.940000534057617,21.190000534057617,20.90999984741211,21.149999618530273,2639000
2025-07-28,19.99028205871582,20.889999389648438,21.15999984741211,20.6200008392334,21.030000686645508,2920200
2025-07-29,19.89459228515625,20.790000915527344,21.040000915527344,20.770000457763672,20.959999084472656,2529800
2025-07-30,20.191240310668945,21.100000381469727,21.280000686645508,20.479999542236328,20.610000610351562,2535700
2025-07-31,19.827606201171875,20.719999313354492,21.020000457763672,20.6200008392334,20.979999542236328,4994100
2025-08-01,20.04770278930664,20.950000762939453,21.3700008392334,20.809999465942383,21.229999542236328,4693300
2025-08-04,20.152963638305664,21.059999465942383,21.350000381469727,20.889999389648438,21.170000076293945,4195700
2025-08-05,20.286935806274414,21.200000762939453,21.530000686645508,20.950000762939453,21.229999542236328,2161000
2025-08-06,20.621858596801758,21.549999237060547,21.81999969482422,21.1299991607666,21.389999389648438,5043900
2025-08-07,22.229501724243164,23.229999542236328,23.399999618530273,22.350000381469727,22.530000686645508,18127000
2025-08-08,22.459165573120117,23.469999313354492,23.739999771118164,22.860000610351562,22.860000610351562,5511500
2025-08-11,22.430458068847656,23.440000534057617,23.850000381469727,23.209999084472656,23.360000610351562,3897800
2025-08-12,22.67926025390625,23.700000762939453,23.920000076293945,23.389999389648438,23.540000915527344,2194600
2025-08-13,21.93285369873047,22.920000076293945,23.84000015258789,22.8799991607666,23.709999084472656,3092100
2025-08-14,22.35390281677246,23.360000610351562,23.6299991607666,22.729999542236328,22.760000228881836,3845700
2025-08-15,22.55485725402832,23.56999969482422,23.780000686645508,23.219999313354492,23.350000381469727,3331200
2025-08-18,23.02375602722168,24.059999465942383,24.399999618530273,23.559999465942383,23.690000534057617,3218600
2025-08-19,22.29648780822754,23.299999237060547,23.860000610351562,23.059999465942383,23.600000381469727,3057900
2025-08-20,22.15294647216797,23.149999618530273,23.260000228881836,22.959999084472656,23.229999542236328,1772400
2025-08-21,21.808452606201172,22.790000915527344,23.149999618530273,22.639999389648438,22.860000610351562,2104200
2025-08-22,22.28691864013672,23.290000915527344,23.739999771118164,22.739999771118164,22.969999313354492,3733300
2025-08-25,22.698396682739258,23.719999313354492,23.84000015258789,23.190000534057617,23.309999465942383,3243900
2025-08-26,22.602706909179688,23.6200008392334,24.06999969482422,23.520000457763672,23.719999313354492,2208000
2025-08-27,23.06203269958496,24.100000381469727,24.100000381469727,23.56999969482422,23.729999542236328,1531300
2025-08-28,23.41609764099121,24.469999313354492,24.899999618530273,24.25,24.450000762939453,2345100
2025-08-29,23.358680725097656,24.40999984741211,24.68000030517578,24.219999313354492,24.479999542236328,7640900
2025-09-01,23.550067901611328,24.610000610351562,24.770000457763672,24.329999923706055,24.6200008392334,2024800
2025-09-02,23.34911346435547,24.399999618530273,24.579999923706055,24.110000610351562,24.25,1997400
2025-09-03,23.253419876098633,24.299999237060547,24.649999618530273,24.09000015258789,24.239999771118164,1838500
2025-09-04,23.34911346435547,24.399999618530273,24.559999465942383,24.190000534057617,24.389999389648438,1392000
2025-09-05,24.191211700439453,25.280000686645508,25.360000610351562,24.649999618530273,24.959999084472656,4214100
2025-09-08,23.550067901611328,24.610000610351562,25.34000015258789,24.56999969482422,25.270000457763672,4537100
2025-09-09,23.176864624023438,24.219999313354492,24.799999237060547,24.020000457763672,24.690000534057617,2992000
2025-09-10,23.387392044067383,24.440000534057617,24.6299991607666,24.15999984741211,24.299999237060547,2221600
2025-09-11,24.057239532470703,25.139999389648438,25.43000030517578,24.440000534057617,24.600000381469727,3525200
2025-09-12,24.353891372680664,25.450000762939453,25.450000762939453,24.690000534057617,24.920000076293945,3238300
2025-09-15,24.53287696838379,25.56999969482422,25.979999542236328,25.170000076293945,25.270000457763672,2298800
2025-09-16,24.81111717224121,25.860000610351562,26.170000076293945,25.610000610351562,25.799999237060547,3421200
2025-09-17,24.96462631225586,26.020000457763672,26.459999084472656,25.700000762939453,26.020000457763672,2197300
2025-09-18,24.935840606689453,25.989999771118164,26.190000534057617,25.790000915527344,26.020000457763672,1005300
2025-09-19,25.386777877807617,26.459999084472656,26.530000686645508,25.649999618530273,26.149999618530273,6613700
2025-09-22,25.060571670532227,26.1200008392334,26.219999313354492,25.399999618530273,26.0,2589200
2025-09-23,25.329212188720703,26.399999618530273,26.530000686645508,25.649999618530273,26.15999984741211,2046300
2025-09-24,24.83989906311035,25.889999389648438,26.479999542236328,25.889999389648438,26.469999313354492,2283400
2025-09-25,24.638416290283203,25.68000030517578,25.959999084472656,25.489999771118164,25.860000610351562,3090600
2025-09-26,25.214080810546875,26.280000686645508,26.299999237060547,25.700000762939453,25.940000534057617,2816000
2025-09-29,25.645828247070312,26.729999542236328,27.170000076293945,26.510000228881836,26.93000030517578,4006800
2025-09-30,25.597856521606445,26.68000030517578,27.520000457763672,26.559999465942383,27.479999542236328,3645700
2025-10-01,25.175701141357422,26.239999771118164,27.049999237060547,26.110000610351562,26.940000534057617,3997700
2025-10-02,24.31220817565918,25.34000015258789,26.3700008392334,25.209999084472656,26.34000015258789,4420400
2025-10-03,24.523283004760742,25.559999465942383,25.600000381469727,25.190000534057617,25.34000015258789,3301600
2025-10-06,24.23545265197754,25.260000228881836,25.639999389648438,25.040000915527344,25.600000381469727,2096200
2025-10-07,23.602222442626953,24.600000381469727,25.149999618530273,24.06999969482422,25.0,6677400
2025-10-08,23.81329917907715,24.81999969482422,25.139999389648438,24.520000457763672,24.940000534057617,7607500
2025-10-09,23.54465675354004,24.540000915527344,25.040000915527344,24.31999969482422,24.90999984741211,3112100
2025-10-10,23.362361907958984,24.350000381469727,24.719999313354492,23.8799991607666,24.649999618530273,2420200
2025-10-13,23.563844680786133,24.559999465942383,24.700000762939453,24.399999618530273,24.399999618530273,2408100
2025-10-14,23.659788131713867,24.65999984741211,24.799999237060547,24.350000381469727,24.440000534057617,1943200
2025-10-15,24.417747497558594,25.450000762939453,25.610000610351562,24.110000610351562,24.200000762939453,5565200
2025-10-16,23.8037052154541,24.809999465942383,25.450000762939453,24.809999465942383,25.450000762939453,2590400
2025-10-17,24.00518798828125,25.020000457763672,25.059999465942383,24.559999465942383,24.75,6079000
2025-10-20,24.3026123046875,25.329999923706055,25.6299991607666,25.020000457763672,25.020000457763672,2630400
2025-10-21,24.1107234954834,25.1299991607666,25.6299991607666,24.93000030517578,25.020000457763672,2413600
2025-10-22,24.484907150268555,25.520000457763672,25.760000228881836,24.959999084472656,25.239999771118164,2549700
2025-10-23,24.58085060119629,25.6200008392334,25.989999771118164,25.389999389648438,25.850000381469727,1480400
2025-10-24,24.80152130126953,25.850000381469727,26.09000015258789,25.6299991607666,25.6299991607666,1583700
2025-10-27,24.600038528442383,25.639999389648438,26.450000762939453,25.469999313354492,26.290000915527344,1965700
2025-10-28,24.101131439208984,25.1200008392334,25.989999771118164,24.860000610351562,25.639999389648438,4141300
2025-10-29,23.938026428222656,24.950000762939453,25.450000762939453,24.829999923706055,25.25,3535600
2025-10-30,24.1586971282959,25.18000030517578,25.239999771118164,24.459999084472656,24.81999969482422,5390500
2025-10-31,24.1586971282959,25.18000030517578,25.530000686645508,24.809999465942383,25.270000457763672,3396100
2025-11-03,23.81329917907715,24.81999969482422,25.59000015258789,24.780000686645508,25.559999465942383,2856100
2025-11-04,24.05315589904785,25.06999969482422,25.18000030517578,24.530000686645508,24.860000610351562,2213300
2025-11-05,24.436933517456055,25.469999313354492,25.469999313354492,24.8700008392334,25.06999969482422,4086300
2025-11-06,23.314388275146484,24.299999237060547,25.059999465942383,24.010000228881836,24.690000534057617,15205900
2025-11-07,23.71735382080078,24.719999313354492,24.850000381469727,24.280000686645508,24.299999237060547,5489000
2025-11-10,23.477493286132812,24.469999313354492,25.110000610351562,24.270000457763672,24.8799991607666,4569400
2025-11-11,24.369773864746094,25.399999618530273,25.5,24.559999465942383,24.75,4082200
2025-11-12,23.84208106994629,24.850000381469727,25.440000534057617,24.549999237060547,25.200000762939453,10487900
2025-11-13,23.323984146118164,24.309999465942383,24.979999542236328,24.139999389648438,24.770000457763672,3691700
2025-11-14,23.506277084350586,24.5,24.780000686645508,24.079999923706055,24.389999389648438,4436300
2025-11-17,23.02655601501465,24.0,24.5,23.829999923706055,24.3799991607666,3724100
2025-11-18,22.892236709594727,23.860000610351562,23.950000762939453,23.389999389648438,23.790000915527344,3659300
2025-11-19,23.467897415161133,24.459999084472656,24.530000686645508,24.149999618530273,24.350000381469727,42677700
2025-11-21,23.007368087768555,23.979999542236328,24.469999313354492,23.860000610351562,24.469999313354492,3047300
2025-11-24,23.180068969726562,24.15999984741211,24.56999969482422,23.8799991607666,24.0,6880500
2025-11-25,23.650192260742188,24.649999618530273,24.68000030517578,24.079999923706055,24.290000915527344,3340300
2025-11-26,24.561660766601562,25.600000381469727,25.610000610351562,24.579999923706055,24.700000762939453,5623800
2025-11-27,24.76314353942871,25.809999465942383,25.899999618530273,25.459999084472656,25.520000457763672,1578300
2025-11-28,25.1852970123291,26.25,26.440000534057617,25.719999313354492,25.719999313354492,5803000
2025-12-01,24.703697204589844,25.74803924560547,26.23497772216797,25.43004035949707,26.175352096557617,4352909
2025-12-02,25.428312301635742,26.50328826904297,26.632476806640625,25.797727584838867,26.036226272583008,5937313
2025-12-03,25.304365158081055,26.374101638793945,26.73185157775879,26.225038528442383,26.642414093017578,3712606
2025-12-04,26.028980255126953,27.129350662231445,27.387725830078125,26.453601837158203,26.50328826904297,5771376
2025-12-05,23.88373565673828,24.893415451049805,27.179039001464844,24.833791732788086,27.039913177490234,8233264
2025-12-08,24.14025115966797,24.309999465942383,24.8799991607666,23.68000030517578,24.8799991607666,7659800
2025-12-09,23.80262565612793,23.969999313354492,24.40999984741211,23.31999969482422,24.020000457763672,5444500
2025-12-10,23.68346405029297,23.850000381469727,24.040000915527344,23.56999969482422,23.860000610351562,4290800
2025-12-11,23.96150779724121,24.1299991607666,24.350000381469727,23.649999618530273,23.8700008392334,4125700
2025-12-12,24.527528762817383,24.700000762939453,24.760000228881836,23.649999618530273,23.8700008392334,4084200
2025-12-15,24.964454650878906,25.139999389648438,25.399999618530273,24.68000030517578,25.059999465942383,3262500
2025-12-16,23.325977325439453,23.489999771118164,24.639999389648438,23.479999542236328,24.399999618530273,7960300
2025-12-17,22.889049530029297,23.049999237060547,23.489999771118164,22.549999237060547,23.360000610351562,7969600
2025-12-18,22.720233917236328,22.8799991607666,23.1299991607666,22.649999618530273,22.829999923706055,4170000
2025-12-19,23.028072357177734,23.190000534057617,23.479999542236328,22.780000686645508,22.809999465942383,7605200
2025-12-22,22.581212997436523,22.739999771118164,23.200000762939453,22.639999389648438,23.040000915527344,2720300
2025-12-23,23.34583854675293,23.510000228881836,23.559999465942383,22.729999542236328,22.739999771118164,3525200
2025-12-26,23.157163619995117,23.31999969482422,23.479999542236328,23.18000030517578,23.479999542236328,2088600
2025-12-29,22.918840408325195,23.079999923706055,23.309999465942383,22.920000076293945,23.18000030517578,2088500
2025-12-30,23.13730239868164,23.299999237060547,23.43000030517578,23.100000381469727,23.190000534057617,2169500
2026-01-02,22.819538116455078,22.979999542236328,23.43000030517578,22.770000457763672,23.420000076293945,4231600
2026-01-05,23.405418395996094,23.56999969482422,23.6299991607666,22.739999771118164,22.969999313354492,3829400
2026-01-06,23.16709327697754,23.329999923706055,24.100000381469727,23.139999389648438,23.799999237060547,4865300
2026-01-07,22.968488693237305,23.1299991607666,23.40999984741211,22.559999465942383,23.399999618530273,4956900
2026-01-08,23.157163619995117,23.31999969482422,23.350000381469727,23.0,23.010000228881836,1679000
2026-01-09,23.03800392150879,23.200000762939453,23.68000030517578,23.059999465942383,23.209999084472656,3655000
2026-01-12,22.839397430419922,23.0,23.209999084472656,22.799999237060547,23.200000762939453,2907200
2026-01-13,22.49184226989746,22.649999618530273,23.020000457763672,22.530000686645508,23.020000457763672,3828200
2026-01-14,22.601076126098633,22.760000228881836,23.030000686645508,22.5,22.850000381469727,3293300
2026-01-15,20.754060745239258,20.899999618530273,23.100000381469727,20.530000686645508,22.979999542236328,23492700
2026-01-16,20.585248947143555,20.729999542236328,21.18000030517578,20.56999969482422,21.1200008392334,10420900
2026-01-19,20.754060745239258,20.899999618530273,20.979999542236328,20.530000686645508,20.739999771118164,3566200
2026-01-20,20.773921966552734,20.920000076293945,21.149999618530273,20.670000076293945,20.850000381469727,6559200
2026-01-21,21.349872589111328,21.5,21.770000457763672,21.0,21.299999237060547,7102700
2026-01-22,21.747079849243164,21.899999618530273,22.440000534057617,21.649999618530273,21.760000228881836,7466300
2026-01-23,21.87617301940918,22.030000686645508,22.219999313354492,21.799999237060547,21.989999771118164,6937700
2026-01-26,21.73714828491211,21.889999389648438,22.270000457763672,21.59000015258789,22.270000457763672,6435500
2026-01-27,22.362751007080078,22.520000457763672,23.190000534057617,22.440000534057617,22.700000762939453,9718000
2026-01-28,22.7996768951416,22.959999084472656,23.149999618530273,22.389999389648438,22.84000015258789,7364900
2026-01-29,22.29323959350586,22.450000762939453,23.1200008392334,21.950000762939453,23.1200008392334,8577900
2026-01-30,21.985401153564453,22.139999389648438,22.690000534057617,22.059999465942383,22.479999542236328,6417000
2026-02-02,22.362751007080078,22.520000457763672,22.540000915527344,21.979999542236328,22.34000015258789,5646300
2026-02-03,22.382610321044922,22.540000915527344,23.3799991607666,22.540000915527344,22.799999237060547,6156300
2026-02-04,21.856311798095703,22.010000228881836,22.68000030517578,21.809999465942383,22.360000610351562,4521500
2026-02-05,21.81658935546875,21.969999313354492,22.520000457763672,21.889999389648438,22.06999969482422,3634600
2026-02-06,21.65770721435547,21.809999465942383,22.010000228881836,21.469999313354492,22.0,7583900
2026-02-09,21.677566528320312,21.829999923706055,22.0,21.549999237060547,21.8799991607666,4050400
2026-02-10,21.69742774963379,21.850000381469727,22.100000381469727,21.56999969482422,21.700000762939453,4737600
2026-02-11,21.61798858642578,21.770000457763672,22.049999237060547,21.350000381469727,21.68000030517578,7766000
2026-02-12,20.694480895996094,20.84000015258789,21.959999084472656,20.739999771118164,21.700000762939453,12382300
2026-02-13,20.535598754882812,20.68000030517578,20.860000610351562,20.280000686645508,20.440000534057617,15511100
2026-02-18,20.734201431274414,20.8799991607666,21.059999465942383,20.639999389648438,20.690000534057617,4491400
2026-02-19,21.151268005371094,21.299999237060547,21.43000030517578,20.809999465942383,20.950000762939453,5469400
2026-02-20,21.300222396850586,21.450000762939453,21.489999771118164,20.920000076293945,21.139999389648438,5308300
2026-02-23,20.60511016845703,20.75,21.1299991607666,20.729999542236328,21.0,51029700
2026-02-24,21.121479034423828,21.270000457763672,21.309999465942383,20.850000381469727,20.8799991607666,9340900
2026-02-25,20.545530319213867,20.690000534057617,21.5,20.530000686645508,21.399999618530273,6437400
2026-02-26,20.65475845336914,20.799999237060547,20.8700008392334,20.389999389648438,20.639999389648438,8888000
2026-02-27,20.058950424194336,20.200000762939453,20.809999465942383,20.190000534057617,20.799999237060547,7392700
2026-03-02,19.870277404785156,20.010000228881836,20.219999313354492,19.670000076293945,20.030000686645508,7529600
2026-03-03,19.17516326904297,19.309999465942383,19.56999969482422,18.860000610351562,19.239999771118164,9858800
2026-03-04,19.304256439208984,19.440000534057617,19.8799991607666,19.18000030517578,19.469999313354492,7462200
2026-03-05,18.75809669494629,18.889999389648438,19.479999542236328,18.670000076293945,19.25,6551000
2026-03-06,18.668725967407227,18.799999237060547,19.280000686645508,18.610000610351562,18.940000534057617,6097000
2026-03-09,18.56942367553711,18.700000762939453,18.81999969482422,18.329999923706055,18.65999984741211,10375700
2026-03-10,18.60914421081543,18.739999771118164,19.200000762939453,18.579999923706055,18.989999771118164,9464100
2026-03-11,19.02621078491211,19.15999984741211,20.020000457763672,18.5,18.600000381469727,12083000
2026-03-12,18.16228675842285,18.290000915527344,18.920000076293945,18.06999969482422,18.889999389648438,10110500
2026-03-13,18.053056716918945,18.18000030517578,18.700000762939453,18.139999389648438,18.329999923706055,11516500
2026-03-16,18.400611877441406,18.530000686645508,18.84000015258789,18.329999923706055,18.420000076293945,5532000
2026-03-17,18.60914421081543,18.739999771118164,19.010000228881836,18.440000534057617,18.5,4798900
2026-03-18,18.360891342163086,18.489999771118164,18.899999618530273,18.469999313354492,18.510000228881836,4451300
2026-03-19,18.519773483276367,18.649999618530273,18.899999618530273,17.989999771118164,18.0,6994400
2026-03-20,18.01333236694336,18.139999389648438,18.639999389648438,17.920000076293945,18.5,5826300
2026-03-23,18.90705108642578,19.040000915527344,19.139999389648438,18.440000534057617,18.440000534057617,5418300
2026-03-24,18.732797622680664,18.799999237060547,19.09000015258789,18.270000457763672,18.950000762939453,5793700
2026-03-25,19.320688247680664,19.389999389648438,19.6299991607666,18.8799991607666,19.030000686645508,6713100
2026-03-26,18.6829776763916,18.75,19.18000030517578,18.56999969482422,19.0,4113400
2026-03-27,18.364120483398438,18.43000030517578,18.780000686645508,18.309999465942383,18.75,8017400
2026-03-30,18.453800201416016,18.520000457763672,18.809999465942383,18.299999237060547,18.559999465942383,6654900
2026-03-31,19.091510772705078,19.15999984741211,19.25,18.59000015258789,18.989999771118164,9112200
2026-04-01,19.420331954956055,19.489999771118164,19.579999923706055,19.149999618530273,19.18000030517578,6513200
2026-04-02,19.02176284790039,19.09000015258789,19.479999542236328,18.549999237060547,18.709999084472656,6992300
2026-04-06,18.65308380126953,18.719999313354492,19.350000381469727,18.649999618530273,19.350000381469727,3155900
2026-04-07,18.623191833496094,18.690000534057617,18.780000686645508,18.170000076293945,18.649999618530273,6733300
2026-04-08,19.31072425842285,19.3799991607666,19.670000076293945,19.139999389648438,19.670000076293945,7854500
2026-04-09,19.33065414428711,19.399999618530273,19.610000610351562,19.040000915527344,19.540000915527344,7076200
2026-04-10,18.872299194335938,18.940000534057617,19.700000762939453,18.850000381469727,19.649999618530273,6408300
2026-04-13,18.78261947631836,18.850000381469727,19.020000457763672,18.6200008392334,18.860000610351562,5133800
2026-04-14,18.932083129882812,19.0,19.049999237060547,18.729999542236328,19.0,6801700
2026-04-15,18.51358413696289,18.579999923706055,19.079999923706055,18.56999969482422,18.93000030517578,5985600
2026-04-16,18.184764862060547,18.25,18.739999771118164,18.079999923706055,18.690000534057617,6318800
2026-04-17,18.663047790527344,18.729999542236328,19.040000915527344,18.510000228881836,18.75,7379700
2026-04-20,18.752727508544922,18.81999969482422,18.860000610351562,18.440000534057617,18.719999313354492,6154400
2026-04-22,18.623191833496094,18.690000534057617,19.0,18.530000686645508,18.6299991607666,8720900
2026-04-23,18.184764862060547,18.25,18.84000015258789,18.149999618530273,18.770000457763672,9151700
2026-04-24,17.935657501220703,18.0,18.34000015258789,17.84000015258789,18.15999984741211,7195300
2026-04-27,17.377660751342773,17.440000534057617,18.09000015258789,17.440000534057617,18.0,5633000
2026-04-28,17.038875579833984,17.100000381469727,17.270000457763672,16.989999771118164,17.229999542236328,8216300
2026-04-29,16.68016242980957,16.739999771118164,17.190000534057617,16.6200008392334,17.020000457763672,7869600
2026-04-30,17.208267211914062,17.270000457763672,17.440000534057617,16.719999313354492,16.90999984741211,10977900
2026-05-04,16.939231872558594,17.0,17.440000534057617,16.75,17.399999618530273,5824400
2026-05-05,17.626766204833984,17.690000534057617,17.81999969482422,16.850000381469727,16.850000381469727,9239200
2026-05-06,18.115015029907227,18.18000030517578,18.239999771118164,17.719999313354492,17.940000534057617,8238200
2026-05-07,20.227436065673828,20.299999237060547,20.809999465942383,19.6299991607666,19.6299991607666,32563800
2026-05-08,20.147722244262695,20.219999313354492,21.030000686645508,20.190000534057617,20.25,13873500
2026-05-11,19.33065414428711,19.399999618530273,20.209999084472656,19.110000610351562,20.040000915527344,9641200
2026-05-12,19.669437408447266,19.739999771118164,19.84000015258789,19.190000534057617,19.280000686645508,7325200
2026-05-13,18.692941665649414,18.760000228881836,19.780000686645508,18.610000610351562,19.760000228881836,10207700
2026-05-14,18.742761611938477,18.809999465942383,19.219999313354492,18.719999313354492,19.09000015258789,4521600
2026-05-15,18.64311981201172,18.709999084472656,18.799999237060547,18.299999237060547,18.299999237060547,5189000
2026-05-18,18.483692169189453,18.549999237060547,18.860000610351562,18.479999542236328,18.739999771118164,3862100
2026-05-19,18.503620147705078,18.56999969482422,18.780000686645508,18.079999923706055,18.100000381469727,4768700
2026-05-20,19.47015380859375,19.540000915527344,19.719999313354492,18.610000610351562,18.610000610351562,7542700
2026-05-21,19.430295944213867,19.5,19.75,19.100000381469727,19.389999389648438,5944300
2026-05-22,18.88226318359375,18.950000762939453,19.649999618530273,18.950000762939453,19.360000610351562,3912500
2026-05-25,19.350582122802734,19.420000076293945,19.549999237060547,19.049999237060547,19.149999618530273,3510700
2026-05-26,18.99186897277832,19.059999465942383,19.43000030517578,18.889999389648438,19.229999542236328,6496100
2026-05-27,18.5733699798584,18.639999389648438,19.43000030517578,18.600000381469727,19.329999923706055,3748000
2026-05-28,18.663047790527344,18.729999542236328,19.020000457763672,18.440000534057617,18.600000381469727,3847100
2026-05-29,18.463764190673828,18.530000686645508,18.850000381469727,18.450000762939453,18.799999237060547,4143400
2026-06-01,18.284406661987305,18.350000381469727,18.729999542236328,18.1200008392334,18.530000686645508,4291400
2026-06-02,18.53351402282715,18.600000381469727,18.8799991607666,18.469999313354492,18.469999313354492,3886100
2026-06-03,18.16483497619629,18.229999542236328,18.43000030517578,17.93000030517578,18.1299991607666,6817600
2026-06-05,18.489999771118164,18.489999771118164,18.760000228881836,18.09000015258789,18.200000762939453,8861500
2026-06-08,18.299999237060547,18.299999237060547,18.59000015258789,18.299999237060547,18.40999984741211,4630100
2026-06-09,18.799999237060547,18.799999237060547,19.010000228881836,18.43000030517578,18.450000762939453,6451800
2026-06-10,18.770000457763672,18.770000457763672,18.979999542236328,18.65999984741211,18.690000534057617,3860400
2026-06-11,19.350000381469727,19.350000381469727,19.389999389648438,18.530000686645508,18.6200008392334,8504300
2026-06-12,18.93000030517578,18.93000030517578,19.56999969482422,18.84000015258789,19.040000915527344,4299000
2026-06-15,18.65999984741211,18.65999984741211,19.6200008392334,18.65999984741211,19.25,6350500
2026-06-16,18.639999389648438,18.639999389648438,18.790000915527344,18.299999237060547,18.6299991607666,4420300
2026-06-17,18.959999084472656,18.959999084472656,19.350000381469727,18.670000076293945,18.700000762939453,6585900
2026-06-18,18.760000228881836,18.760000228881836,19.110000610351562,18.65999984741211,18.809999465942383,4107600
2026-06-19,18.670000076293945,18.670000076293945,18.979999542236328,18.5,18.639999389648438,3513500
2026-06-22,18.93000030517578,18.93000030517578,19.219999313354492,18.709999084472656,18.709999084472656,8635600
2026-06-23,18.850000381469727,18.850000381469727,18.93000030517578,18.670000076293945,18.700000762939453,2364000
2026-06-24,18.770000457763672,18.770000457763672,19.149999618530273,18.68000030517578,18.68000030517578,4797400
2026-06-25,19.110000610351562,19.110000610351562,19.399999618530273,18.780000686645508,18.920000076293945,4676400
2026-06-26,19.420000076293945,19.420000076293945,19.489999771118164,18.959999084472656,19.110000610351562,4356200
