Price,Adj Close,Close,High,Low,Open,Volume
Ticker,GGBR4.SA,GGBR4.SA,GGBR4.SA,GGBR4.SA,GGBR4.SA,GGBR4.SA
Date,,,,,,
2021-08-02,16.595691680908203,24.388887405395508,24.896825790405273,24.30952262878418,24.865079879760742,11736144
2021-08-03,17.03853416442871,25.039682388305664,25.05555534362793,24.16666603088379,24.404760360717773,22878198
2021-08-04,17.070941925048828,25.08730125427246,25.460317611694336,24.603174209594727,25.079364776611328,27359388
2021-08-05,16.601099014282227,24.396825790405273,25.071428298950195,24.134920120239258,25.071428298950195,17910144
2021-08-06,16.93592643737793,24.888887405395508,24.95237922668457,24.41269874572754,24.41269874572754,14160636
2021-08-09,16.71990966796875,24.571428298950195,24.75396728515625,24.269840240478516,24.44444465637207,12377358
2021-08-10,17.141143798828125,25.190475463867188,25.396825790405273,24.619047164916992,24.66666603088379,23513868
2021-08-11,17.324764251708984,25.460317611694336,25.507936477661133,24.904760360717773,25.28571319580078,14225778
2021-08-12,17.087139129638672,25.11111068725586,25.603174209594727,25.047618865966797,25.261903762817383,12331872
2021-08-13,16.914321899414062,24.857141494750977,25.206348419189453,24.73015785217285,25.095237731933594,8046738
2021-08-16,16.38507652282715,24.079364776611328,24.746030807495117,23.825395584106445,24.746030807495117,17261370
2021-08-17,15.917716026306152,22.9761905670166,23.603174209594727,22.865079879760742,23.603174209594727,14345352
2021-08-18,15.780256271362305,22.77777671813965,23.30952262878418,22.373014450073242,22.634920120239258,22783068
2021-08-19,15.252415657043457,22.015872955322266,22.428571701049805,21.801586151123047,22.14285659790039,32333112
2021-08-20,15.202933311462402,21.94444465637207,22.373014450073242,21.825395584106445,22.19841194152832,18207126
2021-08-23,15.312897682189941,22.103174209594727,22.5,21.94444465637207,21.94444465637207,13545252
2021-08-24,15.884726524353027,22.928571701049805,23.174602508544922,22.78571319580078,22.857141494750977,20396880
2021-08-25,15.972698211669922,23.05555534362793,23.293649673461914,22.817459106445312,22.92063331604004,11909520
2021-08-26,15.637303352355957,22.571428298950195,22.9841251373291,22.41269874572754,22.896825790405273,13053726
2021-08-27,15.917716026306152,22.9761905670166,23.119047164916992,22.650793075561523,22.849206924438477,12590550
2021-08-30,15.774758338928223,22.769840240478516,23.214284896850586,22.619047164916992,23.05555534362793,10722726
2021-08-31,15.571320533752441,22.4761905670166,22.857141494750977,22.301586151123047,22.72222137451172,14925456
2021-09-01,15.477848052978516,22.34126853942871,22.66666603088379,21.714284896850586,22.22222137451172,10826676
2021-09-02,15.059972763061523,21.738094329833984,22.603174209594727,21.706348419189453,22.317459106445312,15507072
2021-09-03,15.054476737976074,21.73015785217285,22.41269874572754,21.595237731933594,22.095237731933594,15634458
2021-09-06,15.224926948547363,21.9761905670166,22.14285659790039,21.22222137451172,21.4841251373291,9165366
2021-09-08,14.873030662536621,21.468252182006836,22.365079879760742,21.357141494750977,21.9761905670166,20657700
2021-09-09,15.070969581604004,21.75396728515625,22.16666603088379,21.5,21.69841194152832,19204794
2021-09-10,15.01048755645752,21.66666603088379,22.365079879760742,21.66666603088379,22.22222137451172,11106018
2021-09-13,15.125955581665039,21.833332061767578,22.428571701049805,21.682538986206055,22.182538986206055,14666526
2021-09-14,15.147947311401367,21.865079879760742,22.150793075561523,21.674602508544922,21.936506271362305,10631124
2021-09-15,15.026984214782715,21.690475463867188,22.0,21.44444465637207,21.91269874572754,21221424
2021-09-16,14.515633583068848,20.95237922668457,21.507936477661133,20.738094329833984,21.45237922668457,24674706
2021-09-17,13.5259370803833,19.5238094329834,20.95237922668457,19.468252182006836,20.793649673461914,44515674
2021-09-20,13.3994722366333,19.34126853942871,19.45237922668457,18.619047164916992,18.80952262878418,23357124
2021-09-21,13.278507232666016,19.16666603088379,19.53174591064453,18.650793075561523,19.53174591064453,25796610
2021-09-22,14.053777694702148,20.28571319580078,20.80952262878418,20.119047164916992,20.238094329833984,36018738
2021-09-23,14.845535278320312,21.428571701049805,21.64285659790039,19.91269874572754,20.365079879760742,28533204
2021-09-24,14.63659954071045,21.126983642578125,21.30952262878418,20.738094329833984,20.936506271362305,17291106
2021-09-27,14.691583633422852,21.206348419189453,21.55555534362793,20.80952262878418,21.27777671813965,32080608
2021-09-28,14.278837203979492,20.317459106445312,20.928571701049805,20.206348419189453,20.746030807495117,19745712
2021-09-29,14.540987014770508,20.690475463867188,20.960317611694336,20.365079879760742,20.539682388305664,20418048
2021-09-30,15.115488052368164,21.507936477661133,22.174602508544922,20.94444465637207,21.0,29339856
2021-10-01,15.450142860412598,21.9841251373291,22.14285659790039,21.460317611694336,21.603174209594727,21572712
2021-10-04,15.137795448303223,21.539682388305664,22.261903762817383,21.5238094329834,21.738094329833984,16753464
2021-10-05,15.059706687927246,21.428571701049805,21.92063331604004,21.373014450073242,21.78571319580078,10294578
2021-10-06,14.758515357971191,21.0,21.5,20.634920120239258,21.25396728515625,17815140
2021-10-07,14.998353958129883,21.34126853942871,21.77777671813965,20.880952835083008,21.05555534362793,16947000
2021-10-08,15.16010570526123,21.571428298950195,22.08730125427246,21.55555534362793,21.865079879760742,12112632
2021-10-11,15.154532432556152,21.563491821289062,22.45237922668457,21.4761905670166,22.047618865966797,18897858
2021-10-13,15.411107063293457,21.928571701049805,22.23015785217285,21.134920120239258,21.25396728515625,15206688
2021-10-14,15.706719398498535,22.349206924438477,22.55555534362793,21.849206924438477,22.206348419189453,24122322
2021-10-15,15.712297439575195,22.357141494750977,22.55555534362793,22.119047164916992,22.55555534362793,12843180
2021-10-18,15.717874526977539,22.365079879760742,22.4761905670166,21.73015785217285,21.928571701049805,17690400
2021-10-19,15.522655487060547,22.08730125427246,22.69841194152832,21.91269874572754,22.238094329833984,19150866
2021-10-20,15.288393020629883,21.75396728515625,22.261903762817383,21.539682388305664,22.23015785217285,11995074
2021-10-21,14.81429386138916,21.079364776611328,21.5,20.42063331604004,21.11111068725586,17836812
2021-10-22,14.909112930297852,21.214284896850586,21.460317611694336,20.75396728515625,20.84126853942871,19040490
2021-10-25,15.595166206359863,22.190475463867188,22.404760360717773,21.34126853942871,21.436506271362305,14171220
2021-10-26,15.645364761352539,22.261903762817383,22.373014450073242,21.833332061767578,21.9841251373291,25186644
2021-10-27,15.254929542541504,21.706348419189453,23.079364776611328,21.619047164916992,22.896825790405273,35702100
2021-10-28,15.282816886901855,21.746030807495117,21.992063522338867,21.396825790405273,21.658729553222656,18998406
2021-10-29,15.003936767578125,21.349206924438477,21.825395584106445,21.11111068725586,21.507936477661133,12432546
2021-11-01,14.836602210998535,21.11111068725586,21.69841194152832,20.761903762817383,21.682538986206055,14125608
2021-11-03,14.250947952270508,20.27777671813965,21.039682388305664,20.27777671813965,20.825395584106445,22691592
2021-11-04,14.239790916442871,20.261903762817383,20.682538986206055,20.079364776611328,20.206348419189453,18457236
2021-11-05,13.670870780944824,19.45237922668457,20.42063331604004,19.388887405395508,20.349206924438477,17857602
2021-11-08,14.214360237121582,18.888887405395508,19.261903762817383,18.365079879760742,18.539682388305664,19582920
2021-11-09,14.327836990356445,19.039682388305664,19.30952262878418,18.53174591064453,18.849206924438477,21077784
2021-11-10,14.148662567138672,18.801586151123047,19.150793075561523,18.492063522338867,18.80952262878418,14562954
2021-11-11,14.996746063232422,19.928571701049805,20.174602508544922,19.404760360717773,19.404760360717773,24492132
2021-11-12,15.169949531555176,20.158729553222656,20.468252182006836,19.72222137451172,19.77777671813965,17582166
2021-11-16,15.193838119506836,20.190475463867188,20.373014450073242,19.904760360717773,20.317459106445312,12621042
2021-11-17,15.12216854095459,20.095237731933594,20.682538986206055,19.960317611694336,20.460317611694336,15109542
2021-11-18,14.501035690307617,19.269840240478516,20.063491821289062,19.269840240478516,20.039682388305664,14575554
2021-11-19,14.805630683898926,19.674602508544922,19.84126853942871,19.325395584106445,19.55555534362793,16160382
2021-11-22,15.187868118286133,20.182538986206055,20.41269874572754,19.793649673461914,20.14285659790039,15171030
2021-11-23,15.277448654174805,20.301586151123047,21.706348419189453,20.063491821289062,20.873014450073242,19541718
2021-11-24,15.528292655944824,20.634920120239258,20.738094329833984,20.079364776611328,20.25396728515625,15890112
2021-11-25,15.671630859375,20.825395584106445,21.150793075561523,20.436506271362305,20.603174209594727,11258604
2021-11-26,15.25953197479248,20.27777671813965,20.45237922668457,19.928571701049805,20.174602508544922,12133926
2021-11-29,15.408842086791992,20.4761905670166,21.095237731933594,20.4761905670166,20.801586151123047,11068848
2021-11-30,15.408842086791992,20.4761905670166,21.071428298950195,20.103174209594727,20.468252182006836,30445002
2021-12-01,15.629827499389648,20.769840240478516,21.619047164916992,20.769840240478516,20.95237922668457,21642012
2021-12-02,16.519718170166016,21.95237922668457,22.007936477661133,20.9761905670166,21.039682388305664,16567740
2021-12-03,16.633190155029297,22.103174209594727,22.690475463867188,21.849206924438477,22.03174591064453,18262566
2021-12-06,17.02139663696289,22.619047164916992,23.0238094329834,22.4841251373291,22.674602508544922,15027642
2021-12-07,17.290159225463867,22.9761905670166,23.571428298950195,22.817459106445312,23.25396728515625,16451694
2021-12-08,17.278213500976562,22.960317611694336,23.333332061767578,22.825395584106445,22.960317611694336,13399722
2021-12-09,17.290159225463867,22.9761905670166,23.174602508544922,22.373014450073242,22.769840240478516,9640890
2021-12-10,17.672391891479492,23.4841251373291,23.72222137451172,23.206348419189453,23.206348419189453,14149800
2021-12-13,17.594749450683594,23.380952835083008,24.16666603088379,23.095237731933594,23.658729553222656,14865984
2021-12-14,17.511138916015625,23.269840240478516,24.03174591064453,23.015872955322266,23.888887405395508,12753468
2021-12-15,17.41558265686035,23.14285659790039,23.4841251373291,22.436506271362305,23.150793075561523,15868818
2021-12-16,17.815731048583984,23.674602508544922,23.72222137451172,23.174602508544922,23.674602508544922,14085792
2021-12-17,17.325990676879883,23.0238094329834,23.761903762817383,22.880952835083008,23.579364776611328,18303642
2021-12-20,16.29873275756836,21.658729553222656,22.674602508544922,21.507936477661133,22.634920120239258,19746342
2021-12-21,16.56749153137207,22.015872955322266,22.365079879760742,21.793649673461914,21.91269874572754,11447730
2021-12-22,16.412208557128906,21.80952262878418,22.063491821289062,21.5238094329834,21.9761905670166,10289160
2021-12-23,16.095674514770508,21.388887405395508,21.896825790405273,21.261903762817383,21.865079879760742,10867248
2021-12-27,16.24498176574707,21.58730125427246,21.690475463867188,21.214284896850586,21.261903762817383,8001882
2021-12-28,16.179285049438477,21.5,21.682538986206055,21.27777671813965,21.468252182006836,8727642
2021-12-29,16.203176498413086,21.53174591064453,21.634920120239258,21.404760360717773,21.53174591064453,4272660
2021-12-30,16.28081703186035,21.634920120239258,21.992063522338867,21.563491821289062,21.714284896850586,7253820
2022-01-03,16.28081703186035,21.634920120239258,22.16666603088379,21.634920120239258,21.738094329833984,12537126
2022-01-04,16.507768630981445,21.936506271362305,22.206348419189453,21.66666603088379,21.761903762817383,14781312
2022-01-05,16.2330379486084,21.571428298950195,22.34126853942871,21.571428298950195,22.007936477661133,18646740
2022-01-06,16.239011764526367,21.579364776611328,22.150793075561523,21.4841251373291,21.706348419189453,9625518
2022-01-07,16.382352828979492,21.769840240478516,21.817459106445312,21.27777671813965,21.579364776611328,8766828
2022-01-10,16.47193717956543,21.888887405395508,22.206348419189453,21.25396728515625,21.25396728515625,8384166
2022-01-11,16.84223175048828,22.380952835083008,22.595237731933594,21.77777671813965,21.896825790405273,15432984
2022-01-12,17.230432510375977,22.896825790405273,23.22222137451172,22.507936477661133,22.595237731933594,17622864
2022-01-13,16.884033203125,22.436506271362305,23.007936477661133,22.357141494750977,22.650793075561523,12963132
2022-01-14,16.89000701904297,22.44444465637207,22.634920120239258,22.30952262878418,22.30952262878418,6274422
2022-01-17,16.519718170166016,21.95237922668457,22.5,21.95237922668457,22.373014450073242,7325262
2022-01-18,17.08112144470215,22.69841194152832,22.78571319580078,21.873014450073242,21.960317611694336,12579462
2022-01-19,17.34390640258789,23.047618865966797,23.349206924438477,22.888887405395508,23.25396728515625,11899440
2022-01-20,17.09903907775879,22.72222137451172,23.325395584106445,22.658729553222656,23.301586151123047,11047932
2022-01-21,16.400266647338867,21.793649673461914,22.690475463867188,21.75396728515625,22.61111068725586,14000364
2022-01-24,16.60333251953125,22.063491821289062,22.19841194152832,21.095237731933594,21.72222137451172,16535106
2022-01-25,16.35845947265625,21.738094329833984,22.14285659790039,21.468252182006836,22.0238094329834,15550038
2022-01-26,16.65110969543457,22.126983642578125,22.53174591064453,21.825395584106445,22.007936477661133,15821316
2022-01-27,16.698884963989258,22.190475463867188,22.492063522338867,22.047618865966797,22.373014450073242,10362996
2022-01-28,16.76458168029785,22.27777671813965,22.658729553222656,21.9841251373291,22.4761905670166,12157992
2022-01-31,16.62721824645996,22.095237731933594,22.396825790405273,21.992063522338867,22.063491821289062,12897864
2022-02-01,17.15876579284668,22.801586151123047,22.960317611694336,21.865079879760742,22.134920120239258,10462788
2022-02-02,17.290159225463867,22.9761905670166,23.11111068725586,22.674602508544922,22.761903762817383,8712900
2022-02-03,17.15876579284668,22.801586151123047,23.269840240478516,22.619047164916992,23.08730125427246,8721846
2022-02-04,17.18862533569336,22.84126853942871,22.92063331604004,22.468252182006836,22.58730125427246,9327780
2022-02-07,17.439468383789062,23.174602508544922,23.30952262878418,22.75396728515625,22.960317611694336,10791522
2022-02-08,17.260290145874023,22.936506271362305,23.206348419189453,22.515872955322266,23.174602508544922,11860632
2022-02-09,17.34390640258789,23.047618865966797,23.301586151123047,22.571428298950195,22.817459106445312,9470412
2022-02-10,17.200571060180664,22.857141494750977,23.4841251373291,22.801586151123047,23.16666603088379,25077780
2022-02-11,16.77652931213379,22.293649673461914,22.968252182006836,22.11111068725586,22.95237922668457,27874350
2022-02-14,16.591384887695312,22.047618865966797,22.42063331604004,21.793649673461914,22.22222137451172,10703952
2022-02-15,16.52568817138672,21.960317611694336,22.126983642578125,21.44444465637207,21.84126853942871,9253188
2022-02-16,16.3942928314209,21.78571319580078,22.293649673461914,21.682538986206055,22.03174591064453,11725182
2022-02-17,15.522320747375488,20.626983642578125,21.674602508544922,20.603174209594727,21.674602508544922,26330094
2022-02-18,15.253561973571777,20.269840240478516,20.825395584106445,20.22222137451172,20.793649673461914,9951102
2022-02-21,15.074387550354004,20.03174591064453,20.547618865966797,19.968252182006836,20.396825790405273,7627788
2022-02-22,15.169949531555176,20.158729553222656,20.492063522338867,19.936506271362305,20.380952835083008,13445712
2022-02-23,14.6622896194458,19.4841251373291,20.396825790405273,19.317459106445312,20.238094329833984,27310374
2022-02-24,14.501035690307617,19.269840240478516,19.53174591064453,18.317459106445312,18.801586151123047,26535348
2022-02-25,15.205779075622559,20.206348419189453,20.206348419189453,18.738094329833984,19.206348419189453,32351508
2022-03-02,16.185260772705078,21.507936477661133,21.66666603088379,20.95237922668457,21.22222137451172,19643904
2022-03-03,16.90195083618164,22.460317611694336,22.682538986206055,21.634920120239258,21.78571319580078,35079912
2022-03-04,17.558916091918945,23.333332061767578,23.333332061767578,22.158729553222656,22.396825790405273,25964946
2022-03-07,17.242382049560547,22.91269874572754,23.769840240478516,22.73015785217285,23.53174591064453,24619014
2022-03-08,16.791324615478516,22.158729553222656,23.11111068725586,21.936506271362305,22.75396728515625,17198622
2022-03-09,17.356643676757812,22.904760360717773,22.904760360717773,21.658729553222656,22.14285659790039,13896792
2022-03-10,18.156522750854492,23.960317611694336,23.960317611694336,22.714284896850586,23.007936477661133,19718874
2022-03-11,18.174560546875,23.9841251373291,24.158729553222656,23.58730125427246,23.968252182006836,22935780
2022-03-14,17.36265754699707,22.91269874572754,23.880952835083008,22.801586151123047,23.634920120239258,19323738
2022-03-15,16.57481575012207,21.873014450073242,22.658729553222656,21.873014450073242,22.539682388305664,25752510
2022-03-16,16.9356632232666,22.349206924438477,22.94444465637207,21.865079879760742,22.460317611694336,18331740
2022-03-17,17.75958824157715,23.436506271362305,23.55555534362793,22.55555534362793,22.603174209594727,16895844
2022-03-18,18.336942672729492,24.19841194152832,24.19841194152832,23.293649673461914,23.428571701049805,29741544
2022-03-21,18.270790100097656,24.11111068725586,24.674602508544922,23.936506271362305,24.261903762817383,17637984
2022-03-22,17.964067459106445,23.706348419189453,24.317459106445312,23.492063522338867,24.190475463867188,16576812
2022-03-23,18.03022003173828,23.793649673461914,24.380952835083008,23.746030807495117,23.825395584106445,12342078
2022-03-24,18.571495056152344,24.507936477661133,24.72222137451172,23.357141494750977,23.888887405395508,26569116
2022-03-25,18.391069412231445,24.269840240478516,24.95237922668457,24.071428298950195,24.66666603088379,18768204
2022-03-28,18.469249725341797,24.373014450073242,24.92063331604004,24.103174209594727,24.380952835083008,11507454
2022-03-29,18.096378326416016,23.880952835083008,24.714284896850586,23.58730125427246,24.4841251373291,20544678
2022-03-30,18.47526741027832,24.380952835083008,24.5,23.658729553222656,24.08730125427246,17223570
2022-03-31,18.529390335083008,24.45237922668457,24.690475463867188,24.150793075561523,24.53174591064453,12145140
2022-04-01,18.42715072631836,24.317459106445312,24.849206924438477,24.05555534362793,24.626983642578125,16291044
2022-04-04,18.13847541809082,23.936506271362305,24.428571701049805,23.896825790405273,24.30952262878418,9408924
2022-04-05,18.12645149230957,23.92063331604004,24.4841251373291,23.80952262878418,24.05555534362793,14804244
2022-04-06,18.05428123474121,23.825395584106445,24.039682388305664,23.373014450073242,24.03174591064453,11636100
2022-04-07,17.615249633789062,23.246030807495117,23.825395584106445,22.904760360717773,23.547618865966797,20928348
2022-04-08,17.675392150878906,23.325395584106445,23.563491821289062,22.865079879760742,23.182538986206055,17969868
2022-04-11,17.60923957824707,23.238094329833984,23.436506271362305,23.007936477661133,23.11111068725586,7673274
2022-04-12,17.627277374267578,23.261903762817383,23.746030807495117,23.214284896850586,23.64285659790039,8120574
2022-04-13,17.831758499145508,23.53174591064453,23.66666603088379,23.158729553222656,23.30952262878418,10824912
2022-04-14,17.693437576293945,23.349206924438477,23.857141494750977,23.174602508544922,23.404760360717773,10050768
2022-04-18,17.735532760620117,23.404760360717773,23.801586151123047,23.182538986206055,23.261903762817383,11615688
2022-04-19,18.204631805419922,24.0238094329834,24.05555534362793,23.134920120239258,23.246030807495117,11933586
2022-04-20,17.470916748046875,23.05555534362793,24.16666603088379,22.849206924438477,23.92063331604004,15119244
2022-04-22,17.001815795898438,22.436506271362305,22.91269874572754,22.134920120239258,22.72222137451172,20463912
2022-04-25,16.659008026123047,21.9841251373291,22.261903762817383,21.28571319580078,22.126983642578125,18354420
2022-04-26,16.009490966796875,21.126983642578125,22.015872955322266,21.095237731933594,21.9841251373291,16442118
2022-04-27,16.971744537353516,22.396825790405273,22.69841194152832,21.55555534362793,21.55555534362793,19112562
2022-04-28,17.464900970458984,23.047618865966797,23.349206924438477,22.11111068725586,22.460317611694336,21984984
2022-04-29,16.821392059326172,22.19841194152832,23.492063522338867,22.190475463867188,23.333332061767578,16189866
2022-05-02,16.478588104248047,21.746030807495117,22.301586151123047,21.119047164916992,22.11111068725586,23122890
2022-05-03,16.61089515686035,21.92063331604004,22.14285659790039,21.690475463867188,21.72222137451172,14805504
2022-05-04,16.484601974487305,21.75396728515625,21.960317611694336,21.150793075561523,21.77777671813965,18374706
2022-05-05,16.869504928588867,22.261903762817383,22.44444465637207,21.047618865966797,22.007936477661133,35154630
2022-05-06,16.959718704223633,22.380952835083008,22.80952262878418,21.73015785217285,22.22222137451172,19091394
2022-05-09,16.562786102294922,21.857141494750977,22.158729553222656,21.626983642578125,21.936506271362305,12874932
2022-05-10,15.841097831726074,20.904760360717773,21.9841251373291,20.325395584106445,21.9841251373291,30292038
2022-05-11,16.310192108154297,21.5238094329834,21.928571701049805,20.880952835083008,20.94444465637207,20948508
2022-05-12,16.472576141357422,21.738094329833984,21.849206924438477,21.214284896850586,21.349206924438477,16526664
2022-05-13,16.719154357910156,22.063491821289062,22.317459106445312,21.714284896850586,21.896825790405273,8366148
2022-05-16,16.959718704223633,22.380952835083008,22.801586151123047,22.174602508544922,22.261903762817383,10852884
2022-05-17,17.156137466430664,22.182538986206055,22.55555534362793,22.103174209594727,22.539682388305664,13036842
2022-05-18,16.180171966552734,20.92063331604004,22.126983642578125,20.880952835083008,22.047618865966797,21238812
2022-05-19,16.603702545166016,21.468252182006836,21.69841194152832,20.793649673461914,20.84126853942871,14642586
2022-05-20,17.162275314331055,22.190475463867188,22.515872955322266,21.801586151123047,22.0,21950082
2022-05-23,17.634912490844727,22.801586151123047,23.174602508544922,22.507936477661133,22.53174591064453,12436074
2022-05-24,17.862022399902344,23.095237731933594,23.174602508544922,22.28571319580078,22.5,19769778
2022-05-25,17.74540138244629,22.94444465637207,23.05555534362793,22.674602508544922,22.865079879760742,14421708
2022-05-26,17.825193405151367,23.047618865966797,23.28571319580078,22.690475463867188,22.9841251373291,23166234
2022-05-27,18.04616928100586,23.333332061767578,23.603174209594727,23.182538986206055,23.19841194152832,16989462
2022-05-30,17.825193405151367,23.047618865966797,23.547618865966797,22.9841251373291,23.547618865966797,7867692
2022-05-31,17.904993057250977,23.150793075561523,23.373014450073242,22.825395584106445,23.25396728515625,23880276
2022-06-01,17.855884552001953,23.08730125427246,23.373014450073242,23.063491821289062,23.357141494750977,19002564
2022-06-02,18.580188751220703,24.0238094329834,24.269840240478516,23.380952835083008,23.44444465637207,15924006
2022-06-03,18.463560104370117,23.873014450073242,24.103174209594727,23.73015785217285,23.9841251373291,5847660
2022-06-06,18.61087989807129,24.063491821289062,24.44444465637207,23.84126853942871,24.05555534362793,9255204
2022-06-07,18.65384864807129,24.119047164916992,24.428571701049805,23.817459106445312,23.880952835083008,10281096
2022-06-08,17.739259719848633,22.936506271362305,24.007936477661133,22.78571319580078,23.992063522338867,18385794
2022-06-09,16.965852737426758,21.936506271362305,22.682538986206055,21.896825790405273,22.682538986206055,24434928
2022-06-10,16.855369567871094,21.793649673461914,21.94444465637207,21.11111068725586,21.69841194152832,18876186
2022-06-13,15.959197044372559,20.634920120239258,21.269840240478516,20.079364776611328,21.269840240478516,28035882
2022-06-14,15.597047805786133,20.16666603088379,20.873014450073242,19.9841251373291,20.769840240478516,18427122
2022-06-15,15.566357612609863,20.126983642578125,20.738094329833984,20.0238094329834,20.41269874572754,21422268
2022-06-17,14.338724136352539,18.539682388305664,19.595237731933594,18.42063331604004,19.53174591064453,48281688
2022-06-20,14.36327838897705,18.571428298950195,18.674602508544922,17.706348419189453,18.349206924438477,22753962
2022-06-21,14.645633697509766,18.936506271362305,19.08730125427246,18.64285659790039,18.793649673461914,23657886
2022-06-22,14.068644523620605,18.190475463867188,18.4841251373291,17.77777671813965,18.4841251373291,26676846
2022-06-23,13.669666290283203,17.674602508544922,18.801586151123047,17.373014450073242,18.436506271362305,34430508
2022-06-24,14.209823608398438,18.373014450073242,18.515872955322266,17.801586151123047,17.94444465637207,17235918
2022-06-27,14.424656867980957,18.650793075561523,18.95237922668457,18.333332061767578,18.69841194152832,18857664
2022-06-28,14.36327838897705,18.571428298950195,19.214284896850586,18.468252182006836,18.968252182006836,16396254
2022-06-29,14.20368766784668,18.365079879760742,18.833332061767578,18.301586151123047,18.73015785217285,10545696
2022-06-30,13.71877384185791,17.738094329833984,18.047618865966797,17.515872955322266,17.968252182006836,19893762
2022-07-01,13.67580509185791,17.682538986206055,17.865079879760742,17.095237731933594,17.45237922668457,20410110
2022-07-04,13.602148056030273,17.58730125427246,17.825395584106445,17.380952835083008,17.4761905670166,7633836
2022-07-05,13.362757682800293,17.27777671813965,17.5,16.91269874572754,17.41269874572754,21942018
2022-07-06,13.6389741897583,17.634920120239258,17.714284896850586,17.0,17.261903762817383,13930434
2022-07-07,14.424656867980957,18.650793075561523,18.825395584106445,17.960317611694336,18.0,33383826
2022-07-08,14.351000785827637,18.55555534362793,19.079364776611328,18.41269874572754,18.690475463867188,15663816
2022-07-11,14.08092212677002,18.206348419189453,18.44444465637207,18.08730125427246,18.206348419189453,10342332
2022-07-12,14.19140911102295,18.349206924438477,18.563491821289062,17.66666603088379,18.015872955322266,13657014
2022-07-13,14.277342796325684,18.460317611694336,18.817459106445312,18.119047164916992,18.269840240478516,10315872
2022-07-14,13.6389741897583,17.634920120239258,18.19841194152832,17.4841251373291,18.126983642578125,16702686
2022-07-15,14.449213027954102,18.682538986206055,18.72222137451172,17.42063331604004,17.626983642578125,30962862
2022-07-18,14.351000785827637,18.55555534362793,19.08730125427246,18.396825790405273,18.904760360717773,14158872
2022-07-19,14.725430488586426,19.039682388305664,19.119047164916992,18.428571701049805,18.539682388305664,10126368
2022-07-20,14.614945411682129,18.896825790405273,18.9761905670166,18.507936477661133,18.801586151123047,10776654
2022-07-21,14.633355140686035,18.92063331604004,19.015872955322266,18.44444465637207,18.888887405395508,13812750
2022-07-22,14.614945411682129,18.896825790405273,19.80952262878418,18.857141494750977,19.333332061767578,13098834
2022-07-25,14.909575462341309,19.27777671813965,19.53174591064453,19.0238094329834,19.349206924438477,10018512
2022-07-26,14.756120681762695,19.079364776611328,19.4761905670166,18.880952835083008,19.44444465637207,9266292
2022-07-27,14.737706184387207,19.05555534362793,19.396825790405273,18.682538986206055,19.206348419189453,18471474
2022-07-28,14.811360359191895,19.150793075561523,19.507936477661133,19.0238094329834,19.134920120239258,14995260
2022-07-29,15.013919830322266,19.41269874572754,19.64285659790039,18.91269874572754,19.16666603088379,18195282
2022-08-01,14.529007911682129,18.78571319580078,19.547618865966797,18.650793075561523,19.547618865966797,16655058
2022-08-02,14.977093696594238,19.365079879760742,19.515872955322266,18.61111068725586,18.793649673461914,16078734
2022-08-03,14.369414329528809,18.579364776611328,19.650793075561523,18.28571319580078,19.55555534362793,30645468
2022-08-04,14.82363510131836,19.16666603088379,19.357141494750977,18.34126853942871,18.714284896850586,25732728
2022-08-05,15.130545616149902,19.563491821289062,19.78571319580078,19.16666603088379,19.182538986206055,13861512
2022-08-08,15.253308296203613,19.72222137451172,20.095237731933594,19.4841251373291,19.92063331604004,13873230
2022-08-09,15.498835563659668,20.039682388305664,20.11111068725586,19.5,19.91269874572754,13320846
2022-08-10,15.578635215759277,20.14285659790039,20.357141494750977,19.95237922668457,20.261903762817383,19786284
2022-08-11,15.701394081115723,20.301586151123047,20.714284896850586,20.22222137451172,20.428571701049805,18592938
2022-08-12,16.02057647705078,20.714284896850586,20.833332061767578,20.380952835083008,20.45237922668457,12643344
2022-08-15,15.793466567993164,20.42063331604004,20.547618865966797,20.047618865966797,20.5,10822896
2022-08-16,15.421039581298828,19.388887405395508,20.16666603088379,19.007936477661133,20.015872955322266,29851668
2022-08-17,15.597784042358398,19.61111068725586,19.714284896850586,19.05555534362793,19.246030807495117,13086864
2022-08-18,15.288477897644043,19.22222137451172,19.84126853942871,19.174602508544922,19.801586151123047,14101038
2022-08-19,14.97917652130127,18.833332061767578,19.182538986206055,18.61111068725586,19.071428298950195,17160318
2022-08-22,14.606749534606934,18.365079879760742,18.674602508544922,18.238094329833984,18.674602508544922,15169014
2022-08-23,15.477853775024414,19.460317611694336,19.5238094329834,18.492063522338867,18.61111068725586,13856220
2022-08-24,15.351603507995605,19.301586151123047,19.55555534362793,19.11111068725586,19.44444465637207,12807144
2022-08-25,15.572535514831543,19.579364776611328,19.674602508544922,19.293649673461914,19.45237922668457,9875376
2022-08-26,15.187481880187988,19.095237731933594,19.928571701049805,19.071428298950195,19.833332061767578,11401110
2022-08-29,15.124361038208008,19.015872955322266,19.246030807495117,18.80952262878418,19.03174591064453,7581672
2022-08-30,14.85924243927002,18.682538986206055,19.126983642578125,18.619047164916992,18.968252182006836,12120822
2022-08-31,14.720368385314941,18.507936477661133,18.904760360717773,18.507936477661133,18.857141494750977,18110484
2022-09-01,14.739309310913086,18.53174591064453,18.626983642578125,17.968252182006836,18.5238094329834,15942780
2022-09-02,15.193796157836914,19.103174209594727,19.34126853942871,18.619047164916992,18.72222137451172,15630552
2022-09-05,15.414729118347168,19.380952835083008,19.992063522338867,19.301586151123047,19.317459106445312,10232838
2022-09-06,15.212729454040527,19.126983642578125,19.404760360717773,18.94444465637207,19.246030807495117,13405770
2022-09-08,14.922364234924316,18.761903762817383,19.325395584106445,18.634920120239258,19.28571319580078,23738526
2022-09-09,15.490477561950684,19.4761905670166,19.5,18.960317611694336,19.174602508544922,47303928
2022-09-12,15.534663200378418,19.53174591064453,20.079364776611328,19.34126853942871,19.706348419189453,16367022
2022-09-13,14.947613716125488,18.793649673461914,19.4761905670166,18.746030807495117,19.206348419189453,14301756
2022-09-14,14.392128944396973,18.095237731933594,18.80952262878418,17.84126853942871,18.674602508544922,31046400
2022-09-15,14.392128944396973,18.095237731933594,18.34126853942871,17.992063522338867,18.16666603088379,8507520
2022-09-16,14.51206111907959,18.246030807495117,18.4841251373291,17.904760360717773,17.91269874572754,20466054
2022-09-19,15.345291137695312,19.293649673461914,19.396825790405273,18.079364776611328,18.095237731933594,27641880
2022-09-20,15.206421852111816,19.119047164916992,19.293649673461914,18.888887405395508,19.238094329833984,17730216
2022-09-21,15.231669425964355,19.150793075561523,19.468252182006836,19.047618865966797,19.19841194152832,11988018
2022-09-22,15.578848838806152,19.58730125427246,19.91269874572754,19.41269874572754,19.492063522338867,22841658
2022-09-23,15.345291137695312,19.293649673461914,19.301586151123047,18.904760360717773,19.206348419189453,13070736
2022-09-26,14.934988975524902,18.77777671813965,19.269840240478516,18.75396728515625,19.119047164916992,7174944
2022-09-27,15.004426956176758,18.865079879760742,18.968252182006836,18.674602508544922,18.817459106445312,13450878
2022-09-28,14.966551780700684,18.817459106445312,19.03174591064453,18.73015785217285,18.928571701049805,7585578
2022-09-29,14.916050910949707,18.75396728515625,18.873014450073242,18.396825790405273,18.650793075561523,10180296
2022-09-30,15.427353858947754,19.396825790405273,19.674602508544922,18.579364776611328,18.64285659790039,15004836
2022-10-03,15.875529289245605,19.960317611694336,20.293649673461914,19.634920120239258,19.896825790405273,17975916
2022-10-04,16.102771759033203,20.246030807495117,20.626983642578125,20.14285659790039,20.396825790405273,14478786
2022-10-05,15.938652038574219,20.039682388305664,20.428571701049805,19.84126853942871,20.373014450073242,16273908
2022-10-06,16.121707916259766,20.269840240478516,20.460317611694336,20.0238094329834,20.126983642578125,15431724
2022-10-07,16.146957397460938,20.301586151123047,20.793649673461914,20.174602508544922,20.174602508544922,18627210
2022-10-10,16.298450469970703,20.492063522338867,20.674602508544922,20.325395584106445,20.634920120239258,12992994
2022-10-11,16.323701858520508,20.5238094329834,20.73015785217285,20.16666603088379,20.404760360717773,9658278
2022-10-13,16.35526466369629,20.563491821289062,20.706348419189453,20.16666603088379,20.238094329833984,11178216
2022-10-14,15.970209121704102,20.079364776611328,20.66666603088379,19.9841251373291,20.5,9453402
2022-10-17,16.30476951599121,20.5,20.61111068725586,20.015872955322266,20.23015785217285,8517096
2022-10-18,16.54463768005371,20.801586151123047,20.904760360717773,20.45237922668457,20.761903762817383,9863910
2022-10-19,16.29214096069336,20.4841251373291,20.896825790405273,20.357141494750977,20.801586151123047,12304404
2022-10-20,16.70244789123535,21.0,21.11111068725586,20.28571319580078,20.619047164916992,13144320
2022-10-21,17.030685424804688,21.41269874572754,21.603174209594727,20.833332061767578,20.992063522338867,14214942
2022-10-24,16.954936981201172,21.317459106445312,21.507936477661133,21.015872955322266,21.015872955322266,14292810
2022-10-25,16.860252380371094,21.19841194152832,21.507936477661133,21.039682388305664,21.25396728515625,9947826
2022-10-26,16.816064834594727,21.14285659790039,21.460317611694336,20.817459106445312,21.150793075561523,16322922
2022-10-27,16.7781925201416,21.095237731933594,21.30952262878418,20.507936477661133,21.150793075561523,12522636
2022-10-28,16.1658935546875,20.325395584106445,20.968252182006836,19.738094329833984,20.849206924438477,17654364
2022-10-31,16.2542667388916,20.436506271362305,20.857141494750977,19.801586151123047,20.0,14226786
2022-11-01,16.55725860595703,20.817459106445312,20.95237922668457,20.41269874572754,20.73015785217285,23993298
2022-11-03,16.273204803466797,20.460317611694336,20.619047164916992,20.190475463867188,20.58730125427246,7592004
2022-11-04,17.018062591552734,21.396825790405273,21.825395584106445,21.039682388305664,21.190475463867188,19713078
2022-11-07,16.771881103515625,21.08730125427246,21.357141494750977,20.80952262878418,21.238094329833984,16430022
2022-11-08,17.194805145263672,21.619047164916992,21.77777671813965,20.769840240478516,20.960317611694336,17675910
2022-11-09,17.996471405029297,22.626983642578125,22.928571701049805,21.833332061767578,21.91269874572754,32069772
2022-11-10,18.0217227935791,22.658729553222656,22.9841251373291,22.079364776611328,22.126983642578125,28353402
2022-11-11,19.643993377685547,24.69841194152832,24.84126853942871,22.992063522338867,23.015872955322266,39955482
2022-11-14,19.694494247436523,24.761903762817383,25.28571319580078,24.325395584106445,24.9761905670166,18347238
2022-11-16,19.296815872192383,24.261903762817383,25.134920120239258,24.11111068725586,24.936506271362305,12438090
2022-11-17,19.164255142211914,24.095237731933594,24.214284896850586,23.563491821289062,24.007936477661133,14861826
2022-11-18,18.829700469970703,23.674602508544922,24.5238094329834,23.5,24.396825790405273,12308310
2022-11-21,19.000139236450195,23.888887405395508,24.007936477661133,23.34126853942871,23.880952835083008,16460640
2022-11-22,19.679922103881836,22.9761905670166,23.05555534362793,22.047618865966797,22.047618865966797,16651656
2022-11-23,19.958641052246094,23.301586151123047,23.333332061767578,22.690475463867188,22.928571701049805,12043962
2022-11-24,20.155778884887695,23.53174591064453,23.833332061767578,23.079364776611328,23.44444465637207,6614244
2022-11-25,19.965438842773438,23.30952262878418,23.9841251373291,23.119047164916992,23.619047164916992,7897680
2022-11-28,19.89745330810547,23.23015785217285,23.507936477661133,22.801586151123047,23.25396728515625,14551866
2022-11-29,21.08709144592285,24.619047164916992,24.78571319580078,23.404760360717773,23.45237922668457,24813558
2022-11-30,21.46097755432129,25.05555534362793,25.77777671813965,24.45237922668457,24.595237731933594,42015456
2022-12-01,20.855958938598633,24.349206924438477,25.063491821289062,24.293649673461914,25.063491821289062,15880914
2022-12-02,21.1414737701416,24.682538986206055,25.08730125427246,23.80952262878418,24.603174209594727,14346234
2022-12-05,20.83556365966797,24.325395584106445,25.190475463867188,24.23015785217285,24.78571319580078,14742000
2022-12-06,21.10748291015625,24.64285659790039,25.150793075561523,24.269840240478516,24.571428298950195,15634458
2022-12-07,21.05989646911621,24.58730125427246,24.825395584106445,23.706348419189453,24.301586151123047,17629416
2022-12-08,21.025907516479492,24.547618865966797,25.134920120239258,24.468252182006836,24.75396728515625,10205370
2022-12-09,21.39299201965332,24.9761905670166,25.174602508544922,24.5238094329834,24.904760360717773,12848598
2022-12-12,21.2502384185791,24.80952262878418,24.928571701049805,24.238094329833984,24.738094329833984,12455100
2022-12-13,21.046302795410156,24.571428298950195,25.190475463867188,24.53174591064453,24.94444465637207,16831962
2022-12-14,21.15506935119629,24.69841194152832,24.738094329833984,24.126983642578125,24.5238094329834,16639812
2022-12-15,20.556854248046875,24.0,25.047618865966797,23.94444465637207,24.936506271362305,20351016
2022-12-16,20.509265899658203,23.94444465637207,24.14285659790039,23.634920120239258,23.9841251373291,24850854
2022-12-19,20.2237548828125,23.61111068725586,24.19841194152832,23.44444465637207,23.73015785217285,15352974
2022-12-20,20.699609756469727,24.16666603088379,24.45237922668457,23.66666603088379,23.69841194152832,14813568
2022-12-21,20.686016082763672,24.150793075561523,24.436506271362305,24.0,24.404760360717773,12074832
2022-12-22,20.298532485961914,23.69841194152832,24.071428298950195,23.206348419189453,24.071428298950195,19183626
2022-12-23,19.509977340698242,22.77777671813965,23.77777671813965,22.492063522338867,23.761903762817383,30149028
2022-12-26,19.156484603881836,22.365079879760742,22.817459106445312,22.349206924438477,22.77777671813965,7240212
2022-12-27,20.108190536499023,23.4761905670166,23.66666603088379,22.579364776611328,22.674602508544922,17502912
2022-12-28,20.019821166992188,23.373014450073242,23.873014450073242,23.293649673461914,23.64285659790039,10655064
2022-12-29,19.965438842773438,23.30952262878418,23.64285659790039,23.269840240478516,23.5,10380132
2023-01-02,20.02661895751953,23.380952835083008,23.55555534362793,22.857141494750977,23.238094329833984,6113394
2023-01-03,20.06740379333496,23.428571701049805,24.015872955322266,23.158729553222656,23.301586151123047,17155656
2023-01-04,19.972232818603516,23.317459106445312,23.5238094329834,22.95237922668457,23.5238094329834,9732996
2023-01-05,20.461687088012695,23.888887405395508,24.150793075561523,23.03174591064453,23.492063522338867,14763042
2023-01-06,20.618032455444336,24.071428298950195,24.650793075561523,24.03174591064453,24.22222137451172,14275296
2023-01-09,21.039506912231445,24.563491821289062,24.880952835083008,23.9761905670166,23.9841251373291,13096692
2023-01-10,21.62412452697754,25.246030807495117,25.468252182006836,24.357141494750977,24.357141494750977,19317438
2023-01-11,21.841657638549805,25.5,25.595237731933594,24.468252182006836,25.396825790405273,17544492
2023-01-12,21.92323112487793,25.595237731933594,25.873014450073242,25.365079879760742,25.595237731933594,12746664
2023-01-13,22.045591354370117,25.738094329833984,25.880952835083008,25.468252182006836,25.595237731933594,10054044
2023-01-16,21.678508758544922,25.30952262878418,25.55555534362793,24.80952262878418,25.55555534362793,6990858
2023-01-17,21.9912109375,25.674602508544922,26.182538986206055,25.269840240478516,25.4761905670166,13195728
2023-01-18,22.711788177490234,26.515872955322266,26.888887405395508,25.84126853942871,25.95237922668457,19834668
2023-01-19,22.772968292236328,26.58730125427246,26.78571319580078,26.269840240478516,26.269840240478516,14786100
2023-01-20,22.569034576416016,26.349206924438477,26.674602508544922,26.19841194152832,26.45237922668457,11917458
2023-01-23,22.08637809753418,25.78571319580078,26.746030807495117,25.714284896850586,26.55555534362793,9830268
2023-01-24,22.018400192260742,25.706348419189453,26.015872955322266,25.41269874572754,25.714284896850586,8828820
2023-01-25,21.943626403808594,25.619047164916992,25.801586151123047,25.14285659790039,25.66666603088379,14182560
2023-01-26,22.433076858520508,26.190475463867188,26.261903762817383,25.75396728515625,25.793649673461914,8975484
2023-01-27,21.93682861328125,25.61111068725586,26.436506271362305,25.428571701049805,26.269840240478516,9225846
2023-01-30,22.038795471191406,25.73015785217285,25.928571701049805,25.428571701049805,25.78571319580078,7234920
2023-01-31,22.256328582763672,25.9841251373291,26.404760360717773,25.619047164916992,25.793649673461914,14706216
2023-02-01,21.83485984802246,25.492063522338867,25.936506271362305,25.05555534362793,25.880952835083008,11488680
2023-02-02,20.849163055419922,24.34126853942871,25.365079879760742,24.269840240478516,25.27777671813965,14599872
2023-02-03,21.10748291015625,24.64285659790039,24.9841251373291,24.27777671813965,24.404760360717773,10742634
2023-02-06,20.93754005432129,24.44444465637207,24.650793075561523,23.857141494750977,24.27777671813965,12777030
2023-02-07,21.236644744873047,24.793649673461914,25.03174591064453,24.206348419189453,24.44444465637207,10967418
2023-02-08,21.168664932250977,24.714284896850586,24.95237922668457,24.5,24.84126853942871,11919726
2023-02-09,19.48958396911621,22.75396728515625,23.865079879760742,22.682538986206055,23.75396728515625,37235520
2023-02-10,19.25165557861328,22.4761905670166,23.158729553222656,22.25396728515625,22.579364776611328,22591926
2023-02-13,19.435197830200195,22.690475463867188,22.769840240478516,21.75396728515625,22.246030807495117,11853576
2023-02-14,19.4827880859375,22.746030807495117,23.16666603088379,22.5,22.896825790405273,11007864
2023-02-15,19.40121078491211,22.650793075561523,22.865079879760742,22.357141494750977,22.69841194152832,11745972
2023-02-16,19.61874008178711,22.904760360717773,23.333332061767578,22.738094329833984,22.738094329833984,12189870
2023-02-17,19.435197830200195,22.690475463867188,23.16666603088379,22.42063331604004,23.16666603088379,9354618
2023-02-22,19.136089324951172,22.34126853942871,22.75396728515625,22.05555534362793,22.539682388305664,7513506
2023-02-23,19.34002685546875,22.579364776611328,22.833332061767578,22.103174209594727,22.45237922668457,10345482
2023-02-24,19.068113327026367,22.261903762817383,22.94444465637207,22.063491821289062,22.460317611694336,9228618
2023-02-27,19.17008399963379,22.380952835083008,22.61111068725586,22.095237731933594,22.19841194152832,6466824
2023-02-28,19.462387084960938,22.72222137451172,22.857141494750977,22.30952262878418,22.34126853942871,19658772
2023-03-01,20.06740379333496,23.428571701049805,23.769840240478516,22.619047164916992,22.619047164916992,23004450
2023-03-02,20.101390838623047,23.468252182006836,23.801586151123047,23.190475463867188,23.42063331604004,10844820
2023-03-03,19.999427795410156,23.349206924438477,24.071428298950195,23.23015785217285,23.626983642578125,11558862
2023-03-06,19.360424041748047,22.603174209594727,23.45237922668457,22.4841251373291,23.16666603088379,13252302
2023-03-07,19.09530258178711,22.293649673461914,23.0238094329834,22.22222137451172,22.658729553222656,11043144
2023-03-08,19.455591201782227,22.714284896850586,22.84126853942871,22.349206924438477,22.42063331604004,12727260
2023-03-09,18.612653732299805,21.73015785217285,22.801586151123047,21.73015785217285,22.563491821289062,20849472
2023-03-10,18.347532272338867,21.42063331604004,22.03174591064453,21.34126853942871,21.650793075561523,10423728
2023-03-13,18.1503963470459,21.190475463867188,21.539682388305664,21.126983642578125,21.293649673461914,11845134
2023-03-14,18.388322830200195,21.468252182006836,21.690475463867188,21.30952262878418,21.317459106445312,12438342
2023-03-15,17.532257080078125,20.317459106445312,20.992063522338867,19.968252182006836,20.9761905670166,25827858
2023-03-16,17.717164993286133,20.53174591064453,20.682538986206055,20.05555534362793,20.404760360717773,17658648
2023-03-17,17.463769912719727,20.238094329833984,20.682538986206055,20.05555534362793,20.547618865966797,22837626
2023-03-20,17.361040115356445,20.119047164916992,20.380952835083008,20.0,20.16666603088379,9629046
2023-03-21,17.545949935913086,20.333332061767578,20.547618865966797,20.095237731933594,20.134920120239258,9023490
2023-03-22,17.617860794067383,20.41666603088379,20.816665649414062,20.0,20.25,16468560
2023-03-23,17.474042892456055,20.25,21.024999618530273,20.03333282470703,20.350000381469727,15159960
2023-03-24,17.68258285522461,20.491666793823242,20.674999237060547,20.16666603088379,20.433332443237305,9808560
2023-03-27,17.74730110168457,20.566665649414062,20.799999237060547,20.424999237060547,20.716665267944336,5658360
2023-03-28,17.81201934814453,20.641666412353516,20.91666603088379,20.508333206176758,20.591665267944336,5678400
2023-03-29,17.761680603027344,20.583332061767578,20.875,20.391666412353516,20.725000381469727,8022840
2023-03-30,18.336957931518555,21.25,21.375,20.825000762939453,20.933332443237305,14611320
2023-03-31,18.185949325561523,21.075000762939453,21.75,21.049999237060547,21.28333282470703,13625640
2023-04-03,18.265047073364258,21.16666603088379,21.383333206176758,20.66666603088379,20.958332061767578,9213360
2023-04-04,17.819210052490234,20.649999618530273,21.25,20.649999618530273,21.125,10639920
2023-04-05,17.287078857421875,20.03333282470703,20.649999618530273,19.858333587646484,20.649999618530273,10440240
2023-04-06,17.21516990661621,19.950000762939453,20.108333587646484,19.758333206176758,19.941665649414062,7568760
2023-04-10,17.696962356567383,20.508333206176758,20.825000762939453,20.016666412353516,20.16666603088379,13600680
2023-04-11,18.638978958129883,21.600000381469727,21.808332443237305,20.941665649414062,20.991666793823242,16731840
2023-04-12,18.459205627441406,21.391666412353516,21.78333282470703,21.308332443237305,21.78333282470703,15741720
2023-04-13,18.65336036682129,21.616666793823242,21.75,21.241666793823242,21.375,13083840
2023-04-14,18.804372787475586,21.79166603088379,21.975000381469727,21.299999237060547,21.441665649414062,13021080
2023-04-17,18.703697204589844,21.674999237060547,22.200000762939453,21.608333587646484,21.833332061767578,6453360
2023-04-18,18.732460021972656,21.708332061767578,21.975000381469727,21.441665649414062,21.883333206176758,6111600
2023-04-19,18.387292861938477,21.308332443237305,21.53333282470703,20.983333587646484,21.41666603088379,7248000
2023-04-20,18.617406845092773,21.575000762939453,21.725000381469727,21.083332061767578,21.100000381469727,11644440
2023-04-24,18.078086853027344,20.950000762939453,21.216665267944336,20.65833282470703,21.008333206176758,8525640
2023-04-25,17.445280075073242,20.216665267944336,20.716665267944336,20.04166603088379,20.65833282470703,10123560
2023-04-26,17.380563735961914,20.141666412353516,20.566665649414062,20.066665649414062,20.333332061767578,7086000
2023-04-27,17.574716567993164,20.366666793823242,20.616666793823242,19.991666793823242,20.16666603088379,8016720
2023-04-28,18.106849670410156,20.983333587646484,21.066665649414062,20.308332443237305,20.41666603088379,11117760
2023-05-02,17.567527770996094,20.358333587646484,21.091665267944336,20.133333206176758,20.850000381469727,13327440
2023-05-03,17.768869400024414,20.591665267944336,20.858333587646484,19.799999237060547,20.524999618530273,17237160
2023-05-04,17.0353946685791,19.741666793823242,21.083332061767578,19.700000762939453,20.875,16139520
2023-05-05,17.826400756835938,20.65833282470703,20.708332061767578,19.75,19.833332061767578,14900160
2023-05-08,17.991788864135742,20.850000381469727,21.083332061767578,20.558332443237305,21.0,8873280
2023-05-09,18.092466354370117,20.966665267944336,21.133333206176758,20.383333206176758,20.75,8694480
2023-05-10,17.52437973022461,20.308332443237305,21.116666793823242,20.049999237060547,21.0,16451040
2023-05-11,17.344608306884766,20.100000381469727,20.233333587646484,19.700000762939453,20.075000762939453,16195200
2023-05-12,17.445280075073242,20.216665267944336,20.458332061767578,19.841665267944336,20.100000381469727,14415480
2023-05-15,17.560338973999023,20.350000381469727,20.833332061767578,20.308332443237305,20.475000381469727,11285280
2023-05-16,17.149051666259766,19.458332061767578,20.225000381469727,19.29166603088379,20.024999618530273,16119000
2023-05-17,17.714567184448242,20.100000381469727,20.29166603088379,19.66666603088379,19.825000762939453,14625000
2023-05-18,17.773319244384766,20.16666603088379,20.25,19.816665649414062,20.066665649414062,11082000
2023-05-19,17.685192108154297,20.066665649414062,20.29166603088379,19.725000381469727,20.274999618530273,20315640
2023-05-22,18.426969528198242,20.90833282470703,20.991666793823242,20.008333206176758,20.04166603088379,15342600
2023-05-23,18.39024543762207,20.866666793823242,21.125,20.591665267944336,20.833332061767578,14266200
2023-05-24,17.964275360107422,20.383333206176758,20.65833282470703,20.208332061767578,20.458332061767578,12253320
2023-05-25,17.78066062927246,20.174999237060547,20.891666412353516,20.083332061767578,20.725000381469727,18010080
2023-05-26,18.33148956298828,20.799999237060547,20.966665267944336,20.608333587646484,20.683332443237305,14580960
2023-05-29,18.32415008544922,20.79166603088379,21.225000381469727,20.75,21.024999618530273,5503080
2023-05-30,17.861452102661133,20.266666412353516,20.975000381469727,20.183332443237305,20.975000381469727,10528320
2023-05-31,17.604402542114258,19.975000381469727,20.29166603088379,19.875,20.100000381469727,18733080
2023-06-01,17.839420318603516,20.241666793823242,20.483333587646484,19.891666412353516,20.208332061767578,11814360
2023-06-02,18.41962432861328,20.899999618530273,21.333332061767578,20.758333206176758,20.875,18885960
2023-06-05,18.404935836791992,20.883333206176758,21.133333206176758,20.716665267944336,21.04166603088379,6771600
2023-06-06,18.36086654663086,20.833332061767578,21.058332443237305,20.758333206176758,20.991666793823242,11718480
2023-06-07,18.500411987304688,20.991666793823242,21.04166603088379,20.641666412353516,20.950000762939453,15077280
2023-06-09,18.581199645996094,21.083332061767578,21.391666412353516,20.91666603088379,21.16666603088379,8905080
2023-06-12,18.456344604492188,20.941665649414062,21.04166603088379,20.549999237060547,21.03333282470703,7286280
2023-06-13,18.471031188964844,20.958332061767578,21.241666793823242,20.866666793823242,21.16666603088379,10306560
2023-06-14,19.12468147277832,21.700000762939453,21.825000762939453,21.149999618530273,21.233333587646484,18430800
2023-06-15,19.036544799804688,21.600000381469727,21.91666603088379,21.466665267944336,21.78333282470703,10100880
2023-06-16,19.058582305908203,21.625,21.75,21.333332061767578,21.549999237060547,17431920
2023-06-19,19.264225006103516,21.858333587646484,22.016666412353516,21.549999237060547,21.625,6662880
2023-06-20,18.992483139038086,21.549999237060547,21.891666412353516,21.25,21.875,10133040
2023-06-21,18.838253021240234,21.375,21.483333587646484,21.216665267944336,21.458332061767578,10302720
2023-06-22,18.478378295898438,20.966665267944336,21.566665649414062,20.79166603088379,21.358333587646484,11401080
2023-06-23,18.456344604492188,20.941665649414062,21.058332443237305,20.700000762939453,20.808332443237305,5623920
2023-06-26,18.603235244750977,21.108333587646484,21.216665267944336,20.858333587646484,20.858333587646484,5640840
2023-06-27,18.669330596923828,21.183332443237305,21.424999237060547,21.083332061767578,21.333332061767578,7787040
2023-06-28,18.382902145385742,20.858333587646484,21.516666412353516,20.716665267944336,21.325000762939453,12631680
2023-06-29,18.566511154174805,21.066665649414062,21.208332061767578,20.79166603088379,20.950000762939453,7711320
2023-06-30,18.412281036376953,20.891666412353516,21.316665649414062,20.841665267944336,21.25,10435080
2023-07-03,19.07326889038086,21.641666412353516,21.75,20.958332061767578,20.958332061767578,13318440
2023-07-04,19.036544799804688,21.600000381469727,21.799999237060547,21.466665267944336,21.591665267944336,6119280
2023-07-05,18.963102340698242,21.516666412353516,21.649999618530273,21.358333587646484,21.516666412353516,8583960
2023-07-06,18.77949333190918,21.308332443237305,21.483333587646484,20.975000381469727,21.316665649414062,10538640
2023-07-07,19.1981258392334,21.78333282470703,22.03333282470703,21.308332443237305,21.325000762939453,8835720
2023-07-10,19.30828857421875,21.90833282470703,21.933332443237305,21.583332061767578,21.641666412353516,5584320
2023-07-11,19.359699249267578,21.966665267944336,22.066665649414062,21.79166603088379,21.950000762939453,9247440
2023-07-12,19.763639450073242,22.424999237060547,22.66666603088379,22.225000381469727,22.341665267944336,12696360
2023-07-13,20.108823776245117,22.816665649414062,23.116666793823242,22.53333282470703,22.649999618530273,12825360
2023-07-14,19.947250366210938,22.633333206176758,23.016666412353516,22.424999237060547,23.016666412353516,8556840
2023-07-17,20.020689010620117,22.716665267944336,22.833332061767578,22.133333206176758,22.53333282470703,9912960
2023-07-18,20.2189884185791,22.941665649414062,23.133333206176758,22.66666603088379,22.78333282470703,7207080
2023-07-19,20.14554786682129,22.858333587646484,23.066665649414062,22.483333587646484,23.066665649414062,9119160
2023-07-20,20.211645126342773,22.933332443237305,23.241666793823242,22.90833282470703,23.083332061767578,7953960
2023-07-21,19.991313934326172,22.683332443237305,22.991666793823242,22.433332443237305,22.79166603088379,12433440
2023-07-24,20.5788631439209,23.350000381469727,23.466665267944336,22.65833282470703,22.65833282470703,14029080
2023-07-25,21.298608779907227,24.16666603088379,24.41666603088379,23.575000762939453,23.575000762939453,23455920
2023-07-26,21.3353271484375,24.208332061767578,24.433332443237305,23.983333587646484,24.116666793823242,9558840
2023-07-27,20.916704177856445,23.733333587646484,24.116666793823242,23.633333206176758,24.083332061767578,9480840
2023-07-28,20.843257904052734,23.649999618530273,23.758333206176758,23.216665267944336,23.691665649414062,8486760
2023-07-31,21.48221778869629,24.375,24.41666603088379,23.708332061767578,23.75,14794440
2023-08-01,21.41611671447754,24.299999237060547,24.466665267944336,24.133333206176758,24.208332061767578,12451440
2023-08-02,21.122343063354492,23.966665267944336,24.183332443237305,23.716665267944336,24.183332443237305,10671240
2023-08-03,20.924047470092773,23.741666793823242,24.316665649414062,23.608333587646484,23.991666793823242,17410440
2023-08-04,20.615583419799805,23.391666412353516,24.03333282470703,23.333332061767578,23.700000762939453,19486680
2023-08-07,20.402597427368164,23.149999618530273,23.325000762939453,22.91666603088379,23.325000762939453,18048840
2023-08-08,19.79301643371582,22.458332061767578,22.975000381469727,22.375,22.975000381469727,19684800
2023-08-09,18.992483139038086,21.549999237060547,22.583332061767578,21.450000762939453,22.475000381469727,24862920
2023-08-10,19.007171630859375,21.566665649414062,21.774999618530273,21.383333206176758,21.708332061767578,12581160
2023-08-11,18.84559440612793,21.383333206176758,21.766666412353516,21.25,21.691665649414062,17803800
2023-08-14,18.977794647216797,21.53333282470703,21.741666793823242,21.25,21.383333206176758,15096960
2023-08-15,18.933731079101562,21.483333587646484,21.700000762939453,21.358333587646484,21.66666603088379,16511880
2023-08-16,18.919038772583008,21.466665267944336,21.899999618530273,21.40833282470703,21.608333587646484,15067800
2023-08-17,18.830907821655273,21.366666793823242,21.833332061767578,21.29166603088379,21.66666603088379,10087800
2023-08-18,18.728086471557617,21.25,21.466665267944336,21.100000381469727,21.375,8382960
2023-08-21,18.616029739379883,20.766666412353516,21.03333282470703,20.54166603088379,21.016666412353516,12842640
2023-08-22,18.817731857299805,20.991666793823242,21.15833282470703,20.875,21.016666412353516,6851400
2023-08-23,18.862550735473633,21.04166603088379,21.208332061767578,20.90833282470703,21.075000762939453,11036760
2023-08-24,18.54132843017578,20.683332443237305,20.958332061767578,20.583332061767578,20.933332443237305,10843440
2023-08-25,18.518917083740234,20.65833282470703,20.79166603088379,20.516666412353516,20.683332443237305,8508480
2023-08-28,18.82520294189453,21.0,21.049999237060547,20.591665267944336,20.649999618530273,6635160
2023-08-29,19.18377685546875,21.399999618530273,21.508333206176758,20.975000381469727,21.083332061767578,7613520
2023-08-30,19.32571029663086,21.558332443237305,21.799999237060547,21.441665649414062,21.441665649414062,8559960
2023-08-31,19.310771942138672,21.54166603088379,21.758333206176758,21.458332061767578,21.625,11946480
2023-09-01,19.42282485961914,21.66666603088379,22.0,21.54166603088379,21.758333206176758,12237720
2023-09-04,19.557289123535156,21.816665649414062,22.04166603088379,21.641666412353516,21.75,3768960
2023-09-05,19.26595115661621,21.491666793823242,21.566665649414062,21.25,21.5,10342560
2023-09-06,18.967140197753906,21.15833282470703,21.633333206176758,21.125,21.491666793823242,15730320
2023-09-08,18.90737533569336,21.091665267944336,21.183332443237305,20.683332443237305,21.0,10665840
2023-09-11,19.08666229248047,21.29166603088379,21.424999237060547,21.091665267944336,21.424999237060547,10099080
2023-09-12,19.22112274169922,21.441665649414062,21.450000762939453,21.191665649414062,21.325000762939453,5940600
2023-09-13,18.94472312927246,21.133333206176758,21.5,21.133333206176758,21.399999618530273,10705440
2023-09-14,19.161367416381836,21.375,21.53333282470703,21.25,21.383333206176758,11659920
2023-09-15,19.258480072021484,21.483333587646484,21.625,21.29166603088379,21.483333587646484,12811320
2023-09-18,18.630971908569336,20.78333282470703,21.633333206176758,20.78333282470703,21.433332443237305,13315800
2023-09-19,18.3695125579834,20.491666793823242,20.883333206176758,20.383333206176758,20.799999237060547,14317320
2023-09-20,18.653383255004883,20.808332443237305,20.975000381469727,20.583332061767578,20.583332061767578,8694840
2023-09-21,18.220108032226562,20.325000762939453,20.566665649414062,20.191665649414062,20.5,11650080
2023-09-22,18.12299156188965,20.216665267944336,20.616666793823242,20.183332443237305,20.41666603088379,6385320
2023-09-25,18.22757339477539,20.333332061767578,20.341665267944336,20.008333206176758,20.083332061767578,12575280
2023-09-26,18.249982833862305,20.358333587646484,20.600000381469727,20.16666603088379,20.233333587646484,11932080
2023-09-27,18.264925003051758,20.375,20.649999618530273,20.28333282470703,20.458332061767578,8044560
2023-09-28,18.15287208557129,20.25,20.508333206176758,20.216665267944336,20.366666793823242,10978560
2023-09-29,18.025875091552734,20.108333587646484,20.54166603088379,19.933332443237305,20.399999618530273,12557160
2023-10-02,17.76441764831543,19.816665649414062,20.16666603088379,19.674999237060547,20.16666603088379,7661280
2023-10-03,17.39837074279785,19.40833282470703,19.866666793823242,19.183332443237305,19.725000381469727,15649440
2023-10-04,17.181730270385742,19.16666603088379,19.608333587646484,19.049999237060547,19.475000381469727,10827360
2023-10-05,16.935209274291992,18.891666412353516,19.200000762939453,18.774999618530273,19.16666603088379,8880360
2023-10-06,16.935209274291992,18.891666412353516,18.991666793823242,18.66666603088379,18.79166603088379,11990760
2023-10-09,16.83062171936035,18.774999618530273,18.816665649414062,18.491666793823242,18.758333206176758,6998760
2023-10-10,16.875450134277344,18.825000762939453,18.983333587646484,18.725000381469727,18.891666412353516,8689680
2023-10-11,16.823156356811523,18.766666412353516,19.0,18.708332061767578,18.958332061767578,7557480
2023-10-13,16.681217193603516,18.608333587646484,18.766666412353516,18.424999237060547,18.758333206176758,14255880
2023-10-16,16.838092803955078,18.78333282470703,19.024999618530273,18.674999237060547,18.741666793823242,7948440
2023-10-17,16.681217193603516,18.608333587646484,18.774999618530273,18.508333206176758,18.741666793823242,8582040
2023-10-18,16.180707931518555,18.049999237060547,18.575000762939453,17.966665267944336,18.5,15332280
2023-10-19,16.15829849243164,18.024999618530273,18.233333587646484,17.924999237060547,18.049999237060547,10394280
2023-10-20,16.023832321166992,17.875,18.03333282470703,17.708332061767578,17.891666412353516,17018160
2023-10-23,16.255413055419922,18.133333206176758,18.308332443237305,17.674999237060547,17.79166603088379,11660520
2023-10-24,16.098533630371094,17.958332061767578,18.391666412353516,17.924999237060547,18.391666412353516,10801440
2023-10-25,16.038774490356445,17.891666412353516,18.083332061767578,17.733333587646484,18.024999618530273,7316280
2023-10-26,16.29276466369629,18.174999237060547,18.266666412353516,17.833332061767578,17.933332443237305,7625160
2023-10-27,16.315176010131836,18.200000762939453,18.399999618530273,18.174999237060547,18.233333587646484,6672000
2023-10-30,16.345056533813477,18.233333587646484,18.441665649414062,18.091665267944336,18.308332443237305,5042760
2023-10-31,16.262880325317383,18.141666412353516,18.358333587646484,18.125,18.308332443237305,13353720
2023-11-01,16.569164276123047,18.483333587646484,18.5,18.149999618530273,18.16666603088379,11172840
2023-11-03,17.069673538208008,19.04166603088379,19.15833282470703,18.79166603088379,18.825000762939453,11056080
2023-11-06,17.27137565612793,19.266666412353516,19.516666412353516,19.024999618530273,19.133333206176758,11449440
2023-11-07,17.03232765197754,19.0,19.53333282470703,18.899999618530273,19.358333587646484,20671680
2023-11-08,16.950149536132812,18.90833282470703,19.16666603088379,18.883333206176758,19.0,9691560
2023-11-09,16.97256088256836,18.933332443237305,19.216665267944336,18.808332443237305,18.991666793823242,9772800
2023-11-10,17.749473571777344,19.799999237060547,19.858333587646484,19.04166603088379,19.04166603088379,14600400
2023-11-13,17.59259605407715,19.625,20.024999618530273,19.549999237060547,19.808332443237305,15117360
2023-11-14,18.048290252685547,20.133333206176758,20.375,19.625,19.625,18150000
2023-11-16,18.108051300048828,20.200000762939453,20.399999618530273,20.008333206176758,20.15833282470703,25467240
2023-11-17,18.30974769592285,20.424999237060547,20.591665267944336,20.216665267944336,20.28333282470703,15621120
2023-11-20,17.51764678955078,19.16666603088379,19.891666412353516,19.141666412353516,19.891666412353516,31297920
2023-11-21,17.807069778442383,19.483333587646484,19.733333587646484,19.100000381469727,19.241666793823242,15963360
2023-11-22,17.746135711669922,19.41666603088379,19.733333587646484,19.366666793823242,19.583332061767578,8336160
2023-11-23,17.708053588867188,19.375,19.583332061767578,19.29166603088379,19.41666603088379,5145360
2023-11-24,16.99973487854004,18.600000381469727,19.366666793823242,18.600000381469727,19.274999618530273,12288480
2023-11-27,16.992116928100586,18.591665267944336,18.725000381469727,18.424999237060547,18.591665267944336,7318680
2023-11-28,16.976884841918945,18.575000762939453,18.825000762939453,18.466665267944336,18.549999237060547,9165840
2023-11-29,17.022581100463867,18.625,18.75,18.524999618530273,18.741666793823242,6894840
2023-11-30,16.641759872436523,18.208332061767578,18.79166603088379,18.125,18.700000762939453,23382120
2023-12-01,16.870254516601562,18.458332061767578,18.716665267944336,18.100000381469727,18.29166603088379,15088560
2023-12-04,16.824554443359375,18.40833282470703,18.491666793823242,18.241666793823242,18.383333206176758,13020240
2023-12-05,16.954036712646484,18.549999237060547,18.616666793823242,18.350000381469727,18.41666603088379,10398240
2023-12-06,16.94641876220703,18.54166603088379,18.75,18.5,18.66666603088379,11545080
2023-12-07,16.992116928100586,18.591665267944336,18.725000381469727,18.508333206176758,18.591665267944336,10417800
2023-12-08,17.144445419311523,18.758333206176758,18.808332443237305,18.366666793823242,18.608333587646484,19615080
2023-12-11,17.16729164123535,18.78333282470703,18.858333587646484,18.616666793823242,18.700000762939453,6216000
2023-12-12,17.289155960083008,18.91666603088379,18.933332443237305,18.674999237060547,18.858333587646484,7563240
2023-12-13,17.51764678955078,19.16666603088379,19.266666412353516,18.75,18.91666603088379,9091560
2023-12-14,17.875612258911133,19.558332443237305,19.625,19.191665649414062,19.29166603088379,13155000
2023-12-15,17.692821502685547,19.358333587646484,19.649999618530273,19.091665267944336,19.375,21266160
2023-12-18,17.928930282592773,19.616666793823242,20.125,19.483333587646484,19.799999237060547,13194120
2023-12-19,17.487180709838867,19.133333206176758,19.54166603088379,19.04166603088379,19.274999618530273,14714280
2023-12-20,17.34246826171875,18.975000381469727,19.366666793823242,18.933332443237305,19.066665649414062,7553880
2023-12-21,17.822303771972656,19.5,19.65833282470703,19.091665267944336,19.108333587646484,9143640
2023-12-22,18.01270866394043,19.708332061767578,19.833332061767578,19.441665649414062,19.516666412353516,5625120
2023-12-26,17.97463035583496,19.66666603088379,19.766666412353516,19.625,19.75,2400240
2023-12-27,17.921314239501953,19.608333587646484,19.708332061767578,19.5,19.633333206176758,4538640
2023-12-28,18.09649085998535,19.799999237060547,19.799999237060547,19.53333282470703,19.54166603088379,5254200
2024-01-02,17.921314239501953,19.608333587646484,19.850000381469727,19.5,19.799999237060547,6753600
2024-01-03,17.723285675048828,19.391666412353516,19.641666412353516,19.350000381469727,19.566665649414062,7369440
2024-01-04,17.63188934326172,19.29166603088379,19.566665649414062,19.191665649414062,19.341665267944336,7351080
2024-01-05,17.639509201049805,19.299999237060547,19.308332443237305,19.008333206176758,19.200000762939453,8587560
2024-01-08,17.791833877563477,19.466665267944336,19.625,19.225000381469727,19.274999618530273,9935040
2024-01-09,16.862642288208008,18.450000762939453,19.549999237060547,18.450000762939453,19.358333587646484,19194240
2024-01-10,16.359960556030273,17.899999618530273,18.433332443237305,17.725000381469727,18.333332061767578,25515240
2024-01-11,16.146699905395508,17.66666603088379,18.03333282470703,17.66666603088379,17.91666603088379,12556800
2024-01-12,16.23048210144043,17.758333206176758,17.975000381469727,17.633333206176758,17.674999237060547,7463040
2024-01-15,16.207632064819336,17.733333587646484,17.766666412353516,17.54166603088379,17.708332061767578,6035040
2024-01-16,15.750650405883789,17.233333587646484,17.708332061767578,17.141666412353516,17.600000381469727,15841680
2024-01-17,15.65925121307373,17.133333206176758,17.399999618530273,17.100000381469727,17.16666603088379,10993920
2024-01-18,15.84965705871582,17.341665267944336,17.524999618530273,17.108333587646484,17.28333282470703,20207760
2024-01-19,16.047687530517578,17.558332443237305,17.708332061767578,17.341665267944336,17.466665267944336,12886560
2024-01-22,15.887746810913086,17.383333206176758,17.633333206176758,17.28333282470703,17.54166603088379,9004800
2024-01-23,16.16954803466797,17.691665649414062,17.825000762939453,17.40833282470703,17.608333587646484,9194040
2024-01-24,16.54275131225586,18.100000381469727,18.29166603088379,17.875,17.975000381469727,11746080
2024-01-25,16.588449478149414,18.149999618530273,18.28333282470703,17.850000381469727,18.141666412353516,10241400
2024-01-26,16.634151458740234,18.200000762939453,18.28333282470703,18.083332061767578,18.133333206176758,5997960
2024-01-29,16.268558502197266,17.799999237060547,18.274999618530273,17.716665267944336,18.208332061767578,10677000
2024-01-30,16.20001792907715,17.725000381469727,17.808332443237305,17.475000381469727,17.75,13403160
2024-01-31,16.02483558654785,17.53333282470703,17.850000381469727,17.508333206176758,17.608333587646484,12976200
2024-02-01,15.971525192260742,17.475000381469727,17.674999237060547,17.41666603088379,17.583332061767578,7012920
2024-02-02,16.352344512939453,17.891666412353516,18.091665267944336,17.66666603088379,17.933332443237305,13679880
2024-02-05,16.25333023071289,17.78333282470703,17.958332061767578,17.608333587646484,17.883333206176758,6298440
2024-02-06,16.55036735534668,18.108333587646484,18.233333587646484,17.75,17.79166603088379,9999600
2024-02-07,16.588449478149414,18.149999618530273,18.258333206176758,18.075000762939453,18.141666412353516,5982840
2024-02-08,16.26094627380371,17.79166603088379,18.333332061767578,17.75,18.141666412353516,7415040
2024-02-09,15.979141235351562,17.483333587646484,18.016666412353516,17.41666603088379,17.691665649414062,9794280
2024-02-14,15.79634952545166,17.28333282470703,17.450000762939453,17.208332061767578,17.41666603088379,8130720
2024-02-15,15.765883445739746,17.25,17.524999618530273,17.225000381469727,17.29166603088379,14963280
2024-02-16,16.154315948486328,17.674999237060547,17.833332061767578,17.299999237060547,17.391666412353516,23321280
2024-02-19,16.192398071289062,17.716665267944336,17.766666412353516,17.450000762939453,17.641666412353516,4652040
2024-02-20,16.29902458190918,17.833332061767578,17.833332061767578,17.53333282470703,17.549999237060547,12122520
2024-02-21,16.634151458740234,18.200000762939453,18.391666412353516,17.40833282470703,17.5,33698520
2024-02-22,16.489437103271484,18.04166603088379,18.308332443237305,17.899999618530273,18.225000381469727,14410080
2024-02-23,16.3447265625,17.883333206176758,18.258333206176758,17.79166603088379,18.04166603088379,12369720
2024-02-26,16.146699905395508,17.66666603088379,17.850000381469727,17.53333282470703,17.833332061767578,10697160
2024-02-27,16.489437103271484,18.04166603088379,18.04166603088379,17.816665649414062,17.850000381469727,9549600
2024-02-28,16.413272857666016,17.958332061767578,18.049999237060547,17.708332061767578,18.0,7200720
2024-02-29,16.37519073486328,17.91666603088379,18.016666412353516,17.79166603088379,17.90833282470703,11970840
2024-03-01,17.083513259887695,18.691665649414062,18.691665649414062,17.983333587646484,17.983333587646484,31361760
2024-03-04,16.777496337890625,18.274999618530273,18.733333587646484,18.216665267944336,18.633333206176758,9329400
2024-03-05,16.578582763671875,18.058332443237305,18.266666412353516,17.941665649414062,18.15833282470703,13608240
2024-03-06,16.356719970703125,17.816665649414062,18.183332443237305,17.66666603088379,18.066665649414062,15367920
2024-03-07,16.11190414428711,17.549999237060547,17.875,17.508333206176758,17.816665649414062,9828840
2024-03-08,16.24961280822754,17.700000762939453,17.700000762939453,17.450000762939453,17.5,9109200
2024-03-11,16.211360931396484,17.65833282470703,17.866666793823242,17.5,17.516666412353516,7983600
2024-03-12,16.4791259765625,17.950000762939453,18.058332443237305,17.66666603088379,17.808332443237305,14717520
2024-03-13,16.723939895629883,18.216665267944336,18.508333206176758,17.799999237060547,17.891666412353516,19393320
2024-03-14,16.219009399414062,17.66666603088379,18.625,17.649999618530273,18.583332061767578,21950520
2024-03-15,15.897688865661621,17.316665649414062,17.708332061767578,17.225000381469727,17.491666793823242,20189880
2024-03-18,16.394973754882812,17.858333587646484,17.958332061767578,17.358333587646484,17.458332061767578,12220080
2024-03-19,16.570932388305664,18.049999237060547,18.125,17.899999618530273,18.0,10386720
2024-03-20,16.71628761291504,18.208332061767578,18.225000381469727,17.850000381469727,18.008333206176758,7762320
2024-03-21,16.86930274963379,18.375,18.491666793823242,18.058332443237305,18.149999618530273,10047360
2024-03-22,16.53268051147461,18.008333206176758,18.299999237060547,17.966665267944336,18.274999618530273,5266080
2024-03-25,16.5020809173584,17.975000381469727,18.100000381469727,17.850000381469727,17.975000381469727,7199280
2024-03-26,16.456172943115234,17.924999237060547,17.966665267944336,17.716665267944336,17.883333206176758,6934440
2024-03-27,16.808095932006836,18.308332443237305,18.450000762939453,17.78333282470703,17.891666412353516,10456080
2024-03-28,16.984058380126953,18.5,18.583332061767578,18.149999618530273,18.29166603088379,12000480
2024-04-01,17.06056022644043,18.583332061767578,18.741666793823242,18.424999237060547,18.583332061767578,10429560
2024-04-02,17.19062042236328,18.725000381469727,18.958332061767578,18.466665267944336,18.641666412353516,10578840
2024-04-03,17.3436279296875,18.891666412353516,18.891666412353516,18.524999618530273,18.700000762939453,11062920
2024-04-04,17.649648666381836,19.225000381469727,19.516666412353516,18.758333206176758,18.91666603088379,19036440
2024-04-05,17.397186279296875,18.950000762939453,19.341665267944336,18.700000762939453,19.25,11992920
2024-04-08,17.710851669311523,19.29166603088379,19.5,19.058332443237305,19.16666603088379,10542840
2024-04-09,17.59609603881836,19.16666603088379,19.458332061767578,18.891666412353516,19.433332443237305,15952200
2024-04-10,17.48133659362793,19.04166603088379,19.25,18.950000762939453,19.100000381469727,9716760
2024-04-11,17.496639251708984,19.058332443237305,19.125,18.850000381469727,19.04166603088379,5760120
2024-04-12,17.06821060180664,18.591665267944336,19.183332443237305,18.433332443237305,19.04166603088379,13414920
2024-04-15,17.664953231811523,19.241666793823242,19.558332443237305,18.91666603088379,19.058332443237305,30596400
2024-04-16,17.152368545532227,18.683332443237305,18.991666793823242,18.558332443237305,18.991666793823242,14296200
2024-04-17,17.22122573852539,18.758333206176758,19.333332061767578,18.725000381469727,19.15833282470703,13046400
2024-04-18,17.23193359375,18.770000457763672,19.139999389648438,18.709999084472656,18.93000030517578,12500200
2024-04-19,17.645057678222656,19.219999313354492,19.239999771118164,18.639999389648438,18.709999084472656,16038100
2024-04-22,18.012283325195312,19.6200008392334,20.010000228881836,18.920000076293945,19.239999771118164,22240200
2024-04-23,17.287015914916992,18.829999923706055,19.260000228881836,18.809999465942383,19.200000762939453,25684500
2024-04-24,16.855531692504883,18.360000610351562,19.049999237060547,18.239999771118164,18.950000762939453,18014900
2024-04-25,16.736181259155273,18.229999542236328,18.34000015258789,18.010000228881836,18.239999771118164,12418000
2024-04-26,17.103404998779297,18.6299991607666,18.68000030517578,18.149999618530273,18.299999237060547,11850900
2024-04-29,17.075864791870117,18.600000381469727,18.739999771118164,18.450000762939453,18.700000762939453,7728500
2024-04-30,16.76372718811035,18.260000228881836,18.520000457763672,18.149999618530273,18.459999084472656,8079400
2024-05-02,17.103404998779297,18.6299991607666,18.75,18.34000015258789,18.43000030517578,9028600
2024-05-03,18.04900550842285,19.65999984741211,19.790000915527344,19.110000610351562,19.549999237060547,29989200
2024-05-06,18.030643463134766,19.639999389648438,20.139999389648438,19.600000381469727,19.790000915527344,16958500
2024-05-07,17.72768211364746,19.309999465942383,19.780000686645508,19.1200008392334,19.739999771118164,17992100
2024-05-08,17.85621452331543,19.450000762939453,19.459999084472656,18.940000534057617,19.209999084472656,7291500
2024-05-09,17.7644100189209,19.350000381469727,19.59000015258789,19.110000610351562,19.110000610351562,11892800
2024-05-10,17.57161521911621,19.139999389648438,19.40999984741211,19.010000228881836,19.389999389648438,8644900
2024-05-13,17.72768211364746,19.309999465942383,19.420000076293945,19.170000076293945,19.219999313354492,7439100
2024-05-14,17.72768211364746,19.309999465942383,19.6299991607666,19.280000686645508,19.34000015258789,10347400
2024-05-15,18.223432540893555,19.850000381469727,19.920000076293945,19.270000457763672,19.299999237060547,17958300
2024-05-16,18.679718017578125,20.059999465942383,20.440000534057617,19.68000030517578,19.760000228881836,19167400
2024-05-17,18.204809188842773,19.549999237060547,20.239999771118164,19.549999237060547,20.030000686645508,12947900
2024-05-20,17.953392028808594,19.280000686645508,19.670000076293945,19.100000381469727,19.549999237060547,16587300
2024-05-21,17.646095275878906,18.950000762939453,19.40999984741211,18.84000015258789,19.389999389648438,21984500
2024-05-22,17.28293228149414,18.559999465942383,18.920000076293945,18.479999542236328,18.920000076293945,12811100
2024-05-23,17.18050193786621,18.450000762939453,18.530000686645508,18.209999084472656,18.520000457763672,11300500
2024-05-24,17.43192481994629,18.719999313354492,18.959999084472656,18.649999618530273,18.690000534057617,16587000
2024-05-27,17.236371994018555,18.510000228881836,18.670000076293945,18.190000534057617,18.6200008392334,8512000
2024-05-28,17.19912338256836,18.469999313354492,18.81999969482422,18.31999969482422,18.600000381469727,8281100
2024-05-29,16.984947204589844,18.239999771118164,18.450000762939453,18.049999237060547,18.350000381469727,10137100
2024-05-31,16.863895416259766,18.110000610351562,18.309999465942383,17.959999084472656,18.18000030517578,20769600
2024-06-03,16.379676818847656,17.59000015258789,18.15999984741211,17.520000457763672,18.149999618530273,13127300
2024-06-04,16.193435668945312,17.389999389648438,17.520000457763672,17.170000076293945,17.440000534057617,9689300
2024-06-05,16.06307029724121,17.25,17.510000228881836,17.18000030517578,17.450000762939453,8417000
2024-06-06,16.091005325317383,17.280000686645508,17.489999771118164,17.170000076293945,17.329999923706055,10124800
2024-06-07,15.80233383178711,16.969999313354492,17.190000534057617,16.90999984741211,17.170000076293945,8033000
2024-06-10,15.690591812133789,16.850000381469727,17.079999923706055,16.850000381469727,17.010000228881836,5398000
2024-06-11,16.06307029724121,17.25,17.270000457763672,16.780000686645508,16.850000381469727,14188600
2024-06-12,16.17481231689453,17.3700008392334,17.56999969482422,17.15999984741211,17.350000381469727,22498600
2024-06-13,16.13756561279297,17.329999923706055,17.59000015258789,17.239999771118164,17.290000915527344,10166600
2024-06-14,15.830269813537598,17.0,17.219999313354492,16.8700008392334,17.219999313354492,10990400
2024-06-17,15.727838516235352,16.889999389648438,16.950000762939453,16.68000030517578,16.889999389648438,7319800
2024-06-18,15.811647415161133,16.979999542236328,17.1299991607666,16.84000015258789,16.889999389648438,6467700
2024-06-19,16.044445037841797,17.229999542236328,17.34000015258789,16.829999923706055,16.889999389648438,5853500
2024-06-20,16.202747344970703,17.399999618530273,17.709999084472656,17.290000915527344,17.299999237060547,13141000
2024-06-21,16.51935386657715,17.739999771118164,17.829999923706055,17.209999084472656,17.280000686645508,17707600
2024-06-24,16.621784210205078,17.850000381469727,17.959999084472656,17.6299991607666,17.670000076293945,8537300
2024-06-25,16.612472534179688,17.84000015258789,17.940000534057617,17.639999389648438,17.760000228881836,7787200
2024-06-26,16.957014083862305,18.209999084472656,18.209999084472656,17.75,17.799999237060547,10144200
2024-06-27,17.003570556640625,18.260000228881836,18.350000381469727,18.030000686645508,18.219999313354492,7047600
2024-06-28,17.11531639099121,18.3799991607666,18.469999313354492,18.15999984741211,18.209999084472656,11288700
2024-07-01,17.0594425201416,18.31999969482422,18.5,18.1299991607666,18.40999984741211,7030800
2024-07-02,17.208436965942383,18.479999542236328,18.579999923706055,18.329999923706055,18.3700008392334,9765900
2024-07-03,17.078065872192383,18.34000015258789,18.84000015258789,18.280000686645508,18.6299991607666,11540000
2024-07-04,16.984947204589844,18.239999771118164,18.5,18.18000030517578,18.469999313354492,6349200
2024-07-05,16.761463165283203,18.0,18.280000686645508,17.75,18.280000686645508,11034900
2024-07-08,16.575223922729492,17.799999237060547,18.079999923706055,17.700000762939453,17.90999984741211,7197500
2024-07-09,16.677654266357422,17.90999984741211,17.940000534057617,17.56999969482422,17.790000915527344,5638400
2024-07-10,16.649721145629883,17.8799991607666,17.969999313354492,17.739999771118164,17.950000762939453,4984900
2024-07-11,16.873207092285156,18.1200008392334,18.190000534057617,17.899999618530273,17.93000030517578,5953800
2024-07-12,17.01288414001465,18.270000457763672,18.350000381469727,18.059999465942383,18.15999984741211,4444500
2024-07-15,17.32017707824707,18.600000381469727,18.690000534057617,18.15999984741211,18.270000457763672,7465600
2024-07-16,17.692657470703125,19.0,19.0,18.399999618530273,18.450000762939453,10707100
2024-07-17,17.711278915405273,19.020000457763672,19.1299991607666,18.790000915527344,19.0,8924500
2024-07-18,17.39467430114746,18.68000030517578,19.040000915527344,18.649999618530273,18.959999084472656,7058700
2024-07-19,17.497108459472656,18.790000915527344,18.8700008392334,18.610000610351562,18.6299991607666,7680000
2024-07-22,17.590225219726562,18.889999389648438,18.959999084472656,18.770000457763672,18.8700008392334,5909300
2024-07-23,16.798709869384766,18.040000915527344,18.790000915527344,17.940000534057617,18.790000915527344,19559500
2024-07-24,16.71490478515625,17.950000762939453,18.1299991607666,17.610000610351562,18.040000915527344,15129600
2024-07-25,17.0594425201416,18.31999969482422,18.479999542236328,17.780000686645508,17.81999969482422,13581600
2024-07-26,17.0594425201416,18.31999969482422,18.389999389648438,17.93000030517578,18.1200008392334,11820100
2024-07-29,16.873207092285156,18.1200008392334,18.399999618530273,17.989999771118164,18.399999618530273,9933700
2024-07-30,16.78940200805664,18.030000686645508,18.15999984741211,17.799999237060547,18.030000686645508,7199200
2024-07-31,17.003570556640625,18.260000228881836,18.3700008392334,18.0,18.020000457763672,8662400
2024-08-01,16.91976547241211,18.170000076293945,18.780000686645508,18.06999969482422,18.25,19025300
2024-08-02,16.13756561279297,17.329999923706055,18.360000610351562,17.329999923706055,18.18000030517578,17227700
2024-08-05,16.03512954711914,17.219999313354492,17.3700008392334,16.81999969482422,17.079999923706055,14510300
2024-08-06,16.016511917114258,17.200000762939453,17.350000381469727,16.889999389648438,17.219999313354492,9146300
2024-08-07,15.95132827758789,17.1299991607666,17.450000762939453,17.049999237060547,17.290000915527344,10709000
2024-08-08,16.18412208557129,17.3799991607666,17.43000030517578,17.100000381469727,17.139999389648438,9349500
2024-08-09,16.305179595947266,17.510000228881836,17.6200008392334,17.440000534057617,17.540000915527344,10482000
2024-08-12,16.502077102661133,17.600000381469727,17.719999313354492,17.520000457763672,17.530000686645508,11337900
2024-08-13,16.417694091796875,17.510000228881836,17.790000915527344,17.479999542236328,17.65999984741211,8705200
2024-08-14,16.31455421447754,17.399999618530273,17.510000228881836,17.329999923706055,17.450000762939453,9880600
2024-08-15,16.31455421447754,17.399999618530273,17.56999969482422,17.290000915527344,17.399999618530273,10043500
2024-08-16,16.145780563354492,17.219999313354492,17.479999542236328,17.18000030517578,17.479999542236328,8674600
2024-08-19,16.548959732055664,17.649999618530273,17.719999313354492,17.280000686645508,17.350000381469727,9998200
2024-08-20,16.64272117614746,17.75,17.75,17.360000610351562,17.65999984741211,9897100
2024-08-21,17.280302047729492,18.43000030517578,18.469999313354492,17.809999465942383,17.899999618530273,14339500
2024-08-22,17.13966178894043,18.280000686645508,18.479999542236328,18.06999969482422,18.440000534057617,8155200
2024-08-23,17.13966178894043,18.280000686645508,18.489999771118164,18.139999389648438,18.25,8064400
2024-08-26,17.270925521850586,18.420000076293945,18.579999923706055,18.290000915527344,18.479999542236328,5173600
2024-08-27,17.13028335571289,18.270000457763672,18.469999313354492,18.270000457763672,18.469999313354492,5575800
2024-08-28,16.933382034301758,18.059999465942383,18.25,17.850000381469727,18.149999618530273,6278900
2024-08-29,17.317806243896484,18.469999313354492,18.59000015258789,18.280000686645508,18.459999084472656,13118100
2024-08-30,17.158411026000977,18.299999237060547,18.420000076293945,18.170000076293945,18.34000015258789,21657900
2024-09-02,17.177162170410156,18.31999969482422,18.389999389648438,18.110000610351562,18.18000030517578,4610100
2024-09-03,16.595842361450195,17.700000762939453,18.25,17.700000762939453,18.18000030517578,13578700
2024-09-04,17.10215187072754,18.239999771118164,18.3700008392334,17.799999237060547,17.81999969482422,12457300
2024-09-05,17.252174377441406,18.399999618530273,18.459999084472656,18.139999389648438,18.170000076293945,9859600
2024-09-06,17.03652000427246,18.170000076293945,18.469999313354492,18.049999237060547,18.31999969482422,17399200
2024-09-09,17.34593391418457,18.5,18.780000686645508,18.25,18.270000457763672,10252000
2024-09-10,17.336559295654297,18.489999771118164,18.59000015258789,18.229999542236328,18.5,10857600
2024-09-11,17.41156578063965,18.56999969482422,18.81999969482422,18.389999389648438,18.59000015258789,11156700
2024-09-12,17.439697265625,18.600000381469727,18.690000534057617,18.43000030517578,18.639999389648438,9132100
2024-09-13,17.62721824645996,18.799999237060547,18.950000762939453,18.610000610351562,18.700000762939453,11000600
2024-09-16,17.32718276977539,18.479999542236328,18.81999969482422,18.43000030517578,18.75,10058500
2024-09-17,17.36468505859375,18.520000457763672,18.520000457763672,18.219999313354492,18.3799991607666,11343200
2024-09-18,17.270925521850586,18.420000076293945,18.6299991607666,18.299999237060547,18.299999237060547,23546700
2024-09-19,17.299053192138672,18.450000762939453,18.760000228881836,18.43000030517578,18.540000915527344,7441600
2024-09-20,16.924007415771484,18.049999237060547,18.399999618530273,17.989999771118164,18.34000015258789,18702500
2024-09-23,16.633346557617188,17.739999771118164,18.020000457763672,17.6299991607666,17.920000076293945,9683000
2024-09-24,17.32718276977539,18.479999542236328,18.649999618530273,18.100000381469727,18.219999313354492,16895300
2024-09-25,17.13028335571289,18.270000457763672,18.540000915527344,18.170000076293945,18.489999771118164,6872000
2024-09-26,17.795991897583008,18.979999542236328,19.079999923706055,18.540000915527344,18.610000610351562,13095100
2024-09-27,17.81474494934082,19.0,19.25,18.8799991607666,18.979999542236328,15025500
2024-09-30,17.908506393432617,19.100000381469727,19.31999969482422,19.049999237060547,19.06999969482422,12718100
2024-10-01,17.93663215637207,19.1299991607666,19.299999237060547,19.059999465942383,19.209999084472656,11670700
2024-10-02,18.161663055419922,19.3700008392334,19.68000030517578,19.229999542236328,19.270000457763672,17920000
2024-10-03,17.674102783203125,18.850000381469727,19.200000762939453,18.780000686645508,19.06999969482422,10039600
2024-10-04,17.983516693115234,19.18000030517578,19.280000686645508,18.760000228881836,18.809999465942383,8154500
2024-10-07,18.20854377746582,19.420000076293945,19.469999313354492,18.989999771118164,19.280000686645508,11451600
2024-10-08,17.889755249023438,19.079999923706055,19.170000076293945,19.010000228881836,19.079999923706055,11291200
2024-10-09,17.917882919311523,19.110000610351562,19.299999237060547,18.860000610351562,18.940000534057617,9197600
2024-10-10,17.955385208129883,19.149999618530273,19.350000381469727,19.0,19.110000610351562,7865500
2024-10-11,17.280302047729492,18.43000030517578,19.139999389648438,18.280000686645508,19.09000015258789,41744400
2024-10-14,17.308429718017578,18.459999084472656,18.56999969482422,18.1200008392334,18.309999465942383,17232500
2024-10-15,17.195913314819336,18.34000015258789,18.5,18.260000228881836,18.299999237060547,14049100
2024-10-16,17.120906829833984,18.260000228881836,18.530000686645508,18.190000534057617,18.350000381469727,14271100
2024-10-17,17.055273056030273,18.190000534057617,18.260000228881836,17.979999542236328,18.1299991607666,16655200
2024-10-18,17.252174377441406,18.399999618530273,18.610000610351562,18.31999969482422,18.3799991607666,13602000
2024-10-21,17.195913314819336,18.34000015258789,18.510000228881836,18.299999237060547,18.440000534057617,10638600
2024-10-22,17.03652000427246,18.170000076293945,18.229999542236328,18.020000457763672,18.149999618530273,9754900
2024-10-23,16.83962059020996,17.959999084472656,18.149999618530273,17.90999984741211,18.049999237060547,9536300
2024-10-24,16.80211639404297,17.920000076293945,18.040000915527344,17.829999923706055,17.950000762939453,7632000
2024-10-25,16.86775016784668,17.989999771118164,18.229999542236328,17.889999389648438,17.989999771118164,7552300
2024-10-28,17.13966178894043,18.280000686645508,18.350000381469727,18.09000015258789,18.110000610351562,6057200
2024-10-29,17.32718276977539,18.479999542236328,18.530000686645508,18.190000534057617,18.31999969482422,8283700
2024-10-30,17.270925521850586,18.420000076293945,18.559999465942383,18.329999923706055,18.479999542236328,7538800
2024-10-31,17.158411026000977,18.299999237060547,18.530000686645508,18.190000534057617,18.299999237060547,6771700
2024-11-01,17.06464958190918,18.200000762939453,18.299999237060547,18.020000457763672,18.239999771118164,7633400
2024-11-04,17.092777252197266,18.229999542236328,18.530000686645508,18.110000610351562,18.530000686645508,10935800
2024-11-05,17.074026107788086,18.209999084472656,18.399999618530273,18.059999465942383,18.25,15068900
2024-11-06,18.71485710144043,19.959999084472656,19.979999542236328,18.899999618530273,19.0,45316700
2024-11-07,19.221172332763672,20.5,20.670000076293945,19.719999313354492,19.799999237060547,25280100
2024-11-08,19.183666229248047,20.459999084472656,20.459999084472656,19.93000030517578,20.06999969482422,18648000
2024-11-11,19.174287796020508,20.450000762939453,20.469999313354492,20.020000457763672,20.25,11700000
2024-11-12,18.45232582092285,19.68000030517578,20.309999465942383,19.6200008392334,20.299999237060547,18181600
2024-11-13,18.555463790893555,19.790000915527344,19.889999389648438,19.3700008392334,19.549999237060547,10137300
2024-11-14,18.78049087524414,20.030000686645508,20.09000015258789,19.65999984741211,19.709999084472656,13262900
2024-11-18,18.696102142333984,19.940000534057617,20.170000076293945,19.75,20.059999465942383,16385800
2024-11-19,18.686586380004883,19.6299991607666,19.729999542236328,19.309999465942383,19.549999237060547,12906800
2024-11-21,18.762739181518555,19.709999084472656,19.8700008392334,19.360000610351562,19.459999084472656,17490700
2024-11-22,18.838897705078125,19.790000915527344,19.850000381469727,19.56999969482422,19.780000686645508,7921500
2024-11-25,19.33390235900879,20.309999465942383,20.309999465942383,19.649999618530273,19.75,18966300
2024-11-26,18.991207122802734,19.950000762939453,20.280000686645508,19.8700008392334,20.209999084472656,11958400
2024-11-27,19.162553787231445,20.1299991607666,20.350000381469727,19.8799991607666,20.06999969482422,14764700
2024-11-28,19.27678871154785,20.25,20.489999771118164,20.030000686645508,20.110000610351562,13861900
2024-11-29,19.324384689331055,20.299999237060547,20.459999084472656,20.100000381469727,20.25,15876100
2024-12-02,19.49573516845703,20.479999542236328,20.549999237060547,20.149999618530273,20.239999771118164,14934900
2024-12-03,19.866992950439453,20.8700008392334,20.959999084472656,20.479999542236328,20.549999237060547,10778700
2024-12-04,19.819395065307617,20.81999969482422,21.0,20.520000457763672,20.81999969482422,15310000
2024-12-05,19.847949981689453,20.850000381469727,20.959999084472656,20.59000015258789,20.90999984741211,8528400
2024-12-06,19.48621368408203,20.469999313354492,21.010000228881836,20.450000762939453,20.780000686645508,9929100
2024-12-09,20.133533477783203,21.149999618530273,21.299999237060547,20.700000762939453,20.75,12784900
2024-12-10,20.02882194519043,21.040000915527344,21.200000762939453,20.989999771118164,21.149999618530273,6940700
2024-12-11,19.99074363708496,21.0,21.229999542236328,20.68000030517578,21.110000610351562,11287600
2024-12-12,19.609968185424805,20.600000381469727,20.940000534057617,20.489999771118164,20.780000686645508,13709300
2024-12-13,19.038803100585938,20.0,20.649999618530273,19.850000381469727,20.489999771118164,17394100
2024-12-16,19.162553787231445,20.1299991607666,20.209999084472656,19.889999389648438,20.100000381469727,11814500
2024-12-17,19.400543212890625,20.3799991607666,20.459999084472656,20.0,20.200000762939453,23180300
2024-12-18,18.677066802978516,19.6200008392334,20.40999984741211,19.520000457763672,20.219999313354492,23412800
2024-12-19,18.43907928466797,19.3700008392334,19.850000381469727,19.290000915527344,19.610000610351562,19321500
2024-12-20,18.32485008239746,19.25,19.399999618530273,18.889999389648438,19.309999465942383,27763000
2024-12-23,17.8583984375,18.760000228881836,19.280000686645508,18.719999313354492,19.280000686645508,11315800
2024-12-26,17.810800552368164,18.709999084472656,18.8799991607666,18.559999465942383,18.760000228881836,12706300
2024-12-27,17.458581924438477,18.34000015258789,18.739999771118164,18.229999542236328,18.729999542236328,7688000
2024-12-30,17.2681941986084,18.139999389648438,18.459999084472656,18.100000381469727,18.350000381469727,9354300
2025-01-02,17.04924964904785,17.90999984741211,18.170000076293945,17.760000228881836,18.09000015258789,9490100
2025-01-03,16.48760223388672,17.31999969482422,17.8700008392334,17.31999969482422,17.809999465942383,12764200
2025-01-06,17.163482666015625,18.030000686645508,18.290000915527344,17.399999618530273,17.600000381469727,19572100
2025-01-07,17.07780647277832,17.940000534057617,18.56999969482422,17.850000381469727,18.139999389648438,12132300
2025-01-08,16.754148483276367,17.600000381469727,18.09000015258789,17.559999465942383,17.81999969482422,13010100
2025-01-09,16.278175354003906,17.100000381469727,17.639999389648438,17.100000381469727,17.540000915527344,14299700
2025-01-10,15.992592811584473,16.799999237060547,17.219999313354492,16.65999984741211,17.1200008392334,17317900
2025-01-13,16.1734619140625,16.989999771118164,17.06999969482422,16.510000228881836,16.81999969482422,12931600
2025-01-14,16.249618530273438,17.06999969482422,17.219999313354492,16.84000015258789,17.040000915527344,12190000
2025-01-15,16.801742553710938,17.649999618530273,17.68000030517578,17.219999313354492,17.219999313354492,11043700
2025-01-16,16.43048667907715,17.260000228881836,17.639999389648438,16.989999771118164,17.610000610351562,13266400
2025-01-17,16.535202026367188,17.3700008392334,17.5,17.170000076293945,17.399999618530273,12833100
2025-01-20,16.687509536743164,17.530000686645508,17.610000610351562,17.110000610351562,17.290000915527344,6081600
2025-01-21,17.04924964904785,17.90999984741211,17.93000030517578,17.5,17.600000381469727,10082400
2025-01-22,16.754148483276367,17.600000381469727,17.989999771118164,17.469999313354492,17.989999771118164,11092400
2025-01-23,16.620874404907227,17.459999084472656,17.690000534057617,17.360000610351562,17.6200008392334,8861100
2025-01-24,16.7160701751709,17.559999465942383,17.6299991607666,17.389999389648438,17.469999313354492,8425700
2025-01-27,16.89693832397461,17.75,17.780000686645508,17.459999084472656,17.530000686645508,8151600
2025-01-28,16.820783615112305,17.670000076293945,17.8799991607666,17.549999237060547,17.65999984741211,7886500
2025-01-29,16.630395889282227,17.469999313354492,17.799999237060547,17.3700008392334,17.700000762939453,14489200
2025-01-30,16.91597557067871,17.770000457763672,17.8799991607666,17.479999542236328,17.5,8594400
2025-01-31,16.39240837097168,17.219999313354492,17.920000076293945,16.959999084472656,17.729999542236328,18726300
2025-02-03,16.639915466308594,17.479999542236328,17.600000381469727,17.059999465942383,17.100000381469727,13393700
2025-02-04,16.268657684326172,17.09000015258789,17.459999084472656,17.030000686645508,17.350000381469727,10929300
2025-02-05,16.08778953552246,16.899999618530273,17.110000610351562,16.799999237060547,17.110000610351562,10004300
2025-02-06,16.268657684326172,17.09000015258789,17.15999984741211,16.790000915527344,16.940000534057617,6745400
2025-02-07,15.8974027633667,16.700000762939453,17.209999084472656,16.6299991607666,17.209999084472656,8165400
2025-02-10,16.725587844848633,17.56999969482422,17.739999771118164,17.0,17.100000381469727,20915200
2025-02-11,16.887418746948242,17.739999771118164,18.1299991607666,17.510000228881836,17.540000915527344,18838100
2025-02-12,16.535202026367188,17.3700008392334,17.65999984741211,17.219999313354492,17.540000915527344,14205900
2025-02-13,16.611356735229492,17.450000762939453,17.5,17.1299991607666,17.299999237060547,5875700
2025-02-14,16.735109329223633,17.579999923706055,17.719999313354492,17.34000015258789,17.579999923706055,6853000
2025-02-17,16.535202026367188,17.3700008392334,17.709999084472656,17.360000610351562,17.549999237060547,8584700
2025-02-18,16.601837158203125,17.440000534057617,17.639999389648438,17.270000457763672,17.459999084472656,11477300
2025-02-19,16.525684356689453,17.360000610351562,17.5,17.170000076293945,17.31999969482422,8894400
2025-02-20,15.64037799835205,16.43000030517578,17.579999923706055,16.43000030517578,17.43000030517578,26719700
2025-02-21,15.440468788146973,16.219999313354492,16.770000457763672,16.09000015258789,16.600000381469727,18547500
2025-02-24,15.488066673278809,16.270000457763672,16.5,15.930000305175781,16.170000076293945,14514900
2025-02-25,15.535663604736328,16.31999969482422,16.56999969482422,16.1299991607666,16.25,8154600
2025-02-26,15.849804878234863,16.649999618530273,16.760000228881836,16.40999984741211,16.479999542236328,13693500
2025-02-27,16.040193557739258,16.850000381469727,17.0,16.559999465942383,16.600000381469727,12714900
2025-02-28,15.859325408935547,16.65999984741211,17.049999237060547,16.65999984741211,16.700000762939453,16846300
2025-03-05,15.916438102722168,16.719999313354492,16.920000076293945,16.450000762939453,16.469999313354492,12820200
2025-03-06,16.108322143554688,16.81999969482422,17.139999389648438,16.579999923706055,16.65999984741211,9605000
2025-03-07,16.24239730834961,16.959999084472656,17.1299991607666,16.639999389648438,16.739999771118164,9969500
2025-03-10,16.146629333496094,16.860000610351562,17.040000915527344,16.559999465942383,16.799999237060547,9647100
2025-03-11,16.08916664123535,16.799999237060547,17.040000915527344,16.700000762939453,16.850000381469727,11075300
2025-03-12,15.83059310913086,16.530000686645508,16.920000076293945,16.479999542236328,16.799999237060547,9389300
2025-03-13,15.782708168029785,16.479999542236328,16.639999389648438,16.260000228881836,16.559999465942383,8254500
2025-03-14,16.194515228271484,16.90999984741211,17.010000228881836,16.56999969482422,16.59000015258789,6674200
2025-03-17,16.462669372558594,17.190000534057617,17.350000381469727,16.809999465942383,16.860000610351562,10168800
2025-03-18,16.48181915283203,17.209999084472656,17.299999237060547,17.1200008392334,17.149999618530273,5362700
2025-03-19,16.51055145263672,17.239999771118164,17.450000762939453,17.09000015258789,17.200000762939453,6377200
2025-03-20,16.472244262695312,17.200000762939453,17.3799991607666,17.100000381469727,17.100000381469727,6055200
2025-03-21,16.414783477783203,17.139999389648438,17.25,17.020000457763672,17.170000076293945,15149800
2025-03-24,16.51055145263672,17.239999771118164,17.459999084472656,17.15999984741211,17.260000228881836,5837700
2025-03-25,16.58716583251953,17.31999969482422,17.530000686645508,17.170000076293945,17.25,11113800
2025-03-26,16.730819702148438,17.469999313354492,17.5,17.280000686645508,17.290000915527344,7724300
2025-03-27,16.644624710083008,17.3799991607666,17.579999923706055,17.299999237060547,17.459999084472656,9659100
2025-03-28,16.184938430786133,16.899999618530273,17.420000076293945,16.760000228881836,17.3700008392334,8220600
2025-03-31,15.495401382446289,16.18000030517578,16.84000015258789,16.18000030517578,16.790000915527344,16606800
2025-04-01,15.907207489013672,16.610000610351562,16.850000381469727,16.100000381469727,16.239999771118164,13212000
2025-04-02,15.686939239501953,16.3799991607666,16.600000381469727,16.079999923706055,16.540000915527344,10605600
2025-04-03,15.246402740478516,15.920000076293945,16.290000915527344,15.84000015258789,16.270000457763672,18339100
2025-04-04,14.50898265838623,15.149999618530273,15.600000381469727,15.050000190734863,15.569999694824219,18147000
2025-04-07,13.982254028320312,14.600000381469727,15.359999656677246,14.300000190734863,14.789999961853027,27336400
2025-04-08,13.40764045715332,14.0,15.010000228881836,13.960000038146973,14.770000457763672,21471100
2025-04-09,14.36532974243164,15.0,15.0600004196167,13.739999771118164,13.800000190734863,19415200
2025-04-10,13.92479133605957,14.539999961853027,15.140000343322754,14.34000015258789,14.869999885559082,14261000
2025-04-11,14.058869361877441,14.680000305175781,14.9399995803833,14.420000076293945,14.6899995803833,12951000
2025-04-14,14.50898265838623,15.149999618530273,15.350000381469727,14.829999923706055,14.930000305175781,10836400
2025-04-15,14.346175193786621,14.979999542236328,15.229999542236328,14.890000343322754,15.170000076293945,6983900
2025-04-16,14.432367324829102,15.069999694824219,15.109999656677246,14.800000190734863,14.869999885559082,9261400
2025-04-17,14.31744384765625,14.949999809265137,15.119999885559082,14.880000114440918,15.09000015258789,8358800
2025-04-22,14.259984970092773,14.890000343322754,14.970000267028809,14.670000076293945,14.949999809265137,8830500
2025-04-23,14.422791481018066,15.0600004196167,15.380000114440918,15.029999732971191,15.140000343322754,11517300
2025-04-24,14.719673156738281,15.369999885559082,15.369999885559082,14.979999542236328,15.050000190734863,11974400
2025-04-25,14.681365013122559,15.329999923706055,15.420000076293945,15.140000343322754,15.300000190734863,13749000
2025-04-28,14.892057418823242,15.550000190734863,15.699999809265137,15.289999961853027,15.369999885559082,10156000
2025-04-29,14.719673156738281,15.369999885559082,15.720000267028809,15.199999809265137,15.529999732971191,16421200
2025-04-30,14.355751037597656,14.989999771118164,15.210000038146973,14.6899995803833,15.199999809265137,15627500
2025-05-02,14.307868003845215,14.9399995803833,15.239999771118164,14.890000343322754,15.0600004196167,9768700
2025-05-05,14.192944526672363,14.819999694824219,15.119999885559082,14.729999542236328,14.949999809265137,8474800
2025-05-06,14.154637336730957,14.779999732971191,15.079999923706055,14.779999732971191,14.899999618530273,7328700
2025-05-07,13.991830825805664,14.609999656677246,15.0,14.479999542236328,14.960000038146973,8835900
2025-05-08,14.269559860229492,14.899999618530273,14.989999771118164,14.710000038146973,14.770000457763672,11859400
2025-05-09,14.24059772491455,14.75,14.930000305175781,14.510000228881836,14.899999618530273,10328800
2025-05-12,14.626782417297363,15.149999618530273,15.449999809265137,15.0600004196167,15.170000076293945,15800200
2025-05-13,14.96469497680664,15.5,15.6899995803833,15.109999656677246,15.130000114440918,10281500
2025-05-14,15.032276153564453,15.569999694824219,15.789999961853027,15.430000305175781,15.479999542236328,14389500
2025-05-15,15.167441368103027,15.710000038146973,15.819999694824219,15.5,15.5,13244500
2025-05-16,15.225370407104492,15.770000457763672,15.880000114440918,15.520000457763672,15.579999923706055,12622400
2025-05-19,15.14813232421875,15.6899995803833,15.979999542236328,15.670000076293945,15.699999809265137,8916400
2025-05-20,15.070895195007324,15.609999656677246,15.8100004196167,15.600000381469727,15.699999809265137,7894300
2025-05-21,14.926076889038086,15.460000038146973,15.729999542236328,15.460000038146973,15.600000381469727,9712600
2025-05-22,14.935730934143066,15.470000267028809,15.800000190734863,15.329999923706055,15.430000305175781,15204000
2025-05-23,14.916420936584473,15.449999809265137,15.5600004196167,15.199999809265137,15.260000228881836,9659700
2025-05-26,15.099860191345215,15.640000343322754,15.670000076293945,15.430000305175781,15.449999809265137,4639000
2025-05-27,15.524664878845215,16.079999923706055,16.280000686645508,15.779999732971191,15.819999694824219,19895700
2025-05-28,15.350879669189453,15.899999618530273,16.110000610351562,15.779999732971191,16.049999237060547,10138400
2025-05-29,15.206060409545898,15.75,16.079999923706055,15.699999809265137,15.920000076293945,8721400
2025-05-30,14.723328590393066,15.25,15.739999771118164,15.109999656677246,15.6899995803833,17175500
2025-06-02,15.466736793518066,16.020000457763672,16.329999923706055,15.880000114440918,15.930000305175781,15056300
2025-06-03,15.67913818359375,16.239999771118164,16.360000610351562,15.850000381469727,15.899999618530273,16151400
2025-06-04,15.58259105682373,16.139999389648438,16.459999084472656,16.139999389648438,16.239999771118164,10250800
2025-06-05,16.123252868652344,16.700000762939453,16.950000762939453,16.229999542236328,16.239999771118164,19074500
2025-06-06,16.113595962524414,16.690000534057617,16.829999923706055,16.6200008392334,16.639999389648438,13961800
2025-06-09,17.146642684936523,17.760000228881836,17.920000076293945,16.770000457763672,16.770000457763672,27120300
2025-06-10,17.040441513061523,17.649999618530273,17.93000030517578,17.6200008392334,17.8700008392334,14208200
2025-06-11,16.41288948059082,17.0,17.649999618530273,16.790000915527344,17.600000381469727,20858600
2025-06-12,16.33565330505371,16.920000076293945,17.06999969482422,16.729999542236328,16.81999969482422,8423800
2025-06-13,16.18117904663086,16.760000228881836,16.940000534057617,16.649999618530273,16.75,10235400
2025-06-16,16.2584171295166,16.84000015258789,17.229999542236328,16.84000015258789,16.989999771118164,6758200
2025-06-17,16.007394790649414,16.579999923706055,16.979999542236328,16.450000762939453,16.829999923706055,8710900
2025-06-18,15.959123611450195,16.530000686645508,16.739999771118164,16.420000076293945,16.520000457763672,8882000
2025-06-20,15.457082748413086,16.010000228881836,16.540000915527344,15.949999809265137,16.43000030517578,11937100
2025-06-23,15.534318923950195,16.09000015258789,16.09000015258789,15.800000190734863,16.030000686645508,5591900
2025-06-24,15.534318923950195,16.09000015258789,16.3700008392334,16.059999465942383,16.18000030517578,7747700
2025-06-25,15.312261581420898,15.859999656677246,16.020000457763672,15.6899995803833,16.0,11278000
2025-06-26,15.505353927612305,16.059999465942383,16.200000762939453,15.880000114440918,16.0,7808900
2025-06-27,15.350879669189453,15.899999618530273,16.059999465942383,15.75,16.020000457763672,11171600
2025-06-30,15.447427749633789,16.0,16.110000610351562,15.779999732971191,15.819999694824219,6442600
2025-07-01,15.447427749633789,16.0,16.09000015258789,15.8100004196167,16.059999465942383,5394000
2025-07-02,15.930160522460938,16.5,16.81999969482422,16.049999237060547,16.049999237060547,11037900
2025-07-03,16.21014404296875,16.790000915527344,17.100000381469727,16.549999237060547,16.59000015258789,9109900
2025-07-04,16.200489044189453,16.780000686645508,16.84000015258789,16.65999984741211,16.729999542236328,2644300
2025-07-07,16.2680721282959,16.850000381469727,16.920000076293945,16.670000076293945,16.75,8081200
2025-07-08,16.297033309936523,16.8799991607666,17.100000381469727,16.75,16.84000015258789,9208500
2025-07-09,16.21014404296875,16.790000915527344,16.959999084472656,16.690000534057617,16.860000610351562,5747000
2025-07-10,16.297033309936523,16.8799991607666,17.469999313354492,16.6299991607666,16.670000076293945,16845100
2025-07-11,16.113595962524414,16.690000534057617,16.84000015258789,16.459999084472656,16.760000228881836,11692900
2025-07-14,16.07497787475586,16.649999618530273,17.06999969482422,16.600000381469727,16.93000030517578,13733500
2025-07-15,15.901193618774414,16.469999313354492,16.670000076293945,16.3799991607666,16.600000381469727,8586000
2025-07-16,15.959123611450195,16.530000686645508,16.6200008392334,16.31999969482422,16.450000762939453,8009000
2025-07-17,15.785338401794434,16.350000381469727,16.579999923706055,16.260000228881836,16.579999923706055,8089300
2025-07-18,15.553627967834473,16.110000610351562,16.420000076293945,16.030000686645508,16.209999084472656,8826500
2025-07-21,16.0460147857666,16.6200008392334,16.770000457763672,16.260000228881836,16.260000228881836,10099400
2025-07-22,16.326000213623047,16.90999984741211,17.06999969482422,16.729999542236328,16.760000228881836,9828400
2025-07-23,16.62529182434082,17.219999313354492,17.399999618530273,16.860000610351562,16.860000610351562,9446300
2025-07-24,16.6832218170166,17.280000686645508,17.389999389648438,17.059999465942383,17.139999389648438,16306600
2025-07-25,16.5866756439209,17.18000030517578,17.329999923706055,17.030000686645508,17.110000610351562,8883900
2025-07-28,16.219797134399414,16.799999237060547,17.31999969482422,16.75,17.239999771118164,5696200
2025-07-29,16.132905960083008,16.709999084472656,16.860000610351562,16.459999084472656,16.829999923706055,8402200
2025-07-30,16.39358139038086,16.979999542236328,17.100000381469727,16.6200008392334,16.649999618530273,8253300
2025-07-31,16.2584171295166,16.84000015258789,16.90999984741211,16.420000076293945,16.780000686645508,10786300
2025-08-01,15.495699882507324,16.049999237060547,16.989999771118164,16.020000457763672,16.709999084472656,19651300
2025-08-04,15.669482231140137,16.229999542236328,16.6299991607666,16.1200008392334,16.229999542236328,9460800
2025-08-05,15.611557006835938,16.170000076293945,16.3799991607666,16.1299991607666,16.25,4882300
2025-08-06,15.437771797180176,15.989999771118164,16.3700008392334,15.880000114440918,16.329999923706055,6096000
2025-08-07,15.640521049499512,16.200000762939453,16.389999389648438,16.06999969482422,16.1299991607666,9925800
2025-08-08,15.823959350585938,16.389999389648438,16.540000915527344,16.059999465942383,16.25,9503100
2025-08-11,15.785338401794434,16.350000381469727,16.489999771118164,16.25,16.440000534057617,5443300
2025-08-12,15.90205192565918,16.350000381469727,16.530000686645508,16.280000686645508,16.350000381469727,5584400
2025-08-13,16.018762588500977,16.469999313354492,16.649999618530273,16.239999771118164,16.25,10955300
2025-08-14,15.85342025756836,16.299999237060547,16.489999771118164,15.850000381469727,16.25,11099800
2025-08-15,15.785338401794434,16.229999542236328,16.440000534057617,16.079999923706055,16.309999465942383,6938900
2025-08-18,15.940956115722656,16.389999389648438,16.540000915527344,16.18000030517578,16.18000030517578,8484400
2025-08-19,15.833971977233887,16.280000686645508,16.350000381469727,16.1299991607666,16.260000228881836,7620400
2025-08-20,15.62972354888916,16.06999969482422,16.450000762939453,15.970000267028809,16.25,6281900
2025-08-21,15.542189598083496,15.979999542236328,16.1299991607666,15.8100004196167,16.079999923706055,6085400
2025-08-22,15.911778450012207,16.360000610351562,16.399999618530273,15.859999656677246,16.100000381469727,7123500
2025-08-25,16.223011016845703,16.68000030517578,16.920000076293945,16.440000534057617,16.450000762939453,8012900
2025-08-26,16.3397216796875,16.799999237060547,16.81999969482422,16.450000762939453,16.540000915527344,14287300
2025-08-27,16.32027244567871,16.780000686645508,16.850000381469727,16.459999084472656,16.829999923706055,5602600
2025-08-28,16.329998016357422,16.790000915527344,17.059999465942383,16.739999771118164,16.969999313354492,8579700
2025-08-29,16.20355796813965,16.65999984741211,16.969999313354492,16.649999618530273,16.690000534057617,13469900
2025-09-01,16.43698501586914,16.899999618530273,16.899999618530273,16.610000610351562,16.639999389648438,4035300
2025-09-02,16.45643424987793,16.920000076293945,16.969999313354492,16.68000030517578,16.68000030517578,5878800
2025-09-03,16.300819396972656,16.760000228881836,17.0,16.510000228881836,16.8700008392334,8400600
2025-09-04,16.534244537353516,17.0,17.049999237060547,16.6299991607666,16.780000686645508,6165900
2025-09-05,16.962188720703125,17.440000534057617,17.489999771118164,17.059999465942383,17.059999465942383,10602100
2025-09-08,16.894107818603516,17.3700008392334,17.690000534057617,17.059999465942383,17.540000915527344,9834700
2025-09-09,16.621776580810547,17.09000015258789,17.59000015258789,17.09000015258789,17.389999389648438,8151700
2025-09-10,16.45643424987793,16.920000076293945,17.229999542236328,16.809999465942383,17.049999237060547,10034600
2025-09-11,16.534244537353516,17.0,17.09000015258789,16.729999542236328,17.010000228881836,8422600
2025-09-12,15.85342025756836,16.299999237060547,16.8799991607666,16.299999237060547,16.809999465942383,18474900
2025-09-15,16.242464065551758,16.700000762939453,16.760000228881836,16.229999542236328,16.3799991607666,10133000
2025-09-16,16.32027244567871,16.780000686645508,16.8799991607666,16.639999389648438,16.81999969482422,6643200
2025-09-17,16.37862777709961,16.84000015258789,17.049999237060547,16.59000015258789,16.700000762939453,7276700
2025-09-18,16.349449157714844,16.809999465942383,16.899999618530273,16.670000076293945,16.790000915527344,7345400
2025-09-19,16.310544967651367,16.770000457763672,16.8799991607666,16.610000610351562,16.809999465942383,10277700
2025-09-22,16.281368255615234,16.739999771118164,16.739999771118164,16.43000030517578,16.700000762939453,6292200
2025-09-23,16.398080825805664,16.860000610351562,17.31999969482422,16.690000534057617,16.760000228881836,10488600
2025-09-24,16.242464065551758,16.700000762939453,16.899999618530273,16.610000610351562,16.850000381469727,6711100
2025-09-25,16.223011016845703,16.68000030517578,16.760000228881836,16.530000686645508,16.700000762939453,5233200
2025-09-26,16.164655685424805,16.6200008392334,16.760000228881836,16.530000686645508,16.700000762939453,4193200
2025-09-29,16.300819396972656,16.760000228881836,16.989999771118164,16.690000534057617,16.790000915527344,7457600
2025-09-30,16.15492820739746,16.610000610351562,16.950000762939453,16.559999465942383,16.899999618530273,6908300
2025-10-01,16.49534034729004,16.959999084472656,17.139999389648438,16.729999542236328,16.790000915527344,12948700
2025-10-02,16.6995849609375,17.170000076293945,17.31999969482422,16.760000228881836,17.020000457763672,11154800
2025-10-03,17.020544052124023,17.5,17.65999984741211,17.06999969482422,17.1299991607666,12692300
2025-10-06,16.97191619873047,17.450000762939453,17.649999618530273,17.1299991607666,17.600000381469727,12044600
2025-10-07,16.719039916992188,17.190000534057617,17.530000686645508,17.190000534057617,17.360000610351562,13850000
2025-10-08,17.04972267150879,17.530000686645508,17.65999984741211,17.239999771118164,17.309999465942383,15887100
2025-10-09,17.088626861572266,17.56999969482422,17.770000457763672,17.40999984741211,17.59000015258789,9644400
2025-10-10,16.87465476989746,17.350000381469727,17.68000030517578,17.329999923706055,17.6299991607666,9632200
2025-10-13,17.234516143798828,17.719999313354492,18.0,17.530000686645508,17.579999923706055,13685900
2025-10-14,17.22479248046875,17.709999084472656,17.780000686645508,17.540000915527344,17.610000610351562,10039600
2025-10-15,17.429039001464844,17.920000076293945,17.989999771118164,17.56999969482422,17.600000381469727,13860300
2025-10-16,17.185888290405273,17.670000076293945,17.899999618530273,17.579999923706055,17.780000686645508,11717500
2025-10-17,17.506845474243164,18.0,18.15999984741211,17.610000610351562,17.610000610351562,12028300
2025-10-20,17.759723663330078,18.260000228881836,18.420000076293945,18.0,18.040000915527344,11361500
2025-10-21,17.691640853881836,18.190000534057617,18.579999923706055,18.190000534057617,18.280000686645508,8315300
2025-10-22,17.506845474243164,18.0,18.360000610351562,17.969999313354492,18.299999237060547,9522200
2025-10-23,17.691640853881836,18.190000534057617,18.329999923706055,18.020000457763672,18.049999237060547,5624000
2025-10-24,17.711091995239258,18.209999084472656,18.469999313354492,18.170000076293945,18.309999465942383,4950900
2025-10-27,17.7208194732666,18.219999313354492,18.450000762939453,18.049999237060547,18.34000015258789,8605500
2025-10-28,17.954240798950195,18.459999084472656,18.65999984741211,18.149999618530273,18.190000534057617,9056800
2025-10-29,18.72260093688965,19.25,19.25,18.600000381469727,18.600000381469727,19719900
2025-10-30,18.20711898803711,18.719999313354492,19.209999084472656,18.68000030517578,19.1200008392334,12657500
2025-10-31,18.421092987060547,18.940000534057617,18.940000534057617,18.260000228881836,18.84000015258789,15122000
2025-11-03,18.1973934173584,18.709999084472656,18.8799991607666,18.5,18.850000381469727,10484600
2025-11-04,18.070955276489258,18.579999923706055,18.770000457763672,18.450000762939453,18.700000762939453,9600000
2025-11-05,18.56698226928711,19.09000015258789,19.290000915527344,18.5,18.579999923706055,12573100
2025-11-06,18.596162796020508,19.1200008392334,19.399999618530273,18.950000762939453,19.09000015258789,12505000
2025-11-07,18.50862693786621,19.030000686645508,19.200000762939453,18.809999465942383,19.06999969482422,8119200
2025-11-10,18.576709747314453,19.100000381469727,19.25,18.93000030517578,19.139999389648438,8972900
2025-11-11,18.655675888061523,18.899999618530273,19.100000381469727,18.760000228881836,19.100000381469727,11665000
2025-11-12,18.803735733032227,19.049999237060547,19.18000030517578,18.860000610351562,18.899999618530273,11431200
2025-11-13,18.665544509887695,18.90999984741211,19.280000686645508,18.809999465942383,19.040000915527344,8617100
2025-11-14,18.52735710144043,18.770000457763672,18.950000762939453,18.65999984741211,18.860000610351562,7175700
2025-11-17,18.458261489868164,18.700000762939453,18.8799991607666,18.459999084472656,18.799999237060547,12081200
2025-11-18,18.408906936645508,18.649999618530273,18.739999771118164,18.479999542236328,18.479999542236328,11608800
2025-11-19,18.250974655151367,18.489999771118164,18.780000686645508,18.440000534057617,18.549999237060547,5682400
2025-11-21,18.231233596801758,18.469999313354492,18.579999923706055,18.239999771118164,18.3799991607666,8705100
2025-11-24,18.349681854248047,18.59000015258789,18.75,18.389999389648438,18.389999389648438,10011700
2025-11-25,18.517484664916992,18.760000228881836,18.8799991607666,18.5,18.59000015258789,9926000
2025-11-26,18.882701873779297,19.1299991607666,19.25,18.790000915527344,18.790000915527344,6610200
2025-11-27,18.862960815429688,19.110000610351562,19.149999618530273,18.959999084472656,19.030000686645508,2499800
2025-11-28,18.793865203857422,19.040000915527344,19.260000228881836,18.93000030517578,19.079999923706055,5313600
2025-12-01,18.902442932128906,19.149999618530273,19.25,18.84000015258789,19.110000610351562,9203800
2025-12-02,18.862960815429688,19.110000610351562,19.229999542236328,18.93000030517578,19.18000030517578,6269000
2025-12-03,19.376237869262695,19.6299991607666,19.729999542236328,19.18000030517578,19.18000030517578,12653900
2025-12-04,19.34662628173828,19.600000381469727,19.809999465942383,19.540000915527344,19.729999542236328,9828900
2025-12-05,18.853090286254883,19.100000381469727,19.770000457763672,18.899999618530273,19.6200008392334,18903500
2025-12-08,18.803735733032227,19.049999237060547,19.309999465942383,19.010000228881836,19.290000915527344,9864600
2025-12-09,18.833349227905273,19.079999923706055,19.149999618530273,18.899999618530273,18.950000762939453,14842900
2025-12-10,19.336755752563477,19.59000015258789,19.68000030517578,19.010000228881836,19.149999618530273,14169200
2025-12-11,19.6032657623291,19.860000610351562,19.969999313354492,19.299999237060547,19.489999771118164,7479800
2025-12-12,19.672361373901367,19.93000030517578,20.049999237060547,19.600000381469727,19.979999542236328,9598600
2025-12-15,20.106674194335938,20.3700008392334,20.479999542236328,19.8700008392334,19.989999771118164,13121100
2025-12-16,20.383052825927734,20.649999618530273,20.760000228881836,20.18000030517578,20.40999984741211,12326000
2025-12-17,20.047447204589844,20.309999465942383,20.65999984741211,20.25,20.510000228881836,12937300
2025-12-18,20.165897369384766,20.43000030517578,20.56999969482422,20.299999237060547,20.299999237060547,9087300
2025-12-19,20.106674194335938,20.3700008392334,20.670000076293945,20.280000686645508,20.440000534057617,12971100
2025-12-22,20.304086685180664,20.56999969482422,20.809999465942383,20.229999542236328,20.3799991607666,7241100
2025-12-23,20.481760025024414,20.75,20.760000228881836,20.459999084472656,20.6299991607666,4248900
2025-12-26,20.481760025024414,20.75,20.809999465942383,20.6200008392334,20.6200008392334,6177000
2025-12-29,20.264604568481445,20.530000686645508,20.8700008392334,20.3799991607666,20.799999237060547,6726100
2025-12-30,20.126413345336914,20.389999389648438,20.729999542236328,20.389999389648438,20.65999984741211,5129900
2026-01-02,20.244861602783203,20.510000228881836,20.6200008392334,20.31999969482422,20.389999389648438,5849100
2026-01-05,20.442276000976562,20.709999084472656,20.940000534057617,20.40999984741211,20.510000228881836,6662200
2026-01-06,20.777881622314453,21.049999237060547,21.239999771118164,20.440000534057617,20.770000457763672,9874300
2026-01-07,20.995037078857422,21.270000457763672,21.3799991607666,20.81999969482422,21.020000457763672,9547500
2026-01-08,20.92594337463379,21.200000762939453,21.399999618530273,21.0,21.350000381469727,7742900
2026-01-09,20.777881622314453,21.049999237060547,21.31999969482422,20.979999542236328,21.200000762939453,5859200
2026-01-12,20.975296020507812,21.25,21.389999389648438,20.780000686645508,21.020000457763672,6443700
2026-01-13,21.379995346069336,21.65999984741211,21.90999984741211,20.959999084472656,21.030000686645508,13492400
2026-01-14,21.92288589477539,22.209999084472656,22.290000915527344,21.329999923706055,21.709999084472656,12114600
2026-01-15,21.991981506347656,22.280000686645508,22.3799991607666,22.110000610351562,22.270000457763672,5843800
2026-01-16,21.755084991455078,22.040000915527344,22.350000381469727,22.010000228881836,22.260000228881836,6596300
2026-01-19,21.72547149658203,22.010000228881836,22.100000381469727,21.8799991607666,21.969999313354492,2849100
2026-01-20,21.91301727294922,22.200000762939453,22.200000762939453,21.739999771118164,22.020000457763672,8888200
2026-01-21,22.268360137939453,22.559999465942383,22.600000381469727,21.809999465942383,22.299999237060547,13048000
2026-01-22,22.781639099121094,23.079999923706055,23.700000762939453,22.610000610351562,22.610000610351562,16595100
2026-01-23,22.94944190979004,23.25,23.350000381469727,22.469999313354492,22.780000686645508,16298800
2026-01-26,22.43616485595703,22.729999542236328,23.290000915527344,22.59000015258789,23.270000457763672,13549200
2026-01-27,23.196210861206055,23.5,23.729999542236328,22.829999923706055,22.989999771118164,20037400
2026-01-28,23.423236846923828,23.729999542236328,24.079999923706055,23.479999542236328,23.6299991607666,12010700
2026-01-29,22.446033477783203,22.739999771118164,24.030000686645508,22.65999984741211,23.799999237060547,18487400
2026-01-30,22.130170822143555,22.420000076293945,22.760000228881836,22.25,22.549999237060547,12859100
2026-02-02,22.2979736328125,22.59000015258789,22.690000534057617,22.40999984741211,22.56999969482422,8184500
2026-02-03,22.742156982421875,23.040000915527344,23.219999313354492,22.739999771118164,22.75,10723400
2026-02-04,22.110429763793945,22.399999618530273,23.020000457763672,22.190000534057617,22.84000015258789,14668500
2026-02-05,21.72547149658203,22.010000228881836,22.510000228881836,21.68000030517578,22.350000381469727,14913800
2026-02-06,21.68598747253418,21.969999313354492,22.170000076293945,21.760000228881836,21.989999771118164,14272000
2026-02-09,21.962369918823242,22.25,22.329999923706055,22.0,22.09000015258789,13151100
2026-02-10,21.863662719726562,22.149999618530273,22.350000381469727,21.8799991607666,22.350000381469727,14652000
2026-02-11,22.35719871520996,22.649999618530273,22.799999237060547,22.200000762939453,22.229999542236328,24385900
2026-02-12,21.90314483642578,22.190000534057617,22.6299991607666,22.020000457763672,22.5,13817100
2026-02-13,21.37012481689453,21.649999618530273,21.649999618530273,21.049999237060547,21.579999923706055,27229400
2026-02-18,21.340513229370117,21.6200008392334,21.719999313354492,21.31999969482422,21.700000762939453,7824800
2026-02-19,21.241806030273438,21.520000457763672,21.670000076293945,21.34000015258789,21.56999969482422,9139800
2026-02-20,21.360254287719727,21.639999389648438,21.719999313354492,21.270000457763672,21.450000762939453,8893300
2026-02-23,21.330642700195312,21.610000610351562,21.8700008392334,21.479999542236328,21.639999389648438,11733900
2026-02-24,20.856847763061523,21.1299991607666,21.540000915527344,20.670000076293945,21.510000228881836,24680000
2026-02-25,21.133228302001953,21.40999984741211,21.59000015258789,21.100000381469727,21.25,12711600
2026-02-26,20.807493209838867,21.079999923706055,21.5,20.969999313354492,21.5,14080800
2026-02-27,20.718656539916992,20.989999771118164,20.989999771118164,20.729999542236328,20.979999542236328,15728400
2026-03-02,20.531112670898438,20.799999237060547,20.899999618530273,20.459999084472656,20.610000610351562,6548400
2026-03-03,19.494688034057617,19.75,20.25,19.40999984741211,20.25,19616000
2026-03-04,19.6032657623291,19.860000610351562,19.93000030517578,19.639999389648438,19.90999984741211,7907000
2026-03-05,19.07024574279785,19.31999969482422,19.84000015258789,19.190000534057617,19.84000015258789,10704700
2026-03-06,18.655675888061523,18.899999618530273,19.290000915527344,18.770000457763672,19.200000762939453,12677700
2026-03-09,18.507614135742188,18.75,18.8799991607666,18.299999237060547,18.709999084472656,18152400
2026-03-10,18.6063232421875,18.850000381469727,19.049999237060547,18.65999984741211,18.8799991607666,8949100
2026-03-11,18.526935577392578,18.670000076293945,19.030000686645508,18.420000076293945,18.670000076293945,13797600
2026-03-12,17.8918399810791,18.030000686645508,18.56999969482422,17.950000762939453,18.56999969482422,14559700
2026-03-13,17.59413719177246,17.729999542236328,18.299999237060547,17.68000030517578,18.100000381469727,16608500
2026-03-16,17.66360092163086,17.799999237060547,18.06999969482422,17.709999084472656,18.010000228881836,6974400
2026-03-17,17.524673461914062,17.65999984741211,17.940000534057617,17.530000686645508,17.8700008392334,8748800
2026-03-18,17.256742477416992,17.389999389648438,17.59000015258789,17.329999923706055,17.459999084472656,11277300
2026-03-19,17.355976104736328,17.489999771118164,17.540000915527344,16.790000915527344,17.0,10455400
2026-03-20,17.3162841796875,17.450000762939453,17.479999542236328,17.190000534057617,17.280000686645508,19846400
2026-03-23,17.86206817626953,18.0,18.270000457763672,17.690000534057617,17.84000015258789,14630100
2026-03-24,18.100229263305664,18.239999771118164,18.280000686645508,17.829999923706055,17.90999984741211,7146700
2026-03-25,18.31854248046875,18.459999084472656,18.56999969482422,18.270000457763672,18.440000534057617,8663400
2026-03-26,18.288774490356445,18.43000030517578,18.68000030517578,18.25,18.309999465942383,8307500
2026-03-27,17.991071701049805,18.1299991607666,18.450000762939453,18.09000015258789,18.440000534057617,4543100
2026-03-30,18.219310760498047,18.360000610351562,18.549999237060547,18.239999771118164,18.299999237060547,7983900
2026-03-31,18.854406356811523,19.0,19.0,18.469999313354492,18.6200008392334,13972800
2026-04-01,19.56888771057129,19.719999313354492,19.920000076293945,19.360000610351562,19.5,17665700
2026-04-02,19.658199310302734,19.809999465942383,19.809999465942383,18.989999771118164,19.049999237060547,10957800
2026-04-06,19.469655990600586,19.6200008392334,19.989999771118164,19.469999313354492,19.860000610351562,7754600
2026-04-07,19.549043655395508,19.700000762939453,19.809999465942383,19.399999618530273,19.5,15873300
2026-04-08,20.28337287902832,20.440000534057617,20.6299991607666,20.239999771118164,20.530000686645508,21697800
2026-04-09,21.16655158996582,21.329999923706055,21.360000610351562,20.360000610351562,20.530000686645508,16432400
2026-04-10,21.126859664916992,21.290000915527344,21.56999969482422,21.219999313354492,21.329999923706055,12263800
2026-04-13,20.958162307739258,21.1200008392334,21.350000381469727,20.969999313354492,21.270000457763672,11296700
2026-04-14,21.43448257446289,21.600000381469727,21.6200008392334,21.079999923706055,21.190000534057617,10286300
2026-04-15,21.632949829101562,21.799999237060547,21.8700008392334,21.469999313354492,21.530000686645508,12007400
2026-04-16,21.365020751953125,21.530000686645508,22.09000015258789,21.360000610351562,21.93000030517578,11557200
2026-04-17,21.374942779541016,21.540000915527344,22.229999542236328,21.540000915527344,22.229999542236328,11316100
2026-04-20,21.27570915222168,21.440000534057617,21.639999389648438,21.360000610351562,21.5,7470300
2026-04-22,21.55356216430664,21.719999313354492,21.84000015258789,21.190000534057617,21.260000228881836,14006900
2026-04-23,21.513870239257812,21.68000030517578,21.850000381469727,21.43000030517578,21.68000030517578,12421300
2026-04-24,21.603179931640625,21.770000457763672,22.030000686645508,21.579999923706055,21.6299991607666,5866200
2026-04-27,21.494022369384766,21.65999984741211,22.010000228881836,21.530000686645508,21.709999084472656,9566800
2026-04-28,22.38712501525879,22.559999465942383,22.770000457763672,21.760000228881836,22.219999313354492,21269700
2026-04-29,22.287891387939453,22.459999084472656,23.09000015258789,22.34000015258789,22.610000610351562,15853300
2026-04-30,22.436744689941406,22.610000610351562,22.950000762939453,22.43000030517578,22.559999465942383,13197300
2026-05-04,22.476436614990234,22.649999618530273,22.770000457763672,22.399999618530273,22.600000381469727,7688700
2026-05-05,23.568008422851562,23.75,23.75,22.600000381469727,22.600000381469727,16149900
2026-05-06,24.1733341217041,24.360000610351562,24.610000610351562,23.770000457763672,23.799999237060547,13736700
2026-05-07,23.587854385375977,23.770000457763672,24.440000534057617,23.65999984741211,24.34000015258789,7274600
2026-05-08,23.697010040283203,23.8799991607666,24.079999923706055,23.68000030517578,23.920000076293945,10948100
2026-05-11,23.51839256286621,23.700000762939453,24.040000915527344,23.56999969482422,23.81999969482422,6177300
2026-05-12,23.43900489807129,23.6200008392334,23.75,22.93000030517578,23.549999237060547,9649600
2026-05-13,23.309999465942383,23.489999771118164,24.170000076293945,23.40999984741211,23.6200008392334,23349400
2026-05-14,23.579999923706055,23.579999923706055,23.790000915527344,23.229999542236328,23.59000015258789,6526900
2026-05-15,23.34000015258789,23.34000015258789,23.540000915527344,22.719999313354492,22.90999984741211,9444300
2026-05-18,23.260000228881836,23.260000228881836,23.600000381469727,23.049999237060547,23.290000915527344,8065800
2026-05-19,23.020000457763672,23.020000457763672,23.270000457763672,22.809999465942383,23.0,5951300
2026-05-20,23.469999313354492,23.469999313354492,23.670000076293945,23.06999969482422,23.1299991607666,7110500
2026-05-21,23.5,23.5,23.6200008392334,23.110000610351562,23.290000915527344,5696400
2026-05-22,24.010000228881836,24.010000228881836,24.010000228881836,23.34000015258789,23.420000076293945,5256700
2026-05-25,24.18000030517578,24.18000030517578,24.229999542236328,23.780000686645508,24.010000228881836,3249200
2026-05-26,23.610000610351562,23.610000610351562,24.18000030517578,23.389999389648438,24.040000915527344,7751600
2026-05-27,23.739999771118164,23.739999771118164,24.049999237060547,23.309999465942383,24.020000457763672,9704900
2026-05-28,23.5,23.5,24.040000915527344,23.3700008392334,23.809999465942383,10557800
2026-05-29,22.770000457763672,22.770000457763672,23.479999542236328,22.739999771118164,23.479999542236328,25837800
2026-06-01,23.139999389648438,23.139999389648438,23.260000228881836,22.450000762939453,22.829999923706055,11527200
2026-06-02,24.649999618530273,24.649999618530273,24.649999618530273,23.239999771118164,23.25,19052000
2026-06-03,24.1299991607666,24.1299991607666,24.239999771118164,23.799999237060547,24.030000686645508,13017800
2026-06-05,23.479999542236328,23.479999542236328,24.010000228881836,23.3799991607666,23.8700008392334,10640800
2026-06-08,23.68000030517578,23.68000030517578,23.889999389648438,23.34000015258789,23.479999542236328,8306800
2026-06-09,23.469999313354492,23.469999313354492,23.8700008392334,22.899999618530273,23.790000915527344,8666400
2026-06-10,23.43000030517578,23.43000030517578,23.530000686645508,23.059999465942383,23.270000457763672,18269200
2026-06-11,23.81999969482422,23.81999969482422,23.81999969482422,23.229999542236328,23.399999618530273,10097000
2026-06-12,23.8799991607666,23.8799991607666,24.110000610351562,23.520000457763672,23.530000686645508,9298900
2026-06-15,23.360000610351562,23.360000610351562,24.549999237060547,23.299999237060547,24.260000228881836,9809600
2026-06-16,23.290000915527344,23.290000915527344,23.719999313354492,23.1200008392334,23.260000228881836,6778000
2026-06-17,22.809999465942383,22.809999465942383,23.5,22.809999465942383,23.5,8822600
2026-06-18,21.649999618530273,21.649999618530273,22.81999969482422,21.610000610351562,22.81999969482422,20239300
2026-06-19,21.65999984741211,21.65999984741211,21.989999771118164,21.540000915527344,21.709999084472656,11260500
2026-06-22,21.899999618530273,21.899999618530273,21.920000076293945,21.510000228881836,21.739999771118164,10433000
2026-06-23,21.700000762939453,21.700000762939453,21.75,21.309999465942383,21.68000030517578,11955800
2026-06-24,21.3799991607666,21.3799991607666,21.6299991607666,21.209999084472656,21.510000228881836,12239200
2026-06-25,21.440000534057617,21.440000534057617,21.8799991607666,21.43000030517578,21.5,8014900
2026-06-26,21.420000076293945,21.420000076293945,21.540000915527344,21.15999984741211,21.540000915527344,9578200
2026-06-29,21.290000915527344,21.290000915527344,21.520000457763672,20.889999389648438,21.31999969482422,5304000
2026-06-30,20.780000686645508,20.780000686645508,21.15999984741211,20.739999771118164,21.010000228881836,8895800
2026-07-01,20.889999389648438,20.889999389648438,21.040000915527344,20.489999771118164,20.510000228881836,6435000
2026-07-02,21.149999618530273,21.149999618530273,21.3799991607666,20.940000534057617,21.040000915527344,5693100
2026-07-03,21.440000534057617,21.440000534057617,21.56999969482422,21.25,21.260000228881836,6278600
2026-07-06,21.84000015258789,21.84000015258789,21.899999618530273,21.5,21.760000228881836,13387500
2026-07-07,21.850000381469727,21.850000381469727,22.049999237060547,21.559999465942383,21.84000015258789,10964100
2026-07-08,22.139999389648438,22.139999389648438,22.149999618530273,21.420000076293945,21.690000534057617,10140200
2026-07-09,22.479999542236328,22.479999542236328,22.81999969482422,22.100000381469727,22.18000030517578,9419900
2026-07-10,23.010000228881836,23.010000228881836,23.100000381469727,22.579999923706055,22.920000076293945,10455600
2026-07-13,22.81999969482422,22.81999969482422,23.350000381469727,22.81999969482422,23.010000228881836,7928400
2026-07-14,23.31999969482422,23.31999969482422,23.350000381469727,22.950000762939453,23.0,6220100
2026-07-15,24.200000762939453,24.200000762939453,24.420000076293945,23.09000015258789,23.149999618530273,15383900
2026-07-16,23.90999984741211,23.90999984741211,24.3700008392334,23.799999237060547,24.110000610351562,8000700
2026-07-17,24.040000915527344,24.040000915527344,24.239999771118164,23.59000015258789,23.780000686645508,5373300
2026-07-20,23.6200008392334,23.6200008392334,24.25,23.530000686645508,24.09000015258789,4278300
2026-07-21,23.489999771118164,23.489999771118164,23.770000457763672,23.420000076293945,23.559999465942383,4029600
2026-07-22,24.059999465942383,24.059999465942383,24.09000015258789,23.450000762939453,23.520000457763672,7459800
2026-07-23,24.059999465942383,24.059999465942383,24.40999984741211,23.829999923706055,23.920000076293945,7630100
2026-07-24,24.260000228881836,24.260000228881836,24.450000762939453,23.81999969482422,23.8700008392334,5544000
2026-07-27,24.479999542236328,24.479999542236328,24.639999389648438,24.149999618530273,24.200000762939453,5246800
2026-07-28,25.139999389648438,25.139999389648438,25.450000762939453,24.56999969482422,24.649999618530273,11177000
2026-07-29,24.790000915527344,24.790000915527344,25.290000915527344,24.6299991607666,25.1299991607666,8309800
2026-07-30,24.979999542236328,24.979999542236328,25.079999923706055,24.479999542236328,24.950000762939453,9151900
2026-07-31,24.979999542236328,24.979999542236328,25.329999923706055,24.979999542236328,25.0,5769200
