Price,Adj Close,Close,High,Low,Open,Volume
Ticker,IGTI11.SA,IGTI11.SA,IGTI11.SA,IGTI11.SA,IGTI11.SA,IGTI11.SA
Date,,,,,,
2021-11-22,18.269176483154297,20.459999084472656,21.0,19.5,20.597999572753906,311000
2021-11-23,17.72449493408203,19.850000381469727,21.847999572753906,19.700000762939453,20.500999450683594,2311000
2021-11-24,17.719135284423828,19.8439998626709,20.239999771118164,19.488000869750977,20.239999771118164,2758000
2021-11-25,18.630809783935547,20.864999771118164,21.07900047302246,20.05900001525879,20.298999786376953,1303000
2021-11-26,17.582517623901367,19.69099998474121,20.9950008392334,19.246000289916992,20.9950008392334,1679000
2021-11-29,17.871824264526367,20.014999389648438,20.402999877929688,19.902000427246094,19.909000396728516,817000
2021-11-30,16.838714599609375,18.857999801635742,20.0,18.253000259399414,19.899999618530273,2747000
2021-12-01,15.982404708862305,17.89900016784668,19.520000457763672,17.85099983215332,19.000999450683594,1714000
2021-12-02,16.695846557617188,18.697999954223633,18.749000549316406,17.5,17.606000900268555,2618000
2021-12-03,17.371789932250977,19.454999923706055,20.634000778198242,18.799999237060547,18.799999237060547,3741000
2021-12-06,18.12630844116211,20.299999237060547,20.393999099731445,19.80500030517578,20.05900001525879,1985000
2021-12-07,18.21381378173828,20.398000717163086,20.75,19.97599983215332,20.75,711000
2021-12-08,18.495084762573242,20.71299934387207,20.739999771118164,19.954999923706055,20.39900016784668,3294000
2021-12-09,17.737886428833008,19.864999771118164,20.700000762939453,19.850000381469727,20.5,695000
2021-12-10,18.304893493652344,20.5,20.58099937438965,20.100000381469727,20.100000381469727,1502000
2021-12-13,18.138811111450195,20.31399917602539,20.663999557495117,20.201000213623047,20.406999588012695,856000
2021-12-14,17.588769912719727,19.697999954223633,20.667999267578125,19.39299964904785,20.350000381469727,1549000
2021-12-15,17.44322395324707,19.53499984741211,19.773000717163086,19.200000762939453,19.649999618530273,1319000
2021-12-16,16.850322723388672,18.871000289916992,19.5,18.871000289916992,19.35700035095215,1387000
2021-12-17,16.82353401184082,18.840999603271484,19.01099967956543,18.53499984741211,18.700000762939453,2095000
2021-12-20,16.275285720825195,18.226999282836914,18.940000534057617,18.08300018310547,18.700000762939453,3039000
2021-12-21,16.19223976135254,18.134000778198242,18.400999069213867,17.67099952697754,18.361000061035156,2284000
2021-12-22,16.164562225341797,18.10300064086914,18.302000045776367,17.709999084472656,18.076000213623047,1219000
2021-12-23,16.252065658569336,18.201000213623047,18.299999237060547,18.020999908447266,18.086000442504883,985000
2021-12-27,15.983297348022461,17.899999618530273,18.790000915527344,17.860000610351562,18.469999313354492,977200
2021-12-28,16.59941291809082,18.59000015258789,18.649999618530273,18.020000457763672,18.200000762939453,558900
2021-12-29,16.126163482666016,18.059999465942383,18.889999389648438,18.010000228881836,18.780000686645508,1602200
2021-12-30,16.295818328857422,18.25,18.479999542236328,17.81999969482422,18.280000686645508,1367400
2022-01-03,15.456472396850586,17.309999465942383,18.360000610351562,16.93000030517578,18.06999969482422,1398600
2022-01-04,14.893933296203613,16.68000030517578,17.280000686645508,16.139999389648438,17.040000915527344,2336500
2022-01-05,14.108160972595215,15.800000190734863,16.719999313354492,15.770000457763672,16.540000915527344,3006300
2022-01-06,13.590267181396484,15.220000267028809,15.699999809265137,14.760000228881836,15.5600004196167,4011300
2022-01-07,13.706347465515137,15.350000381469727,15.600000381469727,14.649999618530273,15.029999732971191,2789100
2022-01-10,13.527761459350586,15.149999618530273,15.449999809265137,14.720000267028809,15.010000228881836,1713700
2022-01-11,14.420683860778809,16.149999618530273,16.260000228881836,15.239999771118164,15.390000343322754,1330500
2022-01-12,15.492192268371582,17.350000381469727,17.489999771118164,16.1299991607666,16.139999389648438,3658000
2022-01-13,15.438615798950195,17.290000915527344,17.56999969482422,17.079999923706055,17.200000762939453,2396500
2022-01-14,15.965437889099121,17.8799991607666,17.940000534057617,16.989999771118164,17.229999542236328,1571800
2022-01-17,15.465401649475098,17.31999969482422,18.25,17.260000228881836,18.239999771118164,1367100
2022-01-18,15.760066986083984,17.649999618530273,17.90999984741211,17.049999237060547,17.280000686645508,1966000
2022-01-19,15.80471420288086,17.700000762939453,18.18000030517578,17.510000228881836,17.56999969482422,1975600
2022-01-20,16.742280960083008,18.75,18.969999313354492,17.479999542236328,17.700000762939453,4504500
2022-01-21,17.010156631469727,19.049999237060547,19.559999465942383,18.389999389648438,18.559999465942383,1722800
2022-01-24,16.822641372680664,18.84000015258789,19.43000030517578,18.600000381469727,19.270000457763672,1416400
2022-01-25,17.2958927154541,19.3700008392334,19.489999771118164,18.530000686645508,18.6200008392334,1540000
2022-01-26,17.760210037231445,19.889999389648438,20.420000076293945,19.68000030517578,19.799999237060547,5082300
2022-01-27,17.68877410888672,19.809999465942383,20.549999237060547,19.760000228881836,20.1200008392334,1877500
2022-01-28,17.420900344848633,19.510000228881836,19.81999969482422,19.299999237060547,19.6299991607666,1630100
2022-01-31,17.73342514038086,19.860000610351562,20.0,19.610000610351562,19.989999771118164,938400
2022-02-01,17.2423152923584,19.309999465942383,20.5,19.229999542236328,20.5,3211100
2022-02-02,16.956581115722656,18.989999771118164,19.6200008392334,18.579999923706055,19.299999237060547,2220800
2022-02-03,16.8137149810791,18.829999923706055,19.440000534057617,18.3799991607666,19.139999389648438,1704400
2022-02-04,16.67977523803711,18.68000030517578,18.700000762939453,17.790000915527344,18.5,3034500
2022-02-07,17.099449157714844,19.149999618530273,19.280000686645508,18.600000381469727,18.600000381469727,2308200
2022-02-08,16.786922454833984,18.799999237060547,19.170000076293945,18.68000030517578,18.799999237060547,1408500
2022-02-09,16.97443962097168,19.010000228881836,19.3700008392334,18.549999237060547,19.0,1099500
2022-02-10,16.85835838317871,18.8799991607666,19.239999771118164,18.6299991607666,19.139999389648438,1106900
2022-02-11,16.617271423339844,18.610000610351562,19.280000686645508,18.510000228881836,18.81999969482422,1584700
2022-02-14,16.769067764282227,18.780000686645508,19.260000228881836,18.729999542236328,18.760000228881836,638000
2022-02-15,17.81378746032715,19.950000762939453,20.0,19.059999465942383,19.059999465942383,1580100
2022-02-16,17.885217666625977,20.030000686645508,20.200000762939453,19.670000076293945,20.059999465942383,1349800
2022-02-17,17.867361068725586,20.010000228881836,20.469999313354492,19.940000534057617,20.209999084472656,1743500
2022-02-18,17.760210037231445,19.889999389648438,20.100000381469727,19.670000076293945,20.040000915527344,968700
2022-02-21,16.929792404174805,18.959999084472656,19.93000030517578,18.8700008392334,19.8700008392334,1339500
2022-02-22,17.144092559814453,19.200000762939453,19.459999084472656,19.020000457763672,19.280000686645508,1306800
2022-02-23,16.795856475830078,18.809999465942383,19.3700008392334,18.780000686645508,19.200000762939453,853800
2022-02-24,17.215526580810547,19.280000686645508,19.3799991607666,17.65999984741211,17.799999237060547,1650900
2022-02-25,16.983369827270508,19.020000457763672,19.110000610351562,18.6200008392334,18.850000381469727,1159200
2022-03-02,16.983369827270508,19.020000457763672,19.5,18.920000076293945,19.399999618530273,655600
2022-03-03,17.42983055114746,19.520000457763672,19.760000228881836,18.81999969482422,19.049999237060547,1614800
2022-03-04,16.697633743286133,18.700000762939453,19.739999771118164,18.670000076293945,19.489999771118164,1477900
2022-03-07,16.081520080566406,18.010000228881836,18.850000381469727,18.0,18.5,1242200
2022-03-08,16.340465545654297,18.299999237060547,18.520000457763672,17.520000457763672,18.059999465942383,1616300
2022-03-09,17.0548038482666,19.100000381469727,19.15999984741211,18.309999465942383,18.399999618530273,1347300
2022-03-10,16.59048080444336,18.579999923706055,19.110000610351562,18.209999084472656,19.049999237060547,977600
2022-03-11,15.911861419677734,17.81999969482422,19.15999984741211,17.760000228881836,19.15999984741211,1585500
2022-03-14,15.894002914428711,17.799999237060547,18.3700008392334,17.219999313354492,18.200000762939453,2482100
2022-03-15,15.688630104064941,17.56999969482422,17.690000534057617,16.969999313354492,17.6200008392334,3876800
2022-03-16,16.054725646972656,17.979999542236328,18.1299991607666,17.229999542236328,17.75,4246700
2022-03-17,16.358320236206055,18.31999969482422,18.399999618530273,17.65999984741211,17.940000534057617,2154800
2022-03-18,16.786922454833984,18.799999237060547,18.940000534057617,18.06999969482422,18.309999465942383,3565600
2022-03-21,16.27796173095703,18.229999542236328,18.8799991607666,17.889999389648438,18.760000228881836,3323100
2022-03-22,16.769067764282227,18.780000686645508,18.989999771118164,18.350000381469727,18.479999542236328,2549900
2022-03-23,17.00122833251953,19.040000915527344,19.25,18.610000610351562,18.75,2395500
2022-03-24,17.903078079223633,20.049999237060547,20.09000015258789,18.860000610351562,19.200000762939453,4856400
2022-03-25,18.44776153564453,20.65999984741211,21.239999771118164,19.860000610351562,20.110000610351562,4406800
2022-03-28,18.617416381835938,20.850000381469727,21.100000381469727,20.459999084472656,20.68000030517578,2536300
2022-03-29,19.171024322509766,21.469999313354492,21.739999771118164,21.010000228881836,21.010000228881836,3368600
2022-03-30,18.438831329345703,20.649999618530273,21.610000610351562,20.520000457763672,21.3799991607666,1588300
2022-03-31,18.2602481842041,20.450000762939453,20.809999465942383,20.309999465942383,20.6299991607666,1779700
2022-04-01,19.376401901245117,21.700000762939453,21.729999542236328,20.440000534057617,20.649999618530273,3333700
2022-04-04,19.51926612854004,21.860000610351562,22.149999618530273,21.469999313354492,21.68000030517578,2184900
2022-04-05,19.278175354003906,21.59000015258789,22.149999618530273,21.59000015258789,21.84000015258789,2352400
2022-04-06,18.921009063720703,21.190000534057617,21.440000534057617,20.93000030517578,21.440000534057617,2570700
2022-04-07,19.117450714111328,21.40999984741211,21.799999237060547,21.0,21.139999389648438,1966900
2022-04-08,19.340681076049805,21.65999984741211,22.059999465942383,21.219999313354492,21.34000015258789,2618000
2022-04-11,18.679922103881836,20.920000076293945,21.579999923706055,20.75,21.559999465942383,1716700
2022-04-12,18.733497619628906,20.979999542236328,21.5,20.760000228881836,21.09000015258789,1178800
2022-04-13,18.938865661621094,21.209999084472656,21.5,20.770000457763672,21.31999969482422,2404600
2022-04-14,18.1441650390625,20.31999969482422,21.149999618530273,20.31999969482422,21.079999923706055,2102400
2022-04-18,18.70670509338379,20.950000762939453,21.190000534057617,20.040000915527344,20.31999969482422,2366800
2022-04-19,18.938865661621094,21.209999084472656,21.260000228881836,20.440000534057617,20.649999618530273,2380400
2022-04-20,19.072803497314453,21.360000610351562,21.700000762939453,20.809999465942383,21.270000457763672,2416900
2022-04-22,18.04594612121582,20.209999084472656,21.18000030517578,20.1299991607666,20.90999984741211,2519500
2022-04-25,18.28703498840332,20.479999542236328,20.479999542236328,19.200000762939453,20.059999465942383,4004800
2022-04-26,18.617416381835938,20.850000381469727,20.989999771118164,20.09000015258789,20.18000030517578,4874600
2022-04-27,18.795997619628906,21.049999237060547,21.5,20.860000610351562,20.989999771118164,2596700
2022-04-28,18.974580764770508,21.25,21.479999542236328,20.719999313354492,21.1299991607666,2815900
2022-04-29,18.742422103881836,20.989999771118164,22.3799991607666,20.959999084472656,21.549999237060547,4621800
2022-05-02,18.425926208496094,20.299999237060547,20.93000030517578,19.920000076293945,20.65999984741211,3189200
2022-05-03,18.53484535217285,20.420000076293945,20.549999237060547,19.760000228881836,20.280000686645508,2960900
2022-05-04,18.788997650146484,20.700000762939453,20.920000076293945,19.549999237060547,20.40999984741211,4935100
2022-05-05,17.609012603759766,19.399999618530273,20.56999969482422,18.959999084472656,20.489999771118164,5820200
2022-05-06,17.781471252441406,19.59000015258789,19.600000381469727,18.75,19.399999618530273,4080300
2022-05-09,17.291322708129883,19.049999237060547,19.31999969482422,18.709999084472656,19.020000457763672,3559900
2022-05-10,17.66347312927246,19.459999084472656,19.770000457763672,19.100000381469727,19.200000762939453,3609400
2022-05-11,17.454710006713867,19.229999542236328,19.600000381469727,19.0,19.510000228881836,3240000
2022-05-12,17.89039421081543,19.709999084472656,19.829999923706055,18.700000762939453,19.079999923706055,4145700
2022-05-13,18.46223258972168,20.34000015258789,20.899999618530273,19.709999084472656,19.760000228881836,3999300
2022-05-16,18.65284538269043,20.549999237060547,20.920000076293945,20.219999313354492,20.399999618530273,1952300
2022-05-17,19.25191307067871,21.209999084472656,21.639999389648438,20.780000686645508,20.850000381469727,4783000
2022-05-18,18.75269317626953,20.65999984741211,21.190000534057617,20.25,21.079999923706055,2842800
2022-05-19,18.86161231994629,20.780000686645508,21.399999618530273,20.459999084472656,20.670000076293945,3801300
2022-05-20,18.834381103515625,20.75,21.360000610351562,20.520000457763672,21.059999465942383,2913100
2022-05-23,19.07038116455078,21.010000228881836,21.170000076293945,20.760000228881836,20.860000610351562,2537900
2022-05-24,18.788997650146484,20.700000762939453,21.1299991607666,20.43000030517578,20.829999923706055,1997600
2022-05-25,18.75269317626953,20.65999984741211,21.06999969482422,20.420000076293945,20.579999923706055,1962400
2022-05-26,18.516693115234375,20.399999618530273,20.770000457763672,20.139999389648438,20.700000762939453,5433900
2022-05-27,18.380542755126953,20.25,20.6200008392334,20.100000381469727,20.399999618530273,1518100
2022-05-30,18.389619827270508,20.260000228881836,20.770000457763672,19.950000762939453,20.469999313354492,1557700
2022-05-31,18.008392333984375,19.84000015258789,20.68000030517578,19.709999084472656,20.3799991607666,2673500
2022-06-01,17.563631057739258,19.350000381469727,19.8700008392334,19.06999969482422,19.600000381469727,5877100
2022-06-02,17.881317138671875,19.700000762939453,19.8799991607666,19.350000381469727,19.579999923706055,3402300
2022-06-03,17.745162963867188,19.549999237060547,19.889999389648438,19.31999969482422,19.59000015258789,1739200
2022-06-06,17.44563102722168,19.219999313354492,19.75,19.219999313354492,19.549999237060547,1368000
2022-06-07,17.127941131591797,18.8700008392334,19.200000762939453,18.6299991607666,19.200000762939453,1773500
2022-06-08,16.8465576171875,18.559999465942383,19.030000686645508,18.469999313354492,18.610000610351562,1755400
2022-06-09,16.719484329223633,18.420000076293945,18.850000381469727,18.239999771118164,18.549999237060547,2907600
2022-06-10,16.610563278198242,18.299999237060547,18.649999618530273,18.030000686645508,18.540000915527344,3243700
2022-06-13,16.14765167236328,17.790000915527344,18.139999389648438,17.510000228881836,18.1200008392334,3001900
2022-06-14,16.047801971435547,17.68000030517578,17.969999313354492,17.489999771118164,17.739999771118164,2495000
2022-06-15,16.48348617553711,18.15999984741211,18.649999618530273,17.799999237060547,17.940000534057617,3656900
2022-06-17,16.547027587890625,18.229999542236328,18.389999389648438,17.6200008392334,17.8700008392334,4062000
2022-06-20,16.320100784301758,17.979999542236328,18.350000381469727,17.68000030517578,18.209999084472656,2334400
2022-06-21,16.24749183654785,17.899999618530273,18.260000228881836,17.75,18.09000015258789,1730700
2022-06-22,16.72856330871582,18.43000030517578,18.520000457763672,17.729999542236328,17.770000457763672,2267900
2022-06-23,16.71040916442871,18.40999984741211,18.690000534057617,18.139999389648438,18.459999084472656,1299200
2022-06-24,16.610563278198242,18.299999237060547,18.559999465942383,17.8700008392334,18.559999465942383,2191300
2022-06-27,16.72856330871582,18.43000030517578,18.43000030517578,18.049999237060547,18.299999237060547,1213100
2022-06-28,16.610563278198242,18.299999237060547,18.59000015258789,18.059999465942383,18.510000228881836,2390300
2022-06-29,16.528873443603516,18.209999084472656,18.540000915527344,18.010000228881836,18.299999237060547,2800900
2022-06-30,16.32918357849121,17.989999771118164,18.09000015258789,17.610000610351562,17.950000762939453,2585000
2022-07-01,16.53795051574707,18.219999313354492,18.219999313354492,17.530000686645508,17.709999084472656,3725200
2022-07-04,16.53795051574707,18.219999313354492,18.43000030517578,17.860000610351562,18.100000381469727,1279900
2022-07-05,16.492563247680664,18.170000076293945,18.190000534057617,17.700000762939453,18.010000228881836,1505200
2022-07-06,17.218708038330078,18.969999313354492,19.020000457763672,18.15999984741211,18.15999984741211,4514500
2022-07-07,17.554553985595703,19.34000015258789,19.549999237060547,19.079999923706055,19.170000076293945,2513900
2022-07-08,17.84501075744629,19.65999984741211,19.84000015258789,19.3700008392334,19.43000030517578,3143700
2022-07-11,17.39116859436035,19.15999984741211,19.639999389648438,19.100000381469727,19.469999313354492,1972500
2022-07-12,17.318553924560547,19.079999923706055,19.420000076293945,18.799999237060547,19.15999984741211,1797600
2022-07-13,16.982711791992188,18.709999084472656,19.1299991607666,18.700000762939453,18.780000686645508,1687600
2022-07-14,16.62871551513672,18.31999969482422,18.84000015258789,18.290000915527344,18.65999984741211,2585900
2022-07-15,16.88286590576172,18.600000381469727,18.68000030517578,18.030000686645508,18.389999389648438,2951100
2022-07-18,17.200557708740234,18.950000762939453,19.200000762939453,18.59000015258789,18.829999923706055,3285900
2022-07-19,17.300399780273438,19.059999465942383,19.469999313354492,18.860000610351562,19.110000610351562,1274000
2022-07-20,17.127941131591797,18.8700008392334,19.079999923706055,18.700000762939453,18.969999313354492,1704100
2022-07-21,16.783023834228516,18.489999771118164,18.780000686645508,18.280000686645508,18.709999084472656,2464100
2022-07-22,17.127941131591797,18.8700008392334,19.06999969482422,18.479999542236328,18.579999923706055,2877600
2022-07-25,17.01902198791504,18.75,19.25,18.709999084472656,18.979999542236328,1397300
2022-07-26,16.901023864746094,18.6200008392334,18.860000610351562,18.440000534057617,18.829999923706055,1786900
2022-07-27,17.817777633666992,19.6299991607666,19.729999542236328,18.739999771118164,18.75,2160200
2022-07-28,18.108238220214844,19.950000762939453,20.110000610351562,19.489999771118164,19.56999969482422,2717400
2022-07-29,17.93577766418457,19.760000228881836,20.1299991607666,19.40999984741211,20.030000686645508,1925700
2022-08-01,18.017471313476562,19.850000381469727,20.270000457763672,19.59000015258789,19.65999984741211,2519000
2022-08-02,18.099163055419922,19.940000534057617,20.020000457763672,19.639999389648438,19.84000015258789,1765000
2022-08-03,18.543922424316406,20.43000030517578,20.639999389648438,19.5,19.59000015258789,4277600
2022-08-04,19.56052589416504,21.549999237060547,21.6299991607666,20.639999389648438,20.639999389648438,4990400
2022-08-05,19.279146194458008,21.239999771118164,21.649999618530273,20.989999771118164,21.5,2357800
2022-08-08,19.46068000793457,21.440000534057617,21.860000610351562,21.200000762939453,21.3700008392334,2885400
2022-08-09,19.25191307067871,21.209999084472656,21.860000610351562,20.93000030517578,21.510000228881836,2761300
2022-08-10,19.624065399169922,21.6200008392334,21.899999618530273,21.260000228881836,21.6200008392334,3899800
2022-08-11,19.170223236083984,21.1200008392334,21.75,21.0,21.600000381469727,1825600
2022-08-12,19.1339168548584,21.079999923706055,21.549999237060547,20.969999313354492,21.360000610351562,2340900
2022-08-15,19.06130027770996,21.0,21.219999313354492,20.809999465942383,21.079999923706055,4668300
2022-08-16,18.970535278320312,20.899999618530273,21.06999969482422,20.610000610351562,21.06999969482422,3624200
2022-08-17,19.224685668945312,21.18000030517578,21.520000457763672,20.760000228881836,20.790000915527344,3239700
2022-08-18,19.15207290649414,21.100000381469727,21.40999984741211,20.90999984741211,21.15999984741211,2869400
2022-08-19,18.825305938720703,20.739999771118164,20.93000030517578,20.610000610351562,20.799999237060547,2172000
2022-08-22,18.816226959228516,20.729999542236328,20.889999389648438,20.219999313354492,20.360000610351562,1614700
2022-08-23,18.56207847595215,20.450000762939453,20.65999984741211,20.18000030517578,20.65999984741211,2097600
2022-08-24,18.580228805541992,20.469999313354492,21.030000686645508,20.270000457763672,20.899999618530273,3136600
2022-08-25,18.988689422607422,20.920000076293945,20.920000076293945,20.5,20.5,1845300
2022-08-26,18.398693084716797,20.270000457763672,21.030000686645508,20.270000457763672,20.93000030517578,1870000
2022-08-29,18.271615982055664,20.1299991607666,20.31999969482422,20.0,20.190000534057617,2118100
2022-08-30,18.026546478271484,19.860000610351562,20.329999923706055,19.780000686645508,20.15999984741211,1355100
2022-08-31,17.863162994384766,19.68000030517578,20.25,19.40999984741211,19.8799991607666,4563200
2022-09-01,18.271615982055664,20.1299991607666,20.1299991607666,19.6200008392334,19.68000030517578,2791300
2022-09-02,18.816226959228516,20.729999542236328,20.81999969482422,20.1299991607666,20.229999542236328,3459100
2022-09-05,19.006839752197266,20.940000534057617,21.079999923706055,20.670000076293945,20.889999389648438,1605100
2022-09-06,18.65284538269043,20.549999237060547,20.8700008392334,20.209999084472656,20.790000915527344,2496300
2022-09-08,18.36238670349121,20.229999542236328,20.6200008392334,19.940000534057617,20.6200008392334,2852700
2022-09-09,18.15361785888672,20.0,20.43000030517578,19.799999237060547,20.3700008392334,4164300
2022-09-12,17.863162994384766,19.68000030517578,20.280000686645508,19.649999618530273,20.0,3446400
2022-09-13,17.264095306396484,19.020000457763672,19.389999389648438,18.81999969482422,19.350000381469727,3155700
2022-09-14,18.226232528686523,20.079999923706055,20.079999923706055,18.959999084472656,19.040000915527344,4094200
2022-09-15,18.062850952148438,19.899999618530273,20.56999969482422,19.899999618530273,20.040000915527344,5161500
2022-09-16,17.745162963867188,19.549999237060547,19.889999389648438,19.420000076293945,19.770000457763672,3814900
2022-09-19,18.371463775634766,20.239999771118164,20.540000915527344,19.520000457763672,19.579999923706055,3193000
2022-09-20,18.44407844543457,20.31999969482422,20.520000457763672,20.020000457763672,20.110000610351562,3209500
2022-09-21,18.552997589111328,20.440000534057617,20.56999969482422,19.739999771118164,20.0,10367300
2022-09-22,18.834381103515625,20.75,20.889999389648438,20.18000030517578,20.799999237060547,5732500
2022-09-23,18.53484535217285,20.420000076293945,20.639999389648438,20.270000457763672,20.469999313354492,2571900
2022-09-26,18.217159271240234,20.06999969482422,20.450000762939453,19.950000762939453,20.239999771118164,2433600
2022-09-27,18.090084075927734,19.93000030517578,20.440000534057617,19.8799991607666,20.270000457763672,2188700
2022-09-28,18.480384826660156,20.360000610351562,20.360000610351562,19.809999465942383,19.889999389648438,2240100
2022-09-29,18.144540786743164,19.989999771118164,20.149999618530273,19.510000228881836,20.100000381469727,1740000
2022-09-30,18.480384826660156,20.360000610351562,20.469999313354492,19.809999465942383,19.979999542236328,2069700
2022-10-03,19.66944694519043,21.670000076293945,21.860000610351562,20.799999237060547,20.989999771118164,5182400
2022-10-04,19.88728904724121,21.90999984741211,22.360000610351562,21.790000915527344,22.0,3587900
2022-10-05,20.15052032470703,22.200000762939453,22.450000762939453,21.6200008392334,22.010000228881836,2593900
2022-10-06,19.86005973815918,21.8799991607666,22.450000762939453,21.770000457763672,22.25,1985500
2022-10-07,19.651294708251953,21.649999618530273,21.920000076293945,21.549999237060547,21.84000015258789,2002200
2022-10-10,19.723907470703125,21.729999542236328,21.860000610351562,21.459999084472656,21.530000686645508,1475300
2022-10-11,19.914522171020508,21.940000534057617,22.360000610351562,21.59000015258789,21.65999984741211,3443400
2022-10-13,19.55145263671875,21.540000915527344,21.829999923706055,21.280000686645508,21.799999237060547,2966800
2022-10-14,19.088529586791992,21.030000686645508,21.690000534057617,20.8700008392334,21.479999542236328,1701900
2022-10-17,19.378990173339844,21.350000381469727,21.75,21.18000030517578,21.360000610351562,1868000
2022-10-18,19.75113868713379,21.760000228881836,21.81999969482422,21.360000610351562,21.579999923706055,1397800
2022-10-19,19.424375534057617,21.399999618530273,21.81999969482422,21.25,21.690000534057617,1900800
2022-10-20,19.524219512939453,21.510000228881836,21.780000686645508,21.25,21.530000686645508,4343900
2022-10-21,20.159595489501953,22.209999084472656,22.3799991607666,21.280000686645508,21.440000534057617,3628500
2022-10-24,19.45160484313965,21.43000030517578,22.280000686645508,21.3799991607666,22.209999084472656,2198400
2022-10-25,19.006839752197266,20.940000534057617,21.329999923706055,20.90999984741211,21.309999465942383,1890500
2022-10-26,18.41684913635254,20.290000915527344,20.969999313354492,20.260000228881836,20.579999923706055,3994700
2022-10-27,18.870689392089844,20.790000915527344,21.170000076293945,20.239999771118164,20.440000534057617,4572300
2022-10-28,18.970535278320312,20.899999618530273,21.06999969482422,20.6200008392334,20.780000686645508,2850000
2022-10-31,19.89636993408203,21.920000076293945,22.010000228881836,20.56999969482422,20.770000457763672,4279800
2022-11-01,19.914522171020508,21.940000534057617,22.290000915527344,21.43000030517578,21.709999084472656,3521600
2022-11-03,20.36836051940918,22.440000534057617,22.8799991607666,21.469999313354492,21.65999984741211,3487100
2022-11-04,20.05975341796875,22.100000381469727,22.8700008392334,22.059999465942383,22.68000030517578,2445800
2022-11-07,19.487911224365234,21.469999313354492,22.25,21.309999465942383,22.100000381469727,2342900
2022-11-08,19.161148071289062,21.110000610351562,21.469999313354492,20.889999389648438,21.149999618530273,2777000
2022-11-09,18.834381103515625,20.75,21.5,20.610000610351562,21.049999237060547,3122000
2022-11-10,17.24593734741211,19.0,20.40999984741211,18.950000762939453,20.209999084472656,6596800
2022-11-11,16.637792587280273,18.329999923706055,19.200000762939453,18.31999969482422,19.0,6401800
2022-11-14,16.991788864135742,18.719999313354492,18.969999313354492,18.299999237060547,18.68000030517578,3967700
2022-11-16,16.347335815429688,18.010000228881836,18.670000076293945,17.75,18.6200008392334,2858600
2022-11-17,15.957035064697266,17.579999923706055,17.790000915527344,16.81999969482422,17.790000915527344,4973000
2022-11-18,16.265644073486328,17.920000076293945,18.649999618530273,17.75,17.899999618530273,2210200
2022-11-21,17.16425132751465,18.90999984741211,18.920000076293945,17.860000610351562,17.93000030517578,2685400
2022-11-22,16.674100875854492,18.3700008392334,19.110000610351562,18.170000076293945,19.110000610351562,2375500
2022-11-23,16.556100845336914,18.239999771118164,18.489999771118164,18.049999237060547,18.3799991607666,1938100
2022-11-24,17.291322708129883,19.049999237060547,19.219999313354492,18.360000610351562,18.389999389648438,1708100
2022-11-25,16.674100875854492,18.3700008392334,19.299999237060547,18.290000915527344,19.229999542236328,2255300
2022-11-28,16.82840919494629,18.540000915527344,18.700000762939453,18.190000534057617,18.389999389648438,1135500
2022-11-29,17.3276309967041,19.09000015258789,19.25,18.459999084472656,18.540000915527344,2676500
2022-11-30,17.046249389648438,18.780000686645508,18.979999542236328,18.329999923706055,18.979999542236328,2200200
2022-12-01,16.71040916442871,18.40999984741211,18.93000030517578,18.280000686645508,18.920000076293945,4206100
2022-12-02,17.118865966796875,18.860000610351562,19.350000381469727,18.440000534057617,18.510000228881836,1880800
2022-12-05,16.66502571105957,18.360000610351562,18.81999969482422,18.270000457763672,18.799999237060547,1794600
2022-12-06,16.61964225769043,18.309999465942383,18.6200008392334,18.1200008392334,18.309999465942383,1862000
2022-12-07,16.410873413085938,18.079999923706055,18.3799991607666,17.8700008392334,18.229999542236328,2730300
2022-12-08,16.075031280517578,17.709999084472656,18.209999084472656,17.690000534057617,17.93000030517578,2336300
2022-12-09,16.292877197265625,17.950000762939453,18.059999465942383,17.649999618530273,17.969999313354492,4252100
2022-12-12,15.947954177856445,17.56999969482422,18.290000915527344,17.280000686645508,17.950000762939453,2811600
2022-12-13,15.376117706298828,16.940000534057617,17.8700008392334,16.729999542236328,17.610000610351562,2974500
2022-12-14,15.702881813049316,17.299999237060547,17.299999237060547,16.469999313354492,16.700000762939453,6520800
2022-12-15,16.165800094604492,17.809999465942383,18.100000381469727,16.969999313354492,17.31999969482422,3770400
2022-12-16,15.30350399017334,16.860000610351562,17.84000015258789,16.68000030517578,17.6299991607666,3492200
2022-12-19,15.839034080505371,17.450000762939453,17.709999084472656,16.860000610351562,16.90999984741211,2375300
2022-12-20,16.174875259399414,17.81999969482422,18.079999923706055,17.200000762939453,17.399999618530273,2727800
2022-12-21,16.655948638916016,18.350000381469727,18.43000030517578,17.59000015258789,17.889999389648438,3306800
2022-12-22,16.24749183654785,17.899999618530273,18.350000381469727,17.790000915527344,18.219999313354492,1608800
2022-12-23,17.13701629638672,18.8799991607666,19.219999313354492,18.010000228881836,18.010000228881836,3909200
2022-12-26,16.8193302154541,18.530000686645508,18.90999984741211,18.440000534057617,18.8799991607666,1414100
2022-12-27,16.383644104003906,18.049999237060547,18.670000076293945,17.899999618530273,18.600000381469727,1029100
2022-12-28,17.073482513427734,18.809999465942383,18.860000610351562,18.0,18.219999313354492,1577500
2022-12-29,16.773944854736328,18.479999542236328,19.079999923706055,18.31999969482422,18.8700008392334,1333300
2023-01-02,16.020570755004883,17.649999618530273,18.270000457763672,17.389999389648438,18.229999542236328,2080100
2023-01-03,15.167349815368652,16.709999084472656,17.68000030517578,16.649999618530273,17.600000381469727,3495200
2023-01-04,15.21273422241211,16.760000228881836,16.979999542236328,16.440000534057617,16.889999389648438,4407700
2023-01-05,15.684727668762207,17.280000686645508,17.5,16.84000015258789,17.479999542236328,2613900
2023-01-06,16.28380012512207,17.940000534057617,18.040000915527344,17.270000457763672,17.270000457763672,3363200
2023-01-09,16.311025619506836,17.969999313354492,18.09000015258789,17.59000015258789,18.0,1249700
2023-01-10,16.62871551513672,18.31999969482422,18.40999984741211,17.559999465942383,17.81999969482422,3110000
2023-01-11,16.86471176147461,18.579999923706055,18.6299991607666,17.969999313354492,18.049999237060547,1506700
2023-01-12,16.8465576171875,18.559999465942383,18.989999771118164,18.440000534057617,18.760000228881836,1532200
2023-01-13,16.320100784301758,17.979999542236328,18.75,17.93000030517578,18.75,2240800
2023-01-16,16.14765167236328,17.790000915527344,18.209999084472656,17.760000228881836,17.969999313354492,1030100
2023-01-17,16.655948638916016,18.350000381469727,18.469999313354492,17.81999969482422,17.940000534057617,1581800
2023-01-18,16.86471176147461,18.579999923706055,18.899999618530273,18.399999618530273,18.670000076293945,3378000
2023-01-19,16.873790740966797,18.59000015258789,18.719999313354492,18.079999923706055,18.239999771118164,1978800
2023-01-20,16.719484329223633,18.420000076293945,18.639999389648438,18.31999969482422,18.610000610351562,1393900
2023-01-23,16.746715545654297,18.450000762939453,18.729999542236328,18.299999237060547,18.40999984741211,1607500
2023-01-24,17.00086784362793,18.729999542236328,18.780000686645508,18.309999465942383,18.43000030517578,2028300
2023-01-25,17.309480667114258,19.06999969482422,19.09000015258789,18.6299991607666,18.75,1821500
2023-01-26,17.699779510498047,19.5,19.549999237060547,19.149999618530273,19.18000030517578,3618900
2023-01-27,17.354862213134766,19.1200008392334,19.530000686645508,19.030000686645508,19.440000534057617,1728000
2023-01-30,17.454710006713867,19.229999542236328,19.540000915527344,19.1299991607666,19.34000015258789,1952500
2023-01-31,17.790546417236328,19.600000381469727,19.649999618530273,19.09000015258789,19.290000915527344,2437700
2023-02-01,17.790546417236328,19.600000381469727,19.8700008392334,19.190000534057617,19.530000686645508,3355300
2023-02-02,17.354862213134766,19.1200008392334,19.84000015258789,19.06999969482422,19.25,2862300
2023-02-03,16.8193302154541,18.530000686645508,18.989999771118164,18.520000457763672,18.940000534057617,1760400
2023-02-06,17.227787017822266,18.979999542236328,19.1200008392334,18.200000762939453,18.510000228881836,2533800
2023-02-07,17.13701629638672,18.8799991607666,19.149999618530273,18.649999618530273,19.049999237060547,2156100
2023-02-08,17.49101448059082,19.270000457763672,19.3799991607666,18.760000228881836,18.8799991607666,2595300
2023-02-09,16.746715545654297,18.450000762939453,19.399999618530273,18.399999618530273,19.299999237060547,1851900
2023-02-10,17.318553924560547,19.079999923706055,19.1200008392334,18.3700008392334,18.440000534057617,2213800
2023-02-13,16.964555740356445,18.690000534057617,19.200000762939453,18.68000030517578,18.760000228881836,2015500
2023-02-14,16.6922550201416,18.389999389648438,19.040000915527344,18.3700008392334,18.719999313354492,2790100
2023-02-15,17.02809715270996,18.760000228881836,19.059999465942383,18.3700008392334,18.5,2594300
2023-02-16,17.690704345703125,19.489999771118164,19.56999969482422,18.6200008392334,18.709999084472656,3332900
2023-02-17,17.727014541625977,19.530000686645508,19.56999969482422,19.1299991607666,19.170000076293945,2087600
2023-02-22,17.318553924560547,19.079999923706055,19.299999237060547,18.920000076293945,19.299999237060547,1858000
2023-02-23,17.509166717529297,19.290000915527344,19.540000915527344,19.079999923706055,19.25,1562700
2023-02-24,17.463783264160156,19.239999771118164,19.65999984741211,19.010000228881836,19.15999984741211,1966400
2023-02-27,17.509166717529297,19.290000915527344,19.6299991607666,19.09000015258789,19.09000015258789,2466200
2023-02-28,17.581783294677734,19.3700008392334,19.530000686645508,19.18000030517578,19.3799991607666,3171000
2023-03-01,16.6922550201416,18.389999389648438,19.559999465942383,18.100000381469727,19.450000762939453,5217300
2023-03-02,17.055328369140625,18.790000915527344,18.989999771118164,18.329999923706055,18.350000381469727,2229100
2023-03-03,16.401796340942383,18.06999969482422,18.75,17.950000762939453,18.729999542236328,2160400
2023-03-06,16.868446350097656,18.489999771118164,18.489999771118164,17.700000762939453,17.989999771118164,2693100
2023-03-07,17.11476707458496,18.760000228881836,18.90999984741211,18.360000610351562,18.5,2616600
2023-03-08,17.74425506591797,19.450000762939453,19.479999542236328,18.56999969482422,18.68000030517578,1353700
2023-03-09,17.589160919189453,19.280000686645508,19.440000534057617,18.850000381469727,19.110000610351562,2002700
2023-03-10,17.288105010986328,18.950000762939453,19.059999465942383,18.559999465942383,18.889999389648438,1707500
2023-03-13,17.288105010986328,18.950000762939453,19.200000762939453,18.610000610351562,18.84000015258789,2979200
2023-03-14,17.41582679748535,19.09000015258789,19.31999969482422,18.790000915527344,18.950000762939453,2671900
2023-03-15,17.8810977935791,19.600000381469727,19.899999618530273,18.670000076293945,18.8700008392334,5625000
2023-03-16,17.98145294189453,19.709999084472656,19.899999618530273,19.15999984741211,19.709999084472656,4639300
2023-03-17,17.853731155395508,19.56999969482422,19.65999984741211,19.229999542236328,19.5,4120400
2023-03-20,17.351966857910156,19.020000457763672,19.84000015258789,18.770000457763672,19.610000610351562,4910900
2023-03-21,17.470565795898438,19.149999618530273,19.329999923706055,19.030000686645508,19.030000686645508,2397500
2023-03-22,17.406702041625977,19.079999923706055,19.3799991607666,18.770000457763672,19.290000915527344,3730700
2023-03-23,16.722476959228516,18.329999923706055,19.110000610351562,17.959999084472656,18.989999771118164,4105200
2023-03-24,17.30634880065918,18.969999313354492,19.100000381469727,18.260000228881836,18.270000457763672,2808300
2023-03-27,17.68039321899414,19.3799991607666,19.520000457763672,18.90999984741211,19.040000915527344,2350000
2023-03-28,17.74425506591797,19.450000762939453,19.600000381469727,19.1200008392334,19.3799991607666,1718900
2023-03-29,17.63477897644043,19.329999923706055,19.540000915527344,19.0,19.520000457763672,2433700
2023-03-30,18.182159423828125,19.93000030517578,20.31999969482422,19.459999084472656,19.600000381469727,4295200
2023-03-31,17.598285675048828,19.290000915527344,20.020000457763672,19.030000686645508,20.020000457763672,3612900
2023-04-03,16.959674835205078,18.59000015258789,19.290000915527344,18.389999389648438,19.280000686645508,4001600
2023-04-04,17.424951553344727,19.100000381469727,19.25,18.6200008392334,18.6200008392334,2741800
2023-04-05,17.66214942932129,19.360000610351562,19.5,18.729999542236328,19.100000381469727,3485700
2023-04-06,17.67127227783203,19.3700008392334,19.579999923706055,19.059999465942383,19.3700008392334,2428500
2023-04-10,17.48880958557129,19.170000076293945,19.59000015258789,19.06999969482422,19.3700008392334,1554100
2023-04-11,18.090927124023438,19.829999923706055,20.280000686645508,19.299999237060547,19.350000381469727,5211200
2023-04-12,18.54707908630371,20.329999923706055,20.780000686645508,19.899999618530273,19.899999618530273,5110600
2023-04-13,18.54707908630371,20.329999923706055,20.5,20.0,20.350000381469727,1629400
2023-04-14,18.711294174194336,20.510000228881836,20.600000381469727,19.84000015258789,20.219999313354492,2532900
2023-04-17,18.346372604370117,20.110000610351562,20.670000076293945,20.040000915527344,20.5,3091700
2023-04-18,18.300758361816406,20.059999465942383,20.3700008392334,19.950000762939453,20.219999313354492,2342300
2023-04-19,17.689516067504883,19.389999389648438,19.8700008392334,19.15999984741211,19.610000610351562,6157400
2023-04-20,17.716882705688477,19.420000076293945,19.790000915527344,19.239999771118164,19.43000030517578,3021100
2023-04-24,17.896896362304688,19.34000015258789,19.59000015258789,18.81999969482422,19.149999618530273,4228700
2023-04-25,17.859878540039062,19.299999237060547,19.459999084472656,19.020000457763672,19.100000381469727,1864200
2023-04-26,17.832117080688477,19.270000457763672,19.479999542236328,19.1200008392334,19.389999389648438,1433200
2023-04-27,18.30406379699707,19.780000686645508,19.940000534057617,19.25,19.25,2793700
2023-04-28,18.840787887573242,20.360000610351562,20.530000686645508,19.829999923706055,19.829999923706055,4735300
2023-05-02,18.73899269104004,20.25,20.3700008392334,19.8700008392334,20.280000686645508,2398900
2023-05-03,18.868547439575195,20.389999389648438,20.850000381469727,19.8799991607666,20.3799991607666,4423400
2023-05-04,19.090639114379883,20.6299991607666,20.950000762939453,20.239999771118164,20.729999542236328,4315500
2023-05-05,19.636613845825195,21.219999313354492,21.440000534057617,20.56999969482422,20.709999084472656,3649500
2023-05-08,19.109146118164062,20.649999618530273,21.350000381469727,20.540000915527344,21.350000381469727,3521100
2023-05-09,19.294221878051758,20.850000381469727,21.149999618530273,20.350000381469727,20.43000030517578,7148000
2023-05-10,19.627361297607422,21.209999084472656,21.459999084472656,20.670000076293945,20.829999923706055,3764300
2023-05-11,19.6458683013916,21.229999542236328,21.479999542236328,20.850000381469727,20.8799991607666,2889800
2023-05-12,19.507061004638672,21.079999923706055,21.5,20.8700008392334,21.110000610351562,2300600
2023-05-15,19.534822463989258,21.110000610351562,21.270000457763672,20.850000381469727,21.020000457763672,1510700
2023-05-16,19.433029174804688,21.0,21.479999542236328,20.81999969482422,21.260000228881836,1640700
2023-05-17,19.803184509277344,21.399999618530273,21.559999465942383,20.829999923706055,20.829999923706055,2657700
2023-05-18,20.034528732299805,21.649999618530273,21.850000381469727,21.309999465942383,21.3700008392334,5022000
2023-05-19,20.247364044189453,21.8799991607666,22.149999618530273,21.510000228881836,21.68000030517578,4488000
2023-05-22,20.35841178894043,22.0,22.170000076293945,21.75,21.75,5664900
2023-05-23,20.35841178894043,22.0,22.399999618530273,21.969999313354492,22.170000076293945,2204600
2023-05-24,20.386173248291016,22.030000686645508,22.200000762939453,21.790000915527344,21.969999313354492,4036200
2023-05-25,20.395429611206055,22.040000915527344,23.239999771118164,22.040000915527344,22.489999771118164,5074200
2023-05-26,20.441696166992188,22.09000015258789,22.3700008392334,21.780000686645508,22.209999084472656,2112900
2023-05-29,20.386173248291016,22.030000686645508,22.139999389648438,21.639999389648438,22.049999237060547,1907800
2023-05-30,20.312145233154297,21.950000762939453,22.399999618530273,21.719999313354492,22.040000915527344,2572000
2023-05-31,20.136322021484375,21.760000228881836,22.020000457763672,21.639999389648438,21.809999465942383,3621000
2023-06-01,20.136322021484375,21.760000228881836,21.940000534057617,21.350000381469727,21.770000457763672,5646900
2023-06-02,19.997512817382812,21.610000610351562,22.40999984741211,21.290000915527344,22.010000228881836,5041500
2023-06-05,19.895723342895508,21.5,21.6200008392334,21.139999389648438,21.6200008392334,4695000
2023-06-06,20.67304039001465,22.34000015258789,22.540000915527344,21.510000228881836,21.59000015258789,4729300
2023-06-07,20.89513397216797,22.579999923706055,23.190000534057617,22.350000381469727,22.350000381469727,5066000
2023-06-09,20.441696166992188,22.09000015258789,22.829999923706055,21.920000076293945,22.760000228881836,5120100
2023-06-12,20.42319107055664,22.06999969482422,22.15999984741211,21.829999923706055,22.030000686645508,5702200
2023-06-13,20.154829025268555,21.780000686645508,22.040000915527344,21.469999313354492,22.0,3849800
2023-06-14,20.524980545043945,22.18000030517578,22.34000015258789,21.59000015258789,21.84000015258789,2923000
2023-06-15,20.515727996826172,22.170000076293945,22.299999237060547,21.93000030517578,22.149999618530273,2275100
2023-06-16,20.265872955322266,21.899999618530273,22.190000534057617,21.780000686645508,22.020000457763672,4301300
2023-06-19,20.36766815185547,22.010000228881836,22.100000381469727,21.75,21.889999389648438,1562800
2023-06-20,20.821104049682617,22.5,22.600000381469727,21.8799991607666,21.920000076293945,5000300
2023-06-21,20.996929168701172,22.690000534057617,22.799999237060547,22.280000686645508,22.600000381469727,3557100
2023-06-22,20.89513397216797,22.579999923706055,22.579999923706055,22.200000762939453,22.290000915527344,1832700
2023-06-23,21.35782814025879,23.079999923706055,23.389999389648438,22.5,22.739999771118164,4562400
2023-06-26,21.163494110107422,22.8700008392334,23.31999969482422,22.40999984741211,23.139999389648438,3060100
2023-06-27,20.774837493896484,22.450000762939453,23.389999389648438,21.959999084472656,23.1299991607666,4358200
2023-06-28,20.63602638244629,22.299999237060547,22.75,22.149999618530273,22.450000762939453,2548200
2023-06-29,20.63602638244629,22.299999237060547,22.530000686645508,21.93000030517578,22.469999313354492,3535300
2023-06-30,20.747074127197266,22.420000076293945,22.860000610351562,22.229999542236328,22.389999389648438,5718800
2023-07-03,20.904388427734375,22.59000015258789,22.739999771118164,22.209999084472656,22.43000030517578,4515100
2023-07-04,20.691551208496094,22.360000610351562,22.600000381469727,22.139999389648438,22.600000381469727,2034400
2023-07-05,20.922897338867188,22.610000610351562,23.200000762939453,21.959999084472656,22.260000228881836,4392500
2023-07-06,20.617521286010742,22.280000686645508,22.540000915527344,22.139999389648438,22.459999084472656,3929800
2023-07-07,20.83961296081543,22.520000457763672,22.760000228881836,22.209999084472656,22.510000228881836,3734000
2023-07-10,20.774837493896484,22.450000762939453,22.520000457763672,22.18000030517578,22.520000457763672,1996700
2023-07-11,20.59901237487793,22.260000228881836,22.459999084472656,21.709999084472656,22.25,3926800
2023-07-12,20.5064754486084,22.15999984741211,22.520000457763672,22.09000015258789,22.299999237060547,3610900
2023-07-13,20.395429611206055,22.040000915527344,22.350000381469727,22.0,22.15999984741211,2010800
2023-07-14,19.82168960571289,21.420000076293945,22.020000457763672,21.290000915527344,22.020000457763672,4367000
2023-07-17,19.784677505493164,21.3799991607666,21.440000534057617,21.0,21.260000228881836,3119200
2023-07-18,19.82168960571289,21.420000076293945,21.56999969482422,21.219999313354492,21.3799991607666,2665500
2023-07-19,19.747661590576172,21.34000015258789,21.5,21.06999969482422,21.43000030517578,2189200
2023-07-20,19.775423049926758,21.3700008392334,21.43000030517578,20.940000534057617,21.239999771118164,2978400
2023-07-21,20.090051651000977,21.709999084472656,22.06999969482422,21.469999313354492,21.469999313354492,5054100
2023-07-24,20.30289077758789,21.940000534057617,22.09000015258789,21.549999237060547,21.549999237060547,1619600
2023-07-25,20.460205078125,22.110000610351562,22.719999313354492,22.020000457763672,22.329999923706055,2724200
2023-07-26,20.460205078125,22.110000610351562,22.299999237060547,21.8799991607666,21.8799991607666,3205400
2023-07-27,20.228858947753906,21.860000610351562,22.219999313354492,21.780000686645508,22.18000030517578,3476000
2023-07-28,20.35841178894043,22.0,22.479999542236328,21.780000686645508,22.149999618530273,7077500
2023-07-31,20.247364044189453,21.8799991607666,22.31999969482422,21.65999984741211,22.260000228881836,4560700
2023-08-01,20.747074127197266,22.420000076293945,22.549999237060547,21.559999465942383,21.770000457763672,5694000
2023-08-02,20.774837493896484,22.450000762939453,22.6299991607666,22.280000686645508,22.43000030517578,3402600
2023-08-03,20.89513397216797,22.579999923706055,23.280000686645508,22.520000457763672,22.6299991607666,5186000
2023-08-04,20.73781967163086,22.40999984741211,22.700000762939453,22.280000686645508,22.600000381469727,2627700
2023-08-07,20.524980545043945,22.18000030517578,22.479999542236328,22.079999923706055,22.40999984741211,3151100
2023-08-08,20.469459533691406,22.1200008392334,22.40999984741211,21.700000762939453,22.049999237060547,2887200
2023-08-09,20.5064754486084,22.15999984741211,22.209999084472656,21.889999389648438,21.959999084472656,1793200
2023-08-10,20.608264923095703,22.270000457763672,22.399999618530273,22.030000686645508,22.190000534057617,2006400
2023-08-11,20.571252822875977,22.229999542236328,22.389999389648438,21.969999313354492,22.270000457763672,2642400
2023-08-14,20.275131225585938,21.90999984741211,22.389999389648438,21.84000015258789,22.389999389648438,3273000
2023-08-15,20.016019821166992,21.6299991607666,22.110000610351562,21.450000762939453,21.889999389648438,3793800
2023-08-16,19.51631736755371,21.09000015258789,21.700000762939453,20.959999084472656,21.670000076293945,4230000
2023-08-17,19.22019386291504,20.770000457763672,21.219999313354492,20.639999389648438,21.139999389648438,5021900
2023-08-18,19.460792541503906,21.030000686645508,21.059999465942383,20.6299991607666,20.649999618530273,4597100
2023-08-21,19.294221878051758,20.850000381469727,21.030000686645508,20.670000076293945,20.799999237060547,3751200
2023-08-22,19.52556610107422,21.100000381469727,21.399999618530273,20.850000381469727,21.0,1730100
2023-08-23,19.775423049926758,21.3700008392334,21.479999542236328,21.0,21.110000610351562,3282300
2023-08-24,19.82168960571289,21.420000076293945,21.420000076293945,21.079999923706055,21.239999771118164,2420000
2023-08-25,19.405269622802734,20.969999313354492,21.6299991607666,20.84000015258789,21.450000762939453,3022000
2023-08-28,19.599599838256836,21.18000030517578,21.270000457763672,20.809999465942383,20.959999084472656,1982300
2023-08-29,19.719898223876953,21.309999465942383,21.489999771118164,21.059999465942383,21.190000534057617,2087000
2023-08-30,19.562583923339844,21.139999389648438,21.530000686645508,21.049999237060547,21.450000762939453,1085600
2023-08-31,19.06287956237793,20.600000381469727,21.18000030517578,20.469999313354492,21.139999389648438,3790800
2023-09-01,19.71064567565918,21.299999237060547,21.299999237060547,20.56999969482422,20.639999389648438,5466600
2023-09-04,20.016019821166992,21.6299991607666,21.700000762939453,21.079999923706055,21.139999389648438,2796900
2023-09-05,19.507061004638672,21.079999923706055,21.489999771118164,20.760000228881836,21.489999771118164,5000500
2023-09-06,18.859291076660156,20.3799991607666,21.1200008392334,20.270000457763672,20.989999771118164,4160900
2023-09-08,18.748247146606445,20.260000228881836,20.459999084472656,20.110000610351562,20.299999237060547,2209400
2023-09-11,19.109146118164062,20.649999618530273,20.799999237060547,20.229999542236328,20.360000610351562,2355500
2023-09-12,19.627361297607422,21.209999084472656,21.290000915527344,20.639999389648438,20.700000762939453,3112100
2023-09-13,19.738407135009766,21.329999923706055,21.65999984741211,21.09000015258789,21.290000915527344,2157400
2023-09-14,19.756916046142578,21.350000381469727,21.510000228881836,21.020000457763672,21.459999084472656,1565500
2023-09-15,19.37751007080078,20.940000534057617,21.40999984741211,20.81999969482422,21.389999389648438,2066000
2023-09-18,19.294221878051758,20.850000381469727,21.020000457763672,20.670000076293945,20.829999923706055,1704400
2023-09-19,19.275714874267578,20.829999923706055,21.010000228881836,20.649999618530273,20.760000228881836,2963800
2023-09-20,19.442283630371094,21.010000228881836,21.260000228881836,20.690000534057617,20.829999923706055,3673800
2023-09-21,18.785261154174805,20.299999237060547,20.649999618530273,20.139999389648438,20.610000610351562,5596900
2023-09-22,18.840787887573242,20.360000610351562,20.559999465942383,20.190000534057617,20.360000610351562,2890700
2023-09-25,18.85004234313965,20.3700008392334,20.43000030517578,20.079999923706055,20.40999984741211,1829800
2023-09-26,18.193017959594727,19.65999984741211,20.360000610351562,19.469999313354492,20.360000610351562,4277400
2023-09-27,18.16525650024414,19.6299991607666,19.850000381469727,19.360000610351562,19.850000381469727,2601500
2023-09-28,18.47988510131836,19.969999313354492,20.170000076293945,19.530000686645508,19.549999237060547,2501300
2023-09-29,18.73899269104004,20.25,20.43000030517578,19.940000534057617,20.270000457763672,1845300
2023-10-02,18.32257080078125,19.799999237060547,20.149999618530273,19.530000686645508,20.149999618530273,4921200
2023-10-03,17.980178833007812,19.43000030517578,19.790000915527344,19.280000686645508,19.649999618530273,2766900
2023-10-04,18.498394012451172,19.989999771118164,20.1299991607666,19.5,19.56999969482422,3361700
2023-10-05,18.452125549316406,19.940000534057617,20.100000381469727,19.579999923706055,20.030000686645508,2514200
2023-10-06,18.461380004882812,19.950000762939453,20.280000686645508,19.25,19.65999984741211,4747400
2023-10-09,18.840787887573242,20.360000610351562,20.3700008392334,19.510000228881836,19.729999542236328,4016500
2023-10-10,19.303476333618164,20.860000610351562,20.950000762939453,20.329999923706055,20.350000381469727,4540200
2023-10-11,19.627361297607422,21.209999084472656,21.309999465942383,20.739999771118164,20.860000610351562,6307000
2023-10-13,19.37751007080078,20.940000534057617,21.299999237060547,20.790000915527344,21.149999618530273,2319400
2023-10-16,19.34049415588379,20.899999618530273,21.190000534057617,20.760000228881836,21.0,3122400
2023-10-17,18.87779998779297,20.399999618530273,20.81999969482422,20.239999771118164,20.739999771118164,3912400
2023-10-18,17.795103073120117,19.229999542236328,20.25,19.139999389648438,20.25,5837400
2023-10-19,17.730327606201172,19.15999984741211,19.440000534057617,19.049999237060547,19.149999618530273,5274600
2023-10-20,17.758089065551758,19.190000534057617,19.34000015258789,18.739999771118164,19.0,3528800
2023-10-23,18.507648468017578,20.0,20.25,19.100000381469727,19.100000381469727,4206300
2023-10-24,19.05362319946289,20.59000015258789,20.610000610351562,20.1200008392334,20.219999313354492,3705100
2023-10-25,18.748247146606445,20.260000228881836,20.780000686645508,20.059999465942383,20.59000015258789,4392900
2023-10-26,19.05362319946289,20.59000015258789,20.84000015258789,20.299999237060547,20.309999465942383,3076300
2023-10-27,18.674217224121094,20.18000030517578,21.040000915527344,20.149999618530273,20.809999465942383,2016300
2023-10-30,18.118988037109375,19.579999923706055,20.270000457763672,19.540000915527344,20.219999313354492,2188800
2023-10-31,18.572423934936523,20.06999969482422,20.450000762939453,19.280000686645508,19.760000228881836,3103300
2023-11-01,18.47988510131836,19.969999313354492,20.459999084472656,19.8799991607666,20.100000381469727,4945600
2023-11-03,18.99810218811035,20.530000686645508,20.90999984741211,20.440000534057617,20.530000686645508,4437300
2023-11-06,18.785261154174805,20.299999237060547,20.889999389648438,20.239999771118164,20.68000030517578,1419100
2023-11-07,19.33123779296875,20.889999389648438,21.110000610351562,20.25,20.25,2298700
2023-11-08,19.423778533935547,20.989999771118164,21.200000762939453,20.700000762939453,21.040000915527344,1117200
2023-11-09,19.136911392211914,20.68000030517578,21.3700008392334,20.59000015258789,20.969999313354492,2468700
2023-11-10,19.229448318481445,20.780000686645508,21.25,20.649999618530273,20.979999542236328,6277900
2023-11-13,19.035114288330078,20.56999969482422,20.979999542236328,20.440000534057617,20.799999237060547,2963400
2023-11-14,19.6458683013916,21.229999542236328,21.540000915527344,20.690000534057617,20.780000686645508,6496700
2023-11-16,19.997512817382812,21.610000610351562,21.639999389648438,21.209999084472656,21.299999237060547,3298600
2023-11-17,20.284381866455078,21.920000076293945,21.950000762939453,21.5,21.920000076293945,4208100
2023-11-20,20.515727996826172,22.170000076293945,22.18000030517578,21.579999923706055,21.579999923706055,1571400
2023-11-21,20.1733341217041,21.799999237060547,22.040000915527344,21.450000762939453,21.950000762939453,2508900
2023-11-22,20.18259048461914,21.809999465942383,22.459999084472656,21.6200008392334,21.799999237060547,3347400
2023-11-23,20.515727996826172,22.170000076293945,22.34000015258789,21.719999313354492,21.920000076293945,1654000
2023-11-24,20.395429611206055,22.040000915527344,22.31999969482422,21.899999618530273,22.110000610351562,1251700
2023-11-27,20.349159240722656,21.989999771118164,22.360000610351562,21.799999237060547,22.200000762939453,1507000
2023-11-28,20.432443618774414,22.079999923706055,22.139999389648438,21.780000686645508,21.829999923706055,1648600
2023-11-29,20.950658798217773,22.639999389648438,22.719999313354492,21.940000534057617,22.059999465942383,5032300
2023-11-30,21.36707878112793,23.09000015258789,23.270000457763672,22.690000534057617,22.739999771118164,5380900
2023-12-01,21.71872329711914,23.469999313354492,23.469999313354492,22.610000610351562,23.31999969482422,3863100
2023-12-04,21.690961837768555,23.440000534057617,23.6200008392334,23.149999618530273,23.350000381469727,1930400
2023-12-05,21.71872329711914,23.469999313354492,23.770000457763672,23.049999237060547,23.530000686645508,2204700
2023-12-06,21.533649444580078,23.270000457763672,23.719999313354492,22.969999313354492,23.5,3167300
2023-12-07,21.570663452148438,23.309999465942383,23.420000076293945,23.100000381469727,23.25,1771400
2023-12-08,21.54290008544922,23.280000686645508,23.3799991607666,22.989999771118164,23.309999465942383,2246500
2023-12-11,21.4688720703125,23.200000762939453,23.329999923706055,22.940000534057617,23.209999084472656,1406000
2023-12-12,21.6632022857666,23.40999984741211,23.450000762939453,23.010000228881836,23.1200008392334,1636600
2023-12-13,22.246191024780273,24.040000915527344,24.3799991607666,23.190000534057617,23.31999969482422,3677100
2023-12-14,22.708885192871094,24.540000915527344,24.8799991607666,24.110000610351562,24.110000610351562,5687100
2023-12-15,22.86619758605957,24.709999084472656,24.8700008392334,24.25,24.5,3433300
2023-12-18,22.69963264465332,24.530000686645508,24.809999465942383,24.43000030517578,24.56999969482422,1591400
2023-12-19,22.607091903686523,24.43000030517578,24.700000762939453,24.350000381469727,24.6200008392334,1805300
2023-12-20,22.283206939697266,24.079999923706055,24.579999923706055,23.790000915527344,24.43000030517578,2846700
2023-12-21,22.39425277709961,24.200000762939453,24.479999542236328,24.030000686645508,24.389999389648438,2411300
2023-12-22,22.310970306396484,24.110000610351562,24.350000381469727,23.950000762939453,24.1200008392334,1812600
2023-12-26,22.4775390625,24.290000915527344,24.530000686645508,24.09000015258789,24.100000381469727,2166200
2023-12-27,22.625598907470703,24.450000762939453,24.479999542236328,24.06999969482422,24.3799991607666,1260600
2023-12-28,22.560823440551758,24.3799991607666,24.540000915527344,24.239999771118164,24.440000534057617,1519100
2024-01-02,22.135147094726562,23.920000076293945,24.200000762939453,23.579999923706055,24.040000915527344,3161800
2024-01-03,22.764408111572266,24.600000381469727,24.600000381469727,23.6200008392334,23.93000030517578,3040400
2024-01-04,22.347986221313477,24.149999618530273,24.649999618530273,23.940000534057617,24.6200008392334,4988500
2024-01-05,22.570077896118164,24.389999389648438,24.479999542236328,23.959999084472656,24.149999618530273,2957500
2024-01-08,22.662614822387695,24.489999771118164,24.649999618530273,23.93000030517578,23.93000030517578,2011000
2024-01-09,22.75515365600586,24.59000015258789,24.799999237060547,24.239999771118164,24.239999771118164,2422800
2024-01-10,22.607091903686523,24.43000030517578,24.860000610351562,24.200000762939453,24.579999923706055,2325200
2024-01-11,22.5238094329834,24.34000015258789,24.690000534057617,24.209999084472656,24.270000457763672,2603400
2024-01-12,22.75515365600586,24.59000015258789,24.81999969482422,24.200000762939453,24.34000015258789,2845000
2024-01-15,22.597837448120117,24.420000076293945,24.639999389648438,24.270000457763672,24.579999923706055,1404000
2024-01-16,22.06111717224121,23.84000015258789,24.299999237060547,23.6299991607666,24.299999237060547,2324300
2024-01-17,22.01484489440918,23.790000915527344,23.8799991607666,23.469999313354492,23.84000015258789,3049200
2024-01-18,21.71872329711914,23.469999313354492,23.889999389648438,23.389999389648438,23.889999389648438,1808500
2024-01-19,21.977828979492188,23.75,24.15999984741211,23.1299991607666,23.43000030517578,3083800
2024-01-22,21.616931915283203,23.360000610351562,23.860000610351562,23.149999618530273,23.860000610351562,2249000
2024-01-23,22.06111717224121,23.84000015258789,24.030000686645508,23.399999618530273,23.399999618530273,2922900
2024-01-24,21.84827995300293,23.610000610351562,24.25,23.3700008392334,24.1200008392334,2004100
2024-01-25,21.811262130737305,23.56999969482422,23.8799991607666,23.5,23.799999237060547,2548100
2024-01-26,21.792755126953125,23.549999237060547,23.709999084472656,23.350000381469727,23.600000381469727,1972800
2024-01-29,21.977828979492188,23.75,23.950000762939453,23.34000015258789,23.399999618530273,2934300
2024-01-30,21.931564331054688,23.700000762939453,23.8700008392334,23.260000228881836,23.75,2854800
2024-01-31,22.09813117980957,23.8799991607666,24.43000030517578,23.6299991607666,23.81999969482422,3043200
2024-02-01,22.21843147277832,24.010000228881836,24.010000228881836,23.549999237060547,23.860000610351562,2551300
2024-02-02,21.94081687927246,23.709999084472656,24.059999465942383,23.31999969482422,23.959999084472656,2660900
2024-02-05,21.80200958251953,23.559999465942383,23.8799991607666,23.43000030517578,23.799999237060547,2165800
2024-02-06,22.135147094726562,23.920000076293945,24.209999084472656,23.43000030517578,23.559999465942383,2433000
2024-02-07,22.579330444335938,24.399999618530273,24.59000015258789,23.889999389648438,23.93000030517578,2577600
2024-02-08,21.98708724975586,23.760000228881836,24.399999618530273,23.6299991607666,24.389999389648438,1974100
2024-02-09,22.02410125732422,23.799999237060547,23.93000030517578,23.389999389648438,23.68000030517578,3193800
2024-02-14,21.894548416137695,23.65999984741211,23.799999237060547,23.399999618530273,23.790000915527344,1417600
2024-02-15,21.45036506652832,23.18000030517578,23.81999969482422,23.139999389648438,23.780000686645508,2404300
2024-02-16,21.385587692260742,23.110000610351562,23.360000610351562,22.81999969482422,23.290000915527344,2176100
2024-02-19,21.60767936706543,23.350000381469727,23.350000381469727,22.81999969482422,23.010000228881836,1592600
2024-02-20,21.71872329711914,23.469999313354492,23.690000534057617,23.149999618530273,23.31999969482422,3649400
2024-02-21,21.746484756469727,23.5,24.34000015258789,23.209999084472656,23.510000228881836,5187000
2024-02-22,22.18141746520996,23.969999313354492,24.18000030517578,23.600000381469727,23.690000534057617,9860700
2024-02-23,21.700218200683594,23.450000762939453,24.030000686645508,23.280000686645508,23.959999084472656,2111000
2024-02-26,21.735288619995117,23.31999969482422,23.709999084472656,23.15999984741211,23.329999923706055,2165000
2024-02-27,22.098787307739258,23.709999084472656,23.81999969482422,23.389999389648438,23.40999984741211,2737600
2024-02-28,22.126747131347656,23.739999771118164,23.75,23.010000228881836,23.600000381469727,4959300
2024-02-29,21.92169952392578,23.520000457763672,23.81999969482422,23.489999771118164,23.739999771118164,1981400
2024-03-01,21.986942291259766,23.59000015258789,23.68000030517578,23.1200008392334,23.600000381469727,1971800
2024-03-04,21.809852600097656,23.399999618530273,23.649999618530273,23.190000534057617,23.479999542236328,1992200
2024-03-05,21.86577606201172,23.459999084472656,23.81999969482422,23.290000915527344,23.399999618530273,1911800
2024-03-06,21.884416580200195,23.479999542236328,23.959999084472656,23.3700008392334,23.56999969482422,4068700
2024-03-07,22.089468002319336,23.700000762939453,23.729999542236328,23.3700008392334,23.3799991607666,2177600
2024-03-08,22.136066436767578,23.75,24.15999984741211,23.40999984741211,23.40999984741211,2443600
2024-03-11,21.912378311157227,23.510000228881836,23.829999923706055,23.5,23.65999984741211,2258100
2024-03-12,22.042863845825195,23.649999618530273,23.729999542236328,23.3700008392334,23.700000762939453,2673700
2024-03-13,22.60209083557129,24.25,24.440000534057617,23.479999542236328,23.530000686645508,6912100
2024-03-14,22.462284088134766,24.100000381469727,24.5,23.889999389648438,24.100000381469727,3280000
2024-03-15,22.219953536987305,23.84000015258789,24.299999237060547,23.84000015258789,24.219999313354492,4651900
2024-03-18,22.173349380493164,23.790000915527344,23.979999542236328,23.549999237060547,23.8700008392334,7970700
2024-03-19,21.97762107849121,23.579999923706055,23.920000076293945,23.450000762939453,23.670000076293945,2875500
2024-03-20,22.639373779296875,24.290000915527344,24.299999237060547,23.549999237060547,23.639999389648438,3964900
2024-03-21,22.639373779296875,24.290000915527344,24.510000228881836,24.06999969482422,24.170000076293945,4242000
2024-03-22,22.18267059326172,23.799999237060547,24.389999389648438,23.639999389648438,24.350000381469727,7367900
2024-03-25,22.05218505859375,23.65999984741211,23.899999618530273,23.489999771118164,23.899999618530273,2461300
2024-03-26,22.05218505859375,23.65999984741211,23.81999969482422,23.5,23.639999389648438,2735800
2024-03-27,21.99626350402832,23.600000381469727,23.700000762939453,23.25,23.65999984741211,2746600
2024-03-28,21.725969314575195,23.309999465942383,23.739999771118164,23.1299991607666,23.56999969482422,4002100
2024-04-01,21.3251895904541,22.8799991607666,23.209999084472656,22.6299991607666,23.0,5802100
2024-04-02,21.381113052368164,22.940000534057617,23.25,22.549999237060547,22.969999313354492,3900200
2024-04-03,21.250625610351562,22.799999237060547,23.010000228881836,22.56999969482422,22.860000610351562,1954300
2024-04-04,21.47431755065918,23.040000915527344,23.399999618530273,22.860000610351562,22.90999984741211,1958000
2024-04-05,21.437036514282227,23.0,23.219999313354492,22.809999465942383,22.979999542236328,2659300
2024-04-08,21.69800567626953,23.280000686645508,23.469999313354492,22.850000381469727,23.0,2223800
2024-04-09,21.968299865722656,23.56999969482422,23.739999771118164,23.25,23.25,1949300
2024-04-10,21.297229766845703,22.850000381469727,23.520000457763672,22.709999084472656,23.459999084472656,2950000
2024-04-11,21.213346481323242,22.760000228881836,23.030000686645508,22.600000381469727,22.799999237060547,3689700
2024-04-12,20.74732208251953,22.260000228881836,22.920000076293945,22.110000610351562,22.670000076293945,3150400
2024-04-15,20.104209899902344,21.56999969482422,22.170000076293945,21.440000534057617,22.15999984741211,4399400
2024-04-16,19.93644142150879,21.389999389648438,21.790000915527344,21.219999313354492,21.450000762939453,3417100
2024-04-17,19.861879348754883,21.309999465942383,21.670000076293945,21.09000015258789,21.6299991607666,2811000
2024-04-18,19.694110870361328,21.1299991607666,21.540000915527344,20.93000030517578,21.299999237060547,3037900
2024-04-19,19.966672897338867,20.90999984741211,21.079999923706055,20.649999618530273,20.700000762939453,2758200
2024-04-22,19.97622299194336,20.920000076293945,21.049999237060547,20.6200008392334,20.68000030517578,4141300
2024-04-23,20.02396583557129,20.969999313354492,21.100000381469727,20.459999084472656,20.670000076293945,3347500
2024-04-24,20.444114685058594,21.40999984741211,21.639999389648438,20.760000228881836,20.920000076293945,3635900
2024-04-25,19.412839889526367,20.329999923706055,21.389999389648438,20.200000762939453,21.389999389648438,5187900
2024-04-26,20.300884246826172,21.260000228881836,21.31999969482422,20.420000076293945,20.559999465942383,5313100
2024-04-29,20.463214874267578,21.43000030517578,21.510000228881836,21.040000915527344,21.06999969482422,2338900
2024-04-30,19.97622299194336,20.920000076293945,21.3700008392334,20.709999084472656,21.260000228881836,7744800
2024-05-02,20.644643783569336,21.6200008392334,21.739999771118164,21.200000762939453,21.350000381469727,4020800
2024-05-03,21.1984806060791,22.200000762939453,22.450000762939453,21.809999465942383,22.1299991607666,5460400
2024-05-06,20.912012100219727,21.899999618530273,22.25,21.809999465942383,22.09000015258789,3910200
2024-05-07,20.78787612915039,21.770000457763672,21.989999771118164,21.610000610351562,21.799999237060547,2786300
2024-05-08,20.434566497802734,21.399999618530273,21.610000610351562,20.950000762939453,21.610000610351562,5819500
2024-05-09,20.052614212036133,21.0,21.229999542236328,20.760000228881836,20.899999618530273,2649500
2024-05-10,20.23404312133789,21.190000534057617,21.5,20.950000762939453,21.200000762939453,4448900
2024-05-13,20.1385555267334,21.09000015258789,21.450000762939453,21.09000015258789,21.190000534057617,1826000
2024-05-14,19.8807315826416,20.81999969482422,21.280000686645508,20.790000915527344,21.200000762939453,2470600
2024-05-15,20.176748275756836,21.1299991607666,21.299999237060547,20.700000762939453,20.84000015258789,6351800
2024-05-16,19.928476333618164,20.8700008392334,21.34000015258789,20.75,21.190000534057617,2613600
2024-05-17,19.8807315826416,20.81999969482422,20.979999542236328,20.43000030517578,20.90999984741211,6852600
2024-05-20,19.708852767944336,20.639999389648438,20.90999984741211,20.5,20.610000610351562,1636300
2024-05-21,19.804344177246094,20.739999771118164,20.799999237060547,20.559999465942383,20.639999389648438,2478900
2024-05-22,19.365095138549805,20.280000686645508,20.6299991607666,20.1299991607666,20.479999542236328,4405800
2024-05-23,19.374643325805664,20.290000915527344,20.43000030517578,20.139999389648438,20.209999084472656,3454600
2024-05-24,19.47968101501465,20.399999618530273,20.739999771118164,20.219999313354492,20.389999389648438,2614500
2024-05-27,19.53697395324707,20.459999084472656,20.559999465942383,20.270000457763672,20.489999771118164,871400
2024-05-28,19.384191513061523,20.299999237060547,21.010000228881836,20.299999237060547,20.670000076293945,3443800
2024-05-29,19.55607032775879,20.479999542236328,20.75,20.200000762939453,20.299999237060547,2563600
2024-05-31,19.33644676208496,20.25,20.469999313354492,20.209999084472656,20.389999389648438,3640200
2024-06-03,19.642011642456055,20.56999969482422,20.68000030517578,20.200000762939453,20.350000381469727,2379200
2024-06-04,19.642011642456055,20.56999969482422,20.729999542236328,20.31999969482422,20.559999465942383,1959500
2024-06-05,19.670658111572266,20.600000381469727,20.90999984741211,20.40999984741211,20.40999984741211,2626200
2024-06-06,19.899829864501953,20.84000015258789,21.020000457763672,20.5,20.5,6320400
2024-06-07,19.47013282775879,20.389999389648438,20.850000381469727,20.18000030517578,20.5,4972300
2024-06-10,19.078628540039062,19.979999542236328,20.190000534057617,19.799999237060547,20.190000534057617,3501100
2024-06-11,19.279157638549805,20.190000534057617,20.239999771118164,19.860000610351562,20.110000610351562,3088300
2024-06-12,18.887651443481445,19.780000686645508,20.530000686645508,19.760000228881836,20.459999084472656,5419400
2024-06-13,18.668027877807617,19.549999237060547,19.889999389648438,19.31999969482422,19.8799991607666,4707500
2024-06-14,18.677576065063477,19.559999465942383,19.719999313354492,19.299999237060547,19.5,4534100
2024-06-17,18.43885612487793,19.309999465942383,19.610000610351562,19.290000915527344,19.600000381469727,3579000
2024-06-18,18.486600875854492,19.360000610351562,19.639999389648438,19.25,19.309999465942383,6760300
2024-06-19,18.706222534179688,19.59000015258789,19.81999969482422,19.100000381469727,19.309999465942383,2541200
2024-06-20,18.620283126831055,19.5,20.040000915527344,19.399999618530273,19.6299991607666,4747900
2024-06-21,18.83035659790039,19.719999313354492,20.040000915527344,19.43000030517578,19.5,16677600
2024-06-24,19.422388076782227,20.34000015258789,20.360000610351562,19.729999542236328,19.729999542236328,2217400
2024-06-25,19.345996856689453,20.260000228881836,20.440000534057617,20.09000015258789,20.299999237060547,2323700
2024-06-26,19.613365173339844,20.540000915527344,20.600000381469727,19.860000610351562,20.049999237060547,2960700
2024-06-27,20.04306411743164,20.989999771118164,20.989999771118164,20.420000076293945,20.540000915527344,3406100
2024-06-28,19.651559829711914,20.579999923706055,20.950000762939453,20.479999542236328,20.899999618530273,2838100
2024-07-01,19.861637115478516,20.799999237060547,20.93000030517578,20.329999923706055,20.459999084472656,4016900
2024-07-02,19.804344177246094,20.739999771118164,20.979999542236328,20.690000534057617,20.719999313354492,3589800
2024-07-03,19.98577117919922,20.93000030517578,21.200000762939453,20.68000030517578,20.809999465942383,2613000
2024-07-04,20.635095596313477,21.610000610351562,21.790000915527344,20.989999771118164,20.989999771118164,4989100
2024-07-05,20.883365631103516,21.8700008392334,22.049999237060547,21.459999084472656,21.709999084472656,3437600
2024-07-08,20.72103500366211,21.700000762939453,22.040000915527344,21.6200008392334,21.899999618530273,1668900
2024-07-09,20.978849411010742,21.969999313354492,22.239999771118164,21.600000381469727,21.6200008392334,3047200
2024-07-10,20.76877784729004,21.75,22.200000762939453,21.75,22.09000015258789,1419200
2024-07-11,20.912012100219727,21.899999618530273,22.149999618530273,21.760000228881836,21.93000030517578,1848600
2024-07-12,20.978849411010742,21.969999313354492,21.969999313354492,21.649999618530273,21.899999618530273,1229500
2024-07-15,20.959754943847656,21.950000762939453,22.079999923706055,21.81999969482422,22.079999923706055,1121700
2024-07-16,20.883365631103516,21.8700008392334,22.15999984741211,21.809999465942383,21.950000762939453,1345100
2024-07-17,20.701934814453125,21.68000030517578,22.0,21.6299991607666,21.969999313354492,2548700
2024-07-18,20.434566497802734,21.399999618530273,21.600000381469727,21.149999618530273,21.600000381469727,2656500
2024-07-19,20.472761154174805,21.440000534057617,21.600000381469727,21.1299991607666,21.5,2220200
2024-07-22,20.988399505615234,21.979999542236328,22.229999542236328,21.389999389648438,21.450000762939453,3562600
2024-07-23,20.463214874267578,21.43000030517578,21.950000762939453,21.389999389648438,21.799999237060547,1868500
2024-07-24,20.157649993896484,21.110000610351562,21.5,20.979999542236328,21.43000030517578,1803900
2024-07-25,19.871185302734375,20.809999465942383,21.100000381469727,20.799999237060547,21.0,1861700
2024-07-26,20.07171058654785,21.020000457763672,21.219999313354492,20.780000686645508,20.81999969482422,1620900
2024-07-29,20.052614212036133,21.0,21.079999923706055,20.850000381469727,21.030000686645508,3525800
2024-07-30,19.957124710083008,20.899999618530273,21.079999923706055,20.829999923706055,21.0,1951500
2024-07-31,20.129005432128906,21.079999923706055,21.190000534057617,20.809999465942383,20.93000030517578,3272100
2024-08-01,20.205394744873047,21.15999984741211,21.520000457763672,20.969999313354492,20.969999313354492,2598800
2024-08-02,20.472761154174805,21.440000534057617,21.610000610351562,21.100000381469727,21.15999984741211,2463700
2024-08-05,20.157649993896484,21.110000610351562,21.399999618530273,20.770000457763672,21.06999969482422,2159500
2024-08-06,20.425016403198242,21.389999389648438,21.549999237060547,21.170000076293945,21.309999465942383,2362500
2024-08-07,20.883365631103516,21.8700008392334,21.989999771118164,21.469999313354492,21.549999237060547,2785300
2024-08-08,21.217575073242188,22.219999313354492,22.219999313354492,21.68000030517578,21.68000030517578,1481400
2024-08-09,21.847797393798828,22.8799991607666,22.8799991607666,22.209999084472656,22.219999313354492,3310900
2024-08-12,21.809602737426758,22.84000015258789,22.989999771118164,22.709999084472656,22.989999771118164,2425000
2024-08-13,22.28704833984375,23.34000015258789,23.389999389648438,22.809999465942383,22.829999923706055,2246600
2024-08-14,22.468477249145508,23.530000686645508,23.850000381469727,23.1200008392334,23.1200008392334,3344000
2024-08-15,22.153364181518555,23.200000762939453,23.610000610351562,23.040000915527344,23.530000686645508,3639900
2024-08-16,22.182008743286133,23.229999542236328,23.639999389648438,23.1299991607666,23.579999923706055,2313900
2024-08-19,22.34433937072754,23.399999618530273,23.450000762939453,23.1299991607666,23.40999984741211,2978700
2024-08-20,22.458927154541016,23.520000457763672,23.59000015258789,23.290000915527344,23.59000015258789,2060900
2024-08-21,22.057876586914062,23.100000381469727,23.639999389648438,22.989999771118164,23.530000686645508,4180100
2024-08-22,21.771408081054688,22.799999237060547,23.149999618530273,22.649999618530273,23.149999618530273,2354300
2024-08-23,22.296598434448242,23.350000381469727,23.530000686645508,22.739999771118164,22.93000030517578,2313200
2024-08-26,22.296598434448242,23.350000381469727,23.450000762939453,23.059999465942383,23.450000762939453,1522600
2024-08-27,22.08652114868164,23.1299991607666,23.43000030517578,22.90999984741211,23.399999618530273,3232600
2024-08-28,21.81915283203125,22.850000381469727,23.059999465942383,22.670000076293945,23.0,3690100
2024-08-29,21.303512573242188,22.309999465942383,22.989999771118164,22.200000762939453,22.989999771118164,2937600
2024-08-30,21.09343910217285,22.09000015258789,22.3700008392334,21.84000015258789,22.309999465942383,3226100
2024-09-02,20.864267349243164,21.850000381469727,22.229999542236328,21.739999771118164,22.229999542236328,1728200
2024-09-03,21.141183853149414,22.139999389648438,22.200000762939453,21.75,21.850000381469727,6000800
2024-09-04,21.56133460998535,22.579999923706055,22.799999237060547,22.15999984741211,22.200000762939453,3041200
2024-09-05,21.34170913696289,22.350000381469727,22.709999084472656,22.170000076293945,22.600000381469727,2960900
2024-09-06,21.03614616394043,22.030000686645508,22.459999084472656,21.979999542236328,22.200000762939453,2021700
2024-09-09,20.81652069091797,21.799999237060547,22.100000381469727,21.729999542236328,22.030000686645508,1764600
2024-09-10,20.921560287475586,21.90999984741211,22.0,21.559999465942383,21.610000610351562,2551200
2024-09-11,20.959754943847656,21.950000762939453,22.190000534057617,21.780000686645508,21.780000686645508,1609400
2024-09-12,20.912012100219727,21.899999618530273,22.030000686645508,21.65999984741211,21.780000686645508,1702800
2024-09-13,21.32261085510254,22.329999923706055,22.59000015258789,21.969999313354492,22.030000686645508,2017700
2024-09-16,21.599531173706055,22.6200008392334,22.68000030517578,22.209999084472656,22.549999237060547,3738500
2024-09-17,21.265317916870117,22.270000457763672,22.56999969482422,22.059999465942383,22.450000762939453,7022900
2024-09-18,21.647274017333984,22.670000076293945,22.8799991607666,22.079999923706055,22.1200008392334,2876300
2024-09-19,20.959754943847656,21.950000762939453,22.809999465942383,21.950000762939453,22.729999542236328,3329400
2024-09-20,20.28178596496582,21.239999771118164,22.1299991607666,21.18000030517578,21.969999313354492,4815400
2024-09-23,20.176748275756836,21.1299991607666,21.350000381469727,21.0,21.229999542236328,1769900
2024-09-24,20.348628997802734,21.309999465942383,21.6200008392334,21.110000610351562,21.350000381469727,4064800
2024-09-25,20.119455337524414,21.06999969482422,21.520000457763672,21.030000686645508,21.34000015258789,3143400
2024-09-26,20.253137588500977,21.209999084472656,21.459999084472656,21.1200008392334,21.25,1863400
2024-09-27,20.176748275756836,21.1299991607666,21.559999465942383,21.100000381469727,21.100000381469727,1862600
2024-09-30,20.129005432128906,21.079999923706055,21.399999618530273,20.90999984741211,21.399999618530273,2043400
2024-10-01,20.100357055664062,21.049999237060547,21.3700008392334,20.8799991607666,21.09000015258789,3597900
2024-10-02,20.129005432128906,21.079999923706055,21.389999389648438,21.079999923706055,21.200000762939453,3041700
2024-10-03,20.2244930267334,21.18000030517578,21.229999542236328,20.649999618530273,20.940000534057617,2598800
2024-10-04,20.625545501708984,21.600000381469727,21.600000381469727,21.020000457763672,21.079999923706055,3254400
2024-10-07,20.759227752685547,21.739999771118164,21.739999771118164,21.489999771118164,21.65999984741211,3203400
2024-10-08,20.615995407104492,21.59000015258789,21.670000076293945,21.399999618530273,21.489999771118164,7042600
2024-10-09,20.148103713989258,21.100000381469727,21.489999771118164,20.959999084472656,21.3700008392334,2906800
2024-10-10,20.472761154174805,21.440000534057617,21.600000381469727,20.969999313354492,20.969999313354492,2489800
2024-10-11,20.243589401245117,21.200000762939453,21.479999542236328,21.0,21.440000534057617,2664100
2024-10-14,20.358177185058594,21.31999969482422,21.440000534057617,21.030000686645508,21.290000915527344,1381000
2024-10-15,20.386823654174805,21.350000381469727,21.559999465942383,21.1299991607666,21.290000915527344,1586500
2024-10-16,20.415470123291016,21.3799991607666,21.670000076293945,21.18000030517578,21.489999771118164,3398000
2024-10-17,20.26268768310547,21.219999313354492,21.229999542236328,20.8700008392334,21.18000030517578,2401400
2024-10-18,20.300884246826172,21.260000228881836,21.3700008392334,21.049999237060547,21.3700008392334,2232700
2024-10-21,20.5205078125,21.489999771118164,21.6299991607666,21.25,21.299999237060547,1938100
2024-10-22,20.119455337524414,21.06999969482422,21.440000534057617,21.040000915527344,21.34000015258789,1800600
2024-10-23,20.186296463012695,21.139999389648438,21.139999389648438,20.809999465942383,21.010000228881836,2174000
2024-10-24,20.26268768310547,21.219999313354492,21.34000015258789,20.850000381469727,20.989999771118164,1913700
2024-10-25,20.109905242919922,21.059999465942383,21.3799991607666,20.940000534057617,21.100000381469727,5614200
2024-10-28,20.339078903198242,21.299999237060547,21.479999542236328,21.09000015258789,21.09000015258789,1496600
2024-10-29,20.100357055664062,21.049999237060547,21.40999984741211,20.979999542236328,21.100000381469727,1492500
2024-10-30,20.243589401245117,21.200000762939453,21.350000381469727,21.0,21.0,1772600
2024-10-31,20.186296463012695,21.139999389648438,21.3700008392334,21.040000915527344,21.170000076293945,1499600
2024-11-01,19.47968101501465,20.399999618530273,21.200000762939453,20.399999618530273,21.200000762939453,2637300
2024-11-04,20.109905242919922,21.059999465942383,21.389999389648438,20.510000228881836,20.510000228881836,2517800
2024-11-05,20.100357055664062,21.049999237060547,21.170000076293945,20.8799991607666,21.149999618530273,1958800
2024-11-06,19.775697708129883,20.709999084472656,20.8799991607666,20.329999923706055,20.770000457763672,5106500
2024-11-07,19.584718704223633,20.510000228881836,21.280000686645508,20.15999984741211,20.579999923706055,3762100
2024-11-08,19.193214416503906,20.100000381469727,20.5,20.100000381469727,20.360000610351562,2538200
2024-11-11,19.288705825805664,20.200000762939453,20.290000915527344,19.969999313354492,20.110000610351562,1729300
2024-11-12,19.174118041992188,20.079999923706055,20.329999923706055,20.020000457763672,20.149999618530273,1440900
2024-11-13,19.2027645111084,20.110000610351562,20.280000686645508,19.860000610351562,20.100000381469727,2817000
2024-11-14,19.24095916748047,20.149999618530273,20.489999771118164,20.059999465942383,20.139999389648438,1175800
2024-11-18,18.83035659790039,19.719999313354492,20.170000076293945,19.719999313354492,20.110000610351562,3389900
2024-11-19,19.269609451293945,20.18000030517578,20.209999084472656,19.65999984741211,19.719999313354492,1513700
2024-11-21,18.868553161621094,19.760000228881836,19.979999542236328,19.68000030517578,19.979999542236328,1755900
2024-11-22,19.403289794921875,20.31999969482422,20.329999923706055,19.65999984741211,19.959999084472656,2386800
2024-11-25,19.632463455200195,20.559999465942383,20.790000915527344,20.270000457763672,20.31999969482422,2094000
2024-11-26,20.1385555267334,21.09000015258789,21.239999771118164,20.549999237060547,20.75,2891300
2024-11-27,19.279157638549805,20.190000534057617,21.260000228881836,20.190000534057617,21.209999084472656,4062400
2024-11-28,18.44840431213379,19.31999969482422,20.110000610351562,19.299999237060547,20.0,5428400
2024-11-29,18.28607177734375,19.149999618530273,19.200000762939453,18.510000228881836,19.139999389648438,7460700
2024-12-02,17.89457130432129,18.739999771118164,19.190000534057617,18.6299991607666,19.15999984741211,2771800
2024-12-03,17.837276458740234,18.68000030517578,19.040000915527344,18.600000381469727,18.739999771118164,3420800
2024-12-04,17.550809860229492,18.3799991607666,18.729999542236328,18.299999237060547,18.59000015258789,4147300
2024-12-05,18.17148780822754,19.030000686645508,19.219999313354492,18.549999237060547,18.549999237060547,4134100
2024-12-06,17.99005889892578,18.84000015258789,19.1299991607666,18.760000228881836,19.0,2497600
2024-12-09,17.96141242980957,18.809999465942383,19.020000457763672,18.75,18.860000610351562,2017800
2024-12-10,18.20013427734375,19.059999465942383,19.209999084472656,18.899999618530273,19.0,1916900
2024-12-11,18.52479362487793,19.399999618530273,19.799999237060547,18.850000381469727,19.139999389648438,2867400
2024-12-12,17.94231605529785,18.790000915527344,19.280000686645508,18.790000915527344,19.190000534057617,3623600
2024-12-13,17.560359954833984,18.389999389648438,18.989999771118164,18.360000610351562,18.989999771118164,3558600
2024-12-16,17.35028648376465,18.170000076293945,18.5,18.079999923706055,18.299999237060547,1990700
2024-12-17,17.44577407836914,18.270000457763672,18.459999084472656,18.010000228881836,18.270000457763672,3298300
2024-12-18,16.88239097595215,17.68000030517578,18.229999542236328,17.670000076293945,18.149999618530273,4617500
2024-12-19,16.844196319580078,17.639999389648438,17.860000610351562,17.0,17.59000015258789,6406600
2024-12-20,17.44577407836914,18.270000457763672,18.3700008392334,17.610000610351562,17.639999389648438,3973900
2024-12-23,16.70096206665039,17.489999771118164,18.1200008392334,17.489999771118164,18.100000381469727,3760900
2024-12-26,16.634119033813477,17.420000076293945,17.56999969482422,17.219999313354492,17.489999771118164,2529800
2024-12-27,16.65321922302246,17.440000534057617,17.639999389648438,17.3799991607666,17.520000457763672,2123100
2024-12-30,16.490886688232422,17.270000457763672,17.540000915527344,17.200000762939453,17.3700008392334,1972000
2025-01-02,16.45269203186035,17.229999542236328,17.3799991607666,17.030000686645508,17.260000228881836,1786800
2025-01-03,16.299911499023438,17.06999969482422,17.360000610351562,17.06999969482422,17.239999771118164,1980200
2025-01-06,16.576828002929688,17.360000610351562,17.450000762939453,17.209999084472656,17.309999465942383,1378900
2025-01-07,16.567279815673828,17.350000381469727,17.639999389648438,17.100000381469727,17.59000015258789,2810400
2025-01-08,16.261714935302734,17.030000686645508,17.31999969482422,17.010000228881836,17.31999969482422,2528800
2025-01-09,16.271265029907227,17.040000915527344,17.200000762939453,16.940000534057617,17.030000686645508,1826000
2025-01-10,16.042089462280273,16.799999237060547,17.190000534057617,16.770000457763672,17.040000915527344,2029100
2025-01-13,15.898855209350586,16.649999618530273,16.920000076293945,16.6299991607666,16.899999618530273,1871900
2025-01-14,16.471790313720703,17.25,17.270000457763672,16.610000610351562,16.610000610351562,2945300
2025-01-15,16.863292694091797,17.65999984741211,17.809999465942383,17.350000381469727,17.43000030517578,2215600
2025-01-16,16.385848999023438,17.15999984741211,17.709999084472656,17.15999984741211,17.709999084472656,2697500
2025-01-17,16.34765625,17.1200008392334,17.34000015258789,17.0,17.34000015258789,2433800
2025-01-20,16.41449546813965,17.190000534057617,17.399999618530273,16.90999984741211,17.1200008392334,2113000
2025-01-21,16.500436782836914,17.280000686645508,17.479999542236328,17.1200008392334,17.239999771118164,2016700
2025-01-22,16.834646224975586,17.6299991607666,17.700000762939453,17.25,17.469999313354492,3294900
2025-01-23,16.46224021911621,17.239999771118164,17.739999771118164,17.15999984741211,17.739999771118164,3012600
2025-01-24,16.261714935302734,17.030000686645508,17.290000915527344,16.969999313354492,17.290000915527344,1755200
2025-01-27,17.016075134277344,17.81999969482422,17.950000762939453,16.93000030517578,16.93000030517578,3261200
2025-01-28,17.016075134277344,17.81999969482422,17.93000030517578,17.68000030517578,17.850000381469727,1554500
2025-01-29,16.88239097595215,17.68000030517578,18.040000915527344,17.68000030517578,17.979999542236328,1978000
2025-01-30,17.636749267578125,18.469999313354492,18.6200008392334,17.719999313354492,17.799999237060547,3034900
2025-01-31,17.598554611206055,18.43000030517578,18.579999923706055,18.270000457763672,18.469999313354492,2911200
2025-02-03,17.79907989501953,18.639999389648438,18.969999313354492,18.290000915527344,18.31999969482422,2374100
2025-02-04,17.99005889892578,18.84000015258789,18.920000076293945,18.3799991607666,18.3799991607666,2594300
2025-02-05,17.980510711669922,18.829999923706055,18.969999313354492,18.559999465942383,18.84000015258789,1948800
2025-02-06,17.99005889892578,18.84000015258789,19.0,18.719999313354492,18.760000228881836,1829700
2025-02-07,18.123743057250977,18.979999542236328,19.209999084472656,18.559999465942383,18.56999969482422,3764900
2025-02-10,17.818178176879883,18.65999984741211,19.329999923706055,18.639999389648438,18.979999542236328,2280800
2025-02-11,18.02825355529785,18.8799991607666,19.079999923706055,18.43000030517578,18.81999969482422,6690000
2025-02-12,17.7513370513916,18.59000015258789,18.799999237060547,18.420000076293945,18.75,2494900
2025-02-13,18.104644775390625,18.959999084472656,18.969999313354492,18.40999984741211,18.549999237060547,1810500
2025-02-14,18.668027877807617,19.549999237060547,19.760000228881836,19.010000228881836,19.170000076293945,3635900
2025-02-17,19.002239227294922,19.899999618530273,20.139999389648438,19.469999313354492,19.719999313354492,3397700
2025-02-18,18.849454879760742,19.739999771118164,20.110000610351562,19.530000686645508,19.920000076293945,1692300
2025-02-19,18.26697540283203,19.1299991607666,20.049999237060547,19.1299991607666,19.84000015258789,4250900
2025-02-20,18.52479362487793,19.399999618530273,19.459999084472656,19.059999465942383,19.219999313354492,2769200
2025-02-21,18.553442001342773,19.43000030517578,19.670000076293945,19.290000915527344,19.40999984741211,5166300
2025-02-24,17.627288818359375,18.299999237060547,19.299999237060547,18.299999237060547,19.299999237060547,4658900
2025-02-25,17.627288818359375,18.299999237060547,18.690000534057617,18.219999313354492,18.40999984741211,8852400
2025-02-26,17.25162696838379,17.90999984741211,18.579999923706055,17.850000381469727,18.510000228881836,4871800
2025-02-27,17.569496154785156,18.239999771118164,18.469999313354492,17.950000762939453,18.010000228881836,4938400
2025-02-28,17.01081657409668,17.65999984741211,18.25,17.510000228881836,18.25,4605800
2025-03-05,16.808536529541016,17.450000762939453,17.780000686645508,17.309999465942383,17.31999969482422,2457600
2025-03-06,16.90485954284668,17.549999237060547,17.81999969482422,17.389999389648438,17.420000076293945,1851400
2025-03-07,17.35758399963379,18.020000457763672,18.25,17.280000686645508,17.31999969482422,2362800
2025-03-10,17.261259078979492,17.920000076293945,18.15999984741211,17.809999465942383,17.809999465942383,1864400
2025-03-11,16.798904418945312,17.440000534057617,17.700000762939453,17.219999313354492,17.450000762939453,5041300
2025-03-12,17.078243255615234,17.729999542236328,17.809999465942383,17.420000076293945,17.420000076293945,2801900
2025-03-13,17.3961124420166,18.059999465942383,18.25,17.610000610351562,17.889999389648438,2472300
2025-03-14,18.080013275146484,18.770000457763672,18.780000686645508,18.110000610351562,18.270000457763672,3442100
2025-03-17,18.359352111816406,19.059999465942383,19.280000686645508,18.639999389648438,18.920000076293945,3145400
2025-03-18,18.205232620239258,18.899999618530273,19.290000915527344,18.899999618530273,18.90999984741211,1728700
2025-03-19,18.446043014526367,19.149999618530273,19.440000534057617,18.8700008392334,18.989999771118164,3188800
2025-03-20,18.272661209106445,18.969999313354492,19.200000762939453,18.969999313354492,19.139999389648438,1042000
2025-03-21,18.26302719116211,18.959999084472656,19.149999618530273,18.739999771118164,18.790000915527344,1532500
2025-03-24,18.051116943359375,18.739999771118164,19.1200008392334,18.739999771118164,18.989999771118164,1116500
2025-03-25,18.28229331970215,18.979999542236328,19.270000457763672,18.700000762939453,18.700000762939453,1878300
2025-03-26,18.214866638183594,18.90999984741211,19.350000381469727,18.84000015258789,19.059999465942383,1579900
2025-03-27,18.17633628845215,18.8700008392334,19.049999237060547,18.709999084472656,18.729999542236328,2517200
2025-03-28,17.983688354492188,18.670000076293945,18.8700008392334,18.360000610351562,18.8700008392334,3393400
2025-03-31,17.81993865966797,18.5,18.829999923706055,18.40999984741211,18.40999984741211,1605900
2025-04-01,18.108911514282227,18.799999237060547,18.959999084472656,18.459999084472656,18.59000015258789,1317200
2025-04-02,17.88736343383789,18.56999969482422,19.020000457763672,18.56999969482422,18.780000686645508,2812200
2025-04-03,18.802444458007812,19.520000457763672,19.610000610351562,18.389999389648438,18.389999389648438,3625800
2025-04-04,17.84883689880371,18.530000686645508,19.139999389648438,18.5,19.139999389648438,2429400
2025-04-07,17.81993865966797,18.5,18.8700008392334,18.040000915527344,18.25,3281100
2025-04-08,17.694719314575195,18.3700008392334,18.84000015258789,18.260000228881836,18.579999923706055,2108800
2025-04-09,18.166704177856445,18.860000610351562,19.200000762939453,18.079999923706055,18.1299991607666,3248600
2025-04-10,17.935527801513672,18.6200008392334,18.8700008392334,18.329999923706055,18.6299991607666,1789400
2025-04-11,18.301557540893555,19.0,19.059999465942383,18.530000686645508,18.780000686645508,2297200
2025-04-14,18.686853408813477,19.399999618530273,19.809999465942383,19.149999618530273,19.149999618530273,3972200
2025-04-15,18.792810440063477,19.510000228881836,19.600000381469727,19.100000381469727,19.360000610351562,2111700
2025-04-16,18.75428009033203,19.469999313354492,19.700000762939453,19.200000762939453,19.329999923706055,2223300
2025-04-17,19.091413497924805,19.81999969482422,19.989999771118164,19.280000686645508,19.3700008392334,2766100
2025-04-22,19.24627685546875,19.469999313354492,19.809999465942383,19.31999969482422,19.3700008392334,2795700
2025-04-23,19.552715301513672,19.780000686645508,20.06999969482422,19.690000534057617,19.729999542236328,2069900
2025-04-24,20.076623916625977,20.309999465942383,20.440000534057617,19.850000381469727,20.020000457763672,2401200
2025-04-25,20.007429122924805,20.239999771118164,20.559999465942383,20.1299991607666,20.299999237060547,1885400
2025-04-28,19.958005905151367,20.190000534057617,20.5,20.15999984741211,20.360000610351562,1822600
2025-04-29,20.086509704589844,20.31999969482422,20.65999984741211,19.81999969482422,19.989999771118164,2333900
2025-04-30,20.30398178100586,20.540000915527344,20.59000015258789,20.0,20.18000030517578,4809000
2025-05-02,20.669729232788086,20.90999984741211,21.110000610351562,20.600000381469727,20.809999465942383,5226400
2025-05-05,20.35340690612793,20.59000015258789,21.1299991607666,20.540000915527344,20.989999771118164,1856800
2025-05-06,20.215017318725586,20.450000762939453,20.84000015258789,20.399999618530273,20.84000015258789,1382300
2025-05-07,20.076623916625977,20.309999465942383,20.75,20.219999313354492,20.43000030517578,2209000
2025-05-08,21.015708923339844,21.260000228881836,21.579999923706055,20.68000030517578,20.75,5841000
2025-05-09,20.521455764770508,20.760000228881836,21.360000610351562,20.600000381469727,21.15999984741211,9721600
2025-05-12,20.215017318725586,20.450000762939453,20.979999542236328,20.31999969482422,20.979999542236328,1891800
2025-05-13,21.25295066833496,21.5,21.530000686645508,20.34000015258789,20.559999465942383,5215700
2025-05-14,21.08490562438965,21.329999923706055,21.729999542236328,21.15999984741211,21.6200008392334,2521900
2025-05-15,21.51984977722168,21.770000457763672,21.860000610351562,21.31999969482422,21.5,2571800
2025-05-16,21.64835548400879,21.899999618530273,21.940000534057617,21.309999465942383,21.809999465942383,2433900
2025-05-19,21.806514739990234,22.059999465942383,22.25,21.760000228881836,21.8799991607666,1618700
2025-05-20,22.192035675048828,22.450000762939453,22.450000762939453,21.68000030517578,22.049999237060547,1723300
2025-05-21,21.490192413330078,21.739999771118164,22.450000762939453,21.65999984741211,22.450000762939453,2263100
2025-05-22,21.450653076171875,21.700000762939453,22.0,21.6299991607666,21.700000762939453,3675300
2025-05-23,21.37157440185547,21.6200008392334,21.690000534057617,21.100000381469727,21.260000228881836,2080200
2025-05-26,21.420997619628906,21.670000076293945,21.940000534057617,21.59000015258789,21.6200008392334,1461400
2025-05-27,21.974563598632812,22.229999542236328,22.489999771118164,21.850000381469727,21.979999542236328,2300600
2025-05-28,22.014102935791016,22.270000457763672,22.440000534057617,22.030000686645508,22.15999984741211,1458900
2025-05-29,22.458932876586914,22.719999313354492,22.729999542236328,22.049999237060547,22.049999237060547,2165600
2025-05-30,22.38973617553711,22.649999618530273,22.790000915527344,22.290000915527344,22.719999313354492,4117500
2025-06-02,22.2810001373291,22.540000915527344,23.030000686645508,22.200000762939453,22.709999084472656,1730500
2025-06-03,22.488588333129883,22.75,22.809999465942383,22.34000015258789,22.34000015258789,1697000
2025-06-04,22.49847412109375,22.760000228881836,22.93000030517578,22.459999084472656,22.719999313354492,2586300
2025-06-05,22.320541381835938,22.579999923706055,22.989999771118164,22.450000762939453,22.6200008392334,2601800
2025-06-06,22.00421714782715,22.260000228881836,22.719999313354492,22.030000686645508,22.649999618530273,3111000
2025-06-09,21.87571144104004,22.1299991607666,22.34000015258789,21.75,22.06999969482422,2632600
2025-06-10,21.895483016967773,22.149999618530273,22.489999771118164,22.030000686645508,22.3700008392334,3265000
2025-06-11,21.846057891845703,22.100000381469727,22.3700008392334,21.739999771118164,22.149999618530273,2774900
2025-06-12,21.964677810668945,22.219999313354492,22.290000915527344,21.969999313354492,21.979999542236328,3136800
2025-06-13,21.628583908081055,21.8799991607666,22.1299991607666,21.690000534057617,22.1299991607666,2682200
2025-06-16,21.944910049438477,22.200000762939453,22.31999969482422,22.0,22.149999618530273,2783900
2025-06-17,21.964677810668945,22.219999313354492,22.3700008392334,22.059999465942383,22.329999923706055,4361700
2025-06-18,21.925138473510742,22.18000030517578,22.520000457763672,21.90999984741211,22.34000015258789,3653000
2025-06-20,21.658241271972656,21.90999984741211,22.059999465942383,21.68000030517578,21.90999984741211,6492600
2025-06-23,21.687896728515625,21.940000534057617,22.059999465942383,21.690000534057617,21.84000015258789,2832300
2025-06-24,22.478702545166016,22.739999771118164,22.93000030517578,21.899999618530273,21.899999618530273,2748300
2025-06-25,22.449047088623047,22.709999084472656,22.760000228881836,22.399999618530273,22.559999465942383,2200000
2025-06-26,22.913646697998047,23.18000030517578,23.6299991607666,22.600000381469727,22.899999618530273,4791900
2025-06-27,22.745601654052734,23.010000228881836,23.329999923706055,22.850000381469727,22.850000381469727,1803700
2025-06-30,22.923532485961914,23.190000534057617,23.270000457763672,22.65999984741211,22.850000381469727,3380100
2025-07-01,22.95318603515625,23.219999313354492,23.5,23.010000228881836,23.18000030517578,2453200
2025-07-02,22.271116256713867,22.530000686645508,23.350000381469727,22.309999465942383,23.350000381469727,3903000
2025-07-03,22.636863708496094,22.899999618530273,23.09000015258789,22.5,22.530000686645508,1850300
2025-07-04,22.61709213256836,22.8799991607666,23.06999969482422,22.399999618530273,22.700000762939453,2245000
2025-07-07,22.51824378967285,22.780000686645508,23.09000015258789,22.559999465942383,23.040000915527344,1233200
2025-07-08,22.75548553466797,23.020000457763672,23.3700008392334,22.530000686645508,22.790000915527344,2859200
2025-07-09,22.350196838378906,22.610000610351562,22.989999771118164,22.549999237060547,22.979999542236328,2134000
2025-07-10,22.192035675048828,22.450000762939453,22.6299991607666,22.06999969482422,22.5,2563600
2025-07-11,21.786746978759766,22.040000915527344,22.549999237060547,21.989999771118164,22.489999771118164,1498300
2025-07-14,21.59893035888672,21.850000381469727,22.1299991607666,21.75,21.940000534057617,1356300
2025-07-15,21.74720573425293,22.0,22.1299991607666,21.709999084472656,21.84000015258789,1407400
2025-07-16,21.885597229003906,22.139999389648438,22.209999084472656,21.739999771118164,21.959999084472656,2134700
2025-07-17,21.74720573425293,22.0,22.25,21.940000534057617,22.25,1936900
2025-07-18,21.094791412353516,21.34000015258789,21.8799991607666,21.18000030517578,21.719999313354492,2293000
2025-07-21,20.995939254760742,21.239999771118164,21.530000686645508,21.100000381469727,21.34000015258789,2809000
2025-07-22,20.748811721801758,20.989999771118164,21.299999237060547,20.860000610351562,21.290000915527344,4964900
2025-07-23,21.094791412353516,21.34000015258789,21.34000015258789,20.760000228881836,20.799999237060547,3000500
2025-07-24,20.679615020751953,20.920000076293945,21.5,20.920000076293945,21.5,1740700
2025-07-25,20.640073776245117,20.8799991607666,21.15999984741211,20.760000228881836,20.979999542236328,1597600
2025-07-28,20.38306427001953,20.6200008392334,21.1299991607666,20.459999084472656,21.1299991607666,3868500
2025-07-29,20.491798400878906,20.729999542236328,20.81999969482422,20.489999771118164,20.579999923706055,1320900
2025-07-30,20.81800651550293,21.059999465942383,21.43000030517578,20.520000457763672,20.520000457763672,2051600
2025-07-31,20.491798400878906,20.729999542236328,20.950000762939453,20.600000381469727,20.690000534057617,1793800
2025-08-01,20.81800651550293,21.059999465942383,21.350000381469727,20.790000915527344,20.979999542236328,2266000
2025-08-04,20.46214485168457,20.700000762939453,21.3799991607666,20.579999923706055,21.18000030517578,2573900
2025-08-05,20.81800651550293,21.059999465942383,21.139999389648438,20.510000228881836,20.559999465942383,2530100
2025-08-06,21.20352554321289,21.450000762939453,21.75,21.020000457763672,21.209999084472656,2824500
2025-08-07,21.43088150024414,21.68000030517578,21.940000534057617,21.3700008392334,21.450000762939453,2478800
2025-08-08,21.440767288208008,21.690000534057617,21.84000015258789,21.489999771118164,21.549999237060547,1560600
2025-08-11,21.154098510742188,21.399999618530273,21.719999313354492,21.350000381469727,21.489999771118164,4383100
2025-08-12,21.76697540283203,22.020000457763672,22.229999542236328,21.399999618530273,21.459999084472656,2060200
2025-08-13,21.529733657836914,21.780000686645508,22.290000915527344,21.780000686645508,21.790000915527344,2727300
2025-08-14,21.69778060913086,21.950000762939453,22.190000534057617,21.479999542236328,21.579999923706055,1401400
2025-08-15,21.757091522216797,22.010000228881836,22.200000762939453,21.799999237060547,21.940000534057617,1129800
2025-08-18,21.994333267211914,22.25,22.329999923706055,22.059999465942383,22.149999618530273,1625800
2025-08-19,21.490192413330078,21.739999771118164,22.219999313354492,21.6299991607666,22.219999313354492,1641400
2025-08-20,21.7768611907959,22.030000686645508,22.139999389648438,21.600000381469727,21.6200008392334,1537900
2025-08-21,21.905366897583008,22.15999984741211,22.389999389648438,21.68000030517578,22.0,3428000
2025-08-22,22.2414608001709,22.5,22.850000381469727,22.219999313354492,22.229999542236328,3461700
2025-08-25,21.974563598632812,22.229999542236328,22.690000534057617,22.15999984741211,22.6299991607666,2577700
2025-08-26,21.707664489746094,21.959999084472656,22.280000686645508,21.809999465942383,22.110000610351562,1766000
2025-08-27,22.103069305419922,22.360000610351562,22.489999771118164,21.860000610351562,21.899999618530273,3831300
2025-08-28,22.963071823120117,23.229999542236328,23.670000076293945,22.440000534057617,22.5,5326300
2025-08-29,23.22008514404297,23.489999771118164,23.700000762939453,23.209999084472656,23.329999923706055,3429400
2025-09-01,23.16077423095703,23.43000030517578,23.639999389648438,23.190000534057617,23.600000381469727,2746200
2025-09-02,22.963071823120117,23.229999542236328,23.459999084472656,23.079999923706055,23.309999465942383,3214100
2025-09-03,22.80491065979004,23.06999969482422,23.360000610351562,22.969999313354492,23.200000762939453,1270700
2025-09-04,23.141002655029297,23.40999984741211,23.40999984741211,23.040000915527344,23.100000381469727,1692100
2025-09-05,23.546293258666992,23.81999969482422,24.0,23.59000015258789,23.690000534057617,2993600
2025-09-08,23.121232986450195,23.389999389648438,23.920000076293945,23.389999389648438,23.8700008392334,1586400
2025-09-09,22.963071823120117,23.229999542236328,23.540000915527344,23.229999542236328,23.34000015258789,2096900
2025-09-10,23.200313568115234,23.469999313354492,23.6299991607666,23.229999542236328,23.290000915527344,1576800
2025-09-11,23.645145416259766,23.920000076293945,24.100000381469727,23.56999969482422,23.68000030517578,1944100
2025-09-12,23.477096557617188,23.75,24.0,23.6299991607666,23.649999618530273,1656200
2025-09-15,23.595720291137695,23.8700008392334,24.229999542236328,23.649999618530273,23.649999618530273,1806800
2025-09-16,23.773649215698242,24.049999237060547,24.3799991607666,23.889999389648438,23.889999389648438,2254800
2025-09-17,23.931812286376953,24.209999084472656,24.440000534057617,23.940000534057617,23.979999542236328,2919500
2025-09-18,24.020776748657227,24.299999237060547,24.3700008392334,24.059999465942383,24.100000381469727,1727400
2025-09-19,23.892271041870117,24.170000076293945,24.5,24.170000076293945,24.420000076293945,2539300
2025-09-22,23.80330467224121,24.079999923706055,24.1200008392334,23.75,24.049999237060547,2004000
2025-09-23,24.287673950195312,24.56999969482422,24.719999313354492,23.920000076293945,23.920000076293945,2173000
2025-09-24,23.991121292114258,24.270000457763672,24.690000534057617,24.059999465942383,24.540000915527344,4552000
2025-09-25,23.85272979736328,24.1299991607666,24.329999923706055,23.979999542236328,24.149999618530273,2104900
2025-09-26,23.96146583557129,24.239999771118164,24.3700008392334,24.149999618530273,24.149999618530273,992400
2025-09-29,24.169055938720703,24.450000762939453,24.860000610351562,24.280000686645508,24.790000915527344,1560800
2025-09-30,24.19870948791504,24.479999542236328,24.65999984741211,24.329999923706055,24.6200008392334,1854100
2025-10-01,24.001007080078125,24.280000686645508,24.59000015258789,24.190000534057617,24.479999542236328,1313000
2025-10-02,23.615488052368164,23.889999389648438,24.3700008392334,23.760000228881836,24.25,1756900
2025-10-03,23.704452514648438,23.979999542236328,24.020000457763672,23.459999084472656,23.969999313354492,3073900
2025-10-06,23.180543899536133,23.450000762939453,24.030000686645508,23.309999465942383,24.020000457763672,2062000
2025-10-07,22.992727279663086,23.260000228881836,23.309999465942383,22.8799991607666,23.200000762939453,2335600
2025-10-08,23.081695556640625,23.350000381469727,23.399999618530273,23.1200008392334,23.200000762939453,1614000
2025-10-09,22.98284339904785,23.25,23.610000610351562,23.049999237060547,23.540000915527344,1578000
2025-10-10,22.775257110595703,23.040000915527344,23.43000030517578,22.68000030517578,23.170000076293945,1637200
2025-10-13,22.785140991210938,23.049999237060547,23.280000686645508,22.959999084472656,23.25,857600
2025-10-14,22.61709213256836,22.8799991607666,23.079999923706055,22.649999618530273,23.0,1432600
2025-10-15,22.893877029418945,23.15999984741211,23.399999618530273,22.489999771118164,22.540000915527344,3628400
2025-10-16,22.844451904296875,23.110000610351562,23.290000915527344,22.8799991607666,23.010000228881836,1177700
2025-10-17,22.972957611083984,23.239999771118164,23.239999771118164,22.829999923706055,23.010000228881836,2067100
2025-10-20,23.378244400024414,23.649999618530273,23.829999923706055,23.190000534057617,23.190000534057617,2026100
2025-10-21,23.46721076965332,23.739999771118164,23.93000030517578,23.530000686645508,23.530000686645508,1599800
2025-10-22,23.486982345581055,23.760000228881836,23.84000015258789,23.6299991607666,23.780000686645508,1163700
2025-10-23,23.773649215698242,24.049999237060547,24.209999084472656,23.760000228881836,24.040000915527344,1746600
2025-10-24,24.129512786865234,24.40999984741211,24.520000457763672,24.170000076293945,24.229999542236328,1709000
2025-10-27,24.26790428161621,24.549999237060547,24.889999389648438,24.440000534057617,24.56999969482422,2018000
2025-10-28,24.060317993164062,24.34000015258789,24.610000610351562,24.079999923706055,24.540000915527344,2107300
2025-10-29,24.208595275878906,24.489999771118164,24.610000610351562,24.299999237060547,24.459999084472656,2267200
2025-10-30,24.11962890625,24.399999618530273,24.610000610351562,24.190000534057617,24.479999542236328,1234700
2025-10-31,24.188823699951172,24.469999313354492,24.639999389648438,24.270000457763672,24.399999618530273,2843000
2025-11-03,24.31732940673828,24.600000381469727,24.760000228881836,24.43000030517578,24.700000762939453,2859600
2025-11-04,24.52491569519043,24.809999465942383,24.809999465942383,24.360000610351562,24.489999771118164,1617300
2025-11-05,25.048828125,25.34000015258789,25.579999923706055,24.709999084472656,24.809999465942383,4603800
2025-11-06,24.930206298828125,25.219999313354492,25.530000686645508,25.219999313354492,25.469999313354492,1992400
2025-11-07,25.058712005615234,25.350000381469727,25.350000381469727,25.0,25.209999084472656,1375400
2025-11-10,25.35526466369629,25.649999618530273,25.690000534057617,25.309999465942383,25.5,1678000
2025-11-11,25.780324935913086,26.079999923706055,26.239999771118164,25.799999237060547,25.8700008392334,2476900
2025-11-12,25.701242446899414,26.0,26.09000015258789,25.760000228881836,26.09000015258789,2541100
2025-11-13,25.889060974121094,26.190000534057617,26.420000076293945,25.860000610351562,26.18000030517578,2944700
2025-11-14,26.25480842590332,26.559999465942383,26.690000534057617,26.100000381469727,26.18000030517578,2570900
2025-11-17,25.800094604492188,26.100000381469727,26.6200008392334,25.959999084472656,26.530000686645508,2172800
2025-11-18,25.928598403930664,26.229999542236328,26.299999237060547,25.81999969482422,25.969999313354492,742500
2025-11-19,25.59250831604004,25.889999389648438,26.229999542236328,25.8799991607666,26.200000762939453,1191200
2025-11-21,25.14767837524414,25.440000534057617,25.959999084472656,25.309999465942383,25.899999618530273,1287600
2025-11-24,25.552967071533203,25.850000381469727,25.850000381469727,25.229999542236328,25.440000534057617,1732800
2025-11-25,25.809980392456055,26.110000610351562,26.25,25.610000610351562,26.010000228881836,1706400
2025-11-26,26.10653305053711,26.40999984741211,26.549999237060547,26.049999237060547,26.270000457763672,1605600
2025-11-27,25.987911224365234,26.290000915527344,26.440000534057617,26.200000762939453,26.360000610351562,553400
2025-11-28,26.096647262573242,26.399999618530273,26.760000228881836,26.229999542236328,26.229999542236328,1805200
2025-12-01,26.136188507080078,26.440000534057617,26.6200008392334,26.280000686645508,26.40999984741211,2030400
2025-12-02,26.84791374206543,27.15999984741211,27.15999984741211,26.43000030517578,26.469999313354492,2335300
2025-12-03,26.73917579650879,27.049999237060547,27.309999465942383,27.0,27.299999237060547,1487200
2025-12-04,27.18400764465332,27.5,27.6299991607666,27.09000015258789,27.350000381469727,2916000
2025-12-05,24.96974754333496,25.260000228881836,27.510000228881836,25.190000534057617,27.510000228881836,6101900
2025-12-08,25.108137130737305,25.399999618530273,25.739999771118164,25.100000381469727,25.649999618530273,3000800
2025-12-09,25.187217712402344,25.479999542236328,25.75,24.579999923706055,24.969999313354492,2937300
2025-12-10,25.434345245361328,25.729999542236328,26.079999923706055,25.3799991607666,25.559999465942383,2459600
2025-12-11,25.622161865234375,25.920000076293945,26.200000762939453,25.690000534057617,25.729999542236328,2215600
2025-12-12,25.691356658935547,25.989999771118164,26.280000686645508,25.739999771118164,25.899999618530273,2558600
2025-12-15,25.889060974121094,26.190000534057617,26.469999313354492,26.0,26.0,1094000
2025-12-16,24.86100959777832,25.149999618530273,25.8799991607666,25.149999618530273,25.829999923706055,2942600
2025-12-17,24.52491569519043,24.809999465942383,24.989999771118164,24.540000915527344,24.709999084472656,4129300
2025-12-18,24.722620010375977,25.010000228881836,25.350000381469727,24.639999389648438,24.760000228881836,2604900
2025-12-19,24.5545711517334,24.84000015258789,25.290000915527344,24.84000015258789,24.950000762939453,1814300
2025-12-22,24.030662536621094,24.309999465942383,25.200000762939453,24.309999465942383,24.850000381469727,2946700
2025-12-23,24.910436630249023,25.200000762939453,25.489999771118164,24.40999984741211,24.450000762939453,2260400
2025-12-26,25.009286880493164,25.299999237060547,25.34000015258789,24.940000534057617,25.149999618530273,788000
2025-12-29,24.841238021850586,25.1299991607666,25.299999237060547,25.049999237060547,25.299999237060547,1404100
2025-12-30,25.27618408203125,25.56999969482422,25.56999969482422,25.170000076293945,25.31999969482422,2691200
2026-01-02,25.01917266845703,25.309999465942383,25.93000030517578,25.219999313354492,25.93000030517578,1356300
2026-01-05,25.30584144592285,25.600000381469727,25.850000381469727,25.200000762939453,25.31999969482422,1785500
2026-01-06,25.464000701904297,25.760000228881836,26.170000076293945,25.549999237060547,25.790000915527344,1602300
2026-01-07,25.08836555480957,25.3799991607666,25.799999237060547,25.3799991607666,25.75,1415900
2026-01-08,25.325611114501953,25.6200008392334,25.860000610351562,25.31999969482422,25.389999389648438,1397100
2026-01-09,26.244922637939453,26.549999237060547,26.559999465942383,25.420000076293945,25.6200008392334,3783400
2026-01-12,26.314119338989258,26.6200008392334,26.780000686645508,26.200000762939453,26.56999969482422,2622500
2026-01-13,26.244922637939453,26.549999237060547,26.709999084472656,26.1299991607666,26.450000762939453,1919800
2026-01-14,26.4129695892334,26.719999313354492,26.790000915527344,26.239999771118164,26.549999237060547,1680200
2026-01-15,26.660097122192383,26.969999313354492,27.290000915527344,26.59000015258789,26.889999389648438,1442000
2026-01-16,26.482166290283203,26.790000915527344,27.149999618530273,26.559999465942383,27.079999923706055,2473800
2026-01-19,26.432741165161133,26.739999771118164,27.020000457763672,26.579999923706055,26.790000915527344,907500
2026-01-20,26.343774795532227,26.649999618530273,26.780000686645508,26.389999389648438,26.739999771118164,2735400
2026-01-21,26.917110443115234,27.229999542236328,27.229999542236328,26.709999084472656,26.90999984741211,3200600
2026-01-22,27.085155487060547,27.399999618530273,27.90999984741211,27.18000030517578,27.459999084472656,5608200
2026-01-23,27.599180221557617,27.920000076293945,28.110000610351562,27.25,27.530000686645508,2109100
2026-01-26,27.609066009521484,27.93000030517578,28.100000381469727,27.18000030517578,28.100000381469727,2167900
2026-01-27,28.231826782226562,28.559999465942383,28.65999984741211,28.079999923706055,28.09000015258789,4621600
2026-01-28,28.41964340209961,28.75,29.06999969482422,28.59000015258789,28.690000534057617,2090400
2026-01-29,27.994585037231445,28.31999969482422,29.1299991607666,28.079999923706055,29.040000915527344,2572700
2026-01-30,28.172515869140625,28.5,28.75,28.139999389648438,28.40999984741211,2010000
2026-02-02,28.26148223876953,28.59000015258789,28.799999237060547,28.34000015258789,28.5,3431800
2026-02-03,28.34056282043457,28.670000076293945,29.049999237060547,28.440000534057617,28.780000686645508,3048100
2026-02-04,27.77711296081543,28.100000381469727,28.5,27.719999313354492,28.5,2777600
2026-02-05,28.26148223876953,28.59000015258789,28.899999618530273,28.079999923706055,28.09000015258789,1818000
2026-02-06,28.3109073638916,28.639999389648438,28.780000686645508,28.260000228881836,28.479999542236328,1499800
2026-02-09,28.70631217956543,29.040000915527344,29.1200008392334,28.639999389648438,28.639999389648438,2024900
2026-02-10,28.666772842407227,29.0,29.239999771118164,28.579999923706055,29.040000915527344,1764100
2026-02-11,28.894128799438477,29.229999542236328,29.469999313354492,29.040000915527344,29.290000915527344,1740800
2026-02-12,28.78539276123047,29.1200008392334,29.260000228881836,28.549999237060547,29.219999313354492,3578600
2026-02-13,28.103322982788086,28.43000030517578,28.959999084472656,27.959999084472656,28.610000610351562,2910700
2026-02-18,28.34056282043457,28.670000076293945,28.780000686645508,27.860000610351562,28.200000762939453,2102900
2026-02-19,28.745851516723633,29.079999923706055,29.3799991607666,28.510000228881836,28.670000076293945,1897300
2026-02-20,29.13214683532715,29.299999237060547,29.299999237060547,28.65999984741211,28.8700008392334,1745800
2026-02-23,29.012834548950195,29.18000030517578,29.350000381469727,28.90999984741211,29.25,1996600
2026-02-24,29.261402130126953,29.43000030517578,29.579999923706055,29.1200008392334,29.329999923706055,4633600
2026-02-25,29.271345138549805,29.440000534057617,29.770000457763672,29.25,29.559999465942383,2982800
2026-02-26,29.678997039794922,29.850000381469727,30.1299991607666,29.31999969482422,29.43000030517578,2309400
2026-02-27,29.05260467529297,29.219999313354492,29.799999237060547,29.06999969482422,29.489999771118164,3235600
2026-03-02,28.77420997619629,28.940000534057617,29.100000381469727,28.3799991607666,28.899999618530273,1982400
2026-03-03,28.058332443237305,28.219999313354492,28.59000015258789,27.100000381469727,28.0,4332300
2026-03-04,28.664838790893555,28.829999923706055,28.979999542236328,28.350000381469727,28.5,1620700
2026-03-05,27.670568466186523,27.829999923706055,28.829999923706055,27.799999237060547,28.829999923706055,2388100
2026-03-06,27.252973556518555,27.40999984741211,27.920000076293945,27.350000381469727,27.600000381469727,2050100
2026-03-09,27.342458724975586,27.5,27.84000015258789,26.809999465942383,27.34000015258789,2965900
2026-03-10,27.65068244934082,27.809999465942383,28.639999389648438,27.450000762939453,27.799999237060547,3596500
2026-03-11,27.342458724975586,27.5,28.15999984741211,27.280000686645508,27.450000762939453,3364000
2026-03-12,26.805551528930664,26.959999084472656,27.110000610351562,26.709999084472656,27.0,1803900
2026-03-13,26.2089900970459,26.360000610351562,27.190000534057617,26.040000915527344,27.09000015258789,2985200
2026-03-16,26.904977798461914,27.059999465942383,27.1299991607666,26.700000762939453,26.799999237060547,1356100
2026-03-17,26.775724411010742,26.93000030517578,27.520000457763672,26.75,27.049999237060547,1534000
2026-03-18,26.785667419433594,26.940000534057617,27.34000015258789,26.540000915527344,26.65999984741211,1548700
2026-03-19,27.0242919921875,27.18000030517578,27.209999084472656,26.18000030517578,26.31999969482422,1945400
2026-03-20,25.672082901000977,25.81999969482422,26.959999084472656,25.81999969482422,26.920000076293945,2644900
2026-03-23,27.23308753967285,27.389999389648438,27.389999389648438,26.489999771118164,26.489999771118164,2033500
2026-03-24,26.865209579467773,27.020000457763672,27.260000228881836,26.639999389648438,27.209999084472656,1995000
2026-03-25,27.72028160095215,27.8799991607666,27.8799991607666,27.059999465942383,27.219999313354492,2164400
2026-03-26,26.84532356262207,27.0,27.559999465942383,26.780000686645508,27.399999618530273,1402300
2026-03-27,26.4078426361084,26.559999465942383,27.020000457763672,26.40999984741211,26.850000381469727,2012400
2026-03-30,26.4277286529541,26.579999923706055,27.010000228881836,26.40999984741211,26.920000076293945,2298800
2026-03-31,27.779937744140625,27.940000534057617,27.940000534057617,26.889999389648438,27.079999923706055,2477300
2026-04-01,28.287017822265625,28.450000762939453,28.639999389648438,28.15999984741211,28.43000030517578,1817700
2026-04-02,27.610912322998047,27.770000457763672,28.200000762939453,27.25,27.25,2779300
2026-04-06,27.72028160095215,27.8799991607666,28.200000762939453,27.700000762939453,27.950000762939453,685200
2026-04-07,27.760051727294922,27.920000076293945,27.93000030517578,27.459999084472656,27.8799991607666,1534700
2026-04-08,28.843809127807617,29.010000228881836,29.690000534057617,28.739999771118164,29.09000015258789,2594400
2026-04-09,29.291229248046875,29.459999084472656,29.530000686645508,28.8700008392334,28.889999389648438,2112800
2026-04-10,29.012834548950195,29.18000030517578,29.850000381469727,29.15999984741211,29.520000457763672,2232300
2026-04-13,29.12220573425293,29.290000915527344,29.469999313354492,28.950000762939453,28.959999084472656,1482900
2026-04-14,29.33100128173828,29.5,29.709999084472656,29.290000915527344,29.290000915527344,2100200
2026-04-15,30.239999771118164,30.239999771118164,30.239999771118164,29.15999984741211,29.15999984741211,2905100
2026-04-16,29.81999969482422,29.81999969482422,30.43000030517578,29.68000030517578,30.309999465942383,1219100
2026-04-17,30.3799991607666,30.3799991607666,30.6200008392334,30.18000030517578,30.40999984741211,2744100
2026-04-20,30.059999465942383,30.059999465942383,30.450000762939453,30.010000228881836,30.389999389648438,966300
2026-04-22,29.549999237060547,29.549999237060547,30.100000381469727,29.420000076293945,30.059999465942383,777800
2026-04-23,28.709999084472656,28.709999084472656,29.690000534057617,28.700000762939453,29.690000534057617,1179500
2026-04-24,28.649999618530273,28.649999618530273,28.920000076293945,28.3799991607666,28.719999313354492,2000500
2026-04-27,28.389999389648438,28.389999389648438,29.020000457763672,28.260000228881836,28.520000457763672,1448600
2026-04-28,28.030000686645508,28.030000686645508,28.219999313354492,27.729999542236328,28.06999969482422,913600
2026-04-29,27.530000686645508,27.530000686645508,27.979999542236328,27.420000076293945,27.649999618530273,2534600
2026-04-30,27.5,27.5,27.959999084472656,27.489999771118164,27.600000381469727,2848500
2026-05-04,27.350000381469727,27.350000381469727,27.65999984741211,27.110000610351562,27.43000030517578,3340700
2026-05-05,27.559999465942383,27.559999465942383,27.739999771118164,27.299999237060547,27.299999237060547,1524600
2026-05-06,28.43000030517578,28.43000030517578,28.579999923706055,27.920000076293945,28.149999618530273,2595300
2026-05-07,27.850000381469727,27.850000381469727,28.5,27.700000762939453,28.219999313354492,1569800
2026-05-08,28.1299991607666,28.1299991607666,28.5,28.100000381469727,28.15999984741211,4041300
2026-05-11,27.459999084472656,27.459999084472656,28.239999771118164,27.459999084472656,28.1299991607666,1776500
2026-05-12,27.059999465942383,27.059999465942383,27.719999313354492,27.059999465942383,27.34000015258789,1999400
2026-05-13,25.969999313354492,25.969999313354492,27.079999923706055,25.969999313354492,27.030000686645508,4196800
2026-05-14,26.520000457763672,26.520000457763672,26.6299991607666,26.059999465942383,26.059999465942383,1632300
2026-05-15,26.399999618530273,26.399999618530273,26.399999618530273,25.719999313354492,25.719999313354492,1283700
2026-05-18,26.299999237060547,26.299999237060547,26.399999618530273,26.040000915527344,26.190000534057617,1751300
2026-05-19,25.809999465942383,25.809999465942383,26.270000457763672,25.6299991607666,25.829999923706055,1605800
2026-05-20,26.639999389648438,26.639999389648438,26.8799991607666,25.899999618530273,25.950000762939453,1805200
2026-05-21,26.510000228881836,26.510000228881836,26.75,26.1200008392334,26.459999084472656,2217700
2026-05-22,25.899999618530273,25.899999618530273,26.360000610351562,25.809999465942383,26.34000015258789,2237200
2026-05-25,26.68000030517578,26.68000030517578,26.68000030517578,26.049999237060547,26.239999771118164,1240700
2026-05-26,26.309999465942383,26.309999465942383,26.68000030517578,26.1200008392334,26.68000030517578,1537600
2026-05-27,26.139999389648438,26.139999389648438,26.6299991607666,26.020000457763672,26.579999923706055,936000
2026-05-28,26.190000534057617,26.190000534057617,26.540000915527344,25.920000076293945,26.139999389648438,1771900
2026-05-29,25.940000534057617,25.940000534057617,26.299999237060547,25.690000534057617,26.299999237060547,2116200
2026-06-01,25.670000076293945,25.670000076293945,26.059999465942383,25.389999389648438,26.059999465942383,1467100
2026-06-02,25.709999084472656,25.709999084472656,25.90999984741211,25.6200008392334,25.719999313354492,2123100
2026-06-03,24.709999084472656,24.709999084472656,25.360000610351562,24.709999084472656,25.25,2818700
2026-06-05,24.81999969482422,24.81999969482422,25.040000915527344,24.610000610351562,24.700000762939453,1812800
2026-06-08,24.579999923706055,24.579999923706055,24.860000610351562,24.479999542236328,24.860000610351562,1610000
2026-06-09,24.850000381469727,24.850000381469727,24.979999542236328,24.59000015258789,24.829999923706055,4023200
2026-06-10,24.450000762939453,24.450000762939453,24.81999969482422,24.280000686645508,24.81999969482422,2765900
2026-06-11,24.950000762939453,24.950000762939453,24.950000762939453,24.100000381469727,24.450000762939453,2772200
2026-06-12,24.549999237060547,24.549999237060547,25.0,24.510000228881836,24.809999465942383,2946400
2026-06-15,23.90999984741211,23.90999984741211,25.360000610351562,23.90999984741211,24.989999771118164,6486400
2026-06-16,23.729999542236328,23.729999542236328,23.889999389648438,23.31999969482422,23.809999465942383,2835600
2026-06-17,23.450000762939453,23.450000762939453,24.280000686645508,23.450000762939453,23.899999618530273,5933400
2026-06-18,23.770000457763672,23.770000457763672,23.93000030517578,23.350000381469727,23.450000762939453,1807800
2026-06-19,23.780000686645508,23.780000686645508,23.889999389648438,23.6299991607666,23.690000534057617,1710200
2026-06-22,24.100000381469727,24.100000381469727,24.18000030517578,23.719999313354492,23.850000381469727,1318300
2026-06-23,24.18000030517578,24.18000030517578,24.280000686645508,23.760000228881836,23.899999618530273,1769200
2026-06-24,24.559999465942383,24.559999465942383,24.600000381469727,24.010000228881836,24.06999969482422,2209300
2026-06-25,25.110000610351562,25.110000610351562,25.110000610351562,24.649999618530273,24.739999771118164,1634500
2026-06-26,25.600000381469727,25.600000381469727,25.65999984741211,25.020000457763672,25.1200008392334,895100
