Price,Adj Close,Close,High,Low,Open,Volume
Ticker,CSNA3.SA,CSNA3.SA,CSNA3.SA,CSNA3.SA,CSNA3.SA,CSNA3.SA
Date,,,,,,
2021-06-28,28.064733505249023,42.93000030517578,44.099998474121094,42.310001373291016,43.75,8202500
2021-06-29,29.215299606323242,44.689998626708984,44.849998474121094,42.90999984741211,42.9900016784668,9522700
2021-06-30,28.757688522338867,43.9900016784668,45.22999954223633,43.36000061035156,44.41999816894531,8615100
2021-07-01,28.391597747802734,43.43000030517578,44.790000915527344,43.04999923706055,44.189998626708984,7275400
2021-07-02,29.463712692260742,45.06999969482422,45.130001068115234,43.529998779296875,43.79999923706055,7938400
2021-07-05,29.784046173095703,45.560001373291016,46.209999084472656,45.36000061035156,45.54999923706055,6373200
2021-07-06,29.149927139282227,44.59000015258789,45.650001525878906,43.970001220703125,45.5099983215332,7757300
2021-07-07,30.156673431396484,46.130001068115234,46.279998779296875,45.130001068115234,45.400001525878906,12047300
2021-07-08,28.82305908203125,44.09000015258789,44.900001525878906,43.709999084472656,44.70000076293945,17479700
2021-07-12,30.60120964050293,46.810001373291016,46.90999984741211,44.529998779296875,44.790000915527344,17926100
2021-07-13,30.908464431762695,47.279998779296875,47.689998626708984,46.34000015258789,46.61000061035156,10830000
2021-07-14,29.679447174072266,45.400001525878906,47.650001525878906,45.04999923706055,47.619998931884766,16775900
2021-07-15,30.267807006835938,46.29999923706055,46.939998626708984,45.56999969482422,45.650001525878906,9782600
2021-07-16,29.221837997436523,44.70000076293945,46.720001220703125,44.529998779296875,46.5,11377400
2021-07-19,28.82959747314453,44.099998474121094,44.099998474121094,42.40999984741211,43.86000061035156,17394800
2021-07-20,29.1368465423584,44.56999969482422,44.72999954223633,43.36000061035156,44.25,7243900
2021-07-21,29.784046173095703,45.560001373291016,45.58000183105469,44.0099983215332,44.4900016784668,9302700
2021-07-22,30.00631332397461,45.900001525878906,46.150001525878906,44.93000030517578,44.97999954223633,8965100
2021-07-23,29.901718139648438,45.7400016784668,46.459999084472656,45.16999816894531,45.88999938964844,6819500
2021-07-26,30.960765838623047,47.36000061035156,47.90999984741211,46.0,46.02000045776367,12179900
2021-07-27,30.646968841552734,46.880001068115234,47.27000045776367,46.150001525878906,47.15999984741211,9398800
2021-07-28,29.79058837890625,45.56999969482422,48.029998779296875,45.380001068115234,47.77000045776367,19887700
2021-07-29,31.464136123657227,48.130001068115234,48.540000915527344,45.650001525878906,45.83000183105469,24720900
2021-07-30,30.56199073791504,46.75,47.63999938964844,46.380001068115234,47.20000076293945,14347500
2021-08-02,30.130598068237305,44.84000015258789,46.689998626708984,44.75,46.689998626708984,12882300
2021-08-03,30.20451545715332,44.95000076293945,45.400001525878906,44.15999984741211,44.84000015258789,12248600
2021-08-04,30.52705192565918,45.43000030517578,45.83000183105469,44.63999938964844,44.88999938964844,11773900
2021-08-05,29.317527770996094,43.630001068115234,45.08000183105469,43.189998626708984,45.04999923706055,15191000
2021-08-06,29.17641830444336,43.41999816894531,44.91999816894531,43.38999938964844,43.689998626708984,10588800
2021-08-09,29.115936279296875,43.33000183105469,43.68000030517578,42.150001525878906,42.79999923706055,14769800
2021-08-10,29.4250431060791,43.790000915527344,44.41999816894531,43.220001220703125,43.36000061035156,11892700
2021-08-11,29.633346557617188,44.099998474121094,44.93000030517578,43.93000030517578,44.06999969482422,11658800
2021-08-12,29.310806274414062,43.619998931884766,44.400001525878906,43.56999969482422,43.90999984741211,7975200
2021-08-13,28.632129669189453,42.61000061035156,43.81999969482422,42.29999923706055,43.77000045776367,8935700
2021-08-16,27.852659225463867,41.45000076293945,42.18000030517578,40.9900016784668,42.18000030517578,11310100
2021-08-17,27.012714385986328,40.20000076293945,41.4900016784668,39.619998931884766,41.060001373291016,12472400
2021-08-18,26.387792587280273,39.27000045776367,40.09000015258789,38.849998474121094,39.54999923706055,14705000
2021-08-19,24.86244773864746,37.0,37.93000030517578,36.599998474121094,37.400001525878906,17934600
2021-08-20,24.822126388549805,36.939998626708984,37.900001525878906,36.70000076293945,36.9900016784668,10987400
2021-08-23,24.61382484436035,36.630001068115234,37.43000030517578,36.630001068115234,37.20000076293945,7305100
2021-08-24,25.930862426757812,38.59000015258789,38.959999084472656,37.939998626708984,38.0,12540400
2021-08-25,25.33281707763672,37.70000076293945,38.68000030517578,37.56999969482422,38.5,9339200
2021-08-26,24.566783905029297,36.560001373291016,37.939998626708984,36.5,37.61000061035156,8818800
2021-08-27,25.16482925415039,37.45000076293945,37.72999954223633,36.79999923706055,36.79999923706055,9458500
2021-08-30,24.654138565063477,36.689998626708984,37.66999816894531,36.56999969482422,37.47999954223633,9161800
2021-08-31,23.424457550048828,34.86000061035156,36.56999969482422,34.689998626708984,36.56999969482422,15204100
2021-09-01,23.437894821166992,34.880001068115234,35.4900016784668,33.470001220703125,34.0,14325800
2021-09-02,22.994403839111328,34.220001220703125,35.7599983215332,34.220001220703125,34.97999954223633,11208100
2021-09-03,23.39086151123047,34.810001373291016,35.34000015258789,34.290000915527344,35.040000915527344,13684400
2021-09-06,22.947368621826172,34.150001525878906,34.45000076293945,33.720001220703125,34.099998474121094,6052100
2021-09-08,22.315723419189453,33.209999084472656,34.02000045776367,33.209999084472656,33.939998626708984,9308400
2021-09-09,22.9809627532959,34.20000076293945,34.59000015258789,32.939998626708984,33.02000045776367,15709500
2021-09-10,22.67858123779297,33.75,35.400001525878906,33.7400016784668,35.20000076293945,10925500
2021-09-13,22.58450698852539,33.61000061035156,34.369998931884766,33.40999984741211,34.06999969482422,9817800
2021-09-14,22.26197052001953,33.130001068115234,33.86000061035156,32.79999923706055,33.5099983215332,10519700
2021-09-15,22.403079986572266,33.34000015258789,33.81999969482422,32.650001525878906,33.18000030517578,12511800
2021-09-16,21.01884651184082,31.280000686645508,32.70000076293945,31.219999313354492,32.70000076293945,12144200
2021-09-17,20.02434539794922,29.799999237060547,31.260000228881836,29.59000015258789,30.600000381469727,13872900
2021-09-20,19.40614891052246,28.8799991607666,29.1200008392334,27.959999084472656,28.0,12497400
2021-09-21,19.332233428955078,28.770000457763672,29.56999969482422,27.729999542236328,29.559999465942383,17593900
2021-09-22,19.708528518676758,29.329999923706055,31.270000457763672,29.139999389648438,30.25,20104000
2021-09-23,20.232654571533203,30.110000610351562,30.489999771118164,28.75,29.56999969482422,19336300
2021-09-24,19.506940841674805,29.030000686645508,29.719999313354492,28.850000381469727,29.700000762939453,12884500
2021-09-27,20.138580322265625,29.969999313354492,30.360000610351562,28.75,29.489999771118164,19275500
2021-09-28,18.559480667114258,27.6200008392334,29.639999389648438,27.6200008392334,29.43000030517578,15271000
2021-09-29,18.73418617248535,27.8799991607666,28.270000457763672,27.469999313354492,27.989999771118164,13833800
2021-09-30,19.30535316467285,28.729999542236328,29.579999923706055,28.459999084472656,28.559999465942383,16888500
2021-10-01,19.634611129760742,29.219999313354492,29.34000015258789,28.40999984741211,28.8799991607666,10384900
2021-10-04,18.653554916381836,27.760000228881836,29.1299991607666,27.65999984741211,29.1299991607666,12185100
2021-10-05,18.714033126831055,27.850000381469727,28.31999969482422,27.3799991607666,28.0,10174800
2021-10-06,18.693872451782227,27.81999969482422,27.81999969482422,26.760000228881836,27.239999771118164,11323200
2021-10-07,18.45868492126465,27.469999313354492,28.510000228881836,27.31999969482422,28.0,14410200
2021-10-08,19.02985191345215,28.31999969482422,29.149999618530273,28.06999969482422,28.100000381469727,14690800
2021-10-11,18.89546012878418,28.1200008392334,29.440000534057617,28.1200008392334,29.059999465942383,11921500
2021-10-13,18.45868492126465,27.469999313354492,28.049999237060547,27.190000534057617,28.0,12487700
2021-10-14,18.19662094116211,27.079999923706055,27.940000534057617,26.940000534057617,27.899999618530273,9363000
2021-10-15,18.539321899414062,27.59000015258789,27.8799991607666,26.969999313354492,27.219999313354492,9935800
2021-10-18,17.773290634155273,26.450000762939453,27.139999389648438,26.299999237060547,27.030000686645508,13672300
2021-10-19,17.249160766601562,25.670000076293945,26.700000762939453,25.43000030517578,26.200000762939453,13328400
2021-10-20,17.215564727783203,25.6200008392334,25.950000762939453,25.229999542236328,25.8799991607666,10004000
2021-10-21,16.84598731994629,25.06999969482422,25.100000381469727,24.079999923706055,24.56999969482422,16165900
2021-10-22,16.859426498413086,25.09000015258789,25.809999465942383,24.520000457763672,24.959999084472656,14957900
2021-10-25,17.538105010986328,26.100000381469727,26.239999771118164,25.149999618530273,25.350000381469727,8901100
2021-10-26,16.41593360900879,24.43000030517578,25.950000762939453,24.350000381469727,25.84000015258789,14918700
2021-10-27,16.462970733642578,24.5,25.389999389648438,24.43000030517578,24.579999923706055,13777300
2021-10-28,16.15386962890625,24.040000915527344,24.520000457763672,23.920000076293945,24.260000228881836,7779800
2021-10-29,15.307204246520996,22.780000686645508,24.09000015258789,22.739999771118164,24.059999465942383,15299700
2021-11-01,15.555827140808105,23.149999618530273,23.469999313354492,22.59000015258789,22.700000762939453,11536300
2021-11-03,14.843552589416504,22.09000015258789,22.920000076293945,21.8799991607666,22.700000762939453,17656500
2021-11-04,14.332863807678223,21.329999923706055,22.290000915527344,20.56999969482422,21.389999389648438,28049600
2021-11-05,14.272388458251953,21.239999771118164,21.690000534057617,20.979999542236328,21.56999969482422,11987000
2021-11-08,14.57476806640625,21.690000534057617,22.399999618530273,21.059999465942383,21.100000381469727,13946100
2021-11-09,14.319425582885742,21.309999465942383,22.190000534057617,21.149999618530273,21.530000686645508,15515000
2021-11-10,14.225351333618164,21.170000076293945,21.459999084472656,20.81999969482422,20.969999313354492,12310200
2021-11-11,15.287044525146484,22.75,22.899999618530273,21.770000457763672,22.0,20316700
2021-11-12,15.078737258911133,22.440000534057617,23.209999084472656,22.299999237060547,22.56999969482422,11765200
2021-11-16,14.185032844543457,21.110000610351562,22.559999465942383,21.09000015258789,22.530000686645508,12995600
2021-11-17,14.064081192016602,20.93000030517578,22.010000228881836,20.770000457763672,21.479999542236328,15085300
2021-11-18,13.31148910522461,19.809999465942383,20.860000610351562,19.709999084472656,20.700000762939453,17651400
2021-11-19,14.373183250427246,21.389999389648438,21.530000686645508,20.110000610351562,20.299999237060547,22286000
2021-11-22,14.64868450164795,21.799999237060547,22.25,21.399999618530273,22.149999618530273,15602400
2021-11-23,15.152652740478516,22.549999237060547,23.520000457763672,22.31999969482422,22.700000762939453,19803800
2021-11-24,15.401277542114258,22.920000076293945,23.239999771118164,22.309999465942383,22.600000381469727,13244000
2021-11-25,15.743974685668945,23.43000030517578,23.559999465942383,22.690000534057617,22.920000076293945,10193400
2021-11-26,14.97122573852539,22.280000686645508,22.739999771118164,21.81999969482422,22.260000228881836,12019900
2021-11-29,15.1459321975708,22.540000915527344,23.3700008392334,22.450000762939453,23.1299991607666,11500300
2021-11-30,14.621805191040039,21.760000228881836,22.700000762939453,21.510000228881836,22.34000015258789,16434300
2021-12-01,14.507574081420898,21.59000015258789,22.799999237060547,21.549999237060547,22.399999618530273,11674700
2021-12-02,15.838050842285156,23.56999969482422,23.56999969482422,21.850000381469727,21.940000534057617,14137900
2021-12-03,15.643183708190918,23.280000686645508,23.829999923706055,22.790000915527344,23.290000915527344,13963000
2021-12-06,16.214345932006836,24.1299991607666,24.280000686645508,23.149999618530273,23.690000534057617,13140000
2021-12-07,16.40249252319336,24.40999984741211,25.440000534057617,24.31999969482422,25.239999771118164,16167400
2021-12-08,16.194185256958008,24.100000381469727,24.920000076293945,24.040000915527344,24.520000457763672,9590900
2021-12-09,16.43609046936035,24.459999084472656,24.719999313354492,23.530000686645508,23.700000762939453,12160400
2021-12-10,16.382335662841797,24.3799991607666,24.829999923706055,23.690000534057617,24.65999984741211,13171100
2021-12-13,16.63096046447754,24.75,25.479999542236328,24.3700008392334,24.84000015258789,14792200
2021-12-14,16.382335662841797,24.3799991607666,25.18000030517578,24.309999465942383,24.950000762939453,9616700
2021-12-15,16.362178802490234,24.350000381469727,25.049999237060547,23.829999923706055,24.25,12695300
2021-12-16,17.34995460510254,25.81999969482422,25.860000610351562,24.65999984741211,25.0,14807800
2021-12-17,17.114770889282227,25.469999313354492,25.75,25.049999237060547,25.600000381469727,13440300
2021-12-20,15.932125091552734,23.709999084472656,25.079999923706055,23.639999389648438,25.049999237060547,17835400
2021-12-21,16.691436767578125,24.84000015258789,24.989999771118164,24.1200008392334,24.270000457763672,11476600
2021-12-22,16.637680053710938,24.760000228881836,25.0,24.420000076293945,24.68000030517578,6457600
2021-12-23,16.563764572143555,24.649999618530273,24.8799991607666,24.420000076293945,24.770000457763672,7220300
2021-12-27,16.745193481445312,24.920000076293945,24.979999542236328,24.260000228881836,24.559999465942383,5791500
2021-12-28,16.76535415649414,24.950000762939453,25.18000030517578,24.549999237060547,24.889999389648438,6394700
2021-12-29,16.825828552246094,25.040000915527344,25.170000076293945,24.65999984741211,24.889999389648438,6578800
2021-12-30,16.7922306060791,24.989999771118164,25.469999313354492,24.899999618530273,25.209999084472656,8263100
2022-01-03,16.469690322875977,24.510000228881836,25.739999771118164,24.510000228881836,25.389999389648438,8382300
2022-01-04,16.221065521240234,24.139999389648438,24.969999313354492,24.049999237060547,24.860000610351562,7604800
2022-01-05,15.8766508102417,23.440000534057617,24.260000228881836,23.3799991607666,24.100000381469727,10546600
2022-01-06,15.67344856262207,23.139999389648438,24.059999465942383,23.059999465942383,23.770000457763672,7757200
2022-01-07,16.33723258972168,24.1200008392334,24.190000534057617,22.920000076293945,23.3799991607666,10063000
2022-01-10,16.879098892211914,24.920000076293945,25.260000228881836,22.84000015258789,23.81999969482422,19290000
2022-01-11,16.838459014892578,24.860000610351562,25.81999969482422,24.649999618530273,24.799999237060547,17393200
2022-01-12,17.800270080566406,26.280000686645508,26.43000030517578,25.239999771118164,25.399999618530273,16808400
2022-01-13,17.732534408569336,26.18000030517578,26.549999237060547,25.68000030517578,25.809999465942383,10723400
2022-01-14,17.42096519470215,25.719999313354492,26.100000381469727,25.649999618530273,26.010000228881836,9321800
2022-01-17,17.02811050415039,25.139999389648438,25.600000381469727,25.059999465942383,25.5,7891800
2022-01-18,17.46837615966797,25.790000915527344,25.920000076293945,24.829999923706055,25.110000610351562,11038500
2022-01-19,17.92896270751953,26.469999313354492,26.989999771118164,26.200000762939453,26.489999771118164,14647400
2022-01-20,17.84768295288086,26.350000381469727,27.09000015258789,26.31999969482422,26.6200008392334,13554200
2022-01-21,17.441282272338867,25.75,26.510000228881836,25.719999313354492,26.25,14074300
2022-01-24,17.569976806640625,25.940000534057617,25.969999313354492,24.729999542236328,25.469999313354492,13589100
2022-01-25,17.21099281311035,25.40999984741211,26.219999313354492,25.110000610351562,25.989999771118164,14242100
2022-01-26,17.610618591308594,26.0,26.690000534057617,25.639999389648438,26.010000228881836,16806300
2022-01-27,17.732534408569336,26.18000030517578,26.719999313354492,25.75,26.329999923706055,11813300
2022-01-28,17.387096405029297,25.670000076293945,26.979999542236328,25.260000228881836,26.670000076293945,14517600
2022-01-31,17.29904556274414,25.540000915527344,25.84000015258789,24.479999542236328,25.350000381469727,12126500
2022-02-01,18.172805786132812,26.829999923706055,26.93000030517578,25.350000381469727,25.690000534057617,11604300
2022-02-02,18.260852813720703,26.959999084472656,27.239999771118164,26.6200008392334,26.829999923706055,7514200
2022-02-03,17.956056594848633,26.510000228881836,27.200000762939453,26.31999969482422,27.059999465942383,7024700
2022-02-04,18.037334442138672,26.6299991607666,26.790000915527344,26.010000228881836,26.40999984741211,7903600
2022-02-07,18.606292724609375,27.469999313354492,27.6200008392334,26.670000076293945,26.700000762939453,9416500
2022-02-08,18.85690689086914,27.84000015258789,27.90999984741211,27.1200008392334,27.420000076293945,8141700
2022-02-09,19.087200164794922,28.18000030517578,28.280000686645508,27.360000610351562,27.40999984741211,7719100
2022-02-10,19.107521057128906,28.209999084472656,29.329999923706055,28.049999237060547,28.540000915527344,16086700
2022-02-11,18.836584091186523,27.809999465942383,28.6299991607666,27.65999984741211,28.3700008392334,9865600
2022-02-14,18.78917121887207,27.739999771118164,28.229999542236328,27.31999969482422,27.600000381469727,8512800
2022-02-15,17.881547927856445,26.399999618530273,27.399999618530273,26.049999237060547,27.399999618530273,17908300
2022-02-16,17.956056594848633,26.510000228881836,26.979999542236328,26.459999084472656,26.549999237060547,8759000
2022-02-17,16.906192779541016,24.959999084472656,26.229999542236328,24.8700008392334,26.020000457763672,14506200
2022-02-18,16.6894474029541,24.639999389648438,25.360000610351562,24.559999465942383,25.209999084472656,10356900
2022-02-21,16.757179260253906,24.739999771118164,25.3799991607666,24.610000610351562,24.850000381469727,9065700
2022-02-22,16.872325897216797,24.90999984741211,25.110000610351562,24.399999618530273,24.950000762939453,8389500
2022-02-23,16.05275535583496,23.700000762939453,25.209999084472656,23.559999465942383,25.040000915527344,11194000
2022-02-24,15.917288780212402,23.5,23.5,22.549999237060547,22.739999771118164,10051800
2022-02-25,17.001018524169922,25.100000381469727,25.100000381469727,22.989999771118164,23.100000381469727,14967700
2022-03-02,18.375999450683594,27.1299991607666,27.299999237060547,26.469999313354492,26.709999084472656,15693700
2022-03-03,19.297170639038086,28.489999771118164,28.559999465942383,27.309999465942383,27.84000015258789,15874900
2022-03-04,19.642608642578125,29.0,29.049999237060547,28.0,28.280000686645508,10606000
2022-03-07,19.601972579956055,28.940000534057617,30.540000915527344,28.690000534057617,29.610000610351562,17588100
2022-03-08,18.660478591918945,27.549999237060547,29.479999542236328,27.389999389648438,29.200000762939453,16533000
2022-03-09,18.94495964050293,27.969999313354492,28.049999237060547,26.479999542236328,27.540000915527344,12623500
2022-03-10,18.62661361694336,27.5,27.65999984741211,26.299999237060547,27.239999771118164,17811700
2022-03-11,17.529335021972656,25.8799991607666,27.809999465942383,25.850000381469727,27.65999984741211,10887800
2022-03-14,16.506567001342773,24.3700008392334,26.18000030517578,24.18000030517578,25.309999465942383,11594900
2022-03-15,15.815690994262695,23.350000381469727,24.260000228881836,23.25,23.780000686645508,11682800
2022-03-16,16.188217163085938,23.899999618530273,24.770000457763672,23.399999618530273,24.40999984741211,12455700
2022-03-17,17.47515106201172,25.799999237060547,25.84000015258789,24.280000686645508,24.389999389648438,14770700
2022-03-18,17.393869400024414,25.68000030517578,26.219999313354492,25.399999618530273,25.84000015258789,16003600
2022-03-21,17.840911865234375,26.34000015258789,26.860000610351562,26.020000457763672,26.049999237060547,10118200
2022-03-22,17.603843688964844,25.989999771118164,26.719999313354492,25.6200008392334,26.3799991607666,10005800
2022-03-23,17.766401290893555,26.229999542236328,26.989999771118164,26.06999969482422,26.1299991607666,11476300
2022-03-24,18.084749221801758,26.700000762939453,26.760000228881836,25.709999084472656,26.40999984741211,11591900
2022-03-25,18.003469467163086,26.579999923706055,27.200000762939453,26.1200008392334,26.969999313354492,9252800
2022-03-28,17.793498992919922,26.270000457763672,26.93000030517578,26.06999969482422,26.8700008392334,6374600
2022-03-29,17.637710571289062,26.040000915527344,26.649999618530273,25.649999618530273,26.540000915527344,8003300
2022-03-30,18.07120132446289,26.68000030517578,26.889999389648438,25.959999084472656,26.309999465942383,9340000
2022-03-31,17.630937576293945,26.030000686645508,27.190000534057617,25.889999389648438,26.770000457763672,10192900
2022-04-01,17.712215423583984,26.149999618530273,26.540000915527344,25.729999542236328,26.280000686645508,7572900
2022-04-04,17.90186882019043,26.43000030517578,26.93000030517578,26.100000381469727,26.219999313354492,7040900
2022-04-05,17.441282272338867,25.75,26.649999618530273,25.649999618530273,26.329999923706055,6181100
2022-04-06,16.95360565185547,25.030000686645508,25.809999465942383,24.65999984741211,25.790000915527344,8216100
2022-04-07,17.048431396484375,25.170000076293945,25.299999237060547,24.610000610351562,24.670000076293945,6629000
2022-04-08,17.427736282348633,25.729999542236328,25.969999313354492,24.969999313354492,24.979999542236328,8577600
2022-04-11,17.271949768066406,25.5,26.09000015258789,25.18000030517578,25.209999084472656,5670700
2022-04-12,17.42096519470215,25.719999313354492,26.290000915527344,25.68000030517578,26.0,7448100
2022-04-13,17.820589065551758,26.309999465942383,26.549999237060547,25.75,25.75,9011800
2022-04-14,17.231311798095703,25.440000534057617,26.5,25.270000457763672,26.31999969482422,8514200
2022-04-18,16.763952255249023,24.75,25.389999389648438,24.6299991607666,25.329999923706055,7544200
2022-04-19,16.838459014892578,24.860000610351562,24.989999771118164,24.0,24.549999237060547,6469200
2022-04-20,16.1475830078125,23.84000015258789,24.709999084472656,23.6200008392334,24.670000076293945,7856300
2022-04-22,14.908066749572754,22.010000228881836,23.18000030517578,21.829999923706055,23.079999923706055,16218800
2022-04-25,14.515213012695312,21.43000030517578,21.68000030517578,20.799999237060547,21.25,15468400
2022-04-26,13.600813865661621,20.079999923706055,21.389999389648438,20.079999923706055,21.260000228881836,14379700
2022-04-27,14.223960876464844,21.0,21.549999237060547,20.850000381469727,21.020000457763672,13267600
2022-04-28,14.542304039001465,21.469999313354492,21.65999984741211,20.770000457763672,21.200000762939453,8263400
2022-04-29,14.27137279510498,21.06999969482422,22.469999313354492,20.959999084472656,22.0,12143000
2022-05-02,14.020498275756836,20.030000686645508,20.5,19.450000762939453,20.290000915527344,12621600
2022-05-03,14.643476486206055,20.920000076293945,20.920000076293945,20.079999923706055,20.079999923706055,10847200
2022-05-04,15.028462409973145,21.469999313354492,21.469999313354492,20.350000381469727,20.729999542236328,8598800
2022-05-05,14.139494895935059,20.200000762939453,21.360000610351562,19.510000228881836,21.15999984741211,17100400
2022-05-06,13.978497505187988,19.969999313354492,20.350000381469727,19.559999465942383,19.989999771118164,9315200
2022-05-09,13.348522186279297,19.06999969482422,19.510000228881836,18.969999313354492,19.329999923706055,9705500
2022-05-10,12.571550369262695,17.959999084472656,19.299999237060547,17.65999984741211,19.239999771118164,17660200
2022-05-11,12.774540901184082,18.25,18.989999771118164,18.190000534057617,18.399999618530273,15781600
2022-05-12,12.067567825317383,17.239999771118164,17.889999389648438,16.959999084472656,17.600000381469727,20409100
2022-05-13,12.543550491333008,17.920000076293945,18.219999313354492,17.3700008392334,17.5,11555900
2022-05-16,12.879538536071777,18.399999618530273,18.68000030517578,18.020000457763672,18.110000610351562,10251700
2022-05-17,13.103529930114746,18.719999313354492,19.209999084472656,18.610000610351562,18.700000762939453,8728400
2022-05-18,12.340557098388672,17.6299991607666,18.459999084472656,17.600000381469727,18.329999923706055,10361000
2022-05-19,13.229525566101074,18.899999618530273,19.1200008392334,17.450000762939453,17.549999237060547,18291400
2022-05-20,13.887502670288086,19.84000015258789,19.8799991607666,19.260000228881836,19.56999969482422,14733900
2022-05-23,14.440484046936035,20.6299991607666,20.809999465942383,20.059999465942383,20.260000228881836,13724500
2022-05-24,14.671473503112793,20.959999084472656,20.959999084472656,19.93000030517578,20.170000076293945,10020400
2022-05-25,14.69947338104248,21.0,21.100000381469727,20.479999542236328,20.989999771118164,9323300
2022-05-26,15.140458106994629,21.6299991607666,21.770000457763672,20.93000030517578,21.010000228881836,14608000
2022-05-27,15.609441757202148,22.299999237060547,22.5,21.760000228881836,21.770000457763672,12843500
2022-05-30,15.51844310760498,22.170000076293945,22.639999389648438,21.850000381469727,22.510000228881836,6913500
2022-05-31,15.287452697753906,21.84000015258789,22.459999084472656,21.530000686645508,22.31999969482422,12668600
2022-06-01,15.525444030761719,22.18000030517578,22.399999618530273,21.709999084472656,21.93000030517578,11740600
2022-06-02,16.07142448425293,22.959999084472656,23.260000228881836,22.559999465942383,22.649999618530273,9981700
2022-06-03,15.959426879882812,22.799999237060547,22.950000762939453,22.520000457763672,22.899999618530273,6660600
2022-06-06,15.39944839477539,22.0,22.989999771118164,21.90999984741211,22.989999771118164,9428200
2022-06-07,15.490445137023926,22.1299991607666,22.3799991607666,21.6200008392334,21.729999542236328,7865500
2022-06-08,14.727473258972168,21.040000915527344,22.030000686645508,20.90999984741211,21.799999237060547,10485200
2022-06-09,13.74750804901123,19.639999389648438,20.950000762939453,19.639999389648438,20.950000762939453,14032500
2022-06-10,13.740506172180176,19.6299991607666,19.84000015258789,18.8799991607666,19.309999465942383,13214000
2022-06-13,12.907538414001465,18.440000534057617,19.110000610351562,18.079999923706055,18.809999465942383,14257700
2022-06-14,12.690546035766602,18.1299991607666,18.690000534057617,17.799999237060547,18.610000610351562,10507400
2022-06-15,12.557549476623535,17.940000534057617,18.530000686645508,17.739999771118164,18.479999542236328,12704700
2022-06-17,11.913572311401367,17.020000457763672,17.440000534057617,16.34000015258789,17.420000076293945,23140700
2022-06-20,11.794577598571777,16.850000381469727,17.09000015258789,16.170000076293945,16.649999618530273,7049600
2022-06-21,11.71757984161377,16.739999771118164,17.309999465942383,16.56999969482422,17.079999923706055,7150100
2022-06-22,11.17859935760498,15.970000267028809,16.329999923706055,15.489999771118164,16.18000030517578,17697900
2022-06-23,10.954607963562012,15.649999618530273,16.510000228881836,15.380000114440918,16.299999237060547,15707300
2022-06-24,11.521585464477539,16.459999084472656,16.540000915527344,15.699999809265137,15.930000305175781,18558600
2022-06-27,11.87857437133789,16.969999313354492,17.309999465942383,16.65999984741211,16.889999389648438,11412000
2022-06-28,11.94857120513916,17.06999969482422,17.450000762939453,16.860000610351562,17.34000015258789,12449300
2022-06-29,11.549586296081543,16.5,17.270000457763672,16.399999618530273,17.200000762939453,10805300
2022-06-30,10.807612419128418,15.4399995803833,16.06999969482422,15.34000015258789,15.979999542236328,19866100
2022-07-01,10.555621147155762,15.079999923706055,15.75,14.720000267028809,15.180000305175781,16901900
2022-07-04,10.450626373291016,14.930000305175781,15.109999656677246,14.619999885559082,14.899999618530273,7823600
2022-07-05,10.261631965637207,14.65999984741211,14.84000015258789,14.279999732971191,14.739999771118164,13416000
2022-07-06,10.317630767822266,14.739999771118164,15.029999732971191,14.350000381469727,14.75,15368400
2022-07-07,10.863612174987793,15.520000457763672,15.779999732971191,15.079999923706055,15.100000381469727,15964100
2022-07-08,10.534623146057129,15.050000190734863,15.739999771118164,14.90999984741211,15.300000190734863,12590700
2022-07-11,10.002641677856445,14.289999961853027,14.739999771118164,14.260000228881836,14.609999656677246,11432700
2022-07-12,9.967642784118652,14.239999771118164,14.430000305175781,13.8100004196167,14.180000305175781,14031000
2022-07-13,10.058639526367188,14.369999885559082,14.630000114440918,14.0,14.149999618530273,11393700
2022-07-14,9.414663314819336,13.449999809265137,14.0600004196167,13.449999809265137,13.90999984741211,13499000
2022-07-15,9.687653541564941,13.84000015258789,13.949999809265137,13.239999771118164,13.4399995803833,13560300
2022-07-18,9.806650161743164,14.010000228881836,14.510000228881836,13.979999542236328,14.300000190734863,9944800
2022-07-19,10.037640571594238,14.34000015258789,14.5,13.779999732971191,13.890000343322754,9488700
2022-07-20,10.100639343261719,14.430000305175781,14.479999542236328,14.079999923706055,14.239999771118164,7028200
2022-07-21,10.121637344360352,14.460000038146973,14.5,14.15999984741211,14.319999694824219,7905900
2022-07-22,10.086638450622559,14.40999984741211,15.149999618530273,14.350000381469727,14.75,13373200
2022-07-25,10.177635192871094,14.539999961853027,14.9399995803833,14.520000457763672,14.890000343322754,9507200
2022-07-26,10.051639556884766,14.359999656677246,14.84000015258789,14.130000114440918,14.699999809265137,9490400
2022-07-27,10.261631965637207,14.65999984741211,14.75,14.319999694824219,14.40999984741211,9812400
2022-07-28,10.38062858581543,14.829999923706055,15.229999542236328,14.670000076293945,14.829999923706055,8745900
2022-07-29,10.296631813049316,14.710000038146973,14.850000381469727,14.529999732971191,14.800000190734863,9907300
2022-08-01,9.890645980834961,14.130000114440918,14.649999618530273,14.029999732971191,14.649999618530273,11442700
2022-08-02,10.051639556884766,14.359999656677246,14.449999809265137,13.90999984741211,14.149999618530273,8423400
2022-08-03,9.91164493560791,14.15999984741211,14.489999771118164,14.020000457763672,14.34000015258789,9556600
2022-08-04,10.492624282836914,14.989999771118164,15.149999618530273,14.100000381469727,14.229999542236328,19514800
2022-08-05,10.772614479064941,15.390000343322754,15.729999542236328,14.819999694824219,15.0,12084200
2022-08-08,10.681617736816406,15.260000228881836,15.720000267028809,15.119999885559082,15.710000038146973,11841100
2022-08-09,10.807612419128418,15.4399995803833,15.520000457763672,15.130000114440918,15.350000381469727,7664300
2022-08-10,11.010605812072754,15.729999542236328,15.84000015258789,15.270000457763672,15.640000343322754,8733300
2022-08-11,11.33259391784668,16.190000534057617,16.700000762939453,15.8100004196167,15.949999809265137,11634800
2022-08-12,11.682581901550293,16.690000534057617,16.739999771118164,16.219999313354492,16.260000228881836,8602400
2022-08-15,11.150601387023926,15.930000305175781,16.280000686645508,15.760000228881836,16.270000457763672,12184200
2022-08-16,11.199599266052246,16.0,16.360000610351562,15.680000305175781,15.789999961853027,16154000
2022-08-17,11.388592720031738,16.270000457763672,16.350000381469727,15.449999809265137,15.670000076293945,11382500
2022-08-18,11.073604583740234,15.819999694824219,16.450000762939453,15.8100004196167,16.329999923706055,7347900
2022-08-19,10.758613586425781,15.369999885559082,15.720000267028809,15.279999732971191,15.710000038146973,10154600
2022-08-22,10.401626586914062,14.859999656677246,15.279999732971191,14.710000038146973,15.279999732971191,11504000
2022-08-23,11.367593765258789,16.239999771118164,16.239999771118164,14.949999809265137,15.0,13797000
2022-08-24,11.164600372314453,15.949999809265137,16.459999084472656,15.699999809265137,16.239999771118164,10266500
2022-08-25,11.171599388122559,15.960000038146973,16.25,15.760000228881836,16.18000030517578,9613500
2022-08-26,10.506623268127441,15.010000228881836,16.139999389648438,15.0,16.0,15716600
2022-08-29,10.149637222290039,14.5,15.020000457763672,14.430000305175781,14.729999542236328,8657800
2022-08-30,9.827648162841797,14.039999961853027,14.649999618530273,14.0,14.40999984741211,7132900
2022-08-31,9.659655570983887,13.800000190734863,14.1899995803833,13.800000190734863,14.130000114440918,12166000
2022-09-01,9.498659133911133,13.569999694824219,13.75,13.180000305175781,13.75,11466600
2022-09-02,9.393664360046387,13.420000076293945,13.920000076293945,13.369999885559082,13.739999771118164,10527800
2022-09-05,9.582655906677246,13.6899995803833,14.149999618530273,13.59000015258789,13.699999809265137,7313200
2022-09-06,9.232669830322266,13.1899995803833,13.65999984741211,13.100000381469727,13.600000381469727,9719900
2022-09-08,9.071674346923828,12.960000038146973,13.470000267028809,12.819999694824219,13.369999885559082,14035300
2022-09-09,9.876646041870117,14.109999656677246,14.140000343322754,13.329999923706055,13.329999923706055,18685300
2022-09-12,9.94664478302002,14.210000038146973,14.420000076293945,14.09000015258789,14.220000267028809,6573300
2022-09-13,9.477660179138184,13.539999961853027,14.270000457763672,13.510000228881836,14.020000457763672,9413600
2022-09-14,9.106674194335938,13.010000228881836,13.600000381469727,12.899999618530273,13.479999542236328,14025400
2022-09-15,9.050676345825195,12.930000305175781,13.279999732971191,12.880000114440918,13.0600004196167,10515400
2022-09-16,9.169671058654785,13.100000381469727,13.149999618530273,12.680000305175781,12.8100004196167,16328300
2022-09-19,9.540658950805664,13.630000114440918,13.8100004196167,12.859999656677246,12.960000038146973,20126300
2022-09-20,9.169671058654785,13.100000381469727,13.600000381469727,13.0,13.510000228881836,15729600
2022-09-21,8.763686180114746,12.520000457763672,13.1899995803833,12.479999542236328,13.119999885559082,23771000
2022-09-22,9.085674285888672,12.979999542236328,13.229999542236328,12.75,12.930000305175781,21658500
2022-09-23,8.98067855834961,12.829999923706055,12.880000114440918,12.539999961853027,12.65999984741211,11271200
2022-09-26,8.623690605163574,12.319999694824219,13.0,12.279999732971191,12.670000076293945,12834600
2022-09-27,8.469697952270508,12.100000381469727,12.65999984741211,12.039999961853027,12.479999542236328,13356700
2022-09-28,8.546693801879883,12.210000038146973,12.319999694824219,11.960000038146973,12.109999656677246,8176300
2022-09-29,8.427698135375977,12.039999961853027,12.210000038146973,11.800000190734863,12.050000190734863,10860500
2022-09-30,8.903680801391602,12.720000267028809,12.800000190734863,11.90999984741211,12.050000190734863,10739500
2022-10-03,9.27466869354248,13.25,13.300000190734863,12.869999885559082,13.010000228881836,9120900
2022-10-04,9.72965145111084,13.899999618530273,13.930000305175781,13.430000305175781,13.430000305175781,14628700
2022-10-05,10.016641616821289,14.3100004196167,14.399999618530273,13.829999923706055,13.84000015258789,17225000
2022-10-06,10.023641586303711,14.319999694824219,14.5,14.09000015258789,14.359999656677246,6125200
2022-10-07,10.009642601013184,14.300000190734863,14.680000305175781,14.15999984741211,14.260000228881836,10475700
2022-10-10,9.771650314331055,13.960000038146973,14.539999961853027,13.890000343322754,14.380000114440918,8002700
2022-10-11,9.64565372467041,13.779999732971191,13.899999618530273,13.40999984741211,13.84000015258789,8781500
2022-10-13,9.575657844543457,13.680000305175781,13.899999618530273,13.329999923706055,13.600000381469727,7970400
2022-10-14,9.008678436279297,12.869999885559082,13.720000267028809,12.829999923706055,13.710000038146973,13129100
2022-10-17,8.9456787109375,12.779999732971191,13.039999961853027,12.640000343322754,12.920000076293945,9619700
2022-10-18,9.211668968200684,13.15999984741211,13.359999656677246,12.829999923706055,13.15999984741211,9008300
2022-10-19,9.008678436279297,12.869999885559082,13.140000343322754,12.739999771118164,13.119999885559082,7449900
2022-10-20,9.365665435791016,13.380000114440918,13.779999732971191,12.789999961853027,12.899999618530273,17652400
2022-10-21,9.93264389038086,14.1899995803833,14.1899995803833,13.09000015258789,13.300000190734863,17374800
2022-10-24,9.127674102783203,13.039999961853027,13.949999809265137,12.920000076293945,13.859999656677246,17724300
2022-10-25,9.043676376342773,12.920000076293945,13.460000038146973,12.899999618530273,13.029999732971191,16734700
2022-10-26,9.19067096710205,13.130000114440918,13.449999809265137,12.579999923706055,12.920000076293945,16477900
2022-10-27,9.14167308807373,13.0600004196167,13.210000038146973,12.819999694824219,12.970000267028809,12649500
2022-10-28,8.616692543029785,12.3100004196167,12.8100004196167,11.819999694824219,12.789999961853027,28394300
2022-10-31,8.59569263458252,12.279999732971191,12.680000305175781,11.920000076293945,12.039999961853027,13632900
2022-11-01,8.994677543640137,12.850000381469727,13.029999732971191,12.199999809265137,12.600000381469727,19139700
2022-11-03,8.9456787109375,12.779999732971191,12.979999542236328,12.229999542236328,12.520000457763672,10317700
2022-11-04,9.512660026550293,13.59000015258789,14.0,13.329999923706055,13.329999923706055,21883200
2022-11-07,9.19067096710205,13.130000114440918,13.779999732971191,13.050000190734863,13.609999656677246,12873200
2022-11-08,9.498659133911133,13.569999694824219,13.699999809265137,12.90999984741211,13.149999618530273,13977800
2022-11-09,9.365665435791016,13.380000114440918,13.9399995803833,13.270000457763672,13.579999923706055,12384400
2022-11-10,9.24666976928711,13.210000038146973,13.600000381469727,12.789999961853027,13.0,14041500
2022-11-11,10.800613403320312,15.430000305175781,15.470000267028809,13.539999961853027,13.619999885559082,29834800
2022-11-14,10.464624404907227,14.949999809265137,15.579999923706055,14.609999656677246,15.550000190734863,16916900
2022-11-16,10.34562873840332,14.779999732971191,15.15999984741211,14.470000267028809,15.069999694824219,11786900
2022-11-17,10.226633071899414,14.609999656677246,14.649999618530273,13.9399995803833,14.510000228881836,13629600
2022-11-18,9.86264705657959,14.09000015258789,14.949999809265137,14.029999732971191,14.899999618530273,12026600
2022-11-21,9.750650405883789,13.930000305175781,14.180000305175781,13.359999656677246,14.149999618530273,10084900
2022-11-22,10.09363842010498,14.420000076293945,14.800000190734863,14.260000228881836,14.300000190734863,18770300
2022-11-23,10.114636421203613,14.449999809265137,14.569999694824219,13.9399995803833,14.399999618530273,16265300
2022-11-24,10.408626556396484,14.869999885559082,14.949999809265137,14.550000190734863,14.630000114440918,7867100
2022-11-25,10.492624282836914,14.989999771118164,15.399999618530273,14.84000015258789,15.039999961853027,18190900
2022-11-28,10.0515775680542,13.229999542236328,13.75,13.050000190734863,13.720000267028809,16969800
2022-11-29,10.902504920959473,14.350000381469727,14.520000457763672,13.5,13.5,21989100
2022-11-30,11.03166389465332,14.520000457763672,14.729999542236328,14.239999771118164,14.40999984741211,16436700
2022-12-01,10.887310981750488,14.329999923706055,14.550000190734863,14.149999618530273,14.470000267028809,10587400
2022-12-02,11.024066925048828,14.510000228881836,14.75,14.069999694824219,14.5600004196167,10359300
2022-12-05,11.039261817932129,14.529999732971191,15.180000305175781,14.510000228881836,14.789999961853027,11530600
2022-12-06,11.168420791625977,14.699999809265137,14.869999885559082,14.4399995803833,14.59000015258789,9608700
2022-12-07,10.955687522888184,14.420000076293945,14.619999885559082,14.220000267028809,14.399999618530273,8836700
2022-12-08,10.697370529174805,14.079999923706055,14.760000228881836,14.020000457763672,14.579999923706055,9717100
2022-12-09,11.251994132995605,14.8100004196167,15.069999694824219,14.350000381469727,14.390000343322754,16026200
2022-12-12,10.910101890563965,14.359999656677246,14.819999694824219,13.949999809265137,14.649999618530273,11785100
2022-12-13,10.545419692993164,13.880000114440918,14.720000267028809,13.880000114440918,14.449999809265137,12322600
2022-12-14,10.910101890563965,14.359999656677246,14.40999984741211,13.720000267028809,13.859999656677246,15047300
2022-12-15,10.659381866455078,14.029999732971191,14.869999885559082,13.859999656677246,14.5,17614800
2022-12-16,10.568212509155273,13.90999984741211,14.229999542236328,13.850000381469727,14.09000015258789,14536200
2022-12-19,10.355481147766113,13.630000114440918,13.829999923706055,13.329999923706055,13.829999923706055,10675300
2022-12-20,10.758151054382324,14.15999984741211,14.520000457763672,13.609999656677246,13.619999885559082,11506000
2022-12-21,10.818931579589844,14.239999771118164,14.59000015258789,14.029999732971191,14.470000267028809,8761800
2022-12-22,10.811334609985352,14.229999542236328,14.34000015258789,13.880000114440918,14.3100004196167,5951300
2022-12-23,10.568212509155273,13.90999984741211,14.170000076293945,13.65999984741211,14.170000076293945,9012400
2022-12-26,10.74295711517334,14.140000343322754,14.289999961853027,13.949999809265137,14.100000381469727,10103600
2022-12-27,10.986078262329102,14.460000038146973,14.539999961853027,14.100000381469727,14.25,12826700
2022-12-28,11.236797332763672,14.789999961853027,15.050000190734863,14.5,14.630000114440918,10811700
2022-12-29,11.463600158691406,14.550000190734863,14.789999961853027,14.260000228881836,14.470000267028809,10362800
2023-01-02,11.597539901733398,14.720000267028809,14.979999542236328,14.25,14.550000190734863,10686500
2023-01-03,11.463600158691406,14.550000190734863,14.979999542236328,14.449999809265137,14.720000267028809,8660200
2023-01-04,11.55026626586914,14.65999984741211,14.680000305175781,14.25,14.5600004196167,6661500
2023-01-05,12.314507484436035,15.630000114440918,15.710000038146973,14.380000114440918,14.710000038146973,17032900
2023-01-06,12.818748474121094,16.270000457763672,16.729999542236328,15.609999656677246,15.680000305175781,15974400
2023-01-09,12.873899459838867,16.34000015258789,16.450000762939453,15.960000038146973,16.149999618530273,8188000
2023-01-10,13.488443374633789,17.1200008392334,17.260000228881836,16.229999542236328,16.309999465942383,11197100
2023-01-11,13.512079238891602,17.149999618530273,17.520000457763672,16.8700008392334,17.440000534057617,9931700
2023-01-12,13.338746070861816,16.93000030517578,17.329999923706055,16.65999984741211,17.209999084472656,12944900
2023-01-13,13.307230949401855,16.889999389648438,17.09000015258789,16.809999465942383,16.979999542236328,6851400
2023-01-16,13.086627006530762,16.610000610351562,16.68000030517578,16.139999389648438,16.6299991607666,6010000
2023-01-17,13.220565795898438,16.780000686645508,17.0,16.510000228881836,16.739999771118164,9336400
2023-01-18,13.638138771057129,17.309999465942383,17.43000030517578,16.950000762939453,17.059999465942383,10835100
2023-01-19,13.716925621032715,17.40999984741211,17.549999237060547,17.0,17.239999771118164,8058000
2023-01-20,14.047833442687988,17.829999923706055,18.149999618530273,17.530000686645508,17.549999237060547,10252300
2023-01-23,14.142380714416504,17.950000762939453,18.25,17.84000015258789,17.84000015258789,9068600
2023-01-24,13.890259742736816,17.6299991607666,18.18000030517578,17.420000076293945,18.0,11568200
2023-01-25,13.874502182006836,17.610000610351562,17.850000381469727,17.31999969482422,17.729999542236328,10185300
2023-01-26,14.489045143127441,18.389999389648438,18.479999542236328,17.729999542236328,17.75,9994600
2023-01-27,14.339348793029785,18.200000762939453,18.5,18.020000457763672,18.360000610351562,6002000
2023-01-30,14.418137550354004,18.299999237060547,18.549999237060547,17.940000534057617,18.350000381469727,6900800
2023-01-31,14.575713157653809,18.5,18.639999389648438,18.15999984741211,18.260000228881836,5910900
2023-02-01,14.583590507507324,18.510000228881836,18.56999969482422,18.030000686645508,18.459999084472656,6596700
2023-02-02,13.787836074829102,17.5,18.559999465942383,17.3799991607666,18.350000381469727,8654900
2023-02-03,13.890259742736816,17.6299991607666,18.170000076293945,17.440000534057617,17.5,6322700
2023-02-06,13.606623649597168,17.270000457763672,17.700000762939453,17.020000457763672,17.700000762939453,7282800
2023-02-07,13.622383117675781,17.290000915527344,17.510000228881836,17.06999969482422,17.260000228881836,4288400
2023-02-08,13.638138771057129,17.309999465942383,17.489999771118164,17.06999969482422,17.40999984741211,3302500
2023-02-09,13.464807510375977,17.09000015258789,17.469999313354492,16.969999313354492,17.350000381469727,6047100
2023-02-10,13.441169738769531,17.059999465942383,17.31999969482422,16.860000610351562,17.020000457763672,4209700
2023-02-13,13.386018753051758,16.989999771118164,17.020000457763672,16.530000686645508,16.90999984741211,4470100
2023-02-14,13.42541217803955,17.040000915527344,17.59000015258789,16.969999313354492,17.200000762939453,8699400
2023-02-15,13.921774864196777,17.670000076293945,17.780000686645508,17.0,17.049999237060547,7038800
2023-02-16,14.150259017944336,17.959999084472656,18.200000762939453,17.670000076293945,17.760000228881836,7166000
2023-02-17,13.7090482711792,17.399999618530273,18.030000686645508,17.360000610351562,17.959999084472656,5972100
2023-02-22,13.669654846191406,17.350000381469727,17.690000534057617,17.09000015258789,17.299999237060547,4928600
2023-02-23,13.732685089111328,17.43000030517578,17.75,16.979999542236328,17.3799991607666,5571600
2023-02-24,13.015716552734375,16.520000457763672,17.389999389648438,16.440000534057617,17.260000228881836,8916900
2023-02-27,13.181170463562012,16.729999542236328,16.93000030517578,16.389999389648438,16.43000030517578,7336600
2023-02-28,13.133898735046387,16.670000076293945,16.989999771118164,16.600000381469727,16.709999084472656,9603600
2023-03-01,14.134500503540039,17.940000534057617,17.969999313354492,17.020000457763672,17.09000015258789,14004600
2023-03-02,14.000561714172363,17.770000457763672,18.059999465942383,17.649999618530273,17.940000534057617,6129500
2023-03-03,14.370863914489746,18.239999771118164,18.520000457763672,17.850000381469727,17.899999618530273,8307600
2023-03-06,13.819352149963379,17.540000915527344,17.950000762939453,17.25,17.889999389648438,9128300
2023-03-07,13.63025951385498,17.299999237060547,18.049999237060547,17.1200008392334,17.65999984741211,7819100
2023-03-08,14.173895835876465,17.989999771118164,18.040000915527344,17.209999084472656,17.420000076293945,10531700
2023-03-09,13.031475067138672,16.540000915527344,17.899999618530273,16.469999313354492,17.729999542236328,22156200
2023-03-10,12.542991638183594,15.920000076293945,16.81999969482422,15.829999923706055,16.479999542236328,11084200
2023-03-13,12.65329360961914,16.059999465942383,16.399999618530273,15.600000381469727,15.699999809265137,9621900
2023-03-14,12.385416030883789,15.720000267028809,16.290000915527344,15.600000381469727,16.170000076293945,8490200
2023-03-15,11.636934280395508,14.770000457763672,15.329999923706055,14.529999732971191,15.289999961853027,18463100
2023-03-16,11.644811630249023,14.779999732971191,15.1899995803833,14.75,14.789999961853027,15548800
2023-03-17,11.502995491027832,14.600000381469727,15.020000457763672,14.210000038146973,14.779999732971191,19808300
2023-03-20,11.290268898010254,14.329999923706055,14.630000114440918,14.180000305175781,14.489999771118164,8223700
2023-03-21,11.148449897766113,14.149999618530273,14.359999656677246,14.0600004196167,14.260000228881836,9935400
2023-03-22,11.219358444213867,14.239999771118164,14.520000457763672,13.90999984741211,14.119999885559082,5712100
2023-03-23,10.864814758300781,13.789999961853027,14.390000343322754,13.579999923706055,14.220000267028809,7056200
2023-03-24,10.8490571975708,13.770000457763672,13.829999923706055,13.520000457763672,13.760000228881836,10469900
2023-03-27,10.912087440490723,13.850000381469727,14.149999618530273,13.770000457763672,14.09000015258789,4810500
2023-03-28,11.361175537109375,14.420000076293945,14.529999732971191,13.850000381469727,13.90999984741211,8836200
2023-03-29,11.597539901733398,14.720000267028809,14.899999618530273,14.520000457763672,14.579999923706055,8021600
2023-03-30,12.2278413772583,15.520000457763672,15.649999618530273,14.960000038146973,15.09000015258789,8872500
2023-03-31,12.164810180664062,15.4399995803833,15.930000305175781,15.270000457763672,15.699999809265137,7119400
2023-04-03,11.896933555603027,15.100000381469727,15.399999618530273,14.720000267028809,15.319999694824219,7349400
2023-04-04,11.715721130371094,14.869999885559082,15.260000228881836,14.760000228881836,15.069999694824219,6658000
2023-04-05,11.581783294677734,14.699999809265137,14.899999618530273,14.350000381469727,14.850000381469727,8890900
2023-04-06,11.479358673095703,14.569999694824219,14.989999771118164,14.510000228881836,14.609999656677246,4230000
2023-04-10,11.912691116333008,15.119999885559082,15.289999961853027,14.630000114440918,14.680000305175781,5321000
2023-04-11,12.739960670471191,16.170000076293945,16.34000015258789,15.5,15.529999732971191,13045800
2023-04-12,12.629658699035645,16.030000686645508,16.40999984741211,16.0,16.139999389648438,7709200
2023-04-13,12.322386741638184,15.640000343322754,16.030000686645508,15.489999771118164,15.989999771118164,10860400
2023-04-14,11.416327476501465,14.489999771118164,15.069999694824219,14.380000114440918,15.069999694824219,17879200
2023-04-17,11.566023826599121,14.680000305175781,14.869999885559082,14.510000228881836,14.569999694824219,8757900
2023-04-18,11.786630630493164,14.960000038146973,15.09000015258789,14.800000190734863,15.0,5729600
2023-04-19,11.502995491027832,14.600000381469727,14.699999809265137,14.40999984741211,14.649999618530273,4984900
2023-04-20,11.447843551635742,14.529999732971191,14.720000267028809,14.390000343322754,14.40999984741211,7117700
2023-04-24,11.069663047790527,14.050000190734863,14.239999771118164,13.949999809265137,14.0,6712300
2023-04-25,10.786026000976562,13.6899995803833,14.0,13.4399995803833,13.899999618530273,8261000
2023-04-26,10.683603286743164,13.5600004196167,13.890000343322754,13.550000190734863,13.869999885559082,4646000
2023-04-27,10.90420913696289,13.84000015258789,14.029999732971191,13.460000038146973,13.479999542236328,5184300
2023-04-28,11.195722579956055,14.210000038146973,14.210000038146973,13.529999732971191,13.8100004196167,9706200
2023-05-02,10.960576057434082,12.720000267028809,13.239999771118164,12.670000076293945,13.100000381469727,7446800
2023-05-03,11.081212997436523,12.859999656677246,12.9399995803833,12.449999809265137,12.869999885559082,8041300
2023-05-04,10.391867637634277,12.0600004196167,12.859999656677246,12.0600004196167,12.800000190734863,14229200
2023-05-05,11.124296188354492,12.90999984741211,12.960000038146973,12.140000343322754,12.1899995803833,12167000
2023-05-08,11.408649444580078,13.239999771118164,13.430000305175781,13.069999694824219,13.390000343322754,7006100
2023-05-09,11.425884246826172,13.260000228881836,13.489999771118164,12.970000267028809,13.130000114440918,5880000
2023-05-10,11.210464477539062,13.010000228881836,13.420000076293945,12.880000114440918,13.300000190734863,9701600
2023-05-11,11.038127899169922,12.8100004196167,12.869999885559082,12.619999885559082,12.8100004196167,7215700
2023-05-12,10.995044708251953,12.760000228881836,12.850000381469727,12.65999984741211,12.760000228881836,6180800
2023-05-15,11.201848030090332,13.0,13.119999885559082,12.829999923706055,13.0,6105200
2023-05-16,10.93472671508789,12.6899995803833,13.170000076293945,12.670000076293945,12.960000038146973,5553500
2023-05-17,11.408649444580078,13.239999771118164,13.390000343322754,12.920000076293945,13.0,9780800
2023-05-18,11.477585792541504,13.319999694824219,13.399999618530273,13.119999885559082,13.210000038146973,7121300
2023-05-19,11.54651927947998,13.399999618530273,13.649999618530273,13.279999732971191,13.430000305175781,9692500
2023-05-22,11.54651927947998,13.399999618530273,13.529999732971191,13.220000267028809,13.350000381469727,6359300
2023-05-23,11.296631813049316,13.109999656677246,13.380000114440918,13.109999656677246,13.229999542236328,5883800
2023-05-24,10.865791320800781,12.609999656677246,12.9399995803833,12.59000015258789,12.84000015258789,8456600
2023-05-25,10.615903854370117,12.319999694824219,12.640000343322754,12.300000190734863,12.600000381469727,11088900
2023-05-26,10.76239013671875,12.489999771118164,12.789999961853027,12.420000076293945,12.710000038146973,8636400
2023-05-29,10.745157241821289,12.470000267028809,12.770000457763672,12.470000267028809,12.670000076293945,5186400
2023-05-30,10.340167999267578,12.0,12.579999923706055,12.0,12.569999694824219,11157800
2023-05-31,10.4694185256958,12.149999618530273,12.210000038146973,11.819999694824219,11.9399995803833,9663000
2023-06-01,10.529736518859863,12.220000267028809,12.420000076293945,12.0600004196167,12.369999885559082,9850500
2023-06-02,11.046744346618652,12.819999694824219,12.9399995803833,12.600000381469727,12.630000114440918,17029400
2023-06-05,11.150146484375,12.9399995803833,13.109999656677246,12.699999809265137,12.9399995803833,8388300
2023-06-06,11.382800102233887,13.210000038146973,13.279999732971191,12.920000076293945,12.9399995803833,10286400
2023-06-07,11.124296188354492,12.90999984741211,13.180000305175781,12.729999542236328,13.180000305175781,15459400
2023-06-09,11.21908187866211,13.020000457763672,13.270000457763672,12.989999771118164,13.170000076293945,9199300
2023-06-12,10.917492866516113,12.670000076293945,12.739999771118164,12.40999984741211,12.720000267028809,11332500
2023-06-13,10.857175827026367,12.600000381469727,12.979999542236328,12.529999732971191,12.850000381469727,8358400
2023-06-14,11.262165069580078,13.069999694824219,13.15999984741211,12.75,12.84000015258789,12372900
2023-06-15,11.391417503356934,13.220000267028809,13.279999732971191,12.960000038146973,13.069999694824219,6726100
2023-06-16,11.563754081726074,13.420000076293945,13.489999771118164,13.010000228881836,13.210000038146973,13179200
2023-06-19,11.563754081726074,13.420000076293945,13.5,13.260000228881836,13.300000190734863,4070400
2023-06-20,11.305249214172363,13.119999885559082,13.390000343322754,12.949999809265137,13.390000343322754,9012500
2023-06-21,11.253548622131348,13.0600004196167,13.15999984741211,12.899999618530273,12.989999771118164,8418100
2023-06-22,11.081212997436523,12.859999656677246,13.210000038146973,12.789999961853027,12.989999771118164,5330600
2023-06-23,11.0553617477417,12.829999923706055,12.880000114440918,12.6899995803833,12.8100004196167,4580800
2023-06-26,11.184613227844238,12.979999542236328,13.109999656677246,12.739999771118164,12.819999694824219,5823000
2023-06-27,11.279398918151855,13.09000015258789,13.300000190734863,13.0,13.15999984741211,6597100
2023-06-28,11.012276649475098,12.779999732971191,13.270000457763672,12.770000457763672,13.100000381469727,7821200
2023-06-29,11.141530990600586,12.930000305175781,13.0,12.720000267028809,12.869999885559082,4595400
2023-06-30,10.45218563079834,12.130000114440918,12.720000267028809,12.050000190734863,12.6899995803833,29411900
2023-07-03,10.607288360595703,12.3100004196167,12.550000190734863,12.1899995803833,12.199999809265137,7384100
2023-07-04,10.615903854370117,12.319999694824219,12.359999656677246,12.09000015258789,12.289999961853027,6272100
2023-07-05,10.633138656616211,12.34000015258789,12.350000381469727,12.170000076293945,12.220000267028809,6338800
2023-07-06,10.478034973144531,12.15999984741211,12.479999542236328,12.149999618530273,12.260000228881836,8791400
2023-07-07,10.960576057434082,12.720000267028809,12.829999923706055,12.100000381469727,12.1899995803833,11194100
2023-07-10,10.598670959472656,12.300000190734863,12.489999771118164,12.180000305175781,12.369999885559082,14794200
2023-07-11,10.67622184753418,12.390000343322754,12.449999809265137,12.25,12.319999694824219,6887000
2023-07-12,10.822709083557129,12.5600004196167,12.75,12.520000457763672,12.600000381469727,6803000
2023-07-13,11.175997734069824,12.970000267028809,13.050000190734863,12.739999771118164,12.779999732971191,6941000
2023-07-14,11.107063293457031,12.890000343322754,13.149999618530273,12.800000190734863,13.100000381469727,4716500
2023-07-17,11.098445892333984,12.880000114440918,12.949999809265137,12.59000015258789,12.8100004196167,4958900
2023-07-18,11.046744346618652,12.819999694824219,13.0,12.680000305175781,12.869999885559082,5192200
2023-07-19,10.943343162536621,12.699999809265137,12.819999694824219,12.479999542236328,12.760000228881836,7497100
2023-07-20,10.926109313964844,12.680000305175781,12.979999542236328,12.65999984741211,12.819999694824219,6541200
2023-07-21,10.960576057434082,12.720000267028809,12.84000015258789,12.479999542236328,12.649999618530273,9676100
2023-07-24,11.244932174682617,13.050000190734863,13.09000015258789,12.600000381469727,12.670000076293945,10015800
2023-07-25,11.908425331115723,13.819999694824219,13.979999542236328,13.350000381469727,13.369999885559082,17443100
2023-07-26,12.0204439163208,13.949999809265137,14.09000015258789,13.729999542236328,13.800000190734863,15973100
2023-07-27,11.856724739074707,13.760000228881836,13.949999809265137,13.619999885559082,13.789999961853027,6051600
2023-07-28,11.598220825195312,13.460000038146973,13.699999809265137,13.369999885559082,13.699999809265137,7448600
2023-07-31,11.925660133361816,13.84000015258789,13.890000343322754,13.479999542236328,13.59000015258789,5673100
2023-08-01,11.805023193359375,13.699999809265137,13.869999885559082,13.5600004196167,13.6899995803833,6328900
2023-08-02,11.460351943969727,13.300000190734863,13.609999656677246,13.149999618530273,13.600000381469727,10476700
2023-08-03,11.296631813049316,13.109999656677246,13.510000228881836,12.869999885559082,13.350000381469727,19082100
2023-08-04,11.132913589477539,12.920000076293945,13.220000267028809,12.869999885559082,13.140000343322754,6686200
2023-08-07,11.089829444885254,12.869999885559082,12.930000305175781,12.729999542236328,12.90999984741211,6029400
2023-08-08,10.97780990600586,12.739999771118164,12.819999694824219,12.470000267028809,12.680000305175781,9293600
2023-08-09,10.848559379577637,12.59000015258789,12.779999732971191,12.510000228881836,12.739999771118164,7797300
2023-08-10,10.779623985290527,12.510000228881836,12.75,12.449999809265137,12.710000038146973,5818800
2023-08-11,10.736540794372559,12.460000038146973,12.619999885559082,12.289999961853027,12.550000190734863,7524500
2023-08-14,10.59005355834961,12.289999961853027,12.470000267028809,12.229999542236328,12.399999618530273,6662400
2023-08-15,10.521120071411133,12.210000038146973,12.380000114440918,12.149999618530273,12.34000015258789,4325700
2023-08-16,10.4694185256958,12.149999618530273,12.319999694824219,12.109999656677246,12.210000038146973,5710100
2023-08-17,10.374634742736816,12.039999961853027,12.430000305175781,12.020000457763672,12.390000343322754,8110800
2023-08-18,10.529736518859863,12.220000267028809,12.34000015258789,12.0,12.039999961853027,14393700
2023-08-21,10.478034973144531,12.15999984741211,12.260000228881836,12.079999923706055,12.1899995803833,4380100
2023-08-22,10.54697036743164,12.239999771118164,12.430000305175781,12.1899995803833,12.3100004196167,5297200
2023-08-23,10.564203262329102,12.260000228881836,12.380000114440918,12.079999923706055,12.3100004196167,8908900
2023-08-24,10.322933197021484,11.979999542236328,12.210000038146973,11.890000343322754,12.170000076293945,7640800
2023-08-25,10.253998756408691,11.899999618530273,12.039999961853027,11.829999923706055,11.989999771118164,5205200
2023-08-28,10.29708194732666,11.949999809265137,12.130000114440918,11.850000381469727,11.9399995803833,9472500
2023-08-29,10.486653327941895,12.170000076293945,12.199999809265137,11.949999809265137,12.0,6976000
2023-08-30,10.54697036743164,12.239999771118164,12.399999618530273,12.1899995803833,12.25,6346100
2023-08-31,10.434951782226562,12.109999656677246,12.34000015258789,12.109999656677246,12.289999961853027,12788300
2023-09-01,10.607288360595703,12.3100004196167,12.489999771118164,12.239999771118164,12.300000190734863,7782000
2023-09-04,10.857175827026367,12.600000381469727,12.819999694824219,12.289999961853027,12.289999961853027,7777800
2023-09-05,10.67622184753418,12.390000343322754,12.5600004196167,12.380000114440918,12.539999961853027,5361000
2023-09-06,10.486653327941895,12.170000076293945,12.510000228881836,12.069999694824219,12.470000267028809,7947400
2023-09-08,10.2798490524292,11.930000305175781,12.010000228881836,11.789999961853027,12.0,6541900
2023-09-11,10.45218563079834,12.130000114440918,12.210000038146973,11.9399995803833,12.149999618530273,8058100
2023-09-12,10.4694185256958,12.149999618530273,12.25,12.100000381469727,12.130000114440918,6668800
2023-09-13,10.383251190185547,12.050000190734863,12.210000038146973,11.989999771118164,12.119999885559082,4868300
2023-09-14,10.76239013671875,12.489999771118164,12.609999656677246,12.3100004196167,12.369999885559082,12258600
2023-09-15,10.702073097229004,12.420000076293945,12.770000457763672,12.279999732971191,12.600000381469727,14896900
2023-09-18,10.66760540008545,12.380000114440918,12.510000228881836,12.279999732971191,12.380000114440918,7563200
2023-09-19,10.693455696105957,12.40999984741211,12.449999809265137,12.210000038146973,12.359999656677246,7899200
2023-09-20,10.693455696105957,12.40999984741211,12.59000015258789,12.390000343322754,12.4399995803833,10331900
2023-09-21,10.538352966308594,12.229999542236328,12.279999732971191,12.0600004196167,12.239999771118164,10976700
2023-09-22,10.426336288452148,12.100000381469727,12.460000038146973,12.100000381469727,12.380000114440918,5434200
2023-09-25,10.383251190185547,12.050000190734863,12.050000190734863,11.850000381469727,12.0,6629500
2023-09-26,10.340167999267578,12.0,12.130000114440918,11.880000114440918,11.90999984741211,6458200
2023-09-27,10.2798490524292,11.930000305175781,12.180000305175781,11.859999656677246,12.069999694824219,5400100
2023-09-28,10.36601734161377,12.029999732971191,12.100000381469727,11.9399995803833,11.979999542236328,4305800
2023-09-29,10.460803031921387,12.140000343322754,12.239999771118164,12.100000381469727,12.149999618530273,3944300
2023-10-02,10.357400894165039,12.020000457763672,12.220000267028809,11.960000038146973,12.130000114440918,4021000
2023-10-03,10.167830467224121,11.800000190734863,12.09000015258789,11.739999771118164,11.9399995803833,5700400
2023-10-04,9.961028099060059,11.5600004196167,11.829999923706055,11.520000457763672,11.800000190734863,6407200
2023-10-05,9.874858856201172,11.460000038146973,11.59000015258789,11.390000343322754,11.550000190734863,5082300
2023-10-06,9.917943954467773,11.510000228881836,11.569999694824219,11.300000190734863,11.390000343322754,4518800
2023-10-09,9.82315731048584,11.399999618530273,11.420000076293945,11.220000267028809,11.350000381469727,5953800
2023-10-10,10.012728691101074,11.619999885559082,11.739999771118164,11.479999542236328,11.510000228881836,6165200
2023-10-11,10.14198112487793,11.770000457763672,11.8100004196167,11.619999885559082,11.670000076293945,7083800
2023-10-13,10.029962539672852,11.640000343322754,11.779999732971191,11.550000190734863,11.670000076293945,4963000
2023-10-16,10.047195434570312,11.65999984741211,11.84000015258789,11.65999984741211,11.779999732971191,4582200
2023-10-17,10.038578987121582,11.649999618530273,11.680000305175781,11.350000381469727,11.640000343322754,7985100
2023-10-18,9.736990928649902,11.300000190734863,11.5600004196167,11.260000228881836,11.470000267028809,7110800
2023-10-19,9.693906784057617,11.25,11.430000305175781,11.130000114440918,11.15999984741211,7302500
2023-10-20,9.375083923339844,10.880000114440918,11.119999885559082,10.819999694824219,11.050000190734863,10217200
2023-10-23,9.435402870178223,10.949999809265137,11.119999885559082,10.75,10.770000457763672,6044400
2023-10-24,9.590505599975586,11.130000114440918,11.289999961853027,11.100000381469727,11.199999809265137,6286800
2023-10-25,9.51295280456543,11.039999961853027,11.270000457763672,10.930000305175781,11.210000038146973,6183100
2023-10-26,9.728373527526855,11.289999961853027,11.359999656677246,10.989999771118164,11.039999961853027,6184300
2023-10-27,9.797307968139648,11.369999885559082,11.59000015258789,11.270000457763672,11.300000190734863,12237800
2023-10-30,9.90932559967041,11.5,11.670000076293945,11.430000305175781,11.489999771118164,10559100
2023-10-31,10.133363723754883,11.760000228881836,11.84000015258789,11.449999809265137,11.5,12138800
2023-11-01,10.314316749572754,11.970000267028809,11.989999771118164,11.779999732971191,11.859999656677246,10222000
2023-11-03,10.917492866516113,12.670000076293945,12.760000228881836,12.09000015258789,12.119999885559082,17701900
2023-11-06,10.926109313964844,12.680000305175781,12.729999542236328,12.520000457763672,12.670000076293945,5367000
2023-11-07,10.943343162536621,12.699999809265137,12.75,12.5600004196167,12.5600004196167,4840200
2023-11-08,10.943343162536621,12.699999809265137,12.890000343322754,12.65999984741211,12.699999809265137,4631700
2023-11-09,10.788241386413574,12.520000457763672,12.84000015258789,12.420000076293945,12.8100004196167,5710800
2023-11-10,10.917492866516113,12.670000076293945,12.729999542236328,12.539999961853027,12.550000190734863,3338700
2023-11-13,10.891642570495605,12.640000343322754,12.779999732971191,12.5,12.739999771118164,7029400
2023-11-14,11.839491844177246,13.739999771118164,13.760000228881836,12.75,12.75,22570900
2023-11-16,12.658087730407715,14.6899995803833,14.84000015258789,13.739999771118164,13.739999771118164,23860700
2023-11-17,12.804573059082031,14.859999656677246,14.9399995803833,14.65999984741211,14.699999809265137,12628800
2023-11-20,14.019543647766113,16.270000457763672,16.420000076293945,15.300000190734863,15.300000190734863,26674300
2023-11-21,14.139431953430176,15.65999984741211,15.710000038146973,14.9399995803833,15.220000267028809,17212900
2023-11-22,14.4644775390625,16.020000457763672,16.059999465942383,15.630000114440918,15.890000343322754,12988000
2023-11-23,14.247780799865723,15.779999732971191,16.040000915527344,15.600000381469727,15.899999618530273,9128700
2023-11-24,14.103316307067871,15.619999885559082,15.739999771118164,15.399999618530273,15.600000381469727,5244600
2023-11-27,14.446418762207031,16.0,16.09000015258789,15.520000457763672,15.529999732971191,8098400
2023-11-28,14.599912643432617,16.170000076293945,16.270000457763672,15.770000457763672,15.800000190734863,7483600
2023-11-29,14.708261489868164,16.290000915527344,16.540000915527344,16.110000610351562,16.25,7735700
2023-11-30,14.825637817382812,16.420000076293945,16.739999771118164,16.299999237060547,16.43000030517578,9014200
2023-12-01,15.493783950805664,17.15999984741211,17.34000015258789,16.5,16.559999465942383,11355600
2023-12-04,15.358349800109863,17.010000228881836,17.149999618530273,16.899999618530273,17.06999969482422,6118500
2023-12-05,15.51184368133545,17.18000030517578,17.290000915527344,16.920000076293945,17.139999389648438,5092900
2023-12-06,15.466696739196777,17.1299991607666,17.649999618530273,17.06999969482422,17.399999618530273,8883300
2023-12-07,15.322233200073242,16.969999313354492,17.399999618530273,16.75,17.34000015258789,9163800
2023-12-08,15.529901504516602,17.200000762939453,17.299999237060547,16.81999969482422,17.079999923706055,4109400
2023-12-11,15.475726127624512,17.139999389648438,17.190000534057617,16.850000381469727,17.059999465942383,4363400
2023-12-12,15.48475456237793,17.149999618530273,17.34000015258789,16.979999542236328,17.219999313354492,2861500
2023-12-13,15.818829536437988,17.520000457763672,17.670000076293945,16.93000030517578,17.100000381469727,6435000
2023-12-14,15.900090217590332,17.610000610351562,17.770000457763672,17.239999771118164,17.6200008392334,6001300
2023-12-15,16.27931022644043,18.030000686645508,18.139999389648438,17.549999237060547,17.559999465942383,12206400
2023-12-18,16.73076057434082,18.530000686645508,18.690000534057617,18.020000457763672,18.110000610351562,8989400
2023-12-19,16.884252548217773,18.700000762939453,18.829999923706055,18.43000030517578,18.56999969482422,6513800
2023-12-20,16.59532356262207,18.3799991607666,18.860000610351562,18.280000686645508,18.729999542236328,5225600
2023-12-21,17.200267791748047,19.049999237060547,19.079999923706055,18.559999465942383,18.6200008392334,6737700
2023-12-22,17.25444221496582,19.110000610351562,19.31999969482422,18.860000610351562,19.1299991607666,6542100
2023-12-26,17.480167388916016,19.360000610351562,19.43000030517578,19.09000015258789,19.209999084472656,3484700
2023-12-27,17.615602493286133,19.510000228881836,19.68000030517578,19.290000915527344,19.34000015258789,3860700
2023-12-28,17.75103759765625,19.65999984741211,19.65999984741211,19.399999618530273,19.399999618530273,3156500
2024-01-02,17.525312423706055,19.40999984741211,19.600000381469727,19.260000228881836,19.559999465942383,4502100
2024-01-03,17.67880630493164,19.579999923706055,19.799999237060547,19.190000534057617,19.309999465942383,5513700
2024-01-04,17.416963577270508,19.290000915527344,19.530000686645508,19.09000015258789,19.489999771118164,5293800
2024-01-05,17.37181854248047,19.239999771118164,19.43000030517578,18.719999313354492,19.100000381469727,5558900
2024-01-08,17.380847930908203,19.25,19.360000610351562,18.969999313354492,19.110000610351562,3769100
2024-01-09,16.604351043701172,18.389999389648438,19.18000030517578,18.350000381469727,19.09000015258789,6492000
2024-01-10,16.17095947265625,17.90999984741211,18.309999465942383,17.59000015258789,18.299999237060547,8700900
2024-01-11,16.134843826293945,17.8700008392334,18.010000228881836,17.610000610351562,17.93000030517578,7038900
2024-01-12,16.16193199157715,17.899999618530273,18.059999465942383,17.56999969482422,17.809999465942383,6256800
2024-01-15,16.107757568359375,17.84000015258789,17.8700008392334,17.459999084472656,17.649999618530273,2763100
2024-01-16,15.520872116088867,17.190000534057617,17.760000228881836,17.059999465942383,17.760000228881836,8547200
2024-01-17,15.06942081451416,16.690000534057617,17.200000762939453,16.639999389648438,17.110000610351562,9775200
2024-01-18,15.41252326965332,17.06999969482422,17.34000015258789,16.760000228881836,16.84000015258789,10584000
2024-01-19,15.64727783203125,17.329999923706055,17.3799991607666,16.969999313354492,17.229999542236328,7795200
2024-01-22,15.466696739196777,17.1299991607666,17.350000381469727,17.030000686645508,17.229999542236328,4894400
2024-01-23,15.728538513183594,17.420000076293945,17.600000381469727,17.229999542236328,17.270000457763672,6431000
2024-01-24,16.089698791503906,17.81999969482422,18.18000030517578,17.670000076293945,17.670000076293945,9919900
2024-01-25,16.179988861083984,17.920000076293945,18.06999969482422,17.68000030517578,17.920000076293945,5167100
2024-01-26,16.396686553955078,18.15999984741211,18.489999771118164,18.0,18.010000228881836,6010700
2024-01-29,16.324453353881836,18.079999923706055,18.190000534057617,17.739999771118164,18.170000076293945,3443300
2024-01-30,16.17095947265625,17.90999984741211,18.0,17.709999084472656,17.989999771118164,3602500
2024-01-31,16.008438110351562,17.729999542236328,18.040000915527344,17.6299991607666,17.739999771118164,5151200
2024-02-01,15.863974571228027,17.56999969482422,17.829999923706055,17.399999618530273,17.799999237060547,5302100
2024-02-02,15.457669258117676,17.1200008392334,17.700000762939453,17.030000686645508,17.479999542236328,5750000
2024-02-05,15.683395385742188,17.3700008392334,17.5,16.950000762939453,17.0,6373400
2024-02-06,16.243192672729492,17.989999771118164,18.239999771118164,17.43000030517578,17.450000762939453,7563800
2024-02-07,16.550180435180664,18.329999923706055,18.600000381469727,17.899999618530273,18.0,9048400
2024-02-08,16.306394577026367,18.059999465942383,18.520000457763672,18.020000457763672,18.510000228881836,6392600
2024-02-09,16.071640014648438,17.799999237060547,18.489999771118164,17.43000030517578,18.010000228881836,7244700
2024-02-14,16.134843826293945,17.8700008392334,17.899999618530273,17.56999969482422,17.700000762939453,5396400
2024-02-15,16.64046859741211,18.43000030517578,18.719999313354492,18.0,18.010000228881836,10842800
2024-02-16,17.191240310668945,19.040000915527344,19.280000686645508,18.6299991607666,18.6299991607666,7884800
2024-02-19,17.0828914642334,18.920000076293945,19.010000228881836,18.559999465942383,18.850000381469727,4581600
2024-02-20,16.252220153808594,18.0,18.670000076293945,17.90999984741211,18.510000228881836,14622400
2024-02-21,15.773682594299316,17.469999313354492,17.81999969482422,17.229999542236328,17.770000457763672,10474200
2024-02-22,15.755626678466797,17.450000762939453,17.860000610351562,17.420000076293945,17.649999618530273,7214200
2024-02-23,16.008438110351562,17.729999542236328,17.799999237060547,17.479999542236328,17.5,6210000
2024-02-26,15.502814292907715,17.170000076293945,17.510000228881836,17.010000228881836,17.3700008392334,9731600
2024-02-27,15.64727783203125,17.329999923706055,17.6299991607666,17.239999771118164,17.489999771118164,4898400
2024-02-28,15.403493881225586,17.059999465942383,17.43000030517578,17.040000915527344,17.270000457763672,6317700
2024-02-29,15.186797142028809,16.81999969482422,17.15999984741211,16.81999969482422,17.0,5417200
2024-03-01,15.41252326965332,17.06999969482422,17.06999969482422,16.780000686645508,16.84000015258789,6173900
2024-03-04,15.060392379760742,16.68000030517578,17.139999389648438,16.649999618530273,17.059999465942383,4615700
2024-03-05,14.970101356506348,16.579999923706055,16.700000762939453,16.350000381469727,16.649999618530273,4493100
2024-03-06,15.033304214477539,16.649999618530273,16.950000762939453,16.469999313354492,16.6299991607666,7231700
2024-03-07,14.310983657836914,15.850000381469727,17.239999771118164,15.800000190734863,17.049999237060547,17450600
2024-03-08,14.726318359375,16.309999465942383,16.350000381469727,15.65999984741211,15.65999984741211,9102100
2024-03-11,14.4644775390625,16.020000457763672,16.190000534057617,15.829999923706055,15.90999984741211,7550200
2024-03-12,14.626999855041504,16.200000762939453,16.420000076293945,15.989999771118164,16.06999969482422,5292300
2024-03-13,14.690202713012695,16.270000457763672,16.420000076293945,16.0,16.09000015258789,10162700
2024-03-14,14.139431953430176,15.65999984741211,16.329999923706055,15.569999694824219,16.280000686645508,5947200
2024-03-15,13.77827262878418,15.260000228881836,15.5600004196167,15.100000381469727,15.5600004196167,11908600
2024-03-18,14.184577941894531,15.710000038146973,15.800000190734863,15.3100004196167,15.359999656677246,13207900
2024-03-19,14.437390327453613,15.989999771118164,16.139999389648438,15.84000015258789,15.899999618530273,7652500
2024-03-20,14.726318359375,16.309999465942383,16.360000610351562,15.880000114440918,15.989999771118164,6889400
2024-03-21,14.708261489868164,16.290000915527344,16.489999771118164,16.110000610351562,16.399999618530273,6375700
2024-03-22,14.329041481018066,15.869999885559082,16.200000762939453,15.819999694824219,16.139999389648438,3397700
2024-03-25,14.175548553466797,15.699999809265137,16.040000915527344,15.649999618530273,15.850000381469727,4521200
2024-03-26,14.031085014343262,15.539999961853027,15.710000038146973,15.399999618530273,15.600000381469727,3753300
2024-03-27,14.12137508392334,15.640000343322754,15.699999809265137,15.380000114440918,15.489999771118164,4703600
2024-03-28,14.175548553466797,15.699999809265137,15.729999542236328,15.399999618530273,15.5600004196167,6379900
2024-04-01,14.19360637664795,15.720000267028809,16.079999923706055,15.619999885559082,15.84000015258789,7351300
2024-04-02,13.841475486755371,15.329999923706055,15.59000015258789,15.170000076293945,15.59000015258789,8907600
2024-04-03,13.850504875183105,15.34000015258789,15.390000343322754,15.170000076293945,15.180000305175781,5326500
2024-04-04,13.687981605529785,15.15999984741211,15.5,14.979999542236328,15.199999809265137,9784000
2024-04-05,13.498373031616211,14.949999809265137,15.210000038146973,14.90999984741211,15.109999656677246,5534700
2024-04-08,13.850504875183105,15.34000015258789,15.600000381469727,15.170000076293945,15.170000076293945,8628200
2024-04-09,13.633808135986328,15.100000381469727,15.569999694824219,15.0600004196167,15.569999694824219,11026800
2024-04-10,12.956632614135742,14.350000381469727,15.100000381469727,14.34000015258789,15.039999961853027,12902700
2024-04-11,12.929544448852539,14.319999694824219,14.489999771118164,14.270000457763672,14.420000076293945,14236200
2024-04-12,12.956632614135742,14.350000381469727,14.850000381469727,14.34000015258789,14.5,7183400
2024-04-15,12.992748260498047,14.390000343322754,14.6899995803833,14.3100004196167,14.470000267028809,6885000
2024-04-16,12.794109344482422,14.170000076293945,14.239999771118164,13.880000114440918,14.119999885559082,8009100
2024-04-17,12.929544448852539,14.319999694824219,14.670000076293945,14.279999732971191,14.609999656677246,8566500
2024-04-18,12.830225944519043,14.210000038146973,14.619999885559082,14.100000381469727,14.420000076293945,6476500
2024-04-19,13.254590034484863,14.680000305175781,14.680000305175781,14.09000015258789,14.15999984741211,10532900
2024-04-22,13.344879150390625,14.779999732971191,14.920000076293945,14.319999694824219,14.569999694824219,7159500
2024-04-23,13.019835472106934,14.420000076293945,14.699999809265137,14.329999923706055,14.470000267028809,9592700
2024-04-24,12.902458190917969,14.289999961853027,14.739999771118164,14.220000267028809,14.579999923706055,7381400
2024-04-25,12.712848663330078,14.079999923706055,14.229999542236328,13.970000267028809,14.180000305175781,6614300
2024-04-26,12.7489652633667,14.119999885559082,14.329999923706055,14.079999923706055,14.210000038146973,5536000
2024-04-29,12.830225944519043,14.210000038146973,14.300000190734863,14.010000228881836,14.130000114440918,7069100
2024-04-30,12.568385124206543,13.920000076293945,14.149999618530273,13.8100004196167,14.0600004196167,4405200
2024-05-02,12.658675193786621,14.020000457763672,14.220000267028809,13.960000038146973,14.029999732971191,5074600
2024-05-03,12.866342544555664,14.25,14.390000343322754,14.140000343322754,14.199999809265137,5249600
2024-05-06,12.839255332946777,14.220000267028809,14.479999542236328,14.130000114440918,14.3100004196167,5783900
2024-05-07,12.667703628540039,14.029999732971191,14.350000381469727,13.989999771118164,14.229999542236328,5162600
2024-05-08,12.694790840148926,14.0600004196167,14.0600004196167,13.739999771118164,13.859999656677246,5851500
2024-05-09,12.532268524169922,13.880000114440918,13.960000038146973,13.75,13.850000381469727,7005100
2024-05-10,12.496152877807617,13.84000015258789,14.369999885559082,13.569999694824219,14.199999809265137,10653500
2024-05-13,12.767023086547852,14.140000343322754,14.399999618530273,13.90999984741211,13.920000076293945,10454600
2024-05-14,12.550326347351074,13.899999618530273,14.300000190734863,13.600000381469727,14.199999809265137,12611200
2024-05-15,12.451693534851074,13.079999923706055,13.15999984741211,12.819999694824219,13.079999923706055,7335000
2024-05-16,12.651605606079102,13.289999961853027,13.529999732971191,13.069999694824219,13.260000228881836,5711300
2024-05-17,12.756321907043457,13.399999618530273,13.470000267028809,13.180000305175781,13.350000381469727,6596100
2024-05-20,12.822959899902344,13.470000267028809,13.510000228881836,13.270000457763672,13.329999923706055,5348900
2024-05-21,12.93719482421875,13.59000015258789,13.789999961853027,13.5,13.539999961853027,7756200
2024-05-22,12.680164337158203,13.319999694824219,13.680000305175781,13.220000267028809,13.600000381469727,7155200
2024-05-23,12.470732688903809,13.100000381469727,13.369999885559082,13.010000228881836,13.319999694824219,4785600
2024-05-24,12.775361061096191,13.420000076293945,13.59000015258789,13.079999923706055,13.130000114440918,6537300
2024-05-27,12.718242645263672,13.359999656677246,13.40999984741211,13.15999984741211,13.40999984741211,3570700
2024-05-28,12.670645713806152,13.3100004196167,13.539999961853027,13.220000267028809,13.380000114440918,5379500
2024-05-29,12.594487190246582,13.229999542236328,13.260000228881836,13.039999961853027,13.1899995803833,4911500
2024-05-31,12.451693534851074,13.079999923706055,13.34000015258789,13.020000457763672,13.140000343322754,7943800
2024-06-03,12.080427169799805,12.6899995803833,13.050000190734863,12.609999656677246,13.020000457763672,11112000
2024-06-04,11.899554252624512,12.5,12.600000381469727,12.420000076293945,12.529999732971191,7390700
2024-06-05,11.87099552154541,12.470000267028809,12.5600004196167,12.369999885559082,12.5,9455200
2024-06-06,12.070907592773438,12.680000305175781,12.789999961853027,12.460000038146973,12.479999542236328,7493600
2024-06-07,11.842435836791992,12.4399995803833,12.600000381469727,12.359999656677246,12.539999961853027,4722900
2024-06-10,11.756759643554688,12.350000381469727,12.4399995803833,12.260000228881836,12.40999984741211,3303800
2024-06-11,11.699641227722168,12.289999961853027,12.34000015258789,12.09000015258789,12.229999542236328,5342900
2024-06-12,11.337894439697266,11.90999984741211,12.4399995803833,11.899999618530273,12.40999984741211,6499500
2024-06-13,11.328374862670898,11.899999618530273,12.039999961853027,11.880000114440918,11.9399995803833,3775600
2024-06-14,11.452130317687988,12.029999732971191,12.050000190734863,11.739999771118164,11.899999618530273,5676300
2024-06-17,11.337894439697266,11.90999984741211,12.069999694824219,11.789999961853027,11.859999656677246,4505000
2024-06-18,12.366016387939453,12.989999771118164,13.4399995803833,11.960000038146973,12.050000190734863,27267600
2024-06-19,12.137544631958008,12.75,12.960000038146973,12.430000305175781,12.850000381469727,6405600
2024-06-20,12.37553596496582,13.0,13.210000038146973,12.760000228881836,12.779999732971191,9818900
2024-06-21,12.04234790802002,12.649999618530273,12.90999984741211,12.5600004196167,12.890000343322754,9669500
2024-06-24,12.099466323852539,12.710000038146973,12.829999923706055,12.5,12.600000381469727,4875600
2024-06-25,11.966191291809082,12.569999694824219,12.739999771118164,12.449999809265137,12.609999656677246,4663400
2024-06-26,11.93763256072998,12.539999961853027,12.65999984741211,12.479999542236328,12.569999694824219,6188600
2024-06-27,12.280339241027832,12.899999618530273,12.899999618530273,12.5,12.539999961853027,6363700
2024-06-28,12.2898588180542,12.90999984741211,12.989999771118164,12.789999961853027,12.90999984741211,5768700
2024-07-01,12.2898588180542,12.90999984741211,13.1899995803833,12.890000343322754,13.010000228881836,5507800
2024-07-02,12.366016387939453,12.989999771118164,13.09000015258789,12.829999923706055,12.9399995803833,4590200
2024-07-03,12.518330574035645,13.149999618530273,13.420000076293945,13.149999618530273,13.289999961853027,8041300
2024-07-04,12.651605606079102,13.289999961853027,13.34000015258789,13.100000381469727,13.229999542236328,2253700
2024-07-05,12.394576072692871,13.020000457763672,13.289999961853027,12.970000267028809,13.210000038146973,5442000
2024-07-08,12.346977233886719,12.970000267028809,12.979999542236328,12.75,12.899999618530273,4614200
2024-07-09,12.394576072692871,13.020000457763672,13.130000114440918,12.930000305175781,12.960000038146973,3099800
2024-07-10,12.270820617675781,12.890000343322754,13.1899995803833,12.880000114440918,13.100000381469727,3163200
2024-07-11,12.470732688903809,13.100000381469727,13.239999771118164,12.9399995803833,12.989999771118164,10232100
2024-07-12,12.708724021911621,13.350000381469727,13.350000381469727,13.050000190734863,13.119999885559082,4662600
2024-07-15,12.81343936920166,13.460000038146973,13.460000038146973,13.270000457763672,13.369999885559082,3634000
2024-07-16,12.470732688903809,13.100000381469727,13.449999809265137,13.029999732971191,13.359999656677246,7030700
2024-07-17,12.546890258789062,13.180000305175781,13.279999732971191,12.949999809265137,13.010000228881836,4980000
2024-07-18,12.032829284667969,12.640000343322754,13.140000343322754,12.630000114440918,13.079999923706055,5818800
2024-07-19,12.032829284667969,12.640000343322754,12.739999771118164,12.430000305175781,12.6899995803833,6600700
2024-07-22,12.070907592773438,12.680000305175781,12.8100004196167,12.649999618530273,12.65999984741211,3089400
2024-07-23,11.461649894714355,12.039999961853027,12.5600004196167,12.039999961853027,12.5600004196167,6595000
2024-07-24,11.41405200958252,11.989999771118164,12.180000305175781,11.970000267028809,12.029999732971191,3626300
2024-07-25,11.385493278503418,11.960000038146973,12.100000381469727,11.829999923706055,11.960000038146973,5223600
2024-07-26,11.452130317687988,12.029999732971191,12.09000015258789,11.670000076293945,11.960000038146973,7290500
2024-07-29,11.34741497039795,11.920000076293945,12.140000343322754,11.779999732971191,12.079999923706055,11756600
2024-07-30,11.157022476196289,11.720000267028809,11.850000381469727,11.649999618530273,11.829999923706055,3190100
2024-07-31,11.29029655456543,11.859999656677246,12.010000228881836,11.739999771118164,11.8100004196167,3861900
2024-08-01,10.890471458435059,11.4399995803833,12.010000228881836,11.4399995803833,11.920000076293945,9075600
2024-08-02,10.804795265197754,11.350000381469727,11.59000015258789,11.289999961853027,11.479999542236328,7051800
2024-08-05,10.804795265197754,11.350000381469727,11.449999809265137,10.899999618530273,11.0,6382000
2024-08-06,10.728638648986816,11.270000457763672,11.380000114440918,11.149999618530273,11.260000228881836,5933000
2024-08-07,10.766716957092285,11.3100004196167,11.390000343322754,11.25,11.350000381469727,3936500
2024-08-08,10.85239315032959,11.399999618530273,11.4399995803833,11.199999809265137,11.260000228881836,4691600
2024-08-09,11.128462791442871,11.6899995803833,11.739999771118164,11.420000076293945,11.489999771118164,5200100
2024-08-12,11.118943214416504,11.680000305175781,11.899999618530273,11.579999923706055,11.729999542236328,6766300
2024-08-13,11.60444450378418,12.1899995803833,12.34000015258789,11.779999732971191,12.010000228881836,10363400
2024-08-14,11.137982368469238,11.699999809265137,12.130000114440918,11.699999809265137,12.050000190734863,8769500
2024-08-15,10.966629028320312,11.520000457763672,11.710000038146973,11.470000267028809,11.6899995803833,6448100
2024-08-16,10.766716957092285,11.3100004196167,11.550000190734863,11.3100004196167,11.529999732971191,5930600
2024-08-19,11.43309211730957,12.010000228881836,12.09000015258789,11.390000343322754,11.449999809265137,8489300
2024-08-20,11.318856239318848,11.890000343322754,12.180000305175781,11.75,12.050000190734863,5585300
2024-08-21,11.737719535827637,12.329999923706055,12.479999542236328,12.130000114440918,12.130000114440918,8526700
2024-08-22,11.547327041625977,12.130000114440918,12.369999885559082,12.130000114440918,12.300000190734863,5546100
2024-08-23,11.6615629196167,12.25,12.380000114440918,12.020000457763672,12.119999885559082,4891100
2024-08-26,11.633004188537598,12.220000267028809,12.59000015258789,12.220000267028809,12.539999961853027,4652500
2024-08-27,11.699641227722168,12.289999961853027,12.470000267028809,12.289999961853027,12.369999885559082,4820600
2024-08-28,11.337894439697266,11.90999984741211,12.239999771118164,11.619999885559082,12.239999771118164,10007400
2024-08-29,11.356934547424316,11.930000305175781,12.069999694824219,11.8100004196167,11.869999885559082,6139800
2024-08-30,11.29029655456543,11.859999656677246,11.930000305175781,11.699999809265137,11.8100004196167,11535800
2024-09-02,11.18558120727539,11.75,11.770000457763672,11.630000114440918,11.6899995803833,3389600
2024-09-03,10.78575611114502,11.329999923706055,11.630000114440918,11.289999961853027,11.600000381469727,7875100
2024-09-04,10.85239315032959,11.399999618530273,11.579999923706055,11.319999694824219,11.350000381469727,8149900
2024-09-05,10.97614860534668,11.529999732971191,11.569999694824219,11.319999694824219,11.34000015258789,5525300
2024-09-06,11.042786598205566,11.600000381469727,11.75,11.460000038146973,11.529999732971191,5140500
2024-09-09,10.919031143188477,11.470000267028809,11.979999542236328,11.470000267028809,11.920000076293945,6035400
2024-09-10,10.709598541259766,11.25,11.470000267028809,11.140000343322754,11.399999618530273,6181100
2024-09-11,11.0332670211792,11.59000015258789,11.630000114440918,11.300000190734863,11.489999771118164,6008900
2024-09-12,10.97614860534668,11.529999732971191,11.800000190734863,11.5,11.609999656677246,5661300
2024-09-13,11.328374862670898,11.899999618530273,12.069999694824219,11.630000114440918,11.630000114440918,9509200
2024-09-16,11.337894439697266,11.90999984741211,11.989999771118164,11.859999656677246,11.90999984741211,2563200
2024-09-17,11.442611694335938,12.020000457763672,12.020000457763672,11.84000015258789,11.850000381469727,3496300
2024-09-18,11.318856239318848,11.890000343322754,12.109999656677246,11.819999694824219,11.880000114440918,6291500
2024-09-19,11.471170425415039,12.050000190734863,12.329999923706055,12.020000457763672,12.100000381469727,4376400
2024-09-20,10.595362663269043,11.130000114440918,11.989999771118164,11.050000190734863,11.920000076293945,25139500
2024-09-23,10.547764778137207,11.079999923706055,11.130000114440918,10.789999961853027,11.069999694824219,14785700
2024-09-24,11.53780746459961,12.119999885559082,12.180000305175781,11.470000267028809,11.489999771118164,16191800
2024-09-25,11.594925880432129,12.180000305175781,12.319999694824219,12.029999732971191,12.149999618530273,9319800
2024-09-26,12.632567405700684,13.270000457763672,13.319999694824219,12.520000457763672,12.550000190734863,15750500
2024-09-27,12.613527297973633,13.25,13.460000038146973,13.180000305175781,13.350000381469727,7575000
2024-09-30,12.270820617675781,12.890000343322754,13.84000015258789,12.680000305175781,13.600000381469727,13443000
2024-10-01,12.423134803771973,13.050000190734863,13.140000343322754,12.760000228881836,12.859999656677246,5080400
2024-10-02,12.661125183105469,13.300000190734863,13.539999961853027,13.199999809265137,13.199999809265137,7989300
2024-10-03,12.299379348754883,12.920000076293945,13.140000343322754,12.760000228881836,13.140000343322754,5549600
2024-10-04,12.032829284667969,12.640000343322754,12.880000114440918,12.550000190734863,12.850000381469727,6041700
2024-10-07,12.147065162658691,12.760000228881836,13.119999885559082,12.550000190734863,12.800000190734863,10215400
2024-10-08,11.575885772705078,12.15999984741211,12.220000267028809,12.109999656677246,12.180000305175781,10274200
2024-10-09,11.55684757232666,12.140000343322754,12.270000457763672,12.0600004196167,12.100000381469727,5982900
2024-10-10,11.271257400512695,11.84000015258789,12.25,11.819999694824219,12.25,8094900
2024-10-11,11.299816131591797,11.869999885559082,11.899999618530273,11.539999961853027,11.819999694824219,13481700
2024-10-14,11.271257400512695,11.84000015258789,11.989999771118164,11.729999542236328,11.899999618530273,6283600
2024-10-15,11.118943214416504,11.680000305175781,11.789999961853027,11.569999694824219,11.729999542236328,6047000
2024-10-16,11.366453170776367,11.9399995803833,12.050000190734863,11.720000267028809,11.8100004196167,15783700
2024-10-17,11.109423637390137,11.670000076293945,11.890000343322754,11.65999984741211,11.710000038146973,7947200
2024-10-18,11.109423637390137,11.670000076293945,12.119999885559082,11.59000015258789,11.979999542236328,8107300
2024-10-21,11.118943214416504,11.680000305175781,11.8100004196167,11.65999984741211,11.75,3535800
2024-10-22,10.938069343566895,11.489999771118164,11.670000076293945,11.449999809265137,11.630000114440918,5369100
2024-10-23,10.90951156616211,11.460000038146973,11.569999694824219,11.300000190734863,11.390000343322754,4871200
2024-10-24,11.128462791442871,11.6899995803833,11.699999809265137,11.319999694824219,11.430000305175781,6109000
2024-10-25,11.233179092407227,11.800000190734863,11.970000267028809,11.770000457763672,11.800000190734863,11425400
2024-10-28,11.480690002441406,12.0600004196167,12.109999656677246,11.920000076293945,11.970000267028809,3942700
2024-10-29,11.195100784301758,11.760000228881836,12.100000381469727,11.720000267028809,12.069999694824219,12491000
2024-10-30,11.214138984680176,11.779999732971191,11.899999618530273,11.720000267028809,11.720000267028809,3761700
2024-10-31,11.204620361328125,11.770000457763672,11.930000305175781,11.670000076293945,11.729999542236328,4500400
2024-11-01,11.090383529663086,11.649999618530273,11.800000190734863,11.529999732971191,11.800000190734863,6232100
2024-11-04,11.366453170776367,11.9399995803833,12.029999732971191,11.6899995803833,11.880000114440918,6067100
2024-11-05,11.699641227722168,12.289999961853027,12.399999618530273,11.979999542236328,12.0600004196167,6430300
2024-11-06,11.34741497039795,11.920000076293945,12.34000015258789,11.680000305175781,12.34000015258789,10147100
2024-11-07,11.699641227722168,12.289999961853027,12.470000267028809,11.960000038146973,12.050000190734863,11624900
2024-11-08,11.18558120727539,11.75,12.039999961853027,11.470000267028809,12.0,9913700
2024-11-11,10.747676849365234,11.289999961853027,11.619999885559082,11.25,11.579999923706055,7766000
2024-11-12,10.547764778137207,11.079999923706055,11.350000381469727,11.020000457763672,11.25,14761700
2024-11-13,10.128900527954102,10.640000343322754,11.130000114440918,10.470000267028809,10.899999618530273,15842000
2024-11-14,10.128900527954102,10.640000343322754,10.979999542236328,10.529999732971191,10.529999732971191,9446300
2024-11-18,11.061824798583984,11.619999885559082,11.619999885559082,10.829999923706055,11.09000015258789,19283200
2024-11-19,11.090383529663086,11.649999618530273,11.65999984741211,11.319999694824219,11.619999885559082,15034800
2024-11-21,10.90951156616211,11.460000038146973,11.630000114440918,11.260000228881836,11.489999771118164,12369200
2024-11-22,11.109999656677246,11.109999656677246,11.109999656677246,10.699999809265137,10.779999732971191,10827100
2024-11-25,11.25,11.25,11.3100004196167,10.960000038146973,11.149999618530273,9794600
2024-11-26,11.100000381469727,11.100000381469727,11.359999656677246,11.0,11.260000228881836,9341300
2024-11-27,11.1899995803833,11.1899995803833,11.350000381469727,11.020000457763672,11.199999809265137,11523400
2024-11-28,10.899999618530273,10.899999618530273,11.1899995803833,10.850000381469727,11.119999885559082,5234100
2024-11-29,11.15999984741211,11.15999984741211,11.210000038146973,10.760000228881836,10.899999618530273,9380600
2024-12-02,11.180000305175781,11.180000305175781,11.220000267028809,10.880000114440918,11.119999885559082,7716200
2024-12-03,11.420000076293945,11.420000076293945,11.930000305175781,11.119999885559082,11.220000267028809,15206900
2024-12-04,11.1899995803833,11.1899995803833,11.850000381469727,11.119999885559082,11.449999809265137,9690500
2024-12-05,11.350000381469727,11.350000381469727,11.380000114440918,11.1899995803833,11.3100004196167,5573300
2024-12-06,11.15999984741211,11.15999984741211,11.470000267028809,11.09000015258789,11.3100004196167,4867100
2024-12-09,11.649999618530273,11.649999618530273,11.930000305175781,11.510000228881836,11.550000190734863,9369600
2024-12-10,11.710000038146973,11.710000038146973,11.8100004196167,11.5,11.8100004196167,5372700
2024-12-11,11.579999923706055,11.579999923706055,11.789999961853027,11.3100004196167,11.729999542236328,7296500
2024-12-12,11.180000305175781,11.180000305175781,11.510000228881836,11.0600004196167,11.430000305175781,6990200
2024-12-13,10.6899995803833,10.6899995803833,11.130000114440918,10.6899995803833,11.100000381469727,8922700
2024-12-16,10.609999656677246,10.609999656677246,10.84000015258789,10.579999923706055,10.609999656677246,7936400
2024-12-17,10.5600004196167,10.5600004196167,10.770000457763672,10.399999618530273,10.609999656677246,13395300
2024-12-18,9.489999771118164,9.489999771118164,10.5,9.489999771118164,10.470000267028809,21564500
2024-12-19,9.25,9.25,9.640000343322754,9.100000381469727,9.539999961853027,12732500
2024-12-20,9.300000190734863,9.300000190734863,9.569999694824219,9.149999618530273,9.25,15235900
2024-12-23,8.859999656677246,8.859999656677246,9.289999961853027,8.859999656677246,9.229999542236328,10040200
2024-12-26,8.899999618530273,8.899999618530273,9.239999771118164,8.789999961853027,8.90999984741211,10866500
2024-12-27,8.680000305175781,8.680000305175781,8.989999771118164,8.680000305175781,8.949999809265137,10265900
2024-12-30,8.859999656677246,8.859999656677246,8.9399995803833,8.720000267028809,8.729999542236328,6953000
2025-01-02,8.420000076293945,8.420000076293945,8.90999984741211,8.380000114440918,8.880000114440918,11807600
2025-01-03,8.210000038146973,8.210000038146973,8.399999618530273,8.15999984741211,8.34000015258789,18857700
2025-01-06,8.529999732971191,8.529999732971191,8.6899995803833,8.270000457763672,8.279999732971191,11194600
2025-01-07,8.359999656677246,8.359999656677246,8.710000038146973,8.3100004196167,8.630000114440918,8167500
2025-01-08,7.760000228881836,7.760000228881836,8.3100004196167,7.760000228881836,8.300000190734863,13828400
2025-01-09,7.449999809265137,7.449999809265137,7.840000152587891,7.429999828338623,7.829999923706055,11296700
2025-01-10,7.730000019073486,7.730000019073486,7.900000095367432,7.440000057220459,7.460000038146973,17203200
2025-01-13,7.679999828338623,7.679999828338623,7.860000133514404,7.559999942779541,7.760000228881836,10836500
2025-01-14,7.489999771118164,7.489999771118164,7.789999961853027,7.46999979019165,7.789999961853027,12033400
2025-01-15,7.96999979019165,7.96999979019165,8.020000457763672,7.550000190734863,7.559999942779541,12117400
2025-01-16,7.809999942779541,7.809999942779541,8.010000228881836,7.71999979019165,7.900000095367432,14190400
2025-01-17,8.130000114440918,8.130000114440918,8.199999809265137,7.889999866485596,7.909999847412109,21683500
2025-01-20,7.989999771118164,7.989999771118164,8.09000015258789,7.909999847412109,8.09000015258789,7395500
2025-01-21,8.100000381469727,8.100000381469727,8.140000343322754,7.769999980926514,7.980000019073486,12916300
2025-01-22,7.849999904632568,7.849999904632568,8.140000343322754,7.78000020980835,8.069999694824219,16897900
2025-01-23,7.860000133514404,7.860000133514404,7.96999979019165,7.75,7.840000152587891,13162100
2025-01-24,8.260000228881836,8.260000228881836,8.420000076293945,7.889999866485596,7.900000095367432,19736100
2025-01-27,8.800000190734863,8.800000190734863,8.84000015258789,8.180000305175781,8.1899995803833,14802600
2025-01-28,8.729999542236328,8.729999542236328,8.869999885559082,8.649999618530273,8.75,8364300
2025-01-29,8.800000190734863,8.800000190734863,8.869999885559082,8.649999618530273,8.800000190734863,7421000
2025-01-30,9.25,9.25,9.40999984741211,8.890000343322754,8.899999618530273,13202300
2025-01-31,9.09000015258789,9.09000015258789,9.279999732971191,8.9399995803833,9.260000228881836,10652700
2025-02-03,9.029999732971191,9.029999732971191,9.1899995803833,8.890000343322754,8.899999618530273,8671200
2025-02-04,9.020000457763672,9.020000457763672,9.149999618530273,8.920000076293945,9.010000228881836,7845100
2025-02-05,8.729999542236328,8.729999542236328,9.039999961853027,8.710000038146973,8.989999771118164,10601200
2025-02-06,9.0600004196167,9.0600004196167,9.149999618530273,8.760000228881836,8.779999732971191,11471900
2025-02-07,8.9399995803833,8.9399995803833,9.119999885559082,8.890000343322754,9.050000190734863,12265900
2025-02-10,9.069999694824219,9.069999694824219,9.119999885559082,8.739999771118164,8.760000228881836,19244800
2025-02-11,8.869999885559082,8.869999885559082,9.25,8.65999984741211,8.930000305175781,18982100
2025-02-12,8.380000114440918,8.380000114440918,8.789999961853027,8.239999771118164,8.789999961853027,26187300
2025-02-13,8.359999656677246,8.359999656677246,8.460000038146973,8.1899995803833,8.329999923706055,12508800
2025-02-14,8.739999771118164,8.739999771118164,8.789999961853027,8.4399995803833,8.4399995803833,12119900
2025-02-17,8.789999961853027,8.789999961853027,9.140000343322754,8.75,8.75,10169500
2025-02-18,8.890000343322754,8.890000343322754,9.020000457763672,8.75,8.869999885559082,8487100
2025-02-19,8.760000228881836,8.760000228881836,8.970000267028809,8.680000305175781,8.789999961853027,11442300
2025-02-20,8.84000015258789,8.84000015258789,9.029999732971191,8.670000076293945,8.869999885559082,15332700
2025-02-21,8.699999809265137,8.699999809265137,9.039999961853027,8.630000114440918,8.829999923706055,14250500
2025-02-24,8.460000038146973,8.460000038146973,8.850000381469727,8.399999618530273,8.729999542236328,13463800
2025-02-25,8.539999961853027,8.539999961853027,8.59000015258789,8.390000343322754,8.399999618530273,12861700
2025-02-26,8.699999809265137,8.699999809265137,8.770000457763672,8.529999732971191,8.630000114440918,17876900
2025-02-27,8.670000076293945,8.670000076293945,9.020000457763672,8.600000381469727,8.630000114440918,14314300
2025-02-28,8.520000457763672,8.520000457763672,8.649999618530273,8.40999984741211,8.600000381469727,91028700
2025-03-05,8.5,8.5,8.569999694824219,8.300000190734863,8.449999809265137,6745300
2025-03-06,8.670000076293945,8.670000076293945,8.770000457763672,8.470000267028809,8.5,11616400
2025-03-07,8.800000190734863,8.800000190734863,8.84000015258789,8.40999984741211,8.520000457763672,10943300
2025-03-10,8.65999984741211,8.65999984741211,8.829999923706055,8.529999732971191,8.699999809265137,11471400
2025-03-11,8.4399995803833,8.4399995803833,8.75,8.3100004196167,8.649999618530273,11348100
2025-03-12,8.470000267028809,8.470000267028809,8.470000267028809,8.1899995803833,8.369999885559082,16468400
2025-03-13,9.140000343322754,9.140000343322754,9.34000015258789,8.550000190734863,8.550000190734863,25997900
2025-03-14,10.220000267028809,10.220000267028809,10.25,9.15999984741211,9.199999809265137,26742900
2025-03-17,10.079999923706055,10.079999923706055,10.300000190734863,10.010000228881836,10.170000076293945,10116600
2025-03-18,9.850000381469727,9.850000381469727,10.09000015258789,9.539999961853027,10.0,18130100
2025-03-19,10.050000190734863,10.050000190734863,10.170000076293945,9.680000305175781,9.800000190734863,15469800
2025-03-20,10.029999732971191,10.029999732971191,10.220000267028809,9.899999618530273,9.90999984741211,10874000
2025-03-21,10.069999694824219,10.069999694824219,10.170000076293945,9.9399995803833,10.029999732971191,16862200
2025-03-24,9.960000038146973,9.960000038146973,10.329999923706055,9.859999656677246,10.210000038146973,6883200
2025-03-25,9.949999809265137,9.949999809265137,10.140000343322754,9.9399995803833,9.989999771118164,4645100
2025-03-26,9.979999542236328,9.979999542236328,10.0600004196167,9.899999618530273,10.010000228881836,4865800
2025-03-27,9.960000038146973,9.960000038146973,10.130000114440918,9.869999885559082,10.050000190734863,6866300
2025-03-28,9.739999771118164,9.739999771118164,9.949999809265137,9.579999923706055,9.920000076293945,9124000
2025-03-31,9.470000267028809,9.470000267028809,9.729999542236328,9.380000114440918,9.699999809265137,7422600
2025-04-01,9.479999542236328,9.479999542236328,9.670000076293945,9.399999618530273,9.520000457763672,8861000
2025-04-02,8.989999771118164,8.989999771118164,9.449999809265137,8.949999809265137,9.430000305175781,14549400
2025-04-03,8.8100004196167,8.8100004196167,9.039999961853027,8.739999771118164,8.90999984741211,10217600
2025-04-04,8.229999542236328,8.229999542236328,8.449999809265137,7.940000057220459,8.449999809265137,19779900
2025-04-07,8.239999771118164,8.239999771118164,8.470000267028809,7.900000095367432,8.050000190734863,17178300
2025-04-08,7.769999980926514,7.769999980926514,8.449999809265137,7.690000057220459,8.380000114440918,15445400
2025-04-09,8.40999984741211,8.40999984741211,8.520000457763672,7.659999847412109,7.690000057220459,20379000
2025-04-10,8.359999656677246,8.359999656677246,8.489999771118164,8.079999923706055,8.489999771118164,10956300
2025-04-11,8.630000114440918,8.630000114440918,8.6899995803833,8.319999694824219,8.430000305175781,9047700
2025-04-14,8.960000038146973,8.960000038146973,9.029999732971191,8.760000228881836,8.800000190734863,9342800
2025-04-15,8.649999618530273,8.649999618530273,9.039999961853027,8.609999656677246,8.979999542236328,9083100
2025-04-16,8.649999618530273,8.649999618530273,8.649999618530273,8.470000267028809,8.569999694824219,9425400
2025-04-17,8.680000305175781,8.680000305175781,8.770000457763672,8.59000015258789,8.630000114440918,7347400
2025-04-22,8.850000381469727,8.850000381469727,8.899999618530273,8.539999961853027,8.680000305175781,6789300
2025-04-23,9.130000114440918,9.130000114440918,9.329999923706055,9.0600004196167,9.100000381469727,9426000
2025-04-24,9.359999656677246,9.359999656677246,9.40999984741211,9.140000343322754,9.229999542236328,7153300
2025-04-25,9.390000343322754,9.390000343322754,9.5,9.149999618530273,9.1899995803833,7620300
2025-04-28,9.359999656677246,9.359999656677246,9.529999732971191,9.350000381469727,9.390000343322754,6005300
2025-04-29,9.399999618530273,9.399999618530273,9.529999732971191,9.319999694824219,9.359999656677246,17602800
2025-04-30,9.300000190734863,9.300000190734863,9.3100004196167,9.079999923706055,9.229999542236328,7876900
2025-05-02,9.350000381469727,9.350000381469727,9.479999542236328,9.180000305175781,9.399999618530273,9431800
2025-05-05,9.199999809265137,9.199999809265137,9.479999542236328,9.170000076293945,9.380000114440918,6024200
2025-05-06,9.34000015258789,9.34000015258789,9.470000267028809,9.199999809265137,9.210000038146973,11903300
2025-05-07,9.399999618530273,9.399999618530273,9.489999771118164,9.210000038146973,9.4399995803833,8131400
2025-05-08,9.630000114440918,9.630000114440918,9.720000267028809,9.5,9.5,9039200
2025-05-09,8.680000305175781,8.680000305175781,9.520000457763672,8.539999961853027,9.489999771118164,26973800
2025-05-12,8.890000343322754,8.890000343322754,9.430000305175781,8.8100004196167,9.050000190734863,15036800
2025-05-13,9.029999732971191,9.029999732971191,9.100000381469727,8.819999694824219,8.9399995803833,9070000
2025-05-14,9.289999961853027,9.289999961853027,9.479999542236328,9.010000228881836,9.109999656677246,7614500
2025-05-15,9.270000457763672,9.270000457763672,9.399999618530273,9.210000038146973,9.239999771118164,9267100
2025-05-16,9.069999694824219,9.069999694824219,9.119999885559082,8.869999885559082,9.100000381469727,15367200
2025-05-19,9.079999923706055,9.079999923706055,9.229999542236328,8.970000267028809,9.0,7577800
2025-05-20,9.100000381469727,9.100000381469727,9.289999961853027,8.960000038146973,9.050000190734863,10620300
2025-05-21,8.90999984741211,8.90999984741211,9.130000114440918,8.90999984741211,9.130000114440918,6403400
2025-05-22,8.800000190734863,8.800000190734863,9.0,8.760000228881836,8.869999885559082,8156600
2025-05-23,8.84000015258789,8.84000015258789,8.949999809265137,8.550000190734863,8.680000305175781,9376700
2025-05-26,8.8100004196167,8.8100004196167,8.930000305175781,8.8100004196167,8.84000015258789,2656600
2025-05-27,9.0,9.0,9.0600004196167,8.8100004196167,8.8100004196167,8557000
2025-05-28,8.670000076293945,8.670000076293945,9.020000457763672,8.420000076293945,9.010000228881836,15534900
2025-05-29,8.579999923706055,8.579999923706055,8.880000114440918,8.579999923706055,8.75,8265000
2025-05-30,8.25,8.25,8.59000015258789,8.220000267028809,8.579999923706055,22043800
2025-06-02,8.239999771118164,8.239999771118164,8.390000343322754,8.130000114440918,8.25,10306200
2025-06-03,8.380000114440918,8.380000114440918,8.380000114440918,8.119999885559082,8.149999618530273,8621700
2025-06-04,8.329999923706055,8.329999923706055,8.609999656677246,8.279999732971191,8.399999618530273,8072500
2025-06-05,8.270000457763672,8.270000457763672,8.5,8.239999771118164,8.329999923706055,6744400
2025-06-06,8.229999542236328,8.229999542236328,8.329999923706055,8.149999618530273,8.300000190734863,9011600
2025-06-09,8.300000190734863,8.300000190734863,8.300000190734863,8.109999656677246,8.170000076293945,6342300
2025-06-10,8.640000343322754,8.640000343322754,8.699999809265137,8.25,8.350000381469727,11441700
2025-06-11,8.479999542236328,8.479999542236328,8.619999885559082,8.329999923706055,8.619999885559082,13929300
2025-06-12,8.289999961853027,8.289999961853027,8.460000038146973,8.289999961853027,8.390000343322754,6170700
2025-06-13,7.940000057220459,7.940000057220459,8.260000228881836,7.940000057220459,8.229999542236328,11617000
2025-06-16,8.420000076293945,8.420000076293945,8.470000267028809,8.050000190734863,8.050000190734863,11294300
2025-06-17,8.199999809265137,8.199999809265137,8.369999885559082,8.1899995803833,8.34000015258789,7927700
2025-06-18,8.149999618530273,8.149999618530273,8.369999885559082,8.130000114440918,8.34000015258789,5901100
2025-06-20,7.869999885559082,7.869999885559082,8.180000305175781,7.869999885559082,8.130000114440918,10715100
2025-06-23,7.739999771118164,7.739999771118164,7.880000114440918,7.659999847412109,7.860000133514404,7329600
2025-06-24,7.630000114440918,7.630000114440918,7.849999904632568,7.599999904632568,7.820000171661377,8880500
2025-06-25,7.25,7.25,7.610000133514404,7.239999771118164,7.610000133514404,14945000
2025-06-26,7.420000076293945,7.420000076293945,7.599999904632568,7.320000171661377,7.360000133514404,7136000
2025-06-27,7.5,7.5,7.5,7.360000133514404,7.409999847412109,4915500
2025-06-30,7.440000057220459,7.440000057220459,7.519999980926514,7.389999866485596,7.489999771118164,9082800
2025-07-01,7.510000228881836,7.510000228881836,7.550000190734863,7.360000133514404,7.449999809265137,5064500
2025-07-02,7.96999979019165,7.96999979019165,8.079999923706055,7.53000020980835,7.559999942779541,15574200
2025-07-03,8.229999542236328,8.229999542236328,8.319999694824219,7.920000076293945,8.0600004196167,10430800
2025-07-04,8.210000038146973,8.210000038146973,8.260000228881836,8.130000114440918,8.229999542236328,3333600
2025-07-07,8.119999885559082,8.119999885559082,8.3100004196167,8.0600004196167,8.220000267028809,5960400
2025-07-08,8.140000343322754,8.140000343322754,8.289999961853027,8.109999656677246,8.170000076293945,7261700
2025-07-09,7.929999828338623,7.929999828338623,8.199999809265137,7.929999828338623,8.199999809265137,5386600
2025-07-10,8.329999923706055,8.329999923706055,8.470000267028809,7.760000228881836,7.860000133514404,14134500
2025-07-11,8.25,8.25,8.369999885559082,8.109999656677246,8.350000381469727,5409100
2025-07-14,8.199999809265137,8.199999809265137,8.3100004196167,8.100000381469727,8.289999961853027,3266900
2025-07-15,8.079999923706055,8.079999923706055,8.399999618530273,8.0,8.220000267028809,10715900
2025-07-16,8.0,8.0,8.170000076293945,7.789999961853027,8.149999618530273,8659100
2025-07-17,7.909999847412109,7.909999847412109,8.050000190734863,7.809999942779541,8.020000457763672,6059800
2025-07-18,7.820000171661377,7.820000171661377,7.849999904632568,7.639999866485596,7.809999942779541,15277700
2025-07-21,7.989999771118164,7.989999771118164,8.079999923706055,7.769999980926514,7.860000133514404,10514300
2025-07-22,8.5600004196167,8.5600004196167,8.5600004196167,8.100000381469727,8.100000381469727,15072900
2025-07-23,8.770000457763672,8.770000457763672,8.800000190734863,8.3100004196167,8.470000267028809,8581700
2025-07-24,8.550000190734863,8.550000190734863,8.789999961853027,8.550000190734863,8.65999984741211,6020400
2025-07-25,8.369999885559082,8.369999885559082,8.550000190734863,8.279999732971191,8.5,7507700
2025-07-28,8.0,8.0,8.329999923706055,7.949999809265137,8.270000457763672,7244100
2025-07-29,8.010000228881836,8.010000228881836,8.130000114440918,7.909999847412109,8.0600004196167,8621100
2025-07-30,7.940000057220459,7.940000057220459,8.079999923706055,7.840000152587891,7.989999771118164,9253500
2025-07-31,8.020000457763672,8.020000457763672,8.050000190734863,7.539999961853027,7.800000190734863,13389100
2025-08-01,7.619999885559082,7.619999885559082,8.15999984741211,7.619999885559082,8.050000190734863,12946700
2025-08-04,7.449999809265137,7.449999809265137,7.769999980926514,7.429999828338623,7.739999771118164,8123300
2025-08-05,7.239999771118164,7.239999771118164,7.590000152587891,7.210000038146973,7.5,10184900
2025-08-06,7.21999979019165,7.21999979019165,7.440000057220459,7.199999809265137,7.309999942779541,7504700
2025-08-07,7.309999942779541,7.309999942779541,7.409999847412109,7.210000038146973,7.25,6383300
2025-08-08,7.409999847412109,7.409999847412109,7.46999979019165,7.269999980926514,7.289999961853027,6222000
2025-08-11,7.260000228881836,7.260000228881836,7.5,7.260000228881836,7.440000057220459,7395900
2025-08-12,7.550000190734863,7.550000190734863,7.590000152587891,7.289999961853027,7.360000133514404,11963300
2025-08-13,7.420000076293945,7.420000076293945,7.590000152587891,7.380000114440918,7.550000190734863,6151000
2025-08-14,6.96999979019165,6.96999979019165,7.349999904632568,6.900000095367432,7.349999904632568,17233300
2025-08-15,6.769999980926514,6.769999980926514,7.03000020980835,6.71999979019165,7.010000228881836,12436600
2025-08-18,7.079999923706055,7.079999923706055,7.110000133514404,6.75,6.78000020980835,8373600
2025-08-19,6.840000152587891,6.840000152587891,7.050000190734863,6.829999923706055,7.0,8168100
2025-08-20,6.769999980926514,6.769999980926514,6.880000114440918,6.730000019073486,6.840000152587891,4650200
2025-08-21,6.829999923706055,6.829999923706055,6.909999847412109,6.730000019073486,6.769999980926514,5442800
2025-08-22,7.159999847412109,7.159999847412109,7.179999828338623,6.789999961853027,6.840000152587891,9056800
2025-08-25,7.239999771118164,7.239999771118164,7.360000133514404,7.190000057220459,7.21999979019165,5928700
2025-08-26,7.25,7.25,7.309999942779541,7.150000095367432,7.230000019073486,6634500
2025-08-27,7.380000114440918,7.380000114440918,7.380000114440918,7.150000095367432,7.28000020980835,5972800
2025-08-28,7.730000019073486,7.730000019073486,7.900000095367432,7.480000019073486,7.480000019073486,11866000
2025-08-29,7.610000133514404,7.610000133514404,7.889999866485596,7.519999980926514,7.760000228881836,10010700
2025-09-01,7.539999961853027,7.539999961853027,7.630000114440918,7.440000057220459,7.590000152587891,3961200
2025-09-02,7.440000057220459,7.440000057220459,7.539999961853027,7.380000114440918,7.429999828338623,6330800
2025-09-03,7.429999828338623,7.429999828338623,7.5,7.349999904632568,7.46999979019165,5586400
2025-09-04,7.650000095367432,7.650000095367432,7.760000228881836,7.480000019073486,7.480000019073486,8148700
2025-09-05,7.789999961853027,7.789999961853027,7.880000114440918,7.619999885559082,7.760000228881836,5059700
2025-09-08,7.840000152587891,7.840000152587891,8.029999732971191,7.739999771118164,7.809999942779541,7415800
2025-09-09,7.789999961853027,7.789999961853027,8.130000114440918,7.789999961853027,7.949999809265137,8214100
2025-09-10,7.75,7.75,7.960000038146973,7.699999809265137,7.789999961853027,4787200
2025-09-11,7.820000171661377,7.820000171661377,7.849999904632568,7.679999828338623,7.760000228881836,3854400
2025-09-12,7.829999923706055,7.829999923706055,7.889999866485596,7.579999923706055,7.71999979019165,6311800
2025-09-15,7.869999885559082,7.869999885559082,7.920000076293945,7.800000190734863,7.860000133514404,3699500
2025-09-16,8.069999694824219,8.069999694824219,8.079999923706055,7.809999942779541,7.929999828338623,8507700
2025-09-17,8.109999656677246,8.109999656677246,8.3100004196167,8.010000228881836,8.039999961853027,8515000
2025-09-18,7.909999847412109,7.909999847412109,8.350000381469727,7.849999904632568,8.109999656677246,7828900
2025-09-19,8.010000228881836,8.010000228881836,8.140000343322754,7.809999942779541,7.940000057220459,9306400
2025-09-22,7.949999809265137,7.949999809265137,8.039999961853027,7.75,8.039999961853027,7252900
2025-09-23,7.980000019073486,7.980000019073486,8.119999885559082,7.909999847412109,7.940000057220459,6707100
2025-09-24,8.039999961853027,8.039999961853027,8.050000190734863,7.889999866485596,7.980000019073486,4854700
2025-09-25,7.949999809265137,7.949999809265137,8.1899995803833,7.940000057220459,7.989999771118164,7224900
2025-09-26,7.989999771118164,7.989999771118164,8.0600004196167,7.869999885559082,8.0,5853600
2025-09-29,8.039999961853027,8.039999961853027,8.300000190734863,7.949999809265137,8.069999694824219,9482100
2025-09-30,7.900000095367432,7.900000095367432,8.130000114440918,7.860000133514404,8.09000015258789,5374700
2025-10-01,8.210000038146973,8.210000038146973,8.25,7.940000057220459,7.940000057220459,10169100
2025-10-02,8.15999984741211,8.15999984741211,8.239999771118164,7.989999771118164,8.170000076293945,6599600
2025-10-03,8.199999809265137,8.199999809265137,8.220000267028809,8.0600004196167,8.180000305175781,4725500
2025-10-06,8.729999542236328,8.729999542236328,8.729999542236328,8.1899995803833,8.220000267028809,12121200
2025-10-07,8.399999618530273,8.399999618530273,8.65999984741211,8.390000343322754,8.640000343322754,8080000
2025-10-08,8.460000038146973,8.460000038146973,8.619999885559082,8.3100004196167,8.5,6440100
2025-10-09,8.420000076293945,8.420000076293945,8.680000305175781,8.329999923706055,8.579999923706055,6902300
2025-10-10,7.909999847412109,7.909999847412109,8.479999542236328,7.909999847412109,8.420000076293945,14064900
2025-10-13,8.40999984741211,8.40999984741211,8.420000076293945,8.039999961853027,8.100000381469727,11000000
2025-10-14,8.449999809265137,8.449999809265137,8.470000267028809,8.270000457763672,8.289999961853027,5892100
2025-10-15,8.520000457763672,8.520000457763672,8.520000457763672,8.229999542236328,8.420000076293945,8456800
2025-10-16,8.300000190734863,8.300000190734863,8.489999771118164,8.229999542236328,8.449999809265137,7920400
2025-10-17,8.34000015258789,8.34000015258789,8.380000114440918,8.130000114440918,8.239999771118164,7206500
2025-10-20,8.720000267028809,8.720000267028809,8.789999961853027,8.34000015258789,8.34000015258789,11324400
2025-10-21,8.649999618530273,8.649999618530273,8.789999961853027,8.34000015258789,8.34000015258789,5290700
2025-10-22,8.609999656677246,8.609999656677246,8.850000381469727,8.539999961853027,8.699999809265137,6953300
2025-10-23,8.760000228881836,8.760000228881836,8.800000190734863,8.630000114440918,8.670000076293945,5550000
2025-10-24,8.630000114440918,8.630000114440918,9.180000305175781,8.619999885559082,8.8100004196167,16996000
2025-10-27,8.920000076293945,8.920000076293945,9.020000457763672,8.710000038146973,8.899999618530273,7942700
2025-10-28,9.119999885559082,9.119999885559082,9.260000228881836,8.890000343322754,8.899999618530273,9375000
2025-10-29,9.3100004196167,9.3100004196167,9.34000015258789,9.149999618530273,9.220000267028809,9943800
2025-10-30,9.359999656677246,9.359999656677246,9.390000343322754,9.15999984741211,9.229999542236328,5756900
2025-10-31,9.4399995803833,9.4399995803833,9.460000038146973,9.210000038146973,9.430000305175781,6345400
2025-11-03,9.300000190734863,9.300000190734863,9.520000457763672,9.220000267028809,9.430000305175781,5144500
2025-11-04,9.130000114440918,9.130000114440918,9.260000228881836,8.9399995803833,9.1899995803833,8438600
2025-11-05,8.710000038146973,8.710000038146973,9.220000267028809,8.5600004196167,9.130000114440918,21873300
2025-11-06,8.5,8.5,8.729999542236328,8.3100004196167,8.720000267028809,17317400
2025-11-07,8.350000381469727,8.350000381469727,8.479999542236328,8.210000038146973,8.399999618530273,12546300
2025-11-10,8.289999961853027,8.289999961853027,8.420000076293945,8.229999542236328,8.399999618530273,7346100
2025-11-11,8.3100004196167,8.3100004196167,8.470000267028809,8.270000457763672,8.34000015258789,9109600
2025-11-12,8.729999542236328,8.729999542236328,8.789999961853027,8.279999732971191,8.329999923706055,13456000
2025-11-13,8.609999656677246,8.609999656677246,8.829999923706055,8.579999923706055,8.699999809265137,7011500
2025-11-14,8.649999618530273,8.649999618530273,8.720000267028809,8.470000267028809,8.529999732971191,4933900
2025-11-17,8.350000381469727,8.350000381469727,8.720000267028809,8.289999961853027,8.6899995803833,7356900
2025-11-18,8.149999618530273,8.149999618530273,8.300000190734863,8.119999885559082,8.229999542236328,9688800
2025-11-19,8.109999656677246,8.109999656677246,8.270000457763672,8.069999694824219,8.100000381469727,6040500
2025-11-21,8.100000381469727,8.100000381469727,8.180000305175781,7.980000019073486,8.100000381469727,6643000
2025-11-24,8.109999656677246,8.109999656677246,8.210000038146973,8.0,8.079999923706055,7535800
2025-11-25,8.3100004196167,8.3100004196167,8.34000015258789,8.0600004196167,8.109999656677246,5493800
2025-11-26,8.640000343322754,8.640000343322754,8.680000305175781,8.329999923706055,8.329999923706055,7654500
2025-11-27,8.479999542236328,8.479999542236328,8.649999618530273,8.380000114440918,8.649999618530273,5755400
2025-11-28,8.4399995803833,8.4399995803833,8.569999694824219,8.399999618530273,8.4399995803833,4383100
2025-12-01,8.449999809265137,8.449999809265137,8.520000457763672,8.390000343322754,8.470000267028809,4916300
2025-12-02,8.579999923706055,8.579999923706055,8.600000381469727,8.34000015258789,8.4399995803833,7283700
2025-12-03,9.050000190734863,9.050000190734863,9.119999885559082,8.600000381469727,8.609999656677246,14863500
2025-12-04,9.289999961853027,9.289999961853027,9.300000190734863,8.90999984741211,9.039999961853027,9321400
2025-12-05,8.90999984741211,8.90999984741211,9.390000343322754,8.819999694824219,9.279999732971191,11792900
2025-12-08,8.760000228881836,8.760000228881836,9.100000381469727,8.75,9.020000457763672,7143100
2025-12-09,9.050000190734863,9.050000190734863,9.140000343322754,8.569999694824219,8.710000038146973,8034900
2025-12-10,9.630000114440918,9.630000114440918,9.869999885559082,9.09000015258789,9.140000343322754,20382300
2025-12-11,9.770000457763672,9.770000457763672,9.84000015258789,9.489999771118164,9.579999923706055,6954000
2025-12-12,9.699999809265137,9.699999809265137,9.859999656677246,9.489999771118164,9.819999694824219,9208400
2025-12-15,9.579999923706055,9.579999923706055,9.789999961853027,9.4399995803833,9.75,7176800
2025-12-16,9.680000305175781,9.680000305175781,9.680000305175781,9.4399995803833,9.5600004196167,6897400
2025-12-17,9.5600004196167,9.5600004196167,9.739999771118164,9.390000343322754,9.729999542236328,8310500
2025-12-18,9.59000015258789,9.59000015258789,9.699999809265137,9.420000076293945,9.600000381469727,6191000
2025-12-19,9.279999732971191,9.279999732971191,9.59000015258789,9.199999809265137,9.5600004196167,11424600
2025-12-22,9.199999809265137,9.199999809265137,9.449999809265137,9.119999885559082,9.3100004196167,10686600
2025-12-23,9.210000038146973,9.210000038146973,9.25,9.119999885559082,9.239999771118164,5403700
2025-12-26,9.15999984741211,9.15999984741211,9.170000076293945,9.020000457763672,9.119999885559082,4919000
2025-12-29,8.930000305175781,8.930000305175781,9.239999771118164,8.899999618530273,9.210000038146973,8095700
2025-12-30,8.9399995803833,8.9399995803833,9.069999694824219,8.920000076293945,9.0,5246500
2026-01-02,8.699999809265137,8.699999809265137,9.020000457763672,8.699999809265137,8.9399995803833,12462400
2026-01-05,9.050000190734863,9.050000190734863,9.149999618530273,8.65999984741211,8.729999542236328,6496100
2026-01-06,9.319999694824219,9.319999694824219,9.420000076293945,8.949999809265137,9.100000381469727,10117700
2026-01-07,9.850000381469727,9.850000381469727,9.90999984741211,9.270000457763672,9.359999656677246,16022900
2026-01-08,9.859999656677246,9.859999656677246,9.899999618530273,9.5,9.789999961853027,9840400
2026-01-09,9.84000015258789,9.84000015258789,10.100000381469727,9.800000190734863,9.84000015258789,7617400
2026-01-12,9.920000076293945,9.920000076293945,9.949999809265137,9.770000457763672,9.84000015258789,6705000
2026-01-13,10.050000190734863,10.050000190734863,10.050000190734863,9.640000343322754,9.869999885559082,7113900
2026-01-14,10.270000457763672,10.270000457763672,10.430000305175781,9.729999542236328,10.109999656677246,11163200
2026-01-15,9.949999809265137,9.949999809265137,10.779999732971191,9.739999771118164,10.390000343322754,22666400
2026-01-16,9.510000228881836,9.510000228881836,9.970000267028809,9.0600004196167,9.880000114440918,23261500
2026-01-19,9.210000038146973,9.210000038146973,9.489999771118164,9.180000305175781,9.40999984741211,9019900
2026-01-20,8.930000305175781,8.930000305175781,9.15999984741211,8.890000343322754,9.109999656677246,11011600
2026-01-21,9.369999885559082,9.369999885559082,9.380000114440918,8.960000038146973,9.069999694824219,18339000
2026-01-22,9.539999961853027,9.539999961853027,9.979999542236328,9.350000381469727,9.399999618530273,18182900
2026-01-23,10.140000343322754,10.140000343322754,10.199999809265137,9.510000228881836,9.600000381469727,14107400
2026-01-26,9.960000038146973,9.960000038146973,10.479999542236328,9.90999984741211,10.260000228881836,13318700
2026-01-27,10.670000076293945,10.670000076293945,10.6899995803833,9.989999771118164,10.079999923706055,15581700
2026-01-28,10.890000343322754,10.890000343322754,11.319999694824219,10.670000076293945,10.699999809265137,16432200
2026-01-29,10.520000457763672,10.520000457763672,11.170000076293945,10.489999771118164,11.15999984741211,13276700
2026-01-30,10.069999694824219,10.069999694824219,10.420000076293945,9.9399995803833,10.329999923706055,14357700
2026-02-02,10.010000228881836,10.010000228881836,10.199999809265137,9.970000267028809,10.039999961853027,9347700
2026-02-03,10.369999885559082,10.369999885559082,10.4399995803833,10.0,10.100000381469727,10266600
2026-02-04,10.229999542236328,10.229999542236328,10.430000305175781,10.039999961853027,10.25,8461000
2026-02-05,9.899999618530273,9.899999618530273,10.270000457763672,9.899999618530273,10.210000038146973,12052200
2026-02-06,9.510000228881836,9.510000228881836,9.960000038146973,9.460000038146973,9.899999618530273,13482600
2026-02-09,9.850000381469727,9.850000381469727,9.920000076293945,9.489999771118164,9.5,16122100
2026-02-10,9.390000343322754,9.390000343322754,9.869999885559082,9.359999656677246,9.829999923706055,15926400
2026-02-11,9.619999885559082,9.619999885559082,9.680000305175781,9.279999732971191,9.510000228881836,16317200
2026-02-12,8.699999809265137,8.699999809265137,9.739999771118164,8.699999809265137,9.550000190734863,20952500
2026-02-13,8.729999542236328,8.729999542236328,8.800000190734863,8.399999618530273,8.539999961853027,22917800
2026-02-18,8.59000015258789,8.59000015258789,8.829999923706055,8.489999771118164,8.829999923706055,10116000
2026-02-19,8.529999732971191,8.529999732971191,8.640000343322754,8.390000343322754,8.609999656677246,13833600
2026-02-20,8.579999923706055,8.579999923706055,8.75,8.40999984741211,8.5,17145000
2026-02-23,8.529999732971191,8.529999732971191,8.5600004196167,8.289999961853027,8.529999732971191,17903700
2026-02-24,8.529999732971191,8.529999732971191,8.710000038146973,8.5,8.529999732971191,11964200
2026-02-25,8.619999885559082,8.619999885559082,8.699999809265137,8.529999732971191,8.609999656677246,8774800
2026-02-26,8.630000114440918,8.630000114440918,8.729999542236328,8.420000076293945,8.579999923706055,12533800
2026-02-27,8.619999885559082,8.619999885559082,8.619999885559082,8.489999771118164,8.569999694824219,10525600
2026-03-02,8.420000076293945,8.420000076293945,8.510000228881836,8.300000190734863,8.369999885559082,11092600
2026-03-03,7.909999847412109,7.909999847412109,8.180000305175781,7.800000190734863,8.180000305175781,15801000
2026-03-04,8.0,8.0,8.09000015258789,7.900000095367432,8.010000228881836,9134600
2026-03-05,7.510000228881836,7.510000228881836,8.0,7.510000228881836,7.96999979019165,16286500
2026-03-06,7.190000057220459,7.190000057220459,7.550000190734863,7.179999828338623,7.46999979019165,14698000
2026-03-09,7.190000057220459,7.190000057220459,7.300000190734863,6.960000038146973,7.139999866485596,14806000
2026-03-10,7.269999980926514,7.269999980926514,7.380000114440918,7.090000152587891,7.349999904632568,12211700
2026-03-11,7.130000114440918,7.130000114440918,7.329999923706055,7.079999923706055,7.21999979019165,12147100
2026-03-12,6.099999904632568,6.099999904632568,7.010000228881836,6.039999961853027,7.0,47734400
2026-03-13,5.71999979019165,5.71999979019165,6.179999828338623,5.670000076293945,6.159999847412109,36465200
2026-03-16,6.03000020980835,6.03000020980835,6.139999866485596,5.849999904632568,5.869999885559082,22389100
2026-03-17,6.340000152587891,6.340000152587891,6.510000228881836,6.039999961853027,6.039999961853027,24449900
2026-03-18,6.059999942779541,6.059999942779541,6.269999980926514,6.059999942779541,6.21999979019165,25082400
2026-03-19,6.090000152587891,6.090000152587891,6.28000020980835,5.75,5.829999923706055,27897500
2026-03-20,5.989999771118164,5.989999771118164,6.099999904632568,5.840000152587891,6.099999904632568,37070700
2026-03-23,6.539999961853027,6.539999961853027,6.619999885559082,6.099999904632568,6.139999866485596,20968700
2026-03-24,6.570000171661377,6.570000171661377,6.579999923706055,6.340000152587891,6.5,13347500
2026-03-25,6.599999904632568,6.599999904632568,6.690000057220459,6.510000228881836,6.679999828338623,12946400
2026-03-26,6.440000057220459,6.440000057220459,6.659999847412109,6.429999828338623,6.480000019073486,8907000
2026-03-27,6.179999828338623,6.179999828338623,6.46999979019165,6.170000076293945,6.440000057220459,10938800
2026-03-30,6.139999866485596,6.139999866485596,6.389999866485596,6.099999904632568,6.269999980926514,10759800
2026-03-31,6.329999923706055,6.329999923706055,6.380000114440918,6.210000038146973,6.269999980926514,12148400
2026-04-01,6.519999980926514,6.519999980926514,6.579999923706055,6.389999866485596,6.449999809265137,8816600
2026-04-02,6.46999979019165,6.46999979019165,6.510000228881836,6.289999961853027,6.340000152587891,6972300
2026-04-06,6.409999847412109,6.409999847412109,6.539999961853027,6.389999866485596,6.519999980926514,5826700
2026-04-07,6.360000133514404,6.360000133514404,6.420000076293945,6.269999980926514,6.400000095367432,8722900
2026-04-08,6.71999979019165,6.71999979019165,6.809999942779541,6.639999866485596,6.639999866485596,15227400
2026-04-09,6.789999961853027,6.789999961853027,6.860000133514404,6.599999904632568,6.679999828338623,11007700
2026-04-10,6.420000076293945,6.420000076293945,6.909999847412109,6.420000076293945,6.849999904632568,17337000
2026-04-13,6.519999980926514,6.519999980926514,6.53000020980835,6.309999942779541,6.380000114440918,9895200
2026-04-14,6.639999866485596,6.639999866485596,6.820000171661377,6.559999942779541,6.590000152587891,12944700
2026-04-15,6.639999866485596,6.639999866485596,6.739999771118164,6.510000228881836,6.630000114440918,8756700
2026-04-16,6.619999885559082,6.619999885559082,6.920000076293945,6.610000133514404,6.71999979019165,20928300
2026-04-17,6.789999961853027,6.789999961853027,6.929999828338623,6.75,6.800000190734863,13922600
2026-04-20,6.820000171661377,6.820000171661377,6.860000133514404,6.679999828338623,6.730000019073486,8061000
2026-04-22,6.639999866485596,6.639999866485596,6.789999961853027,6.639999866485596,6.75,11049800
2026-04-23,6.389999866485596,6.389999866485596,6.679999828338623,6.389999866485596,6.650000095367432,10110900
2026-04-24,6.429999828338623,6.429999828338623,6.619999885559082,6.329999923706055,6.380000114440918,7715100
2026-04-27,6.400000095367432,6.400000095367432,6.579999923706055,6.389999866485596,6.429999828338623,6646500
2026-04-28,6.420000076293945,6.420000076293945,6.420000076293945,6.309999942779541,6.360000133514404,5183000
2026-04-29,6.159999847412109,6.159999847412109,6.409999847412109,6.159999847412109,6.369999885559082,9126900
2026-04-30,6.230000019073486,6.230000019073486,6.349999904632568,6.230000019073486,6.239999771118164,11200500
2026-05-04,6.079999923706055,6.079999923706055,6.260000228881836,6.079999923706055,6.25,6692800
2026-05-05,6.269999980926514,6.269999980926514,6.340000152587891,6.079999923706055,6.110000133514404,7487200
2026-05-06,6.699999809265137,6.699999809265137,6.78000020980835,6.400000095367432,6.429999828338623,14649900
2026-05-07,6.579999923706055,6.579999923706055,6.78000020980835,6.550000190734863,6.730000019073486,6886800
2026-05-08,6.679999828338623,6.679999828338623,6.880000114440918,6.650000095367432,6.650000095367432,6923000
2026-05-11,6.679999828338623,6.679999828338623,6.75,6.570000171661377,6.619999885559082,6631000
2026-05-12,6.550000190734863,6.550000190734863,6.650000095367432,6.460000038146973,6.639999866485596,7013700
2026-05-13,6.369999885559082,6.369999885559082,6.619999885559082,6.360000133514404,6.599999904632568,10192400
2026-05-14,6.670000076293945,6.670000076293945,6.730000019073486,6.260000228881836,6.480000019073486,13518600
2026-05-15,6.420000076293945,6.420000076293945,6.5,6.21999979019165,6.5,17569700
2026-05-18,6.150000095367432,6.150000095367432,6.440000057220459,6.070000171661377,6.360000133514404,15875200
2026-05-19,5.900000095367432,5.900000095367432,6.119999885559082,5.880000114440918,6.070000171661377,12762200
2026-05-20,6.130000114440918,6.130000114440918,6.170000076293945,5.949999809265137,5.96999979019165,12356300
2026-05-21,6.340000152587891,6.340000152587891,6.349999904632568,6.070000171661377,6.090000152587891,10279500
2026-05-22,6.730000019073486,6.730000019073486,6.739999771118164,6.260000228881836,6.309999942779541,13506800
2026-05-25,6.71999979019165,6.71999979019165,6.829999923706055,6.599999904632568,6.760000228881836,6152300
2026-05-26,6.690000057220459,6.690000057220459,6.820000171661377,6.610000133514404,6.639999866485596,9424400
2026-05-27,6.550000190734863,6.550000190734863,6.849999904632568,6.5,6.840000152587891,12617300
2026-05-28,6.800000190734863,6.800000190734863,6.880000114440918,6.400000095367432,6.579999923706055,15221500
2026-05-29,6.710000038146973,6.710000038146973,6.909999847412109,6.659999847412109,6.789999961853027,11728700
2026-06-01,6.550000190734863,6.550000190734863,6.699999809265137,6.179999828338623,6.659999847412109,28197100
2026-06-02,7.130000114440918,7.130000114440918,7.300000190734863,6.550000190734863,6.550000190734863,30525000
2026-06-03,6.679999828338623,6.679999828338623,6.980000019073486,6.53000020980835,6.980000019073486,25347200
2026-06-05,6.0,6.0,6.599999904632568,5.989999771118164,6.590000152587891,34714100
2026-06-08,5.900000095367432,5.900000095367432,6.059999942779541,5.880000114440918,6.010000228881836,15866000
2026-06-09,6.070000171661377,6.070000171661377,6.199999809265137,5.78000020980835,5.960000038146973,23202800
2026-06-10,6.039999961853027,6.039999961853027,6.269999980926514,5.96999979019165,6.03000020980835,14973700
2026-06-11,6.010000228881836,6.010000228881836,6.110000133514404,5.860000133514404,6.059999942779541,14982400
2026-06-12,6.050000190734863,6.050000190734863,6.159999847412109,5.940000057220459,5.989999771118164,11031700
2026-06-15,6.090000152587891,6.090000152587891,6.5,6.059999942779541,6.230000019073486,14845000
2026-06-16,6.019999980926514,6.019999980926514,6.289999961853027,6.019999980926514,6.059999942779541,15586500
2026-06-17,5.630000114440918,5.630000114440918,6.090000152587891,5.630000114440918,6.070000171661377,29027900
2026-06-18,5.179999828338623,5.179999828338623,5.659999847412109,5.179999828338623,5.659999847412109,30296000
2026-06-19,5.260000228881836,5.260000228881836,5.260000228881836,5.139999866485596,5.199999809265137,11756200
2026-06-22,5.340000152587891,5.340000152587891,5.429999828338623,5.190000057220459,5.269999980926514,13340200
2026-06-23,5.269999980926514,5.269999980926514,5.420000076293945,5.170000076293945,5.239999771118164,14610600
2026-06-24,5.059999942779541,5.059999942779541,5.260000228881836,5.010000228881836,5.239999771118164,22735800
2026-06-25,4.820000171661377,4.820000171661377,5.130000114440918,4.820000171661377,5.079999923706055,22842500
2026-06-26,4.730000019073486,4.730000019073486,4.869999885559082,4.730000019073486,4.829999923706055,13148200
