Price,Adj Close,Close,High,Low,Open,Volume
Ticker,VIVT3.SA,VIVT3.SA,VIVT3.SA,VIVT3.SA,VIVT3.SA,VIVT3.SA
Date,,,,,,
2021-06-28,15.596403121948242,21.549999237060547,21.600000381469727,21.360000610351562,21.5,6399000
2021-06-29,15.350337982177734,21.209999084472656,21.454999923706055,20.90999984741211,21.450000762939453,5107200
2021-06-30,15.19835376739502,21.0,21.415000915527344,21.0,21.200000762939453,5731400
2021-07-01,15.196130752563477,20.809999465942383,20.920000076293945,20.635000228881836,20.885000228881836,3886800
2021-07-02,15.32026481628418,20.979999542236328,21.104999542236328,20.799999237060547,20.959999084472656,2708000
2021-07-05,15.371382713317871,21.049999237060547,21.309999465942383,20.905000686645508,21.0049991607666,3029200
2021-07-06,15.32026481628418,20.979999542236328,21.1299991607666,20.84000015258789,21.0049991607666,4072000
2021-07-07,15.521081924438477,21.2549991607666,21.344999313354492,20.8799991607666,21.084999084472656,4353200
2021-07-08,15.207077980041504,20.825000762939453,21.280000686645508,20.674999237060547,21.1299991607666,6171800
2021-07-12,15.469972610473633,21.184999465942383,21.184999465942383,20.764999389648438,20.84000015258789,4527400
2021-07-13,15.261849403381348,20.899999618530273,21.184999465942383,20.700000762939453,21.084999084472656,5926000
2021-07-14,15.232636451721191,20.860000610351562,21.125,20.655000686645508,21.0049991607666,6548600
2021-07-15,15.061042785644531,20.625,20.959999084472656,20.625,20.844999313354492,4354200
2021-07-16,15.046427726745605,20.604999542236328,20.8799991607666,20.604999542236328,20.725000381469727,4616800
2021-07-19,15.061042785644531,20.625,20.684999465942383,20.450000762939453,20.575000762939453,4435800
2021-07-20,15.02817440032959,20.579999923706055,20.899999618530273,20.485000610351562,20.610000610351562,3950200
2021-07-21,15.035472869873047,20.59000015258789,20.725000381469727,20.459999084472656,20.579999923706055,3171800
2021-07-22,15.042777061462402,20.600000381469727,20.725000381469727,20.559999465942383,20.56999969482422,2211600
2021-07-23,14.9588041305542,20.485000610351562,20.68000030517578,20.424999237060547,20.645000457763672,2791800
2021-07-26,14.936897277832031,20.454999923706055,20.520000457763672,20.170000076293945,20.514999389648438,4177800
2021-07-27,14.89307975769043,20.395000457763672,20.674999237060547,20.295000076293945,20.475000381469727,4541200
2021-07-28,15.130409240722656,20.719999313354492,20.81999969482422,20.3700008392334,20.520000457763672,4102400
2021-07-29,14.98801326751709,20.524999618530273,20.735000610351562,20.385000228881836,20.719999313354492,4214200
2021-07-30,15.046427726745605,20.604999542236328,20.93000030517578,20.46500015258789,20.475000381469727,7316000
2021-08-02,15.137709617614746,20.729999542236328,21.114999771118164,20.709999084472656,20.71500015258789,4293200
2021-08-03,15.31296157836914,20.969999313354492,20.9950008392334,20.674999237060547,20.954999923706055,3595600
2021-08-04,15.188827514648438,20.799999237060547,21.079999923706055,20.700000762939453,20.815000534057617,5962000
2021-08-05,15.090243339538574,20.665000915527344,21.065000534057617,20.65999984741211,20.9950008392334,3685400
2021-08-06,15.2837553024292,20.93000030517578,21.084999084472656,20.68000030517578,20.739999771118164,3981000
2021-08-09,15.382344245910645,21.065000534057617,21.170000076293945,20.94499969482422,20.94499969482422,2913000
2021-08-10,14.969755172729492,20.5,21.09000015258789,20.5,21.014999389648438,8428000
2021-08-11,15.188827514648438,20.799999237060547,20.959999084472656,20.405000686645508,20.594999313354492,4101800
2021-08-12,15.17421817779541,20.780000686645508,20.950000762939453,20.655000686645508,20.68000030517578,3424400
2021-08-13,15.371382713317871,21.049999237060547,21.09000015258789,20.579999923706055,20.700000762939453,4187400
2021-08-16,15.51742935180664,21.25,21.350000381469727,20.825000762939453,21.049999237060547,7636800
2021-08-17,15.76571273803711,21.59000015258789,21.600000381469727,21.045000076293945,21.354999542236328,8489000
2021-08-18,15.776660919189453,21.604999542236328,22.045000076293945,21.360000610351562,21.56999969482422,9350800
2021-08-19,15.762057304382324,21.584999084472656,21.8700008392334,21.21500015258789,21.405000686645508,6086000
2021-08-20,16.13447380065918,22.094999313354492,22.145000457763672,21.389999389648438,21.4950008392334,4781000
2021-08-23,16.013986587524414,21.93000030517578,22.09000015258789,21.735000610351562,22.084999084472656,3809600
2021-08-24,15.89715576171875,21.770000457763672,22.049999237060547,21.729999542236328,22.03499984741211,3812400
2021-08-25,15.838733673095703,21.690000534057617,21.809999465942383,21.559999465942383,21.770000457763672,3968800
2021-08-26,15.751102447509766,21.56999969482422,21.75,21.399999618530273,21.684999465942383,5763200
2021-08-27,15.776660919189453,21.604999542236328,21.795000076293945,21.475000381469727,21.565000534057617,3529400
2021-08-30,15.835079193115234,21.684999465942383,21.690000534057617,21.440000534057617,21.549999237060547,3221600
2021-08-31,15.966525077819824,21.864999771118164,21.864999771118164,21.489999771118164,21.704999923706055,7071800
2021-09-01,15.780314445495605,21.610000610351562,22.024999618530273,21.610000610351562,21.854999542236328,6965800
2021-09-02,15.491876602172852,21.21500015258789,21.524999618530273,21.21500015258789,21.520000457763672,4649600
2021-09-03,15.367735862731934,21.045000076293945,21.329999923706055,21.0,21.329999923706055,6333800
2021-09-06,15.491876602172852,21.21500015258789,21.575000762939453,21.030000686645508,21.049999237060547,3337400
2021-09-08,14.9989652633667,20.540000915527344,21.209999084472656,20.540000915527344,21.18000030517578,5803400
2021-09-09,15.418851852416992,21.114999771118164,21.479999542236328,20.559999465942383,20.604999542236328,6510200
2021-09-10,15.415199279785156,21.110000610351562,21.475000381469727,20.735000610351562,21.184999465942383,7516400
2021-09-13,15.499177932739258,21.225000381469727,21.5,21.084999084472656,21.260000228881836,2960600
2021-09-14,15.623311996459961,21.395000457763672,21.639999389648438,21.229999542236328,21.229999542236328,4470600
2021-09-15,15.123106956481934,20.709999084472656,21.44499969482422,20.69499969482422,21.399999618530273,6742400
2021-09-16,15.155961990356445,20.7549991607666,20.825000762939453,20.389999389648438,20.545000076293945,6927800
2021-09-17,15.375041007995605,21.05500030517578,21.05500030517578,20.56999969482422,20.795000076293945,9282200
2021-09-20,15.276453971862793,20.920000076293945,21.049999237060547,20.6200008392334,21.040000915527344,5260000
2021-09-21,15.418851852416992,21.114999771118164,21.40999984741211,20.75,20.899999618530273,6106400
2021-09-22,15.882543563842773,21.75,21.895000457763672,21.014999389648438,21.149999618530273,5748600
2021-09-23,16.01033592224121,21.924999237060547,21.924999237060547,21.614999771118164,21.75,3565000
2021-09-24,15.747455596923828,21.565000534057617,21.84000015258789,21.53499984741211,21.729999542236328,3341400
2021-09-27,15.751102447509766,21.56999969482422,21.729999542236328,21.31999969482422,21.479999542236328,5308000
2021-09-28,15.389639854431152,21.075000762939453,21.485000610351562,20.9950008392334,21.415000915527344,4385600
2021-09-29,15.4845609664917,21.204999923706055,21.260000228881836,21.010000228881836,21.204999923706055,3536600
2021-09-30,15.652521133422852,21.434999465942383,21.434999465942383,21.014999389648438,21.040000915527344,6917800
2021-10-01,15.776704788208008,21.424999237060547,21.469999313354492,20.989999771118164,21.204999923706055,5955400
2021-10-04,15.655206680297852,21.260000228881836,21.559999465942383,21.1299991607666,21.375,4941800
2021-10-05,15.887163162231445,21.575000762939453,21.7450008392334,21.139999389648438,21.44499969482422,5213200
2021-10-06,15.76565933227539,21.40999984741211,21.690000534057617,21.239999771118164,21.55500030517578,3416400
2021-10-07,15.90556812286377,21.600000381469727,21.81999969482422,21.309999465942383,21.489999771118164,5624800
2021-10-08,16.568300247192383,22.5,22.610000610351562,21.639999389648438,21.709999084472656,7880000
2021-10-11,16.675073623657227,22.645000457763672,22.809999465942383,22.354999542236328,22.434999465942383,4869800
2021-10-13,16.93648338317871,23.0,23.1200008392334,22.600000381469727,22.600000381469727,6345400
2021-10-14,16.86284828186035,22.899999618530273,23.045000076293945,22.71500015258789,22.950000762939453,2646200
2021-10-15,16.99907684326172,23.084999084472656,23.295000076293945,22.905000686645508,22.975000381469727,8456800
2021-10-18,17.1021728515625,23.225000381469727,23.450000762939453,22.924999237060547,23.0,4443600
2021-10-19,16.903358459472656,22.954999923706055,23.149999618530273,22.81999969482422,22.975000381469727,7766600
2021-10-20,16.93648338317871,23.0,23.28499984741211,22.915000915527344,22.954999923706055,2559400
2021-10-21,16.671396255493164,22.639999389648438,22.969999313354492,22.450000762939453,22.55500030517578,6577800
2021-10-22,16.40630531311035,22.280000686645508,22.600000381469727,21.989999771118164,22.395000457763672,10348400
2021-10-25,16.524120330810547,22.440000534057617,22.614999771118164,22.315000534057617,22.440000534057617,4388000
2021-10-26,16.490985870361328,22.395000457763672,22.524999618530273,22.125,22.125,6308600
2021-10-27,16.417346954345703,22.295000076293945,22.674999237060547,22.204999923706055,22.399999618530273,5837000
2021-10-28,16.568300247192383,22.5,22.81999969482422,22.014999389648438,22.290000915527344,5106200
2021-10-29,16.759763717651367,22.760000228881836,22.889999389648438,22.5,22.5,4683200
2021-11-01,17.142671585083008,23.280000686645508,23.43000030517578,22.790000915527344,23.0,7142600
2021-11-03,18.276681900024414,24.81999969482422,24.844999313354492,23.239999771118164,23.274999618530273,10160000
2021-11-04,18.29140853881836,24.84000015258789,25.125,24.5,24.81999969482422,6973200
2021-11-05,18.52336311340332,25.155000686645508,25.2549991607666,24.68000030517578,24.844999313354492,7532000
2021-11-08,18.703773498535156,25.399999618530273,25.399999618530273,24.885000228881836,24.885000228881836,5102200
2021-11-09,18.331907272338867,24.895000457763672,25.389999389648438,24.825000762939453,25.389999389648438,9625800
2021-11-10,18.173595428466797,24.68000030517578,25.139999389648438,24.565000534057617,24.68000030517578,7598000
2021-11-11,18.11836051940918,24.604999542236328,25.024999618530273,24.524999618530273,24.69499969482422,5145400
2021-11-12,18.144132614135742,24.639999389648438,24.815000534057617,24.299999237060547,24.524999618530273,3278200
2021-11-16,18.22513771057129,24.75,24.75,24.375,24.399999618530273,3395400
2021-11-17,18.13677215576172,24.6299991607666,24.80500030517578,24.450000762939453,24.795000076293945,5309200
2021-11-18,18.269319534301758,24.809999465942383,24.969999313354492,24.530000686645508,24.59000015258789,3852800
2021-11-19,19.513784408569336,26.5,26.979999542236328,25.5,26.0049991607666,11106200
2021-11-22,19.116146087646484,25.959999084472656,27.059999465942383,25.915000915527344,26.9950008392334,8373400
2021-11-23,18.77741241455078,25.5,26.065000534057617,25.21500015258789,25.959999084472656,4758200
2021-11-24,18.692729949951172,25.385000228881836,25.540000915527344,25.200000762939453,25.260000228881836,5157400
2021-11-25,18.88786506652832,25.649999618530273,26.0,25.28499984741211,25.385000228881836,3410800
2021-11-26,18.718503952026367,25.420000076293945,25.600000381469727,25.125,25.450000762939453,5569600
2021-11-29,18.52704429626465,25.15999984741211,25.709999084472656,25.05500030517578,25.295000076293945,3630200
2021-11-30,18.516000747680664,25.145000457763672,25.235000610351562,24.75,25.100000381469727,11777000
2021-12-01,18.4018611907959,24.989999771118164,25.53499984741211,24.899999618530273,24.899999618530273,4572000
2021-12-02,18.497594833374023,25.1200008392334,25.655000686645508,25.049999237060547,25.235000610351562,4826800
2021-12-03,18.722183227539062,25.424999237060547,25.600000381469727,25.110000610351562,25.110000610351562,5010200
2021-12-06,18.446046829223633,25.049999237060547,25.510000228881836,25.049999237060547,25.354999542236328,3401400
2021-12-07,18.394500732421875,24.979999542236328,25.25,24.78499984741211,25.06999969482422,4695200
2021-12-08,18.070499420166016,24.540000915527344,24.9950008392334,24.165000915527344,24.790000915527344,5156000
2021-12-09,17.717039108276367,24.059999465942383,24.725000381469727,23.829999923706055,24.579999923706055,4194400
2021-12-10,18.07785987854004,24.549999237060547,24.6299991607666,24.0049991607666,24.104999542236328,3597000
2021-12-13,18.041048049926758,24.5,24.690000534057617,24.350000381469727,24.690000534057617,3858000
2021-12-14,18.004220962524414,24.450000762939453,24.81999969482422,24.235000610351562,24.764999389648438,4898600
2021-12-15,17.926902770996094,24.344999313354492,24.625,24.274999618530273,24.450000762939453,4249200
2021-12-16,18.092588424682617,24.56999969482422,24.594999313354492,24.21500015258789,24.594999313354492,4693400
2021-12-17,18.133085250854492,24.625,24.78499984741211,24.350000381469727,24.485000610351562,6521000
2021-12-20,18.0594482421875,24.524999618530273,24.6200008392334,24.235000610351562,24.389999389648438,2743000
2021-12-21,18.133085250854492,24.625,24.665000915527344,24.299999237060547,24.44499969482422,2587400
2021-12-22,18.36504364013672,24.940000534057617,24.940000534057617,24.454999923706055,24.565000534057617,3837600
2021-12-23,18.36136245727539,24.934999465942383,25.059999465942383,24.7450008392334,24.9950008392334,2764400
2021-12-27,18.250905990600586,24.78499984741211,25.209999084472656,24.78499984741211,25.149999618530273,2984600
2021-12-28,18.169307708740234,23.989999771118164,24.264999389648438,23.934999465942383,24.264999389648438,2120000
2021-12-29,18.279129028320312,24.135000228881836,24.299999237060547,23.959999084472656,24.135000228881836,1860400
2021-12-30,18.24883460998535,24.094999313354492,24.4950008392334,24.020000457763672,24.46500015258789,4785200
2022-01-03,18.104934692382812,23.905000686645508,24.395000457763672,23.719999313354492,24.084999084472656,3929200
2022-01-04,18.104934692382812,23.905000686645508,24.075000762939453,23.665000915527344,23.780000686645508,3172400
2022-01-05,18.082212448120117,23.875,24.299999237060547,23.559999465942383,23.770000457763672,4777600
2022-01-06,17.790626525878906,23.489999771118164,23.889999389648438,23.389999389648438,23.78499984741211,3487600
2022-01-07,17.669445037841797,23.329999923706055,23.559999465942383,23.209999084472656,23.530000686645508,3394000
2022-01-10,17.722455978393555,23.399999618530273,23.584999084472656,23.03499984741211,23.114999771118164,3715400
2022-01-11,17.635366439819336,23.28499984741211,23.475000381469727,23.170000076293945,23.219999313354492,5585800
2022-01-12,17.680805206298828,23.344999313354492,23.559999465942383,23.030000686645508,23.290000915527344,3462000
2022-01-13,17.8133544921875,23.520000457763672,23.655000686645508,23.184999465942383,23.225000381469727,2644800
2022-01-14,17.752758026123047,23.440000534057617,23.6200008392334,23.364999771118164,23.514999389648438,2228600
2022-01-17,17.99132537841797,23.7549991607666,24.094999313354492,23.354999542236328,23.395000457763672,2566000
2022-01-18,18.029197692871094,23.80500030517578,23.94499969482422,23.565000534057617,23.7450008392334,2323600
2022-01-19,18.438175201416016,24.344999313354492,24.549999237060547,23.780000686645508,23.829999923706055,4594000
2022-01-20,18.32836151123047,24.200000762939453,24.545000076293945,24.200000762939453,24.479999542236328,3318800
2022-01-21,18.313213348388672,24.18000030517578,24.280000686645508,23.7450008392334,24.155000686645508,3793200
2022-01-24,18.207181930541992,24.040000915527344,24.420000076293945,23.959999084472656,24.280000686645508,3425200
2022-01-25,18.347288131713867,24.225000381469727,24.290000915527344,23.809999465942383,23.915000915527344,3495600
2022-01-26,18.09357261657715,23.889999389648438,24.454999923706055,23.65999984741211,24.28499984741211,5600200
2022-01-27,18.441967010498047,24.350000381469727,24.420000076293945,23.860000610351562,24.219999313354492,2856800
2022-01-28,18.506345748901367,24.434999465942383,24.674999237060547,24.010000228881836,24.010000228881836,4184600
2022-01-31,18.813077926635742,24.84000015258789,25.0,24.274999618530273,24.395000457763672,5063200
2022-02-01,18.786571502685547,24.80500030517578,25.170000076293945,24.690000534057617,24.84000015258789,2836400
2022-02-02,18.752483367919922,24.760000228881836,24.989999771118164,24.71500015258789,24.764999389648438,2799000
2022-02-03,18.987276077270508,25.06999969482422,25.149999618530273,24.760000228881836,24.760000228881836,2538400
2022-02-04,18.824432373046875,24.854999542236328,25.09000015258789,24.579999923706055,24.9950008392334,2493800
2022-02-07,18.593433380126953,24.549999237060547,24.774999618530273,24.209999084472656,24.774999618530273,3425200
2022-02-08,18.654029846191406,24.6299991607666,24.6299991607666,24.149999618530273,24.584999084472656,3850000
2022-02-09,19.16146469116211,25.299999237060547,25.299999237060547,24.594999313354492,24.625,5285000
2022-02-10,18.775205612182617,24.790000915527344,25.354999542236328,24.65999984741211,25.34000015258789,4427600
2022-02-11,18.873666763305664,24.920000076293945,25.219999313354492,24.639999389648438,24.795000076293945,3454000
2022-02-14,18.869876861572266,24.915000915527344,25.165000915527344,24.725000381469727,25.165000915527344,3771000
2022-02-15,18.555574417114258,24.5,25.135000228881836,24.5,25.024999618530273,4756400
2022-02-16,18.665388107299805,24.645000457763672,24.915000915527344,24.415000915527344,24.520000457763672,4440600
2022-02-17,18.839580535888672,24.875,24.954999923706055,24.459999084472656,24.700000762939453,2848200
2022-02-18,18.74869728088379,24.7549991607666,24.934999465942383,24.579999923706055,24.875,2784800
2022-02-21,18.771419525146484,24.78499984741211,25.0,24.4950008392334,24.639999389648438,1954000
2022-02-22,18.578289031982422,24.530000686645508,25.014999389648438,24.415000915527344,24.940000534057617,2765400
2022-02-23,18.60858726501465,24.56999969482422,25.100000381469727,24.56999969482422,24.71500015258789,2921200
2022-02-24,18.869876861572266,24.915000915527344,24.94499969482422,24.075000762939453,24.299999237060547,4586200
2022-02-25,18.99863052368164,25.084999084472656,25.204999923706055,24.604999542236328,24.6200008392334,5551600
2022-03-02,18.652305603027344,24.575000762939453,25.165000915527344,24.5049991607666,24.989999771118164,4160400
2022-03-03,18.515682220458984,24.395000457763672,24.84000015258789,24.395000457763672,24.575000762939453,4946800
2022-03-04,18.45876121520996,24.31999969482422,24.594999313354492,24.155000686645508,24.399999618530273,3473800
2022-03-07,18.45876121520996,24.31999969482422,24.34000015258789,24.05500030517578,24.209999084472656,4075400
2022-03-08,18.519479751586914,24.399999618530273,24.665000915527344,23.954999923706055,24.440000534057617,5440800
2022-03-09,18.84204864501953,24.825000762939453,25.03499984741211,24.364999771118164,24.5,4846200
2022-03-10,18.67127227783203,24.600000381469727,24.844999313354492,24.405000686645508,24.530000686645508,5985200
2022-03-11,18.887588500976562,24.885000228881836,25.454999923706055,24.575000762939453,24.729999542236328,6383200
2022-03-14,19.028003692626953,25.06999969482422,25.229999542236328,24.709999084472656,24.885000228881836,5618600
2022-03-15,19.30503273010254,25.434999465942383,25.90999984741211,24.895000457763672,24.959999084472656,10559400
2022-03-16,19.54033088684082,25.7450008392334,25.7450008392334,25.375,25.5,6457600
2022-03-17,19.82874298095703,26.125,26.139999389648438,25.565000534057617,25.639999389648438,6399400
2022-03-18,20.132341384887695,26.524999618530273,26.524999618530273,25.959999084472656,26.145000457763672,14317200
2022-03-21,20.253780364990234,26.684999465942383,26.81999969482422,26.149999618530273,26.434999465942383,6935200
2022-03-22,20.367631912231445,26.834999084472656,26.90999984741211,26.424999237060547,26.65999984741211,4415400
2022-03-23,20.234804153442383,26.65999984741211,26.899999618530273,26.6299991607666,26.850000381469727,9392600
2022-03-24,20.265169143676758,26.700000762939453,27.219999313354492,26.53499984741211,26.774999618530273,8944200
2022-03-25,20.249982833862305,26.68000030517578,26.875,26.610000610351562,26.825000762939453,4122200
2022-03-28,20.208242416381836,26.625,26.93000030517578,26.5049991607666,26.704999923706055,3262200
2022-03-29,20.113367080688477,26.5,27.094999313354492,26.354999542236328,26.875,3595600
2022-03-30,20.208242416381836,26.625,26.625,26.190000534057617,26.520000457763672,3505000
2022-03-31,20.37521743774414,26.844999313354492,27.0049991607666,26.5049991607666,26.575000762939453,4628800
2022-04-01,20.751697540283203,27.264999389648438,27.34000015258789,26.760000228881836,26.774999618530273,10395200
2022-04-04,20.527170181274414,26.969999313354492,27.329999923706055,26.684999465942383,27.329999923706055,4023200
2022-04-05,20.759309768676758,27.274999618530273,27.540000915527344,26.915000915527344,27.0,5282600
2022-04-06,21.063753128051758,27.674999237060547,27.674999237060547,27.114999771118164,27.440000534057617,4136200
2022-04-07,20.607086181640625,27.075000762939453,27.59000015258789,27.075000762939453,27.530000686645508,4670600
2022-04-08,20.42442512512207,26.834999084472656,27.239999771118164,26.670000076293945,26.850000381469727,3611400
2022-04-11,20.390169143676758,26.790000915527344,26.985000610351562,26.415000915527344,26.8700008392334,1951800
2022-04-12,20.184667587280273,26.520000457763672,26.94499969482422,26.434999465942383,26.700000762939453,3484200
2022-04-13,20.329280853271484,26.709999084472656,26.905000686645508,26.5049991607666,26.5049991607666,3582200
2022-04-14,20.4472599029541,26.864999771118164,26.864999771118164,26.469999313354492,26.469999313354492,2365400
2022-04-18,20.3406982421875,26.725000381469727,26.969999313354492,26.649999618530273,26.774999618530273,2316800
2022-04-19,20.131391525268555,26.450000762939453,26.674999237060547,26.3799991607666,26.55500030517578,4041000
2022-04-20,20.085723876953125,26.389999389648438,26.540000915527344,26.204999923706055,26.399999618530273,3452800
2022-04-22,20.066694259643555,26.364999771118164,26.475000381469727,26.09000015258789,26.149999618530273,5065800
2022-04-25,20.416807174682617,26.825000762939453,26.854999542236328,26.200000762939453,26.28499984741211,6940600
2022-04-26,20.416807174682617,26.825000762939453,27.065000534057617,26.709999084472656,26.9950008392334,5525200
2022-04-27,20.176183700561523,25.90999984741211,26.59000015258789,25.469999313354492,26.385000228881836,7266800
2022-04-28,20.39812469482422,26.19499969482422,26.260000228881836,25.809999465942383,25.969999313354492,4033600
2022-04-29,20.70960235595703,26.594999313354492,26.594999313354492,25.950000762939453,26.270000457763672,6934000
2022-05-02,20.331148147583008,26.065000534057617,26.53499984741211,25.40999984741211,26.5049991607666,6674600
2022-05-03,20.19074821472168,25.885000228881836,26.079999923706055,25.565000534057617,26.079999923706055,3688200
2022-05-04,20.47545051574707,26.25,26.25,25.610000610351562,25.690000534057617,4404800
2022-05-05,19.81633949279785,25.405000686645508,26.06999969482422,25.28499984741211,26.020000457763672,3664000
2022-05-06,19.74223518371582,25.309999465942383,25.600000381469727,25.045000076293945,25.239999771118164,3634800
2022-05-09,19.855337142944336,25.454999923706055,25.584999084472656,25.174999237060547,25.229999542236328,3678400
2022-05-10,19.812440872192383,25.399999618530273,25.774999618530273,25.31999969482422,25.479999542236328,2908000
2022-05-11,19.118223190307617,24.510000228881836,25.354999542236328,24.31999969482422,25.200000762939453,5047000
2022-05-12,19.477033615112305,24.969999313354492,24.969999313354492,24.260000228881836,24.260000228881836,3759600
2022-05-13,19.21182632446289,24.6299991607666,25.225000381469727,24.6299991607666,25.225000381469727,4348600
2022-05-16,19.289823532104492,24.729999542236328,24.815000534057617,24.5,24.604999542236328,3914600
2022-05-17,19.45362663269043,24.940000534057617,25.260000228881836,24.7450008392334,24.915000915527344,3180200
2022-05-18,19.332725524902344,24.78499984741211,25.079999923706055,24.69499969482422,25.045000076293945,3821200
2022-05-19,19.496530532836914,24.9950008392334,25.149999618530273,24.655000686645508,24.78499984741211,2251400
2022-05-20,19.523832321166992,25.030000686645508,25.2450008392334,24.844999313354492,25.2450008392334,2616800
2022-05-23,20.11664390563965,25.790000915527344,25.94499969482422,25.024999618530273,25.065000534057617,3742600
2022-05-24,20.249244689941406,25.959999084472656,26.0,25.389999389648438,25.799999237060547,5190000
2022-05-25,20.416954040527344,26.174999237060547,26.31999969482422,25.790000915527344,25.790000915527344,3465600
2022-05-26,20.272642135620117,25.989999771118164,26.2450008392334,25.875,26.155000686645508,3770000
2022-05-27,20.101045608520508,25.770000457763672,25.985000610351562,25.610000610351562,25.905000686645508,2780000
2022-05-30,20.097143173217773,25.764999389648438,25.954999923706055,25.649999618530273,25.920000076293945,1468200
2022-05-31,19.90993309020996,25.524999618530273,26.024999618530273,25.420000076293945,25.889999389648438,7396800
2022-06-01,19.683734893798828,25.235000610351562,25.479999542236328,25.06999969482422,25.364999771118164,5087800
2022-06-02,19.921640396118164,25.540000915527344,25.670000076293945,25.125,25.405000686645508,2603400
2022-06-03,19.64472770690918,25.184999465942383,25.645000457763672,25.104999542236328,25.53499984741211,3279800
2022-06-06,19.063621520996094,24.440000534057617,25.31999969482422,24.344999313354492,25.184999465942383,2023400
2022-06-07,18.72430992126465,24.0049991607666,24.44499969482422,23.8700008392334,24.1299991607666,2947800
2022-06-08,18.48640251159668,23.700000762939453,23.93000030517578,23.3700008392334,23.774999618530273,4006600
2022-06-09,18.279705047607422,23.434999465942383,23.850000381469727,23.34000015258789,23.850000381469727,4240400
2022-06-10,18.252403259277344,23.399999618530273,23.639999389648438,23.135000228881836,23.3700008392334,4398200
2022-06-13,18.033998489379883,23.1200008392334,23.450000762939453,22.940000534057617,23.325000762939453,3945000
2022-06-14,18.076889038085938,23.174999237060547,23.280000686645508,22.93000030517578,23.200000762939453,3652600
2022-06-15,18.201702117919922,23.334999084472656,23.579999923706055,23.274999618530273,23.280000686645508,4101400
2022-06-17,17.729787826538086,22.729999542236328,23.415000915527344,22.655000686645508,23.200000762939453,7463600
2022-06-20,17.79609489440918,22.815000534057617,22.9950008392334,22.639999389648438,22.815000534057617,1836600
2022-06-21,18.349905014038086,23.524999618530273,23.81999969482422,22.760000228881836,22.850000381469727,6587200
2022-06-22,18.31480598449707,23.479999542236328,23.719999313354492,23.2549991607666,23.700000762939453,3151200
2022-06-23,18.287500381469727,23.44499969482422,23.975000381469727,23.40999984741211,23.530000686645508,3357200
2022-06-24,18.1549015045166,23.274999618530273,23.545000076293945,23.2450008392334,23.510000228881836,2329800
2022-06-27,18.21339988708496,23.350000381469727,23.600000381469727,23.28499984741211,23.350000381469727,2131400
2022-06-28,18.127599716186523,23.239999771118164,23.549999237060547,23.094999313354492,23.520000457763672,2711600
2022-06-29,17.807790756225586,22.829999923706055,23.3700008392334,22.645000457763672,23.270000457763672,4245200
2022-06-30,18.353801727294922,23.530000686645508,23.770000457763672,22.625,22.649999618530273,8108200
2022-07-01,18.658824920654297,23.774999618530273,23.9950008392334,23.25,23.729999542236328,4815600
2022-07-04,18.250720977783203,23.2549991607666,23.774999618530273,23.135000228881836,23.729999542236328,1659000
2022-07-05,18.195796966552734,23.184999465942383,23.520000457763672,23.020000457763672,23.239999771118164,2598400
2022-07-06,18.509708404541016,23.584999084472656,23.770000457763672,22.885000228881836,22.9950008392334,2786400
2022-07-07,18.576419830322266,23.670000076293945,23.860000610351562,23.229999542236328,23.5049991607666,3351400
2022-07-08,18.635276794433594,23.7450008392334,24.1299991607666,23.55500030517578,23.709999084472656,2258400
2022-07-11,18.78439712524414,23.934999465942383,24.104999542236328,23.485000610351562,23.719999313354492,3636800
2022-07-12,18.694141387939453,23.81999969482422,24.190000534057617,23.684999465942383,24.190000534057617,3231200
2022-07-13,18.521484375,23.600000381469727,23.905000686645508,23.600000381469727,23.75,3220000
2022-07-14,18.548952102661133,23.635000228881836,23.815000534057617,23.325000762939453,23.329999923706055,3194200
2022-07-15,18.51363182067871,23.59000015258789,23.844999313354492,23.420000076293945,23.725000381469727,2244600
2022-07-18,18.407690048217773,23.454999923706055,23.75,23.424999237060547,23.584999084472656,2239800
2022-07-19,18.643125534057617,23.7549991607666,23.885000228881836,23.354999542236328,23.530000686645508,2836800
2022-07-20,18.39983558654785,23.44499969482422,24.100000381469727,23.325000762939453,23.579999923706055,3577200
2022-07-21,18.435157775878906,23.489999771118164,23.575000762939453,23.05500030517578,23.540000915527344,2590200
2022-07-22,18.37629508972168,23.415000915527344,23.639999389648438,23.170000076293945,23.4950008392334,2706800
2022-07-25,18.215412139892578,23.209999084472656,23.6299991607666,23.139999389648438,23.479999542236328,1822200
2022-07-26,18.203638076782227,23.19499969482422,23.385000228881836,23.114999771118164,23.2549991607666,2334400
2022-07-27,17.618955612182617,22.450000762939453,23.09000015258789,22.2549991607666,23.075000762939453,6573200
2022-07-28,17.611108779907227,22.440000534057617,22.600000381469727,22.209999084472656,22.354999542236328,5638400
2022-07-29,17.50123405456543,22.299999237060547,22.524999618530273,22.299999237060547,22.440000534057617,5524000
2022-08-01,17.505155563354492,22.30500030517578,22.450000762939453,21.940000534057617,22.100000381469727,7399800
2022-08-02,17.387434005737305,22.155000686645508,22.3799991607666,22.010000228881836,22.125,4446200
2022-08-03,17.50123405456543,22.299999237060547,22.385000228881836,22.049999237060547,22.200000762939453,5661600
2022-08-04,17.76021957397461,22.6299991607666,22.825000762939453,22.3700008392334,22.375,5033000
2022-08-05,17.834774017333984,22.725000381469727,22.885000228881836,22.514999389648438,22.645000457763672,4671600
2022-08-08,17.94072914123535,22.860000610351562,22.969999313354492,22.610000610351562,22.84000015258789,5892400
2022-08-09,18.168319702148438,23.149999618530273,23.399999618530273,22.795000076293945,22.8700008392334,4856600
2022-08-10,18.207561492919922,23.200000762939453,23.350000381469727,23.045000076293945,23.350000381469727,6251000
2022-08-11,18.0898380279541,23.049999237060547,23.469999313354492,23.045000076293945,23.354999542236328,3914400
2022-08-12,18.054519653320312,23.0049991607666,23.274999618530273,22.864999771118164,23.049999237060547,5373400
2022-08-15,17.69351577758789,22.545000076293945,23.104999542236328,22.5,23.06999969482422,3502000
2022-08-16,17.768068313598633,22.639999389648438,22.65999984741211,22.415000915527344,22.604999542236328,3733200
2022-08-17,17.783763885498047,22.65999984741211,22.940000534057617,22.524999618530273,22.524999618530273,5865600
2022-08-18,17.575788497924805,22.395000457763672,22.735000610351562,22.19499969482422,22.735000610351562,4650800
2022-08-19,17.410978317260742,22.184999465942383,22.424999237060547,22.049999237060547,22.424999237060547,4398000
2022-08-22,17.395286560058594,22.165000915527344,22.520000457763672,22.059999465942383,22.204999923706055,3909800
2022-08-23,17.308956146240234,22.05500030517578,22.2450008392334,21.875,22.2450008392334,4044400
2022-08-24,17.030351638793945,21.700000762939453,22.204999923706055,21.700000762939453,22.030000686645508,3890200
2022-08-25,16.814525604248047,21.424999237060547,21.860000610351562,21.399999618530273,21.80500030517578,4428400
2022-08-26,16.575159072875977,21.1200008392334,21.530000686645508,21.100000381469727,21.510000228881836,3403000
2022-08-29,16.59477424621582,21.145000457763672,21.30500030517578,20.924999237060547,21.1200008392334,4760400
2022-08-30,16.567312240600586,21.110000610351562,21.485000610351562,21.094999313354492,21.309999465942383,4273600
2022-08-31,16.14351463317871,20.56999969482422,21.31999969482422,20.56999969482422,21.200000762939453,12238000
2022-09-01,16.26165008544922,20.6299991607666,20.735000610351562,20.450000762939453,20.549999237060547,5938400
2022-09-02,16.37200927734375,20.770000457763672,21.065000534057617,20.649999618530273,20.7450008392334,6323600
2022-09-05,16.466596603393555,20.889999389648438,21.280000686645508,20.864999771118164,21.0,2310400
2022-09-06,16.592723846435547,21.049999237060547,21.084999084472656,20.764999389648438,20.950000762939453,4900600
2022-09-08,16.588781356811523,21.045000076293945,21.19499969482422,20.8700008392334,21.049999237060547,5628200
2022-09-09,16.864662170410156,21.395000457763672,21.56999969482422,21.104999542236328,21.190000534057617,4085600
2022-09-12,16.78584098815918,21.295000076293945,21.56999969482422,21.165000915527344,21.56999969482422,3753600
2022-09-13,16.320775985717773,20.704999923706055,21.295000076293945,20.649999618530273,21.204999923706055,3345600
2022-09-14,16.30500602722168,20.684999465942383,21.06999969482422,20.530000686645508,20.725000381469727,3718800
2022-09-15,16.269533157348633,20.639999389648438,20.844999313354492,20.575000762939453,20.704999923706055,3174200
2022-09-16,16.013355255126953,20.315000534057617,20.704999923706055,20.315000534057617,20.649999618530273,15875400
2022-09-19,16.155237197875977,20.4950008392334,20.575000762939453,20.209999084472656,20.299999237060547,4867400
2022-09-20,16.17888832092285,20.524999618530273,20.639999389648438,20.334999084472656,20.4950008392334,5065400
2022-09-21,16.202537536621094,20.55500030517578,20.649999618530273,20.40999984741211,20.524999618530273,5993200
2022-09-22,16.651844024658203,21.125,21.200000762939453,20.55500030517578,20.760000228881836,6270400
2022-09-23,16.533605575561523,20.975000381469727,21.145000457763672,20.84000015258789,20.954999923706055,7380400
2022-09-26,16.202537536621094,20.55500030517578,20.975000381469727,20.55500030517578,20.950000762939453,1673800
2022-09-27,15.94635009765625,20.229999542236328,20.475000381469727,20.225000381469727,20.405000686645508,4609000
2022-09-28,16.060649871826172,20.375,20.520000457763672,20.184999465942383,20.325000762939453,5007800
2022-09-29,15.91088581085205,20.184999465942383,20.329999923706055,19.985000610351562,20.325000762939453,6183800
2022-09-30,15.958172798156738,20.2450008392334,20.350000381469727,20.010000228881836,20.174999237060547,8577600
2022-10-03,16.553306579589844,21.0,21.014999389648438,20.325000762939453,20.3700008392334,9727600
2022-10-04,16.214357376098633,20.56999969482422,21.34000015258789,20.479999542236328,21.25,5824400
2022-10-05,15.800522804260254,20.045000076293945,20.625,20.045000076293945,20.559999465942383,6618000
2022-10-06,15.59952163696289,19.790000915527344,20.19499969482422,19.790000915527344,20.084999084472656,7530000
2022-10-07,15.772939682006836,20.010000228881836,20.079999923706055,19.81999969482422,19.889999389648438,5879800
2022-10-10,15.847819328308105,20.104999542236328,20.15999984741211,19.940000534057617,20.100000381469727,7436600
2022-10-11,15.768990516662598,20.0049991607666,20.350000381469727,19.8799991607666,20.104999542236328,6012800
2022-10-13,15.71776008605957,19.940000534057617,20.05500030517578,19.709999084472656,19.9950008392334,7138000
2022-10-14,15.524635314941406,19.69499969482422,20.104999542236328,19.635000228881836,19.950000762939453,4608000
2022-10-17,15.433984756469727,19.579999923706055,19.875,19.579999923706055,19.875,3248000
2022-10-18,15.520695686340332,19.690000534057617,19.84000015258789,19.514999389648438,19.684999465942383,5041800
2022-10-19,16.044883728027344,20.354999542236328,20.405000686645508,19.69499969482422,19.69499969482422,6981000
2022-10-20,15.859644889831543,20.1200008392334,20.604999542236328,19.985000610351562,20.5,7235600
2022-10-21,15.753232955932617,19.985000610351562,20.139999389648438,19.790000915527344,20.100000381469727,3810800
2022-10-24,15.68622875213623,19.899999618530273,20.200000762939453,19.799999237060547,19.959999084472656,5171600
2022-10-25,15.607400894165039,19.799999237060547,19.979999542236328,19.735000610351562,19.889999389648438,4816800
2022-10-26,15.729582786560059,19.954999923706055,20.360000610351562,19.829999923706055,19.90999984741211,9688400
2022-10-27,16.127653121948242,20.459999084472656,20.549999237060547,19.915000915527344,19.969999313354492,10267000
2022-10-28,16.202537536621094,20.55500030517578,20.635000228881836,20.28499984741211,20.385000228881836,6457400
2022-10-31,16.281360626220703,20.655000686645508,20.729999542236328,20.344999313354492,20.545000076293945,8809400
2022-11-01,16.096118927001953,20.420000076293945,20.649999618530273,20.334999084472656,20.600000381469727,5319800
2022-11-03,16.435070037841797,20.850000381469727,20.895000457763672,19.915000915527344,20.19499969482422,7915200
2022-11-04,16.19070816040039,20.540000915527344,21.065000534057617,20.540000915527344,21.065000534057617,5829000
2022-11-07,16.072471618652344,20.389999389648438,20.635000228881836,20.174999237060547,20.350000381469727,5816800
2022-11-08,16.198591232299805,20.549999237060547,20.649999618530273,20.165000915527344,20.424999237060547,6909400
2022-11-09,16.17888832092285,20.524999618530273,20.674999237060547,20.5049991607666,20.53499984741211,3903200
2022-11-10,15.914825439453125,20.190000534057617,20.434999465942383,20.010000228881836,20.2450008392334,6495400
2022-11-11,16.308942794799805,20.690000534057617,20.825000762939453,20.18000030517578,20.19499969482422,12930000
2022-11-14,15.938462257385254,20.219999313354492,20.885000228881836,20.18000030517578,20.735000610351562,4841600
2022-11-16,15.473397254943848,19.6299991607666,20.2549991607666,19.559999465942383,20.18000030517578,5224600
2022-11-17,15.29604434967041,19.405000686645508,19.59000015258789,19.100000381469727,19.549999237060547,5301200
2022-11-18,15.256627082824707,19.354999542236328,20.03499984741211,19.225000381469727,19.565000534057617,5192200
2022-11-21,15.355157852172852,19.479999542236328,20.0049991607666,19.385000228881836,19.90999984741211,7443000
2022-11-22,15.288164138793945,19.395000457763672,19.600000381469727,19.100000381469727,19.5,6939000
2022-11-23,15.366982460021973,19.4950008392334,19.559999465942383,19.204999923706055,19.34000015258789,3514400
2022-11-24,15.56405258178711,19.7450008392334,19.834999084472656,19.469999313354492,19.540000915527344,2512200
2022-11-25,15.26451587677002,19.364999771118164,19.729999542236328,19.34000015258789,19.665000915527344,4201600
2022-11-28,15.162038803100586,19.235000610351562,19.524999618530273,19.155000686645508,19.3799991607666,4780400
2022-11-29,15.150215148925781,19.219999313354492,19.530000686645508,19.149999618530273,19.290000915527344,4788600
2022-11-30,14.996503829956055,19.024999618530273,19.260000228881836,18.8799991607666,19.219999313354492,12069600
2022-12-01,15.197507858276367,19.280000686645508,19.31999969482422,18.850000381469727,19.0,7534000
2022-12-02,15.560103416442871,19.739999771118164,19.829999923706055,19.18000030517578,19.290000915527344,6152400
2022-12-05,15.181747436523438,19.260000228881836,19.645000457763672,19.200000762939453,19.524999618530273,5458200
2022-12-06,15.162038803100586,19.235000610351562,19.459999084472656,19.045000076293945,19.329999923706055,4163600
2022-12-07,15.122625350952148,19.184999465942383,19.375,19.075000762939453,19.30500030517578,3262000
2022-12-08,14.63391399383545,18.565000534057617,19.19499969482422,18.5,19.110000610351562,7217000
2022-12-09,14.81915283203125,18.799999237060547,18.94499969482422,18.40999984741211,18.559999465942383,4190000
2022-12-12,14.783679008483887,18.7549991607666,18.905000686645508,18.540000915527344,18.905000686645508,4392600
2022-12-13,14.653615951538086,18.59000015258789,19.0049991607666,18.514999389648438,18.799999237060547,6023400
2022-12-14,14.732440948486328,18.690000534057617,18.889999389648438,18.200000762939453,18.5,7303600
2022-12-15,14.645730972290039,18.579999923706055,19.020000457763672,18.475000381469727,18.56999969482422,2875600
2022-12-16,14.527495384216309,18.43000030517578,18.729999542236328,18.239999771118164,18.584999084472656,6916800
2022-12-19,14.531437873840332,18.434999465942383,18.84000015258789,18.344999313354492,18.5049991607666,4295200
2022-12-20,14.87826919555664,18.875,18.9950008392334,18.354999542236328,18.399999618530273,3969000
2022-12-21,14.890094757080078,18.889999389648438,19.1299991607666,18.795000076293945,18.924999237060547,3010400
2022-12-22,14.97680377960205,19.0,19.1200008392334,18.729999542236328,19.0049991607666,3469200
2022-12-23,15.158096313476562,19.229999542236328,19.25,19.014999389648438,19.09000015258789,2439000
2022-12-26,14.803386688232422,18.780000686645508,19.21500015258789,18.780000686645508,19.21500015258789,1275400
2022-12-27,14.74426555633545,18.704999923706055,18.950000762939453,18.6200008392334,18.850000381469727,3002400
2022-12-28,14.925566673278809,18.934999465942383,19.045000076293945,18.690000534057617,18.704999923706055,2752200
2022-12-29,15.11474323272705,19.174999237060547,19.389999389648438,18.969999313354492,19.0,5029200
2023-01-02,14.738459587097168,18.19499969482422,18.670000076293945,18.1200008392334,18.5,2238600
2023-01-03,14.442794799804688,17.829999923706055,18.274999618530273,17.815000534057617,18.155000686645508,4195800
2023-01-04,14.758706092834473,18.219999313354492,18.415000915527344,17.84000015258789,17.895000457763672,4294600
2023-01-05,15.155621528625488,18.709999084472656,18.815000534057617,18.424999237060547,18.600000381469727,7621800
2023-01-06,15.479630470275879,19.110000610351562,19.209999084472656,18.610000610351562,18.709999084472656,4652400
2023-01-09,15.43102741241455,19.049999237060547,19.34000015258789,18.899999618530273,19.2549991607666,5215400
2023-01-10,15.593029022216797,19.25,19.354999542236328,18.770000457763672,18.80500030517578,6605600
2023-01-11,15.722636222839355,19.40999984741211,19.649999618530273,19.114999771118164,19.235000610351562,8255200
2023-01-12,15.718585014343262,19.405000686645508,19.559999465942383,19.059999465942383,19.489999771118164,7237800
2023-01-13,15.443178176879883,19.065000534057617,19.399999618530273,18.954999923706055,19.204999923706055,6834600
2023-01-16,15.45533275604248,19.079999923706055,19.184999465942383,18.834999084472656,19.06999969482422,2108200
2023-01-17,15.811745643615723,19.520000457763672,19.7450008392334,19.03499984741211,19.100000381469727,7741600
2023-01-18,16.200559616088867,20.0,20.0,19.5049991607666,19.579999923706055,6754400
2023-01-19,16.22890853881836,20.03499984741211,20.204999923706055,19.764999389648438,19.895000457763672,4819600
2023-01-20,15.9858980178833,19.735000610351562,20.024999618530273,19.584999084472656,20.0,4398200
2023-01-23,16.78782844543457,20.725000381469727,20.725000381469727,19.739999771118164,19.860000610351562,11027200
2023-01-24,16.443565368652344,20.299999237060547,20.729999542236328,20.045000076293945,20.579999923706055,6770000
2023-01-25,16.21270751953125,20.014999389648438,20.30500030517578,19.854999542236328,20.229999542236328,2905400
2023-01-26,16.28965950012207,20.110000610351562,20.235000610351562,19.969999313354492,20.075000762939453,2222000
2023-01-27,16.366609573364258,20.204999923706055,20.274999618530273,19.954999923706055,20.100000381469727,3519000
2023-01-30,16.435468673706055,20.290000915527344,20.385000228881836,20.155000686645508,20.2450008392334,3879600
2023-01-31,16.937686920166016,20.90999984741211,20.90999984741211,20.350000381469727,20.375,12635000
2023-02-01,16.297760009765625,20.1200008392334,20.90999984741211,20.014999389648438,20.844999313354492,4969800
2023-02-02,16.006149291992188,19.760000228881836,20.135000228881836,19.579999923706055,20.110000610351562,9973000
2023-02-03,15.775296211242676,19.475000381469727,19.8700008392334,19.46500015258789,19.709999084472656,3533400
2023-02-06,15.633539199829102,19.299999237060547,19.489999771118164,19.2549991607666,19.44499969482422,3870800
2023-02-07,15.536333084106445,19.18000030517578,19.540000915527344,19.05500030517578,19.44499969482422,4809400
2023-02-08,15.710493087768555,19.395000457763672,19.514999389648438,19.05500030517578,19.18000030517578,2705400
2023-02-09,15.576834678649902,19.229999542236328,19.65999984741211,19.1299991607666,19.3799991607666,5274600
2023-02-10,15.827943801879883,19.540000915527344,19.725000381469727,19.3700008392334,19.459999084472656,4007000
2023-02-13,15.908944129943848,19.639999389648438,19.690000534057617,19.43000030517578,19.540000915527344,2645600
2023-02-14,16.010196685791016,19.764999389648438,19.93000030517578,19.559999465942383,19.604999542236328,7480800
2023-02-15,16.06690216064453,19.834999084472656,20.165000915527344,19.56999969482422,19.649999618530273,7706800
2023-02-16,16.394954681396484,20.239999771118164,20.415000915527344,19.600000381469727,19.9950008392334,5674000
2023-02-17,16.836429595947266,20.78499984741211,20.78499984741211,20.114999771118164,20.174999237060547,6824200
2023-02-22,16.08310317993164,19.854999542236328,20.329999923706055,19.815000534057617,20.25,3652400
2023-02-23,15.99804973602295,19.75,19.96500015258789,19.655000686645508,19.96500015258789,5556000
2023-02-24,15.904898643493652,19.635000228881836,19.989999771118164,19.514999389648438,19.7549991607666,2225600
2023-02-27,15.969701766967773,19.71500015258789,19.829999923706055,19.610000610351562,19.770000457763672,1596600
2023-02-28,15.771239280700684,19.469999313354492,19.860000610351562,19.469999313354492,19.71500015258789,6984000
2023-03-01,15.756543159484863,19.420000076293945,19.645000457763672,19.204999923706055,19.559999465942383,3147000
2023-03-02,15.642953872680664,19.280000686645508,19.565000534057617,19.239999771118164,19.420000076293945,5868600
2023-03-03,15.480687141418457,19.079999923706055,19.360000610351562,18.979999542236328,19.315000534057617,5003800
2023-03-06,15.70380687713623,19.354999542236328,19.5,19.049999237060547,19.219999313354492,3861800
2023-03-07,15.910697937011719,19.610000610351562,19.68000030517578,19.334999084472656,19.385000228881836,3862200
2023-03-08,15.83768367767334,19.520000457763672,19.71500015258789,19.274999618530273,19.584999084472656,6059200
2023-03-09,15.979665756225586,19.69499969482422,19.834999084472656,19.364999771118164,19.364999771118164,3744400
2023-03-10,15.805224418640137,19.479999542236328,19.610000610351562,19.350000381469727,19.53499984741211,3209600
2023-03-13,15.849853515625,19.53499984741211,19.579999923706055,19.290000915527344,19.344999313354492,2583600
2023-03-14,15.995894432067871,19.71500015258789,19.75,19.479999542236328,19.56999969482422,2627800
2023-03-15,16.25958824157715,20.040000915527344,20.079999923706055,19.475000381469727,19.594999313354492,4609200
2023-03-16,16.296096801757812,20.084999084472656,20.270000457763672,19.905000686645508,20.0049991607666,6731600
2023-03-17,15.724091529846191,19.3799991607666,20.010000228881836,19.3799991607666,20.010000228881836,12006800
2023-03-20,15.813336372375488,19.489999771118164,19.559999465942383,19.28499984741211,19.3799991607666,2415000
2023-03-21,15.59427261352539,19.219999313354492,19.479999542236328,19.125,19.44499969482422,3179400
2023-03-22,15.545594215393066,19.15999984741211,19.46500015258789,19.094999313354492,19.149999618530273,2666000
2023-03-23,15.630785942077637,19.264999389648438,19.704999923706055,19.145000457763672,19.229999542236328,4822000
2023-03-24,15.874190330505371,19.565000534057617,19.6200008392334,19.15999984741211,19.19499969482422,4041600
2023-03-27,15.95127010345459,19.65999984741211,19.774999618530273,19.559999465942383,19.639999389648438,3541800
2023-03-28,16.117599487304688,19.864999771118164,19.93000030517578,19.59000015258789,19.600000381469727,4828400
2023-03-29,16.154109954833984,19.90999984741211,20.145000457763672,19.78499984741211,19.940000534057617,3667400
2023-03-30,16.255529403686523,20.03499984741211,20.3799991607666,19.924999237060547,20.075000762939453,3902400
2023-03-31,15.68352222442627,19.329999923706055,20.139999389648438,19.209999084472656,20.03499984741211,6317800
2023-04-03,15.53458023071289,19.059999465942383,19.28499984741211,18.600000381469727,19.200000762939453,4522400
2023-04-04,15.893200874328613,19.5,19.59000015258789,19.110000610351562,19.190000534057617,2998400
2023-04-05,15.827997207641602,19.420000076293945,19.71500015258789,19.21500015258789,19.5,2025600
2023-04-06,16.015459060668945,19.649999618530273,19.665000915527344,19.350000381469727,19.350000381469727,2781400
2023-04-10,16.125486373901367,19.78499984741211,19.795000076293945,19.5049991607666,19.649999618530273,1973400
2023-04-11,16.374074935913086,20.09000015258789,20.149999618530273,19.829999923706055,19.850000381469727,5586800
2023-04-12,16.455577850341797,20.190000534057617,20.440000534057617,19.94499969482422,20.084999084472656,6267600
2023-04-13,16.643033981323242,20.420000076293945,20.459999084472656,20.280000686645508,20.3700008392334,4673400
2023-04-14,16.683271408081055,20.219999313354492,20.280000686645508,19.969999313354492,20.1299991607666,3541800
2023-04-17,16.852413177490234,20.424999237060547,20.530000686645508,20.2549991607666,20.5,2919800
2023-04-18,16.84416389465332,20.415000915527344,20.469999313354492,20.30500030517578,20.424999237060547,2373000
2023-04-19,16.786405563354492,20.344999313354492,20.645000457763672,20.309999465942383,20.40999984741211,3736200
2023-04-20,16.823537826538086,20.389999389648438,20.475000381469727,20.040000915527344,20.475000381469727,2409800
2023-04-24,16.64202308654785,20.170000076293945,20.350000381469727,20.135000228881836,20.204999923706055,3509200
2023-04-25,16.66263771057129,20.19499969482422,20.329999923706055,20.0,20.05500030517578,4460400
2023-04-26,16.604890823364258,20.125,20.334999084472656,20.06999969482422,20.149999618530273,2221400
2023-04-27,17.017438888549805,20.625,20.635000228881836,20.125,20.125,5637000
2023-04-28,16.963802337646484,20.559999465942383,20.709999084472656,20.3799991607666,20.645000457763672,4518200
2023-05-02,16.959678649902344,20.55500030517578,20.700000762939453,20.3799991607666,20.5,3755400
2023-05-03,16.955551147460938,20.549999237060547,20.625,20.344999313354492,20.469999313354492,3295400
2023-05-04,16.88129234313965,20.459999084472656,20.815000534057617,20.395000457763672,20.549999237060547,3663400
2023-05-05,17.079315185546875,20.700000762939453,20.90999984741211,20.454999923706055,20.454999923706055,3922000
2023-05-08,16.996809005737305,20.600000381469727,20.934999465942383,20.420000076293945,20.770000457763672,5915200
2023-05-09,16.906049728393555,20.489999771118164,20.6299991607666,20.204999923706055,20.520000457763672,3784400
2023-05-10,17.104068756103516,20.729999542236328,20.93000030517578,20.405000686645508,20.625,4072000
2023-05-11,17.22370719909668,20.875,21.024999618530273,20.530000686645508,20.65999984741211,2969200
2023-05-12,17.170076370239258,20.809999465942383,20.860000610351562,20.395000457763672,20.770000457763672,4308000
2023-05-15,17.2773380279541,20.940000534057617,20.940000534057617,20.729999542236328,20.8700008392334,2704800
2023-05-16,17.17833137512207,20.81999969482422,21.280000686645508,20.81999969482422,21.014999389648438,3928400
2023-05-17,17.062814712524414,20.68000030517578,20.975000381469727,20.635000228881836,20.850000381469727,3093600
2023-05-18,17.149450302124023,20.78499984741211,21.059999465942383,20.68000030517578,20.68000030517578,4864200
2023-05-19,17.194828033447266,20.84000015258789,20.96500015258789,20.71500015258789,20.860000610351562,5006800
2023-05-22,17.203079223632812,20.850000381469727,21.165000915527344,20.639999389648438,20.795000076293945,4046400
2023-05-23,17.19895362854004,20.844999313354492,21.0,20.764999389648438,20.854999542236328,3928200
2023-05-24,17.00506019592285,20.610000610351562,20.815000534057617,20.485000610351562,20.795000076293945,4472000
2023-05-25,17.392850875854492,21.079999923706055,21.190000534057617,20.655000686645508,20.93000030517578,5611000
2023-05-26,17.273210525512695,20.934999465942383,21.225000381469727,20.920000076293945,21.21500015258789,3402600
2023-05-29,17.244333267211914,20.899999618530273,20.985000610351562,20.704999923706055,20.934999465942383,2059400
2023-05-30,16.93079948425293,20.520000457763672,21.059999465942383,20.520000457763672,21.010000228881836,5237000
2023-05-31,16.501750946044922,20.0,20.579999923706055,20.0,20.520000457763672,35330600
2023-06-01,16.813812255859375,20.280000686645508,20.514999389648438,19.850000381469727,19.950000762939453,7752600
2023-06-02,17.112285614013672,20.639999389648438,20.795000076293945,20.174999237060547,20.510000228881836,5566000
2023-06-05,17.108135223388672,20.635000228881836,20.809999465942383,20.549999237060547,20.690000534057617,2365800
2023-06-06,17.642902374267578,21.280000686645508,21.399999618530273,20.549999237060547,20.704999923706055,6608400
2023-06-07,17.589006423950195,21.21500015258789,21.424999237060547,21.149999618530273,21.389999389648438,6160000
2023-06-09,18.020132064819336,21.735000610351562,22.09000015258789,21.325000762939453,21.325000762939453,6544200
2023-06-12,18.165220260620117,21.90999984741211,21.969999313354492,21.625,21.625,4341600
2023-06-13,17.79213523864746,21.459999084472656,22.084999084472656,21.334999084472656,21.915000915527344,5309600
2023-06-14,18.40979766845703,22.204999923706055,22.264999389648438,21.3700008392334,21.450000762939453,9098800
2023-06-15,18.277145385742188,22.045000076293945,22.190000534057617,21.885000228881836,22.174999237060547,3738800
2023-06-16,17.825298309326172,21.5,21.954999923706055,21.5,21.825000762939453,14430800
2023-06-19,17.92478370666504,21.6200008392334,21.725000381469727,21.350000381469727,21.5,1810000
2023-06-20,17.879188537597656,21.565000534057617,21.604999542236328,21.1299991607666,21.485000610351562,4568600
2023-06-21,18.020132064819336,21.735000610351562,22.0,21.5049991607666,21.545000076293945,6769000
2023-06-22,17.605588912963867,21.235000610351562,21.760000228881836,21.184999465942383,21.5,3781800
2023-06-23,17.709218978881836,21.360000610351562,21.469999313354492,21.190000534057617,21.190000534057617,2590400
2023-06-26,17.535114288330078,21.149999618530273,21.5049991607666,21.104999542236328,21.364999771118164,1944200
2023-06-27,17.55583953857422,21.174999237060547,21.6299991607666,21.125,21.225000381469727,4849800
2023-06-28,17.721654891967773,21.375,21.4950008392334,21.184999465942383,21.295000076293945,3534400
2023-06-29,17.866750717163086,21.549999237060547,21.665000915527344,21.34000015258789,21.5,3498400
2023-06-30,17.937219619750977,21.635000228881836,21.920000076293945,21.6299991607666,21.69499969482422,3475000
2023-07-03,17.8004207611084,21.469999313354492,21.829999923706055,21.40999984741211,21.645000457763672,2305600
2023-07-04,17.76311492919922,21.424999237060547,21.56999969482422,21.424999237060547,21.4950008392334,1495200
2023-07-05,17.804567337036133,21.475000381469727,21.575000762939453,21.2549991607666,21.424999237060547,4622600
2023-07-06,17.57657241821289,21.200000762939453,21.520000457763672,21.110000610351562,21.40999984741211,4644600
2023-07-07,17.456348419189453,21.05500030517578,21.290000915527344,21.020000457763672,21.209999084472656,2979200
2023-07-10,17.381738662719727,20.96500015258789,21.104999542236328,20.854999542236328,21.03499984741211,2416400
2023-07-11,17.070833206176758,20.59000015258789,20.90999984741211,20.559999465942383,20.875,3782000
2023-07-12,17.116432189941406,20.645000457763672,20.774999618530273,20.440000534057617,20.6299991607666,4095200
2023-07-13,17.058399200439453,20.575000762939453,20.829999923706055,20.575000762939453,20.799999237060547,3600200
2023-07-14,16.78065299987793,20.239999771118164,20.6200008392334,20.174999237060547,20.549999237060547,4176400
2023-07-17,16.83453941345215,20.30500030517578,20.389999389648438,20.184999465942383,20.239999771118164,2555000
2023-07-18,16.6811580657959,20.1200008392334,20.514999389648438,19.93000030517578,20.3700008392334,5655000
2023-07-19,16.70189094543457,20.145000457763672,20.225000381469727,19.959999084472656,20.145000457763672,2667000
2023-07-20,16.871849060058594,20.350000381469727,20.424999237060547,20.1200008392334,20.34000015258789,3987800
2023-07-21,17.03766441345215,20.549999237060547,20.844999313354492,20.360000610351562,20.420000076293945,8194800
2023-07-24,17.087413787841797,20.610000610351562,20.780000686645508,20.299999237060547,20.44499969482422,5753000
2023-07-25,17.15373992919922,20.690000534057617,20.96500015258789,20.440000534057617,20.684999465942383,4444400
2023-07-26,18.03256607055664,21.75,21.844999313354492,21.0049991607666,21.28499984741211,9824000
2023-07-27,17.497806549072266,21.104999542236328,21.924999237060547,21.084999084472656,21.815000534057617,4295400
2023-07-28,17.564136505126953,21.184999465942383,21.325000762939453,21.05500030517578,21.30500030517578,2808000
2023-07-31,17.456348419189453,21.05500030517578,21.385000228881836,21.024999618530273,21.229999542236328,4868800
2023-08-01,17.679122924804688,21.200000762939453,21.354999542236328,20.825000762939453,20.895000457763672,4053000
2023-08-02,17.75834083557129,21.295000076293945,21.475000381469727,21.139999389648438,21.139999389648438,2932200
2023-08-03,17.691631317138672,21.21500015258789,21.3700008392334,21.020000457763672,21.350000381469727,4880000
2023-08-04,17.787525177001953,21.329999923706055,21.575000762939453,21.100000381469727,21.21500015258789,2930800
2023-08-07,17.704133987426758,21.229999542236328,21.510000228881836,21.200000762939453,21.315000534057617,4142400
2023-08-08,17.800037384033203,21.344999313354492,21.46500015258789,20.985000610351562,21.15999984741211,3034400
2023-08-09,17.641592025756836,21.155000686645508,21.3799991607666,20.915000915527344,21.190000534057617,5919000
2023-08-10,17.75834083557129,21.295000076293945,21.440000534057617,21.155000686645508,21.174999237060547,2822400
2023-08-11,17.72498321533203,21.2549991607666,21.524999618530273,21.149999618530273,21.31999969482422,3235000
2023-08-14,17.712480545043945,21.239999771118164,21.329999923706055,21.020000457763672,21.264999389648438,2722800
2023-08-15,17.5623722076416,21.059999465942383,21.309999465942383,21.040000915527344,21.139999389648438,2721800
2023-08-16,17.48314666748047,20.96500015258789,21.21500015258789,20.90999984741211,21.075000762939453,4762000
2023-08-17,17.62908172607422,21.139999389648438,21.309999465942383,20.860000610351562,20.975000381469727,4887800
2023-08-18,17.775022506713867,21.315000534057617,21.5049991607666,20.959999084472656,21.100000381469727,4809600
2023-08-21,17.524839401245117,21.014999389648438,21.344999313354492,20.940000534057617,21.28499984741211,3695200
2023-08-22,17.524839401245117,21.014999389648438,21.155000686645508,20.899999618530273,21.06999969482422,4412800
2023-08-23,17.47897720336914,20.959999084472656,21.1200008392334,20.850000381469727,21.014999389648438,4334400
2023-08-24,17.37890625,20.84000015258789,21.014999389648438,20.799999237060547,20.969999313354492,2632400
2023-08-25,17.262163162231445,20.700000762939453,20.9950008392334,20.450000762939453,20.875,6158400
2023-08-28,17.533178329467773,21.024999618530273,21.024999618530273,20.68000030517578,20.68000030517578,2897600
2023-08-29,17.829221725463867,21.3799991607666,21.40999984741211,20.969999313354492,21.03499984741211,3208000
2023-08-30,17.520673751831055,21.010000228881836,21.5,21.010000228881836,21.469999313354492,2623200
2023-08-31,17.241304397583008,20.674999237060547,21.219999313354492,20.674999237060547,21.1200008392334,7754000
2023-09-01,17.446395874023438,20.84000015258789,21.024999618530273,20.579999923706055,20.739999771118164,6301200
2023-09-04,17.42128562927246,20.809999465942383,20.924999237060547,20.6200008392334,20.84000015258789,1996200
2023-09-05,17.354312896728516,20.729999542236328,21.059999465942383,20.55500030517578,20.7549991607666,5135000
2023-09-06,17.46733283996582,20.864999771118164,21.28499984741211,20.709999084472656,20.709999084472656,5537600
2023-09-08,17.52174949645996,20.93000030517578,21.135000228881836,20.81999969482422,20.895000457763672,5026000
2023-09-11,17.78544807434082,21.2450008392334,21.295000076293945,20.790000915527344,21.03499984741211,4644800
2023-09-12,17.90265464782715,21.385000228881836,21.469999313354492,21.18000030517578,21.235000610351562,2761200
2023-09-13,17.86916732788086,21.344999313354492,21.5,21.30500030517578,21.389999389648438,3245600
2023-09-14,18.16636085510254,21.700000762939453,21.700000762939453,21.350000381469727,21.405000686645508,3132000
2023-09-15,18.12031364440918,21.645000457763672,21.780000686645508,21.559999465942383,21.780000686645508,5602200
2023-09-18,18.471923828125,22.065000534057617,22.329999923706055,21.649999618530273,21.649999618530273,5921200
2023-09-19,18.61005401611328,22.229999542236328,22.450000762939453,22.03499984741211,22.075000762939453,7657800
2023-09-20,18.75236701965332,22.399999618530273,22.434999465942383,22.139999389648438,22.184999465942383,4808400
2023-09-21,18.547269821166992,22.155000686645508,22.31999969482422,21.950000762939453,22.139999389648438,4830200
2023-09-22,18.325416564941406,21.889999389648438,22.114999771118164,21.860000610351562,22.114999771118164,4527600
2023-09-25,18.468435287475586,22.0,22.114999771118164,21.774999618530273,21.850000381469727,3409600
2023-09-26,18.4306640625,21.954999923706055,22.135000228881836,21.915000915527344,22.0,4073000
2023-09-27,18.132648468017578,21.600000381469727,22.05500030517578,21.485000610351562,21.969999313354492,4878800
2023-09-28,18.18721580505371,21.665000915527344,21.825000762939453,21.485000610351562,21.600000381469727,6107000
2023-09-29,18.124252319335938,21.59000015258789,21.78499984741211,21.43000030517578,21.674999237060547,6546400
2023-10-02,18.35091209411621,21.860000610351562,22.024999618530273,21.5,21.5,6920000
2023-10-03,18.359302520751953,21.8700008392334,22.110000610351562,21.770000457763672,21.825000762939453,4449000
2023-10-04,18.55657958984375,22.104999542236328,22.170000076293945,21.844999313354492,21.875,5281200
2023-10-05,18.770645141601562,22.360000610351562,22.424999237060547,22.040000915527344,22.040000915527344,3617200
2023-10-06,18.82101821899414,22.420000076293945,22.5,22.139999389648438,22.139999389648438,4488800
2023-10-09,19.072858810424805,22.719999313354492,22.80500030517578,22.274999618530273,22.399999618530273,4754800
2023-10-10,19.341493606567383,23.040000915527344,23.30500030517578,22.6299991607666,22.700000762939453,7225600
2023-10-11,19.50098991394043,23.229999542236328,23.274999618530273,23.014999389648438,23.059999465942383,5729200
2023-10-13,19.383460998535156,23.09000015258789,23.31999969482422,22.96500015258789,23.315000534057617,6757600
2023-10-16,19.53456687927246,23.270000457763672,23.415000915527344,23.1200008392334,23.149999618530273,3695600
2023-10-17,19.194580078125,22.864999771118164,23.264999389648438,22.780000686645508,23.190000534057617,4949600
2023-10-18,19.240753173828125,22.920000076293945,23.145000457763672,22.700000762939453,22.725000381469727,6386400
2023-10-19,19.21556854248047,22.889999389648438,23.1299991607666,22.864999771118164,22.899999618530273,4791400
2023-10-20,18.946937561035156,22.56999969482422,23.014999389648438,22.56999969482422,22.809999465942383,3036400
2023-10-23,18.921754837036133,22.540000915527344,22.889999389648438,22.5049991607666,22.5049991607666,4524000
2023-10-24,19.271076202392578,22.90999984741211,22.950000762939453,22.549999237060547,22.549999237060547,4222600
2023-10-25,19.13228988647461,22.7450008392334,23.06999969482422,22.704999923706055,22.954999923706055,3241600
2023-10-26,19.363615036010742,23.020000457763672,23.190000534057617,22.760000228881836,22.78499984741211,6504600
2023-10-27,18.812639236450195,22.364999771118164,23.135000228881836,22.21500015258789,23.0049991607666,5610600
2023-10-30,18.968257904052734,22.549999237060547,22.7549991607666,22.295000076293945,22.364999771118164,5259000
2023-10-31,19.02713966369629,22.6200008392334,22.885000228881836,22.510000228881836,22.600000381469727,4294400
2023-11-01,19.990276336669922,23.764999389648438,23.875,22.90999984741211,22.924999237060547,8255200
2023-11-03,20.040742874145508,23.825000762939453,24.235000610351562,23.709999084472656,24.0,7897400
2023-11-06,19.85988998413086,23.610000610351562,23.940000534057617,23.4950008392334,23.854999542236328,4783000
2023-11-07,20.204771041870117,24.020000457763672,24.06999969482422,23.69499969482422,23.704999923706055,5856800
2023-11-08,20.84825897216797,24.78499984741211,24.799999237060547,24.065000534057617,24.075000762939453,8731800
2023-11-09,20.823022842407227,24.7549991607666,25.09000015258789,24.514999389648438,24.780000686645508,6538600
2023-11-10,21.0711669921875,25.049999237060547,25.149999618530273,24.59000015258789,24.764999389648438,4920600
2023-11-13,21.30669403076172,25.329999923706055,25.469999313354492,24.93000030517578,24.985000610351562,5797000
2023-11-14,21.411846160888672,25.454999923706055,26.25,25.280000686645508,25.46500015258789,8394800
2023-11-16,21.310901641845703,25.334999084472656,25.5,25.024999618530273,25.354999542236328,7915400
2023-11-17,21.180522918701172,25.18000030517578,25.334999084472656,24.959999084472656,25.329999923706055,7382200
2023-11-20,21.172107696533203,25.170000076293945,25.170000076293945,24.940000534057617,25.125,3918000
2023-11-21,21.315107345581055,25.34000015258789,25.440000534057617,24.924999237060547,25.170000076293945,2675200
2023-11-22,21.584280014038086,25.65999984741211,25.795000076293945,25.3700008392334,25.3700008392334,4298800
2023-11-23,22.04271125793457,26.204999923706055,26.204999923706055,25.489999771118164,25.579999923706055,3745400
2023-11-24,21.9501895904541,26.094999313354492,26.235000610351562,25.885000228881836,26.059999465942383,3464200
2023-11-27,22.02589225769043,26.184999465942383,26.469999313354492,26.094999313354492,26.125,3761400
2023-11-28,21.899715423583984,26.03499984741211,26.454999923706055,25.9950008392334,26.075000762939453,4371800
2023-11-29,22.131038665771484,26.309999465942383,26.309999465942383,25.81999969482422,25.9950008392334,5222200
2023-11-30,22.18992042541504,26.3799991607666,26.540000915527344,26.065000534057617,26.30500030517578,12657600
2023-12-01,22.05112648010254,26.21500015258789,26.5,26.21500015258789,26.315000534057617,3569000
2023-12-04,22.253007888793945,26.454999923706055,26.454999923706055,26.104999542236328,26.18000030517578,3725800
2023-12-05,22.345531463623047,26.565000534057617,26.6200008392334,26.139999389648438,26.454999923706055,2896200
2023-12-06,22.408620834350586,26.639999389648438,26.75,26.510000228881836,26.625,4135000
2023-12-07,22.38759422302246,26.614999771118164,26.75,26.440000534057617,26.59000015258789,3796000
2023-12-08,22.501144409179688,26.75,26.75,26.399999618530273,26.614999771118164,2941400
2023-12-11,22.253007888793945,26.454999923706055,26.7450008392334,26.290000915527344,26.674999237060547,3152600
2023-12-12,22.442272186279297,26.68000030517578,26.68000030517578,26.28499984741211,26.450000762939453,2944000
2023-12-13,22.76190948486328,27.059999465942383,27.114999771118164,26.600000381469727,26.639999389648438,5879800
2023-12-14,22.858642578125,27.174999237060547,27.3700008392334,26.915000915527344,27.155000686645508,4561600
2023-12-15,22.551620483398438,26.809999465942383,27.309999465942383,26.575000762939453,27.309999465942383,7019800
2023-12-18,22.673583984375,26.954999923706055,27.139999389648438,26.684999465942383,26.9950008392334,2666000
2023-12-19,22.53059196472168,26.78499984741211,27.0,26.59000015258789,26.975000381469727,2632400
2023-12-20,22.48853302001953,26.735000610351562,26.975000381469727,26.670000076293945,26.78499984741211,4505800
2023-12-21,22.37497901916504,26.600000381469727,26.940000534057617,26.5049991607666,26.940000534057617,2519600
2023-12-22,22.534791946411133,26.790000915527344,26.90999984741211,26.520000457763672,26.545000076293945,2205000
2023-12-26,22.648347854614258,26.924999237060547,26.924999237060547,26.655000686645508,26.78499984741211,1397000
2023-12-27,22.82005500793457,26.8700008392334,27.0,26.655000686645508,26.700000762939453,3446400
2023-12-28,22.692663192749023,26.719999313354492,27.0,26.674999237060547,26.854999542236328,2755000
2024-01-02,22.344459533691406,26.309999465942383,26.719999313354492,26.155000686645508,26.719999313354492,6170400
2024-01-03,22.051456451416016,25.96500015258789,26.34000015258789,25.899999618530273,26.260000228881836,4471200
2024-01-04,21.830646514892578,25.704999923706055,26.040000915527344,25.594999313354492,25.96500015258789,3067400
2024-01-05,21.435731887817383,25.239999771118164,25.4950008392334,24.959999084472656,25.385000228881836,5387600
2024-01-08,21.231904983520508,25.0,25.364999771118164,24.989999771118164,25.1299991607666,3627400
2024-01-09,21.329578399658203,25.114999771118164,25.114999771118164,24.790000915527344,24.959999084472656,6043000
2024-01-10,21.495180130004883,25.309999465942383,25.309999465942383,24.975000381469727,25.040000915527344,2979200
2024-01-11,21.37628173828125,25.170000076293945,25.385000228881836,24.924999237060547,25.315000534057617,3082200
2024-01-12,21.55887794494629,25.385000228881836,25.385000228881836,25.010000228881836,25.09000015258789,3909800
2024-01-15,21.52490997314453,25.344999313354492,25.454999923706055,25.204999923706055,25.375,1392800
2024-01-16,21.516414642333984,25.334999084472656,25.440000534057617,25.049999237060547,25.114999771118164,4188600
2024-01-17,21.63956069946289,25.479999542236328,25.71500015258789,25.235000610351562,25.290000915527344,7417600
2024-01-18,21.495180130004883,25.309999465942383,25.520000457763672,25.2549991607666,25.479999542236328,4322800
2024-01-19,21.507919311523438,25.325000762939453,25.364999771118164,25.18000030517578,25.30500030517578,2933800
2024-01-22,21.58860206604004,25.420000076293945,25.5049991607666,25.209999084472656,25.434999465942383,3343400
2024-01-23,21.614084243774414,25.450000762939453,25.584999084472656,25.155000686645508,25.514999389648438,4485600
2024-01-24,21.537649154663086,25.360000610351562,25.665000915527344,25.19499969482422,25.649999618530273,4263600
2024-01-25,21.550384521484375,25.375,25.375,25.155000686645508,25.3700008392334,2124000
2024-01-26,21.741470336914062,25.600000381469727,25.6299991607666,25.309999465942383,25.424999237060547,2543600
2024-01-29,21.648052215576172,25.489999771118164,25.625,25.385000228881836,25.625,2065000
2024-01-30,21.6055908203125,25.440000534057617,25.514999389648438,25.385000228881836,25.485000610351562,4009000
2024-01-31,21.809417724609375,25.68000030517578,25.739999771118164,25.395000457763672,25.489999771118164,4326600
2024-02-01,22.259525299072266,26.209999084472656,26.270000457763672,25.6200008392334,25.68000030517578,4784200
2024-02-02,22.255287170410156,26.204999923706055,26.424999237060547,25.71500015258789,26.219999313354492,5724800
2024-02-05,22.454866409301758,26.440000534057617,26.594999313354492,25.94499969482422,26.334999084472656,2508600
2024-02-06,22.87950325012207,26.940000534057617,26.954999923706055,26.34000015258789,26.440000534057617,2868200
2024-02-07,22.88374900817871,26.94499969482422,27.325000762939453,26.739999771118164,26.739999771118164,3859200
2024-02-08,22.79457664489746,26.84000015258789,27.219999313354492,26.829999923706055,26.954999923706055,3851600
2024-02-09,22.786083221435547,26.829999923706055,26.989999771118164,26.510000228881836,26.979999542236328,1882000
2024-02-14,23.138534545898438,27.2450008392334,27.450000762939453,26.700000762939453,26.799999237060547,5440000
2024-02-15,22.943201065063477,27.014999389648438,27.3799991607666,26.959999084472656,27.354999542236328,3588200
2024-02-16,22.361448287963867,26.329999923706055,27.139999389648438,26.30500030517578,27.100000381469727,4683800
2024-02-19,22.446372985839844,26.43000030517578,26.684999465942383,26.100000381469727,26.139999389648438,3363800
2024-02-20,22.47610092163086,26.46500015258789,26.719999313354492,26.149999618530273,26.43000030517578,9125600
2024-02-21,22.769094467163086,26.809999465942383,27.094999313354492,26.274999618530273,26.860000610351562,5801600
2024-02-22,23.856168746948242,28.09000015258789,28.09000015258789,26.885000228881836,26.940000534057617,6167800
2024-02-23,23.48673439025879,27.655000686645508,28.274999618530273,27.645000457763672,28.190000534057617,4065000
2024-02-26,23.227705001831055,27.350000381469727,27.6299991607666,27.200000762939453,27.594999313354492,4952000
2024-02-27,23.975069046020508,28.229999542236328,28.30500030517578,27.280000686645508,27.5,5571400
2024-02-28,23.660837173461914,27.860000610351562,28.19499969482422,27.75,27.950000762939453,3861200
2024-02-29,23.13428497314453,27.239999771118164,27.940000534057617,27.165000915527344,27.829999923706055,9008600
2024-03-01,22.926210403442383,26.9950008392334,27.3799991607666,26.954999923706055,27.2549991607666,4721600
2024-03-04,22.293502807617188,26.25,27.040000915527344,26.209999084472656,26.989999771118164,4532600
2024-03-05,22.110912322998047,26.03499984741211,26.375,25.854999542236328,26.2450008392334,6438600
2024-03-06,22.085424423217773,26.0049991607666,26.25,25.75,26.165000915527344,4610400
2024-03-07,22.31898307800293,26.280000686645508,26.354999542236328,25.795000076293945,26.010000228881836,4666800
2024-03-08,22.21282196044922,26.155000686645508,26.44499969482422,25.959999084472656,26.280000686645508,4470200
2024-03-11,22.191587448120117,26.1299991607666,26.280000686645508,25.905000686645508,25.96500015258789,3073600
2024-03-12,22.153371810913086,26.084999084472656,26.229999542236328,25.78499984741211,26.1299991607666,4578200
2024-03-13,22.085424423217773,26.0049991607666,26.190000534057617,25.8799991607666,25.924999237060547,4469800
2024-03-14,22.569517135620117,26.575000762939453,26.575000762939453,25.885000228881836,25.975000381469727,5185000
2024-03-15,22.089679718017578,26.010000228881836,26.8799991607666,26.010000228881836,26.6200008392334,7642800
2024-03-18,21.945301055908203,25.84000015258789,26.15999984741211,25.670000076293945,26.15999984741211,2550600
2024-03-19,21.737224578857422,25.594999313354492,26.05500030517578,25.594999313354492,25.899999618530273,2106400
2024-03-20,21.771196365356445,25.635000228881836,25.790000915527344,25.524999618530273,25.655000686645508,2389800
2024-03-21,21.77968978881836,25.645000457763672,25.895000457763672,25.405000686645508,25.55500030517578,4043000
2024-03-22,21.95803451538086,25.854999542236328,26.040000915527344,25.549999237060547,25.645000457763672,2691200
2024-03-25,21.333820343017578,25.1200008392334,25.84000015258789,25.1200008392334,25.799999237060547,6551600
2024-03-26,21.482440948486328,25.295000076293945,25.625,25.079999923706055,25.1200008392334,3976200
2024-03-27,21.39751625061035,25.19499969482422,25.43000030517578,25.0049991607666,25.375,2482000
2024-03-28,21.486690521240234,25.299999237060547,25.334999084472656,25.0049991607666,25.25,4418600
2024-04-01,21.65355110168457,25.405000686645508,25.795000076293945,25.2549991607666,25.2549991607666,6669200
2024-04-02,21.50865364074707,25.235000610351562,25.424999237060547,25.1299991607666,25.424999237060547,2948600
2024-04-03,21.77287483215332,25.545000076293945,25.639999389648438,25.104999542236328,25.329999923706055,3336400
2024-04-04,22.054147720336914,25.875,26.014999389648438,25.53499984741211,25.56999969482422,3099400
2024-04-05,21.9348201751709,25.735000610351562,26.219999313354492,25.625,25.875,3105000
2024-04-08,21.960390090942383,25.764999389648438,25.90999984741211,25.520000457763672,25.735000610351562,1900800
2024-04-09,22.096759796142578,25.924999237060547,26.045000076293945,25.774999618530273,25.80500030517578,3203800
2024-04-10,21.896465301513672,25.690000534057617,26.200000762939453,25.614999771118164,25.895000457763672,4099200
2024-04-11,21.422576904296875,24.690000534057617,25.104999542236328,24.594999313354492,25.0,3699400
2024-04-12,21.2880916595459,24.53499984741211,24.649999618530273,24.2549991607666,24.594999313354492,3231600
2024-04-15,21.175291061401367,24.405000686645508,24.639999389648438,24.264999389648438,24.510000228881836,4277600
2024-04-16,21.123231887817383,24.344999313354492,24.614999771118164,24.135000228881836,24.21500015258789,4348200
2024-04-17,21.218677520751953,24.454999923706055,24.5,24.174999237060547,24.3700008392334,3670800
2024-04-18,21.14059066772461,24.364999771118164,24.600000381469727,24.114999771118164,24.454999923706055,3581000
2024-04-19,21.131906509399414,24.354999542236328,24.454999923706055,24.139999389648438,24.260000228881836,4293200
2024-04-22,21.17095184326172,24.399999618530273,24.600000381469727,24.190000534057617,24.354999542236328,3334000
2024-04-23,20.928016662597656,24.1200008392334,24.329999923706055,24.1200008392334,24.19499969482422,3393800
2024-04-24,20.78050994873047,23.950000762939453,24.264999389648438,23.864999771118164,24.084999084472656,3648800
2024-04-25,20.689401626586914,23.844999313354492,24.219999313354492,23.844999313354492,24.020000457763672,3362800
2024-04-26,20.82389259338379,24.0,24.190000534057617,23.905000686645508,23.905000686645508,3423600
2024-04-29,20.793519973754883,23.96500015258789,24.350000381469727,23.940000534057617,23.989999771118164,3268600
2024-04-30,20.63663101196289,23.670000076293945,24.03499984741211,23.670000076293945,23.8700008392334,5513400
2024-05-02,21.647977828979492,24.829999923706055,24.84000015258789,23.78499984741211,23.78499984741211,6720200
2024-05-03,21.948759078979492,25.174999237060547,25.420000076293945,24.760000228881836,24.93000030517578,6264200
2024-05-06,22.040306091308594,25.280000686645508,25.405000686645508,24.94499969482422,25.049999237060547,4544600
2024-05-07,21.682846069335938,24.8700008392334,25.434999465942383,24.770000457763672,25.200000762939453,5927800
2024-05-08,20.46225929260254,23.469999313354492,24.125,23.264999389648438,23.75,13015200
2024-05-09,19.84760856628418,22.764999389648438,23.44499969482422,22.639999389648438,23.204999923706055,7336800
2024-05-10,19.66451644897461,22.55500030517578,22.885000228881836,22.454999923706055,22.764999389648438,4625400
2024-05-13,19.790939331054688,22.700000762939453,22.969999313354492,22.485000610351562,22.55500030517578,5488600
2024-05-14,19.751707077026367,22.655000686645508,23.084999084472656,22.655000686645508,22.81999969482422,5128600
2024-05-15,19.987106323242188,22.924999237060547,22.954999923706055,22.600000381469727,22.690000534057617,7569000
2024-05-16,20.27045440673828,23.25,23.25,22.780000686645508,23.114999771118164,4423000
2024-05-17,20.248661041259766,23.225000381469727,23.329999923706055,23.010000228881836,23.155000686645508,4939400
2024-05-20,19.86068344116211,22.780000686645508,23.309999465942383,22.65999984741211,23.19499969482422,7933600
2024-05-21,19.729907989501953,22.6299991607666,22.8700008392334,22.524999618530273,22.780000686645508,5952400
2024-05-22,20.0830078125,23.03499984741211,23.100000381469727,22.559999465942383,22.575000762939453,4261600
2024-05-23,20.008901596069336,22.950000762939453,23.084999084472656,22.829999923706055,22.829999923706055,5652400
2024-05-24,20.008901596069336,22.950000762939453,23.28499984741211,22.84000015258789,22.895000457763672,3847200
2024-05-27,20.021974563598633,22.96500015258789,22.969999313354492,22.829999923706055,22.950000762939453,1894800
2024-05-28,19.760425567626953,22.665000915527344,23.100000381469727,22.655000686645508,23.100000381469727,5045600
2024-05-29,19.468355178833008,22.329999923706055,22.65999984741211,22.329999923706055,22.59000015258789,3640000
2024-05-31,18.875497817993164,21.649999618530273,22.239999771118164,21.649999618530273,22.190000534057617,19283600
2024-06-03,19.137056350708008,21.950000762939453,22.1299991607666,21.594999313354492,21.684999465942383,7322400
2024-06-04,19.62964630126953,22.514999389648438,22.53499984741211,21.795000076293945,21.885000228881836,8837000
2024-06-05,19.78658103942871,22.69499969482422,22.975000381469727,22.5049991607666,22.514999389648438,5887000
2024-06-06,19.856327056884766,22.774999618530273,22.959999084472656,22.440000534057617,22.594999313354492,3821200
2024-06-07,19.616565704345703,22.5,22.7549991607666,22.450000762939453,22.59000015258789,6189000
2024-06-10,19.34193229675293,22.184999465942383,22.6200008392334,22.104999542236328,22.46500015258789,4775400
2024-06-11,19.790939331054688,22.700000762939453,22.78499984741211,22.2549991607666,22.30500030517578,3286400
2024-06-12,19.41168785095215,22.264999389648438,22.700000762939453,22.03499984741211,22.690000534057617,5407000
2024-06-13,19.1937198638916,22.014999389648438,22.280000686645508,22.010000228881836,22.260000228881836,3672800
2024-06-14,19.572982788085938,22.450000762939453,22.524999618530273,21.899999618530273,22.014999389648438,5900800
2024-06-17,19.31142234802246,22.149999618530273,22.405000686645508,22.09000015258789,22.334999084472656,3599200
2024-06-18,19.324499130249023,22.165000915527344,22.34000015258789,21.899999618530273,22.100000381469727,2465400
2024-06-19,19.315784454345703,22.155000686645508,22.15999984741211,21.94499969482422,22.06999969482422,1591000
2024-06-20,19.468355178833008,22.329999923706055,22.385000228881836,22.059999465942383,22.229999542236328,3324600
2024-06-21,19.394248962402344,22.2450008392334,22.399999618530273,22.125,22.200000762939453,6591000
2024-06-24,19.70810890197754,22.604999542236328,22.68000030517578,22.149999618530273,22.325000762939453,3454600
2024-06-25,19.76914405822754,22.674999237060547,22.719999313354492,22.354999542236328,22.655000686645508,3368600
2024-06-26,20.130956649780273,23.09000015258789,23.15999984741211,22.469999313354492,22.579999923706055,6400200
2024-06-27,20.033187866210938,22.924999237060547,23.184999465942383,22.834999084472656,22.860000610351562,5055800
2024-06-28,19.81035041809082,22.670000076293945,22.989999771118164,22.670000076293945,22.899999618530273,4953800
2024-07-01,20.050657272338867,22.94499969482422,23.010000228881836,22.510000228881836,22.594999313354492,10008800
2024-07-02,19.871517181396484,22.739999771118164,23.155000686645508,22.739999771118164,22.850000381469727,3479200
2024-07-03,19.880258560180664,22.75,23.260000228881836,22.700000762939453,22.860000610351562,4542400
2024-07-04,20.16426658630371,23.075000762939453,23.155000686645508,22.885000228881836,22.940000534057617,2045600
2024-07-05,20.28223419189453,23.209999084472656,23.5,23.049999237060547,23.075000762939453,5505200
2024-07-08,20.325927734375,23.260000228881836,23.290000915527344,22.864999771118164,23.155000686645508,4195800
2024-07-09,20.430789947509766,23.3799991607666,23.65999984741211,23.174999237060547,23.225000381469727,4117800
2024-07-10,20.732271194458008,23.725000381469727,23.84000015258789,23.3799991607666,23.415000915527344,4377400
2024-07-11,21.40951156616211,24.5,24.530000686645508,23.985000610351562,24.020000457763672,5260400
2024-07-12,21.614870071411133,24.735000610351562,24.895000457763672,24.395000457763672,24.399999618530273,5314600
2024-07-15,21.387664794921875,24.475000381469727,24.885000228881836,24.364999771118164,24.80500030517578,3672200
2024-07-16,21.435728073120117,24.530000686645508,24.84000015258789,24.479999542236328,24.549999237060547,4063800
2024-07-17,21.78963851928711,24.934999465942383,25.030000686645508,24.450000762939453,24.46500015258789,5268600
2024-07-18,21.579910278320312,24.69499969482422,25.049999237060547,24.649999618530273,24.934999465942383,3293000
2024-07-19,21.422618865966797,24.514999389648438,24.920000076293945,24.424999237060547,24.6200008392334,4735200
2024-07-22,21.658559799194336,24.78499984741211,24.854999542236328,24.469999313354492,24.510000228881836,2410600
2024-07-23,21.221635818481445,24.28499984741211,24.940000534057617,24.28499984741211,24.774999618530273,4097000
2024-07-24,21.448835372924805,24.545000076293945,24.579999923706055,24.28499984741211,24.28499984741211,2964200
2024-07-25,21.31775665283203,24.395000457763672,24.71500015258789,24.395000457763672,24.53499984741211,2980600
2024-07-26,21.278430938720703,24.350000381469727,24.540000915527344,24.325000762939453,24.395000457763672,3607000
2024-07-29,21.254480361938477,24.125,24.325000762939453,23.959999084472656,24.05500030517578,4555800
2024-07-30,20.83159637451172,23.645000457763672,24.4950008392334,23.549999237060547,24.155000686645508,5260400
2024-07-31,21.36901092529297,24.2549991607666,24.454999923706055,23.354999542236328,23.600000381469727,9669200
2024-08-01,22.289670944213867,25.299999237060547,25.46500015258789,24.28499984741211,24.389999389648438,12546200
2024-08-02,22.060604095458984,25.040000915527344,25.540000915527344,24.8799991607666,25.299999237060547,7157800
2024-08-05,21.54081153869629,24.450000762939453,24.815000534057617,24.350000381469727,24.690000534057617,5377400
2024-08-06,21.558425903320312,24.469999313354492,24.729999542236328,24.31999969482422,24.5,4053000
2024-08-07,21.893213272094727,24.850000381469727,24.989999771118164,24.510000228881836,24.625,3081200
2024-08-08,22.241212844848633,25.2450008392334,25.399999618530273,24.799999237060547,24.844999313354492,3091800
2024-08-09,22.360151290893555,25.3799991607666,25.55500030517578,25.125,25.4950008392334,2959000
2024-08-12,22.307287216186523,25.31999969482422,25.719999313354492,25.315000534057617,25.600000381469727,3018400
2024-08-13,22.474687576293945,25.510000228881836,25.674999237060547,25.389999389648438,25.405000686645508,3608600
2024-08-14,22.738988876342773,25.809999465942383,25.979999542236328,25.450000762939453,25.5049991607666,4487200
2024-08-15,22.43503761291504,25.46500015258789,25.864999771118164,25.459999084472656,25.815000534057617,3551000
2024-08-16,22.994483947753906,26.100000381469727,26.190000534057617,25.489999771118164,25.639999389648438,4186400
2024-08-19,22.959243774414062,26.059999465942383,26.364999771118164,26.030000686645508,26.149999618530273,4768800
2024-08-20,23.095800399780273,26.21500015258789,26.385000228881836,26.075000762939453,26.19499969482422,3735400
2024-08-21,23.161874771118164,26.290000915527344,26.549999237060547,26.229999542236328,26.28499984741211,4154600
2024-08-22,22.88875961303711,25.979999542236328,26.485000610351562,25.979999542236328,26.485000610351562,4939200
2024-08-23,23.421777725219727,26.584999084472656,26.7450008392334,26.065000534057617,26.09000015258789,4624000
2024-08-26,23.07818031311035,26.19499969482422,26.69499969482422,26.104999542236328,26.584999084472656,2736400
2024-08-27,22.98708152770996,25.969999313354492,26.19499969482422,25.875,26.110000610351562,3361800
2024-08-28,23.01363754272461,26.0,26.06999969482422,25.674999237060547,25.80500030517578,3795200
2024-08-29,22.93397331237793,25.90999984741211,25.959999084472656,25.6200008392334,25.829999923706055,4568200
2024-08-30,22.93840217590332,25.915000915527344,26.059999465942383,25.655000686645508,25.829999923706055,11599800
2024-09-02,23.110998153686523,26.110000610351562,26.110000610351562,25.71500015258789,25.90999984741211,4053000
2024-09-03,23.549142837524414,26.604999542236328,26.764999389648438,26.084999084472656,26.149999618530273,4904400
2024-09-04,24.124483108520508,27.2549991607666,27.4950008392334,26.6200008392334,26.75,6200600
2024-09-05,24.39445686340332,27.559999465942383,27.81999969482422,27.079999923706055,27.204999923706055,5254200
2024-09-06,24.323646545410156,27.479999542236328,27.81999969482422,27.315000534057617,27.5,6749400
2024-09-09,23.982868194580078,27.094999313354492,27.594999313354492,27.059999465942383,27.549999237060547,3926000
2024-09-10,24.06252670288086,27.184999465942383,27.3700008392334,26.985000610351562,27.094999313354492,6913600
2024-09-11,24.182016372680664,27.31999969482422,27.514999389648438,27.110000610351562,27.125,4280200
2024-09-12,24.164318084716797,27.299999237060547,27.440000534057617,27.03499984741211,27.149999618530273,3739000
2024-09-13,24.27495765686035,27.424999237060547,27.709999084472656,27.295000076293945,27.44499969482422,3711000
2024-09-16,24.695402145385742,27.899999618530273,27.899999618530273,27.360000610351562,27.424999237060547,4150600
2024-09-17,24.633447647094727,27.829999923706055,27.985000610351562,27.614999771118164,27.84000015258789,3958400
2024-09-18,24.6998291015625,27.905000686645508,28.15999984741211,27.614999771118164,27.614999771118164,4034000
2024-09-19,24.429859161376953,27.600000381469727,28.0,27.55500030517578,27.950000762939453,4110800
2024-09-20,24.46526527404785,27.639999389648438,27.875,27.31999969482422,27.44499969482422,8776200
2024-09-23,24.31036376953125,27.46500015258789,27.6200008392334,27.270000457763672,27.5,2558400
2024-09-24,24.46526527404785,27.639999389648438,27.844999313354492,27.489999771118164,27.790000915527344,3195400
2024-09-25,24.56262969970703,27.75,28.014999389648438,27.540000915527344,27.65999984741211,4439000
2024-09-26,24.367902755737305,27.530000686645508,27.920000076293945,27.440000534057617,27.860000610351562,3799200
2024-09-27,24.606889724731445,27.799999237060547,28.09000015258789,27.575000762939453,27.575000762939453,3891800
2024-09-30,24.704252243041992,27.90999984741211,28.459999084472656,27.80500030517578,27.829999923706055,4955800
2024-10-01,24.59361457824707,27.78499984741211,28.360000610351562,27.75,28.020000457763672,6101200
2024-10-02,24.823747634887695,28.045000076293945,28.325000762939453,27.78499984741211,28.325000762939453,3616800
2024-10-03,24.20414924621582,27.344999313354492,28.079999923706055,27.344999313354492,27.739999771118164,4062600
2024-10-04,24.17317008972168,27.309999465942383,27.510000228881836,27.075000762939453,27.104999542236328,4850800
2024-10-07,23.827966690063477,26.920000076293945,27.59000015258789,26.905000686645508,27.5,3857800
2024-10-08,23.956308364868164,27.065000534057617,27.315000534057617,27.049999237060547,27.174999237060547,4340400
2024-10-09,23.850095748901367,26.94499969482422,27.125,26.8700008392334,26.915000915527344,3151200
2024-10-10,23.810258865356445,26.899999618530273,27.2549991607666,26.899999618530273,27.014999389648438,2897400
2024-10-11,23.310157775878906,26.334999084472656,26.895000457763672,26.274999618530273,26.815000534057617,3785200
2024-10-14,23.540292739868164,26.594999313354492,26.6299991607666,26.280000686645508,26.31999969482422,6672400
2024-10-15,23.52259063720703,26.575000762939453,26.899999618530273,26.53499984741211,26.625,4594400
2024-10-16,24.03154754638672,27.149999618530273,27.350000381469727,26.424999237060547,26.575000762939453,8201600
2024-10-17,24.12006187438965,27.25,27.434999465942383,26.704999923706055,26.780000686645508,2888200
2024-10-18,24.25725746154785,27.405000686645508,27.485000610351562,27.135000228881836,27.395000457763672,3933400
2024-10-21,24.09793472290039,27.225000381469727,27.514999389648438,27.19499969482422,27.40999984741211,4029800
2024-10-22,23.726173400878906,26.80500030517578,26.9950008392334,26.670000076293945,26.9950008392334,3119800
2024-10-23,23.752729415893555,26.834999084472656,26.93000030517578,26.625,26.655000686645508,2283400
2024-10-24,23.79698371887207,26.885000228881836,27.299999237060547,26.75,26.920000076293945,6075000
2024-10-25,23.64651107788086,26.71500015258789,26.954999923706055,26.56999969482422,26.895000457763672,3519600
2024-10-28,23.83681869506836,26.93000030517578,27.200000762939453,26.770000457763672,26.9950008392334,2146600
2024-10-29,22.973804473876953,25.954999923706055,27.184999465942383,25.954999923706055,26.899999618530273,7178000
2024-10-30,23.31458282470703,26.34000015258789,26.5,25.940000534057617,25.940000534057617,5623400
2024-10-31,23.29688262939453,26.31999969482422,26.635000228881836,26.18000030517578,26.18000030517578,5219600
2024-11-01,23.186237335205078,26.19499969482422,26.614999771118164,26.19499969482422,26.315000534057617,4113000
2024-11-04,23.628808975219727,26.69499969482422,26.700000762939453,26.260000228881836,26.44499969482422,4054600
2024-11-05,23.46506118774414,26.510000228881836,26.950000762939453,25.924999237060547,26.725000381469727,6240800
2024-11-06,23.416372299194336,26.454999923706055,27.364999771118164,26.03499984741211,26.25,6592200
2024-11-07,23.606678009033203,26.670000076293945,27.0,26.174999237060547,26.225000381469727,3824600
2024-11-08,23.01363754272461,26.0,26.454999923706055,25.8799991607666,26.354999542236328,3975800
2024-11-11,23.456209182739258,26.5,26.540000915527344,25.799999237060547,25.950000762939453,3321200
2024-11-12,23.12427520751953,26.125,26.600000381469727,26.0049991607666,26.264999389648438,4731000
2024-11-13,23.040189743041992,26.030000686645508,26.25,25.8700008392334,26.065000534057617,3417800
2024-11-14,22.83660888671875,25.799999237060547,26.19499969482422,25.799999237060547,26.030000686645508,3374400
2024-11-18,22.83218002319336,25.795000076293945,25.899999618530273,25.579999923706055,25.770000457763672,4842000
2024-11-19,23.071168899536133,26.065000534057617,26.125,25.649999618530273,25.885000228881836,2898000
2024-11-21,22.371910095214844,25.274999618530273,25.860000610351562,25.229999542236328,25.600000381469727,5683000
2024-11-22,22.571067810058594,25.5,25.725000381469727,25.219999313354492,25.725000381469727,3581000
2024-11-25,22.58876609802246,25.520000457763672,25.920000076293945,25.309999465942383,25.375,6542400
2024-11-26,22.960529327392578,25.940000534057617,26.075000762939453,25.53499984741211,25.7450008392334,3461600
2024-11-27,22.513532638549805,25.434999465942383,26.114999771118164,25.325000762939453,25.934999465942383,5957000
2024-11-28,21.83639907836914,24.670000076293945,25.46500015258789,24.600000381469727,25.325000762939453,4089000
2024-11-29,21.916065216064453,24.760000228881836,24.899999618530273,24.354999542236328,24.670000076293945,5789200
2024-12-02,21.92934226989746,24.774999618530273,25.0049991607666,24.350000381469727,24.565000534057617,6947200
2024-12-03,22.699413299560547,25.645000457763672,25.690000534057617,24.760000228881836,24.780000686645508,6416400
2024-12-04,22.593196868896484,25.524999618530273,25.770000457763672,25.43000030517578,25.440000534057617,4650400
2024-12-05,22.978229522705078,25.959999084472656,25.9950008392334,25.450000762939453,25.760000228881836,9685000
2024-12-06,22.8631649017334,25.829999923706055,26.299999237060547,25.670000076293945,25.959999084472656,6031600
2024-12-09,22.602046966552734,25.53499984741211,26.049999237060547,25.489999771118164,25.795000076293945,7061200
2024-12-10,22.765792846679688,25.719999313354492,25.889999389648438,25.510000228881836,25.649999618530273,4485000
2024-12-11,23.12427520751953,26.125,26.395000457763672,25.545000076293945,25.719999313354492,4414200
2024-12-12,22.022275924682617,24.8799991607666,26.1200008392334,24.540000915527344,25.975000381469727,9874600
2024-12-13,21.87180519104004,24.709999084472656,25.09000015258789,24.69499969482422,24.885000228881836,4716400
2024-12-16,21.774438858032227,24.600000381469727,25.065000534057617,24.524999618530273,24.704999923706055,4692800
2024-12-17,21.79656982421875,24.625,24.8700008392334,24.489999771118164,24.649999618530273,7911000
2024-12-18,21.535449981689453,24.329999923706055,24.610000610351562,24.18000030517578,24.479999542236328,8654800
2024-12-19,21.756738662719727,24.579999923706055,24.69499969482422,24.290000915527344,24.524999618530273,6513800
2024-12-20,21.973600387573242,24.825000762939453,24.825000762939453,24.25,24.565000534057617,11223800
2024-12-23,21.26106071472168,24.020000457763672,24.69499969482422,23.96500015258789,24.459999084472656,5876800
2024-12-26,21.429231643676758,24.209999084472656,24.405000686645508,24.06999969482422,24.114999771118164,2422800
2024-12-27,21.194499969482422,23.579999923706055,24.110000610351562,23.579999923706055,24.110000610351562,3279800
2024-12-30,21.019227981567383,23.385000228881836,23.729999542236328,23.30500030517578,23.594999313354492,2229600
2025-01-02,21.149564743041992,23.530000686645508,23.7549991607666,23.219999313354492,23.25,3511800
2025-01-03,21.059680938720703,23.43000030517578,23.7450008392334,23.165000915527344,23.545000076293945,6001600
2025-01-06,21.455167770385742,23.8700008392334,23.8700008392334,23.479999542236328,23.56999969482422,3566600
2025-01-07,21.89559555053711,24.360000610351562,24.584999084472656,24.049999237060547,24.344999313354492,8728200
2025-01-08,21.23495101928711,23.625,24.350000381469727,23.540000915527344,24.239999771118164,4564800
2025-01-09,21.540557861328125,23.96500015258789,24.065000534057617,23.5049991607666,23.5049991607666,2659800
2025-01-10,21.064170837402344,23.434999465942383,23.959999084472656,23.43000030517578,23.959999084472656,2396600
2025-01-13,21.050689697265625,23.420000076293945,23.524999618530273,23.280000686645508,23.440000534057617,2554400
2025-01-14,21.203493118286133,23.59000015258789,23.65999984741211,23.3799991607666,23.44499969482422,3158400
2025-01-15,21.94952392578125,24.420000076293945,24.43000030517578,23.600000381469727,23.815000534057617,5491800
2025-01-16,21.796720504760742,24.25,24.69499969482422,24.104999542236328,24.530000686645508,3061400
2025-01-17,22.066373825073242,24.549999237060547,24.614999771118164,24.075000762939453,24.274999618530273,3398800
2025-01-20,22.03940773010254,24.520000457763672,24.665000915527344,24.350000381469727,24.450000762939453,1869400
2025-01-21,22.38995361328125,24.90999984741211,25.049999237060547,24.360000610351562,24.520000457763672,4441400
2025-01-22,22.740495681762695,25.299999237060547,25.520000457763672,24.985000610351562,25.024999618530273,3750400
2025-01-23,22.85285758972168,25.424999237060547,25.655000686645508,25.28499984741211,25.329999923706055,3151000
2025-01-24,22.722524642944336,25.280000686645508,25.420000076293945,25.114999771118164,25.420000076293945,2291200
2025-01-27,23.6977596282959,26.364999771118164,26.364999771118164,25.25,25.350000381469727,3340800
2025-01-28,23.100032806396484,25.700000762939453,26.375,25.53499984741211,26.209999084472656,4440600
2025-01-29,22.938241958618164,25.520000457763672,25.809999465942383,25.434999465942383,25.739999771118164,2961000
2025-01-30,23.17194175720215,25.780000686645508,26.0,25.53499984741211,25.53499984741211,5346200
2025-01-31,23.31125831604004,25.934999465942383,26.184999465942383,25.719999313354492,25.760000228881836,4747000
2025-02-03,23.167448043823242,25.774999618530273,25.825000762939453,25.360000610351562,25.75,3733000
2025-02-04,23.29328155517578,25.915000915527344,25.940000534057617,25.5049991607666,25.56999969482422,2691000
2025-02-05,23.31125831604004,25.934999465942383,26.0,25.665000915527344,25.985000610351562,3775200
2025-02-06,22.929256439208984,25.510000228881836,26.030000686645508,25.270000457763672,25.924999237060547,2310000
2025-02-07,22.875322341918945,25.450000762939453,25.71500015258789,25.315000534057617,25.5,3949800
2025-02-10,22.62814712524414,25.174999237060547,25.684999465942383,25.104999542236328,25.645000457763672,4231600
2025-02-11,23.509004592895508,26.155000686645508,26.399999618530273,25.19499969482422,25.270000457763672,6262800
2025-02-12,23.56293296813965,26.21500015258789,26.549999237060547,25.809999465942383,26.0,8288200
2025-02-13,24.061784744262695,26.770000457763672,26.780000686645508,26.09000015258789,26.274999618530273,4255400
2025-02-14,24.20110321044922,26.924999237060547,27.125,26.735000610351562,26.829999923706055,3915800
2025-02-17,24.007856369018555,26.709999084472656,27.110000610351562,26.579999923706055,27.110000610351562,1737400
2025-02-18,24.093242645263672,26.80500030517578,26.84000015258789,26.514999389648438,26.709999084472656,2048200
2025-02-19,23.6977596282959,26.364999771118164,26.645000457763672,26.270000457763672,26.645000457763672,2489200
2025-02-20,23.482038497924805,26.125,26.540000915527344,25.799999237060547,26.540000915527344,4272800
2025-02-21,23.702251434326172,26.3700008392334,26.670000076293945,25.854999542236328,26.229999542236328,3922200
2025-02-24,23.774160385131836,26.450000762939453,26.93000030517578,26.190000534057617,26.479999542236328,3417000
2025-02-25,24.089832305908203,26.7450008392334,26.864999771118164,26.44499969482422,26.450000762939453,3754400
2025-02-26,22.391969680786133,24.860000610351562,26.350000381469727,24.78499984741211,26.350000381469727,14064000
2025-02-27,22.62165641784668,25.114999771118164,25.350000381469727,24.770000457763672,24.989999771118164,7183200
2025-02-28,22.318485260009766,24.170000076293945,24.559999465942383,23.850000381469727,24.2450008392334,10650400
2025-03-05,22.498554229736328,24.364999771118164,24.399999618530273,23.770000457763672,24.170000076293945,6000600
2025-03-06,22.623205184936523,24.5,24.56999969482422,24.045000076293945,24.53499984741211,7764600
2025-03-07,22.840208053588867,24.735000610351562,24.895000457763672,24.03499984741211,24.360000610351562,6665200
2025-03-10,23.03411865234375,24.94499969482422,24.94499969482422,24.450000762939453,24.69499969482422,3185600
2025-03-11,22.595504760742188,24.469999313354492,24.950000762939453,24.31999969482422,24.94499969482422,3609400
2025-03-12,22.757099151611328,24.645000457763672,24.65999984741211,24.329999923706055,24.475000381469727,3513000
2025-03-13,22.960248947143555,24.864999771118164,25.05500030517578,24.125,24.545000076293945,3097400
2025-03-14,23.6204776763916,25.579999923706055,25.68000030517578,25.014999389648438,25.139999389648438,5620600
2025-03-17,23.777454376220703,25.75,25.790000915527344,25.280000686645508,25.584999084472656,4066600
2025-03-18,23.68973159790039,25.655000686645508,25.850000381469727,25.565000534057617,25.799999237060547,3703400
2025-03-19,23.3573055267334,25.295000076293945,25.69499969482422,24.940000534057617,25.65999984741211,5974000
2025-03-20,22.673994064331055,24.55500030517578,25.424999237060547,24.354999542236328,25.395000457763672,8095000
2025-03-21,23.04796600341797,24.959999084472656,25.045000076293945,24.684999465942383,24.739999771118164,9045400
2025-03-24,22.960248947143555,24.864999771118164,25.040000915527344,24.700000762939453,25.040000915527344,3442600
2025-03-25,22.7119083404541,24.53499984741211,24.969999313354492,24.344999313354492,24.969999313354492,5181000
2025-03-26,23.19327163696289,25.05500030517578,25.260000228881836,24.424999237060547,24.540000915527344,3938000
2025-03-27,23.322864532470703,25.19499969482422,25.46500015258789,24.915000915527344,25.05500030517578,3754800
2025-03-28,23.2117862701416,25.075000762939453,25.389999389648438,24.975000381469727,25.19499969482422,3028200
2025-03-31,23.063674926757812,24.915000915527344,25.229999542236328,24.78499984741211,25.075000762939453,3117600
2025-04-01,24.20690155029297,26.149999618530273,26.21500015258789,24.885000228881836,24.915000915527344,11250200
2025-04-02,23.813488006591797,25.725000381469727,26.209999084472656,25.704999923706055,26.020000457763672,4427400
2025-04-03,24.2578182220459,26.204999923706055,26.729999542236328,25.645000457763672,25.645000457763672,4449800
2025-04-04,23.62834930419922,25.524999618530273,26.05500030517578,25.5,25.9950008392334,3982800
2025-04-07,22.920190811157227,24.760000228881836,25.579999923706055,24.6299991607666,25.469999313354492,4363000
2025-04-08,23.160869598388672,25.020000457763672,25.135000228881836,24.760000228881836,24.760000228881836,3075800
2025-04-09,23.480234146118164,25.364999771118164,25.899999618530273,24.8700008392334,24.924999237060547,4987000
2025-04-10,23.438581466674805,25.31999969482422,25.549999237060547,25.030000686645508,25.209999084472656,2794600
2025-04-11,23.35063934326172,25.225000381469727,25.559999465942383,24.96500015258789,25.510000228881836,2515400
2025-04-14,23.639911651611328,25.5,25.704999923706055,25.104999542236328,25.440000534057617,3224000
2025-04-15,23.60283088684082,25.459999084472656,26.25,25.34000015258789,25.5,2597000
2025-04-16,23.86240577697754,25.739999771118164,26.280000686645508,25.270000457763672,25.459999084472656,6022600
2025-04-17,24.483537673950195,26.40999984741211,26.68000030517578,25.530000686645508,25.639999389648438,3996700
2025-04-22,24.437183380126953,26.360000610351562,26.649999618530273,25.90999984741211,26.059999465942383,3073700
2025-04-23,24.937789916992188,26.899999618530273,27.299999237060547,26.520000457763672,26.649999618530273,4747400
2025-04-24,25.3271541595459,27.31999969482422,27.6200008392334,26.950000762939453,27.170000076293945,6436100
2025-04-25,25.1695556640625,27.149999618530273,27.719999313354492,26.950000762939453,27.389999389648438,5128600
2025-04-28,25.243722915649414,27.229999542236328,27.229999542236328,27.030000686645508,27.149999618530273,3151700
2025-04-29,25.42913055419922,27.43000030517578,27.8799991607666,27.1299991607666,27.229999542236328,7545100
2025-04-30,25.76287269592285,27.790000915527344,27.860000610351562,27.260000228881836,27.40999984741211,5217100
2025-05-02,25.354965209960938,27.350000381469727,27.829999923706055,27.290000915527344,27.790000915527344,6626200
2025-05-05,25.53110694885254,27.540000915527344,27.719999313354492,27.3700008392334,27.579999923706055,5904500
2025-05-06,26.14295768737793,28.200000762939453,28.299999237060547,27.510000228881836,27.610000610351562,5295300
2025-05-07,26.31910514831543,28.389999389648438,28.6200008392334,28.170000076293945,28.34000015258789,3801600
2025-05-08,25.874116897583008,27.90999984741211,28.649999618530273,27.90999984741211,28.579999923706055,4830600
2025-05-09,25.994638442993164,28.040000915527344,28.100000381469727,27.6299991607666,27.8700008392334,2245400
2025-05-12,25.215909957885742,27.200000762939453,28.09000015258789,27.200000762939453,28.0,3122000
2025-05-13,26.282018661499023,28.350000381469727,28.770000457763672,27.280000686645508,27.360000610351562,10325500
2025-05-14,26.3283748626709,28.399999618530273,28.889999389648438,27.8700008392334,28.270000457763672,6942900
2025-05-15,26.09661102294922,28.149999618530273,28.59000015258789,27.889999389648438,28.100000381469727,6131400
2025-05-16,25.781410217285156,27.809999465942383,28.329999923706055,27.639999389648438,28.200000762939453,7827000
2025-05-19,25.64235496520996,27.65999984741211,27.770000457763672,27.25,27.360000610351562,41218200
2025-05-20,25.697973251342773,27.719999313354492,27.8799991607666,27.329999923706055,27.65999984741211,5736300
2025-05-21,25.503297805786133,27.510000228881836,27.770000457763672,27.270000457763672,27.600000381469727,4799500
2025-05-22,25.716520309448242,27.739999771118164,27.8799991607666,27.3799991607666,27.399999618530273,8920100
2025-05-23,25.785797119140625,27.65999984741211,27.790000915527344,27.059999465942383,27.260000228881836,4076600
2025-05-26,26.018857955932617,27.90999984741211,28.020000457763672,27.549999237060547,27.670000076293945,2615300
2025-05-27,26.168018341064453,28.06999969482422,28.489999771118164,27.93000030517578,28.309999465942383,4266300
2025-05-28,26.3358211517334,28.25,28.3700008392334,27.850000381469727,28.309999465942383,5048800
2025-05-29,26.158695220947266,28.059999465942383,28.350000381469727,27.8799991607666,28.25,3351500
2025-05-30,26.718040466308594,28.65999984741211,28.68000030517578,27.860000610351562,28.299999237060547,16649400
2025-06-02,26.997711181640625,28.959999084472656,29.56999969482422,28.729999542236328,28.770000457763672,12721600
2025-06-03,27.202802658081055,29.18000030517578,29.6299991607666,29.0,29.030000686645508,16644400
2025-06-04,27.501123428344727,29.5,29.6299991607666,29.209999084472656,29.40999984741211,7303300
2025-06-05,26.932453155517578,28.889999389648438,29.530000686645508,28.700000762939453,29.530000686645508,5880800
2025-06-06,26.829912185668945,28.780000686645508,29.309999465942383,28.6299991607666,29.079999923706055,8717200
2025-06-09,26.904489517211914,28.860000610351562,29.010000228881836,28.360000610351562,28.860000610351562,5115900
2025-06-10,27.03499984741211,29.0,29.219999313354492,28.84000015258789,29.0,6327000
2025-06-11,27.687572479248047,29.700000762939453,29.8700008392334,28.8700008392334,29.0,11223200
2025-06-12,27.734180450439453,29.75,29.84000015258789,29.40999984741211,29.700000762939453,4999800
2025-06-13,27.771474838256836,29.790000915527344,30.09000015258789,29.31999969482422,29.3799991607666,6075200
2025-06-16,28.14436912536621,30.190000534057617,30.559999465942383,29.950000762939453,30.09000015258789,4399500
2025-06-17,28.051145553588867,30.09000015258789,30.34000015258789,29.799999237060547,30.190000534057617,4506500
2025-06-18,27.818082809448242,29.84000015258789,30.049999237060547,29.700000762939453,29.81999969482422,6122200
2025-06-20,28.228271484375,30.280000686645508,30.360000610351562,29.65999984741211,29.770000457763672,7437800
2025-06-23,28.38675308227539,30.450000762939453,30.540000915527344,30.06999969482422,30.200000762939453,4640500
2025-06-24,28.52867889404297,30.540000915527344,30.700000762939453,30.239999771118164,30.43000030517578,4448500
2025-06-25,27.874780654907227,29.84000015258789,30.59000015258789,29.84000015258789,30.329999923706055,2790900
2025-06-26,28.47262954711914,30.479999542236328,30.56999969482422,29.809999465942383,29.84000015258789,5912000
2025-06-27,28.39790153503418,30.399999618530273,30.559999465942383,30.1299991607666,30.31999969482422,3061800
2025-06-30,28.855627059936523,30.889999389648438,31.510000228881836,29.920000076293945,30.31999969482422,17235200
2025-07-01,29.201263427734375,31.260000228881836,31.440000534057617,30.81999969482422,30.920000076293945,4623600
2025-07-02,29.425457000732422,31.5,31.530000686645508,30.989999771118164,31.1299991607666,5050500
2025-07-03,30.02330207824707,32.13999938964844,32.18000030517578,31.5,31.5,3868400
2025-07-04,30.266185760498047,32.400001525878906,32.52000045776367,32.0099983215332,32.099998474121094,3172200
2025-07-07,29.995281219482422,32.11000061035156,32.77000045776367,32.11000061035156,32.470001220703125,6368700
2025-07-08,29.481502532958984,31.559999465942383,32.22999954223633,31.200000762939453,32.11000061035156,9350500
2025-07-09,29.59360122680664,31.68000030517578,31.790000915527344,31.329999923706055,31.40999984741211,9602800
2025-07-10,29.892526626586914,32.0,32.130001068115234,31.149999618530273,31.5,15276900
2025-07-11,29.98593521118164,32.099998474121094,32.439998626708984,31.959999084472656,32.150001525878906,7258100
2025-07-14,29.061138153076172,31.110000610351562,32.04999923706055,31.110000610351562,31.959999084472656,5434500
2025-07-15,29.219945907592773,31.280000686645508,31.280000686645508,30.889999389648438,31.100000381469727,5544300
2025-07-16,29.28533172607422,31.350000381469727,31.399999618530273,30.950000762939453,31.360000610351562,5549500
2025-07-17,29.229286193847656,31.290000915527344,31.700000762939453,31.18000030517578,31.18000030517578,5497100
2025-07-18,28.911678314208984,30.950000762939453,31.59000015258789,30.84000015258789,31.15999984741211,6079900
2025-07-21,28.958385467529297,31.0,31.190000534057617,30.850000381469727,30.989999771118164,3457900
2025-07-22,28.31382942199707,30.309999465942383,31.110000610351562,30.15999984741211,31.100000381469727,5862200
2025-07-23,28.678142547607422,30.700000762939453,30.860000610351562,30.200000762939453,30.309999465942383,5830000
2025-07-24,28.724851608276367,30.75,30.899999618530273,30.31999969482422,30.469999313354492,5466200
2025-07-25,28.678142547607422,30.700000762939453,30.979999542236328,30.65999984741211,30.75,3654600
2025-07-28,28.624282836914062,30.540000915527344,30.81999969482422,30.3799991607666,30.40999984741211,3832300
2025-07-29,28.633651733398438,30.549999237060547,30.90999984741211,30.270000457763672,30.729999542236328,6494500
2025-07-30,29.196016311645508,31.149999618530273,31.420000076293945,30.549999237060547,30.549999237060547,10585000
2025-07-31,29.505321502685547,31.479999542236328,31.6299991607666,30.84000015258789,30.90999984741211,6520200
2025-08-01,29.599042892456055,31.579999923706055,31.75,31.239999771118164,31.639999389648438,3552000
2025-08-04,29.92708969116211,31.93000030517578,32.130001068115234,31.700000762939453,31.899999618530273,4192300
2025-08-05,30.03955841064453,32.04999923706055,32.439998626708984,31.899999618530273,32.11000061035156,5442300
2025-08-06,30.648786544799805,32.70000076293945,32.939998626708984,32.15999984741211,32.349998474121094,5783800
2025-08-07,30.873737335205078,32.939998626708984,33.060001373291016,32.459999084472656,32.849998474121094,8790300
2025-08-08,30.85498809814453,32.91999816894531,33.040000915527344,32.15999984741211,32.16999816894531,4766100
2025-08-11,31.154916763305664,33.2400016784668,33.84000015258789,32.81999969482422,32.81999969482422,6283400
2025-08-12,30.883100509643555,32.95000076293945,33.650001525878906,32.95000076293945,33.45000076293945,6023600
2025-08-13,31.014324188232422,33.09000015258789,33.150001525878906,32.810001373291016,32.81999969482422,6529300
2025-08-14,31.08930778503418,33.16999816894531,33.7400016784668,32.810001373291016,32.810001373291016,7072100
2025-08-15,31.33300018310547,33.43000030517578,33.5,32.95000076293945,33.2400016784668,4412000
2025-08-18,31.811004638671875,33.939998626708984,34.02000045776367,33.56999969482422,33.630001068115234,3732500
2025-08-19,31.77351188659668,33.900001525878906,34.02000045776367,33.43000030517578,33.7599983215332,4663800
2025-08-20,31.811004638671875,33.939998626708984,34.31999969482422,33.66999816894531,33.779998779296875,3114200
2025-08-21,31.923480987548828,34.060001373291016,34.220001220703125,33.689998626708984,33.689998626708984,4345700
2025-08-22,32.242156982421875,34.400001525878906,34.400001525878906,33.939998626708984,34.16999816894531,4897500
2025-08-25,32.645179748535156,34.83000183105469,35.099998474121094,34.33000183105469,34.369998931884766,2963200
2025-08-26,32.36142349243164,34.45000076293945,34.91999816894531,34.45000076293945,34.72999954223633,8679600
2025-08-27,32.023250579833984,34.09000015258789,34.52000045776367,34.04999923706055,34.40999984741211,3703700
2025-08-28,31.882335662841797,33.939998626708984,34.470001220703125,33.939998626708984,34.25,6361500
2025-08-29,31.816585540771484,33.869998931884766,34.22999954223633,33.689998626708984,34.20000076293945,6576400
2025-09-01,31.713253021240234,33.7599983215332,34.310001373291016,33.529998779296875,34.0,2008900
2025-09-02,31.431440353393555,33.459999084472656,33.79999923706055,33.2400016784668,33.529998779296875,4279600
2025-09-03,31.450227737426758,33.47999954223633,33.689998626708984,33.18000030517578,33.459999084472656,4997800
2025-09-04,31.553560256958008,33.59000015258789,33.68000030517578,33.20000076293945,33.41999816894531,3076800
2025-09-05,31.938703536987305,34.0,34.0,33.52000045776367,33.689998626708984,3379900
2025-09-08,31.553560256958008,33.59000015258789,34.22999954223633,33.38999938964844,34.220001220703125,3290300
2025-09-09,31.40325927734375,33.43000030517578,33.7599983215332,33.119998931884766,33.7599983215332,2648300
2025-09-10,31.196596145629883,33.209999084472656,33.439998626708984,32.95000076293945,33.43000030517578,3806400
2025-09-11,31.44083595275879,33.470001220703125,33.5,33.0099983215332,33.29999923706055,3819200
2025-09-12,31.497196197509766,33.529998779296875,33.599998474121094,33.209999084472656,33.209999084472656,1645200
2025-09-15,31.76961898803711,33.81999969482422,33.81999969482422,33.40999984741211,33.45000076293945,2257700
2025-09-16,31.35629653930664,33.380001068115234,33.939998626708984,33.380001068115234,33.90999984741211,4386500
2025-09-17,31.872947692871094,33.93000030517578,34.029998779296875,33.290000915527344,33.43000030517578,3930000
2025-09-18,31.675682067871094,33.720001220703125,34.0,33.689998626708984,33.90999984741211,2496700
2025-09-19,31.506593704223633,33.540000915527344,33.84000015258789,33.38999938964844,33.790000915527344,5491100
2025-09-22,31.469017028808594,33.5,33.7400016784668,33.34000015258789,33.380001068115234,3904200
2025-09-23,31.52069091796875,33.43000030517578,33.72999954223633,33.400001525878906,33.59000015258789,3293100
2025-09-24,31.511260986328125,33.41999816894531,33.540000915527344,33.220001220703125,33.40999984741211,5158900
2025-09-25,31.162391662597656,33.04999923706055,33.47999954223633,33.040000915527344,33.41999816894531,3196200
2025-09-26,31.09639549255371,32.97999954223633,33.18000030517578,32.7400016784668,33.060001373291016,3010200
2025-09-29,31.605552673339844,33.52000045776367,33.779998779296875,33.09000015258789,33.16999816894531,2955600
2025-09-30,32.12413787841797,34.06999969482422,34.38999938964844,33.56999969482422,33.79999923706055,4829500
2025-10-01,31.94499397277832,33.880001068115234,34.20000076293945,33.7400016784668,34.099998474121094,2655300
2025-10-02,31.369834899902344,33.27000045776367,34.0,33.27000045776367,33.880001068115234,1829400
2025-10-03,31.407554626464844,33.310001373291016,33.310001373291016,32.7599983215332,33.2400016784668,3003900
2025-10-06,31.143537521362305,33.029998779296875,33.5099983215332,33.02000045776367,33.29999923706055,2763600
2025-10-07,30.445802688598633,32.290000915527344,32.93000030517578,32.04999923706055,32.869998931884766,6311400
2025-10-08,30.54952049255371,32.400001525878906,32.459999084472656,31.68000030517578,31.780000686645508,4382900
2025-10-09,30.492948532104492,32.34000015258789,32.5,32.04999923706055,32.439998626708984,3393400
2025-10-10,30.511804580688477,32.36000061035156,32.529998779296875,31.899999618530273,32.5,4372300
2025-10-13,30.426942825317383,32.27000045776367,32.810001373291016,32.27000045776367,32.5,2645500
2025-10-14,30.445802688598633,32.290000915527344,32.33000183105469,31.950000762939453,32.25,3271600
2025-10-15,30.6815242767334,32.540000915527344,33.0,31.8700008392334,31.8799991607666,4698700
2025-10-16,30.6815242767334,32.540000915527344,32.54999923706055,32.18000030517578,32.41999816894531,3824800
2025-10-17,31.115251541137695,33.0,33.279998779296875,32.29999923706055,32.29999923706055,3849400
2025-10-20,31.011533737182617,32.88999938964844,33.2400016784668,32.84000015258789,33.0099983215332,2837900
2025-10-21,31.162391662597656,33.04999923706055,33.15999984741211,32.66999816894531,32.83000183105469,3021600
2025-10-22,31.237829208374023,33.130001068115234,33.27000045776367,32.869998931884766,33.189998626708984,1509400
2025-10-23,31.64327049255371,33.560001373291016,33.61000061035156,32.97999954223633,33.29999923706055,2201600
2025-10-24,32.435298919677734,34.400001525878906,34.43000030517578,33.56999969482422,33.619998931884766,3571400
2025-10-27,32.623870849609375,34.599998474121094,35.08000183105469,34.529998779296875,34.529998779296875,6212300
2025-10-28,32.65089797973633,34.5099983215332,34.75,34.380001068115234,34.560001373291016,5645300
2025-10-29,32.423828125,34.27000045776367,34.66999816894531,34.209999084472656,34.5099983215332,2690600
2025-10-30,32.24406814575195,34.08000183105469,34.36000061035156,33.83000183105469,34.27000045776367,3716300
2025-10-31,30.3139591217041,32.040000915527344,34.43000030517578,32.040000915527344,34.43000030517578,12811500
2025-11-03,30.512643814086914,32.25,32.5,32.040000915527344,32.06999969482422,7852600
2025-11-04,31.241165161132812,33.02000045776367,33.13999938964844,31.780000686645508,32.16999816894531,6332000
2025-11-05,32.026451110839844,33.849998474121094,34.220001220703125,32.90999984741211,33.02000045776367,5196100
2025-11-06,31.76154136657715,33.56999969482422,34.22999954223633,33.56999969482422,33.849998474121094,3118300
2025-11-07,31.81830596923828,33.630001068115234,33.95000076293945,33.4900016784668,33.56999969482422,3377900
2025-11-10,31.591232299804688,33.38999938964844,33.91999816894531,33.33000183105469,33.91999816894531,4045500
2025-11-11,32.802276611328125,34.66999816894531,34.66999816894531,33.41999816894531,33.599998474121094,7159400
2025-11-12,33.28480911254883,35.18000030517578,35.310001373291016,34.599998474121094,34.689998626708984,4503600
2025-11-13,33.30373001098633,35.20000076293945,35.40999984741211,34.40999984741211,35.13999938964844,4660000
2025-11-14,32.92527389526367,34.79999923706055,35.40999984741211,34.79999923706055,35.279998779296875,3230700
2025-11-17,32.385986328125,34.22999954223633,34.84000015258789,34.22999954223633,34.79999923706055,2847200
2025-11-18,32.9631233215332,34.84000015258789,34.970001220703125,33.81999969482422,33.95000076293945,3604200
2025-11-19,32.52790832519531,34.380001068115234,34.88999938964844,34.2599983215332,34.56999969482422,2360000
2025-11-21,32.62250900268555,34.47999954223633,34.52000045776367,33.959999084472656,34.29999923706055,4196700
2025-11-24,32.84012222290039,34.709999084472656,34.95000076293945,34.31999969482422,34.38999938964844,5871800
2025-11-25,33.016929626464844,34.790000915527344,35.43000030517578,34.349998474121094,34.349998474121094,2085900
2025-11-26,33.32062530517578,35.11000061035156,35.45000076293945,34.84000015258789,34.84000015258789,2945200
2025-11-27,33.45348358154297,35.25,35.56999969482422,35.04999923706055,35.099998474121094,1352100
2025-11-28,33.62431335449219,35.43000030517578,35.56999969482422,35.099998474121094,35.2599983215332,2880400
2025-12-01,33.0453987121582,34.81999969482422,35.470001220703125,34.599998474121094,35.43000030517578,2717700
2025-12-02,33.301639556884766,35.09000015258789,35.119998931884766,34.65999984741211,35.0,2856500
2025-12-03,32.5613899230957,34.310001373291016,35.33000183105469,34.29999923706055,35.29999923706055,3134700
2025-12-04,33.225711822509766,35.0099983215332,35.0099983215332,34.400001525878906,34.4900016784668,2426700
2025-12-05,31.678789138793945,33.380001068115234,35.09000015258789,33.36000061035156,35.0099983215332,5412000
2025-12-08,31.982481002807617,33.70000076293945,33.86000061035156,33.400001525878906,33.54999923706055,3351100
2025-12-09,31.678789138793945,33.380001068115234,33.68000030517578,32.869998931884766,33.40999984741211,2958700
2025-12-10,32.333621978759766,34.06999969482422,34.22999954223633,33.33000183105469,33.650001525878906,2828500
2025-12-11,31.583887100219727,33.279998779296875,34.470001220703125,33.27000045776367,34.08000183105469,3154900
2025-12-12,31.745222091674805,33.45000076293945,33.7400016784668,33.04999923706055,33.279998779296875,3396300
2025-12-15,32.16279602050781,33.88999938964844,34.09000015258789,33.31999969482422,33.470001220703125,2273200
2025-12-16,31.356121063232422,33.040000915527344,33.619998931884766,32.65999984741211,33.560001373291016,4258100
2025-12-17,31.194786071777344,32.869998931884766,32.880001068115234,32.119998931884766,32.20000076293945,4122000
2025-12-18,31.232742309570312,32.90999984741211,33.18000030517578,32.63999938964844,32.79999923706055,4355200
2025-12-19,31.147329330444336,32.81999969482422,33.25,32.63999938964844,32.900001525878906,4251900
2025-12-22,30.805675506591797,32.459999084472656,32.849998474121094,32.130001068115234,32.849998474121094,4055800
2025-12-23,30.919565200805664,32.58000183105469,32.83000183105469,32.369998931884766,32.630001068115234,1754900
2025-12-26,31.337141036987305,33.02000045776367,33.06999969482422,32.38999938964844,32.40999984741211,1928700
2025-12-29,31.356121063232422,33.040000915527344,33.220001220703125,32.7400016784668,32.970001220703125,3318600
2025-12-30,31.517539978027344,33.099998474121094,33.29999923706055,32.959999084472656,33.09000015258789,6069800
2026-01-02,31.17475128173828,32.7400016784668,33.380001068115234,32.630001068115234,33.11000061035156,3586000
2026-01-05,31.508018493652344,33.09000015258789,33.36000061035156,32.68000030517578,32.7400016784668,3527800
2026-01-06,31.508018493652344,33.09000015258789,33.369998931884766,32.72999954223633,33.369998931884766,3893000
2026-01-07,31.19379425048828,32.7599983215332,33.29999923706055,32.7599983215332,32.95000076293945,3147400
2026-01-08,31.58418846130371,33.16999816894531,33.22999954223633,32.56999969482422,32.86000061035156,3782500
2026-01-09,31.80319595336914,33.400001525878906,33.70000076293945,33.13999938964844,33.150001525878906,3103200
2026-01-12,31.850805282592773,33.45000076293945,33.59000015258789,33.0099983215332,33.380001068115234,2821800
2026-01-13,30.822437286376953,32.369998931884766,33.380001068115234,32.349998474121094,33.33000183105469,6444700
2026-01-14,31.479450225830078,33.060001373291016,33.060001373291016,32.43000030517578,32.61000061035156,6855800
2026-01-15,31.14618492126465,32.709999084472656,33.25,32.2599983215332,33.150001525878906,5019400
2026-01-16,30.91765785217285,32.470001220703125,32.9900016784668,32.209999084472656,32.83000183105469,6133700
2026-01-19,31.18427276611328,32.75,32.81999969482422,32.38999938964844,32.4900016784668,1494100
2026-01-20,32.422122955322266,34.04999923706055,34.099998474121094,32.47999954223633,32.75,5511900
2026-01-21,32.89822006225586,34.54999923706055,34.650001525878906,33.91999816894531,34.33000183105469,6241700
2026-01-22,34.383636474609375,36.11000061035156,36.369998931884766,34.5,34.77000045776367,8597800
2026-01-23,35.240604400634766,37.0099983215332,37.31999969482422,36.04999923706055,36.22999954223633,6049700
2026-01-26,35.23108673095703,37.0,37.220001220703125,36.58000183105469,37.099998474121094,5455200
2026-01-27,35.46913146972656,37.25,37.79999923706055,37.0,37.439998626708984,5519700
2026-01-28,36.04996871948242,37.86000061035156,37.93000030517578,37.220001220703125,37.380001068115234,5252300
2026-01-29,35.69765853881836,37.4900016784668,38.09000015258789,37.130001068115234,37.86000061035156,5110500
2026-01-30,35.59292221069336,37.380001068115234,37.880001068115234,37.22999954223633,37.529998779296875,6983600
2026-02-02,35.66909408569336,37.459999084472656,38.04999923706055,37.2400016784668,37.33000183105469,5136600
2026-02-03,36.68793487548828,38.529998779296875,38.54999923706055,37.41999816894531,37.95000076293945,4939000
2026-02-04,36.30706787109375,38.130001068115234,38.41999816894531,37.75,38.369998931884766,5965200
2026-02-05,36.954551696777344,38.810001373291016,39.130001068115234,38.0099983215332,38.150001525878906,4868800
2026-02-06,37.040252685546875,38.900001525878906,39.09000015258789,38.38999938964844,39.0,5672800
2026-02-09,37.821048736572266,39.720001220703125,39.83000183105469,38.61000061035156,38.97999954223633,4048900
2026-02-10,38.563758850097656,40.5,40.88999938964844,39.650001525878906,39.79999923706055,4900500
2026-02-11,38.85893630981445,40.810001373291016,42.86000061035156,40.75,40.95000076293945,16791500
2026-02-12,39.54450988769531,41.529998779296875,42.040000915527344,40.5099983215332,40.689998626708984,5966800
2026-02-13,39.030330657958984,40.9900016784668,41.650001525878906,40.689998626708984,40.849998474121094,3992900
2026-02-18,38.639930725097656,40.58000183105469,41.349998474121094,40.40999984741211,40.9900016784668,3520400
2026-02-19,38.93510818481445,40.88999938964844,41.40999984741211,40.619998931884766,40.72999954223633,2978800
2026-02-20,38.75419235229492,40.70000076293945,40.97999954223633,39.95000076293945,40.52000045776367,5004500
2026-02-23,40.020606994628906,42.029998779296875,42.150001525878906,40.689998626708984,40.93000030517578,5962700
2026-02-24,40.585391998291016,42.52000045776367,42.79999923706055,41.65999984741211,42.22999954223633,4669600
2026-02-25,40.155860900878906,42.06999969482422,42.720001220703125,42.06999969482422,42.560001373291016,2834000
2026-02-26,40.871742248535156,42.81999969482422,42.88999938964844,42.06999969482422,42.43000030517578,4042500
2026-02-27,41.215362548828125,43.18000030517578,43.470001220703125,42.209999084472656,42.38999938964844,10682400
2026-03-02,40.33721923828125,42.2599983215332,43.119998931884766,41.91999816894531,42.27000045776367,8387700
2026-03-03,39.67861557006836,41.56999969482422,41.81999969482422,40.59000015258789,40.63999938964844,6162600
2026-03-04,40.671295166015625,42.61000061035156,43.0099983215332,41.58000183105469,41.93000030517578,3873500
2026-03-05,39.85042190551758,41.75,42.79999923706055,41.470001220703125,42.220001220703125,5386700
2026-03-06,39.58316421508789,41.470001220703125,41.90999984741211,41.11000061035156,41.20000076293945,3042400
2026-03-09,39.60226058959961,41.4900016784668,41.81999969482422,40.70000076293945,41.29999923706055,5224700
2026-03-10,40.17495346069336,42.09000015258789,42.43000030517578,41.529998779296875,42.0,5817600
2026-03-11,39.4208984375,41.29999923706055,41.779998779296875,39.22999954223633,40.0,7778000
2026-03-12,38.638206481933594,40.47999954223633,40.88999938964844,40.0099983215332,40.880001068115234,6127700
2026-03-13,38.79092788696289,40.63999938964844,41.380001068115234,40.630001068115234,41.0,4867600
2026-03-16,38.743202209472656,40.59000015258789,41.279998779296875,40.59000015258789,41.11000061035156,3329300
2026-03-17,39.125003814697266,40.9900016784668,41.209999084472656,40.59000015258789,40.849998474121094,5727400
2026-03-18,38.7813835144043,40.630001068115234,41.08000183105469,40.560001373291016,40.720001220703125,4120300
2026-03-19,38.972286224365234,40.83000183105469,41.27000045776367,39.810001373291016,39.810001373291016,5400300
2026-03-20,38.43776321411133,40.27000045776367,40.75,40.08000183105469,40.75,9300900
2026-03-23,38.628665924072266,40.470001220703125,41.099998474121094,40.470001220703125,40.810001373291016,5873900
2026-03-24,39.182273864746094,41.04999923706055,41.22999954223633,39.869998931884766,40.47999954223633,5200000
2026-03-25,39.43998718261719,41.31999969482422,41.7599983215332,41.0099983215332,41.349998474121094,4492500
2026-03-26,38.39091491699219,40.15999984741211,41.040000915527344,40.15999984741211,40.95000076293945,3634500
2026-03-27,38.247520446777344,40.0099983215332,40.459999084472656,39.779998779296875,40.15999984741211,5654300
2026-03-30,38.21884536743164,39.97999954223633,40.380001068115234,39.81999969482422,40.29999923706055,2252500
2026-03-31,39.41378402709961,41.22999954223633,41.290000915527344,40.20000076293945,40.63999938964844,5197600
2026-04-01,39.81528091430664,41.650001525878906,41.81999969482422,40.779998779296875,41.130001068115234,4795200
2026-04-02,39.49026107788086,41.310001373291016,41.7400016784668,40.81999969482422,40.9900016784668,1908200
2026-04-06,38.91668701171875,40.709999084472656,41.5,40.68000030517578,41.36000061035156,1692600
2026-04-07,39.1747932434082,40.97999954223633,41.099998474121094,40.2599983215332,40.599998474121094,3029300
2026-04-08,40.388851165771484,42.25,42.70000076293945,41.869998931884766,42.25,4810300
2026-04-09,40.866825103759766,42.75,43.099998474121094,41.95000076293945,42.400001525878906,5061300
2026-04-10,41.04845428466797,42.939998626708984,43.209999084472656,42.54999923706055,42.900001525878906,3999100
2026-04-13,40.0064697265625,41.849998474121094,43.119998931884766,41.52000045776367,42.939998626708984,6978900
2026-04-14,39.60497283935547,41.43000030517578,42.41999816894531,41.290000915527344,42.25,5833800
2026-04-15,39.94911193847656,41.790000915527344,41.93000030517578,41.349998474121094,41.36000061035156,3914400
2026-04-16,39.1461181640625,40.95000076293945,41.83000183105469,40.709999084472656,41.83000183105469,3691000
2026-04-17,38.89756774902344,40.689998626708984,41.84000015258789,40.63999938964844,41.83000183105469,5692300
2026-04-20,39.20347213745117,41.0099983215332,41.189998626708984,40.5,40.869998931884766,2769800
2026-04-22,37.712196350097656,39.45000076293945,40.95000076293945,39.34000015258789,40.619998931884766,6683600
2026-04-23,38.180606842041016,39.939998626708984,40.04999923706055,39.38999938964844,39.56999969482422,3212600
2026-04-24,38.4100341796875,40.18000030517578,40.29999923706055,39.77000045776367,39.810001373291016,2984000
2026-04-27,37.96074295043945,39.709999084472656,40.38999938964844,39.709999084472656,40.16999816894531,4350600
2026-04-28,37.312862396240234,38.91999816894531,39.209999084472656,38.34000015258789,38.849998474121094,5911500
2026-04-29,36.478790283203125,38.04999923706055,38.91999816894531,38.0,38.5,3858200
2026-04-30,37.62923812866211,39.25,39.470001220703125,38.220001220703125,38.310001373291016,4700300
2026-05-04,37.437496185302734,39.04999923706055,39.75,38.939998626708984,39.470001220703125,5237600
2026-05-05,38.08941650390625,39.72999954223633,40.439998626708984,38.97999954223633,38.97999954223633,4510100
2026-05-06,37.571712493896484,39.189998626708984,40.38999938964844,38.81999969482422,40.0,3188600
2026-05-07,36.53631591796875,38.11000061035156,39.16999816894531,38.09000015258789,38.939998626708984,4567600
2026-05-08,36.7759895324707,38.36000061035156,39.119998931884766,38.209999084472656,38.63999938964844,3845200
2026-05-11,34.532615661621094,36.02000045776367,38.5,35.4900016784668,38.5,13283000
2026-05-12,34.82981872558594,36.33000183105469,36.72999954223633,35.79999923706055,35.79999923706055,5608000
2026-05-13,34.1011962890625,35.56999969482422,36.380001068115234,35.52000045776367,36.310001373291016,4419100
2026-05-14,34.12036895751953,35.59000015258789,35.97999954223633,35.43000030517578,35.720001220703125,5075800
2026-05-15,34.05326461791992,35.52000045776367,36.02000045776367,35.0099983215332,35.220001220703125,4269600
2026-05-18,33.832759857177734,35.290000915527344,35.61000061035156,34.959999084472656,35.349998474121094,6113200
2026-05-19,33.16166687011719,34.59000015258789,35.290000915527344,34.5099983215332,35.0,4236600
2026-05-20,33.9382209777832,35.400001525878906,35.63999938964844,34.790000915527344,34.88999938964844,4441600
2026-05-21,33.832759857177734,35.290000915527344,35.560001373291016,34.470001220703125,35.11000061035156,2480500
2026-05-22,33.372581481933594,34.810001373291016,35.209999084472656,34.41999816894531,35.04999923706055,5578200
2026-05-25,33.354400634765625,33.540000915527344,34.08000183105469,33.369998931884766,34.08000183105469,1806200
2026-05-26,33.662681579589844,33.849998474121094,33.90999984741211,33.2599983215332,33.349998474121094,3934200
2026-05-27,33.74224090576172,33.93000030517578,34.470001220703125,33.779998779296875,34.119998931884766,2803500
2026-05-28,33.599998474121094,33.599998474121094,34.060001373291016,33.560001373291016,33.720001220703125,3148600
2026-05-29,33.81999969482422,33.81999969482422,33.81999969482422,33.040000915527344,33.790000915527344,14446000
2026-06-01,33.25,33.25,33.849998474121094,33.150001525878906,33.79999923706055,6489200
2026-06-02,33.79999923706055,33.79999923706055,34.040000915527344,33.279998779296875,33.38999938964844,4804400
2026-06-03,33.75,33.75,33.97999954223633,33.25,33.2599983215332,7626900
2026-06-05,32.95000076293945,32.95000076293945,33.86000061035156,32.84000015258789,33.279998779296875,5630000
2026-06-08,33.33000183105469,33.33000183105469,33.40999984741211,32.72999954223633,32.79999923706055,5090200
2026-06-09,32.95000076293945,32.95000076293945,33.779998779296875,32.90999984741211,33.599998474121094,6463000
2026-06-10,33.2599983215332,33.2599983215332,33.369998931884766,32.790000915527344,33.029998779296875,7771900
2026-06-11,33.86000061035156,33.86000061035156,33.86000061035156,33.099998474121094,33.119998931884766,3650200
2026-06-12,33.529998779296875,33.529998779296875,34.09000015258789,33.41999816894531,33.68000030517578,2491600
2026-06-15,33.13999938964844,33.13999938964844,34.220001220703125,33.13999938964844,34.0099983215332,2160300
2026-06-16,33.58000183105469,33.58000183105469,33.58000183105469,32.939998626708984,33.02000045776367,3439700
2026-06-17,32.86000061035156,32.86000061035156,33.720001220703125,32.86000061035156,33.5,3823700
2026-06-18,32.68000030517578,32.68000030517578,33.2400016784668,32.68000030517578,32.86000061035156,2836400
2026-06-19,32.459999084472656,32.459999084472656,32.68000030517578,32.20000076293945,32.68000030517578,5417500
2026-06-22,33.540000915527344,33.540000915527344,33.61000061035156,32.45000076293945,32.45000076293945,4307300
2026-06-23,34.279998779296875,34.279998779296875,34.459999084472656,33.31999969482422,33.33000183105469,5498100
2026-06-24,34.25,34.25,34.779998779296875,34.060001373291016,34.150001525878906,6726500
2026-06-25,34.56999969482422,34.56999969482422,34.79999923706055,34.33000183105469,34.349998474121094,5195000
2026-06-26,34.790000915527344,34.790000915527344,35.040000915527344,34.5099983215332,34.58000183105469,5505900
