Price,Adj Close,Close,High,Low,Open,Volume
Ticker,YDUQ3.SA,YDUQ3.SA,YDUQ3.SA,YDUQ3.SA,YDUQ3.SA,YDUQ3.SA
Date,,,,,,
2021-06-28,30.06600570678711,34.029998779296875,34.56999969482422,33.86000061035156,33.9900016784668,1950600
2021-06-29,29.50055694580078,33.38999938964844,34.20000076293945,33.02000045776367,34.0099983215332,2220300
2021-06-30,29.014625549316406,32.84000015258789,33.4900016784668,32.58000183105469,33.0,3801600
2021-07-01,28.625877380371094,32.400001525878906,33.119998931884766,32.040000915527344,32.810001373291016,2828500
2021-07-02,28.95277976989746,32.77000045776367,33.119998931884766,32.40999984741211,33.0,1439500
2021-07-05,28.784914016723633,32.58000183105469,32.779998779296875,32.27000045776367,32.65999984741211,742000
2021-07-06,27.83071517944336,31.5,32.43000030517578,31.309999465942383,32.27000045776367,4105400
2021-07-07,27.813045501708984,31.479999542236328,31.75,30.8700008392334,31.75,2223200
2021-07-08,27.477310180664062,31.100000381469727,31.25,30.420000076293945,30.700000762939453,1898000
2021-07-12,28.04275894165039,31.739999771118164,31.8799991607666,31.09000015258789,31.209999084472656,1721800
2021-07-13,28.5993709564209,32.369998931884766,32.61000061035156,31.549999237060547,31.700000762939453,1708000
2021-07-14,28.943941116333008,32.7599983215332,32.86000061035156,32.369998931884766,32.790000915527344,1442900
2021-07-15,28.56403350830078,32.33000183105469,32.72999954223633,32.09000015258789,32.47999954223633,1168400
2021-07-16,28.263635635375977,31.989999771118164,32.72999954223633,31.969999313354492,32.22999954223633,1525800
2021-07-19,28.263635635375977,31.989999771118164,32.18000030517578,31.170000076293945,31.610000610351562,1473000
2021-07-20,28.396163940429688,32.13999938964844,32.31999969482422,31.649999618530273,31.90999984741211,852600
2021-07-21,27.936737060546875,31.6200008392334,32.15999984741211,31.219999313354492,32.119998931884766,1584800
2021-07-22,27.680517196655273,31.329999923706055,31.780000686645508,31.139999389648438,31.649999618530273,1343600
2021-07-23,27.21225357055664,30.799999237060547,31.3700008392334,30.479999542236328,31.15999984741211,1517500
2021-07-26,26.894187927246094,30.440000534057617,31.170000076293945,30.200000762939453,30.809999465942383,1466000
2021-07-27,26.34640884399414,29.81999969482422,30.239999771118164,29.350000381469727,30.020000457763672,2541400
2021-07-28,26.62030029296875,30.1299991607666,30.280000686645508,29.649999618530273,30.209999084472656,1555600
2021-07-29,26.09902572631836,29.540000915527344,30.229999542236328,29.18000030517578,30.06999969482422,2117800
2021-07-30,24.96812629699707,28.260000228881836,29.579999923706055,28.219999313354492,29.329999923706055,2277700
2021-08-02,25.162500381469727,28.479999542236328,28.920000076293945,28.3700008392334,28.3700008392334,1419800
2021-08-03,24.738412857055664,28.0,28.479999542236328,27.3799991607666,28.420000076293945,1929400
2021-08-04,24.429182052612305,27.649999618530273,28.1299991607666,27.309999465942383,27.8700008392334,1420800
2021-08-05,24.16413116455078,27.350000381469727,28.100000381469727,27.100000381469727,27.940000534057617,1806600
2021-08-06,24.031599044799805,27.200000762939453,27.530000686645508,26.899999618530273,27.25,2829300
2021-08-09,23.634017944335938,26.75,27.40999984741211,26.75,27.0,1865600
2021-08-10,23.501493453979492,26.600000381469727,27.3799991607666,26.40999984741211,26.81999969482422,2622900
2021-08-11,22.352924346923828,25.299999237060547,26.670000076293945,25.190000534057617,26.639999389648438,3836500
2021-08-12,21.866989135742188,24.75,25.639999389648438,24.450000762939453,25.530000686645508,3745700
2021-08-13,21.911163330078125,24.799999237060547,25.239999771118164,24.1299991607666,24.6299991607666,4981900
2021-08-16,20.9923095703125,23.760000228881836,25.020000457763672,22.989999771118164,24.700000762939453,4105800
2021-08-17,22.299911499023438,25.239999771118164,25.399999618530273,23.299999237060547,23.6200008392334,7794700
2021-08-18,22.458946228027344,25.420000076293945,26.100000381469727,25.010000228881836,25.31999969482422,9809000
2021-08-19,21.9995174407959,24.899999618530273,25.25,24.079999923706055,25.15999984741211,4626400
2021-08-20,22.97138214111328,26.0,26.200000762939453,24.209999084472656,24.59000015258789,3648300
2021-08-23,23.492658615112305,26.59000015258789,26.850000381469727,25.90999984741211,26.1200008392334,2431200
2021-08-24,24.650060653686523,27.899999618530273,28.290000915527344,26.729999542236328,26.81999969482422,2147200
2021-08-25,24.7119083404541,27.969999313354492,28.200000762939453,26.799999237060547,27.889999389648438,3435200
2021-08-26,24.68540382385254,27.940000534057617,28.350000381469727,27.6299991607666,27.780000686645508,1529100
2021-08-27,24.199466705322266,27.389999389648438,28.059999465942383,27.010000228881836,28.010000228881836,2303400
2021-08-30,23.28944969177246,26.360000610351562,27.270000457763672,26.350000381469727,27.149999618530273,1716100
2021-08-31,22.609142303466797,25.59000015258789,27.0,25.3799991607666,26.31999969482422,5436600
2021-09-01,22.75933837890625,25.760000228881836,26.309999465942383,25.290000915527344,25.799999237060547,3250900
2021-09-02,21.64611053466797,24.5,25.799999237060547,24.190000534057617,25.799999237060547,3368500
2021-09-03,21.95534324645996,24.850000381469727,25.079999923706055,24.579999923706055,24.739999771118164,2598200
2021-09-06,21.80514144897461,24.68000030517578,25.200000762939453,24.229999542236328,24.84000015258789,2858900
2021-09-08,20.409191131591797,23.100000381469727,24.579999923706055,23.030000686645508,24.520000457763672,4096600
2021-09-09,20.842113494873047,23.59000015258789,23.950000762939453,22.440000534057617,23.100000381469727,5726300
2021-09-10,20.550552368164062,23.260000228881836,25.479999542236328,23.110000610351562,23.809999465942383,4224900
2021-09-13,22.193889617919922,25.1200008392334,25.34000015258789,23.65999984741211,23.690000534057617,2409100
2021-09-14,21.96417808532715,24.860000610351562,25.59000015258789,24.799999237060547,25.219999313354492,1307700
2021-09-15,22.07019805908203,24.979999542236328,25.1299991607666,24.479999542236328,25.030000686645508,1498700
2021-09-16,22.008350372314453,24.90999984741211,24.989999771118164,24.290000915527344,24.81999969482422,1501100
2021-09-17,21.593101501464844,24.440000534057617,24.950000762939453,23.850000381469727,24.790000915527344,1931800
2021-09-20,21.310379028320312,24.1200008392334,24.239999771118164,23.329999923706055,24.1200008392334,1660700
2021-09-21,22.052528381347656,24.959999084472656,25.329999923706055,24.030000686645508,24.239999771118164,2596200
2021-09-22,22.017187118530273,24.920000076293945,25.3700008392334,24.6299991607666,25.190000534057617,1834000
2021-09-23,21.94650650024414,24.84000015258789,25.579999923706055,24.709999084472656,25.030000686645508,3683600
2021-09-24,21.911163330078125,24.799999237060547,25.0,24.280000686645508,24.729999542236328,1980400
2021-09-27,22.008350372314453,24.90999984741211,25.360000610351562,24.350000381469727,24.799999237060547,1467100
2021-09-28,20.72725486755371,23.459999084472656,24.920000076293945,23.40999984741211,24.469999313354492,2562700
2021-09-29,21.451736450195312,24.280000686645508,24.559999465942383,23.43000030517578,23.579999923706055,1717900
2021-09-30,20.9923095703125,23.760000228881836,24.389999389648438,23.600000381469727,24.389999389648438,1870700
2021-10-01,22.061365127563477,24.969999313354492,24.969999313354492,23.469999313354492,23.59000015258789,1585300
2021-10-04,20.877450942993164,23.6299991607666,24.6200008392334,23.420000076293945,24.5,1475300
2021-10-05,20.68307876586914,23.40999984741211,23.959999084472656,23.299999237060547,23.729999542236328,1396200
2021-10-06,20.612398147583008,23.329999923706055,23.329999923706055,22.260000228881836,23.200000762939453,3083200
2021-10-07,22.635648727416992,25.6200008392334,26.030000686645508,23.670000076293945,23.670000076293945,5348600
2021-10-08,23.678194046020508,26.799999237060547,27.6200008392334,25.649999618530273,26.09000015258789,3789100
2021-10-11,22.99789047241211,26.030000686645508,27.0,25.93000030517578,26.979999542236328,1722800
2021-10-13,24.049272537231445,27.219999313354492,27.670000076293945,25.84000015258789,26.15999984741211,3250200
2021-10-14,23.740039825439453,26.8700008392334,27.3799991607666,26.3799991607666,27.219999313354492,1626100
2021-10-15,23.83722686767578,26.979999542236328,27.5,26.43000030517578,26.770000457763672,1920100
2021-10-18,23.863733291625977,27.010000228881836,27.440000534057617,26.139999389648438,26.780000686645508,1987000
2021-10-19,22.238067626953125,25.170000076293945,26.790000915527344,24.65999984741211,26.6299991607666,5368300
2021-10-20,22.03485679626465,24.940000534057617,25.670000076293945,24.81999969482422,25.309999465942383,1678400
2021-10-21,21.20435333251953,24.0,24.969999313354492,23.43000030517578,24.299999237060547,3880800
2021-10-22,20.011606216430664,22.649999618530273,23.719999313354492,21.440000534057617,23.59000015258789,6167100
2021-10-25,19.746553421020508,22.350000381469727,23.15999984741211,22.100000381469727,22.770000457763672,5305900
2021-10-26,18.642160415649414,21.100000381469727,22.34000015258789,21.010000228881836,22.100000381469727,3890200
2021-10-27,19.348970413208008,21.899999618530273,22.299999237060547,21.219999313354492,21.40999984741211,5134600
2021-10-28,19.083919525146484,21.600000381469727,22.09000015258789,21.1299991607666,21.850000381469727,3917800
2021-10-29,18.430116653442383,20.860000610351562,22.020000457763672,20.670000076293945,21.690000534057617,1978100
2021-11-01,18.721677780151367,21.190000534057617,22.030000686645508,21.040000915527344,21.040000915527344,2123200
2021-11-03,20.002775192260742,22.639999389648438,23.149999618530273,20.959999084472656,21.0,3249700
2021-11-04,19.428489685058594,21.989999771118164,22.989999771118164,21.700000762939453,22.56999969482422,2065100
2021-11-05,19.86141014099121,22.479999542236328,23.1200008392334,21.940000534057617,22.149999618530273,2151300
2021-11-08,20.17947769165039,22.84000015258789,23.100000381469727,22.030000686645508,22.469999313354492,3035900
2021-11-09,20.126468658447266,22.780000686645508,23.850000381469727,22.290000915527344,23.5,4242800
2021-11-10,20.585891723632812,23.299999237060547,23.940000534057617,22.549999237060547,22.84000015258789,2696500
2021-11-11,21.398727416992188,24.219999313354492,25.6299991607666,23.260000228881836,23.530000686645508,4245200
2021-11-12,21.03648567199707,23.809999465942383,24.760000228881836,23.5,24.190000534057617,1674500
2021-11-16,19.86141014099121,22.479999542236328,23.989999771118164,22.25,23.93000030517578,2994400
2021-11-17,19.86141014099121,22.479999542236328,23.139999389648438,21.920000076293945,22.75,3880200
2021-11-18,20.285497665405273,22.959999084472656,23.360000610351562,22.5,22.579999923706055,2301400
2021-11-19,19.79073143005371,22.399999618530273,23.049999237060547,22.139999389648438,22.93000030517578,4290000
2021-11-22,19.251785278320312,21.790000915527344,22.6200008392334,21.6200008392334,22.40999984741211,5662100
2021-11-23,18.82769775390625,21.309999465942383,21.979999542236328,20.81999969482422,21.81999969482422,3692400
2021-11-24,19.181102752685547,21.709999084472656,21.920000076293945,21.049999237060547,21.209999084472656,2584200
2021-11-25,19.614028930664062,22.200000762939453,22.549999237060547,21.610000610351562,21.610000610351562,1535700
2021-11-26,18.45662498474121,20.889999389648438,21.549999237060547,20.34000015258789,21.489999771118164,3504900
2021-11-29,18.483129501342773,20.920000076293945,21.399999618530273,20.850000381469727,21.200000762939453,1620800
2021-11-30,19.287126541137695,21.829999923706055,22.280000686645508,20.65999984741211,21.399999618530273,4438500
2021-12-01,19.340137481689453,21.889999389648438,23.040000915527344,21.829999923706055,21.959999084472656,3950300
2021-12-02,20.462202072143555,23.15999984741211,23.260000228881836,21.709999084472656,22.219999313354492,3929400
2021-12-03,20.9923095703125,23.760000228881836,24.350000381469727,23.1299991607666,23.1299991607666,3705800
2021-12-06,21.054153442382812,23.829999923706055,24.3700008392334,23.3700008392334,23.8799991607666,2718900
2021-12-07,20.930465698242188,23.690000534057617,24.739999771118164,23.600000381469727,24.6299991607666,2497900
2021-12-08,21.56659507751465,24.40999984741211,24.639999389648438,23.520000457763672,23.959999084472656,6492500
2021-12-09,20.77143096923828,23.510000228881836,24.31999969482422,23.389999389648438,23.979999542236328,1720300
2021-12-10,21.23969268798828,24.040000915527344,24.600000381469727,23.75,23.829999923706055,1651200
2021-12-13,20.886287689208984,23.639999389648438,24.469999313354492,23.639999389648438,23.969999313354492,1849000
2021-12-14,20.373849868774414,23.059999465942383,24.309999465942383,23.040000915527344,24.239999771118164,1852700
2021-12-15,20.67424201965332,23.399999618530273,23.579999923706055,22.700000762939453,23.049999237060547,1945900
2021-12-16,20.895124435424805,23.649999618530273,24.5,23.309999465942383,23.440000534057617,2374900
2021-12-17,19.163433074951172,21.690000534057617,22.90999984741211,21.690000534057617,22.889999389648438,6013400
2021-12-20,18.854206085205078,21.34000015258789,21.829999923706055,21.059999465942383,21.43000030517578,3435800
2021-12-21,18.589149475097656,21.040000915527344,21.6200008392334,20.770000457763672,21.469999313354492,2306700
2021-12-22,18.271085739135742,20.68000030517578,21.15999984741211,20.3799991607666,21.15999984741211,2376100
2021-12-23,17.961854934692383,20.329999923706055,20.75,20.25,20.75,1731000
2021-12-27,17.73214340209961,20.06999969482422,20.81999969482422,20.049999237060547,20.450000762939453,1809000
2021-12-28,18.430116653442383,20.860000610351562,20.889999389648438,20.010000228881836,20.149999618530273,1710500
2021-12-29,17.953018188476562,20.31999969482422,21.18000030517578,20.260000228881836,20.860000610351562,1342300
2021-12-30,18.165061950683594,20.559999465942383,20.799999237060547,20.170000076293945,20.540000915527344,2053000
2022-01-03,17.67029571533203,20.0,20.940000534057617,19.579999923706055,20.59000015258789,3935900
2022-01-04,17.37873649597168,19.670000076293945,20.309999465942383,19.530000686645508,20.200000762939453,2782400
2022-01-05,16.70726203918457,18.90999984741211,20.1299991607666,18.90999984741211,19.719999313354492,3078500
2022-01-06,16.68959617614746,18.889999389648438,19.780000686645508,18.600000381469727,18.8799991607666,3407600
2022-01-07,16.61890983581543,18.809999465942383,19.0,18.309999465942383,18.940000534057617,3020500
2022-01-10,15.956276893615723,18.059999465942383,18.760000228881836,17.8799991607666,18.579999923706055,2924200
2022-01-11,16.459880828857422,18.6299991607666,18.950000762939453,17.969999313354492,18.030000686645508,2915100
2022-01-12,16.53939437866211,18.719999313354492,19.079999923706055,18.190000534057617,18.530000686645508,2823800
2022-01-13,16.42453956604004,18.59000015258789,18.790000915527344,18.200000762939453,18.719999313354492,3274900
2022-01-14,16.698429107666016,18.899999618530273,19.030000686645508,18.270000457763672,18.59000015258789,2264000
2022-01-17,16.84862518310547,19.06999969482422,19.420000076293945,18.84000015258789,18.84000015258789,1508500
2022-01-18,17.343393325805664,19.6299991607666,19.93000030517578,18.8700008392334,19.200000762939453,3179100
2022-01-19,17.11368179321289,19.3700008392334,20.18000030517578,19.3700008392334,19.799999237060547,2261600
2022-01-20,17.67029571533203,20.0,20.8799991607666,19.049999237060547,19.350000381469727,3094000
2022-01-21,18.041372299194336,20.420000076293945,20.59000015258789,19.6299991607666,19.68000030517578,2054000
2022-01-24,17.316890716552734,19.600000381469727,20.479999542236328,19.43000030517578,20.3700008392334,2457800
2022-01-25,18.359437942504883,20.780000686645508,20.899999618530273,19.350000381469727,19.479999542236328,2770800
2022-01-26,18.377105712890625,20.799999237060547,21.600000381469727,20.709999084472656,20.969999313354492,2194300
2022-01-27,19.01323699951172,21.520000457763672,21.729999542236328,20.979999542236328,21.0,6628100
2022-01-28,19.066246032714844,21.579999923706055,21.829999923706055,21.34000015258789,21.459999084472656,1839100
2022-01-31,19.534507751464844,22.110000610351562,22.110000610351562,21.459999084472656,21.610000610351562,1792300
2022-02-01,19.614028930664062,22.200000762939453,22.920000076293945,21.979999542236328,22.110000610351562,4126200
2022-02-02,19.437326431274414,22.0,22.68000030517578,21.93000030517578,22.3700008392334,2286400
2022-02-03,19.86141014099121,22.479999542236328,23.040000915527344,21.959999084472656,21.989999771118164,3588300
2022-02-04,19.10158920288086,21.6200008392334,22.43000030517578,20.860000610351562,22.43000030517578,2392300
2022-02-07,19.9144229888916,22.540000915527344,22.540000915527344,21.110000610351562,21.530000686645508,6908800
2022-02-08,19.340137481689453,21.889999389648438,22.5,21.889999389648438,22.239999771118164,4598900
2022-02-09,19.13692855834961,21.65999984741211,22.34000015258789,21.229999542236328,22.200000762939453,1932100
2022-02-10,19.163433074951172,21.690000534057617,22.049999237060547,21.1299991607666,21.729999542236328,1533100
2022-02-11,18.748184204101562,21.219999313354492,22.239999771118164,20.899999618530273,21.809999465942383,1702400
2022-02-14,19.251785278320312,21.790000915527344,22.049999237060547,21.219999313354492,21.229999542236328,1517100
2022-02-15,20.25899314880371,22.93000030517578,22.93000030517578,21.829999923706055,21.889999389648438,3240500
2022-02-16,19.746553421020508,22.350000381469727,22.920000076293945,22.270000457763672,22.90999984741211,2096000
2022-02-17,19.446157455444336,22.010000228881836,22.649999618530273,21.920000076293945,22.270000457763672,945500
2022-02-18,19.596357345581055,22.18000030517578,22.479999542236328,21.899999618530273,22.020000457763672,1413000
2022-02-21,18.748184204101562,21.219999313354492,22.31999969482422,21.1200008392334,22.18000030517578,1536300
2022-02-22,19.631694793701172,22.219999313354492,22.459999084472656,21.31999969482422,21.5,1753800
2022-02-23,19.923254013061523,22.549999237060547,22.940000534057617,22.200000762939453,22.200000762939453,2781200
2022-02-24,19.437326431274414,22.0,22.579999923706055,20.969999313354492,21.420000076293945,4131600
2022-02-25,18.774688720703125,21.25,22.450000762939453,21.079999923706055,22.260000228881836,2951600
2022-03-02,18.19156837463379,20.59000015258789,21.34000015258789,20.540000915527344,21.25,2062100
2022-03-03,17.953018188476562,20.31999969482422,21.010000228881836,20.059999465942383,20.690000534057617,2100500
2022-03-04,17.263879776000977,19.540000915527344,20.31999969482422,19.209999084472656,20.299999237060547,4564300
2022-03-07,15.912099838256836,18.010000228881836,19.530000686645508,17.84000015258789,19.350000381469727,3189800
2022-03-08,15.973945617675781,18.079999923706055,18.700000762939453,17.75,18.1299991607666,3211200
2022-03-09,17.087175369262695,19.34000015258789,19.479999542236328,18.280000686645508,18.360000610351562,2841100
2022-03-10,16.742603302001953,18.950000762939453,19.260000228881836,18.420000076293945,18.700000762939453,3184300
2022-03-11,15.920937538146973,18.020000457763672,19.260000228881836,17.899999618530273,19.0,2394600
2022-03-14,15.744233131408691,17.81999969482422,18.40999984741211,17.649999618530273,18.149999618530273,1602300
2022-03-15,16.185989379882812,18.31999969482422,18.43000030517578,17.549999237060547,17.700000762939453,3424200
2022-03-16,14.489641189575195,16.399999618530273,18.350000381469727,16.010000228881836,18.030000686645508,14409400
2022-03-17,13.968368530273438,15.8100004196167,16.6299991607666,15.119999885559082,16.450000762939453,11267800
2022-03-18,15.523353576660156,17.56999969482422,17.59000015258789,15.6899995803833,15.760000228881836,7351200
2022-03-21,15.549860000610352,17.600000381469727,18.239999771118164,17.350000381469727,17.5,3303900
2022-03-22,16.221332550048828,18.360000610351562,18.540000915527344,17.510000228881836,17.510000228881836,4343500
2022-03-23,16.610076904296875,18.799999237060547,19.25,17.799999237060547,18.420000076293945,4282400
2022-03-24,16.989988327026367,19.229999542236328,19.43000030517578,18.639999389648438,18.899999618530273,2166700
2022-03-25,18.52730369567871,20.969999313354492,21.239999771118164,19.260000228881836,19.34000015258789,5249900
2022-03-28,18.650997161865234,21.110000610351562,21.549999237060547,20.84000015258789,20.850000381469727,2474800
2022-03-29,18.721677780151367,21.190000534057617,22.0,21.15999984741211,21.920000076293945,2168900
2022-03-30,19.366641998291016,21.920000076293945,22.389999389648438,20.989999771118164,21.3799991607666,3588300
2022-03-31,18.50079917907715,20.940000534057617,22.200000762939453,20.84000015258789,22.0,2711300
2022-04-01,19.4019832611084,21.959999084472656,22.270000457763672,21.09000015258789,21.09000015258789,2985600
2022-04-04,19.340137481689453,21.889999389648438,22.329999923706055,21.700000762939453,22.0,1355200
2022-04-05,18.509634017944336,20.950000762939453,22.09000015258789,20.889999389648438,21.899999618530273,2037500
2022-04-06,18.014863967895508,20.389999389648438,20.940000534057617,19.68000030517578,20.690000534057617,2752100
2022-04-07,18.31525993347168,20.729999542236328,20.969999313354492,20.06999969482422,20.149999618530273,3960100
2022-04-08,17.97952651977539,20.350000381469727,20.790000915527344,19.799999237060547,20.450000762939453,2364600
2022-04-11,17.28154754638672,19.559999465942383,20.459999084472656,19.43000030517578,20.0,2624000
2022-04-12,16.654253005981445,18.850000381469727,20.100000381469727,18.6299991607666,19.799999237060547,4424800
2022-04-13,16.442209243774414,18.610000610351562,19.229999542236328,18.610000610351562,19.0,4438300
2022-04-14,15.275971412658691,17.290000915527344,18.56999969482422,17.25,18.520000457763672,5304400
2022-04-18,15.293641090393066,17.309999465942383,17.469999313354492,17.020000457763672,17.299999237060547,1586900
2022-04-19,15.505683898925781,17.549999237060547,17.649999618530273,16.81999969482422,17.170000076293945,2504300
2022-04-20,15.143442153930664,17.139999389648438,17.780000686645508,17.139999389648438,17.549999237060547,2124300
2022-04-22,14.392457008361816,16.290000915527344,16.920000076293945,16.190000534057617,16.68000030517578,2254900
2022-04-25,14.7546968460083,16.700000762939453,16.8700008392334,15.8100004196167,16.100000381469727,3078800
2022-04-26,14.657509803771973,16.59000015258789,17.059999465942383,16.059999465942383,16.579999923706055,2816300
2022-04-27,14.807706832885742,16.760000228881836,17.260000228881836,16.56999969482422,16.850000381469727,2217100
2022-04-28,14.860718727111816,16.81999969482422,16.959999084472656,16.3700008392334,16.75,1383800
2022-04-29,14.350157737731934,16.1200008392334,17.110000610351562,16.1200008392334,16.899999618530273,2427700
2022-05-02,14.047486305236816,15.779999732971191,16.329999923706055,15.5,16.1200008392334,1926700
2022-05-03,14.065290451049805,15.800000190734863,16.149999618530273,15.630000114440918,15.779999732971191,1335700
2022-05-04,14.688436508178711,16.5,16.600000381469727,15.279999732971191,15.699999809265137,2564300
2022-05-05,13.851641654968262,15.5600004196167,16.280000686645508,15.3100004196167,16.18000030517578,2110500
2022-05-06,13.459948539733887,15.119999885559082,15.739999771118164,15.029999732971191,15.569999694824219,2305100
2022-05-09,12.997040748596191,14.600000381469727,15.130000114440918,14.569999694824219,14.890000343322754,1874100
2022-05-10,13.068257331848145,14.680000305175781,15.010000228881836,14.3100004196167,14.710000038146973,7214500
2022-05-11,12.685466766357422,14.25,15.149999618530273,14.229999542236328,14.829999923706055,1714100
2022-05-12,13.451045989990234,15.109999656677246,15.130000114440918,14.170000076293945,14.229999542236328,2279500
2022-05-13,15.08012866973877,16.940000534057617,17.079999923706055,15.550000190734863,15.649999618530273,4245500
2022-05-16,14.98220443725586,16.829999923706055,17.200000762939453,16.6200008392334,16.809999465942383,1671100
2022-05-17,15.632055282592773,17.559999465942383,18.260000228881836,16.959999084472656,16.959999084472656,5119900
2022-05-18,15.649861335754395,17.579999923706055,17.770000457763672,17.15999984741211,17.489999771118164,2056900
2022-05-19,15.997042655944824,17.969999313354492,18.170000076293945,17.350000381469727,17.59000015258789,2320600
2022-05-20,15.783390998840332,17.729999542236328,18.239999771118164,17.229999542236328,18.139999389648438,2258700
2022-05-23,15.988138198852539,17.959999084472656,18.18000030517578,17.65999984741211,17.81999969482422,1316500
2022-05-24,15.729979515075684,17.670000076293945,17.780000686645508,16.920000076293945,17.75,2331200
2022-05-25,15.729979515075684,17.670000076293945,17.90999984741211,17.309999465942383,17.520000457763672,1740200
2022-05-26,16.07716178894043,18.059999465942383,18.190000534057617,17.600000381469727,17.649999618530273,1800600
2022-05-27,15.356093406677246,17.25,18.040000915527344,17.18000030517578,18.010000228881836,2068500
2022-05-30,14.724045753479004,16.540000915527344,17.530000686645508,16.459999084472656,17.3799991607666,1570300
2022-05-31,14.403569221496582,16.18000030517578,16.799999237060547,16.110000610351562,16.459999084472656,2440300
2022-06-01,14.643926620483398,16.450000762939453,16.59000015258789,15.859999656677246,16.270000457763672,3147900
2022-06-02,14.821968078613281,16.649999618530273,17.200000762939453,16.5,16.649999618530273,1730200
2022-06-03,13.994074821472168,15.720000267028809,16.639999389648438,15.59000015258789,16.639999389648438,2183400
2022-06-06,13.504459381103516,15.170000076293945,15.829999923706055,15.130000114440918,15.75,1073100
2022-06-07,13.513361930847168,15.180000305175781,15.4399995803833,14.899999618530273,15.100000381469727,2142300
2022-06-08,13.281907081604004,14.920000076293945,15.430000305175781,14.90999984741211,15.029999732971191,1529500
2022-06-09,13.344221115112305,14.989999771118164,15.420000076293945,14.84000015258789,14.850000381469727,1816600
2022-06-10,12.685466766357422,14.25,14.920000076293945,14.229999542236328,14.829999923706055,2659700
2022-06-13,11.884281158447266,13.350000381469727,13.850000381469727,13.3100004196167,13.850000381469727,2635000
2022-06-14,11.991105079650879,13.470000267028809,13.65999984741211,13.329999923706055,13.449999809265137,1943400
2022-06-15,12.231461524963379,13.739999771118164,14.0,13.40999984741211,13.699999809265137,2371000
2022-06-17,11.866476058959961,13.329999923706055,13.640000343322754,13.020000457763672,13.520000457763672,5523300
2022-06-20,12.142440795898438,13.640000343322754,13.9399995803833,13.279999732971191,13.350000381469727,2146700
2022-06-21,11.724042892456055,13.170000076293945,13.729999542236328,12.949999809265137,13.640000343322754,3410500
2022-06-22,12.097929954528809,13.59000015258789,13.800000190734863,12.890000343322754,12.890000343322754,1676100
2022-06-23,12.240364074707031,13.75,14.0600004196167,13.350000381469727,13.600000381469727,2917000
2022-06-24,12.676566123962402,14.239999771118164,14.359999656677246,13.489999771118164,13.859999656677246,3198600
2022-06-27,12.42730712890625,13.960000038146973,14.5,13.869999885559082,14.199999809265137,2413800
2022-06-28,12.089029312133789,13.579999923706055,14.109999656677246,13.449999809265137,13.829999923706055,1826800
2022-06-29,11.928790092468262,13.399999618530273,13.819999694824219,13.220000267028809,13.479999542236328,2028800
2022-06-30,11.635022163391113,13.069999694824219,13.319999694824219,12.819999694824219,13.300000190734863,2506200
2022-07-01,11.554903030395508,12.979999542236328,13.3100004196167,12.680000305175781,12.850000381469727,2204500
2022-07-04,11.056386947631836,12.420000076293945,12.899999618530273,12.380000114440918,12.859999656677246,2314000
2022-07-05,11.225525856018066,12.609999656677246,12.739999771118164,11.930000305175781,12.390000343322754,3476600
2022-07-06,12.284873962402344,13.800000190734863,13.800000190734863,12.510000228881836,12.529999732971191,3915400
2022-07-07,13.575675964355469,15.25,15.25,13.6899995803833,13.819999694824219,5541500
2022-07-08,13.273005485534668,14.90999984741211,15.460000038146973,14.65999984741211,15.100000381469727,4273500
2022-07-11,12.712173461914062,14.279999732971191,14.920000076293945,14.130000114440918,14.670000076293945,1865400
2022-07-12,12.801194190979004,14.380000114440918,14.720000267028809,14.109999656677246,14.289999961853027,3750700
2022-07-13,12.36499309539795,13.890000343322754,14.100000381469727,13.649999618530273,14.100000381469727,7157300
2022-07-14,12.596446990966797,14.149999618530273,14.270000457763672,13.550000190734863,13.729999542236328,5931200
2022-07-15,13.103865623474121,14.720000267028809,14.800000190734863,13.819999694824219,14.149999618530273,4705500
2022-07-18,13.094964981079102,14.710000038146973,15.5600004196167,14.479999542236328,14.729999542236328,5251900
2022-07-19,12.569740295410156,14.119999885559082,14.880000114440918,13.34000015258789,14.739999771118164,7155700
2022-07-20,12.721076965332031,14.289999961853027,14.609999656677246,13.350000381469727,13.960000038146973,5088100
2022-07-21,12.543033599853516,14.09000015258789,14.279999732971191,13.739999771118164,14.220000267028809,2990700
2022-07-22,12.373895645141602,13.899999618530273,14.380000114440918,13.739999771118164,14.15999984741211,2932300
2022-07-25,12.05341911315918,13.539999961853027,14.149999618530273,13.520000457763672,14.039999961853027,1497800
2022-07-26,11.492588996887207,12.90999984741211,13.619999885559082,12.819999694824219,13.5,7332900
2022-07-27,12.320483207702637,13.84000015258789,13.899999618530273,12.970000267028809,12.970000267028809,3522900
2022-07-28,12.044517517089844,13.529999732971191,13.789999961853027,13.180000305175781,13.529999732971191,2111000
2022-07-29,11.795259475708008,13.25,13.630000114440918,13.109999656677246,13.600000381469727,1695300
2022-08-01,11.964398384094238,13.4399995803833,13.569999694824219,13.029999732971191,13.260000228881836,2124000
2022-08-02,11.715141296386719,13.15999984741211,13.5600004196167,13.119999885559082,13.380000114440918,1944100
2022-08-03,12.712173461914062,14.279999732971191,14.300000190734863,13.130000114440918,13.170000076293945,2900500
2022-08-04,13.246299743652344,14.880000114440918,14.970000267028809,14.229999542236328,14.350000381469727,4010800
2022-08-05,13.344221115112305,14.989999771118164,15.300000190734863,14.720000267028809,14.859999656677246,1939100
2022-08-08,13.753718376159668,15.449999809265137,15.65999984741211,15.010000228881836,15.100000381469727,1695900
2022-08-09,13.39763355255127,15.050000190734863,15.520000457763672,14.729999542236328,15.520000457763672,1993400
2022-08-10,14.341256141662598,16.110000610351562,16.75,15.359999656677246,15.5,6679200
2022-08-11,13.753718376159668,15.449999809265137,16.43000030517578,15.130000114440918,16.1200008392334,3287700
2022-08-12,13.84273910522461,15.550000190734863,15.729999542236328,15.369999885559082,15.5600004196167,2407400
2022-08-15,14.154312133789062,15.899999618530273,16.079999923706055,15.449999809265137,15.449999809265137,3674300
2022-08-16,12.489622116088867,14.029999732971191,15.710000038146973,13.800000190734863,15.710000038146973,10940500
2022-08-17,11.795259475708008,13.25,14.359999656677246,13.1899995803833,13.90999984741211,8562200
2022-08-18,11.172114372253418,12.550000190734863,13.399999618530273,12.550000190734863,13.380000114440918,7863000
2022-08-19,10.976268768310547,12.329999923706055,12.819999694824219,12.279999732971191,12.460000038146973,6947600
2022-08-22,10.807127952575684,12.140000343322754,12.270000457763672,11.930000305175781,12.1899995803833,3731400
2022-08-23,10.931756973266602,12.279999732971191,12.4399995803833,12.119999885559082,12.220000267028809,4793400
2022-08-24,11.21662425994873,12.600000381469727,12.779999732971191,12.270000457763672,12.319999694824219,5721400
2022-08-25,11.572707176208496,13.0,13.140000343322754,12.699999809265137,12.699999809265137,4524700
2022-08-26,11.359057426452637,12.760000228881836,13.34000015258789,12.600000381469727,13.0,3320500
2022-08-29,11.359057426452637,12.760000228881836,13.079999923706055,12.649999618530273,12.789999961853027,2771700
2022-08-30,11.154309272766113,12.529999732971191,13.050000190734863,12.449999809265137,12.90999984741211,1732500
2022-08-31,10.958464622497559,12.3100004196167,12.779999732971191,12.210000038146973,12.75,2482100
2022-09-01,11.234428405761719,12.619999885559082,12.6899995803833,12.130000114440918,12.289999961853027,2364800
2022-09-02,11.118700981140137,12.489999771118164,12.760000228881836,12.350000381469727,12.699999809265137,2724300
2022-09-05,11.083093643188477,12.449999809265137,12.609999656677246,12.329999923706055,12.520000457763672,2682500
2022-09-06,10.682498931884766,12.0,12.430000305175781,11.90999984741211,12.430000305175781,2928000
2022-09-08,10.824933052062988,12.15999984741211,12.260000228881836,11.9399995803833,12.210000038146973,2962200
2022-09-09,11.172114372253418,12.550000190734863,12.680000305175781,12.239999771118164,12.300000190734863,5431900
2022-09-12,11.154309272766113,12.529999732971191,12.979999542236328,12.489999771118164,12.649999618530273,2025900
2022-09-13,10.566771507263184,11.869999885559082,12.25,11.8100004196167,12.25,3743800
2022-09-14,10.281906127929688,11.550000190734863,12.0,11.5,12.0,3807000
2022-09-15,10.157275199890137,11.40999984741211,11.619999885559082,11.34000015258789,11.5,3063100
2022-09-16,9.596445083618164,10.779999732971191,11.300000190734863,10.720000267028809,11.289999961853027,10716400
2022-09-19,10.949562072753906,12.300000190734863,12.569999694824219,10.550000190734863,10.6899995803833,18725100
2022-09-20,11.323450088500977,12.720000267028809,13.039999961853027,12.09000015258789,12.449999809265137,10111200
2022-09-21,11.3501558303833,12.75,13.029999732971191,12.579999923706055,12.729999542236328,4869000
2022-09-22,12.008909225463867,13.489999771118164,13.489999771118164,12.819999694824219,12.859999656677246,7178500
2022-09-23,12.21365737915039,13.720000267028809,13.899999618530273,13.149999618530273,13.279999732971191,5740100
2022-09-26,11.768552780151367,13.220000267028809,13.949999809265137,13.069999694824219,13.699999809265137,4763700
2022-09-27,11.341253280639648,12.739999771118164,13.65999984741211,12.5,13.640000343322754,4122200
2022-09-28,12.632055282592773,14.1899995803833,14.300000190734863,12.600000381469727,12.779999732971191,8868200
2022-09-29,12.204755783081055,13.710000038146973,14.180000305175781,13.399999618530273,14.0,7888000
2022-09-30,12.863509178161621,14.449999809265137,14.59000015258789,13.260000228881836,13.819999694824219,6008800
2022-10-03,12.658761978149414,14.220000267028809,14.5600004196167,13.0600004196167,14.5,17907600
2022-10-04,13.094964981079102,14.710000038146973,14.859999656677246,13.989999771118164,14.399999618530273,7141500
2022-10-05,12.872410774230957,14.460000038146973,15.100000381469727,14.380000114440918,14.779999732971191,5520400
2022-10-06,13.513361930847168,15.180000305175781,15.390000343322754,14.569999694824219,14.640000343322754,8371000
2022-10-07,13.335319519042969,14.979999542236328,15.15999984741211,14.739999771118164,15.149999618530273,3128200
2022-10-10,13.139474868774414,14.760000228881836,15.220000267028809,14.420000076293945,15.100000381469727,2625200
2022-10-11,12.934725761413574,14.529999732971191,14.9399995803833,14.369999885559082,14.739999771118164,2154500
2022-10-13,12.69437026977539,14.260000228881836,14.430000305175781,13.859999656677246,14.199999809265137,4943600
2022-10-14,11.688434600830078,13.130000114440918,14.359999656677246,13.109999656677246,14.300000190734863,5050900
2022-10-17,11.519294738769531,12.9399995803833,13.319999694824219,12.859999656677246,13.229999542236328,4603700
2022-10-18,11.884281158447266,13.350000381469727,13.59000015258789,12.630000114440918,13.170000076293945,6423600
2022-10-19,11.21662425994873,12.600000381469727,13.34000015258789,12.229999542236328,13.34000015258789,8627900
2022-10-20,10.860541343688965,12.199999809265137,12.729999542236328,12.020000457763672,12.600000381469727,6697100
2022-10-21,11.172114372253418,12.550000190734863,12.84000015258789,11.729999542236328,12.050000190734863,10460300
2022-10-24,11.18991756439209,12.569999694824219,12.819999694824219,12.239999771118164,12.470000267028809,3546400
2022-10-25,11.70623779296875,13.149999618530273,13.289999961853027,12.40999984741211,12.520000457763672,5645000
2022-10-26,11.91098690032959,13.380000114440918,13.479999542236328,12.9399995803833,13.09000015258789,10230800
2022-10-27,13.237397193908691,14.869999885559082,15.479999542236328,13.420000076293945,13.5,15664800
2022-10-28,13.620187759399414,15.300000190734863,15.75,14.619999885559082,14.729999542236328,11922000
2022-10-31,14.359058380126953,16.1299991607666,16.459999084472656,15.260000228881836,16.09000015258789,17150400
2022-11-01,14.635024070739746,16.440000534057617,16.8799991607666,15.760000228881836,16.190000534057617,8266700
2022-11-03,14.305646896362305,16.06999969482422,16.8700008392334,15.930000305175781,16.290000915527344,6481800
2022-11-04,14.55490493774414,16.350000381469727,16.709999084472656,15.850000381469727,16.239999771118164,5335600
2022-11-07,13.005943298339844,14.609999656677246,16.670000076293945,14.609999656677246,16.34000015258789,8476400
2022-11-08,12.445111274719238,13.979999542236328,14.729999542236328,13.84000015258789,14.539999961853027,6679800
2022-11-09,12.21365737915039,13.720000267028809,14.229999542236328,13.600000381469727,13.920000076293945,5333200
2022-11-10,10.513360023498535,11.8100004196167,13.489999771118164,11.529999732971191,13.399999618530273,16278300
2022-11-11,11.394665718078613,12.800000190734863,13.350000381469727,11.479999542236328,11.949999809265137,15372100
2022-11-14,11.1097993850708,12.479999542236328,13.050000190734863,12.3100004196167,13.029999732971191,4513000
2022-11-16,11.029681205749512,12.390000343322754,12.8100004196167,11.970000267028809,12.460000038146973,8224500
2022-11-17,10.513360023498535,11.8100004196167,12.420000076293945,11.260000228881836,12.210000038146973,11094900
2022-11-18,10.059353828430176,11.300000190734863,12.770000457763672,11.260000228881836,12.25,7190200
2022-11-21,10.273002624511719,11.539999961853027,11.720000267028809,11.1899995803833,11.489999771118164,4101000
2022-11-22,10.148374557495117,11.399999618530273,11.670000076293945,11.119999885559082,11.539999961853027,3176200
2022-11-23,10.148374557495117,11.399999618530273,11.579999923706055,11.039999961853027,11.399999618530273,4525500
2022-11-24,10.513360023498535,11.8100004196167,12.039999961853027,11.640000343322754,11.65999984741211,3214900
2022-11-25,9.997038841247559,11.229999542236328,11.829999923706055,11.180000305175781,11.8100004196167,3625800
2022-11-28,10.050451278686523,11.289999961853027,11.5,11.109999656677246,11.229999542236328,2770000
2022-11-29,10.219590187072754,11.479999542236328,11.670000076293945,11.149999618530273,11.329999923706055,3795900
2022-11-30,10.237395286560059,11.5,11.760000228881836,10.859999656677246,11.5,7324900
2022-12-01,10.068255424499512,11.3100004196167,11.600000381469727,11.119999885559082,11.460000038146973,4351800
2022-12-02,9.899116516113281,11.119999885559082,11.729999542236328,11.079999923706055,11.399999618530273,4410300
2022-12-05,9.551934242248535,10.729999542236328,11.239999771118164,10.619999885559082,11.069999694824219,3653100
2022-12-06,9.525227546691895,10.699999809265137,10.920000076293945,10.449999809265137,10.84000015258789,2767800
2022-12-07,9.560837745666504,10.739999771118164,10.970000267028809,10.489999771118164,10.699999809265137,3114300
2022-12-08,9.471817016601562,10.640000343322754,10.880000114440918,10.4399995803833,10.6899995803833,4082800
2022-12-09,8.919886589050293,10.020000457763672,10.8100004196167,9.979999542236328,10.800000190734863,6408500
2022-12-12,8.706236839294434,9.779999732971191,10.289999961853027,9.420000076293945,10.079999923706055,6908800
2022-12-13,8.608314514160156,9.670000076293945,10.359999656677246,9.539999961853027,9.90999984741211,5284000
2022-12-14,8.732943534851074,9.8100004196167,9.960000038146973,9.40999984741211,9.600000381469727,4074400
2022-12-15,8.795258522033691,9.880000114440918,10.180000305175781,9.649999618530273,9.699999809265137,6178200
2022-12-16,8.554902076721191,9.609999656677246,10.140000343322754,9.539999961853027,9.859999656677246,3335600
2022-12-19,8.866474151611328,9.960000038146973,10.199999809265137,9.619999885559082,9.65999984741211,3157700
2022-12-20,9.008907318115234,10.119999885559082,10.420000076293945,9.75,9.84000015258789,2650700
2022-12-21,8.884278297424316,9.979999542236328,10.260000228881836,9.720000267028809,10.260000228881836,5596400
2022-12-22,8.919886589050293,10.020000457763672,10.170000076293945,9.779999732971191,9.989999771118164,2812900
2022-12-23,8.946593284606934,10.050000190734863,10.399999618530273,9.920000076293945,10.079999923706055,2724200
2022-12-26,9.071222305297852,10.1899995803833,10.25,9.680000305175781,10.039999961853027,2277200
2022-12-27,8.813061714172363,9.899999618530273,10.380000114440918,9.460000038146973,10.229999542236328,4350900
2022-12-28,9.284872055053711,10.430000305175781,10.539999961853027,9.90999984741211,9.960000038146973,2838700
2022-12-29,9.053418159484863,10.170000076293945,10.579999923706055,9.979999542236328,10.460000038146973,2988100
2023-01-02,8.71513843536377,9.789999961853027,10.050000190734863,9.670000076293945,10.050000190734863,3892200
2023-01-03,8.163209915161133,9.170000076293945,9.84000015258789,9.140000343322754,9.789999961853027,4878600
2023-01-04,8.270034790039062,9.289999961853027,9.350000381469727,8.930000305175781,9.170000076293945,9518000
2023-01-05,8.376859664916992,9.40999984741211,9.600000381469727,9.260000228881836,9.329999923706055,4914800
2023-01-06,8.67953109741211,9.75,9.8100004196167,9.359999656677246,9.430000305175781,5520100
2023-01-09,8.581607818603516,9.640000343322754,9.970000267028809,9.380000114440918,9.649999618530273,4058600
2023-01-10,8.697336196899414,9.770000457763672,9.859999656677246,9.420000076293945,9.59000015258789,6683900
2023-01-11,8.635019302368164,9.699999809265137,9.770000457763672,9.319999694824219,9.760000228881836,6467200
2023-01-12,8.52819538116455,9.579999923706055,10.0,9.420000076293945,9.640000343322754,5377000
2023-01-13,8.243329048156738,9.260000228881836,9.550000190734863,9.119999885559082,9.460000038146973,5201000
2023-01-16,8.270034790039062,9.289999961853027,9.420000076293945,9.140000343322754,9.199999809265137,3374300
2023-01-17,8.163209915161133,9.170000076293945,9.539999961853027,9.15999984741211,9.329999923706055,3945400
2023-01-18,8.234426498413086,9.25,9.5,9.210000038146973,9.260000228881836,3827500
2023-01-19,8.421370506286621,9.460000038146973,9.579999923706055,8.880000114440918,9.119999885559082,6973600
2023-01-20,8.385762214660645,9.420000076293945,9.609999656677246,9.25,9.520000457763672,2932500
2023-01-23,8.350153923034668,9.380000114440918,9.6899995803833,9.350000381469727,9.430000305175781,4776000
2023-01-24,8.501490592956543,9.550000190734863,9.59000015258789,9.420000076293945,9.420000076293945,2686300
2023-01-25,8.563804626464844,9.619999885559082,9.739999771118164,9.430000305175781,9.520000457763672,4698500
2023-01-26,8.545999526977539,9.600000381469727,9.850000381469727,9.510000228881836,9.65999984741211,2328500
2023-01-27,8.412468910217285,9.449999809265137,9.609999656677246,9.34000015258789,9.59000015258789,4097800
2023-01-30,8.581607818603516,9.640000343322754,9.789999961853027,9.430000305175781,9.5,5898200
2023-01-31,9.19585132598877,10.329999923706055,10.359999656677246,9.609999656677246,9.680000305175781,11826900
2023-02-01,9.240362167358398,10.380000114440918,10.630000114440918,10.140000343322754,10.489999771118164,7153600
2023-02-02,9.186949729919434,10.319999694824219,10.600000381469727,10.220000267028809,10.289999961853027,4343300
2023-02-03,8.011874198913574,9.0,10.279999732971191,8.979999542236328,10.279999732971191,8078400
2023-02-06,7.949559688568115,8.930000305175781,9.25,8.609999656677246,9.050000190734863,10851400
2023-02-07,7.816027641296387,8.779999732971191,9.210000038146973,8.729999542236328,9.010000228881836,5155700
2023-02-08,7.89614725112915,8.869999885559082,8.979999542236328,8.59000015258789,8.859999656677246,5517100
2023-02-09,7.406532287597656,8.319999694824219,9.0,8.289999961853027,8.890000343322754,7174500
2023-02-10,7.602379322052002,8.539999961853027,8.630000114440918,8.350000381469727,8.350000381469727,5091200
2023-02-13,7.637986660003662,8.579999923706055,8.710000038146973,8.449999809265137,8.510000228881836,2100800
2023-02-14,7.148372173309326,8.029999732971191,8.729999542236328,7.989999771118164,8.649999618530273,7215400
2023-02-15,7.442140579223633,8.359999656677246,8.75,7.989999771118164,8.020000457763672,6307400
2023-02-16,7.459945201873779,8.380000114440918,8.529999732971191,8.09000015258789,8.300000190734863,3539000
2023-02-17,7.228490829467773,8.119999885559082,8.359999656677246,8.119999885559082,8.239999771118164,3105900
2023-02-22,6.845701217651367,7.690000057220459,8.300000190734863,7.599999904632568,8.09000015258789,4697900
2023-02-23,6.845701217651367,7.690000057220459,7.960000038146973,7.630000114440918,7.800000190734863,3599300
2023-02-24,6.738876819610596,7.570000171661377,7.789999961853027,7.53000020980835,7.659999847412109,2323100
2023-02-27,6.658758163452148,7.480000019073486,7.75,7.380000114440918,7.690000057220459,4301200
2023-02-28,6.2759690284729,7.050000190734863,7.53000020980835,7.050000190734863,7.53000020980835,5741900
2023-03-01,6.089025020599365,6.840000152587891,7.159999847412109,6.769999980926514,7.110000133514404,5942400
2023-03-02,5.955493450164795,6.690000057220459,6.96999979019165,6.690000057220459,6.800000190734863,3788700
2023-03-03,5.937689304351807,6.670000076293945,6.920000076293945,6.639999866485596,6.679999828338623,5038900
2023-03-06,5.9911017417907715,6.730000019073486,6.800000190734863,6.579999923706055,6.699999809265137,4862500
2023-03-07,6.000003814697266,6.739999771118164,6.980000019073486,6.650000095367432,6.769999980926514,6455400
2023-03-08,6.729974269866943,7.559999942779541,7.679999828338623,6.659999847412109,6.739999771118164,8911800
2023-03-09,6.738876819610596,7.570000171661377,7.900000095367432,7.460000038146973,7.550000190734863,6106900
2023-03-10,6.480716705322266,7.28000020980835,7.480000019073486,7.099999904632568,7.480000019073486,3486700
2023-03-13,6.569737434387207,7.380000114440918,7.400000095367432,7.019999980926514,7.119999885559082,2979500
2023-03-14,6.427303791046143,7.21999979019165,7.480000019073486,7.110000133514404,7.349999904632568,3214300
2023-03-15,6.5519328117370605,7.360000133514404,7.449999809265137,6.980000019073486,7.03000020980835,3634500
2023-03-16,6.5519328117370605,7.360000133514404,7.550000190734863,7.059999942779541,7.360000133514404,8313900
2023-03-17,6.738876819610596,7.570000171661377,7.630000114440918,7.170000076293945,7.289999961853027,4465000
2023-03-20,6.329380989074707,7.110000133514404,7.809999942779541,7.090000152587891,7.679999828338623,4251000
2023-03-21,6.543030738830566,7.349999904632568,7.440000057220459,7.039999961853027,7.159999847412109,4435000
2023-03-22,6.400597095489502,7.190000057220459,7.909999847412109,7.130000114440918,7.369999885559082,7140100
2023-03-23,5.830864429473877,6.550000190734863,7.269999980926514,6.510000228881836,7.230000019073486,4686000
2023-03-24,6.4362053871154785,7.230000019073486,7.550000190734863,6.75,6.75,11082100
2023-03-27,6.2314581871032715,7.0,7.360000133514404,6.860000133514404,7.260000228881836,5172700
2023-03-28,6.151338577270508,6.909999847412109,7.090000152587891,6.809999942779541,6.929999828338623,2285500
2023-03-29,6.062318325042725,6.809999942779541,7.019999980926514,6.480000019073486,6.96999979019165,4903800
2023-03-30,6.489618301391602,7.289999961853027,7.320000171661377,6.889999866485596,6.889999866485596,4699400
2023-03-31,6.2759690284729,7.050000190734863,7.510000228881836,6.980000019073486,7.300000190734863,4418800
2023-04-03,6.169142723083496,6.929999828338623,7.150000095367432,6.730000019073486,7.039999961853027,4863300
2023-04-04,6.195849418640137,6.960000038146973,7.239999771118164,6.900000095367432,7.019999980926514,3008400
2023-04-05,6.302674770355225,7.079999923706055,7.110000133514404,6.809999942779541,6.989999771118164,4060000
2023-04-06,6.293772220611572,7.070000171661377,7.199999809265137,6.869999885559082,7.019999980926514,2619000
2023-04-10,6.462912082672119,7.260000228881836,7.320000171661377,7.039999961853027,7.079999923706055,2897600
2023-04-11,7.112763404846191,7.989999771118164,8.0,7.400000095367432,7.510000228881836,6554900
2023-04-12,7.219588756561279,8.109999656677246,8.34000015258789,7.96999979019165,8.039999961853027,3671700
2023-04-13,7.370924472808838,8.279999732971191,8.449999809265137,8.109999656677246,8.149999618530273,2303100
2023-04-14,7.264099597930908,8.15999984741211,8.3100004196167,7.989999771118164,8.239999771118164,1958600
2023-04-17,7.246295928955078,8.140000343322754,8.380000114440918,8.109999656677246,8.15999984741211,1643400
2023-04-18,7.050449848175049,7.920000076293945,8.270000457763672,7.880000114440918,8.180000305175781,2391400
2023-04-19,6.5519328117370605,7.360000133514404,7.860000133514404,7.329999923706055,7.860000133514404,4757300
2023-04-20,6.7922892570495605,7.630000114440918,7.71999979019165,7.210000038146973,7.360000133514404,3655200
2023-04-24,6.997037410736084,7.860000133514404,7.929999828338623,7.519999980926514,7.590000152587891,2068300
2023-04-25,7.068253993988037,7.940000057220459,8.050000190734863,7.699999809265137,7.860000133514404,3213900
2023-04-26,6.934722423553467,7.789999961853027,8.050000190734863,7.75,8.0,1908000
2023-04-27,7.086057662963867,7.960000038146973,7.980000019073486,7.630000114440918,7.809999942779541,3188800
2023-04-28,7.228490829467773,8.119999885559082,8.15999984741211,7.809999942779541,7.960000038146973,2509300
2023-05-02,6.952527046203613,7.809999942779541,8.180000305175781,7.650000095367432,8.109999656677246,4411400
2023-05-03,7.273001670837402,8.170000076293945,8.350000381469727,7.760000228881836,7.829999923706055,4176400
2023-05-04,7.629084587097168,8.569999694824219,8.65999984741211,8.130000114440918,8.510000228881836,5152500
2023-05-05,8.252230644226074,9.270000457763672,9.369999885559082,8.579999923706055,8.630000114440918,6740400
2023-05-08,8.43917465209961,9.479999542236328,9.579999923706055,9.270000457763672,9.319999694824219,3273200
2023-05-09,8.189915657043457,9.199999809265137,9.970000267028809,9.1899995803833,9.460000038146973,6261900
2023-05-10,10.139473915100098,11.390000343322754,11.630000114440918,10.109999656677246,10.369999885559082,18214600
2023-05-11,10.958464622497559,12.3100004196167,12.380000114440918,11.279999732971191,11.279999732971191,14251000
2023-05-12,11.074190139770508,12.4399995803833,12.960000038146973,12.119999885559082,12.350000381469727,8867900
2023-05-15,10.949562072753906,12.300000190734863,12.680000305175781,12.1899995803833,12.4399995803833,6061600
2023-05-16,10.557869911193848,11.859999656677246,12.380000114440918,11.760000228881836,12.1899995803833,5768400
2023-05-17,11.18991756439209,12.569999694824219,12.569999694824219,11.8100004196167,11.859999656677246,4865100
2023-05-18,11.626120567321777,13.0600004196167,13.40999984741211,12.449999809265137,12.479999542236328,9566300
2023-05-19,11.679533004760742,13.119999885559082,13.550000190734863,12.890000343322754,13.130000114440918,8069000
2023-05-22,11.928790092468262,13.399999618530273,13.649999618530273,13.029999732971191,13.149999618530273,3853700
2023-05-23,12.106831550598145,13.600000381469727,13.920000076293945,13.220000267028809,13.399999618530273,7623800
2023-05-24,11.902084350585938,13.369999885559082,13.600000381469727,13.149999618530273,13.5,5569000
2023-05-25,12.329385757446289,13.850000381469727,14.279999732971191,13.649999618530273,13.649999618530273,4379500
2023-05-26,12.53413200378418,14.079999923706055,14.15999984741211,13.65999984741211,14.119999885559082,3132000
2023-05-29,12.756684303283691,14.329999923706055,14.399999618530273,14.0,14.100000381469727,3662700
2023-05-30,12.632055282592773,14.1899995803833,14.579999923706055,14.15999984741211,14.420000076293945,5256800
2023-05-31,12.525230407714844,14.069999694824219,14.350000381469727,13.739999771118164,14.109999656677246,5121000
2023-06-01,13.335319519042969,14.979999542236328,15.5,14.100000381469727,14.180000305175781,11016800
2023-06-02,13.32641887664795,14.970000267028809,15.5,14.8100004196167,15.300000190734863,5053600
2023-06-05,13.63798999786377,15.319999694824219,15.369999885559082,14.699999809265137,14.989999771118164,3198100
2023-06-06,14.341256141662598,16.110000610351562,16.209999084472656,15.0,15.34000015258789,7047100
2023-06-07,14.90208625793457,16.739999771118164,17.469999313354492,16.209999084472656,16.25,6683000
2023-06-09,14.804162979125977,16.6299991607666,16.90999984741211,16.1200008392334,16.829999923706055,4486400
2023-06-12,15.062324523925781,16.920000076293945,17.149999618530273,16.530000686645508,16.600000381469727,3506800
2023-06-13,14.537101745605469,16.329999923706055,17.0,16.190000534057617,16.979999542236328,3526300
2023-06-14,15.9703369140625,17.940000534057617,17.940000534057617,16.25,16.360000610351562,6194200
2023-06-15,16.860544204711914,18.940000534057617,18.969999313354492,17.709999084472656,17.920000076293945,8761000
2023-06-16,16.566776275634766,18.610000610351562,18.920000076293945,18.360000610351562,18.809999465942383,4939900
2023-06-19,16.913957595825195,19.0,19.270000457763672,18.540000915527344,18.700000762939453,4670900
2023-06-20,17.32345199584961,19.459999084472656,19.459999084472656,18.709999084472656,18.93000030517578,5030300
2023-06-21,18.115739822387695,20.350000381469727,21.18000030517578,19.549999237060547,19.6299991607666,12077100
2023-06-22,17.83087158203125,20.030000686645508,20.270000457763672,19.079999923706055,20.100000381469727,6985900
2023-06-23,16.406538009643555,18.43000030517578,19.690000534057617,17.920000076293945,19.540000915527344,11726100
2023-06-26,15.605351448059082,17.530000686645508,18.549999237060547,17.270000457763672,18.329999923706055,6921700
2023-06-27,15.186951637268066,17.059999465942383,18.299999237060547,16.719999313354492,17.729999542236328,8146200
2023-06-28,15.890219688415527,17.850000381469727,18.260000228881836,17.0,17.139999389648438,5433200
2023-06-29,17.492591857910156,19.649999618530273,19.760000228881836,17.969999313354492,18.020000457763672,7171900
2023-06-30,17.6439266204834,19.81999969482422,20.59000015258789,19.450000762939453,19.649999618530273,8189200
2023-07-03,17.661731719970703,19.84000015258789,20.469999313354492,19.579999923706055,20.020000457763672,5284600
2023-07-04,17.93769645690918,20.149999618530273,20.25,19.5,19.850000381469727,3995800
2023-07-05,18.356096267700195,20.6200008392334,21.510000228881836,19.850000381469727,19.90999984741211,6917200
2023-07-06,17.759654998779297,19.950000762939453,20.469999313354492,19.790000915527344,20.469999313354492,4133100
2023-07-07,17.804166793823242,20.0,20.389999389648438,19.760000228881836,20.09000015258789,4689200
2023-07-10,17.804166793823242,20.0,20.280000686645508,19.729999542236328,19.889999389648438,2231000
2023-07-11,17.706241607666016,19.889999389648438,20.059999465942383,19.09000015258789,20.010000228881836,3385100
2023-07-12,17.56380844116211,19.729999542236328,20.260000228881836,19.729999542236328,20.15999984741211,3466000
2023-07-13,17.127609252929688,19.239999771118164,19.649999618530273,18.649999618530273,19.190000534057617,7363700
2023-07-14,16.780426025390625,18.850000381469727,19.239999771118164,18.670000076293945,19.030000686645508,2992000
2023-07-17,16.913957595825195,19.0,19.18000030517578,18.100000381469727,18.579999923706055,3809000
2023-07-18,18.115739822387695,20.350000381469727,20.829999923706055,18.93000030517578,18.959999084472656,5919300
2023-07-19,18.231464385986328,20.479999542236328,20.739999771118164,20.149999618530273,20.299999237060547,4059900
2023-07-20,18.186954498291016,20.43000030517578,20.899999618530273,20.110000610351562,20.559999465942383,2659100
2023-07-21,18.694372177124023,21.0,21.149999618530273,20.270000457763672,20.3799991607666,2735700
2023-07-24,18.863513946533203,21.190000534057617,21.459999084472656,20.719999313354492,20.809999465942383,2336500
2023-07-25,18.640962600708008,20.940000534057617,21.889999389648438,20.579999923706055,21.649999618530273,3832000
2023-07-26,18.51633071899414,20.799999237060547,21.010000228881836,20.420000076293945,20.93000030517578,3676600
2023-07-27,18.293779373168945,20.549999237060547,21.200000762939453,20.399999618530273,20.799999237060547,4152600
2023-07-28,19.183988571166992,21.549999237060547,21.610000610351562,20.579999923706055,20.610000610351562,2807300
2023-07-31,19.75372314453125,22.190000534057617,22.270000457763672,21.6299991607666,21.690000534057617,3255600
2023-08-01,19.851642608642578,22.299999237060547,22.459999084472656,21.600000381469727,21.899999618530273,3678700
2023-08-02,19.869447708129883,22.31999969482422,22.6299991607666,21.959999084472656,22.079999923706055,2325300
2023-08-03,19.05045509338379,21.399999618530273,23.299999237060547,21.290000915527344,22.799999237060547,4023400
2023-08-04,19.237401962280273,21.610000610351562,22.139999389648438,21.360000610351562,21.3700008392334,3338800
2023-08-07,19.39763832092285,21.790000915527344,21.829999923706055,20.920000076293945,21.780000686645508,3401000
2023-08-08,20.172119140625,22.65999984741211,22.8799991607666,21.399999618530273,21.399999618530273,5672300
2023-08-09,19.344226837158203,21.729999542236328,22.559999465942383,21.56999969482422,22.559999465942383,4025000
2023-08-10,19.75372314453125,22.190000534057617,22.540000915527344,21.780000686645508,22.010000228881836,4201400
2023-08-11,21.36499786376953,24.0,24.6200008392334,22.5,22.5,12000100
2023-08-14,18.275976181030273,20.530000686645508,24.06999969482422,20.530000686645508,24.0,19581100
2023-08-15,19.05936050415039,21.40999984741211,21.43000030517578,19.920000076293945,20.6200008392334,8920300
2023-08-16,20.029685974121094,22.5,22.889999389648438,21.8799991607666,22.010000228881836,10086600
2023-08-17,19.8071346282959,22.25,22.780000686645508,21.219999313354492,22.780000686645508,8433800
2023-08-18,19.985177993774414,22.450000762939453,23.049999237060547,21.760000228881836,22.170000076293945,4795300
2023-08-21,19.214548110961914,21.31999969482422,22.079999923706055,21.200000762939453,21.8799991607666,3553100
2023-08-22,19.800355911254883,21.969999313354492,21.969999313354492,21.40999984741211,21.489999771118164,7141800
2023-08-23,20.052705764770508,22.25,22.350000381469727,21.760000228881836,21.959999084472656,4387500
2023-08-24,19.782333374023438,21.950000762939453,22.65999984741211,21.90999984741211,22.309999465942383,3578600
2023-08-25,18.962200164794922,21.040000915527344,22.049999237060547,20.700000762939453,22.0,4582800
2023-08-28,18.79997444152832,20.860000610351562,21.510000228881836,20.56999969482422,21.350000381469727,5263400
2023-08-29,18.6107120513916,20.649999618530273,21.110000610351562,19.969999313354492,21.010000228881836,5132400
2023-08-30,18.763925552368164,20.81999969482422,21.09000015258789,20.469999313354492,20.790000915527344,4091900
2023-08-31,18.35836410522461,20.3700008392334,20.950000762939453,20.239999771118164,20.950000762939453,3895200
2023-09-01,19.025287628173828,21.110000610351562,21.43000030517578,20.5,20.5,3627100
2023-09-04,18.53861427307129,20.56999969482422,21.389999389648438,20.520000457763672,21.030000686645508,2718800
2023-09-05,17.907743453979492,19.8700008392334,20.420000076293945,19.639999389648438,20.299999237060547,4279200
2023-09-06,18.322315216064453,20.329999923706055,20.889999389648438,19.780000686645508,19.860000610351562,7013700
2023-09-08,18.781949996948242,20.84000015258789,20.950000762939453,19.979999542236328,20.170000076293945,3993100
2023-09-11,18.8179988861084,20.8799991607666,21.030000686645508,20.299999237060547,20.899999618530273,3859700
2023-09-12,18.583677291870117,20.6200008392334,21.260000228881836,20.469999313354492,20.799999237060547,6026500
2023-09-13,19.00726318359375,21.09000015258789,21.450000762939453,20.450000762939453,20.559999465942383,6343600
2023-09-14,18.836023330688477,20.899999618530273,21.260000228881836,20.829999923706055,21.139999389648438,3385700
2023-09-15,18.250213623046875,20.25,21.030000686645508,20.25,20.959999084472656,4900600
2023-09-18,19.11540985107422,21.209999084472656,21.860000610351562,20.190000534057617,20.200000762939453,6224700
2023-09-19,18.322315216064453,20.329999923706055,21.25,20.1299991607666,21.25,4678000
2023-09-20,18.1871280670166,20.18000030517578,20.899999618530273,20.110000610351562,20.540000915527344,4321200
2023-09-21,17.691442489624023,19.6299991607666,20.040000915527344,19.229999542236328,19.850000381469727,5830300
2023-09-22,17.403043746948242,19.309999465942383,20.3700008392334,19.190000534057617,19.8700008392334,5211100
2023-09-25,17.15970802307129,19.040000915527344,19.389999389648438,18.81999969482422,19.25,3672200
2023-09-26,17.1236572265625,19.0,19.510000228881836,18.860000610351562,18.889999389648438,5959900
2023-09-27,17.006498336791992,18.8700008392334,19.639999389648438,18.719999313354492,19.149999618530273,7060400
2023-09-28,17.664405822753906,19.600000381469727,19.600000381469727,18.600000381469727,19.030000686645508,6025700
2023-09-29,17.907743453979492,19.8700008392334,20.260000228881836,19.549999237060547,19.809999465942383,3847600
2023-10-02,17.907743453979492,19.8700008392334,20.149999618530273,19.6200008392334,19.799999237060547,4456900
2023-10-03,17.529218673706055,19.450000762939453,20.040000915527344,19.450000762939453,19.729999542236328,4877200
2023-10-04,18.863061904907227,20.93000030517578,21.100000381469727,19.5,19.5,8126800
2023-10-05,18.836023330688477,20.899999618530273,21.479999542236328,20.760000228881836,20.93000030517578,5360600
2023-10-06,17.394031524658203,19.299999237060547,20.649999618530273,18.0,20.649999618530273,17381300
2023-10-09,17.700454711914062,19.639999389648438,19.81999969482422,18.649999618530273,18.889999389648438,4466100
2023-10-10,18.781949996948242,20.84000015258789,21.0,19.709999084472656,19.709999084472656,6193800
2023-10-11,18.376388549804688,20.389999389648438,21.030000686645508,20.31999969482422,20.889999389648438,5435400
2023-10-13,17.682432174682617,19.6200008392334,20.280000686645508,19.510000228881836,20.200000762939453,4102300
2023-10-16,18.042930603027344,20.020000457763672,20.329999923706055,19.709999084472656,19.770000457763672,3448700
2023-10-17,17.29489517211914,19.190000534057617,19.920000076293945,19.139999389648438,19.850000381469727,5301000
2023-10-18,16.682050704956055,18.510000228881836,19.0,18.360000610351562,19.0,5045800
2023-10-19,16.8082218170166,18.649999618530273,19.09000015258789,18.420000076293945,18.520000457763672,4005500
2023-10-20,16.483774185180664,18.290000915527344,18.93000030517578,18.18000030517578,18.459999084472656,3118200
2023-10-23,16.61896324157715,18.440000534057617,18.799999237060547,17.969999313354492,18.149999618530273,4183900
2023-10-24,16.718097686767578,18.549999237060547,18.829999923706055,17.75,18.829999923706055,5451600
2023-10-25,16.483774185180664,18.290000915527344,18.770000457763672,18.100000381469727,18.43000030517578,5141500
2023-10-26,16.925386428833008,18.780000686645508,18.8700008392334,18.209999084472656,18.299999237060547,3632900
2023-10-27,16.582910537719727,18.399999618530273,19.149999618530273,18.229999542236328,18.8700008392334,4291500
2023-10-30,15.970063209533691,17.719999313354492,18.649999618530273,17.700000762939453,18.559999465942383,4088500
2023-10-31,15.979077339172363,17.729999542236328,17.950000762939453,17.3799991607666,17.799999237060547,2897000
2023-11-01,16.258464813232422,18.040000915527344,18.06999969482422,17.540000915527344,17.760000228881836,4690900
2023-11-03,17.421070098876953,19.329999923706055,19.329999923706055,18.489999771118164,18.489999771118164,4884000
2023-11-06,15.8799409866333,17.6200008392334,19.600000381469727,17.6200008392334,19.420000076293945,5268400
2023-11-07,16.72711181640625,18.559999465942383,18.729999542236328,17.459999084472656,17.559999465942383,4965400
2023-11-08,17.168718338012695,19.049999237060547,19.389999389648438,18.489999771118164,18.489999771118164,4086400
2023-11-09,17.19576072692871,19.079999923706055,19.8700008392334,18.829999923706055,19.25,5999500
2023-11-10,17.826631546020508,19.780000686645508,20.209999084472656,19.219999313354492,19.299999237060547,4363200
2023-11-13,17.979843139648438,19.950000762939453,20.389999389648438,19.649999618530273,19.809999465942383,4166300
2023-11-14,17.853668212890625,19.809999465942383,20.68000030517578,18.600000381469727,20.3799991607666,13617800
2023-11-16,18.34935188293457,20.360000610351562,20.81999969482422,19.719999313354492,19.75,7784500
2023-11-17,18.250213623046875,20.25,20.6200008392334,19.829999923706055,20.6200008392334,4434200
2023-11-20,18.35836410522461,20.3700008392334,20.739999771118164,20.219999313354492,20.229999542236328,2964300
2023-11-21,17.772554397583008,19.719999313354492,20.299999237060547,19.450000762939453,20.209999084472656,4374100
2023-11-22,17.520206451416016,19.440000534057617,20.170000076293945,19.25,20.0,5132700
2023-11-23,17.655391693115234,19.59000015258789,19.899999618530273,19.43000030517578,19.540000915527344,1568700
2023-11-24,17.29489517211914,19.190000534057617,19.610000610351562,19.190000534057617,19.600000381469727,1768000
2023-11-27,19.151460647583008,21.25,21.25,20.100000381469727,20.149999618530273,7990300
2023-11-28,18.8720760345459,20.940000534057617,21.719999313354492,20.809999465942383,21.06999969482422,6177100
2023-11-29,18.385400772094727,20.399999618530273,21.1200008392334,20.299999237060547,20.989999771118164,3493200
2023-11-30,18.106016159057617,20.09000015258789,20.649999618530273,20.020000457763672,20.559999465942383,3895400
2023-12-01,18.628738403320312,20.670000076293945,20.809999465942383,19.93000030517578,20.030000686645508,3132500
2023-12-04,18.078977584838867,20.059999465942383,20.729999542236328,19.899999618530273,20.639999389648438,2630700
2023-12-05,18.35836410522461,20.3700008392334,20.639999389648438,20.030000686645508,20.219999313354492,3518200
2023-12-06,18.23219108581543,20.229999542236328,20.729999542236328,20.15999984741211,20.5,2558600
2023-12-07,19.097387313842773,21.190000534057617,21.3700008392334,20.260000228881836,20.270000457763672,4337700
2023-12-08,19.475908279418945,21.610000610351562,21.75,20.899999618530273,21.1200008392334,3309300
2023-12-11,18.845035552978516,20.90999984741211,21.68000030517578,20.81999969482422,21.6200008392334,1785800
2023-12-12,18.863061904907227,20.93000030517578,21.219999313354492,20.809999465942383,21.049999237060547,1602100
2023-12-13,20.16986656188965,22.3799991607666,22.56999969482422,20.940000534057617,20.969999313354492,4254300
2023-12-14,20.75567626953125,23.030000686645508,23.56999969482422,22.600000381469727,22.600000381469727,6307900
2023-12-15,20.377153396606445,22.610000610351562,23.1200008392334,22.31999969482422,23.0,2918800
2023-12-18,20.584440231323242,22.84000015258789,23.18000030517578,22.299999237060547,23.0,2507300
2023-12-19,20.647525787353516,22.90999984741211,23.389999389648438,22.75,22.829999923706055,3291900
2023-12-20,20.49431610107422,22.739999771118164,23.239999771118164,22.579999923706055,22.799999237060547,2274600
2023-12-21,20.656539916992188,22.920000076293945,23.09000015258789,22.6200008392334,22.950000762939453,1685000
2023-12-22,20.079742431640625,22.280000686645508,22.940000534057617,22.18000030517578,22.90999984741211,2333200
2023-12-26,20.18789291381836,22.399999618530273,22.549999237060547,22.170000076293945,22.190000534057617,1282100
2023-12-27,20.575428009033203,22.829999923706055,22.8700008392334,22.34000015258789,22.34000015258789,2328900
2023-12-28,20.205917358398438,22.420000076293945,22.989999771118164,22.31999969482422,22.719999313354492,1983800
2024-01-02,19.259611129760742,21.3700008392334,22.559999465942383,21.25,22.399999618530273,2432900
2024-01-03,18.845035552978516,20.90999984741211,21.399999618530273,20.56999969482422,21.200000762939453,3876700
2024-01-04,18.475526809692383,20.5,20.93000030517578,20.25,20.8799991607666,3491200
2024-01-05,18.745899200439453,20.799999237060547,21.829999923706055,20.329999923706055,20.43000030517578,3670500
2024-01-08,18.94417381286621,21.020000457763672,21.350000381469727,20.579999923706055,20.6200008392334,3506400
2024-01-09,19.025287628173828,21.110000610351562,21.200000762939453,20.600000381469727,20.8799991607666,2352600
2024-01-10,18.69182586669922,20.739999771118164,21.329999923706055,20.56999969482422,21.149999618530273,2280700
2024-01-11,18.736888885498047,20.790000915527344,21.049999237060547,20.5,20.670000076293945,2688900
2024-01-12,18.9261474609375,21.0,21.190000534057617,20.139999389648438,20.700000762939453,3639100
2024-01-15,19.205533981323242,21.309999465942383,21.489999771118164,20.84000015258789,20.989999771118164,1898300
2024-01-16,18.68281364440918,20.729999542236328,21.100000381469727,20.399999618530273,21.020000457763672,3342000
2024-01-17,18.745899200439453,20.799999237060547,20.8799991607666,20.459999084472656,20.549999237060547,3919300
2024-01-18,18.304288864135742,20.309999465942383,21.209999084472656,20.299999237060547,20.829999923706055,2323000
2024-01-19,18.935161590576172,21.010000228881836,21.260000228881836,20.010000228881836,20.450000762939453,4631400
2024-01-22,18.79096221923828,20.850000381469727,21.450000762939453,20.68000030517578,21.020000457763672,3417200
2024-01-23,19.11540985107422,21.209999084472656,21.299999237060547,20.84000015258789,20.90999984741211,2337800
2024-01-24,18.40342903137207,20.420000076293945,21.510000228881836,20.399999618530273,21.260000228881836,2832800
2024-01-25,17.59230613708496,19.520000457763672,20.549999237060547,19.520000457763672,20.40999984741211,3916100
2024-01-26,17.81761932373047,19.770000457763672,19.780000686645508,18.989999771118164,19.530000686645508,3254600
2024-01-29,17.61033058166504,19.540000915527344,20.0,19.489999771118164,19.790000915527344,2099600
2024-01-30,17.096620559692383,18.969999313354492,19.59000015258789,18.639999389648438,19.59000015258789,5461200
2024-01-31,17.376008987426758,19.280000686645508,19.549999237060547,18.780000686645508,19.0,5733400
2024-02-01,17.240821838378906,19.1299991607666,19.440000534057617,18.93000030517578,19.31999969482422,3447200
2024-02-02,16.664024353027344,18.489999771118164,19.989999771118164,18.3799991607666,19.8700008392334,7018700
2024-02-05,16.51081085205078,18.31999969482422,18.700000762939453,18.100000381469727,18.510000228881836,5043600
2024-02-06,17.11464500427246,18.989999771118164,19.200000762939453,18.290000915527344,18.309999465942383,3587600
2024-02-07,17.1236572265625,19.0,19.1299991607666,18.799999237060547,18.940000534057617,3865800
2024-02-08,17.14168357849121,19.020000457763672,19.1200008392334,18.700000762939453,18.739999771118164,5005200
2024-02-09,16.907360076904297,18.760000228881836,19.540000915527344,18.65999984741211,18.989999771118164,3450900
2024-02-14,16.826248168945312,18.670000076293945,18.799999237060547,18.43000030517578,18.739999771118164,1924300
2024-02-15,16.790199279785156,18.6299991607666,18.950000762939453,18.510000228881836,18.799999237060547,3138100
2024-02-16,17.21378517150879,19.100000381469727,19.709999084472656,18.760000228881836,18.790000915527344,4758100
2024-02-19,17.36699676513672,19.270000457763672,19.600000381469727,19.0,19.010000228881836,2039200
2024-02-20,17.574281692504883,19.5,19.600000381469727,19.09000015258789,19.200000762939453,2872600
2024-02-21,17.61033058166504,19.540000915527344,19.559999465942383,19.0,19.440000534057617,2483700
2024-02-22,17.91675567626953,19.8799991607666,20.010000228881836,19.540000915527344,19.760000228881836,2509100
2024-02-23,17.628355026245117,19.559999465942383,19.920000076293945,19.079999923706055,19.899999618530273,4438900
2024-02-26,17.727493286132812,19.670000076293945,19.860000610351562,19.31999969482422,19.459999084472656,1295000
2024-02-27,18.628738403320312,20.670000076293945,20.770000457763672,19.709999084472656,19.760000228881836,4200600
2024-02-28,18.304288864135742,20.309999465942383,20.81999969482422,20.190000534057617,20.65999984741211,3062100
2024-02-29,18.34935188293457,20.360000610351562,20.479999542236328,19.90999984741211,20.200000762939453,1912100
2024-03-01,18.52960205078125,20.559999465942383,20.790000915527344,20.290000915527344,20.43000030517578,1932700
2024-03-04,17.997865676879883,19.969999313354492,20.670000076293945,19.690000534057617,20.649999618530273,2054100
2024-03-05,18.36737632751465,20.3799991607666,20.81999969482422,20.049999237060547,20.09000015258789,2111200
2024-03-06,18.79096221923828,20.850000381469727,21.559999465942383,20.5,20.5,5099600
2024-03-07,19.52096939086914,21.65999984741211,21.65999984741211,20.639999389648438,20.940000534057617,4134800
2024-03-08,19.223560333251953,21.329999923706055,21.93000030517578,21.139999389648438,21.65999984741211,2966500
2024-03-11,19.079360961914062,21.170000076293945,21.399999618530273,20.829999923706055,21.260000228881836,1681000
2024-03-12,19.16948699951172,21.270000457763672,21.469999313354492,20.799999237060547,21.31999969482422,2389800
2024-03-13,19.430845260620117,21.559999465942383,21.579999923706055,21.030000686645508,21.110000610351562,2146100
2024-03-14,19.11540985107422,21.209999084472656,21.649999618530273,20.81999969482422,21.649999618530273,5669000
2024-03-15,17.249832153320312,19.139999389648438,20.799999237060547,18.979999542236328,20.639999389648438,20282000
2024-03-18,16.5919246673584,18.40999984741211,19.489999771118164,18.280000686645508,19.31999969482422,10576200
2024-03-19,17.006498336791992,18.8700008392334,19.200000762939453,18.280000686645508,18.549999237060547,4540400
2024-03-20,17.394031524658203,19.299999237060547,19.5,18.43000030517578,18.90999984741211,4674400
2024-03-21,16.91637420654297,18.770000457763672,19.350000381469727,18.5,19.25,3559500
2024-03-22,16.754148483276367,18.59000015258789,18.8799991607666,18.450000762939453,18.760000228881836,2219800
2024-03-25,16.817235946655273,18.65999984741211,18.969999313354492,18.520000457763672,18.59000015258789,2104100
2024-03-26,16.240440368652344,18.020000457763672,18.780000686645508,17.90999984741211,18.670000076293945,6421700
2024-03-27,15.888951301574707,17.6299991607666,18.25,17.309999465942383,18.020000457763672,6936700
2024-03-28,16.321552276611328,18.110000610351562,18.389999389648438,17.399999618530273,17.6299991607666,2816100
2024-04-01,16.204387664794922,17.979999542236328,18.59000015258789,17.979999542236328,18.18000030517578,4167900
2024-04-02,15.816852569580078,17.549999237060547,18.1200008392334,17.06999969482422,17.899999618530273,5462500
2024-04-03,15.176969528198242,16.84000015258789,17.65999984741211,16.690000534057617,17.540000915527344,6148500
2024-04-04,15.059805870056152,16.709999084472656,17.360000610351562,16.510000228881836,17.059999465942383,4857800
2024-04-05,15.005732536315918,16.649999618530273,16.989999771118164,16.59000015258789,16.700000762939453,2715500
2024-04-08,15.176969528198242,16.84000015258789,16.940000534057617,16.479999542236328,16.670000076293945,2031100
2024-04-09,15.240056991577148,16.90999984741211,17.0,16.639999389648438,16.90999984741211,2276600
2024-04-10,14.699308395385742,16.309999465942383,16.850000381469727,16.200000762939453,16.850000381469727,3854600
2024-04-11,14.176586151123047,15.729999542236328,16.3799991607666,15.630000114440918,16.219999313354492,3969500
2024-04-12,13.437565803527832,14.90999984741211,15.520000457763672,14.739999771118164,15.510000228881836,6207400
2024-04-15,12.824719429016113,14.229999542236328,14.899999618530273,14.149999618530273,14.899999618530273,7050100
2024-04-16,12.707557678222656,14.100000381469727,14.460000038146973,13.859999656677246,14.0,5061600
2024-04-17,12.653483390808105,14.039999961853027,14.359999656677246,13.920000076293945,14.279999732971191,4093000
2024-04-18,12.64447021484375,14.029999732971191,14.649999618530273,13.90999984741211,14.050000190734863,4549600
2024-04-19,12.64447021484375,14.029999732971191,14.369999885559082,13.9399995803833,14.029999732971191,4264100
2024-04-22,12.689532279968262,14.079999923706055,14.359999656677246,13.899999618530273,14.050000190734863,3087100
2024-04-23,12.770644187927246,14.170000076293945,14.220000267028809,13.699999809265137,13.949999809265137,2620700
2024-04-24,12.88780689239502,14.300000190734863,14.449999809265137,14.010000228881836,14.199999809265137,3227900
2024-04-25,13.626827239990234,15.119999885559082,15.119999885559082,14.010000228881836,14.300000190734863,5342000
2024-04-26,14.032388687133789,15.569999694824219,15.680000305175781,15.199999809265137,15.25,3853500
2024-04-29,14.081646919250488,15.350000381469727,15.609999656677246,15.079999923706055,15.550000190734863,2679500
2024-04-30,13.384444236755371,14.59000015258789,15.239999771118164,14.449999809265137,15.239999771118164,4309000
2024-05-02,13.888998985290527,15.140000343322754,15.430000305175781,14.880000114440918,14.930000305175781,3052200
2024-05-03,14.843064308166504,16.18000030517578,16.309999465942383,15.640000343322754,15.729999542236328,4437700
2024-05-06,14.999017715454102,16.350000381469727,16.729999542236328,16.0,16.010000228881836,4467400
2024-05-07,14.943976402282715,16.290000915527344,16.700000762939453,16.1200008392334,16.450000762939453,2505500
2024-05-08,14.74215316772461,16.06999969482422,16.110000610351562,15.65999984741211,16.010000228881836,2525600
2024-05-09,14.788022994995117,16.1200008392334,16.1200008392334,14.850000381469727,15.569999694824219,6124600
2024-05-10,14.320162773132324,15.609999656677246,16.3799991607666,15.470000267028809,16.1200008392334,3283000
2024-05-13,12.623026847839355,13.760000228881836,15.069999694824219,13.739999771118164,14.989999771118164,13225400
2024-05-14,12.742284774780273,13.890000343322754,14.5,13.880000114440918,13.920000076293945,9894800
2024-05-15,12.632200241088867,13.770000457763672,14.359999656677246,13.649999618530273,13.90999984741211,4707500
2024-05-16,12.017561912536621,13.100000381469727,13.84000015258789,13.039999961853027,13.779999732971191,7409900
2024-05-17,11.834086418151855,12.899999618530273,13.199999809265137,12.819999694824219,12.989999771118164,4481100
2024-05-20,11.494659423828125,12.529999732971191,12.899999618530273,12.529999732971191,12.880000114440918,6987300
2024-05-21,12.66889476776123,13.8100004196167,13.970000267028809,12.680000305175781,12.720000267028809,14876300
2024-05-22,12.806500434875488,13.960000038146973,14.5600004196167,13.8100004196167,13.8100004196167,9778700
2024-05-23,12.623026847839355,13.760000228881836,14.5600004196167,13.220000267028809,14.100000381469727,11230700
2024-05-24,12.503767967224121,13.630000114440918,13.9399995803833,13.40999984741211,13.789999961853027,3361500
2024-05-27,12.008387565612793,13.09000015258789,13.979999542236328,12.979999542236328,13.760000228881836,3453600
2024-05-28,11.990039825439453,13.069999694824219,13.680000305175781,12.869999885559082,13.399999618530273,6954600
2024-05-29,11.540528297424316,12.579999923706055,12.8100004196167,12.15999984741211,12.460000038146973,7100900
2024-05-31,11.109363555908203,12.109999656677246,12.859999656677246,11.979999542236328,12.760000228881836,5069500
2024-06-03,10.999279022216797,11.989999771118164,12.329999923706055,11.8100004196167,12.100000381469727,3996300
2024-06-04,10.8433256149292,11.819999694824219,12.199999809265137,11.680000305175781,12.020000457763672,3044400
2024-06-05,10.733241081237793,11.699999809265137,12.039999961853027,11.619999885559082,11.829999923706055,3798300
2024-06-06,10.779109954833984,11.75,12.010000228881836,11.619999885559082,11.850000381469727,7711300
2024-06-07,10.439682960510254,11.380000114440918,11.649999618530273,11.369999885559082,11.550000190734863,5040900
2024-06-10,10.256209373474121,11.180000305175781,11.510000228881836,11.130000114440918,11.34000015258789,4972300
2024-06-11,10.540593147277832,11.489999771118164,11.489999771118164,11.210000038146973,11.239999771118164,8095300
2024-06-12,10.412161827087402,11.350000381469727,11.829999923706055,11.180000305175781,11.670000076293945,9938700
2024-06-13,10.366292953491211,11.300000190734863,11.5,11.170000076293945,11.34000015258789,4800300
2024-06-14,10.292903900146484,11.220000267028809,11.460000038146973,11.079999923706055,11.199999809265137,3476900
2024-06-17,9.889260292053223,10.779999732971191,11.119999885559082,10.739999771118164,11.109999656677246,3937700
2024-06-18,9.751654624938965,10.630000114440918,10.880000114440918,10.550000190734863,10.760000228881836,3028200
2024-06-19,10.17364501953125,11.09000015258789,11.140000343322754,10.619999885559082,10.710000038146973,2881200
2024-06-20,10.06356143951416,10.970000267028809,11.539999961853027,10.930000305175781,11.270000457763672,6182500
2024-06-21,9.944302558898926,10.84000015258789,11.039999961853027,10.59000015258789,10.84000015258789,5258300
2024-06-24,10.19199275970459,11.109999656677246,11.140000343322754,10.75,10.819999694824219,6404900
2024-06-25,9.89843463897705,10.789999961853027,11.119999885559082,10.760000228881836,11.109999656677246,3819200
2024-06-26,9.770001411437988,10.649999618530273,10.739999771118164,10.460000038146973,10.720000267028809,3062300
2024-06-27,10.127777099609375,11.039999961853027,11.0600004196167,10.59000015258789,10.640000343322754,2625800
2024-06-28,9.549833297729492,10.40999984741211,11.039999961853027,10.40999984741211,10.960000038146973,4061900
2024-07-01,9.714960098266602,10.59000015258789,10.800000190734863,10.25,10.399999618530273,3880400
2024-07-02,9.540658950805664,10.399999618530273,10.65999984741211,10.359999656677246,10.600000381469727,2713600
2024-07-03,10.228687286376953,11.149999618530273,11.180000305175781,10.579999923706055,10.579999923706055,6657700
2024-07-04,10.733241081237793,11.699999809265137,11.699999809265137,11.270000457763672,11.270000457763672,4058400
2024-07-05,10.742415428161621,11.710000038146973,11.710000038146973,11.279999732971191,11.600000381469727,3567000
2024-07-08,10.852499961853027,11.829999923706055,11.84000015258789,11.369999885559082,11.640000343322754,3216900
2024-07-09,11.054322242736816,12.050000190734863,12.09000015258789,11.65999984741211,11.789999961853027,2475000
2024-07-10,10.916715621948242,11.899999618530273,12.489999771118164,11.859999656677246,12.25,4962900
2024-07-11,10.824979782104492,11.800000190734863,12.220000267028809,11.640000343322754,12.1899995803833,4418100
2024-07-12,10.971757888793945,11.960000038146973,12.039999961853027,11.529999732971191,11.850000381469727,2634700
2024-07-15,11.329533576965332,12.350000381469727,12.420000076293945,11.760000228881836,12.0,3108400
2024-07-16,11.054322242736816,12.050000190734863,12.520000457763672,11.899999618530273,12.350000381469727,3707300
2024-07-17,10.916715621948242,11.899999618530273,12.130000114440918,11.649999618530273,11.979999542236328,3359400
2024-07-18,10.558941841125488,11.510000228881836,11.770000457763672,11.40999984741211,11.760000228881836,3239300
2024-07-19,10.366292953491211,11.300000190734863,11.710000038146973,11.229999542236328,11.5600004196167,1834900
2024-07-22,10.503898620605469,11.449999809265137,11.529999732971191,11.350000381469727,11.350000381469727,1353700
2024-07-23,10.109429359436035,11.020000457763672,11.40999984741211,11.0,11.40999984741211,3126900
2024-07-24,9.760828971862793,10.640000343322754,10.989999771118164,10.59000015258789,10.989999771118164,3505000
2024-07-25,9.66909122467041,10.539999961853027,10.739999771118164,10.510000228881836,10.59000015258789,3075000
2024-07-26,10.091082572937012,11.0,11.039999961853027,10.449999809265137,10.609999656677246,3512400
2024-07-29,10.00851821899414,10.90999984741211,11.119999885559082,10.829999923706055,10.960000038146973,4065200
2024-07-30,9.89843463897705,10.789999961853027,11.119999885559082,10.710000038146973,10.850000381469727,3178200
2024-07-31,10.036039352416992,10.9399995803833,11.050000190734863,10.699999809265137,10.90999984741211,3280300
2024-08-01,9.81587028503418,10.699999809265137,11.210000038146973,10.59000015258789,11.119999885559082,3541000
2024-08-02,9.861739158630371,10.75,10.930000305175781,10.529999732971191,10.75,4030100
2024-08-05,9.85256576538086,10.739999771118164,10.850000381469727,10.229999542236328,10.319999694824219,3133500
2024-08-06,9.421401977539062,10.270000457763672,10.800000190734863,9.979999542236328,10.710000038146973,6988200
2024-08-07,9.907608032226562,10.800000190734863,10.920000076293945,10.369999885559082,10.369999885559082,4438300
2024-08-08,9.81587028503418,10.699999809265137,11.020000457763672,10.670000076293945,10.899999618530273,6082900
2024-08-09,9.47644329071045,10.329999923706055,10.600000381469727,9.880000114440918,10.380000114440918,10733100
2024-08-12,9.696612358093262,10.569999694824219,10.739999771118164,10.350000381469727,10.380000114440918,3499800
2024-08-13,9.302143096923828,10.140000343322754,10.630000114440918,10.079999923706055,10.600000381469727,3527800
2024-08-14,9.192058563232422,10.020000457763672,10.199999809265137,9.960000038146973,10.15999984741211,3876600
2024-08-15,9.265448570251465,10.100000381469727,10.289999961853027,10.0,10.09000015258789,4251200
2024-08-16,8.99023723602295,9.800000190734863,10.25,9.800000190734863,10.25,3419500
2024-08-19,9.733306884765625,10.609999656677246,10.6899995803833,9.729999542236328,9.850000381469727,4790400
2024-08-20,9.448922157287598,10.300000190734863,10.65999984741211,10.199999809265137,10.609999656677246,2888400
2024-08-21,9.311315536499023,10.149999618530273,10.420000076293945,10.029999732971191,10.3100004196167,2965700
2024-08-22,8.880152702331543,9.680000305175781,10.149999618530273,9.680000305175781,10.149999618530273,4336400
2024-08-23,9.458096504211426,10.3100004196167,10.359999656677246,9.729999542236328,9.800000190734863,5577000
2024-08-26,9.403053283691406,10.25,10.34000015258789,10.0600004196167,10.319999694824219,1750000
2024-08-27,9.348011016845703,10.1899995803833,10.279999732971191,10.09000015258789,10.199999809265137,1686800
2024-08-28,9.247100830078125,10.079999923706055,10.279999732971191,9.970000267028809,10.170000076293945,2692300
2024-08-29,9.173710823059082,10.0,10.210000038146973,9.930000305175781,10.079999923706055,5585800
2024-08-30,9.036105155944824,9.850000381469727,10.279999732971191,9.84000015258789,9.9399995803833,7764400
2024-09-02,8.870978355407715,9.670000076293945,10.039999961853027,9.670000076293945,9.859999656677246,3387800
2024-09-03,9.036105155944824,9.850000381469727,10.729999542236328,9.649999618530273,10.109999656677246,15683900
2024-09-04,9.265448570251465,10.100000381469727,10.5,9.859999656677246,9.880000114440918,8531600
2024-09-05,9.18288516998291,10.010000228881836,10.199999809265137,9.779999732971191,10.1899995803833,9089000
2024-09-06,8.815936088562012,9.609999656677246,10.220000267028809,9.529999732971191,10.039999961853027,5612300
2024-09-09,8.815936088562012,9.609999656677246,9.6899995803833,9.449999809265137,9.6899995803833,6342500
2024-09-10,8.907672882080078,9.710000038146973,9.819999694824219,9.550000190734863,9.59000015258789,3532000
2024-09-11,9.623222351074219,10.489999771118164,10.59000015258789,9.649999618530273,9.739999771118164,7184900
2024-09-12,9.549833297729492,10.40999984741211,10.539999961853027,10.0600004196167,10.40999984741211,4553200
2024-09-13,10.00851821899414,10.90999984741211,11.100000381469727,10.449999809265137,10.510000228881836,5746700
2024-09-16,10.036039352416992,10.9399995803833,10.989999771118164,10.729999542236328,10.890000343322754,4791500
2024-09-17,10.201166152954102,11.119999885559082,11.15999984741211,10.770000457763672,11.029999732971191,4848200
2024-09-18,9.925954818725586,10.819999694824219,11.180000305175781,10.819999694824219,11.020000457763672,5168000
2024-09-19,9.66909122467041,10.539999961853027,11.079999923706055,10.539999961853027,10.869999885559082,4811400
2024-09-20,9.109495162963867,9.930000305175781,10.5600004196167,9.890000343322754,10.5,9210600
2024-09-23,8.62328815460205,9.399999618530273,9.899999618530273,9.399999618530273,9.869999885559082,9178800
2024-09-24,8.8067626953125,9.600000381469727,9.84000015258789,9.420000076293945,9.5,6403400
2024-09-25,8.311382293701172,9.0600004196167,9.720000267028809,9.0600004196167,9.710000038146973,6718200
2024-09-26,8.549898147583008,9.319999694824219,9.949999809265137,9.220000267028809,9.350000381469727,9755600
2024-09-27,8.504030227661133,9.270000457763672,9.579999923706055,9.170000076293945,9.319999694824219,3135000
2024-09-30,8.43064022064209,9.1899995803833,9.329999923706055,9.0600004196167,9.270000457763672,4276500
2024-10-01,8.293034553527832,9.039999961853027,9.3100004196167,9.020000457763672,9.300000190734863,4055600
2024-10-02,8.458162307739258,9.220000267028809,9.350000381469727,9.100000381469727,9.100000381469727,4994500
2024-10-03,8.5957670211792,9.369999885559082,9.40999984741211,8.930000305175781,9.100000381469727,4814800
2024-10-04,9.32966423034668,10.170000076293945,10.25,9.279999732971191,9.34000015258789,8222100
2024-10-07,9.311315536499023,10.149999618530273,10.600000381469727,9.890000343322754,10.369999885559082,8825000
2024-10-08,9.806695938110352,10.6899995803833,10.720000267028809,10.420000076293945,10.520000457763672,9180000
2024-10-09,9.173710823059082,10.0,10.59000015258789,9.9399995803833,10.520000457763672,5492100
2024-10-10,9.237926483154297,10.069999694824219,10.199999809265137,9.789999961853027,10.050000190734863,4462800
2024-10-11,9.467268943786621,10.319999694824219,10.350000381469727,9.84000015258789,10.020000457763672,5696900
2024-10-14,9.623222351074219,10.489999771118164,10.609999656677246,10.0600004196167,10.300000190734863,4245200
2024-10-15,9.403053283691406,10.25,10.699999809265137,10.220000267028809,10.609999656677246,2775900
2024-10-16,9.705785751342773,10.579999923706055,10.800000190734863,10.210000038146973,10.220000267028809,5184100
2024-10-17,9.357185363769531,10.199999809265137,10.420000076293945,10.119999885559082,10.420000076293945,3602000
2024-10-18,9.393879890441895,10.239999771118164,10.399999618530273,10.100000381469727,10.229999542236328,3230700
2024-10-21,9.632396697998047,10.5,10.649999618530273,10.270000457763672,10.270000457763672,5594800
2024-10-22,9.513137817382812,10.369999885559082,10.789999961853027,10.25,10.399999618530273,3372900
2024-10-23,9.89843463897705,10.789999961853027,10.970000267028809,10.289999961853027,10.350000381469727,7334500
2024-10-24,10.118602752685547,11.029999732971191,11.319999694824219,10.489999771118164,10.800000190734863,5081500
2024-10-25,9.797523498535156,10.680000305175781,11.149999618530273,10.40999984741211,11.0600004196167,5174500
2024-10-28,9.935128211975098,10.829999923706055,11.020000457763672,10.680000305175781,10.800000190734863,3600300
2024-10-29,9.72413444519043,10.600000381469727,10.970000267028809,10.489999771118164,10.880000114440918,2750000
2024-10-30,9.953476905822754,10.850000381469727,11.029999732971191,10.539999961853027,10.539999961853027,2724400
2024-10-31,9.733306884765625,10.609999656677246,10.920000076293945,10.5,10.819999694824219,2295400
2024-11-01,9.302143096923828,10.140000343322754,10.729999542236328,10.109999656677246,10.630000114440918,3232600
2024-11-04,9.916781425476074,10.8100004196167,11.069999694824219,10.319999694824219,10.350000381469727,8634100
2024-11-05,9.83421802520752,10.720000267028809,11.020000457763672,10.5,10.75,3041400
2024-11-06,9.999344825744629,10.899999618530273,10.9399995803833,10.34000015258789,10.529999732971191,3575400
2024-11-07,9.513137817382812,10.369999885559082,11.199999809265137,10.239999771118164,10.899999618530273,5716300
2024-11-08,9.384705543518066,10.229999542236328,10.65999984741211,9.75,10.100000381469727,7797100
2024-11-11,9.935128211975098,10.829999923706055,11.0,10.170000076293945,10.199999809265137,6078100
2024-11-12,9.595702171325684,10.460000038146973,10.84000015258789,10.380000114440918,10.829999923706055,3746000
2024-11-13,9.568180084228516,10.430000305175781,10.579999923706055,10.170000076293945,10.449999809265137,4239800
2024-11-14,9.393879890441895,10.239999771118164,10.489999771118164,10.140000343322754,10.420000076293945,2166400
2024-11-18,9.27462100982666,10.109999656677246,10.300000190734863,9.989999771118164,10.229999542236328,3845300
2024-11-19,9.311315536499023,10.149999618530273,10.40999984741211,10.039999961853027,10.149999618530273,2491000
2024-11-21,9.18288516998291,10.010000228881836,10.109999656677246,9.850000381469727,10.050000190734863,4171800
2024-11-22,9.311315536499023,10.149999618530273,10.199999809265137,9.90999984741211,10.130000114440918,4104900
2024-11-25,9.604875564575195,10.470000267028809,10.470000267028809,10.0,10.25,3984800
2024-11-26,9.696612358093262,10.569999694824219,10.930000305175781,10.359999656677246,10.449999809265137,4804000
2024-11-27,9.201231956481934,10.029999732971191,10.739999771118164,10.029999732971191,10.619999885559082,3691400
2024-11-28,8.614114761352539,9.390000343322754,10.050000190734863,9.279999732971191,10.050000190734863,5054900
2024-11-29,8.485682487487793,9.25,9.479999542236328,8.850000381469727,9.380000114440918,9358400
2024-12-02,8.24716567993164,8.989999771118164,9.380000114440918,8.979999542236328,9.25,4255000
2024-12-03,8.237991333007812,8.979999542236328,9.119999885559082,8.84000015258789,9.0600004196167,4621100
2024-12-04,8.256340026855469,9.0,9.199999809265137,8.920000076293945,9.0,3459700
2024-12-05,8.173775672912598,8.90999984741211,9.420000076293945,8.819999694824219,9.15999984741211,4416600
2024-12-06,7.605006217956543,8.289999961853027,8.970000267028809,8.289999961853027,8.869999885559082,5769800
2024-12-09,7.806828022003174,8.510000228881836,8.880000114440918,8.329999923706055,8.369999885559082,8999000
2024-12-10,8.137081146240234,8.869999885559082,8.880000114440918,8.470000267028809,8.6899995803833,4326200
2024-12-11,8.577420234680176,9.350000381469727,9.630000114440918,8.710000038146973,8.899999618530273,4929400
2024-12-12,7.92608642578125,8.640000343322754,9.15999984741211,8.539999961853027,9.109999656677246,5712200
2024-12-13,7.660048961639404,8.350000381469727,8.869999885559082,8.289999961853027,8.619999885559082,4689000
2024-12-16,7.476573944091797,8.149999618530273,8.5,8.0600004196167,8.380000114440918,4828200
2024-12-17,7.779306411743164,8.479999542236328,8.479999542236328,8.0,8.1899995803833,3408500
2024-12-18,7.265578746795654,7.920000076293945,8.430000305175781,7.849999904632568,8.390000343322754,3996800
2024-12-19,7.605006217956543,8.289999961853027,8.34000015258789,7.889999866485596,7.940000057220459,5061700
2024-12-20,7.971954822540283,8.6899995803833,8.970000267028809,8.130000114440918,8.289999961853027,10114400
2024-12-23,7.715090751647949,8.40999984741211,8.649999618530273,8.329999923706055,8.640000343322754,2768500
2024-12-26,7.55913782119751,8.239999771118164,8.630000114440918,8.220000267028809,8.390000343322754,3471900
2024-12-27,7.632526874542236,8.319999694824219,8.420000076293945,8.0,8.270000457763672,4719700
2024-12-30,7.8435235023498535,8.550000190734863,8.550000190734863,8.109999656677246,8.319999694824219,4954700
2025-01-02,7.7701334953308105,8.470000267028809,8.489999771118164,8.1899995803833,8.4399995803833,7231600
2025-01-03,7.375663757324219,8.039999961853027,8.579999923706055,7.949999809265137,8.539999961853027,7468100
2025-01-06,8.137081146240234,8.869999885559082,8.949999809265137,8.210000038146973,8.239999771118164,6685300
2025-01-07,8.357250213623047,9.109999656677246,9.390000343322754,8.789999961853027,8.829999923706055,5583900
2025-01-08,8.237991333007812,8.979999542236328,9.270000457763672,8.890000343322754,9.020000457763672,4936200
2025-01-09,8.357250213623047,9.109999656677246,9.149999618530273,8.819999694824219,9.020000457763672,2955800
2025-01-10,8.228818893432617,8.970000267028809,9.1899995803833,8.90999984741211,9.109999656677246,3988600
2025-01-13,7.880217552185059,8.59000015258789,8.989999771118164,8.59000015258789,8.989999771118164,3412300
2025-01-14,7.779306411743164,8.479999542236328,8.739999771118164,8.359999656677246,8.609999656677246,3658600
2025-01-15,8.43064022064209,9.1899995803833,9.229999542236328,8.510000228881836,8.579999923706055,6457300
2025-01-16,8.348076820373535,9.100000381469727,9.1899995803833,8.779999732971191,9.079999923706055,3536600
2025-01-17,7.871043682098389,8.579999923706055,8.899999618530273,8.510000228881836,8.869999885559082,12546200
2025-01-20,8.15542984008789,8.890000343322754,8.930000305175781,8.460000038146973,8.479999542236328,4884600
2025-01-21,8.192124366760254,8.930000305175781,8.979999542236328,8.770000457763672,8.859999656677246,3421400
2025-01-22,8.302207946777344,9.050000190734863,9.15999984741211,8.8100004196167,9.0600004196167,3865400
2025-01-23,8.531551361083984,9.300000190734863,9.359999656677246,8.949999809265137,9.130000114440918,4560400
2025-01-24,8.485682487487793,9.25,9.6899995803833,9.220000267028809,9.359999656677246,4654400
2025-01-27,8.760894775390625,9.550000190734863,9.5600004196167,8.84000015258789,9.0,6568300
2025-01-28,8.531551361083984,9.300000190734863,9.520000457763672,9.210000038146973,9.420000076293945,3135100
2025-01-29,8.650809288024902,9.430000305175781,9.510000228881836,9.270000457763672,9.380000114440918,2360800
2025-01-30,9.503963470458984,10.359999656677246,10.5,9.510000228881836,9.510000228881836,7240600
2025-01-31,9.403053283691406,10.25,10.479999542236328,10.050000190734863,10.300000190734863,4646200
2025-02-03,9.43974781036377,10.289999961853027,10.350000381469727,10.029999732971191,10.109999656677246,2207600
2025-02-04,9.265448570251465,10.100000381469727,10.25,9.829999923706055,10.25,3631100
2025-02-05,9.155363082885742,9.979999542236328,10.199999809265137,9.670000076293945,10.1899995803833,4617100
2025-02-06,9.531486511230469,10.390000343322754,10.520000457763672,9.9399995803833,10.0600004196167,4293900
2025-02-07,9.632396697998047,10.5,10.510000228881836,10.239999771118164,10.369999885559082,3317200
2025-02-10,9.980997085571289,10.880000114440918,11.09000015258789,10.59000015258789,10.59000015258789,6564400
2025-02-11,10.393815040588379,11.329999923706055,11.420000076293945,10.850000381469727,10.869999885559082,5255400
2025-02-12,10.109429359436035,11.020000457763672,11.289999961853027,11.020000457763672,11.199999809265137,5420600
2025-02-13,10.136950492858887,11.050000190734863,11.15999984741211,10.710000038146973,11.0,3749200
2025-02-14,10.595636367797852,11.550000190734863,11.600000381469727,11.0,11.180000305175781,5211300
2025-02-17,11.045147895812988,12.039999961853027,12.399999618530273,11.609999656677246,11.640000343322754,5722400
2025-02-18,10.861674308776855,11.84000015258789,12.09000015258789,11.739999771118164,12.0,4337000
2025-02-19,10.485551834106445,11.430000305175781,11.960000038146973,11.430000305175781,11.670000076293945,4608700
2025-02-20,10.75158977508545,11.720000267028809,11.869999885559082,11.430000305175781,11.5600004196167,4387900
2025-02-21,10.650677680969238,11.609999656677246,11.920000076293945,11.550000190734863,11.710000038146973,3336300
2025-02-24,10.38464069366455,11.319999694824219,11.680000305175781,11.220000267028809,11.670000076293945,2870300
2025-02-25,9.925954818725586,10.819999694824219,11.359999656677246,10.680000305175781,11.180000305175781,7554100
2025-02-26,9.659917831420898,10.529999732971191,11.050000190734863,10.489999771118164,11.029999732971191,4138200
2025-02-27,10.06356143951416,10.970000267028809,11.029999732971191,10.510000228881836,10.539999961853027,4420800
2025-02-28,9.540658950805664,10.399999618530273,10.9399995803833,10.270000457763672,10.880000114440918,12333700
2025-03-05,9.72413444519043,10.600000381469727,10.649999618530273,10.09000015258789,10.220000267028809,2140400
2025-03-06,9.788350105285645,10.670000076293945,10.960000038146973,10.470000267028809,10.640000343322754,2731700
2025-03-07,10.155298233032227,11.069999694824219,11.15999984741211,10.430000305175781,10.550000190734863,2664800
2025-03-10,9.89843463897705,10.789999961853027,11.09000015258789,10.710000038146973,10.800000190734863,2563600
2025-03-11,9.696612358093262,10.569999694824219,10.829999923706055,10.399999618530273,10.760000228881836,2950500
2025-03-12,9.733306884765625,10.609999656677246,10.949999809265137,10.449999809265137,10.600000381469727,3273500
2025-03-13,9.870912551879883,10.760000228881836,10.829999923706055,10.550000190734863,10.739999771118164,2416000
2025-03-14,10.458030700683594,11.399999618530273,11.5,10.800000190734863,10.960000038146973,3397800
2025-03-17,10.485551834106445,11.430000305175781,11.619999885559082,11.319999694824219,11.510000228881836,4085200
2025-03-18,11.063495635986328,12.0600004196167,12.75,12.029999732971191,12.119999885559082,11258300
2025-03-19,10.980932235717773,11.970000267028809,12.350000381469727,11.609999656677246,11.979999542236328,23019200
2025-03-20,11.072668075561523,12.069999694824219,12.289999961853027,11.680000305175781,11.859999656677246,5901300
2025-03-21,10.733241081237793,11.699999809265137,12.020000457763672,11.699999809265137,12.0,3364700
2025-03-24,10.503898620605469,11.449999809265137,11.850000381469727,11.380000114440918,11.699999809265137,5503100
2025-03-25,10.769935607910156,11.739999771118164,11.970000267028809,11.40999984741211,11.430000305175781,5278800
2025-03-26,10.613983154296875,11.569999694824219,11.930000305175781,11.479999542236328,11.8100004196167,4223100
2025-03-27,11.136884689331055,12.140000343322754,12.449999809265137,11.510000228881836,11.5600004196167,8946400
2025-03-28,11.155232429504395,12.15999984741211,12.390000343322754,11.880000114440918,12.050000190734863,5071500
2025-03-31,10.586462020874023,11.539999961853027,12.199999809265137,11.460000038146973,12.039999961853027,4165900
2025-04-01,11.045147895812988,12.039999961853027,12.050000190734863,11.5,11.510000228881836,3772900
2025-04-02,11.402922630310059,12.430000305175781,12.5600004196167,11.75,12.0,4947800
2025-04-03,11.834086418151855,12.899999618530273,12.930000305175781,12.180000305175781,12.329999923706055,5562400
2025-04-04,11.549702644348145,12.59000015258789,12.779999732971191,12.229999542236328,12.449999809265137,5183700
2025-04-07,11.724002838134766,12.779999732971191,13.140000343322754,12.149999618530273,12.3100004196167,6137900
2025-04-08,11.448790550231934,12.479999542236328,13.140000343322754,12.329999923706055,12.75,3076600
2025-04-09,11.898303031921387,12.970000267028809,13.34000015258789,12.319999694824219,12.380000114440918,6414400
2025-04-10,11.742349624633789,12.800000190734863,13.229999542236328,12.729999542236328,12.899999618530273,3915800
2025-04-11,11.879955291748047,12.949999809265137,13.15999984741211,12.649999618530273,12.9399995803833,3179500
2025-04-14,12.14599323272705,13.239999771118164,13.5,13.029999732971191,13.180000305175781,3852600
2025-04-15,12.393684387207031,13.510000228881836,13.59000015258789,13.15999984741211,13.15999984741211,3175300
2025-04-16,12.283598899841309,13.390000343322754,13.6899995803833,13.300000190734863,13.40999984741211,2932100
2025-04-17,13.622961044311523,14.850000381469727,15.100000381469727,13.819999694824219,13.9399995803833,16382000
2025-04-22,13.522049903869629,14.739999771118164,14.949999809265137,14.489999771118164,14.779999732971191,5279100
2025-04-23,12.778979301452637,13.930000305175781,15.029999732971191,13.8100004196167,15.029999732971191,9656900
2025-04-24,13.549571990966797,14.770000457763672,14.770000457763672,13.880000114440918,13.880000114440918,4909500
2025-04-25,12.989974975585938,14.15999984741211,14.819999694824219,13.960000038146973,14.819999694824219,4671300
2025-04-28,13.393617630004883,14.600000381469727,14.600000381469727,14.210000038146973,14.229999542236328,5200100
2025-04-29,13.652010917663574,14.300000190734863,14.369999885559082,13.869999885559082,14.170000076293945,4742200
2025-04-30,13.642463684082031,14.289999961853027,14.710000038146973,14.029999732971191,14.25,5422100
2025-05-02,14.31074333190918,14.989999771118164,14.989999771118164,14.170000076293945,14.170000076293945,4674900
2025-05-05,14.616243362426758,15.3100004196167,15.770000457763672,15.220000267028809,15.470000267028809,6776700
2025-05-06,14.673524856567383,15.369999885559082,15.90999984741211,15.119999885559082,15.470000267028809,4570300
2025-05-07,14.558961868286133,15.25,15.529999732971191,14.880000114440918,15.399999618530273,4191700
2025-05-08,14.988571166992188,15.699999809265137,15.850000381469727,15.199999809265137,15.5600004196167,4560100
2025-05-09,15.408632278442383,16.139999389648438,16.350000381469727,15.640000343322754,15.760000228881836,4214200
2025-05-12,15.198601722717285,15.920000076293945,16.31999969482422,15.59000015258789,16.299999237060547,2496300
2025-05-13,13.909775733947754,14.569999694824219,15.65999984741211,13.710000038146973,15.600000381469727,15618700
2025-05-14,14.27255630493164,14.949999809265137,15.390000343322754,14.550000190734863,14.569999694824219,7617300
2025-05-15,15.246335983276367,15.970000267028809,15.970000267028809,15.0600004196167,15.079999923706055,4398800
2025-05-16,14.692618370056152,15.390000343322754,15.880000114440918,15.149999618530273,15.789999961853027,4831700
2025-05-19,15.055398941040039,15.770000457763672,15.949999809265137,15.0600004196167,15.239999771118164,5399800
2025-05-20,14.291650772094727,14.970000267028809,15.739999771118164,14.550000190734863,15.630000114440918,6808600
2025-05-21,14.110259056091309,14.779999732971191,14.9399995803833,14.460000038146973,14.890000343322754,4039600
2025-05-22,14.415760040283203,15.100000381469727,15.470000267028809,14.789999961853027,14.859999656677246,3858900
2025-05-23,14.835821151733398,15.539999961853027,15.59000015258789,14.520000457763672,14.8100004196167,3771300
2025-05-26,14.434852600097656,15.119999885559082,15.710000038146973,15.0600004196167,15.600000381469727,2026900
2025-05-27,15.03630542755127,15.75,15.9399995803833,15.550000190734863,15.59000015258789,2938600
2025-05-28,14.826273918151855,15.529999732971191,15.819999694824219,15.3100004196167,15.699999809265137,3943500
2025-05-29,14.654431343078613,15.350000381469727,15.59000015258789,15.050000190734863,15.40999984741211,4131800
2025-05-30,15.131773948669434,15.850000381469727,15.850000381469727,15.229999542236328,15.40999984741211,2871500
2025-06-02,15.322710037231445,16.049999237060547,16.149999618530273,15.75,15.949999809265137,2038200
2025-06-03,16.096006393432617,16.860000610351562,16.940000534057617,15.90999984741211,16.059999465942383,4747500
2025-06-04,16.802474975585938,17.600000381469727,17.649999618530273,16.959999084472656,16.989999771118164,4817900
2025-06-05,16.678363800048828,17.469999313354492,17.799999237060547,17.43000030517578,17.600000381469727,5631200
2025-06-06,16.296489715576172,17.06999969482422,17.739999771118164,16.829999923706055,17.5,8758600
2025-06-09,16.49697494506836,17.280000686645508,17.450000762939453,16.93000030517578,17.200000762939453,6537600
2025-06-10,16.50652313232422,17.290000915527344,17.770000457763672,17.09000015258789,17.59000015258789,2548300
2025-06-11,16.516067504882812,17.299999237060547,17.489999771118164,16.959999084472656,17.239999771118164,3567600
2025-06-12,16.010086059570312,16.770000457763672,17.219999313354492,16.579999923706055,17.200000762939453,3492600
2025-06-13,15.780961036682129,16.530000686645508,16.6200008392334,16.0,16.440000534057617,3086200
2025-06-16,16.143741607666016,16.90999984741211,17.0,16.540000915527344,16.809999465942383,1609200
2025-06-17,16.372865676879883,17.149999618530273,17.229999542236328,16.6200008392334,16.979999542236328,2040600
2025-06-18,16.105554580688477,16.8700008392334,17.190000534057617,16.81999969482422,17.09000015258789,1857300
2025-06-20,15.790508270263672,16.540000915527344,16.75,16.3799991607666,16.75,2161800
2025-06-23,15.523195266723633,16.260000228881836,16.530000686645508,16.079999923706055,16.530000686645508,2554900
2025-06-24,15.656850814819336,16.399999618530273,16.65999984741211,16.110000610351562,16.290000915527344,2335500
2025-06-25,15.590023040771484,16.329999923706055,16.40999984741211,16.06999969482422,16.270000457763672,3096500
2025-06-26,15.771413803100586,16.520000457763672,16.579999923706055,16.299999237060547,16.420000076293945,1359200
2025-06-27,15.446820259094238,16.18000030517578,16.549999237060547,16.100000381469727,16.510000228881836,2228400
2025-06-30,15.742773056030273,16.489999771118164,16.549999237060547,16.049999237060547,16.170000076293945,2838700
2025-07-01,15.857336044311523,16.610000610351562,16.729999542236328,16.280000686645508,16.489999771118164,2177300
2025-07-02,15.485007286071777,16.219999313354492,16.790000915527344,16.079999923706055,16.649999618530273,2036500
2025-07-03,15.790508270263672,16.540000915527344,16.75,16.209999084472656,16.270000457763672,2760300
2025-07-04,15.590023040771484,16.329999923706055,16.489999771118164,16.15999984741211,16.440000534057617,2070400
2025-07-07,15.208148956298828,15.930000305175781,16.31999969482422,15.619999885559082,16.309999465942383,3569000
2025-07-08,14.854915618896484,15.5600004196167,16.190000534057617,15.3100004196167,16.010000228881836,3510200
2025-07-09,14.4443998336792,15.130000114440918,15.609999656677246,15.020000457763672,15.449999809265137,2697700
2025-07-10,14.31074333190918,14.989999771118164,15.020000457763672,14.5600004196167,14.899999618530273,2775700
2025-07-11,13.251042366027832,13.880000114440918,14.920000076293945,13.779999732971191,14.920000076293945,4905400
2025-07-14,13.222402572631836,13.850000381469727,13.9399995803833,13.289999961853027,13.869999885559082,5820200
2025-07-15,13.57563591003418,14.220000267028809,14.220000267028809,13.720000267028809,13.880000114440918,2734700
2025-07-16,13.623370170593262,14.270000457763672,14.319999694824219,13.569999694824219,14.1899995803833,4784400
2025-07-17,13.718838691711426,14.369999885559082,14.380000114440918,13.979999542236328,14.210000038146973,2807800
2025-07-18,12.697324752807617,13.300000190734863,14.279999732971191,13.180000305175781,14.199999809265137,8427900
2025-07-21,12.535027503967285,13.130000114440918,13.380000114440918,12.90999984741211,13.380000114440918,5779300
2025-07-22,12.37273120880127,12.960000038146973,13.300000190734863,12.890000343322754,13.220000267028809,4888900
2025-07-23,12.420465469360352,13.010000228881836,13.149999618530273,12.850000381469727,12.989999771118164,3218100
2025-07-24,12.410918235778809,13.0,13.0,12.600000381469727,12.869999885559082,3312600
2025-07-25,11.828560829162598,12.390000343322754,12.989999771118164,12.350000381469727,12.960000038146973,4668500
2025-07-28,12.095871925354004,12.670000076293945,12.720000267028809,12.229999542236328,12.399999618530273,5291200
2025-07-29,12.029044151306152,12.600000381469727,12.979999542236328,12.40999984741211,12.5600004196167,6027000
2025-07-30,12.582762718200684,13.180000305175781,13.25,12.460000038146973,12.579999923706055,3874200
2025-07-31,12.353636741638184,12.9399995803833,13.220000267028809,12.529999732971191,13.020000457763672,5238900
2025-08-01,12.420465469360352,13.010000228881836,13.369999885559082,12.850000381469727,13.199999809265137,5650200
2025-08-04,12.105419158935547,12.680000305175781,13.220000267028809,12.479999542236328,13.079999923706055,4185400
2025-08-05,12.544574737548828,13.140000343322754,13.199999809265137,12.579999923706055,12.649999618530273,4721900
2025-08-06,12.70687198638916,13.3100004196167,13.5600004196167,13.119999885559082,13.140000343322754,4026500
2025-08-07,12.98373031616211,13.600000381469727,13.65999984741211,13.170000076293945,13.399999618530273,6214700
2025-08-08,12.935996055603027,13.550000190734863,13.779999732971191,13.210000038146973,13.529999732971191,4714200
2025-08-11,12.716418266296387,13.319999694824219,13.539999961853027,13.270000457763672,13.449999809265137,1534200
2025-08-12,12.85007381439209,13.460000038146973,13.649999618530273,13.359999656677246,13.380000114440918,2032200
2025-08-13,12.410918235778809,13.0,13.460000038146973,12.9399995803833,13.380000114440918,2235100
2025-08-14,12.449106216430664,13.039999961853027,13.130000114440918,12.729999542236328,12.920000076293945,2487500
2025-08-15,12.458653450012207,13.050000190734863,13.0600004196167,12.270000457763672,12.600000381469727,5619900
2025-08-18,12.640043258666992,13.239999771118164,13.600000381469727,12.960000038146973,12.960000038146973,2458900
2025-08-19,12.468199729919434,13.0600004196167,13.140000343322754,12.869999885559082,13.020000457763672,4792100
2025-08-20,12.344090461730957,12.930000305175781,13.109999656677246,12.899999618530273,13.0600004196167,2431700
2025-08-21,11.599434852600098,12.149999618530273,13.039999961853027,12.149999618530273,12.789999961853027,4742800
2025-08-22,12.315449714660645,12.899999618530273,13.039999961853027,12.229999542236328,12.279999732971191,4708100
2025-08-25,12.458653450012207,13.050000190734863,13.260000228881836,12.8100004196167,12.90999984741211,1863800
2025-08-26,12.153152465820312,12.729999542236328,13.140000343322754,12.670000076293945,13.0600004196167,2006100
2025-08-27,12.344090461730957,12.930000305175781,12.970000267028809,12.619999885559082,12.8100004196167,2612000
2025-08-28,12.496840476989746,13.09000015258789,13.350000381469727,12.960000038146973,13.100000381469727,3094600
2025-08-29,12.554121017456055,13.149999618530273,13.300000190734863,12.90999984741211,13.0,3155800
2025-09-01,12.582762718200684,13.180000305175781,13.279999732971191,13.0,13.180000305175781,1446400
2025-09-02,12.37273120880127,12.960000038146973,13.050000190734863,12.640000343322754,12.949999809265137,3447000
2025-09-03,12.525481224060059,13.119999885559082,13.130000114440918,12.859999656677246,12.949999809265137,4855000
2025-09-04,13.317870140075684,13.949999809265137,14.0600004196167,13.130000114440918,13.149999618530273,4225000
2025-09-05,13.57563591003418,14.220000267028809,14.319999694824219,14.050000190734863,14.109999656677246,4403800
2025-09-08,13.174667358398438,13.800000190734863,14.380000114440918,13.609999656677246,14.270000457763672,5219600
2025-09-09,13.088746070861816,13.710000038146973,13.970000267028809,13.710000038146973,13.880000114440918,3736300
2025-09-10,13.174667358398438,13.800000190734863,14.100000381469727,13.710000038146973,13.739999771118164,3703600
2025-09-11,13.155573844909668,13.779999732971191,13.949999809265137,13.739999771118164,13.9399995803833,4101500
2025-09-12,12.506387710571289,13.100000381469727,13.789999961853027,13.100000381469727,13.680000305175781,5378300
2025-09-15,13.346510887145996,13.979999542236328,14.029999732971191,13.119999885559082,13.229999542236328,5223200
2025-09-16,13.33696460723877,13.970000267028809,14.199999809265137,13.880000114440918,14.029999732971191,2807700
2025-09-17,13.384698867797852,14.020000457763672,14.289999961853027,13.819999694824219,14.039999961853027,2422900
2025-09-18,13.146027565002441,13.770000457763672,14.130000114440918,13.720000267028809,14.020000457763672,2954100
2025-09-19,13.098292350769043,13.720000267028809,13.859999656677246,13.5,13.800000190734863,2481900
2025-09-22,12.916901588439941,13.529999732971191,13.760000228881836,13.390000343322754,13.5600004196167,2101500
2025-09-23,12.85007381439209,13.460000038146973,13.579999923706055,13.199999809265137,13.529999732971191,2299800
2025-09-24,12.926448822021484,13.539999961853027,13.630000114440918,13.3100004196167,13.529999732971191,2097600
2025-09-25,12.258169174194336,12.84000015258789,13.489999771118164,12.84000015258789,13.489999771118164,3326100
2025-09-26,12.296356201171875,12.880000114440918,12.949999809265137,12.649999618530273,12.65999984741211,2042300
2025-09-29,12.458653450012207,13.050000190734863,13.229999542236328,12.920000076293945,13.0,2407300
2025-09-30,12.33454418182373,12.920000076293945,13.170000076293945,12.390000343322754,13.170000076293945,6384500
2025-10-01,12.162699699401855,12.739999771118164,13.109999656677246,12.550000190734863,13.0,3649000
2025-10-02,11.790372848510742,12.350000381469727,12.6899995803833,12.050000190734863,12.65999984741211,5183800
2025-10-03,12.019497871398926,12.59000015258789,12.75,12.1899995803833,12.25,4429800
2025-10-06,12.038590431213379,12.609999656677246,12.960000038146973,12.510000228881836,12.59000015258789,3040100
2025-10-07,11.446685791015625,11.989999771118164,12.569999694824219,11.869999885559082,12.510000228881836,8813400
2025-10-08,11.37031078338623,11.90999984741211,12.170000076293945,11.869999885559082,12.069999694824219,2987900
2025-10-09,11.141185760498047,11.670000076293945,12.09000015258789,11.579999923706055,12.020000457763672,3647200
2025-10-10,11.026623725891113,11.550000190734863,11.720000267028809,11.239999771118164,11.670000076293945,4671000
2025-10-13,11.045717239379883,11.569999694824219,11.819999694824219,11.529999732971191,11.699999809265137,3381800
2025-10-14,10.997983932495117,11.520000457763672,11.600000381469727,11.359999656677246,11.449999809265137,2648200
2025-10-15,11.398950576782227,11.9399995803833,12.119999885559082,11.359999656677246,11.359999656677246,4630700
2025-10-16,11.293935775756836,11.829999923706055,12.079999923706055,11.699999809265137,11.829999923706055,2534600
2025-10-17,11.427592277526855,11.970000267028809,12.050000190734863,11.649999618530273,11.710000038146973,2893200
2025-10-20,11.924028396606445,12.489999771118164,12.579999923706055,12.029999732971191,12.050000190734863,5897500
2025-10-21,11.933575630187988,12.5,12.520000457763672,12.300000190734863,12.390000343322754,2087800
2025-10-22,12.105419158935547,12.680000305175781,13.0600004196167,12.529999732971191,12.539999961853027,4803000
2025-10-23,12.430012702941895,13.020000457763672,13.279999732971191,12.8100004196167,12.84000015258789,4441300
2025-10-24,12.649590492248535,13.25,13.390000343322754,13.039999961853027,13.149999618530273,2881200
2025-10-27,12.401371955871582,12.989999771118164,13.479999542236328,12.989999771118164,13.460000038146973,2328500
2025-10-28,12.563668251037598,13.15999984741211,13.1899995803833,12.510000228881836,12.930000305175781,4044600
2025-10-29,12.410918235778809,13.0,13.390000343322754,12.970000267028809,13.300000190734863,2724900
2025-10-30,12.515933990478516,13.109999656677246,13.180000305175781,12.729999542236328,12.970000267028809,2524100
2025-10-31,13.566088676452637,14.210000038146973,14.239999771118164,13.199999809265137,13.239999771118164,9789500
2025-11-03,13.231947898864746,13.859999656677246,14.470000267028809,13.699999809265137,14.180000305175781,3650600
2025-11-04,13.298776626586914,13.930000305175781,13.960000038146973,13.65999984741211,13.729999542236328,1428100
2025-11-05,12.98373031616211,13.600000381469727,13.930000305175781,12.970000267028809,13.930000305175781,11850300
2025-11-06,12.601855278015137,13.199999809265137,13.569999694824219,13.029999732971191,13.5,4819600
2025-11-07,12.59230899810791,13.1899995803833,13.380000114440918,13.15999984741211,13.170000076293945,2059300
2025-11-10,12.935996055603027,13.550000190734863,13.550000190734863,13.210000038146973,13.430000305175781,2372200
2025-11-11,13.193760871887207,13.819999694824219,14.220000267028809,13.65999984741211,13.729999542236328,5374300
2025-11-12,13.060105323791504,13.680000305175781,13.970000267028809,13.460000038146973,13.819999694824219,3548100
2025-11-13,12.926448822021484,13.539999961853027,13.770000457763672,13.199999809265137,13.770000457763672,3199600
2025-11-14,12.029044151306152,12.600000381469727,13.369999885559082,12.399999618530273,13.369999885559082,8671100
2025-11-17,11.799919128417969,12.359999656677246,12.6899995803833,12.239999771118164,12.550000190734863,3132000
2025-11-18,12.076778411865234,12.649999618530273,12.720000267028809,12.119999885559082,12.289999961853027,2883100
2025-11-19,12.23907470703125,12.819999694824219,12.819999694824219,12.470000267028809,12.640000343322754,2424500
2025-11-21,12.009950637817383,12.579999923706055,12.779999732971191,12.489999771118164,12.710000038146973,1973800
2025-11-24,12.048137664794922,12.619999885559082,12.890000343322754,12.579999923706055,12.579999923706055,1855900
2025-11-25,12.296356201171875,12.880000114440918,12.970000267028809,12.5,12.6899995803833,2278500
2025-11-26,12.63049602508545,13.229999542236328,13.260000228881836,12.84000015258789,12.899999618530273,1629100
2025-11-27,12.640043258666992,13.239999771118164,13.420000076293945,13.100000381469727,13.210000038146973,1224100
2025-11-28,12.993276596069336,13.609999656677246,13.720000267028809,13.149999618530273,13.199999809265137,1754600
2025-12-01,13.012371063232422,13.630000114440918,13.819999694824219,13.359999656677246,13.609999656677246,5142900
2025-12-02,13.002823829650879,13.619999885559082,14.010000228881836,13.420000076293945,13.699999809265137,3767600
2025-12-03,13.384698867797852,14.020000457763672,14.069999694824219,13.640000343322754,13.699999809265137,2772200
2025-12-04,13.652010917663574,14.300000190734863,14.699999809265137,14.100000381469727,14.100000381469727,3037400
2025-12-05,12.172246932983398,12.75,14.329999923706055,12.680000305175781,14.270000457763672,6488000
2025-12-08,12.13405990600586,12.710000038146973,13.239999771118164,12.449999809265137,13.0600004196167,2872900
2025-12-09,12.038590431213379,12.609999656677246,12.869999885559082,12.220000267028809,12.579999923706055,2465800
2025-12-10,11.924028396606445,12.489999771118164,12.710000038146973,12.4399995803833,12.710000038146973,3176000
2025-12-11,11.84765338897705,12.40999984741211,12.649999618530273,12.350000381469727,12.470000267028809,1696900
2025-12-12,11.943122863769531,12.510000228881836,12.779999732971191,12.420000076293945,12.460000038146973,2312700
2025-12-15,12.191341400146484,12.770000457763672,12.850000381469727,12.609999656677246,12.649999618530273,1906900
2025-12-16,11.89538860321045,12.460000038146973,12.930000305175781,12.329999923706055,12.670000076293945,3260100
2025-12-17,11.752185821533203,12.3100004196167,12.380000114440918,12.050000190734863,12.3100004196167,2873100
2025-12-18,11.866747856140137,12.430000305175781,12.569999694824219,12.199999809265137,12.300000190734863,2270000
2025-12-19,11.799919128417969,12.359999656677246,12.59000015258789,12.319999694824219,12.399999618530273,1393600
2025-12-22,11.418045043945312,11.960000038146973,12.6899995803833,11.960000038146973,12.6899995803833,4494900
2025-12-23,11.971762657165527,12.539999961853027,12.75,12.0,12.0,2688900
2025-12-26,11.990857124328613,12.5600004196167,12.65999984741211,12.369999885559082,12.5,1636200
2025-12-29,12.0600004196167,12.0600004196167,12.210000038146973,11.859999656677246,12.170000076293945,2352800
2025-12-30,12.170000076293945,12.170000076293945,12.319999694824219,12.029999732971191,12.140000343322754,2111300
2026-01-02,12.1899995803833,12.1899995803833,12.279999732971191,11.949999809265137,12.25,1773400
2026-01-05,12.5,12.5,12.699999809265137,12.039999961853027,12.210000038146973,2144300
2026-01-06,12.899999618530273,12.899999618530273,13.1899995803833,12.609999656677246,12.619999885559082,2647100
2026-01-07,12.600000381469727,12.600000381469727,12.649999618530273,12.039999961853027,12.34000015258789,6327900
2026-01-08,12.84000015258789,12.84000015258789,13.029999732971191,12.600000381469727,12.649999618530273,2673500
2026-01-09,12.75,12.75,13.220000267028809,12.649999618530273,12.84000015258789,2303400
2026-01-12,13.039999961853027,13.039999961853027,13.079999923706055,12.75,12.75,2446700
2026-01-13,12.420000076293945,12.420000076293945,12.989999771118164,12.319999694824219,12.979999542236328,2737800
2026-01-14,12.390000343322754,12.390000343322754,12.729999542236328,12.319999694824219,12.579999923706055,2995300
2026-01-15,12.380000114440918,12.380000114440918,12.680000305175781,12.369999885559082,12.510000228881836,2167400
2026-01-16,12.109999656677246,12.109999656677246,12.520000457763672,12.0600004196167,12.460000038146973,2838900
2026-01-19,11.880000114440918,11.880000114440918,12.289999961853027,11.760000228881836,12.050000190734863,4085300
2026-01-20,12.010000228881836,12.010000228881836,12.079999923706055,11.630000114440918,11.84000015258789,3069900
2026-01-21,13.079999923706055,13.079999923706055,13.079999923706055,12.170000076293945,12.170000076293945,6282500
2026-01-22,13.220000267028809,13.220000267028809,13.899999618530273,13.220000267028809,13.220000267028809,8103500
2026-01-23,13.579999923706055,13.579999923706055,13.649999618530273,13.140000343322754,13.300000190734863,4578300
2026-01-26,13.800000190734863,13.800000190734863,13.970000267028809,13.300000190734863,13.479999542236328,4260700
2026-01-27,14.760000228881836,14.760000228881836,15.289999961853027,14.270000457763672,14.319999694824219,9299900
2026-01-28,14.680000305175781,14.680000305175781,15.039999961853027,14.539999961853027,14.819999694824219,5920200
2026-01-29,14.319999694824219,14.319999694824219,14.930000305175781,14.199999809265137,14.90999984741211,5099900
2026-01-30,14.670000076293945,14.670000076293945,14.670000076293945,14.199999809265137,14.279999732971191,3435800
2026-02-02,14.489999771118164,14.489999771118164,14.920000076293945,14.489999771118164,14.680000305175781,2707400
2026-02-03,14.0,14.0,14.859999656677246,13.899999618530273,14.739999771118164,7703400
2026-02-04,13.369999885559082,13.369999885559082,14.069999694824219,13.199999809265137,13.880000114440918,4871100
2026-02-05,13.529999732971191,13.529999732971191,13.819999694824219,13.380000114440918,13.380000114440918,1967000
2026-02-06,13.5,13.5,13.619999885559082,13.25,13.4399995803833,1877500
2026-02-09,13.710000038146973,13.710000038146973,13.720000267028809,13.270000457763672,13.619999885559082,1820700
2026-02-10,13.449999809265137,13.449999809265137,13.760000228881836,13.300000190734863,13.699999809265137,2985100
2026-02-11,13.399999618530273,13.399999618530273,13.649999618530273,13.390000343322754,13.5600004196167,3271600
2026-02-12,12.920000076293945,12.920000076293945,13.470000267028809,12.729999542236328,13.319999694824219,2115400
2026-02-13,12.880000114440918,12.880000114440918,12.960000038146973,12.420000076293945,12.65999984741211,3086500
2026-02-18,12.979999542236328,12.979999542236328,13.079999923706055,12.670000076293945,12.75,2802800
2026-02-19,13.319999694824219,13.319999694824219,13.59000015258789,13.050000190734863,13.069999694824219,2958300
2026-02-20,13.460000038146973,13.460000038146973,13.609999656677246,13.020000457763672,13.25,2560500
2026-02-23,13.149999618530273,13.149999618530273,13.369999885559082,13.050000190734863,13.369999885559082,2174500
2026-02-24,13.960000038146973,13.960000038146973,14.0600004196167,13.199999809265137,13.300000190734863,3494900
2026-02-25,13.899999618530273,13.899999618530273,14.279999732971191,13.829999923706055,14.069999694824219,3190900
2026-02-26,13.5600004196167,13.5600004196167,14.010000228881836,13.510000228881836,13.9399995803833,2520000
2026-02-27,13.270000457763672,13.270000457763672,13.529999732971191,13.210000038146973,13.359999656677246,2312500
2026-03-02,13.010000228881836,13.010000228881836,13.239999771118164,12.859999656677246,13.09000015258789,2950700
2026-03-03,12.100000381469727,12.100000381469727,12.529999732971191,12.069999694824219,12.4399995803833,3765100
2026-03-04,12.300000190734863,12.300000190734863,12.65999984741211,12.239999771118164,12.399999618530273,1986400
2026-03-05,12.09000015258789,12.09000015258789,12.399999618530273,11.859999656677246,12.199999809265137,4946700
2026-03-06,11.869999885559082,11.869999885559082,12.329999923706055,11.800000190734863,12.010000228881836,3144000
2026-03-09,11.930000305175781,11.930000305175781,12.079999923706055,11.5600004196167,11.829999923706055,2575500
2026-03-10,12.239999771118164,12.239999771118164,12.510000228881836,11.90999984741211,12.09000015258789,2727400
2026-03-11,12.069999694824219,12.069999694824219,12.4399995803833,11.960000038146973,12.100000381469727,12001600
2026-03-12,10.279999732971191,10.279999732971191,11.399999618530273,10.270000457763672,11.369999885559082,13636800
2026-03-13,10.170000076293945,10.170000076293945,10.770000457763672,10.020000457763672,10.380000114440918,7353200
2026-03-16,10.399999618530273,10.399999618530273,10.779999732971191,10.289999961853027,10.470000267028809,3913800
2026-03-17,10.380000114440918,10.380000114440918,10.739999771118164,10.300000190734863,10.40999984741211,3804900
2026-03-18,9.899999618530273,9.899999618530273,10.329999923706055,9.859999656677246,10.279999732971191,6341700
2026-03-19,10.130000114440918,10.130000114440918,10.140000343322754,9.470000267028809,9.640000343322754,7839100
2026-03-20,10.270000457763672,10.270000457763672,10.380000114440918,9.90999984741211,10.079999923706055,7748900
2026-03-23,11.0,11.0,11.029999732971191,10.5,10.579999923706055,4504300
2026-03-24,11.109999656677246,11.109999656677246,11.180000305175781,10.630000114440918,10.949999809265137,3461600
2026-03-25,11.420000076293945,11.420000076293945,11.579999923706055,11.279999732971191,11.430000305175781,4990700
2026-03-26,11.15999984741211,11.15999984741211,11.579999923706055,11.15999984741211,11.270000457763672,4483500
2026-03-27,11.170000076293945,11.170000076293945,11.40999984741211,10.920000076293945,11.069999694824219,5577500
2026-03-30,11.59000015258789,11.59000015258789,11.600000381469727,11.229999542236328,11.5,4239900
2026-03-31,12.109999656677246,12.109999656677246,12.300000190734863,11.710000038146973,11.869999885559082,3511300
2026-04-01,12.029999732971191,12.029999732971191,12.550000190734863,12.029999732971191,12.199999809265137,3751000
2026-04-02,11.720000267028809,11.720000267028809,12.020000457763672,11.550000190734863,11.670000076293945,3965400
2026-04-06,11.770000457763672,11.770000457763672,11.890000343322754,11.5600004196167,11.84000015258789,1952600
2026-04-07,11.850000381469727,11.850000381469727,12.149999618530273,11.489999771118164,11.710000038146973,6981100
2026-04-08,11.890000343322754,11.890000343322754,12.670000076293945,11.84000015258789,12.600000381469727,4151700
2026-04-09,11.850000381469727,11.850000381469727,12.039999961853027,11.739999771118164,11.979999542236328,3736700
2026-04-10,11.510000228881836,11.510000228881836,12.119999885559082,11.40999984741211,12.0,5543700
2026-04-13,11.75,11.75,11.979999542236328,11.380000114440918,11.420000076293945,3477200
2026-04-14,11.899999618530273,11.899999618530273,12.100000381469727,11.760000228881836,11.829999923706055,3072200
2026-04-15,11.829999923706055,11.829999923706055,12.0,11.670000076293945,11.899999618530273,2486900
2026-04-16,11.6899995803833,11.6899995803833,12.119999885559082,11.6899995803833,11.960000038146973,2846300
2026-04-17,11.710000038146973,11.710000038146973,12.239999771118164,11.65999984741211,12.010000228881836,4075600
2026-04-20,11.789999961853027,11.789999961853027,11.8100004196167,11.539999961853027,11.699999809265137,2235200
2026-04-22,11.149999618530273,11.149999618530273,11.779999732971191,11.069999694824219,11.770000457763672,4532800
2026-04-23,10.75,10.75,11.1899995803833,10.699999809265137,11.149999618530273,5491600
2026-04-24,10.5,10.5,10.779999732971191,10.390000343322754,10.770000457763672,3403400
2026-04-27,10.140000343322754,10.140000343322754,10.640000343322754,10.109999656677246,10.539999961853027,4680500
2026-04-28,9.920000076293945,9.920000076293945,10.079999923706055,9.8100004196167,10.039999961853027,5541500
2026-04-29,9.65999984741211,9.65999984741211,9.890000343322754,9.600000381469727,9.890000343322754,4811100
2026-04-30,9.859999656677246,9.859999656677246,9.90999984741211,9.65999984741211,9.850000381469727,3679300
2026-05-04,9.90999984741211,9.90999984741211,10.039999961853027,9.760000228881836,9.859999656677246,4273800
2026-05-05,10.0600004196167,10.0600004196167,10.239999771118164,9.890000343322754,9.90999984741211,7179300
2026-05-06,10.210000038146973,10.210000038146973,10.529999732971191,10.199999809265137,10.260000228881836,2935100
2026-05-07,10.15999984741211,10.15999984741211,10.529999732971191,10.0,10.210000038146973,4641900
2026-05-08,10.960000038146973,10.960000038146973,11.119999885559082,10.15999984741211,10.15999984741211,8637500
2026-05-11,10.680000305175781,10.680000305175781,11.140000343322754,10.510000228881836,10.850000381469727,5607900
2026-05-12,10.25,10.25,10.760000228881836,10.220000267028809,10.569999694824219,5503700
2026-05-13,9.869999885559082,9.869999885559082,10.260000228881836,9.770000457763672,10.199999809265137,6728200
2026-05-14,9.739999771118164,9.739999771118164,10.170000076293945,9.739999771118164,10.09000015258789,4683400
2026-05-15,9.5600004196167,9.5600004196167,9.819999694824219,9.350000381469727,9.489999771118164,4396600
2026-05-18,9.5600004196167,9.5600004196167,9.729999542236328,9.260000228881836,9.539999961853027,4705700
2026-05-19,9.319999694824219,9.319999694824219,9.739999771118164,9.25,9.359999656677246,4711600
2026-05-20,9.779999732971191,9.779999732971191,9.949999809265137,9.420000076293945,9.4399995803833,5487700
2026-05-21,9.729999542236328,9.729999542236328,9.890000343322754,9.460000038146973,9.65999984741211,3135000
2026-05-22,9.569999694824219,9.569999694824219,9.720000267028809,9.40999984741211,9.600000381469727,3355300
2026-05-25,9.699999809265137,9.699999809265137,9.859999656677246,9.619999885559082,9.739999771118164,3174600
2026-05-26,9.600000381469727,9.600000381469727,9.729999542236328,9.479999542236328,9.649999618530273,2452300
2026-05-27,9.619999885559082,9.619999885559082,9.899999618530273,9.569999694824219,9.779999732971191,2018600
2026-05-28,9.579999923706055,9.579999923706055,9.869999885559082,9.550000190734863,9.630000114440918,2166800
2026-05-29,9.539999961853027,9.539999961853027,9.65999984741211,9.369999885559082,9.5600004196167,3100400
2026-06-01,9.460000038146973,9.460000038146973,9.640000343322754,9.289999961853027,9.59000015258789,3759300
2026-06-02,9.390000343322754,9.390000343322754,9.5600004196167,9.369999885559082,9.5,2258100
2026-06-03,8.859999656677246,8.859999656677246,9.239999771118164,8.75,9.199999809265137,5526900
2026-06-05,8.890000343322754,8.890000343322754,9.020000457763672,8.770000457763672,8.890000343322754,2194900
2026-06-08,8.800000190734863,8.800000190734863,8.960000038146973,8.75,8.779999732971191,2083000
2026-06-09,8.859999656677246,8.859999656677246,9.010000228881836,8.65999984741211,8.869999885559082,3912400
2026-06-10,8.829999923706055,8.829999923706055,8.829999923706055,8.5,8.8100004196167,4048700
2026-06-11,8.800000190734863,8.800000190734863,8.930000305175781,8.470000267028809,8.800000190734863,5306400
2026-06-12,8.729999542236328,8.729999542236328,8.930000305175781,8.630000114440918,8.699999809265137,3660700
2026-06-15,8.899999618530273,8.899999618530273,9.229999542236328,8.789999961853027,9.100000381469727,6810100
2026-06-16,8.739999771118164,8.739999771118164,8.869999885559082,8.680000305175781,8.850000381469727,2923100
2026-06-17,8.359999656677246,8.359999656677246,8.920000076293945,8.359999656677246,8.859999656677246,4397000
2026-06-18,7.940000057220459,7.940000057220459,8.470000267028809,7.940000057220459,8.359999656677246,5743800
2026-06-19,8.029999732971191,8.029999732971191,8.09000015258789,7.849999904632568,7.940000057220459,3415200
2026-06-22,8.449999809265137,8.449999809265137,8.609999656677246,8.15999984741211,8.5,5074300
2026-06-23,8.529999732971191,8.529999732971191,8.6899995803833,8.239999771118164,8.270000457763672,3467300
2026-06-24,8.779999732971191,8.779999732971191,8.829999923706055,8.399999618530273,8.4399995803833,6941300
2026-06-25,8.75,8.75,9.149999618530273,8.710000038146973,8.84000015258789,2993500
2026-06-26,8.899999618530273,8.899999618530273,9.0,8.649999618530273,8.800000190734863,2718000
