Price,Adj Close,Close,High,Low,Open,Volume
Ticker,HYPE3.SA,HYPE3.SA,HYPE3.SA,HYPE3.SA,HYPE3.SA,HYPE3.SA
Date,,,,,,
2021-06-28,28.998008728027344,35.290000915527344,35.779998779296875,34.540000915527344,35.2400016784668,2984500
2021-06-29,28.59537124633789,34.79999923706055,35.43000030517578,34.58000183105469,35.349998474121094,1779200
2021-06-30,28.324203491210938,34.470001220703125,34.68000030517578,34.029998779296875,34.29999923706055,3908600
2021-07-01,27.995521545410156,34.06999969482422,34.59000015258789,33.54999923706055,34.099998474121094,4155500
2021-07-02,28.299549102783203,34.439998626708984,34.58000183105469,33.95000076293945,34.290000915527344,2474600
2021-07-05,28.250255584716797,34.380001068115234,34.65999984741211,34.18000030517578,34.33000183105469,1258800
2021-07-06,27.839405059814453,33.880001068115234,34.2599983215332,33.650001525878906,34.220001220703125,1645300
2021-07-07,28.217382431030273,34.34000015258789,34.709999084472656,33.900001525878906,33.900001525878906,2654700
2021-07-08,27.89691734313965,33.95000076293945,34.33000183105469,33.68000030517578,33.83000183105469,2474600
2021-07-12,28.159870147705078,34.27000045776367,34.380001068115234,33.70000076293945,33.939998626708984,3037800
2021-07-13,29.95118522644043,36.45000076293945,36.45000076293945,34.45000076293945,35.029998779296875,5948900
2021-07-14,29.071962356567383,35.380001068115234,36.7400016784668,35.369998931884766,36.59000015258789,5179800
2021-07-15,28.75971221923828,35.0,35.619998931884766,34.880001068115234,35.459999084472656,1582400
2021-07-16,28.866531372070312,35.130001068115234,35.59000015258789,35.040000915527344,35.18000030517578,1919100
2021-07-19,28.67754364013672,34.900001525878906,35.11000061035156,34.45000076293945,34.88999938964844,3020400
2021-07-20,28.34885597229004,34.5,35.279998779296875,34.43000030517578,34.79999923706055,2015400
2021-07-21,28.357070922851562,34.5099983215332,35.0099983215332,34.11000061035156,34.529998779296875,3044100
2021-07-22,29.006221771240234,35.29999923706055,35.29999923706055,34.43000030517578,34.45000076293945,2865900
2021-07-23,30.06305503845215,36.27000045776367,36.27000045776367,35.2400016784668,35.439998626708984,3851600
2021-07-26,30.046478271484375,36.25,36.849998474121094,36.0099983215332,36.650001525878906,4192200
2021-07-27,29.341943740844727,35.400001525878906,36.36000061035156,35.150001525878906,36.25,2341400
2021-07-28,30.005033493041992,36.20000076293945,36.4900016784668,35.369998931884766,35.58000183105469,2489200
2021-07-29,30.237112045288086,36.47999954223633,36.68000030517578,36.099998474121094,36.310001373291016,2422700
2021-07-30,29.549152374267578,35.650001525878906,36.34000015258789,35.529998779296875,36.119998931884766,2170300
2021-08-02,30.668128967285156,37.0,37.599998474121094,36.040000915527344,36.47999954223633,4936400
2021-08-03,30.477487564086914,36.77000045776367,37.400001525878906,36.290000915527344,37.400001525878906,3412200
2021-08-04,30.568662643432617,36.880001068115234,37.189998626708984,36.47999954223633,36.540000915527344,2741600
2021-08-05,30.212249755859375,36.45000076293945,37.25,36.209999084472656,37.060001373291016,1742300
2021-08-06,30.15423011779785,36.380001068115234,36.66999816894531,36.20000076293945,36.31999969482422,2017800
2021-08-09,30.394603729248047,36.66999816894531,36.970001220703125,36.2400016784668,36.290000915527344,1705300
2021-08-10,30.14594268798828,36.369998931884766,36.81999969482422,36.20000076293945,36.439998626708984,2084500
2021-08-11,30.369733810424805,36.63999938964844,36.7400016784668,35.630001068115234,36.36000061035156,2892100
2021-08-12,29.988454818725586,36.18000030517578,36.93000030517578,36.099998474121094,36.63999938964844,2511700
2021-08-13,30.31171417236328,36.56999969482422,36.72999954223633,35.959999084472656,36.279998779296875,4464600
2021-08-16,29.416542053222656,35.4900016784668,36.61000061035156,35.099998474121094,36.58000183105469,2918400
2021-08-17,28.629119873046875,34.540000915527344,35.650001525878906,33.41999816894531,35.4900016784668,6531000
2021-08-18,28.198104858398438,34.02000045776367,35.09000015258789,33.5099983215332,34.540000915527344,6367700
2021-08-19,29.076705932617188,35.08000183105469,35.369998931884766,33.650001525878906,34.029998779296875,5849100
2021-08-20,29.391672134399414,35.459999084472656,35.599998474121094,34.560001373291016,34.56999969482422,3315900
2021-08-23,29.26734733581543,35.310001373291016,35.68000030517578,35.0,35.45000076293945,2246100
2021-08-24,28.83633041381836,34.790000915527344,35.650001525878906,34.650001525878906,35.310001373291016,2841100
2021-08-25,29.03525733947754,35.029998779296875,35.029998779296875,34.56999969482422,34.630001068115234,2495500
2021-08-26,28.629119873046875,34.540000915527344,35.09000015258789,34.45000076293945,35.029998779296875,2066100
2021-08-27,28.587675094604492,34.4900016784668,34.630001068115234,34.11000061035156,34.54999923706055,2006000
2021-08-30,28.488203048706055,34.369998931884766,34.40999984741211,33.95000076293945,34.20000076293945,1793200
2021-08-31,29.482845306396484,35.56999969482422,35.56999969482422,34.119998931884766,34.380001068115234,6840200
2021-09-01,29.03525733947754,35.029998779296875,36.529998779296875,34.63999938964844,35.29999923706055,4369200
2021-09-02,28.24783706665039,34.08000183105469,34.91999816894531,34.0099983215332,34.810001373291016,2384200
2021-09-03,28.579378128051758,34.47999954223633,34.90999984741211,34.029998779296875,34.09000015258789,4194200
2021-09-06,28.81975555419922,34.77000045776367,35.189998626708984,34.220001220703125,34.220001220703125,1202700
2021-09-08,27.849977493286133,33.599998474121094,34.81999969482422,33.540000915527344,34.779998779296875,2326300
2021-09-09,28.844619750976562,34.79999923706055,34.900001525878906,33.529998779296875,33.68000030517578,2810000
2021-09-10,28.587675094604492,34.4900016784668,35.150001525878906,34.290000915527344,34.9900016784668,1873200
2021-09-13,28.8529109954834,34.810001373291016,35.27000045776367,34.59000015258789,34.939998626708984,1726600
2021-09-14,28.844619750976562,34.79999923706055,35.0,34.529998779296875,34.70000076293945,2439900
2021-09-15,28.388736724853516,34.25,34.66999816894531,34.02000045776367,34.56999969482422,2361100
2021-09-16,27.79195785522461,33.529998779296875,33.709999084472656,32.2400016784668,33.27000045776367,5473100
2021-09-17,27.74222755432129,33.470001220703125,33.72999954223633,33.029998779296875,33.380001068115234,3658400
2021-09-20,27.468698501586914,33.13999938964844,33.7599983215332,32.72999954223633,33.599998474121094,2024700
2021-09-21,27.162015914916992,32.77000045776367,33.439998626708984,32.689998626708984,32.79999923706055,2054900
2021-09-22,27.244903564453125,32.869998931884766,33.29999923706055,32.47999954223633,32.7599983215332,2713400
2021-09-23,27.220033645629883,32.84000015258789,33.150001525878906,32.349998474121094,32.90999984741211,3284800
2021-09-24,27.095706939697266,32.689998626708984,32.91999816894531,31.989999771118164,32.459999084472656,2813300
2021-09-27,26.79731559753418,32.33000183105469,32.59000015258789,31.829999923706055,32.130001068115234,3196000
2021-09-28,26.726144790649414,31.940000534057617,32.0,31.309999465942383,31.770000457763672,2339500
2021-09-29,26.91859245300293,32.16999816894531,32.400001525878906,31.719999313354492,32.150001525878906,3134800
2021-09-30,26.893491744995117,32.13999938964844,32.61000061035156,31.8700008392334,32.310001373291016,3412100
2021-10-01,26.9018611907959,32.150001525878906,32.599998474121094,31.899999618530273,32.119998931884766,2540200
2021-10-04,25.39569091796875,30.350000381469727,31.969999313354492,30.219999313354492,31.709999084472656,4970700
2021-10-05,25.29528045654297,30.229999542236328,30.780000686645508,30.079999923706055,30.549999237060547,4848000
2021-10-06,24.9438419342041,29.809999465942383,30.350000381469727,29.479999542236328,30.0,5498100
2021-10-07,24.458524703979492,29.229999542236328,30.299999237060547,29.149999618530273,29.809999465942383,3662400
2021-10-08,24.575668334960938,29.3700008392334,29.899999618530273,29.34000015258789,29.420000076293945,3798800
2021-10-11,24.642606735229492,29.450000762939453,30.030000686645508,29.25,29.399999618530273,2865000
2021-10-13,24.776485443115234,29.610000610351562,29.8799991607666,29.25,29.25,2975900
2021-10-14,24.47525405883789,29.25,29.729999542236328,29.239999771118164,29.649999618530273,1818400
2021-10-15,25.086090087890625,29.979999542236328,30.06999969482422,28.969999313354492,29.280000686645508,3315100
2021-10-18,25.504472732543945,30.479999542236328,30.790000915527344,29.540000915527344,29.760000228881836,3442500
2021-10-19,24.458524703979492,29.229999542236328,30.170000076293945,29.0,30.170000076293945,3159400
2021-10-20,24.52545928955078,29.309999465942383,29.520000457763672,28.90999984741211,29.3700008392334,3192300
2021-10-21,23.8895206451416,28.549999237060547,28.959999084472656,28.040000915527344,28.700000762939453,3496900
2021-10-22,23.395832061767578,27.959999084472656,28.700000762939453,27.540000915527344,27.979999542236328,10602300
2021-10-25,24.056875228881836,28.75,29.479999542236328,28.350000381469727,28.40999984741211,6769500
2021-10-26,23.446041107177734,28.020000457763672,28.760000228881836,27.780000686645508,28.520000457763672,2667800
2021-10-27,23.864423751831055,28.520000457763672,29.030000686645508,28.020000457763672,28.020000457763672,3726800
2021-10-28,23.462770462036133,28.040000915527344,28.93000030517578,27.899999618530273,28.479999542236328,2221300
2021-10-29,23.479509353637695,28.059999465942383,28.43000030517578,27.670000076293945,28.15999984741211,3567100
2021-11-01,24.14055061340332,28.850000381469727,28.90999984741211,28.190000534057617,28.3799991607666,4124900
2021-11-03,24.868528366088867,29.719999313354492,30.06999969482422,28.399999618530273,28.399999618530273,5782600
2021-11-04,24.358110427856445,29.110000610351562,29.68000030517578,28.770000457763672,29.6299991607666,2332200
2021-11-05,24.5003604888916,29.280000686645508,29.6200008392334,29.06999969482422,29.329999923706055,2164400
2021-11-08,24.17401885986328,28.889999389648438,29.489999771118164,28.829999923706055,29.1200008392334,1972200
2021-11-09,24.701183319091797,29.520000457763672,29.780000686645508,28.65999984741211,28.84000015258789,3370000
2021-11-10,24.383211135864258,29.139999389648438,29.6200008392334,28.850000381469727,29.40999984741211,3243200
2021-11-11,24.60076904296875,29.399999618530273,29.68000030517578,29.0,29.43000030517578,3088400
2021-11-12,24.61750602722168,29.420000076293945,29.84000015258789,29.260000228881836,29.34000015258789,3456800
2021-11-16,24.307903289794922,29.049999237060547,29.739999771118164,28.959999084472656,29.700000762939453,2505400
2021-11-17,24.06524085998535,28.760000228881836,29.399999618530273,28.389999389648438,29.389999389648438,2454600
2021-11-18,24.282798767089844,29.020000457763672,29.469999313354492,28.889999389648438,29.110000610351562,3269400
2021-11-19,24.207487106323242,28.93000030517578,29.540000915527344,28.93000030517578,29.170000076293945,2643000
2021-11-22,24.02340316772461,28.709999084472656,29.459999084472656,28.5,28.790000915527344,2608500
2021-11-23,23.847679138183594,28.5,28.850000381469727,28.149999618530273,28.65999984741211,3612300
2021-11-24,23.839313507080078,28.489999771118164,28.90999984741211,28.25,28.270000457763672,2394200
2021-11-25,24.132184982299805,28.84000015258789,28.989999771118164,28.489999771118164,28.549999237060547,2133800
2021-11-26,23.295421600341797,27.84000015258789,28.420000076293945,27.75,28.350000381469727,2159000
2021-11-29,22.88541030883789,27.350000381469727,28.229999542236328,27.31999969482422,28.190000534057617,3430000
2021-11-30,22.692955017089844,27.1200008392334,27.75,26.719999313354492,27.280000686645508,6400700
2021-12-01,22.425189971923828,26.799999237060547,27.809999465942383,26.799999237060547,27.5,3790900
2021-12-02,23.061128616333008,27.559999465942383,27.559999465942383,26.790000915527344,27.31999969482422,4777900
2021-12-03,23.663599014282227,28.280000686645508,28.739999771118164,27.549999237060547,27.559999465942383,3838400
2021-12-06,23.73053741455078,28.360000610351562,28.93000030517578,28.270000457763672,28.520000457763672,2078000
2021-12-07,24.02340316772461,28.709999084472656,29.260000228881836,28.59000015258789,28.670000076293945,2733500
2021-12-08,24.2409610748291,28.969999313354492,29.030000686645508,28.5,28.860000610351562,2171100
2021-12-09,24.34137725830078,29.09000015258789,29.389999389648438,28.68000030517578,28.770000457763672,3096100
2021-12-10,24.709543228149414,29.530000686645508,29.989999771118164,29.299999237060547,29.5,2359100
2021-12-13,24.533828735351562,29.31999969482422,30.200000762939453,29.31999969482422,29.5,3174900
2021-12-14,24.29953384399414,29.040000915527344,29.950000762939453,29.030000686645508,29.6299991607666,2075800
2021-12-15,24.609134674072266,29.40999984741211,29.469999313354492,29.0,29.0,2538200
2021-12-16,24.52545928955078,29.309999465942383,29.690000534057617,29.100000381469727,29.549999237060547,2730500
2021-12-17,24.650978088378906,29.459999084472656,29.860000610351562,28.90999984741211,29.0,4899400
2021-12-20,24.16565704345703,28.8799991607666,29.3799991607666,28.709999084472656,28.979999542236328,3217300
2021-12-21,24.01503562927246,28.700000762939453,29.170000076293945,28.520000457763672,28.829999923706055,2276400
2021-12-22,23.780746459960938,28.420000076293945,28.90999984741211,28.280000686645508,28.729999542236328,1864800
2021-12-23,23.747272491455078,28.3799991607666,28.6299991607666,28.030000686645508,28.6299991607666,1518000
2021-12-27,23.99829864501953,28.68000030517578,29.260000228881836,28.18000030517578,28.18000030517578,2353100
2021-12-28,24.307903289794922,29.049999237060547,29.260000228881836,28.75,28.8700008392334,1653600
2021-12-29,23.644624710083008,27.959999084472656,28.780000686645508,27.860000610351562,28.780000686645508,1623300
2021-12-30,23.90677261352539,28.270000457763672,28.40999984741211,27.899999618530273,28.09000015258789,1953600
2022-01-03,23.213336944580078,27.450000762939453,28.510000228881836,27.299999237060547,28.25,2667800
2022-01-04,23.08648681640625,27.299999237060547,27.729999542236328,26.81999969482422,27.350000381469727,2205000
2022-01-05,22.672117233276367,26.809999465942383,27.489999771118164,26.799999237060547,27.1200008392334,3107700
2022-01-06,22.90890121459961,27.09000015258789,27.649999618530273,26.649999618530273,27.15999984741211,2578400
2022-01-07,23.078031539916992,27.290000915527344,27.75,26.809999465942383,26.899999618530273,2643400
2022-01-10,22.629831314086914,26.760000228881836,27.31999969482422,26.25,27.280000686645508,2760900
2022-01-11,22.587547302246094,26.709999084472656,27.270000457763672,26.6299991607666,27.139999389648438,4997200
2022-01-12,22.629831314086914,26.760000228881836,26.920000076293945,26.540000915527344,26.649999618530273,8990400
2022-01-13,22.90890121459961,27.09000015258789,27.610000610351562,26.6299991607666,26.65999984741211,7994700
2022-01-14,23.678447723388672,28.0,28.139999389648438,27.040000915527344,27.190000534057617,3031900
2022-01-17,23.526233673095703,27.81999969482422,28.34000015258789,27.81999969482422,28.06999969482422,1593500
2022-01-18,23.703819274902344,28.030000686645508,28.219999313354492,27.3799991607666,27.700000762939453,2654400
2022-01-19,24.033632278442383,28.420000076293945,28.899999618530273,28.09000015258789,28.299999237060547,4594600
2022-01-20,24.5410213470459,29.020000457763672,29.299999237060547,28.3700008392334,28.549999237060547,5182100
2022-01-21,24.913110733032227,29.459999084472656,29.6200008392334,28.690000534057617,28.90999984741211,3677200
2022-01-24,24.574844360351562,29.059999465942383,29.520000457763672,28.8799991607666,29.40999984741211,1952000
2022-01-25,24.913110733032227,29.459999084472656,29.59000015258789,28.670000076293945,28.850000381469727,2070000
2022-01-26,25.30211639404297,29.920000076293945,30.350000381469727,29.239999771118164,29.649999618530273,2866900
2022-01-27,25.344392776489258,29.969999313354492,30.40999984741211,29.739999771118164,30.40999984741211,1756600
2022-01-28,25.395143508911133,30.030000686645508,30.329999923706055,29.520000457763672,29.790000915527344,1599000
2022-01-31,26.308452606201172,31.110000610351562,31.25,29.780000686645508,29.889999389648438,4560500
2022-02-01,26.33382225036621,31.139999389648438,31.530000686645508,30.530000686645508,31.280000686645508,2677900
2022-02-02,26.147775650024414,30.920000076293945,31.40999984741211,30.690000534057617,31.1299991607666,1724500
2022-02-03,26.376102447509766,31.190000534057617,31.299999237060547,30.719999313354492,30.799999237060547,2018000
2022-02-04,26.12240219116211,30.889999389648438,31.1299991607666,30.440000534057617,31.1299991607666,1499200
2022-02-07,26.27462387084961,31.06999969482422,31.34000015258789,30.65999984741211,30.799999237060547,2759000
2022-02-08,26.257713317871094,31.049999237060547,31.239999771118164,30.6200008392334,30.8799991607666,3365000
2022-02-09,26.367647171020508,31.18000030517578,31.459999084472656,30.850000381469727,31.0,2590500
2022-02-10,26.24079704284668,31.030000686645508,31.440000534057617,30.559999465942383,31.200000762939453,3514500
2022-02-11,26.063209533691406,30.81999969482422,31.459999084472656,30.690000534057617,31.200000762939453,3325800
2022-02-14,27.196392059326172,32.15999984741211,32.29999923706055,30.8700008392334,31.299999237060547,3896000
2022-02-15,26.91732406616211,31.829999923706055,32.560001373291016,31.510000228881836,32.5,3733100
2022-02-16,26.824298858642578,31.719999313354492,31.969999313354492,31.34000015258789,31.829999923706055,3667600
2022-02-17,27.171018600463867,32.130001068115234,32.66999816894531,31.729999542236328,31.729999542236328,5013400
2022-02-18,27.576940536499023,32.61000061035156,32.790000915527344,32.09000015258789,32.22999954223633,2247500
2022-02-21,26.9849796295166,31.90999984741211,32.779998779296875,31.90999984741211,32.65999984741211,1420000
2022-02-22,27.695331573486328,32.75,33.2599983215332,32.040000915527344,32.040000915527344,3173100
2022-02-23,27.517738342285156,32.540000915527344,32.97999954223633,32.400001525878906,32.619998931884766,2917300
2022-02-24,27.56002426147461,32.59000015258789,33.15999984741211,31.579999923706055,31.90999984741211,2618000
2022-02-25,28.32957649230957,33.5,34.56999969482422,32.70000076293945,32.86000061035156,9242900
2022-03-02,28.202726364135742,33.349998474121094,34.7400016784668,33.279998779296875,33.779998779296875,3627600
2022-03-03,28.17735481262207,33.31999969482422,33.70000076293945,32.810001373291016,33.29999923706055,2278800
2022-03-04,27.373979568481445,32.369998931884766,33.63999938964844,31.959999084472656,33.369998931884766,3827800
2022-03-07,27.061086654663086,32.0,32.290000915527344,31.420000076293945,32.0099983215332,5147800
2022-03-08,27.390892028808594,32.38999938964844,32.880001068115234,31.709999084472656,32.0,3561000
2022-03-09,28.185815811157227,33.33000183105469,33.58000183105469,32.209999084472656,32.689998626708984,3110300
2022-03-10,27.593847274780273,32.630001068115234,33.04999923706055,32.36000061035156,32.91999816894531,3427900
2022-03-11,27.171018600463867,32.130001068115234,32.91999816894531,31.920000076293945,32.869998931884766,2774800
2022-03-14,27.23021697998047,32.20000076293945,32.70000076293945,32.06999969482422,32.20000076293945,3364500
2022-03-15,28.025135040283203,33.13999938964844,33.290000915527344,31.780000686645508,31.90999984741211,8182100
2022-03-16,28.481792449951172,33.68000030517578,33.970001220703125,33.29999923706055,33.34000015258789,3630800
2022-03-17,29.166780471801758,34.4900016784668,34.560001373291016,33.68000030517578,33.88999938964844,3976400
2022-03-18,29.276716232299805,34.619998931884766,35.15999984741211,34.02000045776367,34.4900016784668,5228800
2022-03-21,30.020889282226562,35.5,35.720001220703125,34.86000061035156,35.060001373291016,5167800
2022-03-22,30.62131690979004,36.209999084472656,36.790000915527344,35.5,35.5,4184600
2022-03-23,30.765071868896484,36.380001068115234,36.52000045776367,35.83000183105469,36.11000061035156,4289000
2022-03-24,31.416221618652344,37.150001525878906,37.2599983215332,36.099998474121094,36.31999969482422,4765700
2022-03-25,32.60015106201172,38.54999923706055,38.709999084472656,37.119998931884766,37.18000030517578,5315900
2022-03-28,32.43947982788086,38.36000061035156,38.790000915527344,37.900001525878906,38.34000015258789,4044500
2022-03-29,32.239723205566406,37.81999969482422,39.81999969482422,37.439998626708984,39.63999938964844,4167700
2022-03-30,32.58921813964844,38.22999954223633,38.7400016784668,37.4900016784668,37.7599983215332,3674000
2022-03-31,32.99839782714844,38.709999084472656,38.83000183105469,38.119998931884766,38.43000030517578,5218100
2022-04-01,33.43315887451172,39.220001220703125,39.970001220703125,38.779998779296875,38.95000076293945,8099400
2022-04-04,33.24560546875,39.0,39.47999954223633,38.880001068115234,39.400001525878906,2982900
2022-04-05,33.28823471069336,39.04999923706055,39.75,38.81999969482422,38.869998931884766,4243300
2022-04-06,33.083641052246094,38.810001373291016,39.02000045776367,38.13999938964844,38.849998474121094,2870800
2022-04-07,32.92168045043945,38.619998931884766,38.79999923706055,38.22999954223633,38.470001220703125,2326300
2022-04-08,33.17741012573242,38.91999816894531,39.119998931884766,37.9900016784668,38.38999938964844,2887800
2022-04-11,33.5013427734375,39.29999923706055,39.43000030517578,37.79999923706055,38.90999984741211,5120600
2022-04-12,33.49282455444336,39.290000915527344,40.38999938964844,39.13999938964844,39.54999923706055,6615800
2022-04-13,33.578067779541016,39.38999938964844,40.08000183105469,38.790000915527344,39.41999816894531,4773600
2022-04-14,33.02397918701172,38.7400016784668,39.2400016784668,38.369998931884766,39.2400016784668,3947600
2022-04-18,32.955780029296875,38.65999984741211,39.029998779296875,38.459999084472656,38.58000183105469,2289000
2022-04-19,32.29086685180664,37.880001068115234,38.70000076293945,37.33000183105469,38.5099983215332,8766000
2022-04-20,32.22267150878906,37.79999923706055,38.0,36.529998779296875,37.650001525878906,10187700
2022-04-22,32.22267150878906,37.79999923706055,38.619998931884766,37.29999923706055,37.29999923706055,6104500
2022-04-25,32.009552001953125,37.54999923706055,38.08000183105469,37.47999954223633,37.70000076293945,2919900
2022-04-26,31.344646453857422,36.77000045776367,38.13999938964844,36.7400016784668,37.31999969482422,4000700
2022-04-27,31.5662784576416,37.029998779296875,37.79999923706055,36.68000030517578,37.15999984741211,3150500
2022-04-28,32.521018981933594,38.150001525878906,38.2400016784668,36.84000015258789,37.310001373291016,5695500
2022-04-29,31.89873504638672,37.41999816894531,39.189998626708984,37.040000915527344,38.40999984741211,8120800
2022-05-02,31.583332061767578,37.04999923706055,37.689998626708984,36.209999084472656,37.689998626708984,4451800
2022-05-03,31.131532669067383,36.52000045776367,37.060001373291016,36.209999084472656,37.0,2773500
2022-05-04,32.035125732421875,37.58000183105469,37.599998474121094,36.04999923706055,36.25,4317800
2022-05-05,30.415477752685547,35.68000030517578,37.279998779296875,34.790000915527344,37.18000030517578,6140500
2022-05-06,30.458087921142578,35.72999954223633,35.97999954223633,35.34000015258789,35.54999923706055,2674900
2022-05-09,30.227933883666992,35.459999084472656,36.06999969482422,35.13999938964844,35.25,2170800
2022-05-10,30.176788330078125,35.400001525878906,36.0,35.060001373291016,35.630001068115234,1766800
2022-05-11,30.73940658569336,36.060001373291016,36.790000915527344,35.54999923706055,35.54999923706055,3339700
2022-05-12,31.404319763183594,36.84000015258789,37.09000015258789,35.63999938964844,35.790000915527344,3060900
2022-05-13,31.7708740234375,37.27000045776367,37.61000061035156,36.880001068115234,37.20000076293945,2783900
2022-05-16,31.591854095458984,37.060001373291016,37.290000915527344,36.810001373291016,37.27000045776367,2018600
2022-05-17,31.924312591552734,37.45000076293945,37.70000076293945,37.09000015258789,37.400001525878906,2132700
2022-05-18,30.7479305267334,36.06999969482422,37.75,35.84000015258789,37.38999938964844,4301000
2022-05-19,31.472511291503906,36.91999816894531,37.349998474121094,35.939998626708984,36.099998474121094,4498000
2022-05-20,33.04103088378906,38.7599983215332,38.83000183105469,37.220001220703125,37.25,5686800
2022-05-23,33.28823471069336,39.04999923706055,39.290000915527344,38.709999084472656,38.79999923706055,3112700
2022-05-24,33.79969787597656,39.650001525878906,39.779998779296875,38.709999084472656,38.709999084472656,4456000
2022-05-25,34.43905258178711,40.400001525878906,40.619998931884766,39.43000030517578,39.58000183105469,5253800
2022-05-26,34.166263580322266,40.08000183105469,41.16999816894531,39.880001068115234,40.38999938964844,4454400
2022-05-27,33.33938217163086,39.11000061035156,40.119998931884766,38.900001525878906,39.970001220703125,4891000
2022-05-30,32.904632568359375,38.599998474121094,39.439998626708984,38.41999816894531,39.279998779296875,1627800
2022-05-31,33.06660079956055,38.790000915527344,38.88999938964844,37.83000183105469,38.36000061035156,8294500
2022-06-01,35.5983772277832,41.7599983215332,42.02000045776367,40.11000061035156,40.58000183105469,15562200
2022-06-02,35.564273834228516,41.720001220703125,42.209999084472656,40.43000030517578,42.0,8654800
2022-06-03,35.8455810546875,42.04999923706055,42.36000061035156,41.2400016784668,41.47999954223633,3548500
2022-06-06,35.66657638549805,41.84000015258789,42.91999816894531,41.63999938964844,42.11000061035156,3768500
2022-06-07,34.89084243774414,40.93000030517578,41.810001373291016,40.790000915527344,41.40999984741211,4727800
2022-06-08,34.03839111328125,39.93000030517578,40.7400016784668,39.650001525878906,40.689998626708984,4235300
2022-06-09,32.97282791137695,38.68000030517578,40.11000061035156,38.58000183105469,39.9900016784668,4677400
2022-06-10,33.16036605834961,38.900001525878906,39.33000183105469,37.810001373291016,38.5,4474000
2022-06-13,32.31644058227539,37.90999984741211,38.25,37.43000030517578,37.95000076293945,3530600
2022-06-14,31.677099227905273,37.15999984741211,38.11000061035156,36.7400016784668,37.77000045776367,2667800
2022-06-15,32.853485107421875,38.540000915527344,39.130001068115234,37.40999984741211,37.45000076293945,5001500
2022-06-17,32.546592712402344,38.18000030517578,38.310001373291016,37.18000030517578,37.58000183105469,4759200
2022-06-20,32.05216979980469,37.599998474121094,38.29999923706055,37.529998779296875,37.97999954223633,1374500
2022-06-21,31.966934204101562,37.5,37.9900016784668,37.16999816894531,37.65999984741211,2357400
2022-06-22,32.55512237548828,38.189998626708984,38.66999816894531,37.130001068115234,37.209999084472656,2915800
2022-06-23,33.0495491027832,38.77000045776367,39.18000030517578,38.2599983215332,38.43000030517578,2857400
2022-06-24,32.35054397583008,37.95000076293945,38.95000076293945,37.66999816894531,38.95000076293945,2637300
2022-06-27,33.06660079956055,38.790000915527344,38.97999954223633,37.97999954223633,38.11000061035156,2604000
2022-06-28,32.91592025756836,38.310001373291016,38.95000076293945,37.459999084472656,38.61000061035156,3216400
2022-06-29,32.1340446472168,37.400001525878906,38.619998931884766,37.220001220703125,38.31999969482422,4111000
2022-06-30,32.68393325805664,38.040000915527344,38.22999954223633,36.369998931884766,36.630001068115234,4351200
2022-07-01,32.280113220214844,37.56999969482422,37.810001373291016,37.040000915527344,37.560001373291016,2833800
2022-07-04,32.013763427734375,37.2599983215332,37.45000076293945,36.43000030517578,37.310001373291016,1659400
2022-07-05,32.271514892578125,37.560001373291016,37.83000183105469,36.70000076293945,37.0,2437300
2022-07-06,34.453880310058594,40.099998474121094,40.29999923706055,38.0,38.0,6732400
2022-07-07,34.39373779296875,40.029998779296875,40.540000915527344,39.439998626708984,40.29999923706055,4220900
2022-07-08,34.30781555175781,39.93000030517578,40.25,39.65999984741211,40.08000183105469,1263200
2022-07-11,33.603275299072266,39.11000061035156,40.029998779296875,38.810001373291016,39.79999923706055,2393900
2022-07-12,33.826663970947266,39.369998931884766,39.83000183105469,38.95000076293945,39.11000061035156,1898900
2022-07-13,33.92117691040039,39.47999954223633,39.75,38.56999969482422,39.189998626708984,2535000
2022-07-14,33.663414001464844,39.18000030517578,39.70000076293945,38.7599983215332,39.0,1998000
2022-07-15,34.2476806640625,39.86000061035156,40.47999954223633,38.79999923706055,39.029998779296875,4164400
2022-07-18,34.015689849853516,39.59000015258789,40.380001068115234,39.5,40.380001068115234,2061800
2022-07-19,34.79755783081055,40.5,41.06999969482422,39.95000076293945,40.150001525878906,5115400
2022-07-20,33.68919372558594,39.209999084472656,40.70000076293945,38.33000183105469,40.45000076293945,3553700
2022-07-21,34.075828552246094,39.65999984741211,39.84000015258789,38.220001220703125,39.0099983215332,2128200
2022-07-22,34.30781555175781,39.93000030517578,40.2599983215332,39.58000183105469,39.83000183105469,1931400
2022-07-25,34.041465759277344,39.619998931884766,40.22999954223633,39.43000030517578,40.099998474121094,1858800
2022-07-26,33.72357177734375,39.25,39.97999954223633,39.04999923706055,39.619998931884766,2322000
2022-07-27,34.23907470703125,39.849998474121094,39.91999816894531,39.08000183105469,39.34000015258789,1724500
2022-07-28,34.78896713256836,40.4900016784668,40.849998474121094,39.720001220703125,39.790000915527344,2159700
2022-07-29,36.59328842163086,42.59000015258789,42.70000076293945,40.400001525878906,40.400001525878906,6684600
2022-08-01,36.30116271972656,42.25,42.79999923706055,41.81999969482422,42.54999923706055,2935300
2022-08-02,36.62765884399414,42.630001068115234,43.11000061035156,42.16999816894531,42.560001373291016,2521400
2022-08-03,36.97992706298828,43.040000915527344,43.040000915527344,42.41999816894531,42.810001373291016,2515700
2022-08-04,36.60188293457031,42.599998474121094,43.36000061035156,42.0099983215332,43.25,2886500
2022-08-05,36.73076248168945,42.75,42.880001068115234,42.33000183105469,42.40999984741211,1793100
2022-08-08,36.91118621826172,42.959999084472656,43.369998931884766,42.40999984741211,42.9900016784668,1379400
2022-08-09,36.146507263183594,42.06999969482422,43.349998474121094,41.61000061035156,43.349998474121094,3094300
2022-08-10,36.945556640625,43.0,43.08000183105469,42.560001373291016,42.91999816894531,2164800
2022-08-11,35.75127029418945,41.61000061035156,43.22999954223633,41.31999969482422,43.22999954223633,2571900
2022-08-12,36.52455139160156,42.5099983215332,42.59000015258789,41.959999084472656,42.0099983215332,2950800
2022-08-15,35.89733123779297,41.779998779296875,42.68000030517578,41.5,42.16999816894531,2433900
2022-08-16,36.03480911254883,41.939998626708984,42.15999984741211,40.83000183105469,41.540000915527344,2286500
2022-08-17,35.95747375488281,41.849998474121094,42.06999969482422,41.47999954223633,41.66999816894531,3044100
2022-08-18,35.28730392456055,41.06999969482422,42.040000915527344,40.689998626708984,41.81999969482422,2596300
2022-08-19,35.88874435424805,41.77000045776367,42.29999923706055,40.70000076293945,40.70000076293945,4469400
2022-08-22,36.46440124511719,42.439998626708984,42.959999084472656,41.209999084472656,41.209999084472656,2600400
2022-08-23,36.50737380981445,42.4900016784668,42.939998626708984,42.08000183105469,42.349998474121094,1548600
2022-08-24,37.82194137573242,44.02000045776367,44.18000030517578,42.310001373291016,42.310001373291016,3163800
2022-08-25,37.71883773803711,43.900001525878906,44.08000183105469,43.560001373291016,44.06999969482422,1786500
2022-08-26,37.168949127197266,43.2599983215332,44.25,43.04999923706055,44.060001373291016,1794000
2022-08-29,37.40953063964844,43.540000915527344,44.130001068115234,43.04999923706055,43.060001373291016,1963900
2022-08-30,37.632911682128906,43.79999923706055,43.97999954223633,43.439998626708984,43.97999954223633,2200500
2022-08-31,37.00570297241211,43.06999969482422,44.29999923706055,42.83000183105469,44.0,3246800
2022-09-01,37.564186096191406,43.720001220703125,44.470001220703125,42.970001220703125,42.97999954223633,2633900
2022-09-02,37.598541259765625,43.7599983215332,44.400001525878906,42.84000015258789,43.529998779296875,4647600
2022-09-05,37.5040397644043,43.650001525878906,44.02000045776367,43.06999969482422,43.86000061035156,1826300
2022-09-06,36.88541030883789,42.93000030517578,43.34000015258789,42.540000915527344,43.31999969482422,3839800
2022-09-08,37.3236083984375,43.439998626708984,43.439998626708984,42.5099983215332,43.130001068115234,2628400
2022-09-09,37.47826385498047,43.619998931884766,43.90999984741211,43.290000915527344,43.54999923706055,2100000
2022-09-12,37.632911682128906,43.79999923706055,44.04999923706055,43.599998474121094,43.900001525878906,1956100
2022-09-13,37.52121353149414,43.66999816894531,44.20000076293945,43.22999954223633,43.310001373291016,2467500
2022-09-14,37.160362243652344,43.25,43.72999954223633,42.900001525878906,43.54999923706055,2016400
2022-09-15,36.739349365234375,42.7599983215332,43.34000015258789,42.0099983215332,43.08000183105469,2280500
2022-09-16,36.16368103027344,42.09000015258789,42.599998474121094,41.75,42.540000915527344,3898200
2022-09-19,37.7274284362793,43.90999984741211,44.13999938964844,42.40999984741211,42.70000076293945,6236900
2022-09-20,37.99378967285156,44.220001220703125,44.54999923706055,43.88999938964844,44.279998779296875,5499600
2022-09-21,38.62959289550781,44.959999084472656,45.130001068115234,44.09000015258789,44.09000015258789,5599300
2022-09-22,38.706912994384766,45.04999923706055,45.25,44.40999984741211,45.13999938964844,3197900
2022-09-23,39.47160339355469,45.939998626708984,46.0099983215332,44.13999938964844,44.29999923706055,3979600
2022-09-26,38.8873405456543,45.2599983215332,45.869998931884766,45.13999938964844,45.869998931884766,1942300
2022-09-27,38.500709533691406,44.810001373291016,45.0,44.7400016784668,44.810001373291016,2364000
2022-09-28,38.0797004699707,44.31999969482422,44.9900016784668,44.0099983215332,44.790000915527344,3824000
2022-09-29,37.763526916503906,43.650001525878906,43.849998474121094,42.86000061035156,43.560001373291016,4320100
2022-09-30,38.28261184692383,44.25,44.5,43.189998626708984,43.400001525878906,3607700
2022-10-03,39.49382019042969,45.650001525878906,45.75,44.560001373291016,45.63999938964844,4325900
2022-10-04,39.294830322265625,45.41999816894531,46.5099983215332,45.220001220703125,46.15999984741211,2151900
2022-10-05,40.05615997314453,46.29999923706055,46.709999084472656,45.06999969482422,45.79999923706055,3337800
2022-10-06,40.14267349243164,46.400001525878906,46.7599983215332,46.13999938964844,46.5,3827300
2022-10-07,39.736061096191406,45.93000030517578,46.66999816894531,45.84000015258789,46.189998626708984,1850100
2022-10-10,40.72232437133789,47.06999969482422,47.06999969482422,46.04999923706055,46.04999923706055,3006000
2022-10-11,40.307044982910156,46.59000015258789,47.56999969482422,46.369998931884766,46.900001525878906,3923900
2022-10-13,39.85717010498047,46.06999969482422,46.75,45.56999969482422,46.0099983215332,2951100
2022-10-14,39.58032989501953,45.75,46.650001525878906,45.52000045776367,46.5,2250300
2022-10-17,40.817481994628906,47.18000030517578,47.31999969482422,45.869998931884766,45.90999984741211,2470800
2022-10-18,41.526893615722656,48.0,48.560001373291016,47.5,48.2400016784668,4916000
2022-10-19,42.16710662841797,48.7400016784668,49.56999969482422,47.83000183105469,48.060001373291016,9636300
2022-10-20,41.924869537353516,48.459999084472656,49.34000015258789,48.2400016784668,49.040000915527344,4275700
2022-10-21,42.13249969482422,48.70000076293945,48.959999084472656,48.0099983215332,48.400001525878906,2832700
2022-10-24,41.5528564453125,48.029998779296875,48.810001373291016,47.88999938964844,48.52000045776367,1641800
2022-10-25,39.93503189086914,46.15999984741211,48.029998779296875,45.9900016784668,47.84000015258789,2592700
2022-10-26,40.012901306152344,46.25,46.560001373291016,45.34000015258789,46.0,4454300
2022-10-27,41.526893615722656,48.0,48.47999954223633,46.70000076293945,46.709999084472656,3698000
2022-10-28,42.24496841430664,48.83000183105469,49.130001068115234,47.849998474121094,48.31999969482422,5190900
2022-10-31,43.957950592041016,50.810001373291016,51.11000061035156,48.060001373291016,48.08000183105469,7915400
2022-11-01,42.314186096191406,48.90999984741211,50.93000030517578,48.72999954223633,50.27000045776367,6567800
2022-11-03,41.65666961669922,48.150001525878906,48.7400016784668,47.90999984741211,48.33000183105469,6529000
2022-11-04,41.6134147644043,48.099998474121094,48.91999816894531,47.95000076293945,48.5,3156800
2022-11-07,41.45768737792969,47.91999816894531,48.810001373291016,47.70000076293945,47.70000076293945,2818000
2022-11-08,42.19306564331055,48.77000045776367,48.869998931884766,47.52000045776367,47.70000076293945,3630000
2022-11-09,42.02003479003906,48.56999969482422,49.630001068115234,48.459999084472656,48.619998931884766,2812000
2022-11-10,40.843441009521484,47.209999084472656,48.7400016784668,46.0,48.34000015258789,4329800
2022-11-11,40.48007583618164,46.790000915527344,47.84000015258789,46.13999938964844,47.220001220703125,4034300
2022-11-14,41.16353988647461,47.58000183105469,48.279998779296875,46.869998931884766,47.209999084472656,4473900
2022-11-16,39.04393768310547,45.130001068115234,47.68000030517578,44.689998626708984,47.5099983215332,10330600
2022-11-17,39.329437255859375,45.459999084472656,45.72999954223633,43.06999969482422,44.56999969482422,9133400
2022-11-18,38.67192459106445,44.70000076293945,46.72999954223633,44.27000045776367,45.720001220703125,5334000
2022-11-21,39.39863967895508,45.540000915527344,45.790000915527344,45.040000915527344,45.459999084472656,2801400
2022-11-22,38.360477447509766,44.34000015258789,45.88999938964844,44.029998779296875,45.790000915527344,3628300
2022-11-23,37.685665130615234,43.560001373291016,44.900001525878906,43.09000015258789,44.220001220703125,2589200
2022-11-24,39.01799011230469,45.099998474121094,45.310001373291016,43.61000061035156,43.61000061035156,1565000
2022-11-25,38.6373176574707,44.65999984741211,45.33000183105469,44.0099983215332,45.13999938964844,2307400
2022-11-28,38.213409423828125,44.16999816894531,44.880001068115234,43.88999938964844,44.84000015258789,1547700
2022-11-29,38.4210319519043,44.40999984741211,44.970001220703125,43.52000045776367,43.88999938964844,2085600
2022-11-30,38.44698715209961,44.439998626708984,44.939998626708984,43.68000030517578,44.310001373291016,4912700
2022-12-01,38.39508056640625,44.380001068115234,44.599998474121094,43.38999938964844,43.91999816894531,2338900
2022-12-02,39.15640640258789,45.2599983215332,46.5099983215332,44.38999938964844,44.43000030517578,2122300
2022-12-05,37.417476654052734,43.25,45.11000061035156,43.18000030517578,45.11000061035156,2944200
2022-12-06,36.517723083496094,42.209999084472656,43.58000183105469,41.63999938964844,43.5,6501800
2022-12-07,37.02815628051758,42.79999923706055,43.119998931884766,42.040000915527344,42.119998931884766,3758000
2022-12-08,36.794559478759766,42.529998779296875,43.470001220703125,42.27000045776367,42.689998626708984,2949300
2022-12-09,36.734004974365234,42.459999084472656,42.59000015258789,41.88999938964844,42.400001525878906,2488100
2022-12-12,35.86886215209961,41.459999084472656,42.810001373291016,41.11000061035156,42.15999984741211,2955600
2022-12-13,35.557403564453125,41.099998474121094,41.9900016784668,40.56999969482422,41.470001220703125,3629500
2022-12-14,36.06784439086914,41.689998626708984,41.959999084472656,40.54999923706055,40.54999923706055,6462500
2022-12-15,36.42255401611328,42.099998474121094,42.88999938964844,41.06999969482422,41.06999969482422,3291700
2022-12-16,36.77725601196289,42.5099983215332,42.560001373291016,41.75,42.02000045776367,4132800
2022-12-19,37.503971099853516,43.349998474121094,43.790000915527344,42.41999816894531,42.66999816894531,3425900
2022-12-20,37.988460540771484,43.90999984741211,44.220001220703125,42.88999938964844,43.27000045776367,3519400
2022-12-21,38.23935317993164,44.20000076293945,44.52000045776367,42.84000015258789,43.90999984741211,3667100
2022-12-22,38.65462112426758,44.68000030517578,45.0,44.040000915527344,44.279998779296875,1730300
2022-12-23,39.05061340332031,44.83000183105469,45.59000015258789,44.439998626708984,44.66999816894531,1860800
2022-12-26,38.41471481323242,44.099998474121094,45.04999923706055,43.81999969482422,44.7400016784668,1041100
2022-12-27,38.59765625,44.310001373291016,44.91999816894531,43.7400016784668,44.099998474121094,2195800
2022-12-28,39.07674026489258,44.86000061035156,45.15999984741211,44.43000030517578,44.560001373291016,1899100
2022-12-29,39.37291717529297,45.20000076293945,45.790000915527344,44.84000015258789,45.02000045776367,4221500
2023-01-02,38.09241485595703,43.72999954223633,44.77000045776367,43.220001220703125,44.70000076293945,2145500
2023-01-03,36.44607925415039,41.84000015258789,44.0,41.45000076293945,43.58000183105469,3640300
2023-01-04,36.568023681640625,41.97999954223633,42.54999923706055,41.279998779296875,42.54999923706055,5473900
2023-01-05,37.038414001464844,42.52000045776367,42.70000076293945,41.720001220703125,41.959999084472656,4478300
2023-01-06,37.56977844238281,43.130001068115234,43.220001220703125,42.31999969482422,42.52000045776367,2421500
2023-01-09,37.43040466308594,42.970001220703125,43.63999938964844,42.66999816894531,43.63999938964844,4389000
2023-01-10,37.67430877685547,43.25,43.54999923706055,42.189998626708984,42.380001068115234,2555300
2023-01-11,39.22483444213867,45.029998779296875,45.20000076293945,43.119998931884766,43.209999084472656,3795200
2023-01-12,39.294517517089844,45.11000061035156,45.65999984741211,44.27000045776367,45.029998779296875,2738700
2023-01-13,38.63249588012695,44.349998474121094,45.040000915527344,43.939998626708984,44.939998626708984,4312700
2023-01-16,37.53492736816406,43.09000015258789,44.2599983215332,42.58000183105469,43.9900016784668,3095200
2023-01-17,37.70914840698242,43.290000915527344,43.77000045776367,42.83000183105469,43.150001525878906,4573600
2023-01-18,38.7457389831543,44.47999954223633,44.900001525878906,43.68000030517578,43.849998474121094,4523900
2023-01-19,39.03319549560547,44.810001373291016,45.27000045776367,43.88999938964844,43.970001220703125,3820100
2023-01-20,38.676048278808594,44.400001525878906,45.099998474121094,44.220001220703125,44.939998626708984,2270500
2023-01-23,38.30148696899414,43.970001220703125,44.779998779296875,43.45000076293945,44.369998931884766,2494700
2023-01-24,38.362449645996094,44.040000915527344,44.41999816894531,43.529998779296875,44.02000045776367,3646000
2023-01-25,38.580230712890625,44.290000915527344,44.400001525878906,43.290000915527344,44.029998779296875,5000300
2023-01-26,38.397308349609375,44.08000183105469,44.47999954223633,44.0,44.099998474121094,3352000
2023-01-27,38.91124725341797,44.66999816894531,45.04999923706055,43.84000015258789,44.08000183105469,2964400
2023-01-30,39.102882385253906,44.88999938964844,45.2400016784668,44.599998474121094,44.70000076293945,3774900
2023-01-31,40.418212890625,46.400001525878906,46.689998626708984,45.060001373291016,45.2400016784668,5527800
2023-02-01,40.034934997558594,45.959999084472656,47.02000045776367,45.47999954223633,46.5,2711600
2023-02-02,39.198692321777344,45.0,46.13999938964844,44.63999938964844,45.630001068115234,4295900
2023-02-03,39.102882385253906,44.88999938964844,45.43000030517578,44.16999816894531,44.77000045776367,2705900
2023-02-06,39.294517517089844,45.11000061035156,45.369998931884766,44.369998931884766,44.599998474121094,3644700
2023-02-07,38.77185821533203,44.5099983215332,45.29999923706055,44.349998474121094,45.099998474121094,3980600
2023-02-08,39.294517517089844,45.11000061035156,45.33000183105469,44.689998626708984,44.849998474121094,4560800
2023-02-09,39.09416961669922,44.880001068115234,45.41999816894531,44.650001525878906,45.11000061035156,3732000
2023-02-10,39.63423538208008,45.5,45.86000061035156,44.619998931884766,44.720001220703125,3369600
2023-02-13,39.54713439941406,45.400001525878906,46.0,45.04999923706055,45.5,2488100
2023-02-14,39.26838684082031,45.08000183105469,45.619998931884766,44.61000061035156,45.619998931884766,3274600
2023-02-15,39.76490783691406,45.650001525878906,46.400001525878906,44.869998931884766,44.939998626708984,4463100
2023-02-16,40.35723876953125,46.33000183105469,46.68000030517578,44.970001220703125,45.560001373291016,3296800
2023-02-17,38.37987518310547,44.060001373291016,46.2599983215332,43.4900016784668,46.2400016784668,10823900
2023-02-22,38.14468765258789,43.790000915527344,44.0,42.90999984741211,43.5,3660300
2023-02-23,38.41471481323242,44.099998474121094,44.540000915527344,43.349998474121094,43.7599983215332,4876900
2023-02-24,37.84852600097656,43.45000076293945,44.25,43.20000076293945,44.119998931884766,5587800
2023-02-27,37.10810089111328,42.599998474121094,43.59000015258789,42.40999984741211,43.56999969482422,3966000
2023-02-28,36.280574798583984,41.650001525878906,42.599998474121094,41.470001220703125,42.59000015258789,7299900
2023-03-01,35.949562072753906,41.27000045776367,43.459999084472656,40.52000045776367,43.459999084472656,4890900
2023-03-02,36.3938102722168,41.779998779296875,42.439998626708984,41.13999938964844,41.13999938964844,4788700
2023-03-03,36.472198486328125,41.869998931884766,42.209999084472656,41.47999954223633,41.75,2729900
2023-03-06,36.93389129638672,42.400001525878906,42.61000061035156,41.599998474121094,41.810001373291016,2841800
2023-03-07,36.402523040771484,41.790000915527344,42.619998931884766,41.68000030517578,42.5,4468500
2023-03-08,36.86420440673828,42.31999969482422,42.38999938964844,41.68000030517578,41.68000030517578,2499500
2023-03-09,35.88858413696289,41.20000076293945,42.38999938964844,41.04999923706055,42.29999923706055,6057000
2023-03-10,35.23527908325195,40.45000076293945,41.09000015258789,40.150001525878906,41.09000015258789,3764400
2023-03-13,35.24398422241211,40.459999084472656,40.880001068115234,39.810001373291016,40.0,2198200
2023-03-14,35.42691421508789,40.66999816894531,41.130001068115234,40.34000015258789,40.369998931884766,3369300
2023-03-15,35.84503936767578,41.150001525878906,41.27000045776367,40.15999984741211,40.2400016784668,2958700
2023-03-16,36.21088790893555,41.56999969482422,41.689998626708984,40.86000061035156,41.2400016784668,4419100
2023-03-17,35.705657958984375,40.9900016784668,41.61000061035156,40.900001525878906,41.59000015258789,4444400
2023-03-20,35.54887390136719,40.810001373291016,41.04999923706055,40.290000915527344,40.93000030517578,2831300
2023-03-21,35.1307487487793,40.33000183105469,40.939998626708984,40.130001068115234,40.75,2297600
2023-03-22,34.860713958740234,40.02000045776367,40.459999084472656,39.849998474121094,40.20000076293945,1517000
2023-03-23,34.38160705566406,39.470001220703125,40.63999938964844,39.0,40.029998779296875,2114400
2023-03-24,34.55583190917969,39.66999816894531,39.84000015258789,39.31999969482422,39.709999084472656,3490600
2023-03-27,34.50357437133789,39.61000061035156,40.220001220703125,39.41999816894531,39.83000183105469,1799400
2023-03-28,35.29624938964844,40.52000045776367,40.63999938964844,39.400001525878906,39.400001525878906,3861900
2023-03-29,35.40948486328125,40.650001525878906,40.880001068115234,40.209999084472656,40.79999923706055,2824000
2023-03-30,34.73788070678711,39.58000183105469,40.83000183105469,39.58000183105469,40.68000030517578,7699000
2023-03-31,33.0878791809082,37.70000076293945,39.599998474121094,37.400001525878906,39.599998474121094,12789300
2023-04-03,31.9556884765625,36.40999984741211,37.65999984741211,36.099998474121094,37.65999984741211,8850800
2023-04-04,33.24585723876953,37.880001068115234,37.939998626708984,36.599998474121094,36.77000045776367,9422300
2023-04-05,33.351173400878906,38.0,38.91999816894531,37.5,38.0,12124700
2023-04-06,33.21074295043945,37.84000015258789,38.5099983215332,37.7400016784668,38.08000183105469,4522600
2023-04-10,32.07856369018555,36.54999923706055,37.5,36.33000183105469,37.5,5382400
2023-04-11,33.27218246459961,37.90999984741211,38.45000076293945,36.619998931884766,36.650001525878906,6734400
2023-04-12,33.20198059082031,37.83000183105469,38.290000915527344,37.619998931884766,37.84000015258789,6459400
2023-04-13,33.04399871826172,37.650001525878906,38.869998931884766,37.220001220703125,37.83000183105469,9786800
2023-04-14,32.82457733154297,37.400001525878906,37.7400016784668,36.84000015258789,37.4900016784668,4327900
2023-04-17,33.193199157714844,37.81999969482422,37.900001525878906,36.88999938964844,37.45000076293945,3757200
2023-04-18,32.95622253417969,37.54999923706055,38.119998931884766,37.15999984741211,38.119998931884766,2936500
2023-04-19,32.09611511230469,36.56999969482422,37.459999084472656,36.33000183105469,37.27000045776367,3691400
2023-04-20,32.543724060058594,37.08000183105469,37.209999084472656,35.91999816894531,36.59000015258789,4015300
2023-04-24,32.12244415283203,36.599998474121094,37.29999923706055,36.369998931884766,36.70000076293945,2855300
2023-04-25,31.429092407226562,35.810001373291016,36.400001525878906,35.400001525878906,36.25,4717900
2023-04-26,31.622182846069336,36.029998779296875,36.22999954223633,35.43000030517578,35.79999923706055,2884000
2023-04-27,31.595848083496094,36.0,36.20000076293945,35.560001373291016,36.0,2829400
2023-04-28,32.692928314208984,37.25,37.619998931884766,35.4900016784668,35.97999954223633,4594800
2023-05-02,32.43840408325195,36.959999084472656,37.310001373291016,36.47999954223633,37.04999923706055,5004900
2023-05-03,32.104896545410156,36.58000183105469,36.970001220703125,36.349998474121094,36.689998626708984,2586800
2023-05-04,32.22776794433594,36.720001220703125,37.5099983215332,36.279998779296875,37.0,2366500
2023-05-05,32.85090637207031,37.43000030517578,37.81999969482422,36.970001220703125,37.20000076293945,3007700
2023-05-08,33.10542297363281,37.720001220703125,38.099998474121094,37.599998474121094,37.84000015258789,2266800
2023-05-09,33.807559967041016,38.52000045776367,38.83000183105469,37.380001068115234,37.720001220703125,3234400
2023-05-10,33.851444244384766,38.56999969482422,38.86000061035156,38.2599983215332,38.58000183105469,2379900
2023-05-11,33.10542297363281,37.720001220703125,38.45000076293945,37.59000015258789,38.45000076293945,3593400
2023-05-12,33.403831481933594,38.060001373291016,38.29999923706055,37.16999816894531,37.279998779296875,3104100
2023-05-15,33.403831481933594,38.060001373291016,38.529998779296875,37.959999084472656,38.189998626708984,6097100
2023-05-16,33.17564392089844,37.79999923706055,38.43000030517578,37.65999984741211,37.779998779296875,4326300
2023-05-17,33.351173400878906,38.0,38.099998474121094,37.83000183105469,38.0,3438600
2023-05-18,33.83388900756836,38.54999923706055,38.84000015258789,37.810001373291016,37.88999938964844,2703400
2023-05-19,34.606224060058594,39.43000030517578,39.90999984741211,38.56999969482422,38.97999954223633,3446700
2023-05-22,34.930965423583984,39.79999923706055,40.29999923706055,39.4900016784668,39.599998474121094,2804500
2023-05-23,34.53601837158203,39.349998474121094,40.06999969482422,39.209999084472656,39.72999954223633,2901700
2023-05-24,34.46580505371094,39.27000045776367,39.7400016784668,39.16999816894531,39.209999084472656,2093700
2023-05-25,35.448787689208984,40.38999938964844,40.75,39.709999084472656,40.040000915527344,4052600
2023-05-26,36.15969467163086,41.20000076293945,41.459999084472656,40.470001220703125,40.959999084472656,3902200
2023-05-29,36.36155319213867,41.43000030517578,41.439998626708984,40.970001220703125,41.13999938964844,1525200
2023-05-30,36.028038024902344,41.04999923706055,41.7599983215332,40.86000061035156,41.720001220703125,2748400
2023-05-31,35.82617950439453,40.81999969482422,41.54999923706055,40.58000183105469,40.849998474121094,7577800
2023-06-01,36.501983642578125,41.59000015258789,41.95000076293945,40.279998779296875,40.290000915527344,4675700
2023-06-02,36.853050231933594,41.9900016784668,42.279998779296875,41.5099983215332,41.900001525878906,2081900
2023-06-05,37.379638671875,42.59000015258789,42.75,41.90999984741211,41.90999984741211,2736300
2023-06-06,38.8541145324707,44.27000045776367,44.939998626708984,42.790000915527344,42.939998626708984,5809700
2023-06-07,38.57326126098633,43.95000076293945,44.88999938964844,43.84000015258789,44.709999084472656,2702300
2023-06-09,40.232051849365234,45.84000015258789,46.11000061035156,44.13999938964844,44.150001525878906,37794500
2023-06-12,40.43391418457031,46.06999969482422,46.599998474121094,45.810001373291016,45.810001373291016,2805900
2023-06-13,39.819541931152344,45.369998931884766,46.58000183105469,45.130001068115234,46.20000076293945,4272100
2023-06-14,40.232051849365234,45.84000015258789,45.88999938964844,45.22999954223633,45.709999084472656,3672700
2023-06-15,39.92487335205078,45.4900016784668,46.04999923706055,45.279998779296875,45.279998779296875,2309300
2023-06-16,39.66156768798828,45.189998626708984,46.27000045776367,45.08000183105469,45.08000183105469,3571600
2023-06-19,39.78444290161133,45.33000183105469,45.66999816894531,45.130001068115234,45.29999923706055,1080300
2023-06-20,39.05597686767578,44.5,45.380001068115234,43.84000015258789,45.279998779296875,4372800
2023-06-21,38.84534454345703,44.2599983215332,44.689998626708984,43.900001525878906,44.5,4806900
2023-06-22,38.02033996582031,43.31999969482422,44.279998779296875,42.95000076293945,43.939998626708984,6312100
2023-06-23,38.38895797729492,43.7400016784668,44.06999969482422,42.77000045776367,43.209999084472656,2628200
2023-06-26,38.046661376953125,43.349998474121094,44.11000061035156,42.91999816894531,43.849998474121094,2084500
2023-06-27,37.67805099487305,42.93000030517578,43.959999084472656,42.439998626708984,43.5,2332800
2023-06-28,38.42406463623047,43.779998779296875,44.02000045776367,42.630001068115234,42.630001068115234,3462300
2023-06-29,39.30173110961914,44.779998779296875,45.09000015258789,43.900001525878906,44.16999816894531,3613100
2023-06-30,40.38125228881836,46.0099983215332,46.2599983215332,45.04999923706055,45.119998931884766,4343500
2023-07-03,40.8376350402832,46.529998779296875,46.560001373291016,46.040000915527344,46.529998779296875,2006500
2023-07-04,40.75353240966797,46.130001068115234,46.380001068115234,45.900001525878906,46.20000076293945,1284200
2023-07-05,40.99205780029297,46.400001525878906,46.84000015258789,45.630001068115234,46.029998779296875,2247700
2023-07-06,40.54149627685547,45.88999938964844,46.369998931884766,45.63999938964844,45.79999923706055,1718800
2023-07-07,40.40898132324219,45.7400016784668,46.29999923706055,45.619998931884766,46.04999923706055,4001000
2023-07-10,39.79056167602539,45.040000915527344,45.83000183105469,45.0099983215332,45.5,1659100
2023-07-11,39.56087112426758,44.779998779296875,44.97999954223633,44.11000061035156,44.650001525878906,2168200
2023-07-12,39.82590103149414,45.08000183105469,45.91999816894531,44.849998474121094,44.849998474121094,1850700
2023-07-13,39.91424560546875,45.18000030517578,45.810001373291016,44.900001525878906,45.040000915527344,2082200
2023-07-14,39.446022033691406,44.650001525878906,45.369998931884766,44.380001068115234,45.08000183105469,2213600
2023-07-17,39.77290725708008,45.02000045776367,45.20000076293945,44.310001373291016,44.310001373291016,1468400
2023-07-18,39.18098449707031,44.349998474121094,45.22999954223633,44.189998626708984,45.130001068115234,1904700
2023-07-19,38.88944625854492,44.02000045776367,44.599998474121094,43.560001373291016,44.34000015258789,2150600
2023-07-20,38.686256408691406,43.790000915527344,44.220001220703125,43.400001525878906,43.900001525878906,2864700
2023-07-21,39.43718719482422,44.63999938964844,44.720001220703125,43.880001068115234,44.02000045776367,2326300
2023-07-24,39.048465728759766,44.20000076293945,44.66999816894531,43.93000030517578,44.18000030517578,3119300
2023-07-25,39.136810302734375,44.29999923706055,44.880001068115234,43.75,44.45000076293945,3542500
2023-07-26,39.622711181640625,44.849998474121094,45.040000915527344,44.29999923706055,44.31999969482422,1357500
2023-07-27,38.94245910644531,44.08000183105469,45.650001525878906,43.900001525878906,45.04999923706055,2233600
2023-07-28,38.87178421020508,44.0,44.459999084472656,43.400001525878906,44.459999084472656,2597900
2023-07-31,38.2180290222168,43.2599983215332,44.27000045776367,43.099998474121094,44.189998626708984,4869900
2023-08-01,38.36821365356445,43.43000030517578,43.63999938964844,42.689998626708984,43.380001068115234,5196900
2023-08-02,38.88944625854492,44.02000045776367,44.310001373291016,43.029998779296875,43.400001525878906,3499400
2023-08-03,39.198665618896484,44.369998931884766,44.97999954223633,43.91999816894531,44.150001525878906,2439500
2023-08-04,39.393009185791016,44.59000015258789,44.86000061035156,44.08000183105469,44.31999969482422,2619100
2023-08-07,39.3311767578125,44.52000045776367,45.209999084472656,44.349998474121094,44.599998474121094,1610200
2023-08-08,38.465396881103516,43.540000915527344,44.41999816894531,43.20000076293945,43.95000076293945,2080100
2023-08-09,38.2180290222168,43.2599983215332,43.650001525878906,42.790000915527344,43.540000915527344,1710100
2023-08-10,39.05729675292969,44.209999084472656,44.4900016784668,43.130001068115234,43.2599983215332,2107400
2023-08-11,38.474220275878906,43.54999923706055,44.189998626708984,43.369998931884766,43.97999954223633,2761900
2023-08-14,38.058998107910156,43.08000183105469,43.470001220703125,42.93000030517578,43.189998626708984,1548500
2023-08-15,37.67911911010742,42.650001525878906,43.40999984741211,42.58000183105469,42.970001220703125,1240800
2023-08-16,36.89284896850586,41.7599983215332,42.689998626708984,41.720001220703125,42.40999984741211,3927600
2023-08-17,36.86634826660156,41.72999954223633,42.2400016784668,41.290000915527344,41.88999938964844,3745300
2023-08-18,36.574806213378906,41.400001525878906,41.90999984741211,41.369998931884766,41.869998931884766,2113200
2023-08-21,36.35395050048828,41.150001525878906,41.619998931884766,41.02000045776367,41.02000045776367,1814000
2023-08-22,36.389286041259766,41.189998626708984,41.38999938964844,40.790000915527344,41.31999969482422,2652800
2023-08-23,36.1242561340332,40.88999938964844,41.209999084472656,40.459999084472656,41.20000076293945,3541500
2023-08-24,35.45283508300781,40.130001068115234,40.869998931884766,40.060001373291016,40.599998474121094,3389900
2023-08-25,35.417484283447266,40.09000015258789,40.43000030517578,39.599998474121094,40.16999816894531,4080500
2023-08-28,35.44398498535156,40.119998931884766,40.290000915527344,39.560001373291016,40.09000015258789,3652500
2023-08-29,35.69135284423828,40.400001525878906,40.720001220703125,39.810001373291016,40.41999816894531,3218600
2023-08-30,35.06410598754883,39.689998626708984,40.54999923706055,39.22999954223633,40.31999969482422,2911700
2023-08-31,34.445701599121094,38.9900016784668,39.689998626708984,38.400001525878906,39.68000030517578,8412900
2023-09-01,35.16128921508789,39.79999923706055,39.849998474121094,38.880001068115234,39.209999084472656,3345500
2023-09-04,35.337974548339844,40.0,40.20000076293945,39.41999816894531,39.5099983215332,1763300
2023-09-05,34.807918548583984,39.400001525878906,40.189998626708984,39.36000061035156,39.90999984741211,2688400
2023-09-06,34.056976318359375,38.54999923706055,39.459999084472656,38.54999923706055,39.279998779296875,2219000
2023-09-08,33.9686393737793,38.45000076293945,38.83000183105469,38.27000045776367,38.40999984741211,1942500
2023-09-11,34.83441162109375,39.43000030517578,39.45000076293945,38.20000076293945,38.20000076293945,2422600
2023-09-12,35.69135284423828,40.400001525878906,40.400001525878906,39.16999816894531,39.470001220703125,3746000
2023-09-13,35.408660888671875,40.08000183105469,40.619998931884766,40.08000183105469,40.369998931884766,2605900
2023-09-14,34.46336364746094,39.0099983215332,40.38999938964844,38.880001068115234,40.04999923706055,2764800
2023-09-15,33.2088623046875,37.59000015258789,39.22999954223633,37.56999969482422,39.0,3839200
2023-09-18,33.95979309082031,38.439998626708984,38.779998779296875,37.75,37.81999969482422,2625000
2023-09-19,33.4208984375,37.83000183105469,38.599998474121094,37.540000915527344,38.599998474121094,2857600
2023-09-20,33.38555145263672,37.790000915527344,38.08000183105469,37.279998779296875,37.84000015258789,3849100
2023-09-21,32.90849685668945,37.25,37.779998779296875,37.0,37.779998779296875,4176400
2023-09-22,32.77596664428711,37.099998474121094,37.72999954223633,36.90999984741211,37.349998474121094,3043400
2023-09-25,33.12936019897461,37.5,37.75,36.65999984741211,36.95000076293945,2979500
2023-09-26,32.71412658691406,37.029998779296875,37.68000030517578,36.869998931884766,37.29999923706055,6336300
2023-09-27,32.307743072509766,36.56999969482422,37.310001373291016,36.27000045776367,37.0099983215332,2968400
2023-09-28,32.45449447631836,36.43000030517578,36.81999969482422,36.029998779296875,36.16999816894531,2633000
2023-09-29,33.08701705932617,37.13999938964844,37.349998474121094,36.689998626708984,37.040000915527344,2436700
2023-10-02,32.16941452026367,36.11000061035156,36.88999938964844,35.810001373291016,36.47999954223633,2510200
2023-10-03,31.28746223449707,35.119998931884766,36.06999969482422,34.9900016784668,36.0099983215332,3780700
2023-10-04,31.759618759155273,35.650001525878906,36.119998931884766,35.02000045776367,35.06999969482422,3087800
2023-10-05,31.65271759033203,35.529998779296875,36.02000045776367,35.13999938964844,35.650001525878906,1718600
2023-10-06,31.340909957885742,35.18000030517578,35.630001068115234,35.0,35.04999923706055,1569500
2023-10-09,31.510175704956055,35.369998931884766,35.40999984741211,34.470001220703125,35.0,2422800
2023-10-10,32.22286605834961,36.16999816894531,36.5,35.459999084472656,35.540000915527344,5072100
2023-10-11,31.991243362426758,35.90999984741211,36.470001220703125,35.619998931884766,36.20000076293945,2767000
2023-10-13,30.32530975341797,34.040000915527344,35.91999816894531,34.02000045776367,35.900001525878906,3979600
2023-10-16,30.82419776916504,34.599998474121094,34.790000915527344,33.7400016784668,34.290000915527344,2606600
2023-10-17,30.245132446289062,33.95000076293945,34.45000076293945,33.810001373291016,34.02000045776367,2816100
2023-10-18,30.191682815551758,33.88999938964844,34.22999954223633,33.63999938964844,33.93000030517578,2668300
2023-10-19,30.12932014465332,33.81999969482422,34.380001068115234,33.650001525878906,33.900001525878906,4535100
2023-10-20,30.05805206298828,33.7400016784668,34.20000076293945,33.5099983215332,33.650001525878906,2156600
2023-10-23,30.156044006347656,33.849998474121094,34.15999984741211,33.18000030517578,33.54999923706055,2650700
2023-10-24,30.3164005279541,34.029998779296875,34.369998931884766,33.93000030517578,34.20000076293945,2673800
2023-10-25,29.568063735961914,33.189998626708984,34.150001525878906,33.119998931884766,34.0,1370400
2023-10-26,30.458948135375977,34.189998626708984,34.27000045776367,33.22999954223633,33.38999938964844,5004600
2023-10-27,27.946683883666992,31.3700008392334,34.09000015258789,30.920000076293945,34.04999923706055,11526600
2023-10-30,26.62818717956543,29.889999389648438,31.959999084472656,29.65999984741211,31.450000762939453,6183500
2023-10-31,26.98453712463379,30.290000915527344,30.559999465942383,29.610000610351562,30.06999969482422,8622800
2023-11-01,27.37652015686035,30.729999542236328,30.920000076293945,30.229999542236328,30.530000686645508,3527900
2023-11-03,28.009042739868164,31.440000534057617,31.549999237060547,30.850000381469727,31.5,7479900
2023-11-06,28.107036590576172,31.549999237060547,31.84000015258789,31.079999923706055,31.739999771118164,3476900
2023-11-07,28.882095336914062,32.41999816894531,32.54999923706055,31.280000686645508,31.40999984741211,3377500
2023-11-08,29.13154411315918,32.70000076293945,33.310001373291016,32.380001068115234,32.61000061035156,2425700
2023-11-09,28.84646987915039,32.380001068115234,33.029998779296875,32.25,33.029998779296875,2278200
2023-11-10,28.997909545898438,32.54999923706055,32.7599983215332,32.220001220703125,32.7599983215332,1849900
2023-11-13,28.392118453979492,31.8700008392334,32.540000915527344,31.84000015258789,32.540000915527344,2005600
2023-11-14,29.75515365600586,33.400001525878906,33.5099983215332,31.899999618530273,32.099998474121094,3315000
2023-11-16,30.476760864257812,34.209999084472656,34.29999923706055,33.04999923706055,33.540000915527344,7648100
2023-11-17,30.245132446289062,33.95000076293945,34.5099983215332,33.59000015258789,34.5,2695000
2023-11-20,30.91328239440918,34.70000076293945,34.900001525878906,33.7400016784668,34.150001525878906,2619600
2023-11-21,30.41439437866211,34.13999938964844,34.7599983215332,34.0099983215332,34.7599983215332,1913200
2023-11-22,30.592573165893555,34.34000015258789,35.279998779296875,34.2599983215332,34.31999969482422,3616100
2023-11-23,30.89547348022461,34.68000030517578,34.9900016784668,34.130001068115234,34.439998626708984,703900
2023-11-24,30.55693817138672,34.29999923706055,34.65999984741211,34.02000045776367,34.65999984741211,1738600
2023-11-27,29.764060974121094,33.40999984741211,34.27000045776367,33.13999938964844,34.11000061035156,2982500
2023-11-28,29.888782501220703,33.54999923706055,33.84000015258789,33.0,33.54999923706055,6735700
2023-11-29,29.576976776123047,33.20000076293945,33.97999954223633,32.869998931884766,33.61000061035156,3186500
2023-11-30,30.093687057495117,33.779998779296875,34.130001068115234,33.13999938964844,33.560001373291016,4508000
2023-12-01,30.467844009399414,34.20000076293945,34.20000076293945,33.290000915527344,33.83000183105469,2185700
2023-12-04,30.28968048095703,34.0,34.290000915527344,33.810001373291016,33.810001373291016,1535200
2023-12-05,30.752931594848633,34.52000045776367,34.619998931884766,33.900001525878906,34.0,3701200
2023-12-06,32.60593795776367,36.599998474121094,36.880001068115234,34.630001068115234,34.86000061035156,6357400
2023-12-07,31.82198143005371,35.720001220703125,36.75,35.52000045776367,36.599998474121094,2876600
2023-12-08,31.679439544677734,35.560001373291016,36.040000915527344,35.29999923706055,35.599998474121094,1561400
2023-12-11,31.35873031616211,35.20000076293945,35.560001373291016,34.79999923706055,35.560001373291016,1895000
2023-12-12,31.563621520996094,35.43000030517578,35.529998779296875,34.939998626708984,35.099998474121094,2255700
2023-12-13,32.55249786376953,36.540000915527344,36.970001220703125,35.150001525878906,35.52000045776367,3080000
2023-12-14,32.356510162353516,36.31999969482422,37.18000030517578,35.97999954223633,36.650001525878906,2364100
2023-12-15,31.17164421081543,34.9900016784668,36.7400016784668,34.9900016784668,36.22999954223633,5517100
2023-12-18,31.759618759155273,35.650001525878906,36.04999923706055,35.029998779296875,35.31999969482422,2496200
2023-12-19,32.40104293823242,36.369998931884766,36.400001525878906,35.86000061035156,35.900001525878906,1498900
2023-12-20,31.519086837768555,35.380001068115234,36.58000183105469,35.279998779296875,36.150001525878906,1510000
2023-12-21,31.759618759155273,35.650001525878906,36.099998474121094,35.36000061035156,35.83000183105469,2177300
2023-12-22,32.267425537109375,36.220001220703125,36.31999969482422,35.79999923706055,35.88999938964844,1427500
2023-12-26,32.04469680786133,35.970001220703125,36.47999954223633,35.77000045776367,36.47999954223633,1445500
2023-12-27,32.390254974365234,36.04999923706055,36.06999969482422,35.5099983215332,35.83000183105469,871700
2023-12-28,32.1207160949707,35.75,36.18000030517578,35.54999923706055,36.18000030517578,994200
2024-01-02,31.590612411499023,35.15999984741211,35.79999923706055,34.88999938964844,35.7599983215332,1237300
2024-01-03,31.31207847595215,34.849998474121094,35.43000030517578,34.720001220703125,35.189998626708984,1627100
2024-01-04,31.051525115966797,34.560001373291016,34.970001220703125,34.43000030517578,34.86000061035156,4872200
2024-01-05,31.65350341796875,35.22999954223633,35.54999923706055,34.15999984741211,34.189998626708984,1905500
2024-01-08,32.5519905090332,36.22999954223633,36.34000015258789,34.93000030517578,35.22999954223633,2257200
2024-01-09,31.779294967651367,35.369998931884766,36.11000061035156,35.0099983215332,36.0,2415700
2024-01-10,31.482789993286133,35.040000915527344,35.54999923706055,35.040000915527344,35.2599983215332,1500900
2024-01-11,31.006593704223633,34.5099983215332,35.11000061035156,34.34000015258789,35.0099983215332,2299700
2024-01-12,31.58162498474121,35.150001525878906,35.52000045776367,34.7599983215332,34.7599983215332,2488800
2024-01-15,30.979637145996094,34.47999954223633,35.16999816894531,34.369998931884766,35.150001525878906,888300
2024-01-16,30.422584533691406,33.86000061035156,34.31999969482422,33.470001220703125,34.29999923706055,1609400
2024-01-17,30.04521942138672,33.439998626708984,34.45000076293945,33.439998626708984,33.779998779296875,2214400
2024-01-18,29.757709503173828,33.119998931884766,33.59000015258789,32.58000183105469,33.45000076293945,3310200
2024-01-19,29.47918128967285,32.810001373291016,33.09000015258789,32.11000061035156,33.040000915527344,5482800
2024-01-22,29.101818084716797,32.38999938964844,33.0099983215332,32.119998931884766,32.65999984741211,1874800
2024-01-23,29.182680130004883,32.47999954223633,32.709999084472656,32.040000915527344,32.61000061035156,3050600
2024-01-24,28.940086364746094,32.209999084472656,33.119998931884766,32.16999816894531,32.77000045776367,2418900
2024-01-25,28.383031845092773,31.59000015258789,32.310001373291016,31.59000015258789,32.18000030517578,3353500
2024-01-26,27.924806594848633,31.079999923706055,31.719999313354492,30.90999984741211,31.59000015258789,3446700
2024-01-29,28.706483840942383,31.950000762939453,32.040000915527344,30.809999465942383,30.93000030517578,3510400
2024-01-30,28.05059242248535,31.219999313354492,32.029998779296875,30.65999984741211,31.969999313354492,5457500
2024-01-31,28.508819580078125,31.729999542236328,32.90999984741211,31.440000534057617,31.5,4007600
2024-02-01,28.724456787109375,31.969999313354492,32.2400016784668,31.010000228881836,31.6299991607666,4101100
2024-02-02,28.18937873840332,31.280000686645508,32.119998931884766,31.200000762939453,31.850000381469727,2748400
2024-02-05,28.207401275634766,31.299999237060547,31.479999542236328,30.90999984741211,31.209999084472656,1744600
2024-02-06,28.594913482666016,31.729999542236328,31.950000762939453,31.290000915527344,31.329999923706055,2187800
2024-02-07,29.351919174194336,32.56999969482422,32.86000061035156,31.59000015258789,31.729999542236328,3636500
2024-02-08,28.91934585571289,32.09000015258789,32.38999938964844,31.8799991607666,32.369998931884766,1961000
2024-02-09,28.703060150146484,31.850000381469727,32.369998931884766,31.700000762939453,32.099998474121094,1193900
2024-02-14,27.801864624023438,30.850000381469727,31.850000381469727,30.850000381469727,31.540000915527344,3353400
2024-02-15,28.748117446899414,31.899999618530273,32.06999969482422,31.059999465942383,31.100000381469727,5058600
2024-02-16,29.93769645690918,33.220001220703125,33.380001068115234,31.719999313354492,32.220001220703125,4767400
2024-02-19,29.315874099731445,32.529998779296875,33.31999969482422,32.400001525878906,33.31999969482422,2372600
2024-02-20,29.487098693847656,32.720001220703125,33.15999984741211,32.18000030517578,32.43000030517578,4481700
2024-02-21,29.79350471496582,33.060001373291016,33.060001373291016,32.150001525878906,32.709999084472656,3924300
2024-02-22,30.397306442260742,33.72999954223633,33.90999984741211,33.130001068115234,33.13999938964844,2799700
2024-02-23,30.303546905517578,33.529998779296875,33.95000076293945,33.310001373291016,33.7400016784668,2746000
2024-02-26,30.05048942565918,33.25,33.959999084472656,33.2400016784668,33.5,1810600
2024-02-27,30.755434036254883,34.029998779296875,34.61000061035156,33.66999816894531,33.77000045776367,2071800
2024-02-28,30.764474868774414,34.040000915527344,34.369998931884766,33.11000061035156,33.970001220703125,1945500
2024-02-29,29.716094970703125,32.880001068115234,34.029998779296875,32.880001068115234,34.02000045776367,2671800
2024-03-01,30.909080505371094,34.20000076293945,34.36000061035156,32.61000061035156,32.95000076293945,2719700
2024-03-04,30.42103385925293,33.65999984741211,34.4900016784668,33.630001068115234,34.349998474121094,2056200
2024-03-05,29.53533935546875,32.68000030517578,33.83000183105469,32.68000030517578,33.83000183105469,2907700
2024-03-06,30.167980194091797,33.380001068115234,33.970001220703125,32.880001068115234,32.959999084472656,2389200
2024-03-07,29.68897819519043,32.849998474121094,33.619998931884766,32.75,33.380001068115234,1787700
2024-03-08,29.82454490661621,33.0,33.47999954223633,32.63999938964844,32.7599983215332,1618300
2024-03-11,29.607637405395508,32.7599983215332,33.18000030517578,32.720001220703125,32.79999923706055,1154800
2024-03-12,30.348735809326172,33.58000183105469,33.68000030517578,32.52000045776367,32.9900016784668,2228400
2024-03-13,30.764474868774414,34.040000915527344,34.38999938964844,33.13999938964844,33.380001068115234,3129000
2024-03-14,29.625717163085938,32.779998779296875,34.20000076293945,32.0,33.349998474121094,12157000
2024-03-15,30.818695068359375,34.099998474121094,34.20000076293945,32.84000015258789,32.849998474121094,5184300
2024-03-18,30.10472297668457,33.310001373291016,34.59000015258789,32.93000030517578,34.099998474121094,5768000
2024-03-19,30.095678329467773,33.29999923706055,33.630001068115234,32.939998626708984,33.2400016784668,2435300
2024-03-20,31.451343536376953,34.79999923706055,34.95000076293945,33.150001525878906,33.20000076293945,2550100
2024-03-21,31.451343536376953,34.79999923706055,34.900001525878906,34.349998474121094,34.58000183105469,1554300
2024-03-22,30.91321563720703,34.11000061035156,34.7400016784668,34.040000915527344,34.279998779296875,1485700
2024-03-25,30.904151916503906,34.099998474121094,34.36000061035156,33.72999954223633,34.310001373291016,1092600
2024-03-26,30.206321716308594,33.33000183105469,34.13999938964844,33.279998779296875,34.130001068115234,1789300
2024-03-27,30.269763946533203,33.400001525878906,33.65999984741211,33.099998474121094,33.34000015258789,982100
2024-03-28,29.843812942504883,32.93000030517578,33.45000076293945,32.38999938964844,33.33000183105469,3567600
2024-04-01,29.281919479370117,32.310001373291016,33.060001373291016,32.29999923706055,33.060001373291016,2176400
2024-04-02,29.00096893310547,32.0,32.45000076293945,31.780000686645508,32.20000076293945,1281100
2024-04-03,28.611268997192383,31.56999969482422,32.02000045776367,31.219999313354492,32.0099983215332,2328900
2024-04-04,28.665645599365234,31.6299991607666,32.58000183105469,31.540000915527344,31.6200008392334,2380500
2024-04-05,28.303131103515625,31.229999542236328,32.20000076293945,31.229999542236328,31.649999618530273,3585500
2024-04-08,28.23063087463379,31.149999618530273,31.6299991607666,30.899999618530273,31.239999771118164,3336400
2024-04-09,28.411890029907227,31.350000381469727,31.829999923706055,31.190000534057617,31.190000534057617,4557800
2024-04-10,27.877182006835938,30.760000228881836,31.479999542236328,30.6299991607666,31.299999237060547,6300400
2024-04-11,27.297161102294922,30.1200008392334,30.959999084472656,30.010000228881836,30.770000457763672,2953100
2024-04-12,27.233720779418945,30.049999237060547,30.170000076293945,29.739999771118164,30.110000610351562,2849600
2024-04-15,26.626514434814453,29.3799991607666,30.149999618530273,29.299999237060547,30.0,4138000
2024-04-16,26.662765502929688,29.420000076293945,29.829999923706055,28.950000762939453,29.309999465942383,2692300
2024-04-17,25.647727966308594,28.299999237060547,29.65999984741211,28.170000076293945,29.65999984741211,6282200
2024-04-18,25.738361358642578,28.399999618530273,28.469999313354492,27.5,28.34000015258789,4888700
2024-04-19,25.69304847717285,28.350000381469727,28.829999923706055,28.030000686645508,28.399999618530273,4857700
2024-04-22,26.28212547302246,29.0,29.25,28.219999313354492,28.229999542236328,4237900
2024-04-23,26.363693237304688,29.09000015258789,29.25,28.540000915527344,28.850000381469727,3110300
2024-04-24,26.169330596923828,28.780000686645508,29.149999618530273,28.68000030517578,28.790000915527344,2955900
2024-04-25,24.68718910217285,27.149999618530273,28.979999542236328,27.110000610351562,28.790000915527344,4903200
2024-04-26,25.960195541381836,28.549999237060547,28.65999984741211,27.309999465942383,27.399999618530273,7505700
2024-04-29,27.35140609741211,30.079999923706055,30.389999389648438,29.200000762939453,29.360000610351562,9174200
2024-04-30,26.842208862304688,29.520000457763672,30.06999969482422,29.09000015258789,29.920000076293945,4026300
2024-05-02,27.08771514892578,29.790000915527344,30.219999313354492,29.790000915527344,30.190000534057617,5478600
2024-05-03,27.51508140563965,30.260000228881836,30.610000610351562,29.90999984741211,30.43000030517578,7936200
2024-05-06,27.305944442749023,30.030000686645508,30.43000030517578,29.940000534057617,30.139999389648438,1449900
2024-05-07,27.405963897705078,30.139999389648438,30.5,30.0,30.139999389648438,2624100
2024-05-08,27.687847137451172,30.450000762939453,30.450000762939453,29.59000015258789,29.920000076293945,1802000
2024-05-09,27.633291244506836,30.389999389648438,30.489999771118164,29.68000030517578,30.06999969482422,1520600
2024-05-10,27.305944442749023,30.030000686645508,30.559999465942383,29.809999465942383,30.299999237060547,2476600
2024-05-13,27.606008529663086,30.360000610351562,30.510000228881836,29.950000762939453,30.06999969482422,2284700
2024-05-14,27.66057014465332,30.420000076293945,30.6299991607666,30.25,30.459999084472656,1282200
2024-05-15,27.606008529663086,30.360000610351562,30.540000915527344,30.020000457763672,30.5,1417700
2024-05-16,27.533266067504883,30.280000686645508,30.559999465942383,30.020000457763672,30.559999465942383,3266700
2024-05-17,27.5787296295166,30.329999923706055,30.459999084472656,30.0,30.040000915527344,2725600
2024-05-20,28.069746017456055,30.8700008392334,30.969999313354492,29.959999084472656,30.0,4145100
2024-05-21,27.415058135986328,30.149999618530273,31.059999465942383,30.0,30.969999313354492,1936600
2024-05-22,27.360502243041992,30.09000015258789,30.260000228881836,28.829999923706055,30.0,6078000
2024-05-23,27.360502243041992,30.09000015258789,30.420000076293945,29.790000915527344,29.899999618530273,1634000
2024-05-24,27.09263801574707,29.700000762939453,30.209999084472656,29.530000686645508,29.739999771118164,3133000
2024-05-27,27.320693969726562,29.950000762939453,30.020000457763672,29.579999923706055,29.700000762939453,1169700
2024-05-28,27.275081634521484,29.899999618530273,30.350000381469727,29.610000610351562,30.350000381469727,6719600
2024-05-29,25.63310432434082,28.100000381469727,29.889999389648438,27.850000381469727,29.799999237060547,8179000
2024-05-31,24.766502380371094,27.149999618530273,28.31999969482422,26.719999313354492,28.25,6570200
2024-06-03,26.098331451416016,28.610000610351562,28.8700008392334,27.110000610351562,27.110000610351562,5191200
2024-06-04,25.91588592529297,28.40999984741211,28.799999237060547,28.079999923706055,28.6200008392334,5569400
2024-06-05,26.198673248291016,28.719999313354492,28.920000076293945,28.040000915527344,28.25,5553800
2024-06-06,26.508825302124023,29.059999465942383,29.610000610351562,28.5,28.540000915527344,1647400
2024-06-07,26.189552307128906,28.709999084472656,28.93000030517578,28.31999969482422,28.31999969482422,1844700
2024-06-10,26.271648406982422,28.799999237060547,28.90999984741211,28.3700008392334,28.610000610351562,1258700
2024-06-11,26.47233772277832,29.020000457763672,29.459999084472656,28.690000534057617,29.149999618530273,1163800
2024-06-12,26.180429458618164,28.700000762939453,29.3799991607666,28.260000228881836,29.18000030517578,5796300
2024-06-13,26.098331451416016,28.610000610351562,28.940000534057617,28.40999984741211,28.40999984741211,2348700
2024-06-14,26.216917037963867,28.739999771118164,28.920000076293945,28.18000030517578,28.270000457763672,1551700
2024-06-17,26.180429458618164,28.700000762939453,28.860000610351562,28.5,28.739999771118164,2850700
2024-06-18,26.28989601135254,28.81999969482422,28.889999389648438,28.459999084472656,28.649999618530273,5412300
2024-06-19,26.828100204467773,29.40999984741211,29.40999984741211,28.639999389648438,28.809999465942383,5029200
2024-06-20,26.262529373168945,28.790000915527344,29.860000610351562,28.56999969482422,29.5,3288100
2024-06-21,26.49970245361328,29.049999237060547,29.049999237060547,28.3799991607666,28.920000076293945,4962600
2024-06-24,26.762083053588867,29.239999771118164,29.420000076293945,28.81999969482422,28.969999313354492,1611100
2024-06-25,26.899372100830078,29.389999389648438,29.420000076293945,28.979999542236328,29.260000228881836,1496200
2024-06-26,26.606489181518555,29.06999969482422,29.290000915527344,28.729999542236328,29.09000015258789,1488100
2024-06-27,26.83530616760254,29.31999969482422,29.399999618530273,28.829999923706055,28.829999923706055,1497500
2024-06-28,26.26784896850586,28.700000762939453,29.43000030517578,28.700000762939453,28.959999084472656,2685700
2024-07-01,26.48750877380371,28.940000534057617,29.049999237060547,27.979999542236328,28.229999542236328,6463700
2024-07-02,26.26784896850586,28.700000762939453,29.290000915527344,28.649999618530273,28.709999084472656,2376600
2024-07-03,26.432588577270508,28.8799991607666,29.209999084472656,28.6200008392334,28.90999984741211,3188600
2024-07-04,26.386829376220703,28.829999923706055,29.239999771118164,28.600000381469727,29.239999771118164,1602200
2024-07-05,26.496660232543945,28.950000762939453,29.5,28.700000762939453,29.09000015258789,1860500
2024-07-08,26.295305252075195,28.729999542236328,29.219999313354492,28.40999984741211,28.950000762939453,3860600
2024-07-09,26.606489181518555,29.06999969482422,29.06999969482422,28.420000076293945,28.5,3038100
2024-07-10,26.7346248626709,29.209999084472656,29.59000015258789,28.90999984741211,29.139999389648438,1498600
2024-07-11,26.3502197265625,28.790000915527344,29.479999542236328,28.729999542236328,29.309999465942383,2797500
2024-07-12,26.97259521484375,29.469999313354492,29.469999313354492,28.299999237060547,28.65999984741211,2026600
2024-07-15,26.450897216796875,28.899999618530273,29.389999389648438,28.610000610351562,29.360000610351562,3293600
2024-07-16,26.542421340942383,29.0,29.190000534057617,28.799999237060547,28.8700008392334,5017300
2024-07-17,26.341066360473633,28.780000686645508,29.139999389648438,28.530000686645508,28.799999237060547,4395900
2024-07-18,25.782760620117188,28.170000076293945,28.829999923706055,28.149999618530273,28.729999542236328,2020900
2024-07-19,25.96581268310547,28.3700008392334,28.5,28.030000686645508,28.350000381469727,6045000
2024-07-22,26.52411651611328,28.979999542236328,29.0,28.329999923706055,28.3799991607666,3109900
2024-07-23,26.258691787719727,28.690000534057617,29.079999923706055,28.229999542236328,28.8799991607666,4081000
2024-07-24,25.627166748046875,28.0,28.75,27.850000381469727,28.649999618530273,8813500
2024-07-25,25.624113082885742,27.899999618530273,28.100000381469727,27.690000534057617,27.940000534057617,4689900
2024-07-26,27.102783203125,29.510000228881836,29.510000228881836,27.3799991607666,28.100000381469727,18065500
2024-07-29,27.04767608642578,29.450000762939453,29.65999984741211,29.100000381469727,29.100000381469727,6940400
2024-07-30,27.121152877807617,29.530000686645508,29.540000915527344,29.110000610351562,29.450000762939453,3992300
2024-07-31,26.450695037841797,28.799999237060547,29.530000686645508,28.68000030517578,29.530000686645508,3231300
2024-08-01,25.862903594970703,28.15999984741211,28.809999465942383,27.90999984741211,28.760000228881836,4125600
2024-08-02,25.9455623626709,28.25,28.709999084472656,28.100000381469727,28.200000762939453,1964500
2024-08-05,26.6803035736084,29.049999237060547,29.139999389648438,27.600000381469727,27.959999084472656,5063800
2024-08-06,27.001752853393555,29.399999618530273,30.040000915527344,28.770000457763672,28.899999618530273,5612900
2024-08-07,27.277284622192383,29.700000762939453,29.739999771118164,29.309999465942383,29.440000534057617,1871300
2024-08-08,27.231361389160156,29.649999618530273,29.93000030517578,29.559999465942383,29.690000534057617,2671500
2024-08-09,27.01093864440918,29.40999984741211,29.84000015258789,29.31999969482422,29.770000457763672,2316200
2024-08-12,27.626285552978516,30.079999923706055,30.290000915527344,29.399999618530273,29.68000030517578,3448400
2024-08-13,28.608999252319336,31.149999618530273,31.170000076293945,29.1200008392334,29.3799991607666,6398700
2024-08-14,29.06821632385254,31.649999618530273,31.799999237060547,30.639999389648438,31.0,3856200
2024-08-15,28.755950927734375,31.309999465942383,31.65999984741211,31.190000534057617,31.600000381469727,2272900
2024-08-16,28.462051391601562,30.989999771118164,31.559999465942383,30.93000030517578,31.450000762939453,2843200
2024-08-19,29.63764190673828,32.27000045776367,32.36000061035156,30.84000015258789,31.209999084472656,4455000
2024-08-20,29.205978393554688,31.799999237060547,32.18000030517578,31.610000610351562,31.950000762939453,2217200
2024-08-21,29.26108741760254,31.860000610351562,31.920000076293945,31.3700008392334,31.899999618530273,2358800
2024-08-22,28.333473205566406,30.850000381469727,32.099998474121094,30.700000762939453,31.8700008392334,3327100
2024-08-23,28.498794555664062,31.030000686645508,31.260000228881836,30.670000076293945,30.90999984741211,2125600
2024-08-26,28.24163246154785,30.75,31.139999389648438,30.489999771118164,31.030000686645508,2261800
2024-08-27,27.50689125061035,29.950000762939453,30.809999465942383,29.829999923706055,30.799999237060547,3372600
2024-08-28,27.754863739013672,30.219999313354492,30.350000381469727,29.579999923706055,29.81999969482422,2270100
2024-08-29,26.753780364990234,29.1299991607666,30.329999923706055,29.010000228881836,30.219999313354492,3278800
2024-08-30,26.2119083404541,28.540000915527344,29.139999389648438,28.299999237060547,29.030000686645508,6158700
2024-09-02,25.853721618652344,28.149999618530273,28.6299991607666,27.989999771118164,28.540000915527344,2909300
2024-09-03,25.76187515258789,28.049999237060547,28.469999313354492,27.8799991607666,28.209999084472656,3616600
2024-09-04,25.97311782836914,28.280000686645508,28.559999465942383,27.979999542236328,28.40999984741211,4505000
2024-09-05,26.267013549804688,28.600000381469727,28.600000381469727,28.09000015258789,28.299999237060547,3515900
2024-09-06,26.00985336303711,28.31999969482422,28.90999984741211,28.229999542236328,28.649999618530273,2668400
2024-09-09,25.927196502685547,28.229999542236328,28.549999237060547,27.940000534057617,28.34000015258789,2430800
2024-09-10,26.000669479370117,28.309999465942383,28.350000381469727,27.809999465942383,28.200000762939453,5469700
2024-09-11,26.863990783691406,29.25,29.25,28.229999542236328,28.25,3269700
2024-09-12,26.055776596069336,28.3700008392334,29.209999084472656,28.170000076293945,28.989999771118164,3232300
2024-09-13,26.707857131958008,29.079999923706055,29.3799991607666,28.190000534057617,28.290000915527344,5926100
2024-09-16,26.689489364624023,29.059999465942383,29.959999084472656,29.0,29.079999923706055,2037700
2024-09-17,26.891544342041016,29.280000686645508,29.290000915527344,28.850000381469727,29.059999465942383,1575700
2024-09-18,26.597644805908203,28.959999084472656,29.600000381469727,28.8700008392334,29.0,1524000
2024-09-19,25.97311782836914,28.280000686645508,29.1200008392334,28.280000686645508,29.049999237060547,1716100
2024-09-20,25.082242965698242,27.309999465942383,28.510000228881836,27.219999313354492,27.950000762939453,8556400
2024-09-23,24.889371871948242,27.100000381469727,27.329999923706055,26.790000915527344,27.309999465942383,2566900
2024-09-24,24.799968719482422,26.809999465942383,27.270000457763672,26.799999237060547,27.149999618530273,1841600
2024-09-25,24.096946716308594,26.049999237060547,26.899999618530273,25.989999771118164,26.899999618530273,4143900
2024-09-26,24.291208267211914,26.260000228881836,26.68000030517578,26.100000381469727,26.219999313354492,3333400
2024-09-27,24.698219299316406,26.700000762939453,27.06999969482422,26.25,26.25,4376800
2024-09-30,24.263452529907227,26.229999542236328,26.729999542236328,26.0,26.700000762939453,5246000
2024-10-01,24.614965438842773,26.610000610351562,26.84000015258789,26.290000915527344,26.3700008392334,3938000
2024-10-02,24.716718673706055,26.719999313354492,27.360000610351562,26.65999984741211,27.209999084472656,3610300
2024-10-03,24.49471092224121,26.479999542236328,26.670000076293945,26.260000228881836,26.399999618530273,4777600
2024-10-04,24.79071807861328,26.799999237060547,26.90999984741211,26.299999237060547,26.399999618530273,2640500
2024-10-07,25.29948616027832,27.350000381469727,27.3799991607666,26.760000228881836,26.979999542236328,6276700
2024-10-08,25.48448944091797,27.549999237060547,27.649999618530273,27.350000381469727,27.3799991607666,3831400
2024-10-09,24.864721298217773,26.8799991607666,27.399999618530273,26.780000686645508,27.280000686645508,4360100
2024-10-10,24.679716110229492,26.68000030517578,27.25,26.510000228881836,26.709999084472656,3522500
2024-10-11,24.624216079711914,26.6200008392334,27.0,26.3700008392334,26.450000762939453,4102100
2024-10-14,25.095975875854492,27.1299991607666,27.579999923706055,26.649999618530273,26.809999465942383,4610600
2024-10-15,25.105226516723633,27.139999389648438,27.600000381469727,27.059999465942383,27.1299991607666,2870100
2024-10-16,24.753719329833984,26.760000228881836,27.34000015258789,26.690000534057617,27.149999618530273,7498100
2024-10-17,23.995197296142578,25.940000534057617,26.6200008392334,25.8700008392334,26.5,6549800
2024-10-18,23.745439529418945,25.670000076293945,26.040000915527344,25.350000381469727,26.0,6032800
2024-10-21,24.198701858520508,26.15999984741211,26.920000076293945,21.209999084472656,22.0,44544900
2024-10-22,26.002504348754883,28.110000610351562,28.139999389648438,26.280000686645508,26.280000686645508,11627100
2024-10-23,25.2717342376709,27.31999969482422,28.06999969482422,26.100000381469727,27.8700008392334,10856200
2024-10-24,25.660245895385742,27.739999771118164,28.59000015258789,25.309999465942383,25.329999923706055,37160400
2024-10-25,24.235706329345703,26.200000762939453,27.6200008392334,25.90999984741211,27.5,13663300
2024-10-28,22.12664031982422,23.920000076293945,25.989999771118164,23.860000610351562,25.989999771118164,15425700
2024-10-29,22.283897399902344,24.09000015258789,24.5,23.719999313354492,23.920000076293945,7600400
2024-10-30,22.293148040771484,24.100000381469727,24.559999465942383,23.90999984741211,24.489999771118164,3670000
2024-10-31,20.443096160888672,22.100000381469727,23.139999389648438,21.829999923706055,22.450000762939453,16243300
2024-11-01,21.01660919189453,22.719999313354492,23.149999618530273,22.280000686645508,22.299999237060547,9578000
2024-11-04,20.6003475189209,22.270000457763672,23.139999389648438,22.059999465942383,22.989999771118164,7017500
2024-11-05,20.62809944152832,22.299999237060547,22.489999771118164,22.100000381469727,22.270000457763672,2899000
2024-11-06,20.433841705322266,22.09000015258789,22.31999969482422,21.8700008392334,22.0,5724800
2024-11-07,19.906579971313477,21.520000457763672,22.3799991607666,21.09000015258789,22.010000228881836,7368100
2024-11-08,19.37931251525879,20.950000762939453,21.399999618530273,20.6299991607666,21.209999084472656,9637200
2024-11-11,19.397811889648438,20.969999313354492,21.229999542236328,20.8700008392334,20.899999618530273,4486500
2024-11-12,19.157306671142578,20.709999084472656,21.06999969482422,20.440000534057617,21.0,5685400
2024-11-13,19.120304107666016,20.670000076293945,20.850000381469727,20.350000381469727,20.75,5811200
2024-11-14,19.055553436279297,20.600000381469727,21.389999389648438,20.489999771118164,20.600000381469727,7406700
2024-11-18,19.157306671142578,20.709999084472656,21.110000610351562,20.43000030517578,20.479999542236328,6117900
2024-11-19,18.963048934936523,20.5,20.790000915527344,20.459999084472656,20.770000457763672,5115700
2024-11-21,18.54678726196289,20.049999237060547,20.34000015258789,20.0,20.260000228881836,4493600
2024-11-22,18.667041778564453,20.18000030517578,20.280000686645508,19.93000030517578,20.280000686645508,3781700
2024-11-25,18.75029754638672,20.270000457763672,20.520000457763672,20.09000015258789,20.09000015258789,4769700
2024-11-26,18.805797576904297,20.329999923706055,20.510000228881836,20.110000610351562,20.510000228881836,3522300
2024-11-27,18.491287231445312,19.989999771118164,20.5,19.90999984741211,20.350000381469727,4214800
2024-11-28,18.176776885986328,19.649999618530273,19.989999771118164,19.549999237060547,19.979999542236328,3588400
2024-11-29,18.05652618408203,19.520000457763672,19.709999084472656,19.170000076293945,19.59000015258789,5575700
2024-12-02,18.20452880859375,19.68000030517578,19.979999542236328,19.43000030517578,19.489999771118164,3220300
2024-12-03,18.40803337097168,19.899999618530273,19.899999618530273,19.5,19.68000030517578,2885200
2024-12-04,18.149028778076172,19.6200008392334,20.049999237060547,19.610000610351562,19.899999618530273,4256100
2024-12-05,18.315532684326172,19.799999237060547,20.040000915527344,19.6200008392334,19.799999237060547,4471700
2024-12-06,17.56625747680664,18.989999771118164,19.780000686645508,18.899999618530273,19.75,3591400
2024-12-09,17.529258728027344,18.950000762939453,19.34000015258789,18.8799991607666,19.049999237060547,3077900
2024-12-10,17.575511932373047,19.0,19.139999389648438,18.809999465942383,19.09000015258789,5305900
2024-12-11,17.742015838623047,19.18000030517578,19.520000457763672,18.780000686645508,18.950000762939453,5630600
2024-12-12,17.270252227783203,18.670000076293945,19.110000610351562,18.65999984741211,19.049999237060547,6587000
2024-12-13,17.03899383544922,18.420000076293945,18.6200008392334,18.170000076293945,18.600000381469727,5295400
2024-12-16,16.6412353515625,17.989999771118164,18.600000381469727,17.93000030517578,18.450000762939453,5602000
2024-12-17,16.437728881835938,17.770000457763672,18.200000762939453,17.700000762939453,18.010000228881836,7292100
2024-12-18,15.540450096130371,16.799999237060547,17.809999465942383,16.780000686645508,17.799999237060547,5686100
2024-12-19,15.956713676452637,17.25,17.459999084472656,16.6200008392334,16.739999771118164,7793600
2024-12-20,16.696735382080078,18.049999237060547,18.469999313354492,17.1299991607666,17.309999465942383,12241300
2024-12-23,17.25174903869629,18.649999618530273,19.31999969482422,18.09000015258789,18.149999618530273,9214700
2024-12-26,16.807735443115234,18.170000076293945,18.850000381469727,18.139999389648438,18.399999618530273,4362300
2024-12-27,16.67823600769043,18.030000686645508,18.459999084472656,17.969999313354492,18.3799991607666,3779300
2024-12-30,17.005224227905273,18.09000015258789,18.299999237060547,17.649999618530273,17.93000030517578,4149600
2025-01-02,16.760814666748047,17.829999923706055,18.09000015258789,17.6299991607666,17.8700008392334,2512400
2025-01-03,16.845417022705078,17.920000076293945,17.920000076293945,17.610000610351562,17.829999923706055,9451200
2025-01-06,16.948822021484375,18.030000686645508,18.59000015258789,18.030000686645508,18.100000381469727,4008900
2025-01-07,16.930021286010742,18.010000228881836,18.760000228881836,17.969999313354492,18.309999465942383,4487100
2025-01-08,16.948822021484375,18.030000686645508,18.31999969482422,17.81999969482422,17.899999618530273,3167900
2025-01-09,16.85481834411621,17.93000030517578,18.18000030517578,17.709999084472656,18.0,3113700
2025-01-10,16.751415252685547,17.81999969482422,18.06999969482422,17.729999542236328,17.81999969482422,4876500
2025-01-13,16.901819229125977,17.979999542236328,18.219999313354492,17.739999771118164,17.780000686645508,4927000
2025-01-14,16.986421585083008,18.06999969482422,18.260000228881836,17.81999969482422,17.8700008392334,4147200
2025-01-15,17.296634674072266,18.399999618530273,18.479999542236328,18.049999237060547,18.280000686645508,3455100
2025-01-16,17.005224227905273,18.09000015258789,18.350000381469727,17.950000762939453,18.219999313354492,2433300
2025-01-17,17.1932315826416,18.290000915527344,18.399999618530273,17.780000686645508,18.09000015258789,4948800
2025-01-20,17.27783203125,18.3799991607666,18.469999313354492,17.920000076293945,18.270000457763672,2128200
2025-01-21,17.33423614501953,18.440000534057617,18.489999771118164,18.190000534057617,18.290000915527344,3239500
2025-01-22,17.230831146240234,18.329999923706055,18.549999237060547,18.18000030517578,18.440000534057617,4620700
2025-01-23,17.240232467651367,18.34000015258789,18.530000686645508,18.059999465942383,18.489999771118164,3245100
2025-01-24,17.296634674072266,18.399999618530273,18.6299991607666,18.260000228881836,18.520000457763672,6822200
2025-01-27,17.67264747619629,18.799999237060547,18.93000030517578,18.309999465942383,18.40999984741211,6568100
2025-01-28,17.080425262451172,18.170000076293945,19.020000457763672,18.09000015258789,18.8799991607666,3529600
2025-01-29,17.01462745666504,18.100000381469727,18.34000015258789,18.020000457763672,18.170000076293945,1344000
2025-01-30,17.296634674072266,18.399999618530273,18.56999969482422,18.1200008392334,18.1200008392334,3739100
2025-01-31,17.18383026123047,18.280000686645508,18.600000381469727,18.079999923706055,18.450000762939453,3963700
2025-02-03,17.625646591186523,18.75,18.959999084472656,18.09000015258789,18.280000686645508,4552700
2025-02-04,17.841854095458984,18.979999542236328,19.18000030517578,18.440000534057617,18.68000030517578,3073100
2025-02-05,17.83245277404785,18.969999313354492,19.1299991607666,18.780000686645508,19.100000381469727,2840000
2025-02-06,17.86065673828125,19.0,19.09000015258789,18.8700008392334,18.8700008392334,2292800
2025-02-07,17.437641143798828,18.549999237060547,18.989999771118164,18.479999542236328,18.989999771118164,4818000
2025-02-10,17.635047912597656,18.760000228881836,19.06999969482422,18.56999969482422,18.81999969482422,2650600
2025-02-11,18.02985954284668,19.18000030517578,19.34000015258789,18.780000686645508,18.8700008392334,4062400
2025-02-12,18.22726821899414,19.389999389648438,19.59000015258789,18.709999084472656,18.81999969482422,8135600
2025-02-13,18.189668655395508,19.350000381469727,19.489999771118164,18.969999313354492,19.290000915527344,6099300
2025-02-14,18.537479400634766,19.719999313354492,19.850000381469727,19.3799991607666,19.3799991607666,3359000
2025-02-17,18.913494110107422,20.1200008392334,20.540000915527344,19.639999389648438,19.75,5431000
2025-02-18,19.270706176757812,20.5,20.700000762939453,20.010000228881836,20.079999923706055,6419400
2025-02-19,18.781888961791992,19.979999542236328,20.479999542236328,19.93000030517578,20.350000381469727,4674100
2025-02-20,18.810091018676758,20.010000228881836,20.149999618530273,19.920000076293945,20.0,3117200
2025-02-21,18.34947395324707,19.520000457763672,20.100000381469727,19.399999618530273,19.959999084472656,6407300
2025-02-24,18.048662185668945,19.200000762939453,19.690000534057617,19.0,19.690000534057617,4802100
2025-02-25,18.048662185668945,19.200000762939453,19.540000915527344,19.200000762939453,19.239999771118164,41440200
2025-02-26,18.095664978027344,19.25,19.479999542236328,19.139999389648438,19.31999969482422,4417200
2025-02-27,18.10506248474121,19.260000228881836,19.43000030517578,19.139999389648438,19.270000457763672,4482700
2025-02-28,17.907655715942383,19.049999237060547,19.3700008392334,18.65999984741211,19.100000381469727,47624900
2025-03-05,18.4246768951416,19.600000381469727,19.899999618530273,18.31999969482422,18.639999389648438,5016600
2025-03-06,18.490476608276367,19.670000076293945,20.049999237060547,19.489999771118164,19.729999542236328,3065600
2025-03-07,18.36827278137207,19.540000915527344,19.780000686645508,19.389999389648438,19.540000915527344,2999400
2025-03-10,17.888856887817383,19.030000686645508,20.1299991607666,18.950000762939453,19.43000030517578,11084400
2025-03-11,18.048662185668945,19.200000762939453,19.450000762939453,19.0,19.030000686645508,4142700
2025-03-12,18.55628204345703,19.739999771118164,19.950000762939453,19.09000015258789,19.270000457763672,3314900
2025-03-13,18.922893524169922,20.1299991607666,20.25,19.719999313354492,19.799999237060547,2439600
2025-03-14,19.12030029296875,20.34000015258789,20.510000228881836,20.149999618530273,20.280000686645508,2825500
2025-03-17,19.29891014099121,20.530000686645508,20.690000534057617,19.8700008392334,20.309999465942383,2914600
2025-03-18,18.998096466064453,20.209999084472656,20.559999465942383,20.049999237060547,20.440000534057617,3140200
2025-03-19,18.875892639160156,20.079999923706055,20.309999465942383,19.959999084472656,20.239999771118164,4776500
2025-03-20,18.4340763092041,19.610000610351562,20.149999618530273,19.469999313354492,20.0,7018200
2025-03-21,19.157901763916016,20.3799991607666,21.059999465942383,18.690000534057617,18.690000534057617,10614200
2025-03-24,18.85708999633789,20.059999465942383,20.829999923706055,19.989999771118164,20.459999084472656,3359100
2025-03-25,18.998096466064453,20.209999084472656,20.469999313354492,20.0,20.010000228881836,2503400
2025-03-26,18.70668601989746,19.899999618530273,20.389999389648438,19.450000762939453,20.299999237060547,3259800
2025-03-27,18.546876907348633,19.729999542236328,20.06999969482422,19.520000457763672,19.899999618530273,2472200
2025-03-28,18.851713180541992,19.760000228881836,20.149999618530273,19.200000762939453,19.479999542236328,3102900
2025-03-31,18.479642868041992,19.3700008392334,19.6299991607666,19.229999542236328,19.559999465942383,2456200
2025-04-01,18.651369094848633,19.549999237060547,19.84000015258789,19.15999984741211,19.18000030517578,2001100
2025-04-02,19.242870330810547,20.170000076293945,20.43000030517578,19.540000915527344,19.670000076293945,3298900
2025-04-03,19.60540008544922,20.549999237060547,20.719999313354492,20.110000610351562,20.110000610351562,2907600
2025-04-04,19.3955135345459,20.329999923706055,20.59000015258789,19.950000762939453,20.360000610351562,2378400
2025-04-07,19.1474666595459,20.06999969482422,20.559999465942383,19.690000534057617,19.969999313354492,3162800
2025-04-08,18.479642868041992,19.3700008392334,20.110000610351562,19.059999465942383,19.940000534057617,6557100
2025-04-09,18.851713180541992,19.760000228881836,20.299999237060547,19.170000076293945,19.290000915527344,3328700
2025-04-10,18.451019287109375,19.34000015258789,19.790000915527344,19.18000030517578,19.639999389648438,2565300
2025-04-11,18.479642868041992,19.3700008392334,19.6299991607666,19.219999313354492,19.6299991607666,1413000
2025-04-14,18.813552856445312,19.719999313354492,19.75,19.5,19.6200008392334,2016700
2025-04-15,18.87079429626465,19.780000686645508,19.979999542236328,19.530000686645508,19.530000686645508,1743500
2025-04-16,18.947118759155273,19.860000610351562,20.209999084472656,19.719999313354492,19.719999313354492,2973200
2025-04-17,19.05206298828125,19.969999313354492,20.010000228881836,19.559999465942383,19.600000381469727,2559200
2025-04-22,19.61494255065918,20.559999465942383,20.649999618530273,19.829999923706055,19.969999313354492,3192400
2025-04-23,20.05379867553711,21.020000457763672,21.649999618530273,20.719999313354492,20.829999923706055,3198200
2025-04-24,22.515207290649414,23.600000381469727,23.68000030517578,20.510000228881836,20.510000228881836,10976100
2025-04-25,22.92544174194336,24.030000686645508,24.440000534057617,23.049999237060547,23.389999389648438,5424000
2025-04-28,22.01910972595215,23.079999923706055,23.93000030517578,22.969999313354492,23.850000381469727,3066800
2025-04-29,22.248077392578125,23.31999969482422,23.610000610351562,22.8799991607666,22.8799991607666,2581900
2025-04-30,23.01130485534668,24.1200008392334,24.1200008392334,23.0,23.0,3393400
2025-05-02,21.914165496826172,22.969999313354492,24.040000915527344,22.770000457763672,24.0,4437500
2025-05-05,21.732900619506836,22.780000686645508,23.09000015258789,22.6299991607666,22.75,3631600
2025-05-06,22.209917068481445,23.280000686645508,23.520000457763672,22.8799991607666,23.049999237060547,1986800
2025-05-07,21.75197982788086,22.799999237060547,23.559999465942383,22.559999465942383,23.559999465942383,2286100
2025-05-08,21.75197982788086,22.799999237060547,23.579999923706055,22.639999389648438,23.56999969482422,3972400
2025-05-09,21.980947494506836,23.040000915527344,23.040000915527344,22.420000076293945,22.950000762939453,2865100
2025-05-12,22.07634925842285,23.139999389648438,23.25,22.639999389648438,23.170000076293945,2093200
2025-05-13,22.343481063842773,23.420000076293945,23.739999771118164,22.959999084472656,23.260000228881836,2513600
2025-05-14,23.278432846069336,24.399999618530273,24.559999465942383,23.40999984741211,23.56999969482422,3984200
2025-05-15,23.555105209350586,24.690000534057617,25.06999969482422,24.5,24.5,4214000
2025-05-16,23.7745304107666,24.920000076293945,25.040000915527344,24.469999313354492,24.579999923706055,2377800
2025-05-19,23.898555755615234,25.049999237060547,25.3799991607666,24.8700008392334,24.920000076293945,1772200
2025-05-20,23.612346649169922,24.75,25.360000610351562,24.420000076293945,25.06999969482422,3917200
2025-05-21,22.629690170288086,23.719999313354492,24.760000228881836,23.6299991607666,24.75,2210500
2025-05-22,23.087627410888672,24.200000762939453,25.100000381469727,23.639999389648438,23.739999771118164,5189400
2025-05-23,23.326135635375977,24.450000762939453,24.739999771118164,23.040000915527344,24.200000762939453,2504000
2025-05-26,24.022579193115234,25.18000030517578,25.479999542236328,24.479999542236328,24.479999542236328,2185300
2025-05-27,24.48051643371582,25.65999984741211,26.25,25.31999969482422,25.5,2768600
2025-05-28,24.07982063293457,25.239999771118164,25.8799991607666,24.920000076293945,25.700000762939453,2842800
2025-05-29,24.232465744018555,25.399999618530273,25.579999923706055,24.989999771118164,25.239999771118164,1607600
2025-05-30,24.232465744018555,25.399999618530273,25.510000228881836,24.899999618530273,25.389999389648438,4320100
2025-06-02,24.165685653686523,25.329999923706055,25.75,25.100000381469727,25.489999771118164,859800
2025-06-03,24.499597549438477,25.68000030517578,25.899999618530273,25.020000457763672,25.020000457763672,1688100
2025-06-04,25.100637435913086,26.309999465942383,26.770000457763672,25.700000762939453,25.700000762939453,5651700
2025-06-05,25.18650245666504,26.399999618530273,26.850000381469727,26.020000457763672,26.450000762939453,3255600
2025-06-06,24.795347213745117,25.989999771118164,26.829999923706055,25.920000076293945,26.540000915527344,2882200
2025-06-09,24.738107681274414,25.93000030517578,26.059999465942383,25.399999618530273,25.920000076293945,1743200
2025-06-10,25.367769241333008,26.59000015258789,26.920000076293945,25.700000762939453,25.93000030517578,2888600
2025-06-11,25.61581802368164,26.850000381469727,27.290000915527344,26.25,26.360000610351562,4100000
2025-06-12,26.26456069946289,27.530000686645508,27.670000076293945,26.309999465942383,26.329999923706055,5022900
2025-06-13,26.52214813232422,27.799999237060547,28.149999618530273,27.0,27.0,5278000
2025-06-16,27.10411262512207,28.40999984741211,28.8700008392334,27.75,27.950000762939453,3477600
2025-06-17,26.52214813232422,27.799999237060547,28.739999771118164,27.719999313354492,28.40999984741211,3917100
2025-06-18,26.417205810546875,27.690000534057617,28.649999618530273,27.510000228881836,28.420000076293945,5366100
2025-06-20,26.207317352294922,27.469999313354492,27.770000457763672,27.270000457763672,27.510000228881836,6643400
2025-06-23,26.503068923950195,27.780000686645508,27.889999389648438,27.280000686645508,27.459999084472656,3374900
2025-06-24,26.712955474853516,28.0,28.260000228881836,27.790000915527344,27.920000076293945,2464500
2025-06-25,26.10237693786621,27.360000610351562,28.170000076293945,26.829999923706055,27.850000381469727,5440400
2025-06-26,26.121456146240234,27.3799991607666,27.59000015258789,26.950000762939453,27.510000228881836,2830100
2025-06-27,25.88957977294922,26.850000381469727,27.110000610351562,26.719999313354492,26.84000015258789,1458500
2025-06-30,26.217416763305664,27.190000534057617,27.3700008392334,26.639999389648438,26.65999984741211,1849700
2025-07-01,26.718814849853516,27.709999084472656,27.780000686645508,27.1200008392334,27.34000015258789,2765400
2025-07-02,26.46811866760254,27.450000762939453,27.940000534057617,27.049999237060547,27.809999465942383,2352400
2025-07-03,26.516328811645508,27.5,28.0,27.350000381469727,27.469999313354492,3662400
2025-07-04,26.709177017211914,27.700000762939453,28.290000915527344,27.530000686645508,27.649999618530273,1718300
2025-07-07,26.80559730529785,27.799999237060547,28.25,27.600000381469727,27.799999237060547,2379700
2025-07-08,26.583824157714844,27.56999969482422,27.959999084472656,27.309999465942383,27.90999984741211,1876300
2025-07-09,26.159563064575195,27.1299991607666,27.6299991607666,26.950000762939453,27.399999618530273,1891900
2025-07-10,26.120994567871094,27.09000015258789,27.15999984741211,26.260000228881836,26.709999084472656,1619900
2025-07-11,26.043855667114258,27.010000228881836,27.329999923706055,26.610000610351562,27.040000915527344,1416500
2025-07-14,25.928146362304688,26.889999389648438,27.049999237060547,26.610000610351562,26.899999618530273,2728600
2025-07-15,26.227062225341797,27.200000762939453,27.31999969482422,26.90999984741211,27.0,2077600
2025-07-16,26.96951675415039,27.969999313354492,28.350000381469727,27.079999923706055,27.399999618530273,7425700
2025-07-17,25.77387046813965,26.729999542236328,27.90999984741211,26.690000534057617,27.899999618530273,3608400
2025-07-18,25.474960327148438,26.420000076293945,26.959999084472656,26.09000015258789,26.610000610351562,2741700
2025-07-21,25.089269638061523,26.020000457763672,26.639999389648438,25.780000686645508,26.469999313354492,3645600
2025-07-22,24.992843627929688,25.920000076293945,26.25,25.739999771118164,26.010000228881836,1334500
2025-07-23,25.532814025878906,26.479999542236328,26.65999984741211,25.559999465942383,25.850000381469727,1696600
2025-07-24,25.224262237548828,26.15999984741211,26.450000762939453,25.950000762939453,25.979999542236328,1715300
2025-07-25,25.3206844329834,26.260000228881836,26.3799991607666,26.0,26.18000030517578,1361100
2025-07-28,24.94463348388672,25.8700008392334,26.530000686645508,25.56999969482422,26.260000228881836,2151400
2025-07-29,24.87713623046875,25.799999237060547,25.889999389648438,25.40999984741211,25.850000381469727,2076000
2025-07-30,25.10855484008789,26.040000915527344,26.389999389648438,25.440000534057617,25.549999237060547,1546600
2025-07-31,24.790355682373047,25.709999084472656,25.950000762939453,25.200000762939453,25.799999237060547,1877300
2025-08-01,24.954275131225586,25.8799991607666,26.239999771118164,25.549999237060547,26.149999618530273,2375000
2025-08-04,24.346811294555664,25.25,26.399999618530273,25.09000015258789,25.889999389648438,3934400
2025-08-05,24.163606643676758,25.059999465942383,25.299999237060547,24.75,25.299999237060547,3444300
2025-08-06,24.26003074645996,25.15999984741211,25.31999969482422,24.700000762939453,25.299999237060547,3554700
2025-08-07,23.353652954101562,24.219999313354492,25.559999465942383,23.889999389648438,25.450000762939453,8053300
2025-08-08,22.360496520996094,23.190000534057617,24.290000915527344,22.969999313354492,24.290000915527344,6054000
2025-08-11,22.273717880249023,23.100000381469727,23.3799991607666,22.809999465942383,23.170000076293945,2317600
2025-08-12,21.994089126586914,22.809999465942383,23.719999313354492,22.360000610351562,23.15999984741211,4226100
2025-08-13,22.10979652404785,22.93000030517578,23.110000610351562,22.459999084472656,22.799999237060547,5001500
2025-08-14,22.17729377746582,23.0,23.3799991607666,22.639999389648438,22.700000762939453,2472300
2025-08-15,22.003732681274414,22.81999969482422,23.100000381469727,22.559999465942383,22.940000534057617,1294500
2025-08-18,22.22550392150879,23.049999237060547,23.110000610351562,22.780000686645508,22.899999618530273,1148100
2025-08-19,22.33156967163086,23.15999984741211,23.399999618530273,22.790000915527344,23.049999237060547,3773200
2025-08-20,22.418350219726562,23.25,23.610000610351562,22.950000762939453,22.959999084472656,3239700
2025-08-21,22.408708572387695,23.239999771118164,23.399999618530273,23.030000686645508,23.110000610351562,2891100
2025-08-22,22.900466918945312,23.75,24.049999237060547,23.25,23.420000076293945,2904400
2025-08-25,22.726903915405273,23.56999969482422,24.170000076293945,23.350000381469727,23.8799991607666,1525700
2025-08-26,22.649765014648438,23.489999771118164,23.790000915527344,23.489999771118164,23.670000076293945,1420100
2025-08-27,23.093313217163086,23.950000762939453,24.0,23.389999389648438,23.59000015258789,1891800
2025-08-28,23.4307918548584,24.299999237060547,24.459999084472656,23.719999313354492,24.1200008392334,3202700
2025-08-29,23.52721405029297,24.399999618530273,24.65999984741211,24.270000457763672,24.290000915527344,4456300
2025-09-01,23.141523361206055,24.0,24.700000762939453,23.899999618530273,24.43000030517578,1350000
2025-09-02,22.80404281616211,23.649999618530273,24.219999313354492,23.520000457763672,23.799999237060547,1701000
2025-09-03,22.321928024291992,23.149999618530273,23.65999984741211,23.010000228881836,23.65999984741211,2303000
2025-09-04,22.418350219726562,23.25,23.299999237060547,22.850000381469727,23.229999542236328,1541000
2025-09-05,22.611196517944336,23.450000762939453,23.579999923706055,22.959999084472656,23.399999618530273,2288900
2025-09-08,22.543699264526367,23.3799991607666,23.700000762939453,23.170000076293945,23.399999618530273,1849700
2025-09-09,22.784757614135742,23.6299991607666,23.8799991607666,23.260000228881836,23.469999313354492,2457400
2025-09-10,22.659408569335938,23.5,23.729999542236328,23.170000076293945,23.649999618530273,2012000
2025-09-11,22.996891021728516,23.850000381469727,24.139999389648438,23.510000228881836,23.649999618530273,1848200
2025-09-12,22.090511322021484,22.90999984741211,23.729999542236328,22.90999984741211,23.540000915527344,3632600
2025-09-15,22.16765022277832,22.989999771118164,23.290000915527344,22.719999313354492,23.010000228881836,1673700
2025-09-16,22.196578979492188,23.020000457763672,23.190000534057617,22.81999969482422,22.90999984741211,1871700
2025-09-17,22.736547470092773,23.579999923706055,23.760000228881836,22.84000015258789,23.040000915527344,3034000
2025-09-18,23.209020614624023,24.06999969482422,24.239999771118164,23.530000686645508,23.6200008392334,3368400
2025-09-19,23.151166915893555,24.010000228881836,24.510000228881836,23.93000030517578,24.239999771118164,4907300
2025-09-22,22.427993774414062,23.260000228881836,23.920000076293945,23.1299991607666,23.920000076293945,2101300
2025-09-23,22.63047981262207,23.469999313354492,23.850000381469727,23.25,23.270000457763672,1898100
2025-09-24,22.543699264526367,23.3799991607666,23.579999923706055,23.149999618530273,23.479999542236328,1309400
2025-09-25,22.22550392150879,23.049999237060547,23.489999771118164,23.049999237060547,23.420000076293945,1437300
2025-09-26,22.312284469604492,23.139999389648438,23.3700008392334,22.770000457763672,23.1200008392334,1738100
2025-09-29,22.438756942749023,22.979999542236328,23.420000076293945,22.59000015258789,23.219999313354492,1307700
2025-09-30,22.194644927978516,22.729999542236328,23.260000228881836,22.68000030517578,23.1299991607666,1940400
2025-10-01,22.50710678100586,23.049999237060547,23.09000015258789,22.40999984741211,22.81999969482422,1839200
2025-10-02,22.399700164794922,22.940000534057617,23.200000762939453,22.610000610351562,23.190000534057617,1963900
2025-10-03,22.136056900024414,22.670000076293945,23.09000015258789,22.610000610351562,22.790000915527344,1482300
2025-10-06,21.940767288208008,22.469999313354492,22.81999969482422,22.139999389648438,22.81999969482422,1255600
2025-10-07,21.569719314575195,22.09000015258789,22.420000076293945,21.739999771118164,22.209999084472656,2423300
2025-10-08,20.48586082458496,20.979999542236328,22.170000076293945,20.940000534057617,22.1200008392334,9740300
2025-10-09,20.378454208374023,20.8700008392334,21.190000534057617,20.670000076293945,21.049999237060547,2571600
2025-10-10,20.55421257019043,21.049999237060547,21.739999771118164,20.65999984741211,20.8700008392334,3386900
2025-10-13,20.915498733520508,21.420000076293945,21.530000686645508,21.06999969482422,21.190000534057617,2318800
2025-10-14,20.876440048217773,21.3799991607666,21.399999618530273,20.989999771118164,21.399999618530273,2440800
2025-10-15,20.983848571777344,21.489999771118164,21.68000030517578,21.100000381469727,21.149999618530273,3165700
2025-10-16,20.993614196777344,21.5,21.649999618530273,21.209999084472656,21.479999542236328,2399600
2025-10-17,21.423250198364258,21.940000534057617,22.18000030517578,21.469999313354492,21.719999313354492,3875200
2025-10-20,21.833358764648438,22.360000610351562,22.399999618530273,21.860000610351562,22.049999237060547,1940100
2025-10-21,22.370405197143555,22.90999984741211,23.030000686645508,22.059999465942383,22.209999084472656,2208000
2025-10-22,22.477815628051758,23.020000457763672,23.170000076293945,22.65999984741211,22.809999465942383,1261900
2025-10-23,22.399700164794922,22.940000534057617,23.3700008392334,22.780000686645508,23.040000915527344,1775500
2025-10-24,23.112504959106445,23.670000076293945,23.700000762939453,22.93000030517578,22.940000534057617,1502900
2025-10-27,22.887924194335938,23.440000534057617,23.780000686645508,23.440000534057617,23.56999969482422,1626100
2025-10-28,22.7805118560791,23.329999923706055,23.670000076293945,23.31999969482422,23.459999084472656,1934500
2025-10-29,23.88389778137207,24.459999084472656,24.959999084472656,23.549999237060547,23.549999237060547,8529300
2025-10-30,25.065399169921875,25.670000076293945,25.700000762939453,24.100000381469727,24.239999771118164,6475000
2025-10-31,25.231395721435547,25.84000015258789,25.920000076293945,25.299999237060547,25.639999389648438,4400700
2025-11-03,25.094694137573242,25.700000762939453,26.299999237060547,25.459999084472656,26.299999237060547,2704300
2025-11-04,24.704113006591797,25.299999237060547,25.799999237060547,25.280000686645508,25.639999389648438,1912700
2025-11-05,24.46000099182129,25.049999237060547,25.469999313354492,24.700000762939453,25.299999237060547,2905100
2025-11-06,24.118247985839844,24.700000762939453,25.25,24.700000762939453,25.15999984741211,2744800
2025-11-07,24.264713287353516,24.850000381469727,24.920000076293945,24.450000762939453,24.530000686645508,1608300
2025-11-10,24.450237274169922,25.040000915527344,25.3700008392334,24.860000610351562,24.959999084472656,2077300
2025-11-11,25.163043975830078,25.770000457763672,25.790000915527344,25.219999313354492,25.5,2116600
2025-11-12,25.133750915527344,25.739999771118164,25.93000030517578,25.43000030517578,25.809999465942383,1466900
2025-11-13,25.241159439086914,25.850000381469727,25.940000534057617,25.479999542236328,25.850000381469727,1556600
2025-11-14,25.006813049316406,25.610000610351562,25.989999771118164,25.559999465942383,25.850000381469727,1200200
2025-11-17,24.97751808166504,25.579999923706055,25.639999389648438,25.309999465942383,25.450000762939453,1021100
2025-11-18,25.094694137573242,25.700000762939453,25.799999237060547,25.270000457763672,25.40999984741211,1246900
2025-11-19,24.831052780151367,25.43000030517578,25.780000686645508,25.280000686645508,25.530000686645508,1683900
2025-11-21,24.58694076538086,25.18000030517578,25.389999389648438,25.06999969482422,25.299999237060547,1323400
2025-11-24,24.713878631591797,25.309999465942383,25.739999771118164,25.09000015258789,25.260000228881836,1398700
2025-11-25,24.8017578125,25.399999618530273,25.479999542236328,25.09000015258789,25.280000686645508,1175400
2025-11-26,25.416921615600586,26.030000686645508,26.18000030517578,25.25,25.520000457763672,3399100
2025-11-27,25.817264556884766,26.440000534057617,26.700000762939453,25.860000610351562,26.1299991607666,3616000
2025-11-28,26.16878318786621,26.799999237060547,27.040000915527344,26.350000381469727,26.450000762939453,3432700
2025-12-01,25.73914909362793,26.360000610351562,26.829999923706055,25.959999084472656,26.809999465942383,4657500
2025-12-02,25.76844024658203,26.389999389648438,26.469999313354492,25.90999984741211,26.3700008392334,3841600
2025-12-03,26.159021377563477,26.790000915527344,26.790000915527344,26.239999771118164,26.510000228881836,2179900
2025-12-04,26.9206485748291,27.56999969482422,27.56999969482422,26.81999969482422,26.93000030517578,3557200
2025-12-05,24.75293731689453,25.350000381469727,27.790000915527344,25.350000381469727,27.299999237060547,4226000
2025-12-08,24.147539138793945,24.729999542236328,25.520000457763672,24.520000457763672,25.350000381469727,4103700
2025-12-09,23.678844451904297,24.25,24.739999771118164,24.0,24.389999389648438,3565200
2025-12-10,23.122270584106445,23.68000030517578,24.479999542236328,23.610000610351562,24.299999237060547,3195400
2025-12-11,23.249208450317383,23.809999465942383,24.15999984741211,23.559999465942383,23.579999923706055,3104500
2025-12-12,23.102739334106445,23.65999984741211,24.079999923706055,23.579999923706055,23.860000610351562,1408400
2025-12-15,23.014860153198242,23.56999969482422,23.989999771118164,23.520000457763672,23.989999771118164,1969900
2025-12-16,22.253232955932617,22.790000915527344,23.5,22.670000076293945,23.43000030517578,2795700
2025-12-17,21.7650089263916,22.290000915527344,22.799999237060547,22.020000457763672,22.790000915527344,3437700
2025-12-18,21.852888107299805,22.3799991607666,22.510000228881836,22.020000457763672,22.389999389648438,3068700
2025-12-19,22.331348419189453,22.8700008392334,23.25,22.219999313354492,22.3700008392334,2864700
2025-12-22,22.243467330932617,22.780000686645508,23.170000076293945,22.639999389648438,22.8700008392334,1883500
2025-12-23,22.63404655456543,23.18000030517578,23.3700008392334,22.56999969482422,22.729999542236328,2556800
2025-12-26,22.8098087310791,23.360000610351562,23.5,23.0,23.049999237060547,894400
2025-12-29,22.937864303588867,23.200000762939453,23.209999084472656,22.979999542236328,23.010000228881836,1092400
2025-12-30,23.29379653930664,23.559999465942383,23.6200008392334,23.209999084472656,23.31999969482422,1252400
2026-01-02,23.066394805908203,23.329999923706055,23.65999984741211,23.139999389648438,23.559999465942383,2037900
2026-01-05,23.19492530822754,23.459999084472656,23.809999465942383,23.309999465942383,23.43000030517578,1785600
2026-01-06,23.768373489379883,24.040000915527344,24.219999313354492,23.559999465942383,23.600000381469727,2421100
2026-01-07,23.39266586303711,23.65999984741211,24.329999923706055,23.639999389648438,23.8799991607666,2037700
2026-01-08,22.888429641723633,23.149999618530273,23.690000534057617,22.690000534057617,23.549999237060547,3653700
2026-01-09,23.29379653930664,23.559999465942383,23.579999923706055,22.84000015258789,23.149999618530273,2627800
2026-01-12,23.096057891845703,23.360000610351562,23.65999984741211,23.030000686645508,23.549999237060547,3634500
2026-01-13,22.8291072845459,23.09000015258789,23.239999771118164,22.790000915527344,23.1299991607666,5001000
2026-01-14,23.372892379760742,23.639999389648438,23.739999771118164,23.1299991607666,23.329999923706055,2859200
2026-01-15,23.353118896484375,23.6200008392334,24.0,23.469999313354492,23.6299991607666,1910200
2026-01-16,23.254249572753906,23.520000457763672,23.84000015258789,23.299999237060547,23.510000228881836,3017600
2026-01-19,23.066394805908203,23.329999923706055,23.690000534057617,23.18000030517578,23.670000076293945,1233600
2026-01-20,23.461875915527344,23.729999542236328,23.760000228881836,22.950000762939453,23.18000030517578,2287000
2026-01-21,24.381366729736328,24.65999984741211,24.68000030517578,23.940000534057617,24.0,1978300
2026-01-22,24.87571907043457,25.15999984741211,25.75,24.6200008392334,25.0,3421600
2026-01-23,25.06357192993164,25.350000381469727,25.739999771118164,24.790000915527344,25.270000457763672,2168100
2026-01-26,24.98447608947754,25.270000457763672,25.739999771118164,25.110000610351562,25.3799991607666,2423500
2026-01-27,25.37006950378418,25.65999984741211,25.940000534057617,25.200000762939453,25.719999313354492,2519800
2026-01-28,25.874305725097656,26.170000076293945,26.270000457763672,25.6299991607666,25.950000762939453,2480100
2026-01-29,24.935039520263672,25.219999313354492,26.360000610351562,25.200000762939453,26.280000686645508,2526100
2026-01-30,24.925151824951172,25.209999084472656,25.540000915527344,24.940000534057617,25.200000762939453,1963300
2026-02-02,25.122894287109375,25.40999984741211,25.530000686645508,25.09000015258789,25.389999389648438,1301000
2026-02-03,25.34040641784668,25.6299991607666,26.170000076293945,25.520000457763672,25.770000457763672,1725200
2026-02-04,22.730236053466797,22.989999771118164,24.829999923706055,22.790000915527344,24.260000228881836,11263300
2026-02-05,23.096057891845703,23.360000610351562,23.770000457763672,23.0,23.329999923706055,4998500
2026-02-06,23.382780075073242,23.649999618530273,24.040000915527344,23.209999084472656,23.209999084472656,3020400
2026-02-09,23.451988220214844,23.719999313354492,23.829999923706055,23.5,23.75,2005500
2026-02-10,23.610179901123047,23.8799991607666,24.0,23.540000915527344,23.700000762939453,1156500
2026-02-11,23.382780075073242,23.649999618530273,24.18000030517578,23.440000534057617,24.0,4041300
2026-02-12,23.20481300354004,23.469999313354492,23.639999389648438,23.049999237060547,23.459999084472656,3123900
2026-02-13,23.036733627319336,23.299999237060547,23.299999237060547,22.940000534057617,23.219999313354492,2374300
2026-02-18,23.0070743560791,23.270000457763672,23.549999237060547,23.09000015258789,23.09000015258789,2333900
2026-02-19,23.47176170349121,23.739999771118164,23.81999969482422,23.200000762939453,23.350000381469727,1964900
2026-02-20,23.560745239257812,23.829999923706055,23.959999084472656,23.299999237060547,23.350000381469727,3270400
2026-02-23,23.432214736938477,23.700000762939453,23.860000610351562,23.350000381469727,23.5,2013200
2026-02-24,23.827695846557617,24.100000381469727,24.1200008392334,23.459999084472656,23.700000762939453,3136200
2026-02-25,23.807920455932617,24.079999923706055,24.3799991607666,23.8700008392334,24.200000762939453,1671500
2026-02-26,23.48164939880371,23.75,24.309999465942383,23.559999465942383,24.309999465942383,2077200
2026-02-27,22.8192195892334,23.079999923706055,23.729999542236328,23.079999923706055,23.690000534057617,2974500
2026-03-02,22.492948532104492,22.75,23.010000228881836,22.40999984741211,22.93000030517578,2120300
2026-03-03,21.652551651000977,21.899999618530273,22.15999984741211,21.700000762939453,22.06999969482422,7471300
2026-03-04,21.84040641784668,22.09000015258789,22.450000762939453,21.829999923706055,22.139999389648438,2092300
2026-03-05,21.44492530822754,21.690000534057617,22.100000381469727,21.6200008392334,22.06999969482422,3007800
2026-03-06,21.751422882080078,22.0,22.260000228881836,21.559999465942383,21.709999084472656,3561200
2026-03-09,21.603118896484375,21.850000381469727,22.010000228881836,21.59000015258789,21.700000762939453,2123800
2026-03-10,21.771198272705078,22.020000457763672,22.3799991607666,21.81999969482422,22.09000015258789,2319300
2026-03-11,21.593231201171875,21.84000015258789,22.15999984741211,21.770000457763672,21.93000030517578,3420000
2026-03-12,21.098880767822266,21.34000015258789,21.780000686645508,21.25,21.649999618530273,3868300
2026-03-13,21.177976608276367,21.420000076293945,22.299999237060547,21.229999542236328,21.850000381469727,5203300
2026-03-16,21.613004684448242,21.860000610351562,22.1299991607666,21.59000015258789,21.639999389648438,4458200
2026-03-17,21.751422882080078,22.0,22.18000030517578,21.350000381469727,21.600000381469727,2584800
2026-03-18,21.85029411315918,22.100000381469727,22.5,21.780000686645508,21.860000610351562,6815700
2026-03-19,22.057920455932617,22.309999465942383,22.459999084472656,21.420000076293945,21.739999771118164,2440500
2026-03-20,21.889841079711914,22.139999389648438,22.389999389648438,21.899999618530273,22.190000534057617,4542400
2026-03-23,22.680803298950195,22.940000534057617,23.110000610351562,22.479999542236328,22.489999771118164,3318200
2026-03-24,22.641254425048828,22.899999618530273,22.979999542236328,22.420000076293945,22.84000015258789,2271800
2026-03-25,23.076282501220703,23.34000015258789,23.690000534057617,22.93000030517578,23.18000030517578,2056000
2026-03-26,22.868654251098633,23.1299991607666,23.450000762939453,23.049999237060547,23.309999465942383,2715400
2026-03-27,21.89972686767578,22.149999618530273,23.360000610351562,22.149999618530273,23.100000381469727,2988600
2026-03-30,21.810745239257812,22.059999465942383,22.450000762939453,21.8799991607666,22.360000610351562,2172800
2026-03-31,23.01696014404297,23.280000686645508,23.399999618530273,22.260000228881836,22.459999084472656,3388400
2026-04-01,23.200000762939453,23.200000762939453,23.600000381469727,23.0,23.0,2693400
2026-04-02,22.989999771118164,22.989999771118164,23.309999465942383,22.5,22.5,1851200
2026-04-06,22.8700008392334,22.8700008392334,23.1299991607666,22.639999389648438,23.1299991607666,1659200
2026-04-07,23.209999084472656,23.209999084472656,23.209999084472656,22.469999313354492,22.700000762939453,10426900
2026-04-08,23.770000457763672,23.770000457763672,24.350000381469727,23.6200008392334,24.209999084472656,3977700
2026-04-09,23.799999237060547,23.799999237060547,24.020000457763672,23.649999618530273,23.829999923706055,1936900
2026-04-10,23.389999389648438,23.389999389648438,24.149999618530273,23.389999389648438,23.860000610351562,3055000
2026-04-13,23.3700008392334,23.3700008392334,23.520000457763672,23.1200008392334,23.270000457763672,2470100
2026-04-14,23.579999923706055,23.579999923706055,23.889999389648438,23.5,23.549999237060547,8325200
2026-04-15,23.469999313354492,23.469999313354492,23.770000457763672,23.139999389648438,23.59000015258789,1889700
2026-04-16,23.030000686645508,23.030000686645508,23.59000015258789,23.030000686645508,23.389999389648438,1867100
2026-04-17,23.450000762939453,23.450000762939453,24.049999237060547,23.31999969482422,23.799999237060547,4035900
2026-04-20,23.489999771118164,23.489999771118164,23.6299991607666,23.31999969482422,23.450000762939453,1123800
2026-04-22,23.0,23.0,23.510000228881836,22.860000610351562,23.389999389648438,1448700
2026-04-23,22.65999984741211,22.65999984741211,23.200000762939453,22.520000457763672,22.850000381469727,1480200
2026-04-24,22.540000915527344,22.540000915527344,22.709999084472656,22.219999313354492,22.65999984741211,2074100
2026-04-27,22.709999084472656,22.709999084472656,23.010000228881836,22.399999618530273,22.450000762939453,2713900
2026-04-28,22.010000228881836,22.010000228881836,22.780000686645508,22.010000228881836,22.469999313354492,3153500
2026-04-29,22.729999542236328,22.729999542236328,23.280000686645508,22.09000015258789,22.1200008392334,7317200
2026-04-30,22.530000686645508,22.530000686645508,23.229999542236328,22.530000686645508,22.920000076293945,5420600
2026-05-04,22.780000686645508,22.780000686645508,22.950000762939453,22.270000457763672,22.459999084472656,2869000
2026-05-05,23.200000762939453,23.200000762939453,23.799999237060547,22.6299991607666,22.68000030517578,3346600
2026-05-06,23.469999313354492,23.469999313354492,23.75,23.299999237060547,23.75,8414200
2026-05-07,23.260000228881836,23.260000228881836,23.700000762939453,23.15999984741211,23.700000762939453,8915300
2026-05-08,23.360000610351562,23.360000610351562,23.739999771118164,23.170000076293945,23.260000228881836,6325500
2026-05-11,23.479999542236328,23.479999542236328,23.68000030517578,23.219999313354492,23.360000610351562,15675300
2026-05-12,23.219999313354492,23.219999313354492,23.790000915527344,22.950000762939453,23.34000015258789,5086800
2026-05-13,22.56999969482422,22.56999969482422,23.479999542236328,22.43000030517578,23.219999313354492,4703800
2026-05-14,23.3700008392334,23.3700008392334,23.700000762939453,23.139999389648438,23.510000228881836,5748400
2026-05-15,23.030000686645508,23.030000686645508,23.31999969482422,22.75,23.100000381469727,1911600
2026-05-18,22.799999237060547,22.799999237060547,23.059999465942383,22.700000762939453,22.979999542236328,1816500
2026-05-19,21.90999984741211,21.90999984741211,22.610000610351562,21.90999984741211,22.5,3015000
2026-05-20,22.670000076293945,22.670000076293945,22.770000457763672,22.0,22.020000457763672,2456700
2026-05-21,22.690000534057617,22.690000534057617,22.90999984741211,22.100000381469727,22.469999313354492,2075100
2026-05-22,22.559999465942383,22.559999465942383,22.8799991607666,22.290000915527344,22.559999465942383,1713100
2026-05-25,22.969999313354492,22.969999313354492,23.049999237060547,22.510000228881836,22.799999237060547,1246700
2026-05-26,22.530000686645508,22.530000686645508,23.010000228881836,22.25,22.979999542236328,1632500
2026-05-27,22.469999313354492,22.469999313354492,23.030000686645508,22.459999084472656,23.030000686645508,1770600
2026-05-28,22.40999984741211,22.40999984741211,22.719999313354492,22.15999984741211,22.510000228881836,1006700
2026-05-29,21.90999984741211,21.90999984741211,22.469999313354492,21.81999969482422,22.350000381469727,2766100
2026-06-01,21.43000030517578,21.43000030517578,22.1299991607666,21.389999389648438,21.90999984741211,2245600
2026-06-02,21.700000762939453,21.700000762939453,21.75,21.299999237060547,21.510000228881836,2134100
2026-06-03,21.309999465942383,21.309999465942383,22.239999771118164,21.059999465942383,21.75,6093000
2026-06-05,20.979999542236328,20.979999542236328,21.420000076293945,20.920000076293945,21.239999771118164,3343100
2026-06-08,20.6200008392334,20.6200008392334,20.959999084472656,20.549999237060547,20.899999618530273,2283800
2026-06-09,21.079999923706055,21.079999923706055,21.389999389648438,20.809999465942383,20.81999969482422,2621100
2026-06-10,20.899999618530273,20.899999618530273,21.1200008392334,20.6200008392334,20.899999618530273,2509600
2026-06-11,21.260000228881836,21.260000228881836,21.360000610351562,20.6299991607666,20.8799991607666,2063300
2026-06-12,21.489999771118164,21.489999771118164,21.579999923706055,20.950000762939453,21.020000457763672,1626500
2026-06-15,21.18000030517578,21.18000030517578,22.09000015258789,21.18000030517578,21.829999923706055,1705200
2026-06-16,20.5,20.5,21.100000381469727,20.450000762939453,20.989999771118164,3225800
2026-06-17,20.200000762939453,20.200000762939453,20.850000381469727,20.030000686645508,20.600000381469727,3261400
2026-06-18,20.100000381469727,20.100000381469727,20.3799991607666,19.8799991607666,20.1200008392334,1986200
2026-06-19,20.219999313354492,20.219999313354492,20.329999923706055,20.049999237060547,20.149999618530273,3126300
2026-06-22,20.239999771118164,20.239999771118164,20.440000534057617,20.06999969482422,20.299999237060547,3062000
2026-06-23,20.329999923706055,20.329999923706055,20.450000762939453,19.950000762939453,20.100000381469727,2505700
2026-06-24,20.989999771118164,20.989999771118164,20.989999771118164,20.09000015258789,20.18000030517578,6971800
2026-06-25,21.079999923706055,21.079999923706055,21.5,21.059999465942383,21.190000534057617,1791300
2026-06-26,21.56999969482422,21.56999969482422,21.56999969482422,20.780000686645508,21.100000381469727,2820700
