Price,Adj Close,Close,High,Low,Open,Volume
Ticker,CMIN3.SA,CMIN3.SA,CMIN3.SA,CMIN3.SA,CMIN3.SA,CMIN3.SA
Date,,,,,,
2021-06-28,4.893159866333008,9.300000190734863,9.380000114440918,9.149999618530273,9.369999885559082,6553500
2021-06-29,4.882637023925781,9.279999732971191,9.380000114440918,9.220000267028809,9.279999732971191,5205200
2021-06-30,4.819499492645264,9.15999984741211,9.289999961853027,9.109999656677246,9.25,7203500
2021-07-01,4.787930965423584,9.100000381469727,9.239999771118164,9.050000190734863,9.1899995803833,6259100
2021-07-02,4.803715229034424,9.130000114440918,9.220000267028809,9.119999885559082,9.130000114440918,3312800
2021-07-05,4.824760437011719,9.170000076293945,9.260000228881836,9.140000343322754,9.25,2446600
2021-07-06,4.814237594604492,9.149999618530273,9.25,9.100000381469727,9.15999984741211,2984800
2021-07-07,4.808976650238037,9.140000343322754,9.210000038146973,9.09000015258789,9.210000038146973,5528200
2021-07-08,4.766884803771973,9.0600004196167,9.140000343322754,8.760000228881836,9.079999923706055,6475700
2021-07-12,4.819499492645264,9.15999984741211,9.229999542236328,9.069999694824219,9.15999984741211,5345900
2021-07-13,4.803715229034424,9.130000114440918,9.229999542236328,9.09000015258789,9.15999984741211,3092900
2021-07-14,4.808976650238037,9.140000343322754,9.220000267028809,9.109999656677246,9.149999618530273,4232200
2021-07-15,4.787930965423584,9.100000381469727,9.199999809265137,9.100000381469727,9.130000114440918,2324600
2021-07-16,4.787930965423584,9.100000381469727,9.180000305175781,9.069999694824219,9.180000305175781,3552400
2021-07-19,4.751100063323975,9.029999732971191,9.0600004196167,8.90999984741211,9.0600004196167,5242700
2021-07-20,4.772146224975586,9.069999694824219,9.100000381469727,8.960000038146973,9.029999732971191,3512900
2021-07-21,4.7405781745910645,9.010000228881836,9.140000343322754,9.010000228881836,9.039999961853027,3668100
2021-07-22,4.772146224975586,9.069999694824219,9.069999694824219,8.920000076293945,8.989999771118164,3074900
2021-07-23,4.756361484527588,9.039999961853027,9.069999694824219,8.979999542236328,9.0600004196167,2337200
2021-07-26,4.840545177459717,9.199999809265137,9.25,9.010000228881836,9.039999961853027,5387000
2021-07-27,4.824760437011719,9.170000076293945,9.229999542236328,8.970000267028809,9.220000267028809,4846700
2021-07-28,4.793191909790039,9.109999656677246,9.300000190734863,9.029999732971191,9.300000190734863,9089300
2021-07-29,4.987866401672363,9.479999542236328,9.5,9.180000305175781,9.220000267028809,11595000
2021-07-30,4.840545177459717,9.199999809265137,9.4399995803833,9.15999984741211,9.350000381469727,8118200
2021-08-02,4.884492874145508,8.949999809265137,9.100000381469727,8.880000114440918,8.989999771118164,4999900
2021-08-03,4.753511905670166,8.710000038146973,8.979999542236328,8.569999694824219,8.970000267028809,8180500
2021-08-04,4.7753424644470215,8.75,8.829999923706055,8.649999618530273,8.789999961853027,5443700
2021-08-05,4.638904571533203,8.5,8.739999771118164,8.479999542236328,8.699999809265137,9572300
2021-08-06,4.638904571533203,8.5,8.59000015258789,8.470000267028809,8.550000190734863,3334600
2021-08-09,4.557041168212891,8.350000381469727,8.430000305175781,8.229999542236328,8.399999618530273,7047000
2021-08-10,4.535211086273193,8.3100004196167,8.470000267028809,8.300000190734863,8.350000381469727,4218300
2021-08-11,4.5188374519348145,8.279999732971191,8.380000114440918,8.25,8.359999656677246,3600800
2021-08-12,4.491549491882324,8.229999542236328,8.300000190734863,8.119999885559082,8.279999732971191,3931200
2021-08-13,4.387857437133789,8.039999961853027,8.279999732971191,7.920000076293945,8.270000457763672,5751400
2021-08-16,4.23504638671875,7.760000228881836,8.039999961853027,7.429999828338623,8.039999961853027,15754800
2021-08-17,3.9457967281341553,7.230000019073486,7.75,7.130000114440918,7.710000038146973,15353900
2021-08-18,3.8257312774658203,7.010000228881836,7.289999961853027,7.010000228881836,7.119999885559082,10851000
2021-08-19,3.8148159980773926,6.989999771118164,7.090000152587891,6.699999809265137,6.789999961853027,9604400
2021-08-20,3.7165801525115967,6.809999942779541,7.21999979019165,6.809999942779541,6.989999771118164,8400300
2021-08-23,3.645632028579712,6.679999828338623,6.929999828338623,6.650000095367432,6.849999904632568,9417400
2021-08-24,4.038574695587158,7.400000095367432,7.429999828338623,6.840000152587891,6.840000152587891,9553500
2021-08-25,3.9785420894622803,7.289999961853027,7.539999961853027,7.269999980926514,7.400000095367432,5837300
2021-08-26,3.8475611209869385,7.050000190734863,7.369999885559082,7.050000190734863,7.320000171661377,6015900
2021-08-27,4.005829811096191,7.340000152587891,7.440000057220459,7.150000095367432,7.150000095367432,7532800
2021-08-30,4.1149797439575195,7.539999961853027,7.570000171661377,7.320000171661377,7.340000152587891,6011800
2021-08-31,3.8857641220092773,7.119999885559082,7.46999979019165,7.119999885559082,7.46999979019165,9548900
2021-09-01,3.8257312774658203,7.010000228881836,7.159999847412109,6.869999885559082,7.03000020980835,6161700
2021-09-02,3.7111239433288574,6.800000190734863,7.090000152587891,6.800000190734863,7.050000190734863,8316900
2021-09-03,3.7875277996063232,6.940000057220459,7.239999771118164,6.849999904632568,6.989999771118164,7334800
2021-09-06,3.836646318435669,7.03000020980835,7.070000171661377,6.800000190734863,6.800000190734863,3919200
2021-09-08,3.683835029602051,6.75,6.96999979019165,6.75,6.929999828338623,8648700
2021-09-09,3.629260301589966,6.650000095367432,6.809999942779541,6.550000190734863,6.75,9799700
2021-09-10,3.6565473079681396,6.699999809265137,6.960000038146973,6.639999866485596,6.909999847412109,6050400
2021-09-13,3.6947500705718994,6.769999980926514,6.809999942779541,6.670000076293945,6.75,4668100
2021-09-14,3.5965144634246826,6.590000152587891,6.800000190734863,6.590000152587891,6.789999961853027,5775300
2021-09-15,3.460076093673706,6.340000152587891,6.590000152587891,6.340000152587891,6.590000152587891,10826200
2021-09-16,3.3127236366271973,6.070000171661377,6.289999961853027,6.03000020980835,6.289999961853027,11857700
2021-09-17,3.252690076828003,5.960000038146973,6.079999923706055,5.829999923706055,6.0,32433300
2021-09-20,3.1107945442199707,5.699999809265137,5.78000020980835,5.429999828338623,5.599999904632568,17339000
2021-09-21,3.187199592590332,5.840000152587891,5.920000076293945,5.710000038146973,5.809999942779541,9964200
2021-09-22,3.2690622806549072,5.989999771118164,6.199999809265137,5.909999847412109,6.159999847412109,9641300
2021-09-23,3.252690076828003,5.960000038146973,6.150000095367432,5.869999885559082,5.989999771118164,9241200
2021-09-24,3.219944953918457,5.900000095367432,6.010000228881836,5.829999923706055,5.980000019073486,9333400
2021-09-27,3.4218735694885254,6.269999980926514,6.369999885559082,5.949999809265137,6.019999980926514,12914800
2021-09-28,3.2254014015197754,5.909999847412109,6.150000095367432,5.880000114440918,6.150000095367432,13251100
2021-09-29,3.3509254455566406,6.139999866485596,6.179999828338623,5.889999866485596,6.019999980926514,9742000
2021-09-30,3.4764490127563477,6.369999885559082,6.599999904632568,6.230000019073486,6.300000190734863,20567800
2021-10-01,3.558312177658081,6.519999980926514,6.539999961853027,6.28000020980835,6.389999866485596,8398900
2021-10-04,3.410958766937256,6.25,6.559999942779541,6.25,6.550000190734863,6117000
2021-10-05,3.372755765914917,6.179999828338623,6.389999866485596,6.150000095367432,6.260000228881836,4876000
2021-10-06,3.3509254455566406,6.139999866485596,6.21999979019165,6.010000228881836,6.059999942779541,8152500
2021-10-07,3.3290956020355225,6.099999904632568,6.25,6.079999923706055,6.21999979019165,10518500
2021-10-08,3.400043249130249,6.230000019073486,6.380000114440918,6.190000057220459,6.25,8694300
2021-10-11,3.5091946125030518,6.429999828338623,6.579999923706055,6.269999980926514,6.449999809265137,12155300
2021-10-13,3.3836710453033447,6.199999809265137,6.369999885559082,6.099999904632568,6.349999904632568,18778100
2021-10-14,3.3345530033111572,6.110000133514404,6.269999980926514,6.070000171661377,6.230000019073486,8133700
2021-10-15,3.629260301589966,6.650000095367432,6.670000076293945,6.119999885559082,6.130000114440918,18195400
2021-10-18,3.6620054244995117,6.710000038146973,6.789999961853027,6.449999809265137,6.570000171661377,8724400
2021-10-19,3.520109176635742,6.449999809265137,6.659999847412109,6.420000076293945,6.599999904632568,7304700
2021-10-20,3.3618404865264893,6.159999847412109,6.510000228881836,6.139999866485596,6.480000019073486,11595900
2021-10-21,3.2799782752990723,6.010000228881836,6.059999942779541,5.849999904632568,5.96999979019165,8809200
2021-10-22,3.3018076419830322,6.050000190734863,6.119999885559082,5.900000095367432,5.949999809265137,11676800
2021-10-25,3.2745206356048584,6.0,6.130000114440918,5.929999828338623,6.110000133514404,12136000
2021-10-26,3.159911632537842,5.789999961853027,6.039999961853027,5.710000038146973,6.0,7470800
2021-10-27,3.099879026412964,5.679999828338623,5.909999847412109,5.659999847412109,5.869999885559082,5890100
2021-10-28,3.001643419265747,5.5,5.730000019073486,5.5,5.650000095367432,9447500
2021-10-29,2.8761205673217773,5.269999980926514,5.579999923706055,5.230000019073486,5.5,9449100
2021-11-01,2.9361531734466553,5.380000114440918,5.409999847412109,5.239999771118164,5.28000020980835,8884800
2021-11-03,2.8433752059936523,5.210000038146973,5.360000133514404,5.150000095367432,5.320000171661377,12588900
2021-11-04,2.848832607269287,5.21999979019165,5.369999885559082,4.96999979019165,5.010000228881836,18334800
2021-11-05,3.0180163383483887,5.53000020980835,5.550000190734863,5.170000076293945,5.199999809265137,11491500
2021-11-08,3.1653692722320557,5.800000190734863,5.849999904632568,5.579999923706055,5.650000095367432,12563600
2021-11-09,3.1435396671295166,5.760000228881836,6.0,5.679999828338623,5.739999771118164,13874400
2021-11-10,3.0453040599823,5.579999923706055,5.849999904632568,5.570000171661377,5.699999809265137,12203100
2021-11-11,3.3509254455566406,6.139999866485596,6.289999961853027,5.860000133514404,5.909999847412109,16427900
2021-11-12,3.3345530033111572,6.110000133514404,6.46999979019165,6.050000190734863,6.099999904632568,9141700
2021-11-16,3.219944953918457,5.900000095367432,6.139999866485596,5.880000114440918,6.090000152587891,3804500
2021-11-17,3.1762843132019043,5.820000171661377,6.090000152587891,5.809999942779541,5.96999979019165,4305000
2021-11-18,3.1107945442199707,5.699999809265137,5.840000152587891,5.690000057220459,5.829999923706055,6569300
2021-11-19,3.2363176345825195,5.929999828338623,6.039999961853027,5.730000019073486,5.730000019073486,9259400
2021-11-22,3.2581472396850586,5.96999979019165,6.260000228881836,5.96999979019165,6.099999904632568,15084600
2021-11-23,3.3181800842285156,6.079999923706055,6.489999771118164,6.039999961853027,6.239999771118164,11534500
2021-11-24,3.394585371017456,6.21999979019165,6.300000190734863,6.079999923706055,6.150000095367432,5090500
2021-11-25,3.3836710453033447,6.199999809265137,6.320000171661377,6.139999866485596,6.25,3674300
2021-11-26,3.2745206356048584,6.0,6.099999904632568,5.78000020980835,5.929999828338623,7717300
2021-11-29,3.2581472396850586,5.96999979019165,6.25,5.96999979019165,6.21999979019165,7192300
2021-11-30,3.2581472396850586,5.96999979019165,6.099999904632568,5.880000114440918,5.960000038146973,5746600
2021-12-01,3.1981143951416016,5.860000133514404,6.190000057220459,5.860000133514404,6.070000171661377,8589000
2021-12-02,3.3236382007598877,6.090000152587891,6.139999866485596,5.900000095367432,5.900000095367432,5224100
2021-12-03,3.285435676574707,6.019999980926514,6.320000171661377,6.0,6.050000190734863,6788300
2021-12-06,3.4164164066314697,6.260000228881836,6.320000171661377,6.010000228881836,6.099999904632568,8325700
2021-12-07,3.569227457046509,6.539999961853027,6.739999771118164,6.429999828338623,6.489999771118164,13716800
2021-12-08,3.5473968982696533,6.5,6.710000038146973,6.380000114440918,6.539999961853027,11147000
2021-12-09,3.6947500705718994,6.769999980926514,6.800000190734863,6.429999828338623,6.460000038146973,8407100
2021-12-10,3.651090383529663,6.690000057220459,6.949999809265137,6.579999923706055,6.760000228881836,7627000
2021-12-13,3.749325752258301,6.869999885559082,7.199999809265137,6.849999904632568,6.889999866485596,12049600
2021-12-14,3.6729204654693604,6.730000019073486,7.010000228881836,6.670000076293945,6.880000114440918,5833300
2021-12-15,3.705664873123169,6.789999961853027,6.840000152587891,6.5,6.730000019073486,7633800
2021-12-16,3.776613473892212,6.920000076293945,7.050000190734863,6.670000076293945,7.019999980926514,13812300
2021-12-17,3.9348814487457275,7.210000038146973,7.25,6.820000171661377,6.889999866485596,10064600
2021-12-20,3.6729204654693604,6.730000019073486,7.050000190734863,6.730000019073486,7.019999980926514,9790800
2021-12-21,3.776613473892212,6.920000076293945,7.010000228881836,6.739999771118164,6.880000114440918,9094600
2021-12-22,3.61834454536438,6.630000114440918,6.909999847412109,6.630000114440918,6.909999847412109,5805100
2021-12-23,3.61834454536438,6.630000114440918,6.690000057220459,6.46999979019165,6.670000076293945,4269100
2021-12-27,3.651090383529663,6.690000057220459,6.769999980926514,6.550000190734863,6.570000171661377,4210100
2021-12-28,3.558312177658081,6.519999980926514,6.659999847412109,6.429999828338623,6.659999847412109,7015700
2021-12-29,3.591057062149048,6.579999923706055,6.670000076293945,6.429999828338623,6.489999771118164,6493200
2021-12-30,3.727267026901245,6.739999771118164,6.96999979019165,6.579999923706055,6.610000133514404,48470300
2022-01-03,3.8986990451812744,7.050000190734863,7.159999847412109,6.590000152587891,6.829999923706055,13281500
2022-01-04,4.175203323364258,7.550000190734863,7.590000152587891,7.090000152587891,7.110000133514404,17917900
2022-01-05,3.8489291667938232,6.960000038146973,7.480000019073486,6.889999866485596,7.449999809265137,11435200
2022-01-06,3.771507978439331,6.820000171661377,7.179999828338623,6.769999980926514,7.110000133514404,7867700
2022-01-07,3.8599886894226074,6.980000019073486,7.130000114440918,6.769999980926514,6.889999866485596,7379300
2022-01-10,3.865518569946289,6.989999771118164,7.03000020980835,6.690000057220459,6.889999866485596,6413000
2022-01-11,3.87104868888855,7.0,7.199999809265137,6.960000038146973,6.989999771118164,5508500
2022-01-12,4.042481422424316,7.309999942779541,7.440000057220459,7.03000020980835,7.170000076293945,12597400
2022-01-13,3.9595298767089844,7.159999847412109,7.360000133514404,7.139999866485596,7.239999771118164,4670900
2022-01-14,3.9705896377563477,7.179999828338623,7.230000019073486,7.079999923706055,7.150000095367432,3739200
2022-01-17,3.8931689262390137,7.039999961853027,7.199999809265137,7.03000020980835,7.130000114440918,3172900
2022-01-18,3.9816505908966064,7.199999809265137,7.269999980926514,6.96999979019165,7.03000020980835,6224500
2022-01-19,4.036951541900635,7.300000190734863,7.5,7.269999980926514,7.409999847412109,7777600
2022-01-20,3.992710828781128,7.21999979019165,7.480000019073486,7.21999979019165,7.329999923706055,4111100
2022-01-21,3.9705896377563477,7.179999828338623,7.360000133514404,7.170000076293945,7.179999828338623,4145600
2022-01-24,3.87104868888855,7.0,7.090000152587891,6.909999847412109,7.079999923706055,5142300
2022-01-25,3.9982409477233887,7.230000019073486,7.300000190734863,6.940000057220459,7.0,7937200
2022-01-26,3.9982409477233887,7.230000019073486,7.53000020980835,7.21999979019165,7.300000190734863,11452900
2022-01-27,3.9374096393585205,7.119999885559082,7.389999866485596,7.070000171661377,7.309999942779541,9175200
2022-01-28,3.9539999961853027,7.150000095367432,7.28000020980835,7.099999904632568,7.28000020980835,8390700
2022-01-31,3.8599886894226074,6.980000019073486,7.139999866485596,6.949999809265137,7.130000114440918,9465000
2022-02-01,3.9816505908966064,7.199999809265137,7.260000228881836,6.96999979019165,6.96999979019165,7327700
2022-02-02,3.965059995651245,7.170000076293945,7.369999885559082,7.150000095367432,7.210000038146973,6626100
2022-02-03,3.9595298767089844,7.159999847412109,7.21999979019165,7.070000171661377,7.170000076293945,3745000
2022-02-04,3.9374096393585205,7.119999885559082,7.210000038146973,6.989999771118164,7.159999847412109,7753900
2022-02-07,3.9374096393585205,7.119999885559082,7.260000228881836,7.099999904632568,7.159999847412109,9622400
2022-02-08,3.909759283065796,7.070000171661377,7.210000038146973,7.039999961853027,7.130000114440918,6874000
2022-02-09,3.8378686904907227,6.940000057220459,7.099999904632568,6.880000114440918,7.079999923706055,11310300
2022-02-10,3.7991583347320557,6.869999885559082,7.150000095367432,6.840000152587891,7.039999961853027,15482500
2022-02-11,3.649845600128174,6.599999904632568,6.900000095367432,6.599999904632568,6.869999885559082,11664400
2022-02-14,3.6885569095611572,6.670000076293945,6.71999979019165,6.53000020980835,6.550000190734863,5742400
2022-02-15,3.677496910095215,6.650000095367432,6.690000057220459,6.519999980926514,6.539999961853027,4196000
2022-02-16,3.671966791152954,6.639999866485596,6.78000020980835,6.599999904632568,6.670000076293945,5999500
2022-02-17,3.528184652328491,6.380000114440918,6.590000152587891,6.369999885559082,6.570000171661377,5496100
2022-02-18,3.4839437007904053,6.300000190734863,6.489999771118164,6.289999961853027,6.489999771118164,4431600
2022-02-21,3.4175832271575928,6.179999828338623,6.449999809265137,6.119999885559082,6.400000095367432,4924200
2022-02-22,3.4618239402770996,6.260000228881836,6.309999942779541,6.190000057220459,6.230000019073486,4462200
2022-02-23,3.389932870864868,6.130000114440918,6.349999904632568,6.130000114440918,6.25,5547900
2022-02-24,3.3622827529907227,6.079999923706055,6.119999885559082,5.78000020980835,5.849999904632568,10722700
2022-02-25,3.4286439418792725,6.199999809265137,6.239999771118164,6.0,6.0,7375600
2022-03-02,3.5834853649139404,6.480000019073486,6.519999980926514,6.309999942779541,6.420000076293945,6050000
2022-03-03,3.6664366722106934,6.630000114440918,6.789999961853027,6.539999961853027,6.539999961853027,9975400
2022-03-04,3.727267026901245,6.739999771118164,6.760000228881836,6.519999980926514,6.619999885559082,5557300
2022-03-07,3.749387741088867,6.78000020980835,7.0,6.710000038146973,6.809999942779541,8828500
2022-03-08,3.611135721206665,6.53000020980835,6.900000095367432,6.53000020980835,6.849999904632568,6496300
2022-03-09,3.710676908493042,6.710000038146973,6.789999961853027,6.440000057220459,6.510000228881836,8543300
2022-03-10,3.594545841217041,6.5,6.670000076293945,6.320000171661377,6.5,8186800
2022-03-11,3.5613646507263184,6.440000057220459,6.730000019073486,6.440000057220459,6.539999961853027,6140800
2022-03-14,3.340162515640259,6.039999961853027,6.449999809265137,6.010000228881836,6.349999904632568,7304600
2022-03-15,3.1631999015808105,5.71999979019165,5.989999771118164,5.670000076293945,5.989999771118164,7914400
2022-03-16,3.135549306869507,5.670000076293945,6.019999980926514,5.599999904632568,6.0,11554600
2022-03-17,3.1797900199890137,5.75,5.809999942779541,5.690000057220459,5.739999771118164,5197300
2022-03-18,3.395463228225708,6.139999866485596,6.139999866485596,5.75,5.78000020980835,11521000
2022-03-21,3.4120535850524902,6.170000076293945,6.230000019073486,6.079999923706055,6.130000114440918,4823900
2022-03-22,3.44523286819458,6.230000019073486,6.329999923706055,6.130000114440918,6.139999866485596,5612300
2022-03-23,3.378872871398926,6.110000133514404,6.300000190734863,6.110000133514404,6.230000019073486,4708200
2022-03-24,3.395463228225708,6.139999866485596,6.179999828338623,6.039999961853027,6.130000114440918,7669000
2022-03-25,3.4009928703308105,6.150000095367432,6.300000190734863,6.130000114440918,6.150000095367432,5572500
2022-03-28,3.3678126335144043,6.090000152587891,6.21999979019165,6.070000171661377,6.199999809265137,6540000
2022-03-29,3.334632635116577,6.03000020980835,6.190000057220459,6.010000228881836,6.150000095367432,6202500
2022-03-30,3.378872871398926,6.110000133514404,6.269999980926514,6.059999942779541,6.099999904632568,8251900
2022-03-31,3.334632635116577,6.03000020980835,6.179999828338623,6.03000020980835,6.130000114440918,5356700
2022-04-01,3.3844027519226074,6.119999885559082,6.21999979019165,6.079999923706055,6.090000152587891,4228800
2022-04-04,3.4286439418792725,6.199999809265137,6.300000190734863,6.110000133514404,6.130000114440918,4189500
2022-04-05,3.29592227935791,5.960000038146973,6.179999828338623,5.949999809265137,6.179999828338623,6674400
2022-04-06,3.268270492553711,5.909999847412109,5.96999979019165,5.829999923706055,5.96999979019165,6033600
2022-04-07,3.2516818046569824,5.880000114440918,5.920000076293945,5.800000190734863,5.840000152587891,4255800
2022-04-08,3.2240302562713623,5.829999923706055,5.869999885559082,5.71999979019165,5.849999904632568,7194200
2022-04-11,3.246150493621826,5.869999885559082,5.920000076293945,5.71999979019165,5.75,4406500
2022-04-12,3.2074403762817383,5.800000190734863,5.980000019073486,5.739999771118164,5.980000019073486,9284100
2022-04-13,3.2406208515167236,5.860000133514404,5.949999809265137,5.78000020980835,5.78000020980835,6046300
2022-04-14,3.2185003757476807,5.820000171661377,5.849999904632568,5.769999980926514,5.809999942779541,2949100
2022-04-18,3.212970495223999,5.809999942779541,5.849999904632568,5.71999979019165,5.78000020980835,3062500
2022-04-19,3.212970495223999,5.809999942779541,5.829999923706055,5.710000038146973,5.760000228881836,3119300
2022-04-20,3.080249071121216,5.570000171661377,5.789999961853027,5.559999942779541,5.769999980926514,5588600
2022-04-22,2.9862382411956787,5.400000095367432,5.570000171661377,5.380000114440918,5.510000228881836,5098100
2022-04-25,2.9530577659606934,5.340000152587891,5.360000133514404,5.210000038146973,5.269999980926514,5416100
2022-04-26,2.8037450313568115,5.070000171661377,5.360000133514404,5.070000171661377,5.340000152587891,5987900
2022-04-27,2.859046220779419,5.170000076293945,5.269999980926514,5.150000095367432,5.210000038146973,5434300
2022-04-28,2.875635862350464,5.199999809265137,5.28000020980835,5.110000133514404,5.239999771118164,4946400
2022-04-29,2.875635862350464,5.199999809265137,5.409999847412109,5.159999847412109,5.260000228881836,8330100
2022-05-02,2.935955762863159,4.840000152587891,4.869999885559082,4.690000057220459,4.809999942779541,7669300
2022-05-03,3.0572762489318848,5.039999961853027,5.119999885559082,4.829999923706055,4.880000114440918,8960800
2022-05-04,3.1785967350006104,5.239999771118164,5.300000190734863,4.949999809265137,5.010000228881836,9106200
2022-05-05,2.966285467147827,4.889999866485596,5.199999809265137,4.860000133514404,5.150000095367432,10706000
2022-05-06,2.887427568435669,4.760000228881836,4.900000095367432,4.739999771118164,4.869999885559082,5976900
2022-05-09,2.7964372634887695,4.610000133514404,4.690000057220459,4.559999942779541,4.690000057220459,6420500
2022-05-10,2.5962584018707275,4.28000020980835,4.650000095367432,4.28000020980835,4.579999923706055,12910700
2022-05-11,2.6265883445739746,4.329999923706055,4.480000019073486,4.289999961853027,4.329999923706055,11468400
2022-05-12,2.5416641235351562,4.190000057220459,4.260000228881836,4.139999866485596,4.260000228881836,9168800
2022-05-13,2.6326544284820557,4.340000152587891,4.380000114440918,4.210000038146973,4.25,6604800
2022-05-16,2.6205224990844727,4.320000171661377,4.389999866485596,4.269999980926514,4.380000114440918,6602300
2022-05-17,2.5901925563812256,4.269999980926514,4.449999809265137,4.269999980926514,4.409999847412109,9178300
2022-05-18,2.474937677383423,4.079999923706055,4.239999771118164,4.079999923706055,4.239999771118164,8863800
2022-05-19,2.699380874633789,4.449999809265137,4.480000019073486,4.099999904632568,4.110000133514404,14710900
2022-05-20,2.7964372634887695,4.610000133514404,4.699999809265137,4.550000190734863,4.559999942779541,9851500
2022-05-23,2.8146352767944336,4.639999866485596,4.800000190734863,4.619999885559082,4.710000038146973,7900600
2022-05-24,2.8025033473968506,4.619999885559082,4.670000076293945,4.46999979019165,4.510000228881836,4746100
2022-05-25,2.7903709411621094,4.599999904632568,4.659999847412109,4.590000152587891,4.619999885559082,5769700
2022-05-26,2.8328330516815186,4.670000076293945,4.699999809265137,4.579999923706055,4.579999923706055,4030100
2022-05-27,2.869229793548584,4.730000019073486,4.840000152587891,4.690000057220459,4.71999979019165,8569900
2022-05-30,2.887427568435669,4.760000228881836,4.789999961853027,4.710000038146973,4.75,3221400
2022-05-31,2.929889440536499,4.829999923706055,4.909999847412109,4.78000020980835,4.78000020980835,6305700
2022-06-01,2.942021369934082,4.849999904632568,4.920000076293945,4.809999942779541,4.829999923706055,4247400
2022-06-02,3.2149927616119385,5.300000190734863,5.340000152587891,4.949999809265137,4.949999809265137,14614500
2022-06-03,3.12400221824646,5.150000095367432,5.320000171661377,5.139999866485596,5.300000190734863,6212000
2022-06-06,3.184662342071533,5.25,5.25,5.130000114440918,5.230000019073486,5984500
2022-06-07,3.111870527267456,5.130000114440918,5.25,5.119999885559082,5.199999809265137,6373800
2022-06-08,3.0451443195343018,5.019999980926514,5.230000019073486,4.980000019073486,5.039999961853027,12623700
2022-06-09,3.0451443195343018,5.019999980926514,5.170000076293945,4.940000057220459,4.989999771118164,8675800
2022-06-10,3.1664648056030273,5.21999979019165,5.260000228881836,4.849999904632568,4.960000038146973,10563800
2022-06-13,3.0754740238189697,5.070000171661377,5.150000095367432,4.929999828338623,5.059999942779541,11004200
2022-06-14,2.911691665649414,4.800000190734863,5.110000133514404,4.760000228881836,5.090000152587891,8980700
2022-06-15,2.869229793548584,4.730000019073486,4.849999904632568,4.650000095367432,4.849999904632568,11305900
2022-06-17,2.7418429851531982,4.519999980926514,4.639999866485596,4.46999979019165,4.599999904632568,10302300
2022-06-20,2.6326544284820557,4.340000152587891,4.440000057220459,4.320000171661377,4.369999885559082,8062800
2022-06-21,2.6083900928497314,4.300000190734863,4.460000038146973,4.289999961853027,4.420000076293945,6499600
2022-06-22,2.5659279823303223,4.230000019073486,4.28000020980835,4.139999866485596,4.190000057220459,7512900
2022-06-23,2.493136167526245,4.110000133514404,4.349999904632568,4.090000152587891,4.300000190734863,10209200
2022-06-24,2.51133394241333,4.139999866485596,4.190000057220459,4.070000171661377,4.159999847412109,8465400
2022-06-27,2.5659279823303223,4.230000019073486,4.309999942779541,4.21999979019165,4.260000228881836,5054400
2022-06-28,2.5416641235351562,4.190000057220459,4.320000171661377,4.159999847412109,4.300000190734863,6903100
2022-06-29,2.499202013015747,4.119999885559082,4.21999979019165,4.099999904632568,4.210000038146973,7000300
2022-06-30,2.3414855003356934,3.859999895095825,4.079999923706055,3.859999895095825,4.070000171661377,16174500
2022-07-01,2.311154842376709,3.809999942779541,3.859999895095825,3.6700000762939453,3.8399999141693115,9434300
2022-07-04,2.250495195388794,3.7100000381469727,3.799999952316284,3.640000104904175,3.7300000190734863,9487000
2022-07-05,2.2019662857055664,3.630000114440918,3.690000057220459,3.5199999809265137,3.6700000762939453,11904100
2022-07-06,2.2080330848693848,3.640000104904175,3.700000047683716,3.569999933242798,3.609999895095825,9962600
2022-07-07,2.250495195388794,3.7100000381469727,3.809999942779541,3.7100000381469727,3.7699999809265137,5855000
2022-07-08,2.238363027572632,3.690000057220459,3.7799999713897705,3.6600000858306885,3.7200000286102295,6943700
2022-07-11,2.135240316390991,3.5199999809265137,3.630000114440918,3.509999990463257,3.5799999237060547,5531600
2022-07-12,2.1291744709014893,3.509999990463257,3.559999942779541,3.450000047683716,3.509999990463257,6257100
2022-07-13,2.117042303085327,3.490000009536743,3.549999952316284,3.450000047683716,3.4800000190734863,8191600
2022-07-14,2.019986152648926,3.3299999237060547,3.440000057220459,3.3299999237060547,3.430000066757202,8387800
2022-07-15,2.026052236557007,3.3399999141693115,3.390000104904175,3.2799999713897705,3.309999942779541,6239700
2022-07-18,2.019986152648926,3.3299999237060547,3.490000009536743,3.319999933242798,3.430000066757202,9220000
2022-07-19,2.08671236038208,3.440000057220459,3.450000047683716,3.3299999237060547,3.3399999141693115,5055200
2022-07-20,2.117042303085327,3.490000009536743,3.490000009536743,3.4000000953674316,3.440000057220459,5226300
2022-07-21,2.117042303085327,3.490000009536743,3.5199999809265137,3.440000057220459,3.4700000286102295,5380100
2022-07-22,2.062448263168335,3.4000000953674316,3.680000066757202,3.369999885559082,3.5399999618530273,15583800
2022-07-25,2.044250011444092,3.369999885559082,3.5199999809265137,3.369999885559082,3.509999990463257,10578400
2022-07-26,1.9896559715270996,3.2799999713897705,3.430000066757202,3.2699999809265137,3.4200000762939453,10646400
2022-07-27,2.08671236038208,3.440000057220459,3.440000057220459,3.2899999618530273,3.299999952316284,7940200
2022-07-28,2.1473724842071533,3.5399999618530273,3.569999933242798,3.450000047683716,3.509999990463257,8491700
2022-07-29,2.123108386993408,3.5,3.549999952316284,3.440000057220459,3.5399999618530273,8184300
2022-08-01,2.110976457595825,3.4800000190734863,3.5199999809265137,3.440000057220459,3.5,6983300
2022-08-02,2.1534385681152344,3.549999952316284,3.569999933242798,3.430000066757202,3.5,8329600
2022-08-03,2.1291744709014893,3.509999990463257,3.5799999237060547,3.4700000286102295,3.559999942779541,6072600
2022-08-04,2.2201647758483887,3.6600000858306885,3.7100000381469727,3.490000009536743,3.5199999809265137,13517500
2022-08-05,2.244429111480713,3.700000047683716,3.740000009536743,3.640000104904175,3.700000047683716,5664300
2022-08-08,2.244429111480713,3.700000047683716,3.7799999713897705,3.680000066757202,3.759999990463257,9045900
2022-08-09,2.274759292602539,3.75,3.75,3.640000104904175,3.680000066757202,7163500
2022-08-10,2.3536174297332764,3.880000114440918,3.890000104904175,3.7799999713897705,3.7799999713897705,6236500
2022-08-11,2.3536174297332764,3.880000114440918,3.9800000190734863,3.869999885559082,3.9000000953674316,9068800
2022-08-12,2.3900132179260254,3.940000057220459,3.9800000190734863,3.880000114440918,3.880000114440918,8182300
2022-08-15,2.3596832752227783,3.890000104904175,3.9000000953674316,3.8399999141693115,3.859999895095825,6177700
2022-08-16,2.335418939590454,3.8499999046325684,3.9000000953674316,3.819999933242798,3.859999895095825,12697500
2022-08-17,2.4385416507720947,4.019999980926514,4.059999942779541,3.759999990463257,3.8499999046325684,17663500
2022-08-18,2.3839476108551025,3.930000066757202,4.050000190734863,3.9000000953674316,4.03000020980835,11064200
2022-08-19,2.262627124786377,3.7300000190734863,3.9100000858306885,3.7200000286102295,3.9000000953674316,8159800
2022-08-22,2.2140989303588867,3.6500000953674316,3.7100000381469727,3.5899999141693115,3.7100000381469727,7518500
2022-08-23,2.3718156814575195,3.9100000858306885,3.9200000762939453,3.6600000858306885,3.680000066757202,8039000
2022-08-24,2.3839476108551025,3.930000066757202,3.9800000190734863,3.8499999046325684,3.9200000762939453,8432700
2022-08-25,2.3778815269470215,3.9200000762939453,3.9800000190734863,3.880000114440918,3.950000047683716,6266000
2022-08-26,2.3293533325195312,3.8399999141693115,4.03000020980835,3.8399999141693115,3.940000057220459,6740000
2022-08-29,2.299023151397705,3.7899999618530273,3.8499999046325684,3.7699999809265137,3.799999952316284,5030900
2022-08-30,2.1959011554718018,3.619999885559082,3.809999942779541,3.609999895095825,3.7699999809265137,8338600
2022-08-31,2.1959011554718018,3.619999885559082,3.6700000762939453,3.5799999237060547,3.6500000953674316,8855000
2022-09-01,2.1837687492370605,3.5999999046325684,3.5999999046325684,3.4800000190734863,3.559999942779541,11720000
2022-09-02,2.1595046520233154,3.559999942779541,3.680000066757202,3.5299999713897705,3.619999885559082,14130000
2022-09-05,2.2080330848693848,3.640000104904175,3.740000009536743,3.609999895095825,3.630000114440918,4539700
2022-09-06,2.1534385681152344,3.549999952316284,3.640000104904175,3.549999952316284,3.640000104904175,4969900
2022-09-08,2.1534385681152344,3.549999952316284,3.5899999141693115,3.4600000381469727,3.5799999237060547,11018400
2022-09-09,2.268692970275879,3.740000009536743,3.75,3.5999999046325684,3.5999999046325684,11106600
2022-09-12,2.286890983581543,3.7699999809265137,3.819999933242798,3.75,3.7899999618530273,5269800
2022-09-13,2.2262308597564697,3.6700000762939453,3.759999990463257,3.6600000858306885,3.7300000190734863,7739500
2022-09-14,2.1837687492370605,3.5999999046325684,3.6700000762939453,3.569999933242798,3.6700000762939453,8573400
2022-09-15,2.1473724842071533,3.5399999618530273,3.619999885559082,3.509999990463257,3.5799999237060547,5100900
2022-09-16,2.123108386993408,3.5,3.5299999713897705,3.4700000286102295,3.5,9448400
2022-09-19,2.1595046520233154,3.559999942779541,3.559999942779541,3.450000047683716,3.490000009536743,11326400
2022-09-20,2.1473724842071533,3.5399999618530273,3.559999942779541,3.450000047683716,3.5399999618530273,10687900
2022-09-21,2.08671236038208,3.440000057220459,3.5199999809265137,3.430000066757202,3.5199999809265137,15507000
2022-09-22,2.1777026653289795,3.5899999141693115,3.5899999141693115,3.4800000190734863,3.5,10715500
2022-09-23,2.098844528198242,3.4600000381469727,3.559999942779541,3.4100000858306885,3.5399999618530273,11125300
2022-09-26,2.0381839275360107,3.359999895095825,3.4700000286102295,3.359999895095825,3.430000066757202,8884400
2022-09-27,2.032118082046509,3.3499999046325684,3.4600000381469727,3.3299999237060547,3.4100000858306885,9712600
2022-09-28,2.0017876625061035,3.299999952316284,3.380000114440918,3.2699999809265137,3.380000114440918,13200000
2022-09-29,1.9593260288238525,3.2300000190734863,3.2799999713897705,3.180000066757202,3.259999990463257,7571400
2022-09-30,2.0078542232513428,3.309999942779541,3.3399999141693115,3.180000066757202,3.2300000190734863,16498500
2022-10-03,2.123108386993408,3.5,3.509999990463257,3.3399999141693115,3.369999885559082,9103100
2022-10-04,2.238363027572632,3.690000057220459,3.7300000190734863,3.549999952316284,3.549999952316284,13169900
2022-10-05,2.238363027572632,3.690000057220459,3.7300000190734863,3.6500000953674316,3.700000047683716,7458100
2022-10-06,2.250495195388794,3.7100000381469727,3.7100000381469727,3.5999999046325684,3.700000047683716,10335500
2022-10-07,2.250495195388794,3.7100000381469727,3.7699999809265137,3.6500000953674316,3.6700000762939453,7286400
2022-10-10,2.23229718208313,3.680000066757202,3.759999990463257,3.6600000858306885,3.7200000286102295,4584800
2022-10-11,2.1837687492370605,3.5999999046325684,3.6700000762939453,3.569999933242798,3.6500000953674316,5152000
2022-10-13,2.062448263168335,3.4000000953674316,3.5399999618530273,3.359999895095825,3.5399999618530273,18071200
2022-10-14,1.977523922920227,3.259999990463257,3.430000066757202,3.25,3.4100000858306885,12366500
2022-10-17,1.983589768409729,3.2699999809265137,3.299999952316284,3.240000009536743,3.299999952316284,8005200
2022-10-18,2.0381839275360107,3.359999895095825,3.4100000858306885,3.319999933242798,3.3299999237060547,6196900
2022-10-19,1.995721697807312,3.2899999618530273,3.380000114440918,3.259999990463257,3.3499999046325684,7459900
2022-10-20,2.0381839275360107,3.359999895095825,3.430000066757202,3.2799999713897705,3.299999952316284,8777400
2022-10-21,2.1049106121063232,3.4700000286102295,3.5,3.299999952316284,3.3299999237060547,6210900
2022-10-24,2.062448263168335,3.4000000953674316,3.450000047683716,3.369999885559082,3.430000066757202,5146800
2022-10-25,2.0139200687408447,3.319999933242798,3.4100000858306885,3.319999933242798,3.380000114440918,5946700
2022-10-26,1.977523922920227,3.259999990463257,3.3399999141693115,3.2300000190734863,3.3299999237060547,11801900
2022-10-27,2.019986152648926,3.3299999237060547,3.369999885559082,3.200000047683716,3.2799999713897705,10957100
2022-10-28,1.977523922920227,3.259999990463257,3.2899999618530273,3.2100000381469727,3.2699999809265137,10587800
2022-10-31,2.0017876625061035,3.299999952316284,3.3299999237060547,3.1600000858306885,3.190000057220459,10038400
2022-11-01,2.1534385681152344,3.549999952316284,3.5799999237060547,3.319999933242798,3.3299999237060547,18555600
2022-11-03,2.1291744709014893,3.509999990463257,3.549999952316284,3.390000104904175,3.549999952316284,9269000
2022-11-04,2.238363027572632,3.690000057220459,3.740000009536743,3.619999885559082,3.619999885559082,12681200
2022-11-07,2.2201647758483887,3.6600000858306885,3.75,3.630000114440918,3.680000066757202,7614900
2022-11-08,2.4385416507720947,4.019999980926514,4.050000190734863,3.859999895095825,3.9000000953674316,29678200
2022-11-09,2.4082114696502686,3.9700000286102295,4.139999866485596,3.9600000381469727,4.059999942779541,18450000
2022-11-10,2.474937677383423,4.079999923706055,4.090000152587891,3.869999885559082,3.9700000286102295,23144200
2022-11-11,2.574150562286377,3.7799999713897705,3.8399999141693115,3.6500000953674316,3.8299999237060547,25289000
2022-11-14,2.574150562286377,3.7799999713897705,3.869999885559082,3.700000047683716,3.809999942779541,11623100
2022-11-16,2.6286303997039795,3.859999895095825,3.9200000762939453,3.740000009536743,3.7799999713897705,11441200
2022-11-17,2.5605311393737793,3.759999990463257,3.7799999713897705,3.6700000762939453,3.75,10665500
2022-11-18,2.472001791000366,3.630000114440918,3.8499999046325684,3.630000114440918,3.8499999046325684,8321300
2022-11-21,2.4243323802948,3.559999942779541,3.6600000858306885,3.5199999809265137,3.640000104904175,6842700
2022-11-22,2.431142568588257,3.569999933242798,3.690000057220459,3.549999952316284,3.559999942779541,8326200
2022-11-23,2.4379522800445557,3.5799999237060547,3.619999885559082,3.450000047683716,3.549999952316284,11672400
2022-11-24,2.4788119792938232,3.640000104904175,3.7100000381469727,3.5899999141693115,3.619999885559082,3625800
2022-11-25,2.4515724182128906,3.5999999046325684,3.7699999809265137,3.5799999237060547,3.680000066757202,6504300
2022-11-28,2.41752290725708,3.549999952316284,3.5799999237060547,3.509999990463257,3.5799999237060547,3009800
2022-11-29,2.601391077041626,3.819999933242798,3.859999895095825,3.5799999237060547,3.5799999237060547,12048600
2022-11-30,2.6354401111602783,3.869999885559082,3.950000047683716,3.809999942779541,3.859999895095825,11176200
2022-12-01,2.59458065032959,3.809999942779541,3.859999895095825,3.7799999713897705,3.859999895095825,4497000
2022-12-02,2.59458065032959,3.809999942779541,3.880000114440918,3.740000009536743,3.859999895095825,6128200
2022-12-05,2.587770938873291,3.799999952316284,3.9700000286102295,3.7799999713897705,3.8399999141693115,9366600
2022-12-06,2.59458065032959,3.809999942779541,3.8499999046325684,3.7300000190734863,3.819999933242798,8302100
2022-12-07,2.5605311393737793,3.759999990463257,3.799999952316284,3.7300000190734863,3.759999990463257,4323600
2022-12-08,2.5196714401245117,3.700000047683716,3.8499999046325684,3.680000066757202,3.7899999618530273,8929800
2022-12-09,2.771638870239258,4.070000171661377,4.079999923706055,3.75,3.75,24405200
2022-12-12,2.6150104999542236,3.8399999141693115,4.019999980926514,3.799999952316284,4.0,11857900
2022-12-13,2.587770938873291,3.799999952316284,3.950000047683716,3.7300000190734863,3.859999895095825,10883300
2022-12-14,2.6490602493286133,3.890000104904175,3.940000057220459,3.740000009536743,3.799999952316284,13978400
2022-12-15,2.6286303997039795,3.859999895095825,4.039999961853027,3.8499999046325684,3.940000057220459,10268500
2022-12-16,2.6150104999542236,3.8399999141693115,3.950000047683716,3.809999942779541,3.859999895095825,8843500
2022-12-19,2.6150104999542236,3.8399999141693115,3.880000114440918,3.7200000286102295,3.7899999618530273,8039400
2022-12-20,2.6967296600341797,3.9600000381469727,4.03000020980835,3.8399999141693115,3.8399999141693115,7973700
2022-12-21,2.683109760284424,3.940000057220459,4.050000190734863,3.9200000762939453,4.039999961853027,6502300
2022-12-22,2.7239692211151123,4.0,4.019999980926514,3.880000114440918,3.940000057220459,7429200
2022-12-23,2.744398832321167,4.03000020980835,4.059999942779541,3.9600000381469727,4.0,9097300
2022-12-26,2.744398832321167,4.03000020980835,4.079999923706055,4.010000228881836,4.03000020980835,2944300
2022-12-27,2.7784485816955566,4.079999923706055,4.119999885559082,4.019999980926514,4.079999923706055,6818500
2022-12-28,2.7988786697387695,4.110000133514404,4.159999847412109,4.079999923706055,4.090000152587891,5580200
2022-12-29,2.7893025875091553,4.079999923706055,4.170000076293945,4.059999942779541,4.150000095367432,5939200
2023-01-02,2.7619566917419434,4.039999961853027,4.099999904632568,3.9700000286102295,4.099999904632568,4162100
2023-01-03,2.727773666381836,3.990000009536743,4.090000152587891,3.9600000381469727,4.03000020980835,8068500
2023-01-04,2.7209372520446777,3.9800000190734863,4.03000020980835,3.9100000858306885,4.019999980926514,7613500
2023-01-05,2.7687926292419434,4.050000190734863,4.079999923706055,3.9000000953674316,4.0,11753600
2023-01-06,2.9397060871124268,4.300000190734863,4.349999904632568,4.099999904632568,4.099999904632568,19131500
2023-01-09,2.9123599529266357,4.260000228881836,4.340000152587891,4.190000057220459,4.21999979019165,9457400
2023-01-10,3.1037826538085938,4.539999961853027,4.570000171661377,4.28000020980835,4.28000020980835,12877300
2023-01-11,3.0901095867156982,4.519999980926514,4.619999885559082,4.519999980926514,4.599999904632568,11297100
2023-01-12,3.0969464778900146,4.53000020980835,4.599999904632568,4.519999980926514,4.550000190734863,7379300
2023-01-13,3.1311287879943848,4.579999923706055,4.599999904632568,4.489999771118164,4.539999961853027,6488400
2023-01-16,3.0149078369140625,4.409999847412109,4.489999771118164,4.400000095367432,4.489999771118164,4760000
2023-01-17,3.1037826538085938,4.539999961853027,4.559999942779541,4.440000057220459,4.46999979019165,5806100
2023-01-18,3.240513324737549,4.739999771118164,4.840000152587891,4.690000057220459,4.690000057220459,12981000
2023-01-19,3.220003128051758,4.710000038146973,4.769999980926514,4.639999866485596,4.739999771118164,8825100
2023-01-20,3.2336769104003906,4.730000019073486,4.860000133514404,4.71999979019165,4.71999979019165,8345300
2023-01-23,3.356733560562134,4.909999847412109,4.929999828338623,4.769999980926514,4.769999980926514,7061600
2023-01-24,3.4250998497009277,5.010000228881836,5.039999961853027,4.900000095367432,4.940000057220459,6837800
2023-01-25,3.527646780014038,5.159999847412109,5.179999828338623,5.010000228881836,5.010000228881836,7117400
2023-01-26,3.568666458129883,5.21999979019165,5.260000228881836,5.170000076293945,5.190000057220459,5739100
2023-01-27,3.5139739513397217,5.139999866485596,5.260000228881836,5.059999942779541,5.21999979019165,7454700
2023-01-30,3.527646780014038,5.159999847412109,5.300000190734863,5.119999885559082,5.199999809265137,6153700
2023-01-31,3.6507046222686768,5.340000152587891,5.400000095367432,5.170000076293945,5.170000076293945,11767200
2023-02-01,3.6507046222686768,5.340000152587891,5.389999866485596,5.239999771118164,5.329999923706055,7430400
2023-02-02,3.390916585922241,4.960000038146973,5.300000190734863,4.940000057220459,5.25,12985300
2023-02-03,3.384079694747925,4.949999809265137,5.099999904632568,4.920000076293945,4.920000076293945,8418600
2023-02-06,3.356733560562134,4.909999847412109,5.0,4.869999885559082,4.949999809265137,10292100
2023-02-07,3.3704071044921875,4.929999828338623,4.949999809265137,4.849999904632568,4.889999866485596,5573500
2023-02-08,3.4045894145965576,4.980000019073486,5.0,4.880000114440918,4.940000057220459,5043500
2023-02-09,3.3430607318878174,4.889999866485596,5.099999904632568,4.880000114440918,5.039999961853027,7848100
2023-02-10,3.3498971462249756,4.900000095367432,4.96999979019165,4.840000152587891,4.880000114440918,5061100
2023-02-13,3.302042007446289,4.829999923706055,4.889999866485596,4.699999809265137,4.880000114440918,5089200
2023-02-14,3.2610228061676025,4.769999980926514,4.909999847412109,4.769999980926514,4.849999904632568,6176000
2023-02-15,3.4319357872009277,5.019999980926514,5.039999961853027,4.78000020980835,4.809999942779541,14520300
2023-02-16,3.3498971462249756,4.900000095367432,5.119999885559082,4.900000095367432,5.03000020980835,7190200
2023-02-17,3.356733560562134,4.909999847412109,4.940000057220459,4.840000152587891,4.909999847412109,5210400
2023-02-22,3.356733560562134,4.909999847412109,4.940000057220459,4.840000152587891,4.869999885559082,4252000
2023-02-23,3.3430607318878174,4.889999866485596,4.980000019073486,4.769999980926514,4.909999847412109,8713800
2023-02-24,3.158474922180176,4.619999885559082,4.920000076293945,4.610000133514404,4.829999923706055,9630300
2023-02-27,3.165311574935913,4.630000114440918,4.659999847412109,4.53000020980835,4.579999923706055,5881700
2023-02-28,3.1858208179473877,4.659999847412109,4.690000057220459,4.610000133514404,4.619999885559082,8043700
2023-03-01,3.2678592205047607,4.78000020980835,4.920000076293945,4.75,4.75,12292300
2023-03-02,3.32938814163208,4.869999885559082,4.880000114440918,4.769999980926514,4.800000190734863,8244100
2023-03-03,3.411426305770874,4.989999771118164,5.03000020980835,4.869999885559082,4.880000114440918,5243600
2023-03-06,3.411426305770874,4.989999771118164,5.019999980926514,4.880000114440918,4.949999809265137,7202700
2023-03-07,3.3704071044921875,4.929999828338623,5.019999980926514,4.880000114440918,5.010000228881836,6358900
2023-03-08,3.4729549884796143,5.079999923706055,5.099999904632568,4.900000095367432,4.960000038146973,8147200
2023-03-09,3.302042007446289,4.829999923706055,5.199999809265137,4.829999923706055,5.190000057220459,20504000
2023-03-10,3.247349500656128,4.75,4.949999809265137,4.690000057220459,4.829999923706055,8098700
2023-03-13,3.3430607318878174,4.889999866485596,4.920000076293945,4.679999828338623,4.71999979019165,8110400
2023-03-14,3.3225512504577637,4.860000133514404,4.949999809265137,4.809999942779541,4.880000114440918,6052400
2023-03-15,3.2063307762145996,4.690000057220459,4.829999923706055,4.590000152587891,4.760000228881836,12072900
2023-03-16,3.1994941234588623,4.679999828338623,4.75,4.619999885559082,4.71999979019165,11542600
2023-03-17,3.158474922180176,4.619999885559082,4.760000228881836,4.599999904632568,4.679999828338623,7401700
2023-03-20,3.2063307762145996,4.690000057220459,4.699999809265137,4.559999942779541,4.570000171661377,5709000
2023-03-21,3.076436758041382,4.5,4.710000038146973,4.480000019073486,4.659999847412109,6921700
2023-03-22,3.0901095867156982,4.519999980926514,4.599999904632568,4.460000038146973,4.46999979019165,8119000
2023-03-23,3.0627636909484863,4.480000019073486,4.630000114440918,4.409999847412109,4.510000228881836,5803900
2023-03-24,3.1037826538085938,4.539999961853027,4.559999942779541,4.460000038146973,4.5,8238100
2023-03-27,3.0695998668670654,4.489999771118164,4.619999885559082,4.460000038146973,4.610000133514404,5618200
2023-03-28,3.11061954498291,4.550000190734863,4.639999866485596,4.480000019073486,4.510000228881836,6613700
2023-03-29,3.137965440750122,4.590000152587891,4.659999847412109,4.550000190734863,4.599999904632568,5268800
2023-03-30,3.2678592205047607,4.78000020980835,4.800000190734863,4.630000114440918,4.679999828338623,5906500
2023-03-31,3.308877944946289,4.840000152587891,4.920000076293945,4.769999980926514,4.800000190734863,8021600
2023-04-03,3.226839780807495,4.71999979019165,4.840000152587891,4.599999904632568,4.840000152587891,8021100
2023-04-04,3.1516385078430176,4.610000133514404,4.699999809265137,4.539999961853027,4.699999809265137,8194100
2023-04-05,3.0969464778900146,4.53000020980835,4.630000114440918,4.480000019073486,4.619999885559082,5411800
2023-04-06,3.11745548248291,4.559999942779541,4.579999923706055,4.480000019073486,4.489999771118164,3047700
2023-04-10,3.172147750854492,4.639999866485596,4.670000076293945,4.550000190734863,4.559999942779541,4340600
2023-04-11,3.2952053546905518,4.820000171661377,4.900000095367432,4.75,4.75,7313900
2023-04-12,3.377243757247925,4.940000057220459,4.989999771118164,4.789999961853027,4.840000152587891,7840100
2023-04-13,3.32938814163208,4.869999885559082,4.920000076293945,4.829999923706055,4.909999847412109,7478900
2023-04-14,3.226839780807495,4.71999979019165,4.829999923706055,4.659999847412109,4.829999923706055,8155300
2023-04-17,3.213167428970337,4.699999809265137,4.769999980926514,4.679999828338623,4.730000019073486,5318500
2023-04-18,3.220003128051758,4.710000038146973,4.800000190734863,4.670000076293945,4.789999961853027,6863000
2023-04-19,3.1516385078430176,4.610000133514404,4.679999828338623,4.570000171661377,4.650000095367432,3892200
2023-04-20,3.1858208179473877,4.659999847412109,4.670000076293945,4.559999942779541,4.590000152587891,6165600
2023-04-24,3.0149078369140625,4.409999847412109,4.53000020980835,4.380000114440918,4.519999980926514,11811500
2023-04-25,2.919196367263794,4.269999980926514,4.380000114440918,4.25,4.380000114440918,6898300
2023-04-26,3.0149078369140625,4.409999847412109,4.440000057220459,4.269999980926514,4.269999980926514,7979600
2023-04-27,3.0490903854370117,4.460000038146973,4.489999771118164,4.389999866485596,4.389999866485596,4606800
2023-04-28,3.172147750854492,4.639999866485596,4.679999828338623,4.449999809265137,4.460000038146973,10061900
2023-05-02,3.1687827110290527,4.519999980926514,4.599999904632568,4.440000057220459,4.519999980926514,10213800
2023-05-03,3.133729934692383,4.46999979019165,4.539999961853027,4.440000057220459,4.510000228881836,6873300
2023-05-04,3.049602746963501,4.349999904632568,4.690000057220459,4.260000228881836,4.610000133514404,19265700
2023-05-05,3.20383620262146,4.570000171661377,4.590000152587891,4.380000114440918,4.400000095367432,33812000
2023-05-08,3.351058006286621,4.78000020980835,4.849999904632568,4.630000114440918,4.690000057220459,23043600
2023-05-09,3.4290695190429688,4.550000190734863,4.630000114440918,4.380000114440918,4.420000076293945,11327100
2023-05-10,3.413996934890747,4.53000020980835,4.610000133514404,4.480000019073486,4.559999942779541,6964600
2023-05-11,3.2934141159057617,4.369999885559082,4.489999771118164,4.340000152587891,4.460000038146973,11074400
2023-05-12,3.3235599994659424,4.409999847412109,4.420000076293945,4.320000171661377,4.340000152587891,5801500
2023-05-15,3.3687777519226074,4.46999979019165,4.519999980926514,4.420000076293945,4.460000038146973,7176000
2023-05-16,3.353705883026123,4.449999809265137,4.5,4.400000095367432,4.449999809265137,7684900
2023-05-17,3.5345804691314697,4.690000057220459,4.71999979019165,4.489999771118164,4.5,10284400
2023-05-18,3.564725637435913,4.730000019073486,4.769999980926514,4.659999847412109,4.710000038146973,8218100
2023-05-19,3.6928441524505615,4.900000095367432,4.989999771118164,4.710000038146973,4.75,12159300
2023-05-22,3.602407455444336,4.78000020980835,4.980000019073486,4.760000228881836,4.900000095367432,8267800
2023-05-23,3.5195066928863525,4.670000076293945,4.760000228881836,4.650000095367432,4.75,7858700
2023-05-24,3.406460762023926,4.519999980926514,4.610000133514404,4.480000019073486,4.610000133514404,8419300
2023-05-25,3.413996934890747,4.53000020980835,4.579999923706055,4.489999771118164,4.550000190734863,5088700
2023-05-26,3.451678991317749,4.579999923706055,4.659999847412109,4.539999961853027,4.659999847412109,9003500
2023-05-29,3.444143056869507,4.570000171661377,4.650000095367432,4.570000171661377,4.630000114440918,4461200
2023-05-30,3.3461694717407227,4.440000057220459,4.599999904632568,4.420000076293945,4.599999904632568,6367300
2023-05-31,3.316023588180542,4.400000095367432,4.460000038146973,4.369999885559082,4.420000076293945,6406600
2023-06-01,3.3687777519226074,4.46999979019165,4.510000228881836,4.400000095367432,4.449999809265137,8694100
2023-06-02,3.5195066928863525,4.670000076293945,4.730000019073486,4.619999885559082,4.639999866485596,11128700
2023-06-05,3.564725637435913,4.730000019073486,4.75,4.639999866485596,4.690000057220459,6181300
2023-06-06,3.5948712825775146,4.769999980926514,4.820000171661377,4.710000038146973,4.730000019073486,7798300
2023-06-07,3.4742884635925293,4.610000133514404,4.800000190734863,4.599999904632568,4.78000020980835,14839500
2023-06-09,3.4366064071655273,4.559999942779541,4.679999828338623,4.539999961853027,4.670000076293945,12585300
2023-06-12,3.376315116882324,4.480000019073486,4.53000020980835,4.440000057220459,4.53000020980835,10513600
2023-06-13,3.3235599994659424,4.409999847412109,4.550000190734863,4.369999885559082,4.539999961853027,11759900
2023-06-14,3.3838508129119873,4.489999771118164,4.489999771118164,4.409999847412109,4.449999809265137,20282600
2023-06-15,3.3838508129119873,4.489999771118164,4.53000020980835,4.449999809265137,4.5,10265400
2023-06-16,3.3687777519226074,4.46999979019165,4.539999961853027,4.46999979019165,4.5,11212800
2023-06-19,3.413996934890747,4.53000020980835,4.550000190734863,4.429999828338623,4.46999979019165,7482700
2023-06-20,3.353705883026123,4.449999809265137,4.53000020980835,4.429999828338623,4.519999980926514,8449600
2023-06-21,3.300950765609741,4.380000114440918,4.460000038146973,4.360000133514404,4.449999809265137,12196900
2023-06-22,3.255732297897339,4.320000171661377,4.409999847412109,4.300000190734863,4.369999885559082,7112400
2023-06-23,3.278341054916382,4.349999904632568,4.369999885559082,4.269999980926514,4.300000190734863,7607500
2023-06-26,3.2934141159057617,4.369999885559082,4.400000095367432,4.340000152587891,4.360000133514404,6359100
2023-06-27,3.278341054916382,4.349999904632568,4.440000057220459,4.340000152587891,4.409999847412109,7210600
2023-06-28,3.202977418899536,4.25,4.420000076293945,4.239999771118164,4.360000133514404,11138200
2023-06-29,3.2105135917663574,4.260000228881836,4.28000020980835,4.21999979019165,4.260000228881836,11965900
2023-06-30,3.1502223014831543,4.179999828338623,4.289999961853027,4.179999828338623,4.28000020980835,12922400
2023-07-03,3.1879043579101562,4.230000019073486,4.260000228881836,4.190000057220459,4.190000057220459,5222600
2023-07-04,3.1728317737579346,4.210000038146973,4.239999771118164,4.199999809265137,4.21999979019165,4111800
2023-07-05,3.1577584743499756,4.190000057220459,4.230000019073486,4.170000076293945,4.190000057220459,6127400
2023-07-06,3.105003595352173,4.119999885559082,4.199999809265137,4.119999885559082,4.190000057220459,7519300
2023-07-07,3.1728317737579346,4.210000038146973,4.25,4.119999885559082,4.130000114440918,6141800
2023-07-10,3.105003595352173,4.119999885559082,4.199999809265137,4.099999904632568,4.190000057220459,7123500
2023-07-11,3.105003595352173,4.119999885559082,4.139999866485596,4.079999923706055,4.130000114440918,9019500
2023-07-12,3.105003595352173,4.119999885559082,4.21999979019165,4.119999885559082,4.170000076293945,6275800
2023-07-13,3.1728317737579346,4.210000038146973,4.25,4.139999866485596,4.150000095367432,6399900
2023-07-14,3.1728317737579346,4.210000038146973,4.25,4.179999828338623,4.230000019073486,5056800
2023-07-17,3.1879043579101562,4.230000019073486,4.230000019073486,4.170000076293945,4.210000038146973,5064500
2023-07-18,3.127613067626953,4.150000095367432,4.230000019073486,4.150000095367432,4.199999809265137,8879300
2023-07-19,3.105003595352173,4.119999885559082,4.159999847412109,4.079999923706055,4.150000095367432,6131900
2023-07-20,3.0748581886291504,4.079999923706055,4.170000076293945,4.079999923706055,4.150000095367432,5390800
2023-07-21,3.127613067626953,4.150000095367432,4.150000095367432,4.079999923706055,4.090000152587891,5431800
2023-07-24,3.255732297897339,4.320000171661377,4.340000152587891,4.110000133514404,4.139999866485596,10184400
2023-07-25,3.3310961723327637,4.420000076293945,4.539999961853027,4.369999885559082,4.380000114440918,9682500
2023-07-26,3.3612420558929443,4.460000038146973,4.46999979019165,4.369999885559082,4.429999828338623,4973700
2023-07-27,3.2708048820495605,4.340000152587891,4.5,4.340000152587891,4.460000038146973,5498400
2023-07-28,3.2331230640411377,4.289999961853027,4.360000133514404,4.25,4.340000152587891,4886100
2023-07-31,3.353705883026123,4.449999809265137,4.449999809265137,4.289999961853027,4.320000171661377,8154800
2023-08-01,3.316023588180542,4.400000095367432,4.449999809265137,4.369999885559082,4.449999809265137,3768600
2023-08-02,3.255732297897339,4.320000171661377,4.400000095367432,4.28000020980835,4.400000095367432,7021000
2023-08-03,3.2331230640411377,4.289999961853027,4.340000152587891,4.25,4.320000171661377,7080400
2023-08-04,3.1728317737579346,4.210000038146973,4.289999961853027,4.210000038146973,4.260000228881836,7445400
2023-08-07,3.218050003051758,4.269999980926514,4.269999980926514,4.179999828338623,4.210000038146973,4781100
2023-08-08,3.165294885635376,4.199999809265137,4.21999979019165,4.159999847412109,4.21999979019165,5409600
2023-08-09,3.120076894760132,4.139999866485596,4.210000038146973,4.110000133514404,4.199999809265137,6024100
2023-08-10,3.1125407218933105,4.130000114440918,4.170000076293945,4.110000133514404,4.150000095367432,5284100
2023-08-11,3.120076894760132,4.139999866485596,4.170000076293945,4.099999904632568,4.130000114440918,3917800
2023-08-14,3.105003595352173,4.119999885559082,4.150000095367432,4.090000152587891,4.119999885559082,6289700
2023-08-15,3.0748581886291504,4.079999923706055,4.150000095367432,4.070000171661377,4.119999885559082,4648100
2023-08-16,3.05224871635437,4.050000190734863,4.110000133514404,4.050000190734863,4.110000133514404,7245500
2023-08-17,3.05224871635437,4.050000190734863,4.139999866485596,4.050000190734863,4.110000133514404,5299600
2023-08-18,3.0597856044769287,4.059999942779541,4.090000152587891,4.019999980926514,4.050000190734863,5508100
2023-08-21,3.0597856044769287,4.059999942779541,4.059999942779541,4.019999980926514,4.050000190734863,6183500
2023-08-22,3.0974674224853516,4.110000133514404,4.159999847412109,4.079999923706055,4.099999904632568,6253900
2023-08-23,3.1577584743499756,4.190000057220459,4.190000057220459,4.099999904632568,4.150000095367432,7776500
2023-08-24,3.0899312496185303,4.099999904632568,4.199999809265137,4.099999904632568,4.190000057220459,7717500
2023-08-25,3.08239483833313,4.090000152587891,4.130000114440918,4.059999942779541,4.110000133514404,3727700
2023-08-28,3.120076894760132,4.139999866485596,4.139999866485596,4.079999923706055,4.110000133514404,5944700
2023-08-29,3.1879043579101562,4.230000019073486,4.269999980926514,4.150000095367432,4.150000095367432,6442300
2023-08-30,3.278341054916382,4.349999904632568,4.380000114440918,4.25,4.260000228881836,8035300
2023-08-31,3.2255866527557373,4.28000020980835,4.389999866485596,4.28000020980835,4.380000114440918,6188300
2023-09-01,3.2858777046203613,4.360000133514404,4.389999866485596,4.289999961853027,4.329999923706055,7140400
2023-09-04,3.3235599994659424,4.409999847412109,4.480000019073486,4.369999885559082,4.369999885559082,5775800
2023-09-05,3.26326847076416,4.329999923706055,4.420000076293945,4.320000171661377,4.409999847412109,8290700
2023-09-06,3.2331230640411377,4.289999961853027,4.349999904632568,4.260000228881836,4.320000171661377,6245300
2023-09-08,3.1728317737579346,4.210000038146973,4.25,4.159999847412109,4.25,7267800
2023-09-11,3.300950765609741,4.380000114440918,4.400000095367432,4.230000019073486,4.25,9374400
2023-09-12,3.240659236907959,4.300000190734863,4.389999866485596,4.300000190734863,4.380000114440918,6962800
2023-09-13,3.2331230640411377,4.289999961853027,4.329999923706055,4.25,4.289999961853027,5248900
2023-09-14,3.338632345199585,4.429999828338623,4.449999809265137,4.349999904632568,4.400000095367432,8870800
2023-09-15,3.3838508129119873,4.489999771118164,4.53000020980835,4.409999847412109,4.440000057220459,10676400
2023-09-18,3.3687777519226074,4.46999979019165,4.510000228881836,4.400000095367432,4.480000019073486,6625300
2023-09-19,3.3612420558929443,4.460000038146973,4.46999979019165,4.400000095367432,4.449999809265137,6752200
2023-09-20,3.4290695190429688,4.550000190734863,4.619999885559082,4.449999809265137,4.449999809265137,9541900
2023-09-21,3.4818248748779297,4.619999885559082,4.650000095367432,4.53000020980835,4.579999923706055,17582700
2023-09-22,3.527042865753174,4.679999828338623,4.710000038146973,4.610000133514404,4.650000095367432,10446100
2023-09-25,3.4818248748779297,4.619999885559082,4.650000095367432,4.579999923706055,4.639999866485596,6203500
2023-09-26,3.4366064071655273,4.559999942779541,4.619999885559082,4.519999980926514,4.579999923706055,8225900
2023-09-27,3.466752052307129,4.599999904632568,4.679999828338623,4.550000190734863,4.590000152587891,8036000
2023-09-28,3.527042865753174,4.679999828338623,4.679999828338623,4.610000133514404,4.610000133514404,10169400
2023-09-29,3.6551623344421387,4.849999904632568,4.869999885559082,4.670000076293945,4.690000057220459,10681700
2023-10-02,3.6099436283111572,4.789999961853027,4.920000076293945,4.789999961853027,4.849999904632568,9268000
2023-10-03,3.5722618103027344,4.739999771118164,4.789999961853027,4.710000038146973,4.739999771118164,8507000
2023-10-04,3.5119705200195312,4.659999847412109,4.78000020980835,4.610000133514404,4.71999979019165,8219900
2023-10-05,3.5195066928863525,4.670000076293945,4.710000038146973,4.630000114440918,4.639999866485596,7794500
2023-10-06,3.5119705200195312,4.659999847412109,4.699999809265137,4.579999923706055,4.630000114440918,7512000
2023-10-09,3.5119705200195312,4.659999847412109,4.690000057220459,4.559999942779541,4.610000133514404,7485200
2023-10-10,3.564725637435913,4.730000019073486,4.78000020980835,4.670000076293945,4.679999828338623,8015200
2023-10-11,3.6325531005859375,4.820000171661377,4.849999904632568,4.730000019073486,4.739999771118164,7194700
2023-10-13,3.640089511871338,4.829999923706055,4.900000095367432,4.75,4.789999961853027,9904000
2023-10-16,3.7079169750213623,4.920000076293945,4.989999771118164,4.880000114440918,4.889999866485596,7588600
2023-10-17,3.715453624725342,4.929999828338623,4.96999979019165,4.860000133514404,4.920000076293945,8144400
2023-10-18,3.5948712825775146,4.769999980926514,4.920000076293945,4.75,4.889999866485596,11775400
2023-10-19,3.602407455444336,4.78000020980835,4.849999904632568,4.730000019073486,4.78000020980835,10799300
2023-10-20,3.542116165161133,4.699999809265137,4.769999980926514,4.670000076293945,4.730000019073486,8984800
2023-10-23,3.617480516433716,4.800000190734863,4.809999942779541,4.670000076293945,4.690000057220459,8607800
2023-10-24,3.715453624725342,4.929999828338623,4.96999979019165,4.829999923706055,4.860000133514404,12680100
2023-10-25,3.6476261615753174,4.840000152587891,4.980000019073486,4.840000152587891,4.960000038146973,10759900
2023-10-26,3.715453624725342,4.929999828338623,4.940000057220459,4.789999961853027,4.840000152587891,6949200
2023-10-27,3.7305259704589844,4.949999809265137,5.0,4.900000095367432,4.949999809265137,11995900
2023-10-30,3.820963144302368,5.070000171661377,5.130000114440918,5.0,5.0,13835200
2023-10-31,3.9038639068603516,5.179999828338623,5.230000019073486,5.059999942779541,5.070000171661377,9369600
2023-11-01,4.016910552978516,5.329999923706055,5.329999923706055,5.199999809265137,5.230000019073486,15009300
2023-11-03,4.243002414703369,5.630000114440918,5.670000076293945,5.380000114440918,5.380000114440918,14276800
2023-11-06,4.28822135925293,5.690000057220459,5.789999961853027,5.610000133514404,5.619999885559082,13889700
2023-11-07,4.348512649536133,5.769999980926514,5.820000171661377,5.590000152587891,5.630000114440918,11213600
2023-11-08,4.44648551940918,5.900000095367432,5.900000095367432,5.769999980926514,5.769999980926514,9993300
2023-11-09,4.4389495849609375,5.889999866485596,5.96999979019165,5.769999980926514,5.909999847412109,9429200
2023-11-10,4.544459819793701,6.03000020980835,6.03000020980835,5.809999942779541,5.900000095367432,9230200
2023-11-13,4.657505512237549,6.179999828338623,6.179999828338623,5.880000114440918,6.019999980926514,9523400
2023-11-14,4.936352729797363,6.550000190734863,6.619999885559082,6.260000228881836,6.260000228881836,17001800
2023-11-16,5.2453460693359375,6.960000038146973,7.0,6.539999961853027,6.550000190734863,17281700
2023-11-17,5.169981956481934,6.860000133514404,7.0,6.639999866485596,6.960000038146973,17955500
2023-11-20,5.365928649902344,7.119999885559082,7.130000114440918,6.920000076293945,6.920000076293945,10128800
2023-11-21,5.5055928230285645,7.050000190734863,7.099999904632568,6.75,6.809999942779541,14912300
2023-11-22,5.497783660888672,7.039999961853027,7.099999904632568,6.880000114440918,7.050000190734863,11202600
2023-11-23,5.130744457244873,6.570000171661377,7.0,6.510000228881836,7.0,16087700
2023-11-24,5.099506855010986,6.53000020980835,6.619999885559082,6.489999771118164,6.559999942779541,13370300
2023-11-27,5.419689655303955,6.940000057220459,6.96999979019165,6.429999828338623,6.519999980926514,15230200
2023-11-28,5.544639587402344,7.099999904632568,7.099999904632568,6.75,6.800000190734863,8994800
2023-11-29,5.466546058654785,7.0,7.190000057220459,6.980000019073486,7.079999923706055,10201900
2023-11-30,5.591495513916016,7.159999847412109,7.190000057220459,6.949999809265137,7.090000152587891,9904900
2023-12-01,5.544639587402344,7.099999904632568,7.320000171661377,7.079999923706055,7.159999847412109,8451800
2023-12-04,5.396261692047119,6.909999847412109,7.150000095367432,6.869999885559082,7.050000190734863,12737000
2023-12-05,5.388452053070068,6.900000095367432,6.980000019073486,6.75,6.909999847412109,9313300
2023-12-06,5.365024089813232,6.869999885559082,7.099999904632568,6.849999904632568,6.980000019073486,9050900
2023-12-07,5.419689655303955,6.940000057220459,7.070000171661377,6.920000076293945,6.96999979019165,6730000
2023-12-08,5.575876712799072,7.139999866485596,7.150000095367432,6.949999809265137,7.019999980926514,6119100
2023-12-11,5.4821648597717285,7.019999980926514,7.079999923706055,6.829999923706055,6.880000114440918,7140300
2023-12-12,5.536830425262451,7.090000152587891,7.099999904632568,7.010000228881836,7.050000190734863,3434100
2023-12-13,5.700826644897461,7.300000190734863,7.300000190734863,7.03000020980835,7.059999942779541,11450400
2023-12-14,5.583686351776123,7.150000095367432,7.369999885559082,7.099999904632568,7.309999942779541,8174500
2023-12-15,5.591495513916016,7.159999847412109,7.260000228881836,7.059999942779541,7.139999866485596,6326400
2023-12-18,5.599305152893066,7.170000076293945,7.25,7.130000114440918,7.159999847412109,4611800
2023-12-19,5.7789201736450195,7.400000095367432,7.409999847412109,7.170000076293945,7.179999828338623,5701200
2023-12-20,5.661779880523682,7.25,7.46999979019165,7.199999809265137,7.420000076293945,6489300
2023-12-21,5.794538497924805,7.420000076293945,7.440000057220459,7.269999980926514,7.329999923706055,4446300
2023-12-22,5.794538497924805,7.420000076293945,7.550000190734863,7.269999980926514,7.409999847412109,5260600
2023-12-26,5.958535194396973,7.630000114440918,7.699999809265137,7.429999828338623,7.449999809265137,6301000
2023-12-27,6.114721775054932,7.829999923706055,7.960000038146973,7.619999885559082,7.630000114440918,8052400
2023-12-28,6.114721775054932,7.829999923706055,7.949999809265137,7.710000038146973,7.800000190734863,5803100
2024-01-02,6.2246575355529785,7.889999866485596,7.960000038146973,7.75,7.800000190734863,7861400
2024-01-03,6.3035502433776855,7.989999771118164,8.050000190734863,7.800000190734863,7.880000114440918,6495600
2024-01-04,6.200989246368408,7.860000133514404,7.96999979019165,7.619999885559082,7.96999979019165,9880300
2024-01-05,6.200989246368408,7.860000133514404,7.909999847412109,7.699999809265137,7.800000190734863,5359000
2024-01-08,6.114207744598389,7.75,7.880000114440918,7.670000076293945,7.789999961853027,6873500
2024-01-09,5.940642833709717,7.53000020980835,7.71999979019165,7.480000019073486,7.690000057220459,5697400
2024-01-10,5.814414024353027,7.369999885559082,7.429999828338623,7.139999866485596,7.429999828338623,12212000
2024-01-11,5.688185214996338,7.210000038146973,7.369999885559082,7.090000152587891,7.349999904632568,8973000
2024-01-12,5.656628131866455,7.170000076293945,7.21999979019165,6.989999771118164,7.159999847412109,11809400
2024-01-15,5.4751739501953125,6.940000057220459,7.019999980926514,6.809999942779541,7.0,9595800
2024-01-16,5.372613906860352,6.809999942779541,6.920000076293945,6.78000020980835,6.900000095367432,8415700
2024-01-17,5.270052433013916,6.679999828338623,6.789999961853027,6.650000095367432,6.78000020980835,6304300
2024-01-18,5.270052433013916,6.679999828338623,6.760000228881836,6.639999866485596,6.739999771118164,4174400
2024-01-19,5.254272937774658,6.659999847412109,6.75,6.599999904632568,6.739999771118164,4201400
2024-01-22,5.120155334472656,6.489999771118164,6.650000095367432,6.460000038146973,6.630000114440918,7356700
2024-01-23,5.18326997756958,6.570000171661377,6.679999828338623,6.539999961853027,6.539999961853027,6282700
2024-01-24,5.309499263763428,6.730000019073486,6.869999885559082,6.659999847412109,6.659999847412109,7325400
2024-01-25,5.254272937774658,6.659999847412109,6.820000171661377,6.550000190734863,6.760000228881836,5859200
2024-01-26,5.380502223968506,6.820000171661377,6.860000133514404,6.659999847412109,6.659999847412109,4822300
2024-01-29,5.388391494750977,6.829999923706055,6.860000133514404,6.699999809265137,6.829999923706055,5945600
2024-01-30,5.44361686706543,6.900000095367432,6.929999828338623,6.679999828338623,6.820000171661377,7715700
2024-01-31,5.364724159240723,6.800000190734863,7.03000020980835,6.800000190734863,6.869999885559082,6458000
2024-02-01,5.380502223968506,6.820000171661377,6.849999904632568,6.690000057220459,6.78000020980835,4747500
2024-02-02,5.230605125427246,6.630000114440918,6.840000152587891,6.630000114440918,6.78000020980835,5674100
2024-02-05,5.096487045288086,6.460000038146973,6.610000133514404,6.360000133514404,6.599999904632568,7004200
2024-02-06,5.151712894439697,6.53000020980835,6.659999847412109,6.460000038146973,6.460000038146973,7918000
2024-02-07,5.15960168838501,6.539999961853027,6.659999847412109,6.46999979019165,6.53000020980835,13948500
2024-02-08,5.199048042297363,6.590000152587891,6.75,6.539999961853027,6.579999923706055,5756400
2024-02-09,5.104376792907715,6.46999979019165,6.679999828338623,6.46999979019165,6.590000152587891,3250300
2024-02-14,4.946590900421143,6.269999980926514,6.480000019073486,6.260000228881836,6.480000019073486,5150000
2024-02-15,5.04915189743042,6.400000095367432,6.5,6.28000020980835,6.28000020980835,6543800
2024-02-16,5.135934352874756,6.510000228881836,6.670000076293945,6.409999847412109,6.449999809265137,6091000
2024-02-19,4.993926525115967,6.329999923706055,6.5,6.329999923706055,6.5,3546700
2024-02-20,4.875587463378906,6.179999828338623,6.28000020980835,6.090000152587891,6.269999980926514,11787900
2024-02-21,4.954480171203613,6.28000020980835,6.289999961853027,6.099999904632568,6.150000095367432,7868600
2024-02-22,4.907144069671631,6.21999979019165,6.380000114440918,6.199999809265137,6.300000190734863,4969700
2024-02-23,4.851919174194336,6.150000095367432,6.300000190734863,6.150000095367432,6.25,4296200
2024-02-26,4.875587463378906,6.179999828338623,6.199999809265137,6.059999942779541,6.130000114440918,7280300
2024-02-27,4.962369441986084,6.289999961853027,6.360000133514404,6.230000019073486,6.230000019073486,4864300
2024-02-28,4.836141109466553,6.130000114440918,6.289999961853027,6.119999885559082,6.25,3923800
2024-02-29,4.78880500793457,6.070000171661377,6.179999828338623,6.039999961853027,6.119999885559082,5307400
2024-03-01,4.749358654022217,6.019999980926514,6.090000152587891,5.989999771118164,6.070000171661377,4174800
2024-03-04,4.796694278717041,6.079999923706055,6.139999866485596,6.0,6.019999980926514,5485200
2024-03-05,4.733580589294434,6.0,6.079999923706055,5.989999771118164,6.070000171661377,5539400
2024-03-06,4.709911823272705,5.96999979019165,6.119999885559082,5.940000057220459,6.059999942779541,6962400
2024-03-07,4.773026943206787,6.050000190734863,6.349999904632568,6.010000228881836,6.159999847412109,16520800
2024-03-08,4.694132328033447,5.949999809265137,6.059999942779541,5.920000076293945,6.0,5263700
2024-03-11,4.560014724731445,5.78000020980835,5.869999885559082,5.710000038146973,5.869999885559082,6965800
2024-03-12,4.63101863861084,5.869999885559082,5.929999828338623,5.809999942779541,5.820000171661377,6313400
2024-03-13,4.591572284698486,5.820000171661377,5.920000076293945,5.809999942779541,5.820000171661377,7023400
2024-03-14,4.473232746124268,5.670000076293945,5.820000171661377,5.630000114440918,5.800000190734863,5336900
2024-03-15,4.291779518127441,5.440000057220459,5.659999847412109,5.440000057220459,5.630000114440918,23978000
2024-03-18,4.41011905670166,5.590000152587891,5.699999809265137,5.510000228881836,5.519999980926514,9939000
2024-03-19,4.481122016906738,5.679999828338623,5.789999961853027,5.679999828338623,5.690000057220459,8631000
2024-03-20,4.4495649337768555,5.639999866485596,5.75,5.630000114440918,5.710000038146973,7300700
2024-03-21,4.4495649337768555,5.639999866485596,5.78000020980835,5.639999866485596,5.699999809265137,7978300
2024-03-22,4.323336124420166,5.480000019073486,5.659999847412109,5.480000019073486,5.639999866485596,7480600
2024-03-25,4.236554145812988,5.369999885559082,5.53000020980835,5.340000152587891,5.489999771118164,7717800
2024-03-26,4.141881942749023,5.25,5.340000152587891,5.239999771118164,5.340000152587891,6524800
2024-03-27,4.189218044281006,5.309999942779541,5.329999923706055,5.170000076293945,5.239999771118164,8595400
2024-03-28,4.181329250335693,5.300000190734863,5.420000076293945,5.210000038146973,5.309999942779541,14167000
2024-04-01,4.189218044281006,5.309999942779541,5.420000076293945,5.309999942779541,5.349999904632568,9838900
2024-04-02,4.165550231933594,5.28000020980835,5.380000114440918,5.170000076293945,5.329999923706055,10009900
2024-04-03,4.10243558883667,5.199999809265137,5.260000228881836,5.130000114440918,5.230000019073486,8160700
2024-04-04,4.118214130401611,5.21999979019165,5.320000171661377,5.179999828338623,5.190000057220459,8328100
2024-04-05,4.023543357849121,5.099999904632568,5.230000019073486,5.090000152587891,5.21999979019165,9949500
2024-04-08,4.212886333465576,5.340000152587891,5.380000114440918,5.170000076293945,5.199999809265137,12286000
2024-04-09,4.283889293670654,5.429999828338623,5.480000019073486,5.269999980926514,5.449999809265137,14914900
2024-04-10,4.023543357849121,5.099999904632568,5.389999866485596,5.099999904632568,5.389999866485596,20479400
2024-04-11,4.007763862609863,5.079999923706055,5.159999847412109,5.070000171661377,5.119999885559082,8202600
2024-04-12,3.999875068664551,5.070000171661377,5.190000057220459,5.03000020980835,5.130000114440918,8935700
2024-04-15,3.991986036300659,5.059999942779541,5.130000114440918,4.989999771118164,5.090000152587891,10306900
2024-04-16,3.889425039291382,4.929999828338623,4.96999979019165,4.900000095367432,4.96999979019165,10924200
2024-04-17,4.10243558883667,5.199999809265137,5.21999979019165,5.059999942779541,5.079999923706055,16995700
2024-04-18,4.141881942749023,5.25,5.289999961853027,5.159999847412109,5.260000228881836,16186600
2024-04-19,4.181329250335693,5.300000190734863,5.300000190734863,5.190000057220459,5.210000038146973,10260100
2024-04-22,4.10243558883667,5.199999809265137,5.28000020980835,5.159999847412109,5.28000020980835,9536200
2024-04-23,3.9840965270996094,5.050000190734863,5.150000095367432,5.019999980926514,5.099999904632568,9075800
2024-04-24,3.9840965270996094,5.050000190734863,5.110000133514404,5.039999961853027,5.110000133514404,8935200
2024-04-25,3.905203104019165,4.949999809265137,5.050000190734863,4.949999809265137,5.050000190734863,7495000
2024-04-26,3.9288713932037354,4.980000019073486,5.03000020980835,4.949999809265137,5.0,5143000
2024-04-29,3.9446496963500977,5.0,5.039999961853027,4.929999828338623,4.96999979019165,7962900
2024-04-30,3.8973140716552734,4.940000057220459,5.019999980926514,4.900000095367432,5.0,9109300
2024-05-02,4.039321422576904,5.119999885559082,5.170000076293945,4.989999771118164,4.989999771118164,9645800
2024-05-03,4.0866570472717285,5.179999828338623,5.21999979019165,5.110000133514404,5.179999828338623,8017100
2024-05-06,4.031432151794434,5.110000133514404,5.289999961853027,5.110000133514404,5.190000057220459,7448800
2024-05-07,4.047210693359375,5.130000114440918,5.21999979019165,5.079999923706055,5.150000095367432,9343700
2024-05-08,4.039321422576904,5.119999885559082,5.139999866485596,5.03000020980835,5.079999923706055,8624500
2024-05-09,4.007763862609863,5.079999923706055,5.119999885559082,5.03000020980835,5.090000152587891,9375700
2024-05-10,3.999875068664551,5.070000171661377,5.289999961853027,5.010000228881836,5.21999979019165,15698800
2024-05-13,4.339115142822266,5.5,5.53000020980835,5.150000095367432,5.150000095367432,23189800
2024-05-14,4.228665351867676,5.360000133514404,5.570000171661377,5.28000020980835,5.53000020980835,22602000
2024-05-15,4.217931270599365,5.159999847412109,5.190000057220459,5.0,5.170000076293945,12258100
2024-05-16,4.242453575134277,5.190000057220459,5.269999980926514,5.130000114440918,5.210000038146973,11541200
2024-05-17,4.291499614715576,5.25,5.320000171661377,5.230000019073486,5.25,9756800
2024-05-20,4.397764682769775,5.380000114440918,5.449999809265137,5.210000038146973,5.260000228881836,11080700
2024-05-21,4.504030704498291,5.510000228881836,5.579999923706055,5.409999847412109,5.409999847412109,10831800
2024-05-22,4.430461883544922,5.420000076293945,5.570000171661377,5.400000095367432,5.550000190734863,8847100
2024-05-23,4.324196815490723,5.289999961853027,5.420000076293945,5.230000019073486,5.400000095367432,7654000
2024-05-24,4.324196815490723,5.289999961853027,5.360000133514404,5.25,5.28000020980835,4529700
2024-05-27,4.365067958831787,5.340000152587891,5.340000152587891,5.21999979019165,5.28000020980835,2937500
2024-05-28,4.193408012390137,5.130000114440918,5.389999866485596,5.110000133514404,5.369999885559082,9366700
2024-05-29,4.144361972808838,5.070000171661377,5.119999885559082,4.980000019073486,5.099999904632568,14049800
2024-05-31,4.0380964279174805,4.940000057220459,5.059999942779541,4.920000076293945,5.039999961853027,11183800
2024-06-03,3.948179006576538,4.829999923706055,4.940000057220459,4.760000228881836,4.920000076293945,15225600
2024-06-04,3.841913938522339,4.699999809265137,4.820000171661377,4.690000057220459,4.769999980926514,13082800
2024-06-05,3.8173911571502686,4.670000076293945,4.71999979019165,4.610000133514404,4.679999828338623,14727400
2024-06-06,4.005399227142334,4.900000095367432,4.929999828338623,4.659999847412109,4.710000038146973,11352900
2024-06-07,3.9808764457702637,4.869999885559082,4.920000076293945,4.809999942779541,4.849999904632568,12529900
2024-06-10,3.997225046157837,4.889999866485596,4.96999979019165,4.789999961853027,4.880000114440918,8076900
2024-06-11,4.046270370483398,4.949999809265137,4.949999809265137,4.739999771118164,4.800000190734863,14935400
2024-06-12,3.948179006576538,4.829999923706055,5.03000020980835,4.800000190734863,4.989999771118164,7635800
2024-06-13,4.078968048095703,4.989999771118164,4.989999771118164,4.809999942779541,4.849999904632568,5950600
2024-06-14,3.98905086517334,4.880000114440918,5.0,4.860000133514404,5.0,4757200
2024-06-17,3.9727022647857666,4.860000133514404,4.900000095367432,4.800000190734863,4.820000171661377,4200500
2024-06-18,4.128013610839844,5.050000190734863,5.079999923706055,4.849999904632568,4.860000133514404,9469700
2024-06-19,4.144361972808838,5.070000171661377,5.099999904632568,4.909999847412109,5.03000020980835,7862600
2024-06-20,4.209756374359131,5.150000095367432,5.239999771118164,5.059999942779541,5.099999904632568,10763500
2024-06-21,4.242453575134277,5.190000057220459,5.199999809265137,5.079999923706055,5.110000133514404,16597800
2024-06-24,4.234280109405518,5.179999828338623,5.179999828338623,5.039999961853027,5.139999866485596,9309300
2024-06-25,4.16071081161499,5.090000152587891,5.179999828338623,5.070000171661377,5.179999828338623,7017200
2024-06-26,4.226105213165283,5.170000076293945,5.170000076293945,5.070000171661377,5.150000095367432,12623700
2024-06-27,4.209756374359131,5.150000095367432,5.210000038146973,5.099999904632568,5.179999828338623,10216500
2024-06-28,4.242453575134277,5.190000057220459,5.21999979019165,5.139999866485596,5.150000095367432,10690800
2024-07-01,4.454984664916992,5.449999809265137,5.5,5.260000228881836,5.289999961853027,15961700
2024-07-02,4.430461883544922,5.420000076293945,5.519999980926514,5.320000171661377,5.46999979019165,13354400
2024-07-03,4.5285539627075195,5.539999961853027,5.639999866485596,5.489999771118164,5.489999771118164,14759900
2024-07-04,4.438636302947998,5.429999828338623,5.590000152587891,5.429999828338623,5.570000171661377,6552000
2024-07-05,4.438636302947998,5.429999828338623,5.46999979019165,5.360000133514404,5.389999866485596,6465500
2024-07-08,4.316022872924805,5.28000020980835,5.389999866485596,5.210000038146973,5.380000114440918,9787800
2024-07-09,4.30784797668457,5.269999980926514,5.289999961853027,5.230000019073486,5.28000020980835,5370400
2024-07-10,4.316022872924805,5.28000020980835,5.349999904632568,5.210000038146973,5.289999961853027,8413100
2024-07-11,4.365067958831787,5.340000152587891,5.360000133514404,5.25,5.289999961853027,6611600
2024-07-12,4.479507923126221,5.480000019073486,5.5,5.320000171661377,5.349999904632568,6638800
2024-07-15,4.5285539627075195,5.539999961853027,5.539999961853027,5.409999847412109,5.480000019073486,5790600
2024-07-16,4.430461883544922,5.420000076293945,5.53000020980835,5.389999866485596,5.519999980926514,7678700
2024-07-17,4.405939102172852,5.389999866485596,5.449999809265137,5.380000114440918,5.420000076293945,4537400
2024-07-18,4.25880241394043,5.210000038146973,5.400000095367432,5.199999809265137,5.389999866485596,6310000
2024-07-19,4.185234069824219,5.119999885559082,5.25,5.099999904632568,5.25,9599900
2024-07-22,4.25880241394043,5.210000038146973,5.210000038146973,5.110000133514404,5.119999885559082,6800000
2024-07-23,4.046270370483398,4.949999809265137,5.150000095367432,4.920000076293945,5.139999866485596,14815700
2024-07-24,4.103490829467773,5.019999980926514,5.059999942779541,4.920000076293945,4.940000057220459,7726200
2024-07-25,4.103490829467773,5.019999980926514,5.079999923706055,4.929999828338623,4.980000019073486,6438800
2024-07-26,4.087142467498779,5.0,5.079999923706055,5.0,5.059999942779541,7563900
2024-07-29,4.103490829467773,5.019999980926514,5.039999961853027,4.96999979019165,5.010000228881836,4785100
2024-07-30,4.062619209289551,4.96999979019165,5.0,4.909999847412109,4.96999979019165,5282100
2024-07-31,4.185234069824219,5.119999885559082,5.170000076293945,4.960000038146973,4.989999771118164,11867700
2024-08-01,4.054445266723633,4.960000038146973,5.210000038146973,4.949999809265137,5.139999866485596,11315900
2024-08-02,3.9727022647857666,4.860000133514404,5.050000190734863,4.860000133514404,4.980000019073486,9606700
2024-08-05,3.9645278453826904,4.849999904632568,4.880000114440918,4.730000019073486,4.789999961853027,8385900
2024-08-06,3.9563539028167725,4.840000152587891,4.900000095367432,4.78000020980835,4.860000133514404,5792800
2024-08-07,3.9400055408477783,4.820000171661377,4.920000076293945,4.820000171661377,4.880000114440918,6534900
2024-08-08,3.9400055408477783,4.820000171661377,4.860000133514404,4.789999961853027,4.800000190734863,5957600
2024-08-09,4.013573169708252,4.909999847412109,4.909999847412109,4.809999942779541,4.829999923706055,4733000
2024-08-12,4.0299224853515625,4.929999828338623,4.980000019073486,4.909999847412109,4.929999828338623,7479000
2024-08-13,4.2833251953125,5.239999771118164,5.369999885559082,5.110000133514404,5.139999866485596,22598200
2024-08-14,4.087142467498779,5.0,5.199999809265137,5.0,5.190000057220459,16667600
2024-08-15,4.185234069824219,5.119999885559082,5.159999847412109,4.949999809265137,4.989999771118164,13477700
2024-08-16,4.103490829467773,5.019999980926514,5.130000114440918,5.019999980926514,5.119999885559082,9050300
2024-08-19,4.30784797668457,5.269999980926514,5.300000190734863,5.059999942779541,5.070000171661377,13727400
2024-08-20,4.299673557281494,5.260000228881836,5.340000152587891,5.190000057220459,5.269999980926514,10225800
2024-08-21,4.463159561157227,5.460000038146973,5.550000190734863,5.320000171661377,5.429999828338623,17479500
2024-08-22,4.414113998413086,5.400000095367432,5.510000228881836,5.380000114440918,5.5,8680500
2024-08-23,4.5367279052734375,5.550000190734863,5.610000133514404,5.360000133514404,5.400000095367432,8148800
2024-08-26,4.55307674407959,5.570000171661377,5.739999771118164,5.559999942779541,5.630000114440918,16861900
2024-08-27,4.651168346405029,5.690000057220459,5.78000020980835,5.590000152587891,5.650000095367432,12477000
2024-08-28,4.544902324676514,5.559999942779541,5.679999828338623,5.46999979019165,5.670000076293945,16083900
2024-08-29,4.618471622467041,5.650000095367432,5.659999847412109,5.539999961853027,5.539999961853027,12610000
2024-08-30,4.642993450164795,5.679999828338623,5.829999923706055,5.599999904632568,5.599999904632568,16393500
2024-09-02,4.667517185211182,5.710000038146973,5.739999771118164,5.550000190734863,5.570000171661377,9141200
2024-09-03,4.569425582885742,5.590000152587891,5.679999828338623,5.570000171661377,5.670000076293945,10663800
2024-09-04,4.6920390129089355,5.739999771118164,5.800000190734863,5.599999904632568,5.619999885559082,11746000
2024-09-05,4.847350597381592,5.929999828338623,5.960000038146973,5.619999885559082,5.679999828338623,16172600
2024-09-06,5.051708221435547,6.179999828338623,6.210000038146973,5.889999866485596,5.960000038146973,23120400
2024-09-09,4.8310017585754395,5.909999847412109,6.159999847412109,5.869999885559082,6.139999866485596,20393200
2024-09-10,4.855525016784668,5.940000057220459,6.0,5.829999923706055,5.900000095367432,14603900
2024-09-11,4.994487762451172,6.110000133514404,6.159999847412109,5.960000038146973,5.960000038146973,17737400
2024-09-12,5.157973766326904,6.309999942779541,6.369999885559082,6.170000076293945,6.199999809265137,23195300
2024-09-13,5.427724838256836,6.639999866485596,6.639999866485596,6.300000190734863,6.320000171661377,20756300
2024-09-16,5.803742408752441,7.099999904632568,7.099999904632568,6.539999961853027,6.650000095367432,14959700
2024-09-17,5.640256404876709,6.900000095367432,7.269999980926514,6.820000171661377,7.0,20723000
2024-09-18,5.174322128295898,6.329999923706055,6.800000190734863,6.329999923706055,6.739999771118164,16474400
2024-09-19,5.239716529846191,6.409999847412109,6.619999885559082,6.389999866485596,6.420000076293945,17124300
2024-09-20,5.182496070861816,6.340000152587891,6.420000076293945,6.239999771118164,6.400000095367432,11495700
2024-09-23,5.174322128295898,6.329999923706055,6.5,6.010000228881836,6.25,11193600
2024-09-24,5.3868536949157715,6.590000152587891,6.730000019073486,6.519999980926514,6.579999923706055,15532200
2024-09-25,5.517642021179199,6.75,6.849999904632568,6.639999866485596,6.639999866485596,14421700
2024-09-26,5.88548469543457,7.199999809265137,7.199999809265137,6.880000114440918,6.920000076293945,24346000
2024-09-27,5.648430347442627,6.909999847412109,7.289999961853027,6.909999847412109,7.25,11620700
2024-09-30,5.640256404876709,6.900000095367432,7.179999828338623,6.800000190734863,7.150000095367432,9993900
2024-10-01,5.820090293884277,7.119999885559082,7.230000019073486,6.949999809265137,7.03000020980835,14758600
2024-10-02,5.999925136566162,7.340000152587891,7.400000095367432,7.199999809265137,7.199999809265137,13376300
2024-10-03,5.88548469543457,7.199999809265137,7.389999866485596,7.139999866485596,7.329999923706055,13497500
2024-10-04,5.613046169281006,6.340000152587891,6.590000152587891,6.309999942779541,6.590000152587891,11918900
2024-10-07,5.559926509857178,6.28000020980835,6.400000095367432,6.239999771118164,6.369999885559082,8774900
2024-10-08,5.356298923492432,6.050000190734863,6.099999904632568,6.010000228881836,6.050000190734863,11401000
2024-10-09,5.2234978675842285,5.900000095367432,6.010000228881836,5.889999866485596,6.0,9106300
2024-10-10,5.205791473388672,5.880000114440918,5.989999771118164,5.849999904632568,5.949999809265137,5534900
2024-10-11,5.2589111328125,5.940000057220459,5.940000057220459,5.809999942779541,5.860000133514404,5598700
2024-10-14,5.2943243980407715,5.980000019073486,5.980000019073486,5.860000133514404,5.940000057220459,5313300
2024-10-15,5.267764568328857,5.949999809265137,5.989999771118164,5.900000095367432,5.96999979019165,4341000
2024-10-16,5.232350826263428,5.909999847412109,6.110000133514404,5.909999847412109,6.0,9568600
2024-10-17,5.2589111328125,5.940000057220459,5.96999979019165,5.78000020980835,5.849999904632568,8813700
2024-10-18,5.250057697296143,5.929999828338623,6.079999923706055,5.889999866485596,6.0,6843200
2024-10-21,5.3120317459106445,6.0,6.039999961853027,5.929999828338623,5.960000038146973,6040800
2024-10-22,5.276618003845215,5.960000038146973,5.96999979019165,5.880000114440918,5.929999828338623,4998900
2024-10-23,5.179230690002441,5.849999904632568,5.920000076293945,5.849999904632568,5.880000114440918,4519500
2024-10-24,5.170377731323242,5.840000152587891,5.880000114440918,5.78000020980835,5.849999904632568,4724200
2024-10-25,5.267764568328857,5.949999809265137,5.980000019073486,5.860000133514404,5.860000133514404,6927000
2024-10-28,5.365151882171631,6.059999942779541,6.099999904632568,5.989999771118164,6.050000190734863,5755300
2024-10-29,5.32088565826416,6.010000228881836,6.099999904632568,5.96999979019165,6.050000190734863,7276400
2024-10-30,5.3740057945251465,6.070000171661377,6.110000133514404,6.010000228881836,6.010000228881836,5903000
2024-10-31,5.497952938079834,6.210000038146973,6.21999979019165,6.03000020980835,6.050000190734863,7697400
2024-11-01,5.471392631530762,6.179999828338623,6.269999980926514,6.039999961853027,6.25,11157200
2024-11-04,5.577632904052734,6.300000190734863,6.360000133514404,6.139999866485596,6.28000020980835,9173800
2024-11-05,5.497952938079834,6.210000038146973,6.340000152587891,6.210000038146973,6.320000171661377,4359300
2024-11-06,5.462539196014404,6.170000076293945,6.21999979019165,5.960000038146973,6.070000171661377,11368600
2024-11-07,5.480246067047119,6.190000057220459,6.300000190734863,6.150000095367432,6.21999979019165,9985400
2024-11-08,5.179230690002441,5.849999904632568,6.070000171661377,5.840000152587891,6.050000190734863,13064900
2024-11-11,5.108404159545898,5.769999980926514,5.809999942779541,5.699999809265137,5.809999942779541,9266100
2024-11-12,4.913629531860352,5.550000190734863,5.789999961853027,5.539999961853027,5.78000020980835,10128300
2024-11-13,4.630321025848389,5.230000019073486,5.590000152587891,5.210000038146973,5.449999809265137,15301900
2024-11-14,4.674588203430176,5.28000020980835,5.420000076293945,5.199999809265137,5.199999809265137,9467200
2024-11-18,4.674588203430176,5.28000020980835,5.369999885559082,5.230000019073486,5.349999904632568,8254600
2024-11-19,4.630321025848389,5.230000019073486,5.320000171661377,5.21999979019165,5.309999942779541,6860400
2024-11-21,4.524080276489258,5.110000133514404,5.21999979019165,5.099999904632568,5.210000038146973,6186800
2024-11-22,4.594907283782959,5.190000057220459,5.190000057220459,5.099999904632568,5.130000114440918,5502300
2024-11-25,4.621467590332031,5.21999979019165,5.239999771118164,5.170000076293945,5.190000057220459,5009600
2024-11-26,4.577200889587402,5.170000076293945,5.260000228881836,5.110000133514404,5.230000019073486,6705300
2024-11-27,4.603760719299316,5.199999809265137,5.25,5.139999866485596,5.210000038146973,14436600
2024-11-28,4.541787147521973,5.130000114440918,5.309999942779541,5.099999904632568,5.199999809265137,8341500
2024-11-29,4.674588203430176,5.28000020980835,5.300000190734863,5.099999904632568,5.099999904632568,8429800
2024-12-02,4.6480278968811035,5.25,5.269999980926514,5.159999847412109,5.25,7269000
2024-12-03,4.58605432510376,5.179999828338623,5.289999961853027,5.170000076293945,5.28000020980835,7157900
2024-12-04,4.612614154815674,5.210000038146973,5.260000228881836,5.179999828338623,5.179999828338623,6530000
2024-12-05,4.692294597625732,5.300000190734863,5.340000152587891,5.190000057220459,5.210000038146973,5532100
2024-12-06,4.639173984527588,5.239999771118164,5.289999961853027,5.210000038146973,5.28000020980835,4830900
2024-12-09,4.949043273925781,5.590000152587891,5.610000133514404,5.369999885559082,5.409999847412109,12261800
2024-12-10,5.064136505126953,5.71999979019165,5.75,5.579999923706055,5.610000133514404,8194700
2024-12-11,5.064136505126953,5.71999979019165,5.829999923706055,5.619999885559082,5.690000057220459,9535100
2024-12-12,4.957895755767822,5.599999904632568,5.760000228881836,5.550000190734863,5.690000057220459,8300000
2024-12-13,4.878215789794922,5.510000228881836,5.610000133514404,5.5,5.570000171661377,5580700
2024-12-16,4.966750144958496,5.610000133514404,5.730000019073486,5.5,5.550000190734863,6998300
2024-12-17,5.099550724029541,5.760000228881836,5.809999942779541,5.599999904632568,5.630000114440918,9613800
2024-12-18,4.7365617752075195,5.349999904632568,5.730000019073486,5.28000020980835,5.659999847412109,12373400
2024-12-19,4.6480278968811035,5.25,5.460000038146973,5.170000076293945,5.360000133514404,9465800
2024-12-20,4.577200889587402,5.170000076293945,5.28000020980835,5.150000095367432,5.230000019073486,8276000
2024-12-23,4.577200889587402,5.170000076293945,5.230000019073486,5.099999904632568,5.170000076293945,5892100
2024-12-26,4.58605432510376,5.179999828338623,5.269999980926514,5.119999885559082,5.199999809265137,5839100
2024-12-27,4.435546875,5.010000228881836,5.21999979019165,5.010000228881836,5.150000095367432,8599400
2024-12-30,4.559493541717529,5.150000095367432,5.230000019073486,5.03000020980835,5.03000020980835,6741600
2025-01-02,4.462106704711914,5.039999961853027,5.199999809265137,5.0,5.199999809265137,10663200
2025-01-03,4.3204522132873535,4.880000114440918,5.059999942779541,4.880000114440918,5.03000020980835,25308500
2025-01-06,4.435546875,5.010000228881836,5.019999980926514,4.900000095367432,4.949999809265137,10352600
2025-01-07,4.265082359313965,4.78000020980835,5.090000152587891,4.739999771118164,5.050000190734863,12436900
2025-01-08,4.140163421630859,4.639999866485596,4.820000171661377,4.599999904632568,4.789999961853027,8859400
2025-01-09,4.202622890472412,4.710000038146973,4.71999979019165,4.630000114440918,4.650000095367432,5593200
2025-01-10,4.327541351318359,4.849999904632568,4.880000114440918,4.659999847412109,4.739999771118164,9590100
2025-01-13,4.416769027709961,4.949999809265137,5.050000190734863,4.869999885559082,4.929999828338623,10042100
2025-01-14,4.318619251251221,4.840000152587891,5.019999980926514,4.840000152587891,4.980000019073486,7544700
2025-01-15,4.5238423347473145,5.070000171661377,5.079999923706055,4.849999904632568,4.849999904632568,7511700
2025-01-16,4.345386981964111,4.869999885559082,5.099999904632568,4.829999923706055,5.050000190734863,6754400
2025-01-17,4.568456649780273,5.119999885559082,5.150000095367432,4.920000076293945,4.920000076293945,11027000
2025-01-20,4.613070487976074,5.170000076293945,5.170000076293945,5.019999980926514,5.099999904632568,6989700
2025-01-21,4.693375110626221,5.260000228881836,5.260000228881836,5.090000152587891,5.130000114440918,6174900
2025-01-22,4.630915641784668,5.190000057220459,5.320000171661377,5.130000114440918,5.25,7979900
2025-01-23,4.657684326171875,5.21999979019165,5.230000019073486,5.159999847412109,5.190000057220459,4768400
2025-01-24,4.595224380493164,5.150000095367432,5.289999961853027,5.139999866485596,5.25,4373700
2025-01-27,4.782602787017822,5.360000133514404,5.360000133514404,5.119999885559082,5.139999866485596,5639200
2025-01-28,4.693375110626221,5.260000228881836,5.329999923706055,5.25,5.309999942779541,3537900
2025-01-29,4.657684326171875,5.21999979019165,5.309999942779541,5.21999979019165,5.28000020980835,4673300
2025-01-30,4.961058139801025,5.559999942779541,5.650000095367432,5.239999771118164,5.239999771118164,9407800
2025-01-31,4.871830463409424,5.460000038146973,5.619999885559082,5.400000095367432,5.550000190734863,6693100
2025-02-03,4.76475715637207,5.340000152587891,5.510000228881836,5.320000171661377,5.400000095367432,4976300
2025-02-04,4.702297687530518,5.269999980926514,5.360000133514404,5.230000019073486,5.340000152587891,4263300
2025-02-05,4.684452533721924,5.25,5.300000190734863,5.210000038146973,5.25,3917900
2025-02-06,4.871830463409424,5.460000038146973,5.489999771118164,5.289999961853027,5.289999961853027,5961500
2025-02-07,4.76475715637207,5.340000152587891,5.579999923706055,5.309999942779541,5.460000038146973,6371000
2025-02-10,4.818294048309326,5.400000095367432,5.409999847412109,5.329999923706055,5.340000152587891,4290900
2025-02-11,4.746911525726318,5.320000171661377,5.369999885559082,5.239999771118164,5.309999942779541,6695600
2025-02-12,4.470306396484375,5.010000228881836,5.289999961853027,5.0,5.28000020980835,13149000
2025-02-13,4.613070487976074,5.170000076293945,5.170000076293945,4.96999979019165,5.0,6079500
2025-02-14,4.889676094055176,5.480000019073486,5.5,5.210000038146973,5.239999771118164,10630100
2025-02-17,4.92536735534668,5.519999980926514,5.630000114440918,5.46999979019165,5.46999979019165,6400900
2025-02-18,4.818294048309326,5.400000095367432,5.579999923706055,5.389999866485596,5.550000190734863,4601100
2025-02-19,4.791525840759277,5.369999885559082,5.460000038146973,5.309999942779541,5.329999923706055,3269800
2025-02-20,4.782602787017822,5.360000133514404,5.519999980926514,5.349999904632568,5.440000057220459,5857400
2025-02-21,4.800447940826416,5.380000114440918,5.420000076293945,5.289999961853027,5.389999866485596,4542700
2025-02-24,4.711221218109131,5.28000020980835,5.429999828338623,5.260000228881836,5.380000114440918,3163000
2025-02-25,4.773680210113525,5.349999904632568,5.380000114440918,5.25,5.28000020980835,5162300
2025-02-26,4.782602787017822,5.360000133514404,5.429999828338623,5.320000171661377,5.360000133514404,4626500
2025-02-27,4.746911525726318,5.320000171661377,5.400000095367432,5.289999961853027,5.329999923706055,4764400
2025-02-28,4.55061149597168,5.099999904632568,5.300000190734863,5.090000152587891,5.300000190734863,6362200
2025-03-05,4.720143795013428,5.289999961853027,5.320000171661377,5.099999904632568,5.159999847412109,6698300
2025-03-06,4.889676094055176,5.480000019073486,5.559999942779541,5.300000190734863,5.300000190734863,10224100
2025-03-07,4.898598670959473,5.489999771118164,5.550000190734863,5.269999980926514,5.389999866485596,6848200
2025-03-10,4.853984832763672,5.440000057220459,5.53000020980835,5.329999923706055,5.449999809265137,7884800
2025-03-11,4.702297687530518,5.269999980926514,5.46999979019165,5.179999828338623,5.460000038146973,7329800
2025-03-12,4.711221218109131,5.28000020980835,5.28000020980835,5.159999847412109,5.230000019073486,6439800
2025-03-13,5.139513969421387,5.760000228881836,5.929999828338623,5.579999923706055,5.610000133514404,24666300
2025-03-14,5.48750114440918,6.150000095367432,6.190000057220459,5.78000020980835,5.809999942779541,11473800
2025-03-17,5.612420082092285,6.289999961853027,6.289999961853027,6.110000133514404,6.150000095367432,7366300
2025-03-18,5.5767292976379395,6.25,6.289999961853027,6.099999904632568,6.269999980926514,6469400
2025-03-19,5.710570335388184,6.400000095367432,6.440000057220459,6.170000076293945,6.170000076293945,8192500
2025-03-20,5.719493389129639,6.409999847412109,6.46999979019165,6.300000190734863,6.340000152587891,6560300
2025-03-21,5.692724704742432,6.380000114440918,6.510000228881836,6.239999771118164,6.46999979019165,14511100
2025-03-24,5.692724704742432,6.380000114440918,6.429999828338623,6.340000152587891,6.369999885559082,6533700
2025-03-25,5.648111343383789,6.329999923706055,6.400000095367432,6.300000190734863,6.400000095367432,5096000
2025-03-26,5.710570335388184,6.400000095367432,6.400000095367432,6.28000020980835,6.349999904632568,5131300
2025-03-27,5.630265712738037,6.309999942779541,6.400000095367432,6.260000228881836,6.389999866485596,5375000
2025-03-28,5.621342658996582,6.300000190734863,6.300000190734863,6.150000095367432,6.25,5193300
2025-03-31,5.523192405700684,6.190000057220459,6.260000228881836,6.150000095367432,6.199999809265137,7334900
2025-04-01,5.451810359954834,6.110000133514404,6.260000228881836,6.03000020980835,6.199999809265137,7064700
2025-04-02,5.317968845367432,5.960000038146973,6.119999885559082,5.880000114440918,6.110000133514404,8452400
2025-04-03,5.210896015167236,5.840000152587891,5.940000057220459,5.809999942779541,5.869999885559082,6898500
2025-04-04,5.041363716125488,5.650000095367432,5.670000076293945,5.519999980926514,5.650000095367432,8461500
2025-04-07,5.059208869934082,5.670000076293945,5.789999961853027,5.440000057220459,5.5,8738400
2025-04-08,4.845061779022217,5.429999828338623,5.78000020980835,5.380000114440918,5.730000019073486,8753700
2025-04-09,5.121667861938477,5.739999771118164,5.840000152587891,5.380000114440918,5.380000114440918,13203000
2025-04-10,5.085977077484131,5.699999809265137,5.760000228881836,5.570000171661377,5.760000228881836,7746900
2025-04-11,5.184126853942871,5.809999942779541,5.889999866485596,5.690000057220459,5.710000038146973,5390700
2025-04-14,5.425042152404785,6.079999923706055,6.119999885559082,5.869999885559082,5.869999885559082,6847500
2025-04-15,5.309045791625977,5.949999809265137,6.119999885559082,5.849999904632568,6.050000190734863,5347000
2025-04-16,5.103822231292725,5.71999979019165,5.920000076293945,5.679999828338623,5.909999847412109,9797300
2025-04-17,5.041363716125488,5.650000095367432,5.730000019073486,5.619999885559082,5.699999809265137,6838700
2025-04-22,5.121667861938477,5.739999771118164,5.75,5.46999979019165,5.650000095367432,11443500
2025-04-23,5.416119575500488,6.070000171661377,6.150000095367432,5.869999885559082,5.900000095367432,10333500
2025-04-24,5.657033443450928,6.340000152587891,6.389999866485596,6.110000133514404,6.119999885559082,8072400
2025-04-25,5.514269828796387,6.179999828338623,6.329999923706055,6.130000114440918,6.28000020980835,5928000
2025-04-28,5.496424198150635,6.159999847412109,6.199999809265137,6.039999961853027,6.199999809265137,4680200
2025-04-29,5.505346775054932,6.170000076293945,6.199999809265137,6.099999904632568,6.170000076293945,5591100
2025-04-30,5.478579044342041,6.139999866485596,6.190000057220459,6.059999942779541,6.099999904632568,6583600
2025-05-02,5.425042152404785,6.079999923706055,6.170000076293945,6.019999980926514,6.150000095367432,6526400
2025-05-05,5.416119575500488,6.070000171661377,6.199999809265137,5.96999979019165,6.079999923706055,4659800
2025-05-06,5.48750114440918,6.150000095367432,6.269999980926514,6.050000190734863,6.070000171661377,5166100
2025-05-07,5.478579044342041,6.139999866485596,6.239999771118164,6.119999885559082,6.230000019073486,6263100
2025-05-08,5.478579044342041,6.139999866485596,6.25,6.070000171661377,6.210000038146973,6112500
2025-05-09,5.219818115234375,5.849999904632568,6.170000076293945,5.679999828338623,6.150000095367432,15413000
2025-05-12,5.264432430267334,5.900000095367432,6.110000133514404,5.800000190734863,6.050000190734863,11113500
2025-05-13,5.30012321472168,5.940000057220459,5.96999979019165,5.769999980926514,5.900000095367432,10758500
2025-05-14,5.234410762786865,5.630000114440918,5.829999923706055,5.619999885559082,5.800000190734863,8174400
2025-05-15,5.262302875518799,5.659999847412109,5.730000019073486,5.599999904632568,5.650000095367432,5983700
2025-05-16,5.28089714050293,5.679999828338623,5.730000019073486,5.539999961853027,5.599999904632568,6129700
2025-05-19,5.225113868713379,5.619999885559082,5.710000038146973,5.590000152587891,5.679999828338623,5435600
2025-05-20,5.225113868713379,5.619999885559082,5.670000076293945,5.539999961853027,5.590000152587891,6801900
2025-05-21,5.104247570037842,5.489999771118164,5.599999904632568,5.460000038146973,5.599999904632568,5577500
2025-05-22,5.104247570037842,5.489999771118164,5.579999923706055,5.449999809265137,5.460000038146973,8752900
2025-05-23,5.094950199127197,5.480000019073486,5.480000019073486,5.400000095367432,5.460000038146973,5966200
2025-05-26,5.132139682769775,5.519999980926514,5.519999980926514,5.409999847412109,5.429999828338623,2452300
2025-05-27,4.834624290466309,5.199999809265137,5.429999828338623,5.199999809265137,5.380000114440918,19783700
2025-05-28,4.7602458000183105,5.119999885559082,5.179999828338623,5.070000171661377,5.179999828338623,8304900
2025-05-29,4.769543647766113,5.130000114440918,5.210000038146973,5.119999885559082,5.150000095367432,5700200
2025-05-30,4.695164203643799,5.050000190734863,5.130000114440918,4.989999771118164,5.130000114440918,9314800
2025-06-02,4.565001010894775,4.909999847412109,5.059999942779541,4.889999866485596,5.059999942779541,11650600
2025-06-03,4.6021904945373535,4.949999809265137,4.989999771118164,4.849999904632568,4.889999866485596,8478600
2025-06-04,4.5835957527160645,4.929999828338623,5.019999980926514,4.880000114440918,4.96999979019165,6636100
2025-06-05,4.592893123626709,4.940000057220459,4.960000038146973,4.889999866485596,4.889999866485596,4118700
2025-06-06,4.574298858642578,4.920000076293945,4.989999771118164,4.889999866485596,4.960000038146973,5690900
2025-06-09,4.574298858642578,4.920000076293945,4.949999809265137,4.860000133514404,4.920000076293945,4506700
2025-06-10,4.667272090911865,5.019999980926514,5.039999961853027,4.940000057220459,4.940000057220459,6706400
2025-06-11,4.630082130432129,4.980000019073486,5.059999942779541,4.96999979019165,5.059999942779541,7901300
2025-06-12,4.67656946182251,5.03000020980835,5.059999942779541,4.960000038146973,4.960000038146973,5675400
2025-06-13,4.527811527252197,4.869999885559082,5.010000228881836,4.869999885559082,4.96999979019165,8238600
2025-06-16,4.67656946182251,5.03000020980835,5.03000020980835,4.889999866485596,4.920000076293945,5833800
2025-06-17,4.630082130432129,4.980000019073486,5.070000171661377,4.980000019073486,5.03000020980835,12356100
2025-06-18,4.630082130432129,4.980000019073486,5.090000152587891,4.960000038146973,5.03000020980835,5548900
2025-06-20,4.620784759521484,4.96999979019165,5.0,4.929999828338623,4.96999979019165,9457500
2025-06-23,4.574298858642578,4.920000076293945,4.989999771118164,4.900000095367432,4.960000038146973,5567200
2025-06-24,4.555703639984131,4.900000095367432,4.96999979019165,4.900000095367432,4.929999828338623,2325700
2025-06-25,4.462730407714844,4.800000190734863,4.920000076293945,4.800000190734863,4.900000095367432,6405300
2025-06-26,4.546406269073486,4.889999866485596,4.940000057220459,4.840000152587891,4.849999904632568,5101200
2025-06-27,4.537109375,4.880000114440918,4.940000057220459,4.880000114440918,4.900000095367432,3438500
2025-06-30,4.611488342285156,4.960000038146973,4.960000038146973,4.849999904632568,4.869999885559082,3357900
2025-07-01,4.6021904945373535,4.949999809265137,4.989999771118164,4.900000095367432,4.960000038146973,4449900
2025-07-02,4.685866832733154,5.039999961853027,5.190000057220459,4.980000019073486,4.989999771118164,9180500
2025-07-03,4.825326919555664,5.190000057220459,5.190000057220459,5.03000020980835,5.099999904632568,4694500
2025-07-04,4.871813774108887,5.239999771118164,5.309999942779541,5.159999847412109,5.199999809265137,4247900
2025-07-07,4.788137435913086,5.150000095367432,5.28000020980835,5.150000095367432,5.239999771118164,4500800
2025-07-08,4.7602458000183105,5.119999885559082,5.210000038146973,5.090000152587891,5.159999847412109,4171800
2025-07-09,4.657974720001221,5.010000228881836,5.179999828338623,5.0,5.130000114440918,4364200
2025-07-10,4.7974348068237305,5.159999847412109,5.21999979019165,4.949999809265137,4.989999771118164,6993000
2025-07-11,4.788137435913086,5.150000095367432,5.179999828338623,5.079999923706055,5.139999866485596,4411500
2025-07-14,4.750948429107666,5.110000133514404,5.179999828338623,5.050000190734863,5.159999847412109,2829000
2025-07-15,4.723056316375732,5.079999923706055,5.119999885559082,5.019999980926514,5.099999904632568,4921300
2025-07-16,4.788137435913086,5.150000095367432,5.150000095367432,5.059999942779541,5.119999885559082,4031900
2025-07-17,4.750948429107666,5.110000133514404,5.190000057220459,5.090000152587891,5.159999847412109,4086800
2025-07-18,4.685866832733154,5.039999961853027,5.090000152587891,4.980000019073486,5.079999923706055,4828700
2025-07-21,4.909003734588623,5.28000020980835,5.320000171661377,5.110000133514404,5.110000133514404,7705500
2025-07-22,4.9554901123046875,5.329999923706055,5.409999847412109,5.320000171661377,5.349999904632568,6694500
2025-07-23,4.992679595947266,5.369999885559082,5.409999847412109,5.230000019073486,5.260000228881836,4479400
2025-07-24,4.918301105499268,5.289999961853027,5.369999885559082,5.28000020980835,5.340000152587891,3278400
2025-07-25,4.806732654571533,5.170000076293945,5.289999961853027,5.159999847412109,5.25,3144000
2025-07-28,4.732354164123535,5.090000152587891,5.190000057220459,5.050000190734863,5.150000095367432,3427700
2025-07-29,4.7416510581970215,5.099999904632568,5.170000076293945,5.090000152587891,5.099999904632568,3358400
2025-07-30,4.7416510581970215,5.099999904632568,5.130000114440918,5.050000190734863,5.099999904632568,5715900
2025-07-31,4.685866832733154,5.039999961853027,5.130000114440918,4.949999809265137,5.070000171661377,6746400
2025-08-01,4.667272090911865,5.019999980926514,5.190000057220459,4.96999979019165,4.980000019073486,5350000
2025-08-04,4.592893123626709,4.940000057220459,5.130000114440918,4.940000057220459,5.090000152587891,4743200
2025-08-05,4.565001010894775,4.909999847412109,5.010000228881836,4.909999847412109,4.960000038146973,4059500
2025-08-06,4.527811527252197,4.869999885559082,5.019999980926514,4.869999885559082,4.949999809265137,5029400
2025-08-07,4.592893123626709,4.940000057220459,4.96999979019165,4.900000095367432,4.909999847412109,3780300
2025-08-08,4.620784759521484,4.96999979019165,5.03000020980835,4.920000076293945,4.920000076293945,5180700
2025-08-11,4.620784759521484,4.96999979019165,5.050000190734863,4.960000038146973,4.96999979019165,3654700
2025-08-12,4.67656946182251,5.03000020980835,5.090000152587891,5.0,5.019999980926514,4040800
2025-08-13,4.555703639984131,4.900000095367432,5.050000190734863,4.889999866485596,5.03000020980835,7451100
2025-08-14,4.481324672698975,4.820000171661377,4.889999866485596,4.769999980926514,4.880000114440918,5346200
2025-08-15,4.481324672698975,4.820000171661377,4.849999904632568,4.78000020980835,4.809999942779541,4475400
2025-08-18,4.537109375,4.880000114440918,4.949999809265137,4.820000171661377,4.820000171661377,3318100
2025-08-19,4.444135665893555,4.78000020980835,4.860000133514404,4.75,4.849999904632568,6755900
2025-08-20,4.453433036804199,4.789999961853027,4.829999923706055,4.760000228881836,4.800000190734863,3349300
2025-08-21,4.444135665893555,4.78000020980835,4.849999904632568,4.760000228881836,4.809999942779541,3356500
2025-08-22,4.611488342285156,4.960000038146973,4.989999771118164,4.78000020980835,4.789999961853027,5594200
2025-08-25,4.67656946182251,5.03000020980835,5.099999904632568,4.980000019073486,5.0,5146600
2025-08-26,4.685866832733154,5.039999961853027,5.059999942779541,4.989999771118164,4.989999771118164,4900600
2025-08-27,4.750948429107666,5.110000133514404,5.119999885559082,4.989999771118164,5.019999980926514,3373500
2025-08-28,4.8160295486450195,5.179999828338623,5.239999771118164,5.130000114440918,5.159999847412109,8036800
2025-08-29,4.834624290466309,5.199999809265137,5.28000020980835,5.159999847412109,5.199999809265137,6488600
2025-09-01,4.806732654571533,5.170000076293945,5.21999979019165,5.119999885559082,5.150000095367432,2454600
2025-09-02,4.788137435913086,5.150000095367432,5.21999979019165,5.090000152587891,5.110000133514404,2842000
2025-09-03,4.732354164123535,5.090000152587891,5.170000076293945,5.059999942779541,5.139999866485596,3196900
2025-09-04,4.778840065002441,5.139999866485596,5.170000076293945,5.070000171661377,5.110000133514404,3165200
2025-09-05,4.825326919555664,5.190000057220459,5.210000038146973,5.119999885559082,5.159999847412109,4548600
2025-09-08,4.806732654571533,5.170000076293945,5.230000019073486,5.130000114440918,5.179999828338623,4801900
2025-09-09,4.769543647766113,5.130000114440918,5.28000020980835,5.130000114440918,5.199999809265137,4475300
2025-09-10,4.695164203643799,5.050000190734863,5.179999828338623,5.039999961853027,5.159999847412109,5754900
2025-09-11,4.713758945465088,5.070000171661377,5.079999923706055,5.019999980926514,5.03000020980835,4853100
2025-09-12,4.7416510581970215,5.099999904632568,5.139999866485596,5.019999980926514,5.03000020980835,3849200
2025-09-15,4.732354164123535,5.090000152587891,5.150000095367432,5.070000171661377,5.090000152587891,3275400
2025-09-16,4.806732654571533,5.170000076293945,5.170000076293945,5.099999904632568,5.119999885559082,4111300
2025-09-17,4.843922138214111,5.210000038146973,5.230000019073486,5.130000114440918,5.159999847412109,5076500
2025-09-18,4.806732654571533,5.170000076293945,5.260000228881836,5.130000114440918,5.170000076293945,4137600
2025-09-19,4.843922138214111,5.210000038146973,5.239999771118164,5.170000076293945,5.179999828338623,4330200
2025-09-22,4.8811116218566895,5.25,5.269999980926514,5.150000095367432,5.190000057220459,3581000
2025-09-23,4.983382225036621,5.360000133514404,5.369999885559082,5.230000019073486,5.230000019073486,7108400
2025-09-24,4.9554901123046875,5.329999923706055,5.400000095367432,5.320000171661377,5.340000152587891,3282100
2025-09-25,4.9554901123046875,5.329999923706055,5.369999885559082,5.28000020980835,5.329999923706055,3898000
2025-09-26,4.93689489364624,5.309999942779541,5.360000133514404,5.28000020980835,5.349999904632568,2496300
2025-09-29,5.132139682769775,5.519999980926514,5.539999961853027,5.340000152587891,5.340000152587891,6580900
2025-09-30,5.141437530517578,5.53000020980835,5.650000095367432,5.480000019073486,5.550000190734863,6395900
2025-10-01,5.215816497802734,5.610000133514404,5.639999866485596,5.440000057220459,5.550000190734863,5800800
2025-10-02,5.150734901428223,5.539999961853027,5.650000095367432,5.489999771118164,5.599999904632568,3735300
2025-10-03,5.187924385070801,5.579999923706055,5.639999866485596,5.510000228881836,5.510000228881836,3330500
2025-10-06,5.364573955535889,5.769999980926514,5.789999961853027,5.590000152587891,5.599999904632568,6445500
2025-10-07,5.290194988250732,5.690000057220459,5.769999980926514,5.659999847412109,5.71999979019165,3094300
2025-10-08,5.28089714050293,5.679999828338623,5.739999771118164,5.630000114440918,5.699999809265137,3823300
2025-10-09,5.318086624145508,5.71999979019165,5.760000228881836,5.650000095367432,5.71999979019165,2835400
2025-10-10,5.122842311859131,5.510000228881836,5.739999771118164,5.480000019073486,5.730000019073486,7264900
2025-10-13,5.243707656860352,5.639999866485596,5.650000095367432,5.539999961853027,5.579999923706055,5035500
2025-10-14,5.271599769592285,5.670000076293945,5.690000057220459,5.53000020980835,5.590000152587891,3945200
2025-10-15,5.253005504608154,5.650000095367432,5.659999847412109,5.5,5.599999904632568,9409800
2025-10-16,5.197221279144287,5.590000152587891,5.610000133514404,5.510000228881836,5.579999923706055,3814400
2025-10-17,5.187924385070801,5.579999923706055,5.639999866485596,5.53000020980835,5.550000190734863,2338100
2025-10-20,5.411060333251953,5.820000171661377,5.869999885559082,5.539999961853027,5.559999942779541,6299800
2025-10-21,5.290194988250732,5.690000057220459,5.869999885559082,5.539999961853027,5.559999942779541,2971600
2025-10-22,5.308789253234863,5.710000038146973,5.78000020980835,5.659999847412109,5.710000038146973,3555600
2025-10-23,5.3831682205200195,5.789999961853027,5.840000152587891,5.71999979019165,5.739999771118164,4941100
2025-10-24,5.401762962341309,5.809999942779541,5.940000057220459,5.769999980926514,5.880000114440918,4482000
2025-10-27,5.392466068267822,5.800000190734863,5.889999866485596,5.730000019073486,5.860000133514404,4970200
2025-10-28,5.541223526000977,5.960000038146973,5.980000019073486,5.789999961853027,5.829999923706055,5681200
2025-10-29,5.5784125328063965,6.0,6.090000152587891,5.949999809265137,5.980000019073486,5724600
2025-10-30,5.606305122375488,6.03000020980835,6.050000190734863,5.940000057220459,5.980000019073486,4157700
2025-10-31,5.643494606018066,6.070000171661377,6.099999904632568,6.019999980926514,6.059999942779541,4998700
2025-11-03,5.67138671875,6.099999904632568,6.150000095367432,6.03000020980835,6.070000171661377,4619700
2025-11-04,5.550520896911621,5.96999979019165,6.099999904632568,5.960000038146973,6.070000171661377,4338100
2025-11-05,5.541223526000977,5.960000038146973,6.130000114440918,5.670000076293945,5.96999979019165,15417500
2025-11-06,5.448249816894531,5.860000133514404,5.989999771118164,5.730000019073486,5.980000019073486,6843600
2025-11-07,5.392466068267822,5.800000190734863,5.880000114440918,5.739999771118164,5.800000190734863,8628900
2025-11-10,5.34104061126709,5.579999923706055,5.75,5.550000190734863,5.75,6912900
2025-11-11,5.436758041381836,5.679999828338623,5.730000019073486,5.579999923706055,5.599999904632568,7009200
2025-11-12,5.666480541229248,5.920000076293945,5.920000076293945,5.679999828338623,5.690000057220459,9089000
2025-11-13,5.628193378448486,5.880000114440918,5.920000076293945,5.809999942779541,5.920000076293945,5705100
2025-11-14,5.599477767944336,5.849999904632568,5.900000095367432,5.78000020980835,5.840000152587891,4101900
2025-11-17,5.4463300704956055,5.690000057220459,5.880000114440918,5.659999847412109,5.840000152587891,8216200
2025-11-18,5.427186489105225,5.670000076293945,5.710000038146973,5.599999904632568,5.639999866485596,5115000
2025-11-19,5.321897029876709,5.559999942779541,5.639999866485596,5.46999979019165,5.630000114440918,6440900
2025-11-21,5.350612163543701,5.590000152587891,5.619999885559082,5.489999771118164,5.489999771118164,4619300
2025-11-24,5.015600681304932,5.239999771118164,5.579999923706055,5.239999771118164,5.559999942779541,12360200
2025-11-25,5.130462169647217,5.360000133514404,5.369999885559082,5.139999866485596,5.289999961853027,14733600
2025-11-26,5.187892436981201,5.420000076293945,5.53000020980835,5.329999923706055,5.369999885559082,7104100
2025-11-27,5.16874885559082,5.400000095367432,5.440000057220459,5.349999904632568,5.400000095367432,2829900
2025-11-28,5.16874885559082,5.400000095367432,5.449999809265137,5.369999885559082,5.400000095367432,6758400
2025-12-01,5.111318111419678,5.340000152587891,5.409999847412109,5.329999923706055,5.409999847412109,9157000
2025-12-02,5.1974639892578125,5.429999828338623,5.429999828338623,5.320000171661377,5.369999885559082,11257500
2025-12-03,5.3314690589904785,5.570000171661377,5.590000152587891,5.409999847412109,5.440000057220459,13641500
2025-12-04,5.36975622177124,5.610000133514404,5.639999866485596,5.510000228881836,5.570000171661377,11543300
2025-12-05,5.207036018371582,5.440000057220459,5.670000076293945,5.389999866485596,5.570000171661377,11567200
2025-12-08,5.216607570648193,5.449999809265137,5.519999980926514,5.409999847412109,5.489999771118164,16682500
2025-12-09,5.264466285705566,5.5,5.550000190734863,5.329999923706055,5.400000095367432,6339000
2025-12-10,5.408042907714844,5.650000095367432,5.699999809265137,5.510000228881836,5.570000171661377,8270600
2025-12-11,5.455901622772217,5.699999809265137,5.71999979019165,5.53000020980835,5.630000114440918,6106800
2025-12-12,5.4941887855529785,5.739999771118164,5.769999980926514,5.53000020980835,5.630000114440918,5073900
2025-12-15,5.408042907714844,5.650000095367432,5.789999961853027,5.559999942779541,5.78000020980835,5165800
2025-12-16,5.36975622177124,5.610000133514404,5.679999828338623,5.539999961853027,5.619999885559082,6508800
2025-12-17,5.283609867095947,5.519999980926514,5.590000152587891,5.46999979019165,5.590000152587891,9474600
2025-12-18,5.2453227043151855,5.480000019073486,5.550000190734863,5.460000038146973,5.519999980926514,6215800
2025-12-19,5.0347442626953125,5.260000228881836,5.480000019073486,5.25,5.480000019073486,8494000
2025-12-22,5.0826029777526855,5.309999942779541,5.380000114440918,5.230000019073486,5.28000020980835,5954100
2025-12-23,5.178320407867432,5.409999847412109,5.46999979019165,5.329999923706055,5.329999923706055,4535700
2025-12-26,5.216607570648193,5.449999809265137,5.449999809265137,5.360000133514404,5.409999847412109,3032500
2025-12-29,5.16874885559082,5.400000095367432,5.489999771118164,5.360000133514404,5.480000019073486,4655700
2025-12-30,5.216607570648193,5.449999809265137,5.519999980926514,5.409999847412109,5.440000057220459,5084700
2026-01-02,5.073031425476074,5.300000190734863,5.5,5.269999980926514,5.449999809265137,8175600
2026-01-05,5.245955467224121,5.400000095367432,5.409999847412109,5.210000038146973,5.260000228881836,6678300
2026-01-06,5.391676425933838,5.550000190734863,5.570000171661377,5.360000133514404,5.420000076293945,8062400
2026-01-07,5.420820713043213,5.579999923706055,5.619999885559082,5.480000019073486,5.559999942779541,7946900
2026-01-08,5.34310245513916,5.5,5.599999904632568,5.489999771118164,5.590000152587891,5941400
2026-01-09,5.34310245513916,5.5,5.590000152587891,5.46999979019165,5.480000019073486,3951300
2026-01-12,5.411106109619141,5.570000171661377,5.610000133514404,5.460000038146973,5.519999980926514,5184200
2026-01-13,5.430535316467285,5.590000152587891,5.619999885559082,5.46999979019165,5.53000020980835,6631500
2026-01-14,5.663688659667969,5.829999923706055,5.840000152587891,5.510000228881836,5.610000133514404,9173700
2026-01-15,5.527682781219482,5.690000057220459,5.880000114440918,5.659999847412109,5.849999904632568,5972000
2026-01-16,5.391676425933838,5.550000190734863,5.670000076293945,5.519999980926514,5.670000076293945,5676900
2026-01-19,5.381961822509766,5.539999961853027,5.550000190734863,5.46999979019165,5.519999980926514,3504200
2026-01-20,5.304243564605713,5.460000038146973,5.519999980926514,5.429999828338623,5.510000228881836,3822400
2026-01-21,5.576256275177002,5.739999771118164,5.75,5.489999771118164,5.489999771118164,6825200
2026-01-22,5.6539740562438965,5.820000171661377,5.949999809265137,5.699999809265137,5.710000038146973,14952100
2026-01-23,5.799695014953613,5.96999979019165,6.070000171661377,5.78000020980835,5.869999885559082,8392100
2026-01-26,5.7802653312683105,5.949999809265137,6.130000114440918,5.909999847412109,5.96999979019165,8043400
2026-01-27,6.00370454788208,6.179999828338623,6.199999809265137,6.03000020980835,6.039999961853027,8392500
2026-01-28,6.236857891082764,6.420000076293945,6.420000076293945,6.199999809265137,6.199999809265137,10333400
2026-01-29,5.9551310539245605,6.130000114440918,6.559999942779541,6.130000114440918,6.480000019073486,8710100
2026-01-30,5.721977233886719,5.889999866485596,6.119999885559082,5.860000133514404,6.119999885559082,10419700
2026-02-02,5.819124221801758,5.989999771118164,6.0,5.880000114440918,5.909999847412109,7267600
2026-02-03,5.993989944458008,6.170000076293945,6.179999828338623,6.03000020980835,6.039999961853027,6396200
2026-02-04,5.8968424797058105,6.070000171661377,6.230000019073486,5.989999771118164,6.110000133514404,5448200
2026-02-05,5.7802653312683105,5.949999809265137,6.130000114440918,5.929999828338623,6.050000190734863,6173500
2026-02-06,5.721977233886719,5.889999866485596,6.039999961853027,5.829999923706055,5.949999809265137,6813200
2026-02-09,5.819124221801758,5.989999771118164,6.010000228881836,5.869999885559082,5.920000076293945,5897000
2026-02-10,5.585970878601074,5.75,6.019999980926514,5.75,6.0,6729400
2026-02-11,5.7122626304626465,5.880000114440918,5.940000057220459,5.75,5.809999942779541,9965200
2026-02-12,5.40139102935791,5.559999942779541,5.849999904632568,5.550000190734863,5.849999904632568,9763800
2026-02-13,5.304243564605713,5.460000038146973,5.510000228881836,5.400000095367432,5.449999809265137,10188400
2026-02-18,5.177952289581299,5.329999923706055,5.599999904632568,5.320000171661377,5.579999923706055,8951400
2026-02-19,5.177952289581299,5.329999923706055,5.369999885559082,5.239999771118164,5.329999923706055,7097400
2026-02-20,5.177952289581299,5.329999923706055,5.349999904632568,5.230000019073486,5.289999961853027,8871600
2026-02-23,5.177952289581299,5.329999923706055,5.400000095367432,5.210000038146973,5.269999980926514,14775000
2026-02-24,5.255670070648193,5.409999847412109,5.5,5.309999942779541,5.329999923706055,11895500
2026-02-25,5.323673248291016,5.480000019073486,5.550000190734863,5.440000057220459,5.449999809265137,9376400
2026-02-26,5.352817535400391,5.510000228881836,5.559999942779541,5.420000076293945,5.489999771118164,10183300
2026-02-27,5.284814357757568,5.440000057220459,5.519999980926514,5.440000057220459,5.460000038146973,6731300
2026-03-02,5.304243564605713,5.460000038146973,5.510000228881836,5.349999904632568,5.380000114440918,7126700
2026-03-03,5.109949111938477,5.260000228881836,5.329999923706055,5.190000057220459,5.300000190734863,12377300
2026-03-04,5.197381496429443,5.349999904632568,5.400000095367432,5.300000190734863,5.360000133514404,5776100
2026-03-05,5.012801647186279,5.159999847412109,5.369999885559082,5.150000095367432,5.369999885559082,13585700
2026-03-06,4.993372440338135,5.139999866485596,5.190000057220459,5.0,5.139999866485596,14384500
2026-03-09,5.051660537719727,5.199999809265137,5.230000019073486,5.019999980926514,5.119999885559082,12030800
2026-03-10,5.061375617980957,5.210000038146973,5.269999980926514,5.130000114440918,5.269999980926514,9462800
2026-03-11,5.041945934295654,5.190000057220459,5.28000020980835,5.099999904632568,5.150000095367432,8707900
2026-03-12,4.84765100479126,4.989999771118164,5.260000228881836,4.989999771118164,5.139999866485596,19174300
2026-03-13,4.701930522918701,4.840000152587891,5.03000020980835,4.829999923706055,5.0,13391000
2026-03-16,4.760218620300293,4.900000095367432,4.960000038146973,4.820000171661377,4.880000114440918,10434700
2026-03-17,4.779648303985596,4.920000076293945,4.980000019073486,4.900000095367432,4.900000095367432,7599900
2026-03-18,4.672786235809326,4.809999942779541,4.949999809265137,4.809999942779541,4.900000095367432,11551600
2026-03-19,4.701930522918701,4.840000152587891,4.940000057220459,4.650000095367432,4.769999980926514,12552800
2026-03-20,4.614497661590576,4.75,4.869999885559082,4.739999771118164,4.820000171661377,19700700
2026-03-23,4.750504016876221,4.889999866485596,4.980000019073486,4.840000152587891,4.849999904632568,11095700
2026-03-24,4.886510372161865,5.03000020980835,5.050000190734863,4.849999904632568,4.889999866485596,12565500
2026-03-25,4.84765100479126,4.989999771118164,5.079999923706055,4.960000038146973,5.059999942779541,13350800
2026-03-26,4.769933223724365,4.909999847412109,4.96999979019165,4.880000114440918,4.949999809265137,6395300
2026-03-27,4.711645126342773,4.849999904632568,4.949999809265137,4.820000171661377,4.880000114440918,6622000
2026-03-30,4.721359729766846,4.860000133514404,4.96999979019165,4.849999904632568,4.909999847412109,9597400
2026-03-31,4.8087921142578125,4.949999809265137,4.96999979019165,4.849999904632568,4.929999828338623,9209100
2026-04-01,4.8087921142578125,4.949999809265137,5.039999961853027,4.909999847412109,4.949999809265137,9433000
2026-04-02,4.779648303985596,4.920000076293945,4.960000038146973,4.820000171661377,4.849999904632568,5689900
2026-04-06,4.740789413452148,4.880000114440918,4.949999809265137,4.880000114440918,4.920000076293945,5237900
2026-04-07,4.750504016876221,4.889999866485596,4.900000095367432,4.829999923706055,4.880000114440918,7672700
2026-04-08,4.944798946380615,5.090000152587891,5.119999885559082,5.019999980926514,5.070000171661377,11532100
2026-04-09,4.935083866119385,5.079999923706055,5.139999866485596,5.010000228881836,5.079999923706055,6994900
2026-04-10,4.876795768737793,5.019999980926514,5.130000114440918,5.019999980926514,5.119999885559082,6437600
2026-04-13,4.85736608505249,5.0,5.039999961853027,4.960000038146973,5.019999980926514,5801200
2026-04-14,4.9253692626953125,5.070000171661377,5.079999923706055,5.0,5.019999980926514,6225800
2026-04-15,4.867081165313721,5.010000228881836,5.079999923706055,5.010000228881836,5.039999961853027,6683800
2026-04-16,4.818507194519043,4.960000038146973,5.110000133514404,4.949999809265137,5.050000190734863,8389100
2026-04-17,4.980000019073486,4.980000019073486,5.03000020980835,4.929999828338623,4.929999828338623,7435900
2026-04-20,5.039999961853027,5.039999961853027,5.039999961853027,4.96999979019165,4.96999979019165,5805600
2026-04-22,4.940000057220459,4.940000057220459,5.050000190734863,4.940000057220459,5.010000228881836,5060800
2026-04-23,4.800000190734863,4.800000190734863,4.960000038146973,4.800000190734863,4.949999809265137,7513300
2026-04-24,4.739999771118164,4.739999771118164,4.809999942779541,4.710000038146973,4.800000190734863,7033300
2026-04-27,4.760000228881836,4.760000228881836,4.829999923706055,4.730000019073486,4.75,5125500
2026-04-28,4.670000076293945,4.670000076293945,4.730000019073486,4.670000076293945,4.730000019073486,6076100
2026-04-29,4.590000152587891,4.590000152587891,4.679999828338623,4.550000190734863,4.670000076293945,11931500
2026-04-30,4.670000076293945,4.670000076293945,4.710000038146973,4.619999885559082,4.619999885559082,6392400
2026-05-04,4.590000152587891,4.590000152587891,4.71999979019165,4.550000190734863,4.690000057220459,7433000
2026-05-05,4.599999904632568,4.599999904632568,4.659999847412109,4.579999923706055,4.579999923706055,4548700
2026-05-06,4.809999942779541,4.809999942779541,4.840000152587891,4.670000076293945,4.690000057220459,10852300
2026-05-07,4.75,4.75,4.860000133514404,4.699999809265137,4.789999961853027,5016200
2026-05-08,4.809999942779541,4.809999942779541,4.860000133514404,4.769999980926514,4.800000190734863,12849000
2026-05-11,4.889999866485596,4.889999866485596,4.900000095367432,4.78000020980835,4.800000190734863,6360500
2026-05-12,4.96999979019165,4.96999979019165,4.980000019073486,4.840000152587891,4.880000114440918,8636300
2026-05-13,4.820000171661377,4.820000171661377,5.03000020980835,4.800000190734863,4.949999809265137,9548900
2026-05-14,4.769999980926514,4.769999980926514,4.880000114440918,4.619999885559082,4.829999923706055,9365700
2026-05-15,4.71999979019165,4.71999979019165,4.75,4.590000152587891,4.699999809265137,8047100
2026-05-18,4.28000020980835,4.28000020980835,4.75,4.260000228881836,4.71999979019165,16050700
2026-05-19,4.079999923706055,4.079999923706055,4.309999942779541,4.079999923706055,4.28000020980835,12721000
2026-05-20,4.5,4.5,4.510000228881836,4.130000114440918,4.159999847412109,22104100
2026-05-21,4.429999828338623,4.429999828338623,4.5,4.389999866485596,4.480000019073486,5788700
2026-05-22,4.480000019073486,4.480000019073486,4.510000228881836,4.340000152587891,4.400000095367432,4745800
2026-05-25,4.489999771118164,4.489999771118164,4.539999961853027,4.409999847412109,4.5,4619500
2026-05-26,4.510000228881836,4.510000228881836,4.579999923706055,4.480000019073486,4.489999771118164,4575700
2026-05-27,4.630000114440918,4.630000114440918,4.659999847412109,4.460000038146973,4.480000019073486,10305700
2026-05-28,4.699999809265137,4.699999809265137,4.75,4.570000171661377,4.650000095367432,6136100
2026-05-29,4.659999847412109,4.659999847412109,4.75,4.639999866485596,4.699999809265137,14191000
2026-06-01,4.539999961853027,4.539999961853027,4.690000057220459,4.420000076293945,4.650000095367432,5980300
2026-06-02,4.78000020980835,4.78000020980835,4.849999904632568,4.53000020980835,4.539999961853027,10651000
2026-06-03,4.5,4.5,4.75,4.429999828338623,4.710000038146973,10635600
2026-06-05,4.369999885559082,4.369999885559082,4.489999771118164,4.349999904632568,4.480000019073486,10165800
2026-06-08,4.309999942779541,4.309999942779541,4.389999866485596,4.289999961853027,4.360000133514404,5397900
2026-06-09,4.349999904632568,4.349999904632568,4.400000095367432,4.28000020980835,4.340000152587891,9176900
2026-06-10,4.320000171661377,4.320000171661377,4.380000114440918,4.269999980926514,4.320000171661377,9674100
2026-06-11,4.340000152587891,4.340000152587891,4.420000076293945,4.260000228881836,4.320000171661377,10124500
2026-06-12,4.300000190734863,4.300000190734863,4.449999809265137,4.230000019073486,4.329999923706055,16671700
2026-06-15,4.389999866485596,4.389999866485596,4.599999904632568,4.380000114440918,4.389999866485596,16714100
2026-06-16,4.349999904632568,4.349999904632568,4.449999809265137,4.349999904632568,4.349999904632568,8643700
2026-06-17,4.269999980926514,4.269999980926514,4.420000076293945,4.269999980926514,4.349999904632568,10882800
2026-06-18,4.210000038146973,4.210000038146973,4.300000190734863,4.199999809265137,4.28000020980835,8779900
2026-06-19,4.320000171661377,4.320000171661377,4.389999866485596,4.210000038146973,4.210000038146973,9284500
2026-06-22,4.300000190734863,4.300000190734863,4.380000114440918,4.300000190734863,4.329999923706055,7723900
2026-06-23,4.28000020980835,4.28000020980835,4.349999904632568,4.239999771118164,4.289999961853027,8023200
2026-06-24,4.269999980926514,4.269999980926514,4.349999904632568,4.25,4.28000020980835,9440800
2026-06-25,4.239999771118164,4.239999771118164,4.329999923706055,4.170000076293945,4.300000190734863,9753200
2026-06-26,4.25,4.25,4.389999866485596,4.21999979019165,4.21999979019165,8426000
