Price,Adj Close,Close,High,Low,Open,Volume
Ticker,CSMG3.SA,CSMG3.SA,CSMG3.SA,CSMG3.SA,CSMG3.SA,CSMG3.SA
Date,,,,,,
2021-06-28,10.359959602355957,15.979999542236328,16.059999465942383,15.899999618530273,16.040000915527344,1291100
2021-06-29,10.217334747314453,15.760000228881836,15.960000038146973,15.609999656677246,15.949999809265137,1730700
2021-06-30,10.042290687561035,15.489999771118164,15.800000190734863,15.359999656677246,15.710000038146973,2614500
2021-07-01,9.66627311706543,14.90999984741211,15.460000038146973,14.670000076293945,15.380000114440918,6212300
2021-07-02,9.724617004394531,15.0,15.0,14.75,14.899999618530273,2004500
2021-07-05,9.627372741699219,14.850000381469727,15.0600004196167,14.800000190734863,15.0,1297100
2021-07-06,9.40046501159668,14.5,14.890000343322754,14.470000267028809,14.850000381469727,2140400
2021-07-07,9.47826099395752,14.619999885559082,14.710000038146973,14.300000190734863,14.600000381469727,2393000
2021-07-08,9.31618595123291,14.369999885559082,14.619999885559082,14.300000190734863,14.5,2211600
2021-07-12,9.620890617370605,14.84000015258789,14.899999618530273,14.4399995803833,14.470000267028809,2653000
2021-07-13,9.484745025634766,14.630000114440918,14.869999885559082,14.609999656677246,14.8100004196167,1339100
2021-07-14,9.627372741699219,14.850000381469727,14.949999809265137,14.699999809265137,14.710000038146973,1281700
2021-07-15,9.432879447937012,14.550000190734863,14.90999984741211,14.539999961853027,14.880000114440918,1609500
2021-07-16,9.335633277893066,14.399999618530273,14.710000038146973,14.399999618530273,14.600000381469727,1704000
2021-07-19,9.218938827514648,14.220000267028809,14.420000076293945,14.09000015258789,14.359999656677246,2817800
2021-07-20,9.19300365447998,14.180000305175781,14.399999618530273,14.039999961853027,14.399999618530273,1801400
2021-07-21,9.089276313781738,14.020000457763672,14.229999542236328,13.9399995803833,14.199999809265137,1371000
2021-07-22,9.167073249816895,14.140000343322754,14.239999771118164,13.989999771118164,14.020000457763672,1101100
2021-07-23,9.147624015808105,14.109999656677246,14.220000267028809,13.970000267028809,14.180000305175781,1061100
2021-07-26,9.108725547790527,14.050000190734863,14.170000076293945,14.029999732971191,14.130000114440918,1124500
2021-07-27,9.069828033447266,13.989999771118164,14.069999694824219,13.90999984741211,14.050000190734863,1014700
2021-07-28,9.147624015808105,14.109999656677246,14.140000343322754,13.989999771118164,14.0600004196167,961400
2021-07-29,9.102242469787598,14.039999961853027,14.289999961853027,13.949999809265137,14.149999618530273,1424600
2021-07-30,8.98554801940918,13.859999656677246,14.079999923706055,13.770000457763672,13.970000267028809,1569200
2021-08-02,9.030928611755371,13.930000305175781,14.140000343322754,13.869999885559082,13.989999771118164,1580100
2021-08-03,9.095759391784668,14.029999732971191,14.09000015258789,13.770000457763672,14.079999923706055,1697600
2021-08-04,9.270804405212402,14.300000190734863,14.350000381469727,13.949999809265137,14.029999732971191,2680200
2021-08-05,9.011481285095215,13.899999618530273,14.489999771118164,13.880000114440918,14.369999885559082,1951600
2021-08-06,8.959615707397461,13.819999694824219,13.960000038146973,13.680000305175781,13.90999984741211,1703600
2021-08-09,8.98554801940918,13.859999656677246,13.970000267028809,13.75,13.789999961853027,1139300
2021-08-10,8.836437225341797,13.630000114440918,13.989999771118164,13.539999961853027,13.859999656677246,2091000
2021-08-11,8.77808952331543,13.539999961853027,13.729999542236328,13.380000114440918,13.670000076293945,1670000
2021-08-12,8.648427963256836,13.34000015258789,13.649999618530273,13.34000015258789,13.600000381469727,2118100
2021-08-13,8.836437225341797,13.630000114440918,13.729999542236328,13.369999885559082,13.40999984741211,1907600
2021-08-16,8.901268005371094,13.729999542236328,13.789999961853027,13.539999961853027,13.630000114440918,1941800
2021-08-17,8.797538757324219,13.569999694824219,13.850000381469727,13.329999923706055,13.710000038146973,2442200
2021-08-18,8.622495651245117,13.300000190734863,13.600000381469727,13.229999542236328,13.600000381469727,2049300
2021-08-19,8.9207181930542,13.760000228881836,13.850000381469727,13.130000114440918,13.199999809265137,2037100
2021-08-20,9.205971717834473,14.199999809265137,14.300000190734863,13.670000076293945,13.680000305175781,2346100
2021-08-23,9.056863784790039,13.970000267028809,14.289999961853027,13.829999923706055,14.210000038146973,1327500
2021-08-24,9.095759391784668,14.029999732971191,14.15999984741211,13.90999984741211,14.09000015258789,1614100
2021-08-25,9.257838249206543,14.279999732971191,14.300000190734863,13.960000038146973,14.029999732971191,1340200
2021-08-26,9.160589218139648,14.130000114440918,14.5,14.069999694824219,14.3100004196167,2504600
2021-08-27,9.173555374145508,14.149999618530273,14.25,14.020000457763672,14.25,1521500
2021-08-30,9.108725547790527,14.050000190734863,14.15999984741211,13.949999809265137,14.149999618530273,1061900
2021-08-31,9.050378799438477,13.960000038146973,14.15999984741211,13.850000381469727,14.039999961853027,1741500
2021-09-01,9.290252685546875,14.329999923706055,14.460000038146973,13.970000267028809,14.010000228881836,1853200
2021-09-02,9.199490547180176,14.1899995803833,14.4399995803833,14.050000190734863,14.34000015258789,2131800
2021-09-03,9.04389476776123,13.949999809265137,14.270000457763672,13.949999809265137,14.260000228881836,2295100
2021-09-06,9.205971717834473,14.199999809265137,14.399999618530273,13.960000038146973,14.0,1073800
2021-09-08,8.914234161376953,13.75,14.279999732971191,13.680000305175781,14.220000267028809,1943300
2021-09-09,9.04389476776123,13.949999809265137,14.130000114440918,13.609999656677246,13.75,2561500
2021-09-10,9.134657859802246,14.09000015258789,14.300000190734863,13.960000038146973,14.100000381469727,1775900
2021-09-13,9.40694808959961,14.510000228881836,14.600000381469727,14.149999618530273,14.300000190734863,1902400
2021-09-14,9.335633277893066,14.399999618530273,14.670000076293945,14.3100004196167,14.619999885559082,1709100
2021-09-15,9.355084419250488,14.430000305175781,14.529999732971191,14.180000305175781,14.399999618530273,2241200
2021-09-16,9.355084419250488,14.430000305175781,14.479999542236328,14.25,14.350000381469727,1575100
2021-09-17,9.445846557617188,14.569999694824219,14.569999694824219,14.15999984741211,14.380000114440918,2558200
2021-09-20,9.264321327209473,14.289999961853027,14.510000228881836,14.119999885559082,14.319999694824219,1884900
2021-09-21,9.504192352294922,14.65999984741211,14.770000457763672,14.329999923706055,14.4399995803833,2281200
2021-09-22,9.633854866027832,14.859999656677246,15.050000190734863,14.720000267028809,14.850000381469727,2433400
2021-09-23,9.672755241394043,14.920000076293945,14.960000038146973,14.729999542236328,14.920000076293945,2207100
2021-09-24,9.711651802062988,14.979999542236328,15.069999694824219,14.75,14.9399995803833,2371600
2021-09-27,9.624211311340332,14.420000076293945,14.739999771118164,14.329999923706055,14.5600004196167,2405500
2021-09-28,9.397285461425781,14.079999923706055,14.420000076293945,13.960000038146973,14.319999694824219,2586000
2021-09-29,9.390610694885254,14.069999694824219,14.1899995803833,13.989999771118164,14.100000381469727,1538600
2021-09-30,9.210408210754395,13.800000190734863,14.260000228881836,13.770000457763672,14.149999618530273,1859500
2021-10-01,9.123645782470703,13.670000076293945,13.850000381469727,13.460000038146973,13.850000381469727,1833600
2021-10-04,9.036877632141113,13.539999961853027,13.670000076293945,13.40999984741211,13.670000076293945,1405900
2021-10-05,9.103621482849121,13.640000343322754,13.8100004196167,13.390000343322754,13.59000015258789,1729900
2021-10-06,9.09694766998291,13.630000114440918,13.640000343322754,13.279999732971191,13.510000228881836,1705700
2021-10-07,9.076922416687012,13.600000381469727,13.789999961853027,13.5,13.699999809265137,2210800
2021-10-08,9.23043155670166,13.829999923706055,14.0,13.65999984741211,13.75,1776000
2021-10-11,9.237105369567871,13.84000015258789,14.039999961853027,13.75,13.920000076293945,1895300
2021-10-13,9.504074096679688,14.239999771118164,14.239999771118164,13.84000015258789,13.899999618530273,2394200
2021-10-14,9.530768394470215,14.279999732971191,14.350000381469727,14.109999656677246,14.260000228881836,1226400
2021-10-15,9.524097442626953,14.270000457763672,14.4399995803833,14.229999542236328,14.300000190734863,1053200
2021-10-18,9.57081413269043,14.34000015258789,14.399999618530273,14.079999923706055,14.180000305175781,1429200
2021-10-19,9.297173500061035,13.930000305175781,14.300000190734863,13.789999961853027,14.229999542236328,2439300
2021-10-20,9.297173500061035,13.930000305175781,14.0600004196167,13.859999656677246,14.029999732971191,1782000
2021-10-21,9.043554306030273,13.550000190734863,13.819999694824219,13.34000015258789,13.819999694824219,3014100
2021-10-22,9.01685619354248,13.510000228881836,13.649999618530273,12.960000038146973,13.5,3441600
2021-10-25,9.210408210754395,13.800000190734863,13.90999984741211,13.550000190734863,13.600000381469727,1704500
2021-10-26,9.197056770324707,13.779999732971191,13.9399995803833,13.670000076293945,13.779999732971191,1487400
2021-10-27,9.28382396697998,13.90999984741211,14.130000114440918,13.829999923706055,13.880000114440918,1445500
2021-10-28,9.130315780639648,13.680000305175781,14.020000457763672,13.609999656677246,13.84000015258789,1369900
2021-10-29,9.083599090576172,13.609999656677246,13.819999694824219,13.529999732971191,13.729999542236328,2254900
2021-11-01,9.370589256286621,14.039999961853027,14.069999694824219,13.619999885559082,13.800000190734863,1479700
2021-11-03,9.60418701171875,14.390000343322754,14.520000457763672,13.930000305175781,14.0,3119300
2021-11-04,8.456223487854004,12.670000076293945,14.020000457763672,12.640000343322754,13.970000267028809,8062500
2021-11-05,8.356108665466309,12.520000457763672,12.789999961853027,12.359999656677246,12.739999771118164,2555500
2021-11-08,8.489593505859375,12.720000267028809,12.979999542236328,12.479999542236328,12.529999732971191,2577000
2021-11-09,8.596381187438965,12.880000114440918,12.979999542236328,12.720000267028809,12.789999961853027,1613500
2021-11-10,8.756562232971191,13.119999885559082,13.1899995803833,12.899999618530273,12.920000076293945,1529800
2021-11-11,8.896720886230469,13.329999923706055,13.600000381469727,13.199999809265137,13.25,2230400
2021-11-12,8.943440437316895,13.399999618530273,13.640000343322754,13.350000381469727,13.350000381469727,1775800
2021-11-16,8.696495056152344,13.029999732971191,13.520000457763672,12.869999885559082,13.449999809265137,2109500
2021-11-17,8.529637336730957,12.779999732971191,13.229999542236328,12.670000076293945,13.100000381469727,2041500
2021-11-18,8.563010215759277,12.829999923706055,12.970000267028809,12.789999961853027,12.819999694824219,1332000
2021-11-19,8.723190307617188,13.069999694824219,13.229999542236328,12.84000015258789,12.899999618530273,2005900
2021-11-22,8.522965431213379,12.770000457763672,13.149999618530273,12.739999771118164,13.119999885559082,2914400
2021-11-23,8.723190307617188,13.069999694824219,13.149999618530273,12.819999694824219,12.829999923706055,1887700
2021-11-24,8.583032608032227,12.859999656677246,13.079999923706055,12.65999984741211,13.029999732971191,2135200
2021-11-25,8.749884605407715,13.109999656677246,13.260000228881836,12.899999618530273,12.899999618530273,1197300
2021-11-26,8.623079299926758,12.920000076293945,13.0,12.829999923706055,12.960000038146973,1711300
2021-11-29,8.709842681884766,13.050000190734863,13.199999809265137,12.880000114440918,13.010000228881836,1346900
2021-11-30,8.55633544921875,12.819999694824219,13.170000076293945,12.720000267028809,13.020000457763672,3613900
2021-12-01,8.462897300720215,12.680000305175781,13.079999923706055,12.619999885559082,12.949999809265137,3159500
2021-12-02,8.930088996887207,13.380000114440918,13.380000114440918,12.760000228881836,12.800000190734863,2906200
2021-12-03,8.916741371154785,13.359999656677246,13.75,13.149999618530273,13.369999885559082,2822700
2021-12-06,8.783260345458984,13.15999984741211,13.569999694824219,13.029999732971191,13.470000267028809,2598200
2021-12-07,8.850001335144043,13.260000228881836,13.359999656677246,12.979999542236328,13.300000190734863,2351400
2021-12-08,9.023530006408691,13.520000457763672,13.680000305175781,13.260000228881836,13.270000457763672,2625900
2021-12-09,8.823304176330566,13.220000267028809,13.670000076293945,13.029999732971191,13.489999771118164,3076900
2021-12-10,8.683145523071289,13.010000228881836,13.300000190734863,12.960000038146973,13.260000228881836,2922600
2021-12-13,8.709842681884766,13.050000190734863,13.380000114440918,12.90999984741211,13.0600004196167,3039600
2021-12-14,8.743212699890137,13.100000381469727,13.380000114440918,12.949999809265137,13.079999923706055,3516200
2021-12-15,8.863349914550781,13.279999732971191,13.369999885559082,12.880000114440918,13.109999656677246,3156100
2021-12-16,8.77658462524414,13.149999618530273,13.359999656677246,13.029999732971191,13.289999961853027,2022800
2021-12-17,8.77658462524414,13.149999618530273,13.239999771118164,13.020000457763672,13.09000015258789,2256700
2021-12-20,8.723190307617188,13.069999694824219,13.15999984741211,12.899999618530273,13.130000114440918,1940600
2021-12-21,8.696495056152344,13.029999732971191,13.1899995803833,12.949999809265137,13.079999923706055,911600
2021-12-22,8.589706420898438,12.869999885559082,13.039999961853027,12.789999961853027,13.020000457763672,1581700
2021-12-23,8.509614944458008,12.75,12.9399995803833,12.6899995803833,12.899999618530273,1094500
2021-12-27,8.589706420898438,12.869999885559082,12.899999618530273,12.720000267028809,12.739999771118164,711500
2021-12-28,8.362784385681152,12.529999732971191,12.779999732971191,12.470000267028809,12.649999618530273,2289200
2021-12-29,8.336088180541992,12.489999771118164,12.720000267028809,12.40999984741211,12.529999732971191,2485200
2021-12-30,8.482919692993164,12.710000038146973,12.779999732971191,12.420000076293945,12.579999923706055,3573900
2022-01-03,8.115839004516602,12.15999984741211,12.960000038146973,12.130000114440918,12.779999732971191,2160900
2022-01-04,8.109164237976074,12.149999618530273,12.380000114440918,12.0,12.1899995803833,2103500
2022-01-05,7.962329864501953,11.930000305175781,12.229999542236328,11.930000305175781,12.15999984741211,1350200
2022-01-06,7.728734016418457,11.579999923706055,12.039999961853027,11.529999732971191,12.0,1953900
2022-01-07,7.735405921936035,11.59000015258789,11.75,11.40999984741211,11.600000381469727,1456500
2022-01-10,7.67534065246582,11.5,11.75,11.449999809265137,11.600000381469727,1174100
2022-01-11,7.702037811279297,11.539999961853027,11.65999984741211,11.399999618530273,11.5,966600
2022-01-12,7.922284126281738,11.869999885559082,11.899999618530273,11.5600004196167,11.600000381469727,876600
2022-01-13,7.915614128112793,11.859999656677246,11.979999542236328,11.789999961853027,11.800000190734863,721600
2022-01-14,8.002376556396484,11.989999771118164,12.050000190734863,11.850000381469727,11.899999618530273,656200
2022-01-17,8.082466125488281,12.109999656677246,12.319999694824219,12.0,12.100000381469727,781700
2022-01-18,8.075793266296387,12.100000381469727,12.3100004196167,12.010000228881836,12.140000343322754,1318000
2022-01-19,8.115839004516602,12.15999984741211,12.3100004196167,12.050000190734863,12.109999656677246,1292400
2022-01-20,8.255995750427246,12.369999885559082,12.430000305175781,12.199999809265137,12.239999771118164,1047700
2022-01-21,8.129186630249023,12.180000305175781,12.390000343322754,12.119999885559082,12.319999694824219,1725600
2022-01-24,8.195929527282715,12.279999732971191,12.449999809265137,12.229999542236328,12.270000457763672,1527600
2022-01-25,8.39615249633789,12.579999923706055,12.649999618530273,12.180000305175781,12.260000228881836,1700700
2022-01-26,8.436201095581055,12.640000343322754,12.8100004196167,12.539999961853027,12.65999984741211,2032000
2022-01-27,8.54965877532959,12.8100004196167,12.890000343322754,12.720000267028809,12.729999542236328,1046200
2022-01-28,8.609728813171387,12.899999618530273,12.989999771118164,12.760000228881836,12.819999694824219,1339700
2022-01-31,8.77658462524414,13.149999618530273,13.199999809265137,12.829999923706055,12.920000076293945,2188500
2022-02-01,8.749884605407715,13.109999656677246,13.329999923706055,13.0,13.100000381469727,1491900
2022-02-02,8.703170776367188,13.039999961853027,13.180000305175781,12.970000267028809,13.130000114440918,877500
2022-02-03,8.829977989196777,13.229999542236328,13.300000190734863,12.979999542236328,13.069999694824219,1469900
2022-02-04,8.950113296508789,13.40999984741211,13.470000267028809,13.069999694824219,13.25,2131400
2022-02-07,8.990160942077637,13.470000267028809,13.739999771118164,13.329999923706055,13.329999923706055,3212100
2022-02-08,9.01685619354248,13.510000228881836,13.670000076293945,13.34000015258789,13.449999809265137,1413400
2022-02-09,9.076922416687012,13.600000381469727,13.699999809265137,13.449999809265137,13.520000457763672,979400
2022-02-10,9.09027099609375,13.619999885559082,13.739999771118164,13.569999694824219,13.609999656677246,740500
2022-02-11,9.003506660461426,13.489999771118164,13.850000381469727,13.40999984741211,13.680000305175781,1567300
2022-02-14,8.890045166015625,13.319999694824219,13.59000015258789,13.1899995803833,13.489999771118164,1106400
2022-02-15,9.043554306030273,13.550000190734863,13.630000114440918,13.319999694824219,13.399999618530273,896500
2022-02-16,9.103621482849121,13.640000343322754,13.680000305175781,13.470000267028809,13.5600004196167,1163900
2022-02-17,9.103621482849121,13.640000343322754,13.720000267028809,13.539999961853027,13.600000381469727,1053300
2022-02-18,9.136991500854492,13.6899995803833,13.800000190734863,13.640000343322754,13.729999542236328,617900
2022-02-21,9.076922416687012,13.600000381469727,13.989999771118164,13.550000190734863,13.760000228881836,1149000
2022-02-22,9.150341033935547,13.710000038146973,13.850000381469727,13.619999885559082,13.75,1221300
2022-02-23,9.350567817687988,14.010000228881836,14.239999771118164,13.710000038146973,13.710000038146973,2367400
2022-02-24,9.350567817687988,14.010000228881836,14.09000015258789,13.6899995803833,13.75,1688200
2022-02-25,9.464028358459473,14.180000305175781,14.220000267028809,13.850000381469727,13.979999542236328,3146100
2022-03-02,9.323870658874512,13.970000267028809,14.229999542236328,13.779999732971191,14.180000305175781,1684300
2022-03-03,9.610859870910645,14.399999618530273,14.489999771118164,13.979999542236328,14.0,2169800
2022-03-04,9.504074096679688,14.239999771118164,14.460000038146973,13.970000267028809,14.430000305175781,1150800
2022-03-07,9.01685619354248,13.510000228881836,14.279999732971191,13.510000228881836,14.239999771118164,1348100
2022-03-08,8.970137596130371,13.4399995803833,13.6899995803833,13.300000190734863,13.550000190734863,1149200
2022-03-09,9.350567817687988,14.010000228881836,14.140000343322754,13.5,13.5,1298700
2022-03-10,9.123645782470703,13.670000076293945,13.899999618530273,13.420000076293945,13.859999656677246,1341000
2022-03-11,9.11696720123291,13.65999984741211,13.779999732971191,13.539999961853027,13.760000228881836,836000
2022-03-14,8.996834754943848,13.479999542236328,13.859999656677246,13.399999618530273,13.680000305175781,1220700
2022-03-15,8.90339469909668,13.34000015258789,13.430000305175781,13.239999771118164,13.390000343322754,1065300
2022-03-16,9.243779182434082,13.850000381469727,13.890000343322754,13.289999961853027,13.4399995803833,1409300
2022-03-17,9.44400691986084,14.149999618530273,14.210000038146973,13.729999542236328,13.859999656677246,1048400
2022-03-18,9.41063404083252,14.100000381469727,14.199999809265137,13.680000305175781,14.149999618530273,2231800
2022-03-21,9.577489852905273,14.350000381469727,14.399999618530273,14.149999618530273,14.210000038146973,1047900
2022-03-22,9.557466506958008,14.319999694824219,14.569999694824219,14.25,14.420000076293945,2251400
2022-03-23,9.724918365478516,14.479999542236328,14.520000457763672,14.140000343322754,14.260000228881836,1141800
2022-03-24,9.839092254638672,14.649999618530273,14.710000038146973,14.239999771118164,14.479999542236328,1503100
2022-03-25,9.886103630065918,14.720000267028809,14.859999656677246,14.5600004196167,14.670000076293945,1510900
2022-03-28,9.745065689086914,14.510000228881836,14.880000114440918,14.510000228881836,14.75,1235000
2022-03-29,9.946548461914062,14.8100004196167,14.899999618530273,14.279999732971191,14.640000343322754,1543000
2022-03-30,9.086888313293457,13.529999732971191,14.229999542236328,13.0600004196167,14.199999809265137,9015700
2022-03-31,9.207778930664062,13.710000038146973,13.739999771118164,13.180000305175781,13.520000457763672,4791300
2022-04-01,9.684619903564453,14.420000076293945,14.5,13.619999885559082,13.680000305175781,5694400
2022-04-04,9.295085906982422,13.84000015258789,14.199999809265137,13.65999984741211,14.100000381469727,2870700
2022-04-05,9.315237045288086,13.869999885559082,14.029999732971191,13.479999542236328,13.850000381469727,2909700
2022-04-06,9.489856719970703,14.130000114440918,14.220000267028809,13.619999885559082,13.8100004196167,3270400
2022-04-07,9.56373119354248,14.239999771118164,14.420000076293945,13.789999961853027,13.970000267028809,2653200
2022-04-08,9.98012924194336,14.859999656677246,14.930000305175781,14.09000015258789,14.119999885559082,2373700
2022-04-11,9.53686809539795,14.199999809265137,14.819999694824219,14.199999809265137,14.789999961853027,1754700
2022-04-12,9.449556350708008,14.069999694824219,14.34000015258789,13.949999809265137,14.170000076293945,2193800
2022-04-13,9.671189308166504,14.399999618530273,14.510000228881836,14.140000343322754,14.170000076293945,1636700
2022-04-14,9.771932601928711,14.550000190734863,14.619999885559082,14.220000267028809,14.300000190734863,1703000
2022-04-18,9.751781463623047,14.520000457763672,14.609999656677246,14.329999923706055,14.5,1501000
2022-04-19,9.335384368896484,13.899999618530273,14.59000015258789,13.649999618530273,14.489999771118164,2727200
2022-04-20,9.489856719970703,14.130000114440918,14.300000190734863,13.720000267028809,13.890000343322754,2213500
2022-04-22,9.469705581665039,14.100000381469727,14.210000038146973,13.869999885559082,13.899999618530273,2094000
2022-04-25,9.469705581665039,14.100000381469727,14.180000305175781,13.789999961853027,14.0,2152700
2022-04-26,9.469705581665039,14.100000381469727,14.199999809265137,13.899999618530273,14.0600004196167,2652300
2022-04-27,9.597311973571777,14.289999961853027,14.319999694824219,14.069999694824219,14.199999809265137,1501700
2022-04-28,9.684619903564453,14.420000076293945,14.569999694824219,14.270000457763672,14.289999961853027,1864800
2022-04-29,9.174198150634766,13.65999984741211,14.569999694824219,13.65999984741211,14.569999694824219,3263100
2022-05-02,8.811528205871582,13.119999885559082,13.649999618530273,12.979999542236328,13.640000343322754,2386300
2022-05-03,8.327967643737793,12.399999618530273,13.079999923706055,12.34000015258789,13.0,4041800
2022-05-04,8.529450416564941,12.699999809265137,12.699999809265137,12.100000381469727,12.359999656677246,2441200
2022-05-05,8.240659713745117,12.270000457763672,12.59000015258789,12.109999656677246,12.59000015258789,2348800
2022-05-06,8.274238586425781,12.319999694824219,12.399999618530273,12.170000076293945,12.279999732971191,1242600
2022-05-09,8.280954360961914,12.329999923706055,12.420000076293945,12.039999961853027,12.270000457763672,1877700
2022-05-10,8.42199420928955,12.539999961853027,12.579999923706055,12.3100004196167,12.399999618530273,2002700
2022-05-11,8.267522811889648,12.3100004196167,12.619999885559082,12.270000457763672,12.529999732971191,1334200
2022-05-12,8.368265151977539,12.460000038146973,12.5,12.199999809265137,12.239999771118164,1176800
2022-05-13,8.502586364746094,12.65999984741211,12.800000190734863,12.4399995803833,12.489999771118164,865700
2022-05-16,8.475723266601562,12.619999885559082,12.75,12.510000228881836,12.670000076293945,1119100
2022-05-17,8.596611976623535,12.800000190734863,12.960000038146973,12.680000305175781,12.800000190734863,1155100
2022-05-18,8.469008445739746,12.609999656677246,12.930000305175781,12.470000267028809,12.800000190734863,1187400
2022-05-19,8.563032150268555,12.75,12.859999656677246,12.5,12.630000114440918,777700
2022-05-20,8.469008445739746,12.609999656677246,12.930000305175781,12.479999542236328,12.899999618530273,1422500
2022-05-23,8.670490264892578,12.90999984741211,13.020000457763672,12.65999984741211,12.680000305175781,1409200
2022-05-24,8.83839225769043,13.15999984741211,13.15999984741211,12.8100004196167,12.850000381469727,1201400
2022-05-25,8.986146926879883,13.380000114440918,13.420000076293945,13.100000381469727,13.109999656677246,1541800
2022-05-26,8.918986320495605,13.279999732971191,13.510000228881836,13.15999984741211,13.40999984741211,1206300
2022-05-27,8.972715377807617,13.359999656677246,13.430000305175781,13.199999809265137,13.279999732971191,751900
2022-05-30,9.133899688720703,13.600000381469727,13.600000381469727,13.270000457763672,13.359999656677246,865200
2022-05-31,9.046592712402344,13.470000267028809,13.699999809265137,13.270000457763672,13.65999984741211,1778900
2022-06-01,9.201061248779297,13.699999809265137,13.880000114440918,13.130000114440918,13.489999771118164,2133400
2022-06-02,8.851825714111328,13.180000305175781,13.819999694824219,13.15999984741211,13.800000190734863,1830000
2022-06-03,8.724218368530273,12.989999771118164,13.229999542236328,12.960000038146973,13.15999984741211,938500
2022-06-06,8.556317329406738,12.739999771118164,13.09000015258789,12.739999771118164,13.0600004196167,799100
2022-06-07,8.502586364746094,12.65999984741211,12.829999923706055,12.630000114440918,12.699999809265137,882800
2022-06-08,8.54288387298584,12.720000267028809,12.899999618530273,12.5600004196167,12.630000114440918,692400
2022-06-09,8.469008445739746,12.609999656677246,12.8100004196167,12.550000190734863,12.729999542236328,626200
2022-06-10,8.381696701049805,12.479999542236328,12.630000114440918,12.359999656677246,12.510000228881836,750000
2022-06-13,8.160064697265625,12.149999618530273,12.34000015258789,12.039999961853027,12.300000190734863,1154300
2022-06-14,8.11305046081543,12.079999923706055,12.319999694824219,12.010000228881836,12.15999984741211,801800
2022-06-15,8.186930656433105,12.1899995803833,12.430000305175781,12.050000190734863,12.220000267028809,1704600
2022-06-17,8.019025802612305,11.9399995803833,12.460000038146973,11.9399995803833,12.130000114440918,5678900
2022-06-20,7.985446929931641,11.890000343322754,12.09000015258789,11.800000190734863,11.970000267028809,929600
2022-06-21,7.9182844161987305,11.789999961853027,12.029999732971191,11.729999542236328,11.989999771118164,1191100
2022-06-22,8.067909240722656,11.869999885559082,11.960000038146973,11.550000190734863,11.579999923706055,964000
2022-06-23,7.986347198486328,11.75,12.039999961853027,11.729999542236328,11.890000343322754,1109900
2022-06-24,7.904782295227051,11.630000114440918,11.930000305175781,11.630000114440918,11.8100004196167,738300
2022-06-27,8.108689308166504,11.930000305175781,11.949999809265137,11.640000343322754,11.640000343322754,768500
2022-06-28,8.122284889221191,11.949999809265137,12.140000343322754,11.869999885559082,11.989999771118164,995700
2022-06-29,8.020332336425781,11.800000190734863,12.050000190734863,11.6899995803833,11.989999771118164,700000
2022-06-30,7.830016613006592,11.520000457763672,11.670000076293945,11.449999809265137,11.640000343322754,1216700
2022-07-01,7.938769340515137,11.680000305175781,11.710000038146973,11.460000038146973,11.579999923706055,1003900
2022-07-04,7.755252361297607,11.40999984741211,11.6899995803833,11.399999618530273,11.630000114440918,1090500
2022-07-05,7.653298377990723,11.260000228881836,11.470000267028809,11.15999984741211,11.369999885559082,944900
2022-07-06,7.741657733917236,11.390000343322754,11.449999809265137,11.130000114440918,11.25,977600
2022-07-07,7.707674026489258,11.34000015258789,11.520000457763672,11.329999923706055,11.520000457763672,1112300
2022-07-08,7.714470386505127,11.350000381469727,11.479999542236328,11.300000190734863,11.359999656677246,1040700
2022-07-11,7.626109600067139,11.220000267028809,11.390000343322754,11.15999984741211,11.319999694824219,724300
2022-07-12,7.69407844543457,11.319999694824219,11.399999618530273,11.180000305175781,11.210000038146973,1044100
2022-07-13,7.728065490722656,11.369999885559082,11.479999542236328,11.15999984741211,11.25,1516300
2022-07-14,7.639702796936035,11.239999771118164,11.3100004196167,11.180000305175781,11.210000038146973,531600
2022-07-15,7.673688888549805,11.289999961853027,11.399999618530273,11.180000305175781,11.270000457763672,823600
2022-07-18,7.592127323150635,11.170000076293945,11.380000114440918,11.09000015258789,11.380000114440918,1183800
2022-07-19,7.714470386505127,11.350000381469727,11.390000343322754,11.149999618530273,11.25,1127500
2022-07-20,7.816424369812012,11.5,11.619999885559082,11.260000228881836,11.260000228881836,1122700
2022-07-21,7.802829265594482,11.479999542236328,11.600000381469727,11.369999885559082,11.520000457763672,877300
2022-07-22,7.999940395355225,11.770000457763672,11.8100004196167,11.449999809265137,11.5600004196167,1393900
2022-07-25,7.972751617431641,11.729999542236328,11.970000267028809,11.65999984741211,11.850000381469727,1853800
2022-07-26,7.741657733917236,11.390000343322754,11.760000228881836,11.210000038146973,11.739999771118164,3228100
2022-07-27,8.020332336425781,11.800000190734863,11.899999618530273,11.380000114440918,11.40999984741211,1473200
2022-07-28,8.305798530578613,12.220000267028809,12.220000267028809,11.779999732971191,11.779999732971191,1290200
2022-07-29,8.156268119812012,12.0,12.319999694824219,11.899999618530273,12.220000267028809,3028200
2022-08-01,8.299001693725586,12.210000038146973,12.300000190734863,11.84000015258789,12.0,1523000
2022-08-02,8.129079818725586,11.960000038146973,12.260000228881836,11.880000114440918,12.210000038146973,1698700
2022-08-03,8.604862213134766,12.65999984741211,12.829999923706055,12.0,12.09000015258789,4193600
2022-08-04,9.080645561218262,13.359999656677246,13.670000076293945,12.699999809265137,12.699999809265137,2528400
2022-08-05,8.944706916809082,13.15999984741211,13.420000076293945,13.0,13.329999923706055,1185400
2022-08-08,8.822362899780273,12.979999542236328,13.180000305175781,12.8100004196167,13.130000114440918,2662400
2022-08-09,8.781583786010742,12.920000076293945,13.15999984741211,12.800000190734863,12.979999542236328,909300
2022-08-10,9.121426582336426,13.420000076293945,13.5600004196167,12.949999809265137,13.0,2318000
2022-08-11,8.95830249786377,13.180000305175781,13.800000190734863,13.119999885559082,13.5600004196167,1791400
2022-08-12,8.808771133422852,12.960000038146973,13.34000015258789,12.8100004196167,12.960000038146973,2196200
2022-08-15,9.196191787719727,13.529999732971191,13.670000076293945,12.760000228881836,12.850000381469727,2047400
2022-08-16,9.094239234924316,13.380000114440918,13.5,13.1899995803833,13.5,1312000
2022-08-17,9.345723152160645,13.75,13.84000015258789,13.3100004196167,13.3100004196167,1843500
2022-08-18,9.284552574157715,13.65999984741211,14.079999923706055,13.520000457763672,13.760000228881836,1700400
2022-08-19,9.121426582336426,13.420000076293945,13.619999885559082,13.329999923706055,13.600000381469727,1465000
2022-08-22,9.094239234924316,13.380000114440918,13.430000305175781,13.109999656677246,13.380000114440918,1573500
2022-08-23,9.080645561218262,13.359999656677246,13.479999542236328,13.109999656677246,13.430000305175781,3499100
2022-08-24,9.182597160339355,13.510000228881836,13.579999923706055,13.270000457763672,13.270000457763672,1057500
2022-08-25,9.107831001281738,13.399999618530273,13.649999618530273,13.359999656677246,13.510000228881836,857600
2022-08-26,8.951504707336426,13.170000076293945,13.470000267028809,13.079999923706055,13.470000267028809,888400
2022-08-29,9.16220760345459,13.479999542236328,13.550000190734863,13.029999732971191,13.130000114440918,1385700
2022-08-30,9.080645561218262,13.359999656677246,13.649999618530273,13.34000015258789,13.489999771118164,1432600
2022-08-31,9.175802230834961,13.5,13.579999923706055,13.34000015258789,13.430000305175781,2825400
2022-09-01,9.27095890045166,13.640000343322754,13.739999771118164,13.369999885559082,13.5,3226700
2022-09-02,9.576818466186523,14.09000015258789,14.15999984741211,13.649999618530273,13.699999809265137,1725300
2022-09-05,9.434083938598633,13.880000114440918,14.100000381469727,13.720000267028809,14.100000381469727,1091800
2022-09-06,9.10103702545166,13.390000343322754,13.529999732971191,13.140000343322754,13.479999542236328,2208200
2022-09-08,9.590412139892578,14.109999656677246,14.25,13.600000381469727,13.600000381469727,3350700
2022-09-09,9.739943504333496,14.329999923706055,14.399999618530273,14.069999694824219,14.109999656677246,1292400
2022-09-12,9.58361530303955,14.100000381469727,14.390000343322754,14.039999961853027,14.390000343322754,1355000
2022-09-13,9.291350364685059,13.670000076293945,14.109999656677246,13.460000038146973,14.029999732971191,2747100
2022-09-14,9.175802230834961,13.5,13.680000305175781,13.220000267028809,13.680000305175781,2248500
2022-09-15,9.094239234924316,13.380000114440918,13.520000457763672,13.210000038146973,13.470000267028809,992700
2022-09-16,9.3593168258667,13.770000457763672,13.770000457763672,13.140000343322754,13.3100004196167,4041600
2022-09-19,9.223380088806152,13.569999694824219,13.699999809265137,13.329999923706055,13.699999809265137,1443900
2022-09-20,9.413694381713867,13.850000381469727,13.949999809265137,13.539999961853027,13.5600004196167,1969700
2022-09-21,9.40329360961914,13.680000305175781,13.850000381469727,13.579999923706055,13.6899995803833,1335700
2022-09-22,9.540766716003418,13.880000114440918,13.949999809265137,13.479999542236328,13.75,1121600
2022-09-23,9.444537162780762,13.739999771118164,13.84000015258789,13.399999618530273,13.65999984741211,1308900
2022-09-26,9.142090797424316,13.300000190734863,13.710000038146973,13.260000228881836,13.630000114440918,386200
2022-09-27,8.83964729309082,12.859999656677246,13.010000228881836,12.829999923706055,12.90999984741211,1479000
2022-09-28,8.908384323120117,12.960000038146973,13.09000015258789,12.75,12.850000381469727,1679600
2022-09-29,8.922130584716797,12.979999542236328,13.0600004196167,12.760000228881836,12.829999923706055,1068400
2022-09-30,9.073351860046387,13.199999809265137,13.220000267028809,12.850000381469727,12.979999542236328,1996200
2022-10-03,10.778043746948242,15.680000305175781,15.789999961853027,14.050000190734863,14.359999656677246,9280000
2022-10-04,10.310627937316895,15.0,15.539999961853027,14.65999984741211,15.539999961853027,4860800
2022-10-05,10.48934555053711,15.260000228881836,15.470000267028809,14.890000343322754,15.0,2209700
2022-10-06,10.812410354614258,15.729999542236328,15.760000228881836,15.109999656677246,15.260000228881836,1789600
2022-10-07,10.860527992248535,15.800000190734863,16.06999969482422,15.479999542236328,15.600000381469727,2536300
2022-10-10,10.716180801391602,15.59000015258789,15.829999923706055,15.390000343322754,15.829999923706055,1910700
2022-10-11,10.420608520507812,15.15999984741211,15.770000457763672,15.09000015258789,15.479999542236328,1750900
2022-10-13,10.166278839111328,14.789999961853027,15.010000228881836,14.760000228881836,14.960000038146973,1289200
2022-10-14,9.884455680847168,14.380000114440918,14.829999923706055,14.239999771118164,14.800000190734863,2153800
2022-10-17,10.344999313354492,15.050000190734863,15.420000076293945,14.260000228881836,14.359999656677246,2950000
2022-10-18,10.867400169372559,15.8100004196167,16.100000381469727,15.039999961853027,15.130000114440918,2797200
2022-10-19,10.819286346435547,15.739999771118164,15.9399995803833,15.520000457763672,15.65999984741211,1567600
2022-10-20,10.812410354614258,15.729999542236328,16.0,15.579999923706055,15.829999923706055,3629700
2022-10-21,10.784916877746582,15.6899995803833,15.960000038146973,15.539999961853027,15.680000305175781,1558900
2022-10-24,10.613073348999023,15.4399995803833,15.779999732971191,15.369999885559082,15.5,1878100
2022-10-25,10.468724250793457,15.229999542236328,15.539999961853027,15.050000190734863,15.40999984741211,1679000
2022-10-26,10.12503719329834,14.729999542236328,15.229999542236328,14.600000381469727,15.0600004196167,1342200
2022-10-27,10.39311408996582,15.119999885559082,15.170000076293945,14.699999809265137,14.8100004196167,2257700
2022-10-28,10.310627937316895,15.0,15.220000267028809,14.819999694824219,15.010000228881836,2316100
2022-10-31,10.558082580566406,15.359999656677246,15.579999923706055,14.5,14.59000015258789,3208300
2022-11-01,10.633694648742676,15.470000267028809,15.699999809265137,15.0600004196167,15.479999542236328,2654800
2022-11-03,10.509966850280762,15.289999961853027,15.59000015258789,15.010000228881836,15.25,2569900
2022-11-04,10.757421493530273,15.649999618530273,15.850000381469727,15.369999885559082,15.59000015258789,1555400
2022-11-07,10.39311408996582,15.119999885559082,15.489999771118164,14.949999809265137,15.449999809265137,1375500
2022-11-08,10.468724250793457,15.229999542236328,15.260000228881836,14.65999984741211,15.0,2286300
2022-11-09,10.640570640563965,15.479999542236328,15.609999656677246,15.010000228881836,15.149999618530273,2582600
2022-11-10,10.138784408569336,14.75,15.199999809265137,14.550000190734863,15.119999885559082,3037800
2022-11-11,10.166278839111328,14.789999961853027,14.920000076293945,14.40999984741211,14.760000228881836,2260700
2022-11-14,10.255638122558594,14.920000076293945,15.029999732971191,14.670000076293945,14.960000038146973,1031100
2022-11-16,10.18002700805664,14.8100004196167,15.079999923706055,14.489999771118164,14.960000038146973,1818100
2022-11-17,10.008182525634766,14.5600004196167,14.920000076293945,14.079999923706055,14.739999771118164,3130600
2022-11-18,9.99443531036377,14.539999961853027,15.010000228881836,14.4399995803833,14.720000267028809,1502000
2022-11-21,10.674936294555664,15.529999732971191,15.640000343322754,14.5600004196167,14.600000381469727,2280300
2022-11-22,10.317502975463867,15.010000228881836,15.579999923706055,14.850000381469727,15.529999732971191,1088800
2022-11-23,10.372490882873535,15.09000015258789,15.199999809265137,14.579999923706055,14.970000267028809,1283700
2022-11-24,10.729926109313965,15.609999656677246,15.729999542236328,15.109999656677246,15.210000038146973,599600
2022-11-25,10.626818656921387,15.460000038146973,15.630000114440918,15.180000305175781,15.579999923706055,1106600
2022-11-28,10.681809425354004,15.539999961853027,15.699999809265137,15.289999961853027,15.4399995803833,932100
2022-11-29,10.68868637084961,15.550000190734863,15.789999961853027,15.239999771118164,15.579999923706055,1245100
2022-11-30,10.860527992248535,15.800000190734863,15.829999923706055,15.399999618530273,15.5600004196167,1550500
2022-12-01,10.826160430908203,15.75,15.850000381469727,15.40999984741211,15.800000190734863,1481200
2022-12-02,10.9498872756958,15.930000305175781,16.049999237060547,15.489999771118164,15.760000228881836,1749100
2022-12-05,10.68868637084961,15.550000190734863,15.920000076293945,15.550000190734863,15.920000076293945,911300
2022-12-06,10.846780776977539,15.779999732971191,15.899999618530273,15.489999771118164,15.619999885559082,1584000
2022-12-07,11.032370567321777,16.049999237060547,16.270000457763672,15.699999809265137,15.699999809265137,1570000
2022-12-08,10.681809425354004,15.539999961853027,16.100000381469727,15.199999809265137,16.100000381469727,2166700
2022-12-09,10.592453956604004,15.40999984741211,15.640000343322754,15.149999618530273,15.539999961853027,742800
2022-12-12,10.214394569396973,14.859999656677246,15.479999542236328,14.670000076293945,15.329999923706055,1818200
2022-12-13,10.358745574951172,15.069999694824219,15.420000076293945,14.880000114440918,14.880000114440918,1675400
2022-12-14,10.468724250793457,15.229999542236328,15.34000015258789,14.770000457763672,14.979999542236328,1668700
2022-12-15,10.509966850280762,15.289999961853027,15.550000190734863,14.979999542236328,15.140000343322754,870100
2022-12-16,10.372490882873535,15.09000015258789,15.300000190734863,14.930000305175781,15.300000190734863,1972900
2022-12-19,10.509966850280762,15.289999961853027,15.489999771118164,14.970000267028809,15.09000015258789,1097900
2022-12-20,10.681809425354004,15.539999961853027,15.850000381469727,15.140000343322754,15.270000457763672,1489800
2022-12-21,10.53746223449707,15.329999923706055,15.729999542236328,15.220000267028809,15.579999923706055,1002400
2022-12-22,10.709304809570312,15.579999923706055,15.65999984741211,15.289999961853027,15.350000381469727,864000
2022-12-23,10.784916877746582,15.6899995803833,15.880000114440918,15.479999542236328,15.670000076293945,821800
2022-12-26,10.709304809570312,15.579999923706055,15.75,15.460000038146973,15.680000305175781,459800
2022-12-27,10.427483558654785,15.170000076293945,15.630000114440918,15.0,15.630000114440918,773100
2022-12-28,10.681809425354004,15.539999961853027,15.5600004196167,15.039999961853027,15.239999771118164,698600
2022-12-29,10.784916877746582,15.6899995803833,15.899999618530273,15.489999771118164,15.59000015258789,2498000
2023-01-02,10.509966850280762,15.289999961853027,15.710000038146973,15.029999732971191,15.710000038146973,989000
2023-01-03,10.358745574951172,15.069999694824219,15.289999961853027,14.75,15.260000228881836,2183000
2023-01-04,10.255638122558594,14.920000076293945,15.199999809265137,14.789999961853027,15.109999656677246,1214100
2023-01-05,10.461852073669434,15.220000267028809,15.220000267028809,14.8100004196167,14.989999771118164,1200900
2023-01-06,10.482473373413086,15.25,15.289999961853027,15.029999732971191,15.220000267028809,800100
2023-01-09,10.585578918457031,15.399999618530273,15.529999732971191,14.890000343322754,15.039999961853027,920600
2023-01-10,10.695558547973633,15.5600004196167,15.609999656677246,15.149999618530273,15.319999694824219,845900
2023-01-11,10.736801147460938,15.619999885559082,15.739999771118164,15.1899995803833,15.529999732971191,1010700
2023-01-12,10.626818656921387,15.460000038146973,15.890000343322754,15.390000343322754,15.5600004196167,798800
2023-01-13,10.317502975463867,15.010000228881836,15.40999984741211,14.949999809265137,15.300000190734863,1023600
2023-01-16,10.296879768371582,14.979999542236328,15.0,14.710000038146973,15.0,755300
2023-01-17,10.647442817687988,15.489999771118164,15.5,14.899999618530273,14.960000038146973,1511600
2023-01-18,10.379365921020508,15.100000381469727,15.569999694824219,14.960000038146973,15.460000038146973,1476000
2023-01-19,10.47559928894043,15.239999771118164,15.270000457763672,14.930000305175781,14.930000305175781,3513800
2023-01-20,9.836338996887207,14.3100004196167,15.220000267028809,14.25,15.210000038146973,2837000
2023-01-23,9.685117721557617,14.09000015258789,14.40999984741211,14.09000015258789,14.3100004196167,1117600
2023-01-24,9.863832473754883,14.350000381469727,14.420000076293945,14.020000457763672,14.0600004196167,1263400
2023-01-25,9.966940879821777,14.5,14.65999984741211,14.34000015258789,14.4399995803833,1774200
2023-01-26,9.973816871643066,14.510000228881836,14.710000038146973,14.25,14.710000038146973,2228200
2023-01-27,9.91195011138916,14.420000076293945,14.699999809265137,14.380000114440918,14.510000228881836,724500
2023-01-30,9.98068904876709,14.520000457763672,14.789999961853027,14.470000267028809,14.479999542236328,2097300
2023-01-31,10.063175201416016,14.640000343322754,14.979999542236328,14.5,14.520000457763672,1981000
2023-02-01,10.18690013885498,14.819999694824219,14.970000267028809,14.520000457763672,14.649999618530273,1250000
2023-02-02,10.159404754638672,14.779999732971191,15.0600004196167,14.640000343322754,14.720000267028809,1460800
2023-02-03,9.836338996887207,14.3100004196167,14.770000457763672,14.229999542236328,14.729999542236328,1380200
2023-02-06,9.884455680847168,14.380000114440918,14.390000343322754,14.130000114440918,14.1899995803833,726900
2023-02-07,9.891329765319824,14.390000343322754,14.550000190734863,14.140000343322754,14.380000114440918,2420300
2023-02-08,9.905078887939453,14.40999984741211,14.609999656677246,14.180000305175781,14.5,3358600
2023-02-09,9.719486236572266,14.140000343322754,14.449999809265137,14.09000015258789,14.420000076293945,641400
2023-02-10,9.62325382232666,14.0,14.229999542236328,13.779999732971191,14.029999732971191,2516400
2023-02-13,9.808842658996582,14.270000457763672,14.399999618530273,14.0,14.0,632300
2023-02-14,10.049427032470703,14.619999885559082,14.729999542236328,14.1899995803833,14.270000457763672,1941900
2023-02-15,10.001309394836426,14.550000190734863,14.720000267028809,14.350000381469727,14.5,755200
2023-02-16,9.98068904876709,14.520000457763672,14.579999923706055,14.220000267028809,14.510000228881836,859400
2023-02-17,10.076919555664062,14.65999984741211,14.770000457763672,14.260000228881836,14.479999542236328,1416200
2023-02-22,10.104415893554688,14.699999809265137,14.779999732971191,14.3100004196167,14.5600004196167,923900
2023-02-23,9.898204803466797,14.399999618530273,14.680000305175781,14.180000305175781,14.680000305175781,3220000
2023-02-24,10.18002700805664,14.8100004196167,14.84000015258789,14.300000190734863,14.399999618530273,2774900
2023-02-27,10.255638122558594,14.920000076293945,15.489999771118164,14.850000381469727,14.890000343322754,2239400
2023-02-28,9.77447509765625,14.220000267028809,15.010000228881836,14.220000267028809,15.010000228881836,3793900
2023-03-01,10.358745574951172,15.069999694824219,15.449999809265137,14.739999771118164,14.8100004196167,4624900
2023-03-02,10.276259422302246,14.949999809265137,15.170000076293945,14.90999984741211,15.069999694824219,911800
2023-03-03,10.166278839111328,14.789999961853027,15.069999694824219,14.710000038146973,15.010000228881836,969100
2023-03-06,10.207521438598633,14.850000381469727,14.90999984741211,14.65999984741211,14.770000457763672,1126500
2023-03-07,10.290006637573242,14.970000267028809,15.0,14.739999771118164,14.880000114440918,1491800
2023-03-08,10.441227912902832,15.1899995803833,15.1899995803833,14.869999885559082,14.970000267028809,1258900
2023-03-09,10.365617752075195,15.079999923706055,15.25,14.779999732971191,15.170000076293945,2584600
2023-03-10,10.344999313354492,15.050000190734863,15.149999618530273,14.699999809265137,15.079999923706055,2321200
2023-03-13,10.736801147460938,15.619999885559082,15.869999885559082,14.880000114440918,14.890000343322754,4011900
2023-03-14,11.052992820739746,16.079999923706055,16.190000534057617,15.619999885559082,15.619999885559082,2213100
2023-03-15,11.197342872619629,16.290000915527344,16.450000762939453,15.770000457763672,15.770000457763672,4767100
2023-03-16,10.963634490966797,15.949999809265137,16.360000610351562,15.930000305175781,16.360000610351562,1885700
2023-03-17,10.833033561706543,15.760000228881836,16.600000381469727,15.739999771118164,15.800000190734863,12738500
2023-03-20,10.640570640563965,15.479999542236328,16.270000457763672,15.350000381469727,16.139999389648438,2287000
2023-03-21,10.496219635009766,15.270000457763672,15.579999923706055,15.079999923706055,15.579999923706055,5111000
2023-03-22,11.039246559143066,16.059999465942383,16.270000457763672,15.420000076293945,15.470000267028809,5622300
2023-03-23,11.115545272827148,15.170000076293945,15.710000038146973,15.020000457763672,15.0600004196167,3706200
2023-03-24,11.437947273254395,15.609999656677246,15.649999618530273,14.829999923706055,15.180000305175781,2541000
2023-03-27,11.606478691101074,15.84000015258789,15.989999771118164,15.5600004196167,15.670000076293945,1653300
2023-03-28,11.401311874389648,15.5600004196167,15.970000267028809,15.399999618530273,15.84000015258789,3428500
2023-03-29,11.372002601623535,15.520000457763672,15.6899995803833,15.180000305175781,15.6899995803833,2728700
2023-03-30,11.635785102844238,15.880000114440918,15.880000114440918,15.569999694824219,15.609999656677246,2259700
2023-03-31,11.525877952575684,15.729999542236328,15.84000015258789,15.479999542236328,15.84000015258789,1696600
2023-04-03,11.78965950012207,16.09000015258789,16.170000076293945,15.619999885559082,15.84000015258789,2609800
2023-04-04,12.192663192749023,16.639999389648438,16.790000915527344,16.06999969482422,16.09000015258789,2201500
2023-04-05,11.87758731842041,16.209999084472656,16.510000228881836,15.960000038146973,16.489999771118164,2070700
2023-04-06,12.134042739868164,16.559999465942383,16.610000610351562,16.200000762939453,16.209999084472656,2319200
2023-04-10,12.273261070251465,16.75,16.8799991607666,16.350000381469727,16.559999465942383,2234400
2023-04-11,12.14137077331543,16.56999969482422,17.049999237060547,16.360000610351562,16.760000228881836,2420100
2023-04-12,11.90689754486084,16.25,16.489999771118164,16.1200008392334,16.43000030517578,2147900
2023-04-13,12.346537590026855,16.850000381469727,16.860000610351562,16.229999542236328,16.280000686645508,3058700
2023-04-14,11.928881645202637,16.280000686645508,16.790000915527344,16.110000610351562,16.790000915527344,1566400
2023-04-17,12.236627578735352,16.700000762939453,16.75,16.200000762939453,16.299999237060547,2427600
2023-04-18,12.156025886535645,16.59000015258789,17.25,16.459999084472656,16.8700008392334,2703300
2023-04-19,12.038789749145508,16.43000030517578,16.6299991607666,16.260000228881836,16.469999313354492,1894200
2023-04-20,12.068097114562988,16.469999313354492,16.530000686645508,16.309999465942383,16.5,1567800
2023-04-24,12.016806602478027,16.399999618530273,16.530000686645508,16.299999237060547,16.299999237060547,888800
2023-04-25,12.009478569030762,16.389999389648438,16.440000534057617,15.960000038146973,16.40999984741211,1638500
2023-04-26,12.090081214904785,16.5,16.579999923706055,16.239999771118164,16.280000686645508,1205900
2023-04-27,12.412483215332031,16.940000534057617,17.079999923706055,16.350000381469727,16.450000762939453,2870400
2023-04-28,12.485755920410156,17.040000915527344,17.149999618530273,16.520000457763672,16.90999984741211,2515900
2023-05-02,12.515064239501953,17.079999923706055,17.170000076293945,16.719999313354492,17.040000915527344,2048100
2023-05-03,12.646957397460938,17.260000228881836,17.520000457763672,16.969999313354492,17.190000534057617,2334200
2023-05-04,13.130559921264648,17.920000076293945,18.06999969482422,17.049999237060547,17.059999465942383,3058300
2023-05-05,13.174522399902344,17.979999542236328,18.040000915527344,17.65999984741211,17.989999771118164,1366500
2023-05-08,13.02798080444336,17.780000686645508,18.049999237060547,17.719999313354492,17.979999542236328,1707600
2023-05-09,13.042633056640625,17.799999237060547,17.889999389648438,17.579999923706055,17.75,2244000
2023-05-10,13.40899658203125,18.299999237060547,18.299999237060547,17.700000762939453,17.799999237060547,2834600
2023-05-11,13.540887832641602,18.479999542236328,18.850000381469727,17.90999984741211,18.170000076293945,3581600
2023-05-12,13.66545581817627,18.649999618530273,18.780000686645508,18.290000915527344,18.299999237060547,1425300
2023-05-15,14.361550331115723,19.600000381469727,19.719999313354492,18.540000915527344,18.649999618530273,3801400
2023-05-16,14.354225158691406,19.59000015258789,19.959999084472656,19.559999465942383,19.649999618530273,1758400
2023-05-17,14.339567184448242,19.56999969482422,19.969999313354492,19.450000762939453,19.75,1422600
2023-05-18,14.398183822631836,19.649999618530273,19.780000686645508,19.200000762939453,19.510000228881836,1980200
2023-05-19,14.508094787597656,19.799999237060547,19.979999542236328,19.5,19.690000534057617,1720500
2023-05-22,14.515422821044922,19.809999465942383,19.950000762939453,19.5,19.739999771118164,1638000
2023-05-23,14.368876457214355,19.610000610351562,19.950000762939453,19.5,19.950000762939453,1624100
2023-05-24,14.449477195739746,19.719999313354492,19.829999923706055,19.299999237060547,19.610000610351562,2256800
2023-05-25,14.64731502532959,19.989999771118164,20.18000030517578,19.600000381469727,19.899999618530273,3144600
2023-05-26,14.823169708251953,20.229999542236328,20.3799991607666,19.979999542236328,20.0,1766500
2023-05-29,14.727914810180664,20.100000381469727,20.299999237060547,20.0,20.1299991607666,1292400
2023-05-30,14.67662525177002,20.030000686645508,20.3799991607666,19.950000762939453,20.049999237060547,1418600
2023-05-31,14.610678672790527,19.940000534057617,20.020000457763672,19.719999313354492,20.020000457763672,1993300
2023-06-01,14.720589637756348,20.09000015258789,20.200000762939453,19.65999984741211,20.0,1433400
2023-06-02,14.786537170410156,20.18000030517578,20.649999618530273,20.1299991607666,20.270000457763672,2327100
2023-06-05,14.64731502532959,19.989999771118164,20.440000534057617,19.81999969482422,20.149999618530273,1918300
2023-06-06,14.87446403503418,20.299999237060547,20.469999313354492,19.959999084472656,20.1200008392334,2918300
2023-06-07,14.588698387145996,19.90999984741211,20.530000686645508,19.889999389648438,20.25,2171100
2023-06-09,14.889118194580078,20.31999969482422,20.420000076293945,19.90999984741211,19.920000076293945,1332500
2023-06-12,14.96239185333252,20.420000076293945,20.520000457763672,20.0,20.239999771118164,1537700
2023-06-13,14.361550331115723,19.600000381469727,20.40999984741211,19.309999465942383,20.399999618530273,2379100
2023-06-14,14.991698265075684,20.459999084472656,20.68000030517578,19.600000381469727,19.639999389648438,3548200
2023-06-15,14.96239185333252,20.420000076293945,20.610000610351562,20.149999618530273,20.399999618530273,1092900
2023-06-16,14.771879196166992,20.15999984741211,20.399999618530273,20.1200008392334,20.309999465942383,1876600
2023-06-19,14.911100387573242,20.350000381469727,20.489999771118164,20.049999237060547,20.25,735900
2023-06-20,15.174880027770996,20.709999084472656,20.889999389648438,20.200000762939453,20.270000457763672,1680900
2023-06-21,15.292119979858398,20.8700008392334,20.8700008392334,20.3700008392334,20.709999084472656,1709500
2023-06-22,15.172139167785645,20.3700008392334,20.510000228881836,20.079999923706055,20.5,1581600
2023-06-23,15.321107864379883,20.56999969482422,20.959999084472656,20.239999771118164,20.479999542236328,2053400
2023-06-26,15.283868789672852,20.520000457763672,20.75,20.209999084472656,20.6200008392334,1013700
2023-06-27,15.432828903198242,20.719999313354492,21.34000015258789,20.450000762939453,20.600000381469727,2009600
2023-06-28,15.336004257202148,20.59000015258789,21.1299991607666,20.399999618530273,20.700000762939453,1229200
2023-06-29,15.477519989013672,20.780000686645508,20.8799991607666,20.579999923706055,20.6200008392334,1351900
2023-06-30,15.753104209899902,21.149999618530273,21.290000915527344,20.81999969482422,20.81999969482422,1645200
2023-07-03,15.59669303894043,20.940000534057617,21.399999618530273,20.600000381469727,21.0,2586800
2023-07-04,15.46262264251709,20.760000228881836,20.889999389648438,20.489999771118164,20.780000686645508,928700
2023-07-05,15.134896278381348,20.31999969482422,20.760000228881836,20.260000228881836,20.760000228881836,2254900
2023-07-06,15.038070678710938,20.190000534057617,20.329999923706055,19.8799991607666,20.209999084472656,3020000
2023-07-07,15.49241828918457,20.799999237060547,20.829999923706055,20.170000076293945,20.350000381469727,2567900
2023-07-10,15.432828903198242,20.719999313354492,20.899999618530273,20.510000228881836,20.6200008392334,1042500
2023-07-11,15.3285551071167,20.579999923706055,20.68000030517578,20.110000610351562,20.540000915527344,1894900
2023-07-12,15.46262264251709,20.760000228881836,20.889999389648438,20.389999389648438,20.610000610351562,1694400
2023-07-13,15.477519989013672,20.780000686645508,21.260000228881836,20.670000076293945,20.940000534057617,1259100
2023-07-14,15.060413360595703,20.219999313354492,20.760000228881836,20.079999923706055,20.700000762939453,1495400
2023-07-17,15.22428035736084,20.440000534057617,20.549999237060547,20.1299991607666,20.170000076293945,1313500
2023-07-18,15.149795532226562,20.34000015258789,20.489999771118164,20.15999984741211,20.420000076293945,1157000
2023-07-19,15.030624389648438,20.18000030517578,20.200000762939453,19.84000015258789,20.18000030517578,756500
2023-07-20,14.881653785705566,19.979999542236328,20.290000915527344,19.899999618530273,20.18000030517578,1175700
2023-07-21,15.097658157348633,20.270000457763672,20.399999618530273,19.90999984741211,19.90999984741211,1203500
2023-07-24,15.015725135803223,20.15999984741211,20.3799991607666,20.110000610351562,20.299999237060547,952800
2023-07-25,15.038070678710938,20.190000534057617,20.459999084472656,20.100000381469727,20.100000381469727,924900
2023-07-26,15.105103492736816,20.280000686645508,20.3700008392334,19.969999313354492,20.139999389648438,1545800
2023-07-27,15.067863464355469,20.229999542236328,20.43000030517578,20.09000015258789,20.239999771118164,1240100
2023-07-28,15.097658157348633,20.270000457763672,20.389999389648438,20.1299991607666,20.209999084472656,644700
2023-07-31,15.075307846069336,20.239999771118164,20.540000915527344,20.09000015258789,20.3799991607666,1850500
2023-08-01,13.801658630371094,18.530000686645508,20.25,18.299999237060547,20.25,7294500
2023-08-02,13.645242691040039,18.31999969482422,18.719999313354492,18.149999618530273,18.309999465942383,3409100
2023-08-03,13.555866241455078,18.200000762939453,18.709999084472656,18.0,18.450000762939453,2236600
2023-08-04,13.414350509643555,18.010000228881836,18.479999542236328,17.979999542236328,18.170000076293945,1721800
2023-08-07,13.280278205871582,17.829999923706055,18.290000915527344,17.790000915527344,17.950000762939453,2020500
2023-08-08,13.265378952026367,17.809999465942383,18.079999923706055,17.65999984741211,17.84000015258789,3024000
2023-08-09,13.205794334411621,17.729999542236328,17.989999771118164,17.68000030517578,17.860000610351562,1527500
2023-08-10,13.22068977355957,17.75,18.06999969482422,17.729999542236328,17.899999618530273,1262100
2023-08-11,13.176003456115723,17.690000534057617,18.0,17.559999465942383,17.84000015258789,2717700
2023-08-14,13.250483512878418,17.790000915527344,18.059999465942383,17.59000015258789,17.850000381469727,1960800
2023-08-15,13.198347091674805,17.719999313354492,18.020000457763672,17.65999984741211,17.790000915527344,1438600
2023-08-16,13.660140991210938,18.34000015258789,18.360000610351562,17.649999618530273,17.799999237060547,3350700
2023-08-17,13.667588233947754,18.350000381469727,18.649999618530273,18.100000381469727,18.649999618530273,3755800
2023-08-18,13.727173805236816,18.43000030517578,18.5,18.190000534057617,18.299999237060547,2303800
2023-08-21,14.218762397766113,19.09000015258789,19.270000457763672,18.350000381469727,18.510000228881836,3859700
2023-08-22,14.516692161560059,19.489999771118164,20.209999084472656,19.200000762939453,19.200000762939453,4688700
2023-08-23,13.980417251586914,18.770000457763672,19.6299991607666,18.6200008392334,19.6299991607666,2618100
2023-08-24,13.90593147277832,18.670000076293945,19.200000762939453,18.610000610351562,18.90999984741211,2372800
2023-08-25,13.980417251586914,18.770000457763672,19.549999237060547,18.420000076293945,18.850000381469727,3848500
2023-08-28,13.90593147277832,18.670000076293945,18.889999389648438,18.479999542236328,18.770000457763672,1237400
2023-08-29,13.831448554992676,18.56999969482422,18.899999618530273,18.389999389648438,18.770000457763672,1323200
2023-08-30,13.667588233947754,18.350000381469727,18.690000534057617,18.229999542236328,18.690000534057617,1449700
2023-08-31,13.347315788269043,17.920000076293945,18.450000762939453,17.790000915527344,18.440000534057617,1542400
2023-09-01,13.809104919433594,18.540000915527344,18.709999084472656,18.010000228881836,18.100000381469727,3723200
2023-09-04,13.786761283874512,18.510000228881836,18.690000534057617,18.3799991607666,18.649999618530273,1259100
2023-09-05,13.61545181274414,18.280000686645508,18.489999771118164,18.25,18.469999313354492,1347800
2023-09-06,13.40689754486084,18.0,18.549999237060547,17.899999618530273,18.25,1531100
2023-09-08,13.421797752380371,18.020000457763672,18.15999984741211,17.829999923706055,17.959999084472656,990700
2023-09-11,13.600553512573242,18.260000228881836,18.350000381469727,18.079999923706055,18.190000534057617,1099700
2023-09-12,13.68993091583252,18.3799991607666,18.520000457763672,18.209999084472656,18.260000228881836,1150400
2023-09-13,13.958067893981934,18.739999771118164,18.93000030517578,18.350000381469727,18.450000762939453,1844200
2023-09-14,14.07724380493164,18.899999618530273,19.020000457763672,18.760000228881836,18.790000915527344,1128500
2023-09-15,14.285796165466309,19.18000030517578,19.239999771118164,18.959999084472656,19.0,2117900
2023-09-18,14.025104522705078,18.829999923706055,19.299999237060547,18.829999923706055,19.200000762939453,1693600
2023-09-19,13.414350509643555,18.010000228881836,18.969999313354492,17.850000381469727,18.850000381469727,3040600
2023-09-20,13.600553512573242,18.260000228881836,18.790000915527344,18.030000686645508,18.030000686645508,2422900
2023-09-21,13.54096794128418,18.18000030517578,18.389999389648438,17.899999618530273,18.149999618530273,2161700
2023-09-22,13.204092025756836,17.399999618530273,18.06999969482422,17.34000015258789,17.959999084472656,2123000
2023-09-25,13.31032943725586,17.540000915527344,17.670000076293945,17.209999084472656,17.360000610351562,2069700
2023-09-26,13.11302661895752,17.280000686645508,17.610000610351562,17.25,17.5,1441800
2023-09-27,12.794306755065918,16.860000610351562,17.420000076293945,16.700000762939453,17.290000915527344,1581800
2023-09-28,12.938488006591797,17.049999237060547,17.200000762939453,16.700000762939453,16.889999389648438,2114300
2023-09-29,13.13578987121582,17.309999465942383,17.459999084472656,17.1200008392334,17.299999237060547,1682900
2023-10-02,12.968843460083008,17.09000015258789,17.3799991607666,16.780000686645508,17.350000381469727,1439200
2023-10-03,12.6121826171875,16.6200008392334,17.079999923706055,16.420000076293945,17.0,1830400
2023-10-04,12.847427368164062,16.93000030517578,17.040000915527344,16.600000381469727,16.600000381469727,1322600
2023-10-05,12.87019157409668,16.959999084472656,17.25,16.780000686645508,16.920000076293945,1361900
2023-10-06,12.89295768737793,16.989999771118164,17.0,16.600000381469727,16.860000610351562,1334700
2023-10-09,13.11302661895752,17.280000686645508,17.360000610351562,16.84000015258789,16.8700008392334,2171000
2023-10-10,13.166145324707031,17.350000381469727,17.600000381469727,17.270000457763672,17.309999465942383,1931600
2023-10-11,13.158557891845703,17.34000015258789,17.649999618530273,17.200000762939453,17.360000610351562,2145100
2023-10-13,13.021963119506836,17.15999984741211,17.639999389648438,17.15999984741211,17.34000015258789,2764300
2023-10-16,13.090261459350586,17.25,17.559999465942383,16.989999771118164,17.229999542236328,3192700
2023-10-17,12.642534255981445,16.65999984741211,17.229999542236328,16.459999084472656,17.229999542236328,2964200
2023-10-18,12.338994026184082,16.260000228881836,16.709999084472656,16.170000076293945,16.65999984741211,7434000
2023-10-19,12.346583366394043,16.270000457763672,16.6200008392334,16.149999618530273,16.239999771118164,2317900
2023-10-20,12.247929573059082,16.139999389648438,16.350000381469727,15.989999771118164,16.25,6394000
2023-10-23,12.437644958496094,16.389999389648438,16.68000030517578,16.010000228881836,16.010000228881836,2005200
2023-10-24,12.48317813873291,16.450000762939453,16.559999465942383,16.350000381469727,16.520000457763672,1087200
2023-10-25,12.422466278076172,16.3700008392334,16.780000686645508,16.200000762939453,16.450000762939453,1589100
2023-10-26,12.619770050048828,16.6299991607666,16.75,16.5,16.5,1242900
2023-10-27,12.058216094970703,15.890000343322754,16.829999923706055,15.699999809265137,16.6299991607666,4972900
2023-10-30,12.050627708435059,15.880000114440918,16.18000030517578,15.630000114440918,16.010000228881836,4361200
2023-10-31,12.096160888671875,15.9399995803833,16.200000762939453,15.670000076293945,15.989999771118164,2203300
2023-11-01,12.657713890075684,16.68000030517578,16.809999465942383,16.020000457763672,16.020000457763672,2491400
2023-11-03,13.11302661895752,17.280000686645508,17.440000534057617,16.790000915527344,16.790000915527344,2268100
2023-11-06,13.758054733276367,18.1299991607666,18.1299991607666,17.270000457763672,17.420000076293945,2364600
2023-11-07,13.765641212463379,18.139999389648438,18.31999969482422,17.950000762939453,18.1299991607666,1769900
2023-11-08,13.849115371704102,18.25,18.469999313354492,17.950000762939453,18.200000762939453,1748300
2023-11-09,14.008474349975586,18.459999084472656,18.59000015258789,18.25,18.43000030517578,1425900
2023-11-10,14.10712718963623,18.59000015258789,18.81999969482422,18.440000534057617,18.579999923706055,1095500
2023-11-13,14.312019348144531,18.860000610351562,18.899999618530273,18.530000686645508,18.610000610351562,813800
2023-11-14,14.532086372375488,19.149999618530273,19.290000915527344,18.8799991607666,18.93000030517578,1398600
2023-11-16,14.554853439331055,19.18000030517578,19.56999969482422,19.149999618530273,19.15999984741211,2083800
2023-11-17,14.372726440429688,18.940000534057617,19.3799991607666,18.75,19.209999084472656,1484500
2023-11-20,14.22854232788086,18.75,18.969999313354492,18.75,18.899999618530273,1534600
2023-11-21,14.190600395202637,18.700000762939453,18.950000762939453,18.530000686645508,18.790000915527344,2391200
2023-11-22,13.788408279418945,18.170000076293945,19.1299991607666,16.989999771118164,18.8700008392334,7216600
2023-11-23,13.682170867919922,18.030000686645508,18.59000015258789,17.68000030517578,18.020000457763672,3288400
2023-11-24,13.826350212097168,18.219999313354492,18.239999771118164,17.760000228881836,18.0,1210100
2023-11-27,13.849115371704102,18.25,18.489999771118164,18.100000381469727,18.100000381469727,1067800
2023-11-28,14.01606559753418,18.469999313354492,18.68000030517578,18.270000457763672,18.270000457763672,1292500
2023-11-29,13.99329948425293,18.440000534057617,18.729999542236328,18.440000534057617,18.469999313354492,1368100
2023-11-30,14.183012008666992,18.690000534057617,18.8799991607666,18.18000030517578,18.440000534057617,2426600
2023-12-01,14.592793464660645,19.229999542236328,19.670000076293945,18.489999771118164,18.860000610351562,5812200
2023-12-04,15.161932945251465,19.979999542236328,20.15999984741211,19.0,19.219999313354492,5396100
2023-12-05,15.15434741973877,19.969999313354492,20.40999984741211,19.790000915527344,19.979999542236328,1429000
2023-12-06,15.298528671264648,20.15999984741211,20.459999084472656,20.030000686645508,20.200000762939453,1483100
2023-12-07,15.237823486328125,20.079999923706055,20.260000228881836,19.90999984741211,20.15999984741211,1001100
2023-12-08,15.15434741973877,19.969999313354492,20.18000030517578,19.709999084472656,20.110000610351562,933700
2023-12-11,15.215058326721191,20.049999237060547,20.1299991607666,19.809999465942383,19.969999313354492,922100
2023-12-12,15.260590553283691,20.110000610351562,20.229999542236328,19.84000015258789,20.100000381469727,1443600
2023-12-13,15.640019416809082,20.610000610351562,20.809999465942383,20.06999969482422,20.15999984741211,2642600
2023-12-14,15.872931480407715,19.920000076293945,20.100000381469727,19.68000030517578,19.68000030517578,1850100
2023-12-15,15.86496353149414,19.90999984741211,20.290000915527344,19.8700008392334,19.950000762939453,1815000
2023-12-18,16.486494064331055,20.690000534057617,20.829999923706055,19.93000030517578,19.93000030517578,1285700
2023-12-19,16.008398056030273,20.09000015258789,21.030000686645508,20.09000015258789,20.81999969482422,1837800
2023-12-20,16.183698654174805,20.309999465942383,20.309999465942383,20.09000015258789,20.139999389648438,754900
2023-12-21,16.486494064331055,20.690000534057617,20.739999771118164,20.350000381469727,20.520000457763672,1062300
2023-12-22,16.560338973999023,20.540000915527344,20.709999084472656,20.3799991607666,20.600000381469727,669700
2023-12-26,16.415212631225586,20.360000610351562,20.739999771118164,20.360000610351562,20.530000686645508,777600
2023-12-27,16.294273376464844,20.209999084472656,20.440000534057617,20.15999984741211,20.3700008392334,667800
2023-12-28,16.511966705322266,20.479999542236328,20.5,20.06999969482422,20.25,837500
2024-01-02,16.28621482849121,20.200000762939453,20.68000030517578,20.100000381469727,20.489999771118164,1274500
2024-01-03,16.503902435302734,20.469999313354492,20.68000030517578,20.219999313354492,20.219999313354492,965800
2024-01-04,16.479719161987305,20.440000534057617,20.559999465942383,20.079999923706055,20.479999542236328,931000
2024-01-05,16.616779327392578,20.610000610351562,20.739999771118164,20.270000457763672,20.43000030517578,747900
2024-01-08,16.98764991760254,21.06999969482422,21.06999969482422,20.469999313354492,20.6200008392334,756200
2024-01-09,17.439149856567383,21.6299991607666,21.649999618530273,20.8799991607666,21.06999969482422,1337000
2024-01-10,17.58427619934082,21.809999465942383,22.0,21.540000915527344,21.6200008392334,1130300
2024-01-11,17.777774810791016,22.049999237060547,22.139999389648438,21.440000534057617,21.799999237060547,929200
2024-01-12,17.914836883544922,22.219999313354492,22.389999389648438,21.649999618530273,22.059999465942383,1128200
2024-01-15,18.124460220336914,22.479999542236328,22.889999389648438,22.280000686645508,22.280000686645508,1179000
2024-01-16,18.027713775634766,22.360000610351562,22.56999969482422,21.940000534057617,22.479999542236328,1605900
2024-01-17,18.124460220336914,22.479999542236328,22.5,22.149999618530273,22.350000381469727,1104800
2024-01-18,18.092214584350586,22.440000534057617,22.530000686645508,22.1299991607666,22.489999771118164,1676400
2024-01-19,17.90677261352539,22.209999084472656,22.56999969482422,22.1299991607666,22.440000534057617,1814800
2024-01-22,17.971277236938477,22.290000915527344,22.399999618530273,22.079999923706055,22.139999389648438,925700
2024-01-23,18.261520385742188,22.649999618530273,22.719999313354492,22.260000228881836,22.5,766300
2024-01-24,17.87452507019043,22.170000076293945,22.68000030517578,22.110000610351562,22.6299991607666,1299400
2024-01-25,17.90677261352539,22.209999084472656,22.420000076293945,22.110000610351562,22.200000762939453,823800
2024-01-26,17.39883804321289,21.579999923706055,22.389999389648438,21.579999923706055,22.389999389648438,1425800
2024-01-29,17.366588592529297,21.540000915527344,21.649999618530273,21.209999084472656,21.579999923706055,989000
2024-01-30,17.29402732849121,21.450000762939453,21.610000610351562,21.34000015258789,21.540000915527344,743100
2024-01-31,17.229530334472656,21.3700008392334,22.1299991607666,21.270000457763672,21.479999542236328,2386100
2024-02-01,17.213403701782227,21.350000381469727,21.6200008392334,20.93000030517578,21.3700008392334,3725400
2024-02-02,17.0199031829834,21.110000610351562,21.510000228881836,21.0,21.350000381469727,3307900
2024-02-05,17.326274871826172,21.489999771118164,21.540000915527344,20.969999313354492,21.110000610351562,1237200
2024-02-06,17.11665153503418,21.229999542236328,21.760000228881836,21.219999313354492,21.540000915527344,1277000
2024-02-07,17.439149856567383,21.6299991607666,21.729999542236328,21.170000076293945,21.209999084472656,1005400
2024-02-08,17.181148529052734,21.309999465942383,21.690000534057617,21.049999237060547,21.6299991607666,1928000
2024-02-09,17.63265037536621,21.8700008392334,22.06999969482422,21.1200008392334,21.219999313354492,1457200
2024-02-14,17.29402732849121,21.450000762939453,21.84000015258789,21.200000762939453,21.81999969482422,1413800
2024-02-15,17.47140121459961,21.670000076293945,22.1200008392334,21.510000228881836,21.690000534057617,1511500
2024-02-16,17.568147659301758,21.790000915527344,21.979999542236328,21.420000076293945,21.719999313354492,1027400
2024-02-19,17.672962188720703,21.920000076293945,22.0,21.56999969482422,21.809999465942383,1155100
2024-02-20,17.922901153564453,22.229999542236328,22.540000915527344,21.81999969482422,21.920000076293945,2203500
2024-02-21,17.229530334472656,21.3700008392334,22.309999465942383,21.360000610351562,22.229999542236328,1703500
2024-02-22,17.374650955200195,21.549999237060547,21.639999389648438,21.200000762939453,21.3700008392334,1582000
2024-02-23,16.907028198242188,20.969999313354492,21.600000381469727,20.81999969482422,21.549999237060547,1260500
2024-02-26,16.8344669342041,20.8799991607666,21.299999237060547,20.860000610351562,20.950000762939453,843800
2024-02-27,16.810274124145508,20.850000381469727,21.100000381469727,20.6200008392334,20.940000534057617,1136100
2024-02-28,16.810274124145508,20.850000381469727,20.959999084472656,20.670000076293945,20.790000915527344,670500
2024-02-29,16.665151596069336,20.670000076293945,20.8799991607666,20.56999969482422,20.81999969482422,994200
2024-03-01,16.8344669342041,20.8799991607666,21.09000015258789,20.540000915527344,20.690000534057617,2002900
2024-03-04,16.221717834472656,20.1200008392334,21.0,20.110000610351562,20.8799991607666,1854300
2024-03-05,16.28621482849121,20.200000762939453,20.43000030517578,19.969999313354492,20.200000762939453,1465900
2024-03-06,16.245901107788086,20.149999618530273,20.549999237060547,20.139999389648438,20.260000228881836,1216400
2024-03-07,16.778026580810547,20.809999465942383,20.940000534057617,20.09000015258789,20.149999618530273,2278200
2024-03-08,17.02796745300293,21.1200008392334,21.299999237060547,20.540000915527344,20.65999984741211,1552500
2024-03-11,16.68933868408203,20.700000762939453,21.170000076293945,20.549999237060547,21.100000381469727,1172800
2024-03-12,16.479719161987305,20.440000534057617,20.809999465942383,20.260000228881836,20.799999237060547,1163300
2024-03-13,16.245901107788086,20.149999618530273,20.540000915527344,20.059999465942383,20.469999313354492,1599500
2024-03-14,16.189468383789062,20.079999923706055,20.299999237060547,19.81999969482422,20.239999771118164,1390000
2024-03-15,16.270092010498047,20.18000030517578,20.18000030517578,19.790000915527344,20.0,7361600
2024-03-18,16.157215118408203,20.040000915527344,20.389999389648438,19.860000610351562,20.25,1351900
2024-03-19,16.28621482849121,20.200000762939453,20.299999237060547,19.93000030517578,20.110000610351562,1468300
2024-03-20,16.624841690063477,20.6200008392334,20.700000762939453,20.09000015258789,20.200000762939453,869300
2024-03-21,16.76190185546875,20.790000915527344,21.200000762939453,20.790000915527344,21.0,1924400
2024-03-22,17.132776260375977,21.25,21.670000076293945,20.709999084472656,21.010000228881836,3430200
2024-03-25,17.495586395263672,21.700000762939453,21.899999618530273,21.290000915527344,21.299999237060547,1785300
2024-03-26,17.842641830444336,21.239999771118164,21.239999771118164,20.530000686645508,20.700000762939453,1596100
2024-03-27,18.195465087890625,21.65999984741211,21.84000015258789,21.299999237060547,21.399999618530273,1864300
2024-03-28,18.2962703704834,21.780000686645508,21.8799991607666,21.40999984741211,21.639999389648438,1353200
2024-04-01,18.061058044433594,21.5,22.079999923706055,21.479999542236328,21.780000686645508,1907600
2024-04-02,17.893043518066406,21.299999237060547,21.65999984741211,21.190000534057617,21.579999923706055,2820400
2024-04-03,18.17026138305664,21.6299991607666,21.690000534057617,20.989999771118164,21.270000457763672,1678300
2024-04-04,17.834243774414062,21.229999542236328,21.709999084472656,21.139999389648438,21.700000762939453,1116200
2024-04-05,17.783838272094727,21.170000076293945,21.299999237060547,20.959999084472656,21.299999237060547,859800
2024-04-08,17.951854705810547,21.3700008392334,21.68000030517578,21.209999084472656,21.209999084472656,1408300
2024-04-09,18.26266860961914,21.739999771118164,21.829999923706055,21.440000534057617,21.440000534057617,1124900
2024-04-10,18.27107048034668,21.75,21.959999084472656,21.3799991607666,21.739999771118164,1640800
2024-04-11,18.472681045532227,21.989999771118164,22.100000381469727,21.440000534057617,21.799999237060547,1126400
2024-04-12,17.72503662109375,21.100000381469727,22.040000915527344,21.010000228881836,22.0,1245800
2024-04-15,17.90984344482422,21.31999969482422,21.360000610351562,20.959999084472656,21.15999984741211,1104800
2024-04-16,17.54022979736328,20.8799991607666,21.239999771118164,20.75,21.219999313354492,1613900
2024-04-17,17.834243774414062,21.229999542236328,21.540000915527344,20.989999771118164,21.0,1648400
2024-04-18,17.61583137512207,20.969999313354492,21.290000915527344,20.81999969482422,21.239999771118164,1650300
2024-04-19,18.086259841918945,21.530000686645508,21.530000686645508,20.770000457763672,21.020000457763672,3594500
2024-04-22,18.103059768676758,21.549999237060547,21.649999618530273,21.209999084472656,21.59000015258789,1242600
2024-04-23,18.052656173706055,21.489999771118164,21.549999237060547,21.260000228881836,21.549999237060547,1021800
2024-04-24,18.077856063842773,21.520000457763672,21.75,21.329999923706055,21.600000381469727,1336100
2024-04-25,17.851043701171875,21.25,21.690000534057617,21.100000381469727,21.530000686645508,1087100
2024-04-26,18.119863510131836,21.56999969482422,21.829999923706055,21.360000610351562,21.360000610351562,960900
2024-04-29,18.103445053100586,20.760000228881836,20.979999542236328,20.479999542236328,20.850000381469727,1013300
2024-04-30,17.074447631835938,19.579999923706055,20.709999084472656,19.469999313354492,20.59000015258789,4200600
2024-05-02,17.08316421508789,19.59000015258789,19.780000686645508,19.020000457763672,19.649999618530273,3507100
2024-05-03,16.90003776550293,19.3799991607666,19.84000015258789,19.31999969482422,19.770000457763672,1927600
2024-05-06,17.318614959716797,19.860000610351562,20.149999618530273,19.200000762939453,19.3799991607666,1813700
2024-05-07,16.9785213470459,19.469999313354492,20.030000686645508,19.270000457763672,19.90999984741211,1929000
2024-05-08,17.196533203125,19.719999313354492,19.799999237060547,19.34000015258789,19.5,1355600
2024-05-09,16.856435775756836,19.329999923706055,19.700000762939453,19.139999389648438,19.700000762939453,1612300
2024-05-10,17.091886520385742,19.600000381469727,19.6200008392334,19.15999984741211,19.389999389648438,1317600
2024-05-13,17.44070053100586,20.0,20.030000686645508,19.600000381469727,19.68000030517578,1441200
2024-05-14,17.990081787109375,20.6299991607666,20.6299991607666,20.079999923706055,20.100000381469727,1940400
2024-05-15,18.199369430541992,20.8700008392334,20.8799991607666,20.3799991607666,20.530000686645508,1032500
2024-05-16,17.972640991210938,20.610000610351562,21.09000015258789,20.43000030517578,20.969999313354492,1408000
2024-05-17,17.85927963256836,20.479999542236328,20.799999237060547,20.479999542236328,20.700000762939453,839500
2024-05-20,18.11216926574707,20.770000457763672,20.940000534057617,20.540000915527344,20.540000915527344,1003400
2024-05-21,18.28657341003418,20.969999313354492,21.100000381469727,20.690000534057617,20.829999923706055,1013100
2024-05-22,18.007524490356445,20.649999618530273,21.06999969482422,20.530000686645508,21.0,755000
2024-05-23,17.93775749206543,20.56999969482422,20.760000228881836,20.329999923706055,20.760000228881836,568900
2024-05-24,17.84183692932129,20.459999084472656,20.68000030517578,20.459999084472656,20.56999969482422,606600
2024-05-27,17.972640991210938,20.610000610351562,20.670000076293945,20.309999465942383,20.5,712000
2024-05-28,17.693593978881836,20.290000915527344,20.809999465942383,20.100000381469727,20.65999984741211,1027000
2024-05-29,17.6151065826416,20.200000762939453,20.3799991607666,20.110000610351562,20.290000915527344,764500
2024-05-31,17.57150650024414,20.149999618530273,20.299999237060547,19.979999542236328,20.200000762939453,1388700
2024-06-03,17.606388092041016,20.190000534057617,20.329999923706055,20.049999237060547,20.15999984741211,1275000
2024-06-04,17.780790328979492,20.389999389648438,20.389999389648438,20.06999969482422,20.190000534057617,2003100
2024-06-05,17.68486976623535,20.280000686645508,20.56999969482422,20.100000381469727,20.40999984741211,1085000
2024-06-06,17.283733367919922,19.81999969482422,20.459999084472656,19.799999237060547,20.459999084472656,1710800
2024-06-07,17.196533203125,19.719999313354492,20.020000457763672,19.600000381469727,19.81999969482422,1327500
2024-06-10,17.17909049987793,19.700000762939453,19.75,19.43000030517578,19.729999542236328,1103800
2024-06-11,16.96108627319336,19.450000762939453,19.850000381469727,19.450000762939453,19.75,1226600
2024-06-12,16.8389949798584,19.309999465942383,19.780000686645508,19.299999237060547,19.65999984741211,1097600
2024-06-13,17.065723419189453,19.56999969482422,19.700000762939453,19.309999465942383,19.360000610351562,525500
2024-06-14,17.100608825683594,19.610000610351562,19.739999771118164,19.469999313354492,19.649999618530273,511000
2024-06-17,17.29245376586914,19.829999923706055,19.979999542236328,19.540000915527344,19.610000610351562,971700
2024-06-18,17.109329223632812,19.6200008392334,19.8700008392334,19.489999771118164,19.84000015258789,790100
2024-06-19,17.196533203125,19.719999313354492,19.760000228881836,19.360000610351562,19.670000076293945,607600
2024-06-20,17.344776153564453,19.889999389648438,20.010000228881836,19.690000534057617,19.790000915527344,1007400
2024-06-21,18.007524490356445,20.649999618530273,20.649999618530273,20.0,20.030000686645508,5119300
2024-06-24,18.70515251159668,21.450000762939453,21.6200008392334,20.68000030517578,20.719999313354492,1317400
2024-06-25,18.80979347229004,21.56999969482422,21.729999542236328,21.399999618530273,21.549999237060547,1344500
2024-06-26,18.4144344329834,20.739999771118164,21.219999313354492,20.639999389648438,21.219999313354492,1129600
2024-06-27,18.441072463989258,20.770000457763672,20.889999389648438,20.520000457763672,20.799999237060547,833800
2024-06-28,18.547611236572266,20.889999389648438,20.979999542236328,20.559999465942383,20.770000457763672,928400
2024-07-01,17.67750358581543,19.90999984741211,20.770000457763672,19.8799991607666,20.75,5784200
2024-07-02,17.80180549621582,20.049999237060547,20.200000762939453,19.8799991607666,19.90999984741211,2087200
2024-07-03,17.979379653930664,20.25,20.420000076293945,20.100000381469727,20.110000610351562,1074200
2024-07-04,18.085926055908203,20.3700008392334,20.8799991607666,20.34000015258789,20.34000015258789,1002100
2024-07-05,18.370040893554688,20.690000534057617,20.790000915527344,20.40999984741211,20.40999984741211,774000
2024-07-08,18.556493759155273,20.899999618530273,21.0,20.559999465942383,20.739999771118164,818000
2024-07-09,18.370040893554688,20.690000534057617,21.010000228881836,20.6299991607666,20.989999771118164,589400
2024-07-10,18.42331314086914,20.75,20.969999313354492,20.59000015258789,20.700000762939453,641300
2024-07-11,18.290136337280273,20.600000381469727,20.8799991607666,20.549999237060547,20.6200008392334,991700
2024-07-12,18.343406677246094,20.65999984741211,20.719999313354492,20.540000915527344,20.68000030517578,641000
2024-07-15,18.077043533325195,20.360000610351562,20.719999313354492,20.239999771118164,20.719999313354492,1017100
2024-07-16,18.254619598388672,20.559999465942383,20.56999969482422,20.280000686645508,20.389999389648438,2361900
2024-07-17,18.29901123046875,20.610000610351562,20.719999313354492,20.530000686645508,20.639999389648438,690100
2024-07-18,18.059289932250977,20.34000015258789,20.670000076293945,20.200000762939453,20.670000076293945,1267100
2024-07-19,18.04153060913086,20.31999969482422,20.59000015258789,20.209999084472656,20.389999389648438,2666800
2024-07-22,18.911643981933594,21.299999237060547,21.450000762939453,20.3799991607666,20.3799991607666,2253400
2024-07-23,19.604183197021484,22.079999923706055,22.139999389648438,21.15999984741211,21.280000686645508,1565200
2024-07-24,19.30230712890625,21.739999771118164,22.260000228881836,21.739999771118164,22.049999237060547,1247000
2024-07-25,19.373334884643555,21.81999969482422,22.200000762939453,21.5,21.700000762939453,1227100
2024-07-26,19.364458084106445,21.809999465942383,22.040000915527344,21.639999389648438,21.81999969482422,1049500
2024-07-29,19.613061904907227,22.09000015258789,22.270000457763672,21.690000534057617,22.09000015258789,905500
2024-07-30,19.639698028564453,22.1200008392334,22.190000534057617,21.90999984741211,22.06999969482422,718800
2024-07-31,19.506515502929688,21.969999313354492,22.65999984741211,20.90999984741211,22.190000534057617,3577200
2024-08-01,18.15695571899414,20.450000762939453,21.709999084472656,20.420000076293945,21.68000030517578,7996200
2024-08-02,18.654157638549805,21.010000228881836,21.190000534057617,20.56999969482422,20.579999923706055,2626100
2024-08-05,18.636402130126953,20.989999771118164,21.1200008392334,20.459999084472656,20.59000015258789,2349100
2024-08-06,19.06258201599121,21.469999313354492,21.540000915527344,20.889999389648438,20.90999984741211,2262600
2024-08-07,19.355573654174805,21.799999237060547,21.889999389648438,21.5,21.5,1016800
2024-08-08,19.240156173706055,21.670000076293945,22.0,21.520000457763672,21.700000762939453,562300
2024-08-09,19.87054443359375,22.3799991607666,22.489999771118164,21.68000030517578,21.68000030517578,1238200
2024-08-12,19.852787017822266,22.360000610351562,22.43000030517578,22.06999969482422,22.40999984741211,693100
2024-08-13,20.394386291503906,22.969999313354492,22.969999313354492,22.389999389648438,22.5,1629900
2024-08-14,20.598600387573242,23.200000762939453,23.31999969482422,22.899999618530273,22.959999084472656,1110900
2024-08-15,19.621944427490234,22.100000381469727,22.469999313354492,21.770000457763672,22.399999618530273,2756300
2024-08-16,20.394386291503906,22.969999313354492,22.989999771118164,22.030000686645508,22.290000915527344,1883400
2024-08-19,20.545324325561523,23.139999389648438,23.360000610351562,22.68000030517578,22.989999771118164,1059000
2024-08-20,20.545324325561523,23.139999389648438,23.479999542236328,23.110000610351562,23.229999542236328,1112600
2024-08-21,20.53644561767578,23.1299991607666,23.309999465942383,23.010000228881836,23.149999618530273,807000
2024-08-22,20.660747528076172,23.270000457763672,23.459999084472656,23.0,23.149999618530273,996000
2024-08-23,20.891597747802734,23.530000686645508,23.59000015258789,23.219999313354492,23.270000457763672,628400
2024-08-26,20.793928146362305,23.420000076293945,23.65999984741211,23.059999465942383,23.549999237060547,1093200
2024-08-27,20.589717864990234,23.190000534057617,23.34000015258789,23.040000915527344,23.299999237060547,797900
2024-08-28,20.802810668945312,23.43000030517578,23.549999237060547,23.020000457763672,23.190000534057617,689700
2024-08-29,20.909351348876953,23.549999237060547,23.549999237060547,23.15999984741211,23.530000686645508,657100
2024-08-30,21.06028938293457,23.719999313354492,23.719999313354492,23.260000228881836,23.520000457763672,1664100
2024-09-02,21.05141258239746,23.709999084472656,23.709999084472656,23.06999969482422,23.219999313354492,1234800
2024-09-03,21.34440803527832,24.040000915527344,24.15999984741211,23.600000381469727,23.610000610351562,1048600
2024-09-04,21.66404151916504,24.399999618530273,24.6200008392334,23.979999542236328,24.040000915527344,1123600
2024-09-05,22.072463989257812,24.860000610351562,25.1299991607666,24.360000610351562,24.420000076293945,1714500
2024-09-06,22.01919174194336,24.799999237060547,25.18000030517578,24.760000228881836,24.860000610351562,1045300
2024-09-09,22.152372360229492,24.950000762939453,25.170000076293945,24.549999237060547,24.959999084472656,1054200
2024-09-10,22.54303550720215,25.389999389648438,25.920000076293945,24.959999084472656,25.06999969482422,1675500
2024-09-11,22.09021759033203,24.8799991607666,25.790000915527344,24.799999237060547,25.469999313354492,1087200
2024-09-12,22.17900848388672,24.979999542236328,25.100000381469727,24.68000030517578,24.8799991607666,756900
2024-09-13,22.587432861328125,25.440000534057617,25.770000457763672,25.110000610351562,25.139999389648438,5131700
2024-09-16,23.191179275512695,26.1200008392334,26.420000076293945,25.690000534057617,25.690000534057617,2303000
2024-09-17,23.03136444091797,25.940000534057617,26.350000381469727,25.84000015258789,26.260000228881836,840700
2024-09-18,23.052242279052734,25.610000610351562,25.809999465942383,25.229999542236328,25.43000030517578,805600
2024-09-19,22.61117935180664,25.1200008392334,25.610000610351562,25.06999969482422,25.610000610351562,1021800
2024-09-20,22.404151916503906,24.889999389648438,25.329999923706055,24.84000015258789,25.1299991607666,2811600
2024-09-23,22.09810447692871,24.549999237060547,24.979999542236328,24.489999771118164,24.979999542236328,1288200
2024-09-24,21.83707046508789,24.260000228881836,24.799999237060547,24.149999618530273,24.75,1489300
2024-09-25,21.612041473388672,24.010000228881836,24.440000534057617,23.8799991607666,24.260000228881836,1191300
2024-09-26,21.405012130737305,23.780000686645508,24.1299991607666,23.65999984741211,24.110000610351562,1028000
2024-09-27,20.405866622924805,22.670000076293945,23.969999313354492,22.6200008392334,23.799999237060547,2497000
2024-09-30,20.738914489746094,23.040000915527344,23.309999465942383,22.459999084472656,22.670000076293945,1397700
2024-10-01,20.83793067932129,23.149999618530273,23.559999465942383,23.040000915527344,23.059999465942383,935100
2024-10-02,21.09896469116211,23.440000534057617,23.860000610351562,23.200000762939453,23.200000762939453,1173800
2024-10-03,20.891937255859375,23.209999084472656,23.479999542236328,23.15999984741211,23.43000030517578,931200
2024-10-04,20.54988670349121,22.829999923706055,23.31999969482422,22.809999465942383,23.31999969482422,881500
2024-10-07,20.55889129638672,22.84000015258789,23.110000610351562,22.790000915527344,23.06999969482422,895100
2024-10-08,20.5408878326416,22.81999969482422,23.010000228881836,22.790000915527344,22.799999237060547,815100
2024-10-09,20.072824478149414,22.299999237060547,22.770000457763672,22.260000228881836,22.75,1079600
2024-10-10,20.02781867980957,22.25,22.559999465942383,22.149999618530273,22.559999465942383,982100
2024-10-11,19.721776962280273,21.90999984741211,22.360000610351562,21.809999465942383,22.360000610351562,825000
2024-10-14,19.748775482177734,21.940000534057617,22.200000762939453,21.81999969482422,22.0,1628500
2024-10-15,19.883798599243164,22.09000015258789,22.25,21.850000381469727,21.969999313354492,1648400
2024-10-16,19.802783966064453,22.0,22.059999465942383,21.84000015258789,22.049999237060547,2619600
2024-10-17,19.883798599243164,22.09000015258789,22.3700008392334,21.700000762939453,22.0,1307800
2024-10-18,19.919801712036133,22.1299991607666,22.329999923706055,22.030000686645508,22.100000381469727,2306900
2024-10-21,20.153837203979492,22.389999389648438,22.420000076293945,22.149999618530273,22.309999465942383,652200
2024-10-22,20.081823348999023,22.309999465942383,22.3700008392334,21.940000534057617,22.309999465942383,909000
2024-10-23,20.054819107055664,22.280000686645508,22.389999389648438,22.06999969482422,22.299999237060547,948000
2024-10-24,20.270851135253906,22.520000457763672,22.610000610351562,22.06999969482422,22.299999237060547,1122800
2024-10-25,20.2978515625,22.549999237060547,22.700000762939453,22.3799991607666,22.549999237060547,912800
2024-10-28,20.414873123168945,22.68000030517578,22.850000381469727,22.540000915527344,22.719999313354492,1099200
2024-10-29,20.603897094726562,22.889999389648438,22.93000030517578,22.6200008392334,22.700000762939453,1316300
2024-10-30,20.612897872924805,22.899999618530273,23.09000015258789,22.639999389648438,22.889999389648438,891100
2024-10-31,20.747915267944336,23.049999237060547,23.209999084472656,22.739999771118164,22.899999618530273,1778700
2024-11-01,20.96394920349121,23.290000915527344,23.540000915527344,22.799999237060547,23.040000915527344,1980400
2024-11-04,20.86493492126465,23.18000030517578,23.829999923706055,22.93000030517578,23.3799991607666,3021500
2024-11-05,20.86493492126465,23.18000030517578,23.81999969482422,22.649999618530273,23.209999084472656,2876900
2024-11-06,20.972946166992188,23.299999237060547,23.299999237060547,22.520000457763672,23.219999313354492,4745100
2024-11-07,20.801925659179688,23.110000610351562,24.06999969482422,23.09000015258789,23.389999389648438,2059300
2024-11-08,20.93694305419922,23.260000228881836,23.530000686645508,22.75,23.1200008392334,1729200
2024-11-11,21.819067001342773,24.239999771118164,24.489999771118164,22.889999389648438,23.290000915527344,2529600
2024-11-12,21.52202606201172,23.90999984741211,25.3799991607666,23.75,24.309999465942383,3119900
2024-11-13,21.233983993530273,23.59000015258789,24.049999237060547,23.309999465942383,23.940000534057617,2032400
2024-11-14,22.17911720275879,24.639999389648438,24.950000762939453,23.420000076293945,23.59000015258789,6580900
2024-11-18,22.17011833190918,24.6299991607666,24.969999313354492,24.200000762939453,24.639999389648438,2065500
2024-11-19,22.539169311523438,25.040000915527344,25.309999465942383,24.530000686645508,24.850000381469727,2801100
2024-11-21,22.404151916503906,24.889999389648438,25.110000610351562,24.719999313354492,25.040000915527344,979000
2024-11-22,22.701190948486328,25.219999313354492,25.75,24.889999389648438,24.889999389648438,2417000
2024-11-25,22.845212936401367,25.3799991607666,25.639999389648438,25.1200008392334,25.219999313354492,1422300
2024-11-26,22.88121795654297,25.420000076293945,25.81999969482422,25.170000076293945,25.5,1118400
2024-11-27,23.07924461364746,25.639999389648438,25.799999237060547,25.18000030517578,25.540000915527344,1261200
2024-11-28,22.593177795410156,25.100000381469727,25.700000762939453,25.079999923706055,25.649999618530273,1472500
2024-11-29,22.845212936401367,25.3799991607666,25.440000534057617,24.329999923706055,25.0,1494500
2024-12-02,22.6741886138916,25.190000534057617,25.440000534057617,24.84000015258789,25.309999465942383,1351300
2024-12-03,22.86321449279785,25.399999618530273,25.40999984741211,24.90999984741211,25.040000915527344,1177000
2024-12-04,22.09810447692871,24.549999237060547,25.40999984741211,24.540000915527344,25.389999389648438,1576000
2024-12-05,22.584177017211914,25.09000015258789,25.09000015258789,24.610000610351562,24.799999237060547,1042700
2024-12-06,22.278135299682617,24.75,25.200000762939453,24.549999237060547,25.149999618530273,2339600
2024-12-09,22.152114868164062,24.610000610351562,24.90999984741211,24.5,24.6200008392334,1823100
2024-12-10,21.891077041625977,24.31999969482422,24.899999618530273,24.149999618530273,24.860000610351562,1880600
2024-12-11,21.954082489013672,24.389999389648438,24.860000610351562,24.040000915527344,24.31999969482422,1854000
2024-12-12,20.8469295501709,23.15999984741211,24.360000610351562,23.149999618530273,24.350000381469727,1670400
2024-12-13,20.432872772216797,22.700000762939453,23.329999923706055,22.690000534057617,23.309999465942383,1548700
2024-12-16,20.378860473632812,22.639999389648438,23.010000228881836,22.489999771118164,22.799999237060547,1110900
2024-12-17,20.054819107055664,22.280000686645508,22.790000915527344,22.280000686645508,22.639999389648438,1906500
2024-12-18,19.082683563232422,21.200000762939453,22.290000915527344,21.020000457763672,22.270000457763672,1975100
2024-12-19,19.42473030090332,21.579999923706055,21.6200008392334,21.040000915527344,21.200000762939453,1662500
2024-12-20,19.865795135498047,22.06999969482422,22.219999313354492,21.600000381469727,21.809999465942383,1906200
2024-12-23,18.96566390991211,21.06999969482422,21.969999313354492,20.959999084472656,21.969999313354492,1912700
2024-12-26,18.72696304321289,20.440000534057617,20.8700008392334,20.149999618530273,20.760000228881836,2453800
2024-12-27,18.543720245361328,20.239999771118164,20.75,20.100000381469727,20.700000762939453,1093400
2024-12-30,19.07511329650879,20.81999969482422,21.040000915527344,19.989999771118164,20.239999771118164,2969400
2025-01-02,18.809417724609375,20.530000686645508,20.969999313354492,20.059999465942383,20.81999969482422,2719700
2025-01-03,19.056791305541992,20.799999237060547,21.020000457763672,20.420000076293945,20.530000686645508,2328800
2025-01-06,19.056791305541992,20.799999237060547,21.239999771118164,20.719999313354492,21.100000381469727,1393900
2025-01-07,19.093435287475586,20.84000015258789,21.15999984741211,20.700000762939453,20.760000228881836,2532600
2025-01-08,19.762256622314453,21.56999969482422,21.889999389648438,20.649999618530273,20.649999618530273,5107500
2025-01-09,19.92717170715332,21.75,21.889999389648438,21.43000030517578,21.6200008392334,1211600
2025-01-10,19.70728302001953,21.510000228881836,22.020000457763672,21.420000076293945,21.75,1224300
2025-01-13,19.92717170715332,21.75,21.850000381469727,21.200000762939453,21.59000015258789,2223600
2025-01-14,19.478240966796875,21.260000228881836,21.889999389648438,21.260000228881836,21.84000015258789,1897900
2025-01-15,19.670639038085938,21.469999313354492,21.6200008392334,21.09000015258789,21.3799991607666,2111100
2025-01-16,19.798904418945312,21.610000610351562,21.719999313354492,21.229999542236328,21.399999618530273,1142200
2025-01-17,19.89968490600586,21.719999313354492,21.899999618530273,21.350000381469727,21.6200008392334,2997600
2025-01-20,19.90884780883789,21.729999542236328,21.950000762939453,21.600000381469727,21.719999313354492,666800
2025-01-21,20.156219482421875,22.0,22.139999389648438,21.5,21.8799991607666,824800
2025-01-22,20.0279541015625,21.860000610351562,22.260000228881836,21.760000228881836,21.899999618530273,1429700
2025-01-23,19.835552215576172,21.649999618530273,21.989999771118164,21.399999618530273,21.829999923706055,1260400
2025-01-24,19.679798126220703,21.479999542236328,21.68000030517578,21.260000228881836,21.68000030517578,858200
2025-01-27,20.119569778442383,21.959999084472656,22.06999969482422,21.329999923706055,21.489999771118164,963300
2025-01-28,20.192869186401367,22.040000915527344,22.239999771118164,21.739999771118164,21.950000762939453,892600
2025-01-29,20.24784278869629,22.100000381469727,22.219999313354492,21.969999313354492,22.209999084472656,959300
2025-01-30,20.568506240844727,22.450000762939453,22.610000610351562,22.09000015258789,22.100000381469727,1380700
2025-01-31,20.50437355041504,22.3799991607666,22.59000015258789,22.18000030517578,22.450000762939453,1720100
2025-02-03,20.770069122314453,22.670000076293945,22.670000076293945,22.020000457763672,22.200000762939453,849800
2025-02-04,20.79755210876465,22.700000762939453,22.969999313354492,22.5,22.670000076293945,1008800
2025-02-05,21.072410583496094,23.0,23.15999984741211,22.56999969482422,22.690000534057617,1198500
2025-02-06,21.099899291992188,23.030000686645508,23.139999389648438,22.739999771118164,23.139999389648438,1536500
2025-02-07,21.31062126159668,23.260000228881836,23.649999618530273,23.010000228881836,23.040000915527344,1245100
2025-02-10,21.860336303710938,23.860000610351562,24.06999969482422,23.25,23.3799991607666,1497800
2025-02-11,22.19932746887207,24.229999542236328,24.459999084472656,23.84000015258789,23.850000381469727,1203000
2025-02-12,21.759552001953125,23.75,24.25,23.56999969482422,24.15999984741211,1550800
2025-02-13,21.933631896972656,23.940000534057617,23.940000534057617,23.43000030517578,23.75,1185300
2025-02-14,22.465024948120117,24.520000457763672,24.65999984741211,23.93000030517578,24.0,1300800
2025-02-17,22.419212341308594,24.469999313354492,24.700000762939453,24.270000457763672,24.510000228881836,905400
2025-02-18,21.933631896972656,23.940000534057617,24.670000076293945,23.719999313354492,24.489999771118164,1353400
2025-02-19,20.79755210876465,22.700000762939453,24.15999984741211,22.610000610351562,23.709999084472656,4447900
2025-02-20,21.109060287475586,23.040000915527344,23.190000534057617,22.40999984741211,22.709999084472656,2607000
2025-02-21,21.255651473999023,23.200000762939453,23.309999465942383,22.790000915527344,23.040000915527344,1603100
2025-02-24,20.623477935791016,22.510000228881836,23.299999237060547,22.25,23.299999237060547,1584600
2025-02-25,20.85252571105957,22.760000228881836,22.84000015258789,22.399999618530273,22.579999923706055,1032000
2025-02-26,20.85252571105957,22.760000228881836,22.940000534057617,22.360000610351562,22.770000457763672,1947200
2025-02-27,20.815874099731445,22.719999313354492,22.989999771118164,22.450000762939453,22.850000381469727,1164900
2025-02-28,21.319782257080078,23.270000457763672,23.270000457763672,22.610000610351562,22.850000381469727,2021900
2025-03-05,21.145708084106445,23.079999923706055,23.3700008392334,22.850000381469727,23.299999237060547,1394100
2025-03-06,21.054346084594727,22.510000228881836,22.6200008392334,21.959999084472656,22.530000686645508,1892300
2025-03-07,21.363000869750977,22.84000015258789,22.84000015258789,22.059999465942383,22.56999969482422,1774000
2025-03-10,21.278823852539062,22.75,22.969999313354492,22.479999542236328,22.8799991607666,1163300
2025-03-11,21.147876739501953,22.610000610351562,22.850000381469727,22.229999542236328,22.829999923706055,1074500
2025-03-12,21.353652954101562,22.829999923706055,22.829999923706055,22.5,22.610000610351562,784500
2025-03-13,21.699722290039062,23.200000762939453,23.200000762939453,22.440000534057617,22.989999771118164,938200
2025-03-14,22.4479923248291,24.0,24.399999618530273,22.90999984741211,23.25,2921400
2025-03-17,22.214155197143555,23.75,24.190000534057617,23.579999923706055,24.030000686645508,1033900
2025-03-18,22.40122413635254,23.950000762939453,23.950000762939453,23.520000457763672,23.8700008392334,772400
2025-03-19,22.335752487182617,23.8799991607666,24.0,23.579999923706055,24.0,1342600
2025-03-20,22.700531005859375,24.270000457763672,24.329999923706055,23.850000381469727,24.1299991607666,1318600
2025-03-21,22.345102310180664,23.889999389648438,24.450000762939453,23.420000076293945,24.270000457763672,1850700
2025-03-24,21.90549659729004,23.420000076293945,24.09000015258789,23.309999465942383,23.889999389648438,1370900
2025-03-25,20.100303649902344,21.489999771118164,22.34000015258789,21.489999771118164,22.18000030517578,6002000
2025-03-26,18.98725700378418,20.299999237060547,21.549999237060547,20.110000610351562,21.479999542236328,6375600
2025-03-27,19.07670021057129,20.360000610351562,20.610000610351562,20.040000915527344,20.459999084472656,3357300
2025-03-28,19.114177703857422,20.399999618530273,20.65999984741211,20.360000610351562,20.459999084472656,2241300
2025-03-31,18.50514793395996,19.75,20.420000076293945,19.75,20.399999618530273,2670200
2025-04-01,18.252166748046875,19.479999542236328,19.649999618530273,19.059999465942383,19.649999618530273,4758700
2025-04-02,18.261537551879883,19.489999771118164,19.829999923706055,19.329999923706055,19.489999771118164,2211600
2025-04-03,18.673805236816406,19.93000030517578,20.020000457763672,19.40999984741211,19.450000762939453,1749800
2025-04-04,18.39271354675293,19.6299991607666,19.84000015258789,19.469999313354492,19.729999542236328,1483400
2025-04-07,18.3177547454834,19.549999237060547,19.8700008392334,19.280000686645508,19.510000228881836,2446900
2025-04-08,18.33649253845215,19.56999969482422,19.799999237060547,19.40999984741211,19.610000610351562,2034700
2025-04-09,18.720651626586914,19.979999542236328,20.360000610351562,19.440000534057617,19.610000610351562,2315000
2025-04-10,18.383344650268555,19.6200008392334,20.040000915527344,19.510000228881836,20.040000915527344,2259300
2025-04-11,18.50514793395996,19.75,19.84000015258789,19.5,19.760000228881836,1546700
2025-04-14,18.767499923706055,20.030000686645508,20.229999542236328,19.649999618530273,19.770000457763672,1945900
2025-04-15,18.795610427856445,20.059999465942383,20.25,19.93000030517578,20.100000381469727,1606000
2025-04-16,18.6644344329834,19.920000076293945,20.15999984741211,19.8799991607666,20.079999923706055,1117100
2025-04-17,18.748762130737305,20.010000228881836,20.030000686645508,19.790000915527344,20.030000686645508,1439500
2025-04-22,18.936153411865234,20.209999084472656,20.31999969482422,20.049999237060547,20.049999237060547,1824000
2025-04-23,19.34842300415039,20.649999618530273,20.770000457763672,20.239999771118164,20.350000381469727,2026000
2025-04-24,19.629514694213867,20.950000762939453,21.1299991607666,20.739999771118164,20.84000015258789,3443700
2025-04-25,19.901235580444336,21.239999771118164,21.299999237060547,20.829999923706055,20.950000762939453,1235700
2025-04-28,19.891864776611328,21.229999542236328,21.43000030517578,21.1200008392334,21.239999771118164,1306700
2025-04-29,19.751317977905273,21.079999923706055,21.489999771118164,20.8799991607666,21.229999542236328,1709900
2025-04-30,20.088626861572266,21.440000534057617,21.530000686645508,20.959999084472656,21.100000381469727,2752300
2025-05-02,19.629514694213867,20.950000762939453,21.43000030517578,20.760000228881836,21.43000030517578,1799900
2025-05-05,19.198505401611328,20.489999771118164,21.040000915527344,20.40999984741211,20.950000762939453,1686900
2025-05-06,19.39527130126953,20.700000762939453,20.770000457763672,20.450000762939453,20.6299991607666,1033900
2025-05-07,19.42337989807129,20.729999542236328,20.829999923706055,20.299999237060547,20.65999984741211,1804700
2025-05-08,19.71384048461914,21.040000915527344,21.190000534057617,20.489999771118164,20.860000610351562,1755200
2025-05-09,19.507705688476562,20.81999969482422,21.18000030517578,20.65999984741211,21.18000030517578,1334200
2025-05-12,19.53581428527832,20.850000381469727,20.90999984741211,20.3700008392334,20.860000610351562,1429600
2025-05-13,19.816905975341797,21.149999618530273,21.3799991607666,20.690000534057617,20.899999618530273,2282000
2025-05-14,19.910602569580078,21.25,21.469999313354492,20.93000030517578,21.200000762939453,1947600
2025-05-15,20.90378761291504,22.309999465942383,22.829999923706055,22.049999237060547,22.15999984741211,5837300
2025-05-16,21.812652587890625,23.280000686645508,23.690000534057617,22.18000030517578,22.309999465942383,4535600
2025-05-19,21.756433486938477,23.219999313354492,23.329999923706055,22.729999542236328,23.15999984741211,2597900
2025-05-20,23.058820724487305,24.610000610351562,24.850000381469727,23.100000381469727,23.100000381469727,3806700
2025-05-21,22.721511840820312,24.25,25.219999313354492,24.170000076293945,24.40999984741211,2688600
2025-05-22,22.43105125427246,23.940000534057617,24.559999465942383,23.8700008392334,24.3700008392334,1739300
2025-05-23,22.749622344970703,24.280000686645508,24.40999984741211,23.6200008392334,23.719999313354492,1476500
2025-05-26,23.339914321899414,24.90999984741211,25.139999389648438,24.280000686645508,24.290000915527344,1567500
2025-05-27,23.621000289916992,25.209999084472656,25.420000076293945,24.690000534057617,24.90999984741211,2377300
2025-05-28,23.04945182800293,24.600000381469727,25.200000762939453,24.540000915527344,25.200000762939453,1434800
2025-05-29,23.255584716796875,24.81999969482422,24.850000381469727,24.540000915527344,24.600000381469727,1040200
2025-05-30,22.374834060668945,23.8799991607666,24.809999465942383,23.829999923706055,24.709999084472656,2162100
2025-06-02,22.26239776611328,23.760000228881836,24.100000381469727,23.5,23.8799991607666,1472900
2025-06-03,22.44042205810547,23.950000762939453,24.0,23.459999084472656,23.770000457763672,1673700
2025-06-04,22.04689598083496,23.530000686645508,24.049999237060547,23.350000381469727,23.920000076293945,1262100
2025-06-05,22.374834060668945,23.8799991607666,23.8799991607666,23.280000686645508,23.530000686645508,1443200
2025-06-06,22.75899314880371,24.290000915527344,24.760000228881836,23.690000534057617,23.8799991607666,2399200
2025-06-09,22.206178665161133,23.700000762939453,24.18000030517578,23.700000762939453,24.1299991607666,1314900
2025-06-10,22.299875259399414,23.799999237060547,24.110000610351562,23.6200008392334,23.950000762939453,781400
2025-06-11,22.721511840820312,24.25,24.5,23.690000534057617,23.799999237060547,2666800
2025-06-12,23.499195098876953,25.079999923706055,25.280000686645508,23.899999618530273,24.309999465942383,3239300
2025-06-13,24.848432540893555,26.520000457763672,26.709999084472656,24.889999389648438,25.079999923706055,7540400
2025-06-16,25.25132942199707,26.950000762939453,27.360000610351562,26.420000076293945,26.549999237060547,2249900
2025-06-17,25.579267501831055,27.299999237060547,27.329999923706055,26.90999984741211,27.010000228881836,1511600
2025-06-18,25.757293701171875,27.489999771118164,27.690000534057617,27.170000076293945,27.229999542236328,1638100
2025-06-20,25.776033401489258,27.510000228881836,27.90999984741211,27.25,27.549999237060547,2718000
2025-06-23,25.935319900512695,27.68000030517578,28.200000762939453,27.280000686645508,27.559999465942383,2329600
2025-06-24,25.291141510009766,26.56999969482422,27.469999313354492,26.40999984741211,27.299999237060547,3318600
2025-06-25,26.100231170654297,27.420000076293945,27.530000686645508,26.010000228881836,26.489999771118164,4624500
2025-06-26,26.43338394165039,27.770000457763672,27.84000015258789,27.020000457763672,27.219999313354492,2967200
2025-06-27,26.081193923950195,27.399999618530273,27.959999084472656,27.229999542236328,27.719999313354492,1414600
2025-06-30,26.62375831604004,27.969999313354492,28.290000915527344,27.329999923706055,27.5,1773800
2025-07-01,26.557125091552734,27.899999618530273,28.260000228881836,27.790000915527344,27.950000762939453,1939400
2025-07-02,26.842687606811523,28.200000762939453,28.260000228881836,27.8700008392334,27.989999771118164,1851700
2025-07-03,27.366214752197266,28.75,29.0,28.059999465942383,28.149999618530273,2765500
2025-07-04,27.261507034301758,28.639999389648438,28.799999237060547,28.219999313354492,28.600000381469727,1071300
2025-07-07,27.071136474609375,28.440000534057617,28.670000076293945,28.030000686645508,28.450000762939453,2288000
2025-07-08,26.262046813964844,27.59000015258789,28.510000228881836,26.639999389648438,28.5,7254400
2025-07-09,25.595739364624023,26.889999389648438,27.65999984741211,26.75,27.469999313354492,2984700
2025-07-10,25.55766487121582,26.850000381469727,27.06999969482422,26.5,26.600000381469727,1904800
2025-07-11,25.966968536376953,27.280000686645508,27.5,26.700000762939453,26.75,1815100
2025-07-14,25.195955276489258,26.469999313354492,27.190000534057617,26.059999465942383,27.170000076293945,3567800
2025-07-15,24.881839752197266,26.139999389648438,26.700000762939453,25.719999313354492,26.469999313354492,3867300
2025-07-16,24.843765258789062,26.100000381469727,26.260000228881836,25.850000381469727,26.059999465942383,2419500
2025-07-17,24.767614364624023,26.020000457763672,26.229999542236328,25.709999084472656,26.110000610351562,2481700
2025-07-18,24.862802505493164,26.1200008392334,26.260000228881836,25.649999618530273,26.0,4908600
2025-07-21,24.59627914428711,25.84000015258789,26.219999313354492,25.549999237060547,26.09000015258789,2554600
2025-07-22,24.529647827148438,25.770000457763672,26.350000381469727,25.700000762939453,25.84000015258789,1876800
2025-07-23,24.577239990234375,25.81999969482422,25.90999984741211,25.459999084472656,25.670000076293945,2122000
2025-07-24,24.700984954833984,25.950000762939453,25.950000762939453,25.309999465942383,25.729999542236328,1650800
2025-07-25,24.234567642211914,25.459999084472656,26.020000457763672,25.459999084472656,25.75,3749800
2025-07-28,24.35831069946289,25.59000015258789,25.700000762939453,25.350000381469727,25.43000030517578,2728300
2025-07-29,24.605796813964844,25.850000381469727,26.079999923706055,25.540000915527344,25.670000076293945,1475600
2025-07-30,24.710498809814453,25.959999084472656,26.190000534057617,25.459999084472656,25.850000381469727,2169800
2025-07-31,24.61531639099121,25.860000610351562,26.020000457763672,25.610000610351562,25.969999313354492,2972700
2025-08-01,24.586761474609375,25.829999923706055,26.100000381469727,25.549999237060547,25.93000030517578,2131900
2025-08-04,24.0346736907959,25.25,25.84000015258789,25.100000381469727,25.799999237060547,3768400
2025-08-05,24.0441951751709,25.260000228881836,25.600000381469727,24.260000228881836,24.610000610351562,4922600
2025-08-06,24.053712844848633,25.270000457763672,25.459999084472656,24.950000762939453,25.270000457763672,2775600
2025-08-07,24.08226776123047,25.299999237060547,25.420000076293945,24.959999084472656,25.25,1911000
2025-08-08,23.98708152770996,25.200000762939453,25.40999984741211,25.049999237060547,25.290000915527344,3006500
2025-08-11,24.167936325073242,25.389999389648438,25.709999084472656,25.1200008392334,25.25,1740500
2025-08-12,25.338735580444336,26.6200008392334,26.850000381469727,25.450000762939453,25.5,3260000
2025-08-13,24.948469161987305,26.209999084472656,27.209999084472656,26.209999084472656,26.799999237060547,2554300
2025-08-14,25.748035430908203,27.049999237060547,27.1299991607666,26.219999313354492,26.219999313354492,2440200
2025-08-15,25.44344139099121,26.729999542236328,27.229999542236328,26.649999618530273,27.15999984741211,2330600
2025-08-18,25.462478637695312,26.75,27.030000686645508,26.520000457763672,26.729999542236328,1966600
2025-08-19,24.748577117919922,26.0,26.700000762939453,26.0,26.700000762939453,2006100
2025-08-20,25.129322052001953,26.399999618530273,26.420000076293945,25.639999389648438,25.979999542236328,1688000
2025-08-21,25.862262725830078,27.170000076293945,27.209999084472656,26.200000762939453,26.299999237060547,11183500
2025-08-22,26.62375831604004,27.969999313354492,28.350000381469727,27.209999084472656,27.3700008392334,5489500
2025-08-25,26.500015258789062,27.84000015258789,28.030000686645508,27.600000381469727,27.899999618530273,3084800
2025-08-26,26.642793655395508,27.989999771118164,28.200000762939453,27.68000030517578,27.700000762939453,2505200
2025-08-27,27.708890914916992,29.110000610351562,29.149999618530273,27.969999313354492,27.989999771118164,5203000
2025-08-28,28.413270950317383,29.850000381469727,29.950000762939453,29.0,29.100000381469727,3836700
2025-08-29,28.451343536376953,29.889999389648438,30.270000457763672,29.68000030517578,29.989999771118164,3772700
2025-09-01,27.984928131103516,29.399999618530273,30.459999084472656,29.149999618530273,30.049999237060547,2514000
2025-09-02,28.36567497253418,29.799999237060547,30.1200008392334,28.950000762939453,29.399999618530273,5750700
2025-09-03,28.746423721313477,30.200000762939453,30.200000762939453,29.59000015258789,29.799999237060547,2034800
2025-09-04,29.555511474609375,31.049999237060547,31.25,30.170000076293945,30.190000534057617,10294300
2025-09-05,29.8601131439209,31.3700008392334,31.979999542236328,31.149999618530273,31.299999237060547,6085600
2025-09-08,30.21230125427246,31.739999771118164,31.860000610351562,31.06999969482422,31.3700008392334,3102000
2025-09-09,30.174224853515625,31.700000762939453,31.920000076293945,31.489999771118164,31.59000015258789,4635300
2025-09-10,30.01241111755371,31.530000686645508,31.920000076293945,31.450000762939453,31.579999923706055,2793800
2025-09-11,30.39315414428711,31.93000030517578,32.2599983215332,31.450000762939453,31.520000457763672,3690600
2025-09-12,31.240320205688477,32.81999969482422,32.81999969482422,31.700000762939453,32.09000015258789,4540400
2025-09-15,31.173688888549805,32.75,33.27000045776367,32.599998474121094,32.599998474121094,1466400
2025-09-16,31.306947708129883,32.88999938964844,33.099998474121094,32.439998626708984,33.099998474121094,2122400
2025-09-17,31.744808197021484,33.349998474121094,33.439998626708984,32.7400016784668,32.77000045776367,2422600
2025-09-18,31.668657302856445,33.27000045776367,33.86000061035156,33.11000061035156,33.38999938964844,1146000
2025-09-19,31.782882690429688,33.38999938964844,33.619998931884766,33.189998626708984,33.27000045776367,1565100
2025-09-22,31.992292404174805,33.61000061035156,33.869998931884766,33.13999938964844,33.25,1249900
2025-09-23,32.36617660522461,33.54999923706055,33.970001220703125,33.08000183105469,33.22999954223633,1875600
2025-09-24,32.404762268066406,33.59000015258789,33.790000915527344,33.310001373291016,33.4900016784668,1348000
2025-09-25,32.39512252807617,33.58000183105469,33.779998779296875,33.11000061035156,33.54999923706055,2059800
2025-09-26,32.57841110229492,33.77000045776367,34.119998931884766,33.029998779296875,33.790000915527344,2269000
2025-09-29,33.012535095214844,34.220001220703125,34.5,33.849998474121094,33.86000061035156,1532500
2025-09-30,33.27301025390625,34.4900016784668,34.88999938964844,34.29999923706055,34.34000015258789,1796700
2025-10-01,33.0897102355957,34.29999923706055,34.689998626708984,34.279998779296875,34.4900016784668,1974200
2025-10-02,32.742408752441406,33.939998626708984,34.72999954223633,33.75,34.31999969482422,1519500
2025-10-03,32.800296783447266,34.0,34.290000915527344,33.45000076293945,33.939998626708984,1887700
2025-10-06,32.568763732910156,33.7599983215332,34.099998474121094,33.52000045776367,33.970001220703125,1095200
2025-10-07,32.38547134399414,33.56999969482422,33.65999984741211,33.0,33.63999938964844,1933000
2025-10-08,32.03817367553711,33.209999084472656,33.72999954223633,32.970001220703125,33.560001373291016,2664100
2025-10-09,32.19252395629883,33.369998931884766,33.47999954223633,32.84000015258789,33.0099983215332,1427700
2025-10-10,32.38547134399414,33.56999969482422,33.56999969482422,32.72999954223633,33.349998474121094,2144800
2025-10-13,32.52052688598633,33.709999084472656,33.86000061035156,33.41999816894531,33.630001068115234,1674100
2025-10-14,32.85818099975586,34.060001373291016,34.58000183105469,33.59000015258789,33.63999938964844,1281800
2025-10-15,34.700782775878906,35.970001220703125,36.209999084472656,34.290000915527344,34.52000045776367,5169700
2025-10-16,34.430660247802734,35.689998626708984,36.15999984741211,35.529998779296875,35.970001220703125,2243700
2025-10-17,34.488548278808594,35.75,35.880001068115234,35.22999954223633,35.63999938964844,2739400
2025-10-20,34.65254592895508,35.91999816894531,36.91999816894531,35.72999954223633,35.75,2275300
2025-10-21,34.662193298339844,35.93000030517578,36.380001068115234,35.619998931884766,35.91999816894531,3245300
2025-10-22,34.922672271728516,36.20000076293945,36.20000076293945,35.470001220703125,35.95000076293945,1423600
2025-10-23,35.04808044433594,36.33000183105469,36.54999923706055,36.0,36.349998474121094,1519000
2025-10-24,36.20574188232422,37.529998779296875,37.81999969482422,36.56999969482422,36.79999923706055,3566100
2025-10-27,35.79090881347656,37.099998474121094,38.09000015258789,36.900001525878906,37.709999084472656,1624000
2025-10-28,36.52409744262695,37.86000061035156,38.11000061035156,36.97999954223633,37.099998474121094,1732600
2025-10-29,36.147857666015625,37.470001220703125,38.099998474121094,37.470001220703125,37.88999938964844,1397800
2025-10-30,36.29256057739258,37.619998931884766,37.66999816894531,37.04999923706055,37.470001220703125,971500
2025-10-31,36.45656967163086,37.790000915527344,37.790000915527344,37.279998779296875,37.70000076293945,2150000
2025-11-03,36.398685455322266,37.72999954223633,37.88999938964844,37.349998474121094,37.790000915527344,1955600
2025-11-04,36.398685455322266,37.72999954223633,37.790000915527344,37.0,37.369998931884766,1609700
2025-11-05,36.90998077392578,38.2599983215332,38.709999084472656,37.31999969482422,37.72999954223633,2767500
2025-11-06,36.91962814331055,38.27000045776367,38.83000183105469,38.029998779296875,38.560001373291016,1491700
2025-11-07,36.3600959777832,37.689998626708984,38.400001525878906,37.400001525878906,38.400001525878906,1814500
2025-11-10,36.340797424316406,37.66999816894531,37.900001525878906,37.5,37.790000915527344,698300
2025-11-11,36.55303955078125,37.88999938964844,38.540000915527344,37.52000045776367,37.58000183105469,1382000
2025-11-12,36.92927551269531,38.279998779296875,38.459999084472656,37.81999969482422,37.88999938964844,1033300
2025-11-13,37.23798370361328,38.599998474121094,38.61000061035156,38.0,38.34000015258789,973800
2025-11-14,37.961517333984375,39.349998474121094,39.45000076293945,38.58000183105469,38.59000015258789,2468000
2025-11-17,37.14151382446289,38.5,39.560001373291016,38.5,39.36000061035156,2148100
2025-11-18,36.73633575439453,38.08000183105469,38.63999938964844,38.08000183105469,38.56999969482422,979800
2025-11-19,36.76527404785156,38.11000061035156,38.18000030517578,37.58000183105469,38.099998474121094,1351300
2025-11-21,36.55303955078125,37.88999938964844,38.22999954223633,37.34000015258789,38.0099983215332,1481700
2025-11-24,36.85209655761719,38.20000076293945,38.689998626708984,37.790000915527344,37.88999938964844,1140400
2025-11-25,37.855403900146484,39.2400016784668,39.380001068115234,38.5099983215332,38.5099983215332,1205000
2025-11-26,38.14482116699219,39.540000915527344,40.54999923706055,39.2400016784668,39.2400016784668,2605500
2025-11-27,39.939186096191406,41.400001525878906,41.849998474121094,39.75,39.75,3220300
2025-11-28,40.161067962646484,41.630001068115234,41.630001068115234,40.560001373291016,41.439998626708984,2116900
2025-12-01,41.26084518432617,42.77000045776367,42.77000045776367,41.459999084472656,41.56999969482422,4334100
2025-12-02,42.07120895385742,43.61000061035156,43.93000030517578,42.75,43.0,3649000
2025-12-03,41.43449401855469,42.95000076293945,43.9900016784668,42.540000915527344,43.9900016784668,2079100
2025-12-04,41.376609802246094,42.88999938964844,43.54999923706055,42.43000030517578,42.959999084472656,2211300
2025-12-05,40.276832580566406,41.75,43.130001068115234,41.27000045776367,42.70000076293945,2157500
2025-12-08,41.887908935546875,43.41999816894531,44.11000061035156,41.79999923706055,41.79999923706055,3634000
2025-12-09,41.395904541015625,42.90999984741211,43.220001220703125,41.970001220703125,43.220001220703125,1553600
2025-12-10,41.84931945800781,43.380001068115234,43.810001373291016,42.709999084472656,42.90999984741211,8249900
2025-12-11,41.627437591552734,43.150001525878906,43.68000030517578,42.939998626708984,43.31999969482422,1005500
2025-12-12,42.138729095458984,43.68000030517578,44.29999923706055,42.939998626708984,43.31999969482422,1521600
2025-12-15,42.25449752807617,43.79999923706055,44.0,43.25,43.689998626708984,1059200
2025-12-16,41.058258056640625,42.560001373291016,43.93000030517578,42.4900016784668,43.790000915527344,2747500
2025-12-17,41.88606262207031,42.880001068115234,42.90999984741211,41.720001220703125,42.56999969482422,2044200
2025-12-18,41.91536331176758,42.90999984741211,43.58000183105469,41.5,43.529998779296875,3568600
2025-12-19,42.25725173950195,43.2599983215332,43.95000076293945,42.81999969482422,42.90999984741211,2066000
2025-12-22,42.179107666015625,43.18000030517578,43.5099983215332,42.459999084472656,43.31999969482422,1103400
2025-12-23,43.316001892089844,43.970001220703125,44.650001525878906,43.04999923706055,43.04999923706055,12120300
2025-12-26,42.61655807495117,43.2599983215332,44.38999938964844,43.09000015258789,44.18000030517578,1548600
2025-12-29,42.55745315551758,43.20000076293945,43.2400016784668,42.689998626708984,43.11000061035156,1220900
2025-12-30,43.26673889160156,43.91999816894531,43.91999816894531,43.119998931884766,43.29999923706055,3253100
2026-01-02,42.82343673706055,43.470001220703125,44.099998474121094,43.380001068115234,43.91999816894531,7089600
2026-01-05,41.90726852416992,42.540000915527344,43.650001525878906,42.27000045776367,43.630001068115234,4059700
2026-01-06,42.429386138916016,43.06999969482422,43.54999923706055,42.439998626708984,42.439998626708984,1160300
2026-01-07,42.06489181518555,42.70000076293945,43.06999969482422,42.27000045776367,43.06999969482422,1302400
2026-01-08,43.10912322998047,43.7599983215332,43.970001220703125,42.7400016784668,42.75,2472400
2026-01-09,43.650943756103516,44.310001373291016,44.630001068115234,43.66999816894531,43.7599983215332,1649500
2026-01-12,43.847965240478516,44.5099983215332,45.18000030517578,43.810001373291016,44.36000061035156,2178300
2026-01-13,43.3357048034668,43.9900016784668,45.150001525878906,43.81999969482422,44.61000061035156,2443200
2026-01-14,43.58198547363281,44.2400016784668,44.279998779296875,43.619998931884766,44.220001220703125,1286600
2026-01-15,43.48347091674805,44.13999938964844,44.849998474121094,44.0,44.47999954223633,2679600
2026-01-16,44.57695770263672,45.25,45.34000015258789,43.93000030517578,44.0099983215332,5176500
2026-01-19,44.34052658081055,45.0099983215332,45.599998474121094,44.70000076293945,45.439998626708984,1220400
2026-01-20,44.83309555053711,45.5099983215332,45.72999954223633,44.70000076293945,44.97999954223633,3821900
2026-01-21,46.19256591796875,46.88999938964844,47.09000015258789,45.720001220703125,45.84000015258789,3028700
2026-01-22,47.502784729003906,48.220001220703125,48.599998474121094,46.88999938964844,46.88999938964844,3216200
2026-01-23,48.31059265136719,49.040000915527344,49.40999984741211,45.5,48.209999084472656,6263900
2026-01-26,49.37452697753906,50.119998931884766,50.4900016784668,49.040000915527344,49.150001525878906,3402300
2026-01-27,50.261138916015625,51.02000045776367,52.0,50.43000030517578,50.43000030517578,2311100
2026-01-28,50.58622741699219,51.349998474121094,52.5,50.22999954223633,51.189998626708984,3360200
2026-01-29,49.69961929321289,50.45000076293945,51.97999954223633,49.18000030517578,51.689998626708984,4094000
2026-01-30,50.38920593261719,51.150001525878906,51.849998474121094,50.400001525878906,50.47999954223633,3213700
2026-02-02,51.600914001464844,52.380001068115234,53.75,50.9900016784668,52.400001525878906,3983600
2026-02-03,53.68937683105469,54.5,54.790000915527344,52.380001068115234,53.0,4081500
2026-02-04,52.67469787597656,53.470001220703125,54.880001068115234,52.599998474121094,54.45000076293945,2841900
2026-02-05,52.98008728027344,53.779998779296875,54.939998626708984,53.290000915527344,53.470001220703125,2688400
2026-02-06,53.04904556274414,53.849998474121094,54.29999923706055,53.380001068115234,53.849998474121094,1198100
2026-02-09,54.55629348754883,55.380001068115234,55.54999923706055,53.290000915527344,53.5,1914900
2026-02-10,54.940486907958984,55.77000045776367,55.900001525878906,54.84000015258789,55.310001373291016,2086100
2026-02-11,56.29011154174805,57.13999938964844,57.93000030517578,55.77000045776367,56.0,4149500
2026-02-12,55.6202278137207,56.459999084472656,58.04999923706055,56.08000183105469,57.060001373291016,2300600
2026-02-13,54.979896545410156,55.810001373291016,56.400001525878906,54.11000061035156,56.400001525878906,3059600
2026-02-18,56.112789154052734,56.959999084472656,57.56999969482422,55.81999969482422,55.81999969482422,2707600
2026-02-19,57.28508758544922,58.150001525878906,58.33000183105469,56.81999969482422,57.0099983215332,5059100
2026-02-20,57.826908111572266,58.70000076293945,58.77000045776367,56.88999938964844,57.72999954223633,2687200
2026-02-23,58.01408386230469,58.88999938964844,58.939998626708984,57.939998626708984,58.54999923706055,2103200
2026-02-24,56.36892318725586,57.220001220703125,59.33000183105469,56.779998779296875,58.91999816894531,4465500
2026-02-25,56.31966018676758,57.16999816894531,58.22999954223633,56.599998474121094,57.27000045776367,2701500
2026-02-26,54.81241989135742,55.63999938964844,57.7400016784668,54.31999969482422,57.5,5154700
2026-02-27,53.88640213012695,54.70000076293945,55.29999923706055,54.0,55.22999954223633,3331700
2026-03-02,54.516883850097656,55.34000015258789,55.34000015258789,53.599998474121094,54.22999954223633,2409900
2026-03-03,52.9406852722168,53.7400016784668,54.22999954223633,52.59000015258789,54.22999954223633,3794900
2026-03-04,53.6992301940918,54.5099983215332,54.93000030517578,53.369998931884766,54.0099983215332,2023100
2026-03-05,52.15258026123047,52.939998626708984,54.70000076293945,52.709999084472656,53.790000915527344,2447000
2026-03-06,51.3940315246582,52.16999816894531,53.060001373291016,51.689998626708984,52.70000076293945,2040200
2026-03-09,52.3514289855957,53.13999938964844,53.400001525878906,51.540000915527344,52.41999816894531,4169600
2026-03-10,52.87356185913086,53.66999816894531,54.290000915527344,53.0,53.4900016784668,2450900
2026-03-11,52.61742401123047,53.40999984741211,54.52000045776367,52.93000030517578,53.25,1810600
2026-03-12,51.238197326660156,52.0099983215332,52.77000045776367,51.75,52.68000030517578,2062800
2026-03-13,51.297306060791016,52.06999969482422,53.310001373291016,51.63999938964844,52.380001068115234,2147700
2026-03-16,52.52875900268555,53.31999969482422,53.68000030517578,51.970001220703125,52.61000061035156,3189300
2026-03-17,53.76020812988281,54.56999969482422,55.369998931884766,53.2599983215332,53.31999969482422,3926100
2026-03-18,53.39569854736328,54.20000076293945,55.189998626708984,54.16999816894531,54.68000030517578,3116900
2026-03-19,54.51878356933594,55.34000015258789,55.630001068115234,53.02000045776367,53.02000045776367,2981800
2026-03-20,52.656829833984375,53.45000076293945,55.599998474121094,53.400001525878906,55.369998931884766,7203800
2026-03-23,54.24293899536133,55.060001373291016,55.939998626708984,54.0,54.0,2854600
2026-03-24,54.370506286621094,54.720001220703125,54.720001220703125,53.04999923706055,54.40999984741211,1864900
2026-03-25,56.238494873046875,56.599998474121094,58.56999969482422,54.810001373291016,55.0,4676800
2026-03-26,55.45354461669922,55.810001373291016,56.119998931884766,54.72999954223633,55.95000076293945,2783900
2026-03-27,54.31088638305664,54.65999984741211,56.209999084472656,54.150001525878906,55.619998931884766,2013200
2026-03-30,55.60258102416992,55.959999084472656,56.36000061035156,54.70000076293945,54.91999816894531,2277500
2026-03-31,57.33147048950195,57.70000076293945,58.400001525878906,56.34000015258789,56.560001373291016,3178000
2026-04-01,57.222171783447266,57.59000015258789,57.970001220703125,56.61000061035156,57.689998626708984,3734100
2026-04-02,57.57987594604492,57.95000076293945,58.689998626708984,56.25,56.5099983215332,3584700
2026-04-06,57.132747650146484,57.5,58.15999984741211,57.04999923706055,58.0,1162500
2026-04-07,57.26191711425781,57.630001068115234,57.9900016784668,56.61000061035156,57.4900016784668,2647700
2026-04-08,57.71897888183594,58.09000015258789,59.310001373291016,57.5,59.0,4665500
2026-04-09,59.964542388916016,60.349998474121094,60.79999923706055,58.20000076293945,58.5,7116200
2026-04-10,58.61323165893555,58.9900016784668,61.0,58.529998779296875,60.689998626708984,5627700
2026-04-13,56.47696304321289,56.84000015258789,58.97999954223633,56.45000076293945,58.70000076293945,4858300
2026-04-14,57.34140396118164,57.709999084472656,58.0099983215332,56.54999923706055,56.88999938964844,3135400
2026-04-15,57.291725158691406,57.65999984741211,58.31999969482422,57.060001373291016,57.720001220703125,4055900
2026-04-16,57.03338623046875,57.400001525878906,58.08000183105469,56.31999969482422,57.88999938964844,4939600
2026-04-17,56.98370361328125,57.349998474121094,58.349998474121094,56.099998474121094,58.02000045776367,7590300
2026-04-20,57.65936279296875,58.029998779296875,58.599998474121094,57.029998779296875,57.5099983215332,3099200
2026-04-22,57.45070266723633,57.81999969482422,58.7400016784668,57.099998474121094,57.81999969482422,3198500
2026-04-23,56.18881607055664,56.54999923706055,58.47999954223633,56.349998474121094,57.900001525878906,5502700
2026-04-24,56.953895568847656,57.31999969482422,57.7599983215332,56.41999816894531,56.689998626708984,7945800
2026-04-27,55.65226364135742,56.0099983215332,57.400001525878906,56.0099983215332,57.400001525878906,2427900
2026-04-28,54.85737228393555,55.209999084472656,55.77000045776367,54.650001525878906,55.77000045776367,2095600
2026-04-29,53.45637893676758,53.79999923706055,55.18000030517578,53.7599983215332,54.470001220703125,3651800
2026-04-30,53.694847106933594,54.040000915527344,55.099998474121094,54.0099983215332,54.08000183105469,3385900
2026-05-04,54.08235549926758,54.43000030517578,54.88999938964844,53.869998931884766,54.0,3875800
2026-05-05,54.20158767700195,54.54999923706055,55.0,53.68000030517578,54.290000915527344,2969600
2026-05-06,54.897117614746094,55.25,55.58000183105469,54.72999954223633,54.9900016784668,2563700
2026-05-07,53.406700134277344,53.75,55.349998474121094,53.45000076293945,55.349998474121094,4904800
2026-05-08,54.092288970947266,54.439998626708984,55.25,53.61000061035156,54.029998779296875,3234500
2026-05-11,52.6614875793457,53.0,54.13999938964844,52.34000015258789,53.61000061035156,4921100
2026-05-12,52.6614875793457,53.0,53.83000183105469,52.630001068115234,52.900001525878906,4643000
2026-05-13,50.98228454589844,51.310001373291016,53.040000915527344,50.97999954223633,52.959999084472656,5338100
2026-05-14,51.91627883911133,52.25,52.31999969482422,51.11000061035156,51.349998474121094,4469200
2026-05-15,51.36979293823242,51.70000076293945,51.939998626708984,50.790000915527344,51.470001220703125,3169400
2026-05-18,53.158294677734375,53.5,54.36000061035156,51.4900016784668,51.5,6781300
2026-05-19,52.432960510253906,52.77000045776367,54.150001525878906,52.560001373291016,53.20000076293945,3947100
2026-05-20,52.462764739990234,52.79999923706055,53.650001525878906,52.290000915527344,52.790000915527344,6207700
2026-05-21,50.81336975097656,51.13999938964844,52.2599983215332,50.16999816894531,52.2599983215332,9114800
2026-05-22,51.956024169921875,52.290000915527344,52.43000030517578,50.650001525878906,50.849998474121094,3460000
2026-05-25,52.6614875793457,53.0,53.27000045776367,52.349998474121094,52.43000030517578,3870900
2026-05-26,52.91982650756836,53.2599983215332,53.709999084472656,52.79999923706055,53.349998474121094,5054800
2026-05-27,50.42586135864258,50.75,51.619998931884766,49.36000061035156,50.599998474121094,13919200
2026-05-28,52.601871490478516,52.939998626708984,53.209999084472656,49.900001525878906,49.95000076293945,8539800
2026-05-29,52.37334060668945,52.709999084472656,53.47999954223633,51.68000030517578,53.20000076293945,4421800
2026-06-01,51.866600036621094,52.20000076293945,52.810001373291016,51.66999816894531,52.650001525878906,2163400
2026-06-02,52.562129974365234,52.900001525878906,53.060001373291016,52.06999969482422,52.279998779296875,5296800
2026-06-03,59.61677932739258,60.0,60.0,52.29999923706055,52.689998626708984,9507900
2026-06-05,56.48689651489258,56.849998474121094,58.68000030517578,54.91999816894531,58.650001525878906,9098800
2026-06-08,56.82472610473633,57.189998626708984,57.619998931884766,56.18000030517578,56.650001525878906,3027900
2026-06-09,57.132747650146484,57.5,57.95000076293945,56.59000015258789,57.5,4925000
2026-06-10,57.828277587890625,58.20000076293945,58.540000915527344,57.09000015258789,57.18000030517578,3443600
2026-06-11,58.12636184692383,58.5,58.81999969482422,56.7400016784668,58.61000061035156,4284300
2026-06-12,57.03338623046875,57.400001525878906,58.34000015258789,55.540000915527344,57.400001525878906,15284500
2026-06-15,56.218624114990234,56.58000183105469,57.939998626708984,56.04999923706055,56.04999923706055,30935700
2026-06-16,55.831111907958984,56.189998626708984,56.95000076293945,56.0099983215332,56.33000183105469,10152500
2026-06-17,55.7913703918457,56.150001525878906,57.599998474121094,55.810001373291016,56.459999084472656,6805600
2026-06-18,57.18242645263672,57.54999923706055,58.59000015258789,56.38999938964844,56.75,7417500
2026-06-19,56.308048248291016,56.66999816894531,58.400001525878906,56.66999816894531,57.54999923706055,8255800
2026-06-22,58.941123962402344,59.31999969482422,59.529998779296875,56.540000915527344,56.849998474121094,7402400
2026-06-23,58.474124908447266,58.849998474121094,59.65999984741211,58.689998626708984,58.9900016784668,3203400
2026-06-24,58.279998779296875,58.279998779296875,58.560001373291016,57.36000061035156,58.470001220703125,8870700
2026-06-25,59.939998626708984,59.939998626708984,60.84000015258789,58.41999816894531,58.470001220703125,5632600
2026-06-26,60.15999984741211,60.15999984741211,60.650001525878906,59.29999923706055,59.869998931884766,3328400
