Price,Adj Close,Close,High,Low,Open,Volume
Ticker,USIM5.SA,USIM5.SA,USIM5.SA,USIM5.SA,USIM5.SA,USIM5.SA
Date,,,,,,
2021-06-28,15.383637428283691,18.93000030517578,19.280000686645508,18.56999969482422,18.940000534057617,13340600
2021-06-29,15.562419891357422,19.149999618530273,19.56999969482422,18.760000228881836,18.799999237060547,24172500
2021-06-30,15.521788597106934,19.100000381469727,19.329999923706055,18.829999923706055,19.100000381469727,16358700
2021-07-01,15.676193237304688,19.290000915527344,20.18000030517578,19.139999389648438,19.5,25527700
2021-07-02,15.871233940124512,19.530000686645508,19.700000762939453,19.25,19.399999618530273,10928200
2021-07-05,15.895610809326172,19.559999465942383,19.950000762939453,19.549999237060547,19.700000762939453,11073700
2021-07-06,15.830598831176758,19.479999542236328,19.690000534057617,19.09000015258789,19.5,12789900
2021-07-07,16.06627082824707,19.770000457763672,20.06999969482422,19.510000228881836,19.65999984741211,18122400
2021-07-08,15.903736114501953,19.56999969482422,19.75,18.940000534057617,19.34000015258789,18109300
2021-07-12,16.440093994140625,20.229999542236328,20.239999771118164,19.780000686645508,19.850000381469727,17763100
2021-07-13,16.659513473510742,20.5,20.6200008392334,20.1299991607666,20.229999542236328,15236300
2021-07-14,16.0825252532959,19.790000915527344,20.850000381469727,19.399999618530273,20.700000762939453,33063600
2021-07-15,16.058143615722656,19.760000228881836,20.299999237060547,19.579999923706055,19.889999389648438,18807100
2021-07-16,15.708700180053711,19.329999923706055,19.989999771118164,19.139999389648438,19.90999984741211,18999500
2021-07-19,15.521788597106934,19.100000381469727,19.100000381469727,18.520000457763672,18.889999389648438,14545800
2021-07-20,15.603055000305176,19.200000762939453,19.329999923706055,18.649999618530273,19.06999969482422,14565700
2021-07-21,15.993128776550293,19.68000030517578,19.75,19.010000228881836,19.09000015258789,14232600
2021-07-22,16.188169479370117,19.920000076293945,20.049999237060547,19.520000457763672,19.579999923706055,12219800
2021-07-23,16.415714263916016,20.200000762939453,20.440000534057617,19.920000076293945,19.920000076293945,17767900
2021-07-26,17.00082778930664,20.920000076293945,21.1200008392334,20.329999923706055,20.329999923706055,19118400
2021-07-27,16.440093994140625,20.229999542236328,20.829999923706055,20.100000381469727,20.809999465942383,16039500
2021-07-28,16.407588958740234,20.190000534057617,20.760000228881836,19.940000534057617,20.579999923706055,18642800
2021-07-29,16.935815811157227,20.84000015258789,20.979999542236328,20.139999389648438,20.270000457763672,22287800
2021-07-30,16.716398239135742,20.56999969482422,21.170000076293945,20.40999984741211,20.510000228881836,29767200
2021-08-02,16.60262680053711,20.43000030517578,21.020000457763672,20.309999465942383,20.920000076293945,15122000
2021-08-03,16.618877410888672,20.450000762939453,20.6200008392334,20.110000610351562,20.420000076293945,10802200
2021-08-04,17.38277816772461,21.389999389648438,21.5,20.3700008392334,20.3700008392334,42370300
2021-08-05,17.082094192504883,21.020000457763672,21.450000762939453,20.809999465942383,21.200000762939453,27692500
2021-08-06,17.545310974121094,21.59000015258789,21.729999542236328,21.040000915527344,21.200000762939453,12182600
2021-08-09,17.48842430114746,21.520000457763672,21.520000457763672,20.989999771118164,21.200000762939453,18410200
2021-08-10,17.959766387939453,22.100000381469727,22.1200008392334,21.420000076293945,21.43000030517578,16105600
2021-08-11,17.902881622314453,22.030000686645508,22.43000030517578,22.0,22.200000762939453,12516900
2021-08-12,17.65095329284668,21.719999313354492,22.200000762939453,21.719999313354492,21.969999313354492,9990100
2021-08-13,17.1877384185791,21.149999618530273,21.959999084472656,21.020000457763672,21.799999237060547,10864200
2021-08-16,16.27756118774414,20.030000686645508,20.8700008392334,20.0,20.8700008392334,25575400
2021-08-17,15.448648452758789,19.010000228881836,19.950000762939453,18.709999084472656,19.950000762939453,24844700
2021-08-18,14.717256546020508,18.110000610351562,18.8799991607666,18.040000915527344,18.649999618530273,30031700
2021-08-19,13.880217552185059,17.079999923706055,17.600000381469727,16.950000762939453,17.25,28832900
2021-08-20,13.89647102355957,17.100000381469727,17.81999969482422,16.850000381469727,17.049999237060547,26065300
2021-08-23,13.612039566040039,16.75,17.59000015258789,16.75,17.190000534057617,27050400
2021-08-24,14.57910442352295,17.940000534057617,18.030000686645508,17.420000076293945,17.5,28474400
2021-08-25,14.57910442352295,17.940000534057617,18.1299991607666,17.75,17.899999618530273,13655000
2021-08-26,14.075255393981934,17.31999969482422,17.93000030517578,17.299999237060547,17.93000030517578,14780100
2021-08-27,15.034193992614746,18.5,18.56999969482422,17.760000228881836,17.829999923706055,26538000
2021-08-30,15.147966384887695,18.639999389648438,18.850000381469727,18.510000228881836,18.809999465942383,19457500
2021-08-31,15.026066780090332,18.489999771118164,18.579999923706055,18.15999984741211,18.579999923706055,24223900
2021-09-01,14.685534477233887,17.0,17.280000686645508,16.65999984741211,17.1200008392334,28233400
2021-09-02,14.020365715026855,16.229999542236328,17.309999465942383,16.18000030517578,17.010000228881836,34201500
2021-09-03,14.063559532165527,16.280000686645508,16.799999237060547,16.1299991607666,16.65999984741211,22083600
2021-09-06,14.288161277770996,16.540000915527344,16.68000030517578,15.829999923706055,15.90999984741211,11386000
2021-09-08,13.467499732971191,15.59000015258789,16.40999984741211,15.350000381469727,16.350000381469727,29397100
2021-09-09,13.53660774230957,15.670000076293945,16.100000381469727,15.140000343322754,15.609999656677246,27066700
2021-09-10,13.22562026977539,15.3100004196167,16.25,15.3100004196167,15.979999542236328,22387100
2021-09-13,13.761209487915039,15.930000305175781,16.010000228881836,15.399999618530273,15.460000038146973,22413100
2021-09-14,13.545245170593262,15.680000305175781,16.09000015258789,15.520000457763672,15.890000343322754,20735600
2021-09-15,13.42430591583252,15.539999961853027,15.920000076293945,15.420000076293945,15.5,40652600
2021-09-16,12.698667526245117,14.699999809265137,15.359999656677246,14.640000343322754,15.359999656677246,21565500
2021-09-17,12.024860382080078,13.920000076293945,14.510000228881836,13.819999694824219,14.34000015258789,31966800
2021-09-20,11.852089881896973,13.720000267028809,13.75,13.100000381469727,13.109999656677246,31636200
2021-09-21,12.111247062683105,14.020000457763672,14.100000381469727,13.210000038146973,14.079999923706055,30039500
2021-09-22,13.165149688720703,15.239999771118164,15.569999694824219,14.869999885559082,15.020000457763672,45874900
2021-09-23,14.383184432983398,16.649999618530273,16.719999313354492,15.140000343322754,15.289999961853027,60010700
2021-09-24,14.072197914123535,16.290000915527344,16.59000015258789,16.059999465942383,16.360000610351562,23281100
2021-09-27,13.778486251831055,15.949999809265137,16.299999237060547,15.6899995803833,16.139999389648438,25857800
2021-09-28,12.77641487121582,14.789999961853027,15.899999618530273,14.619999885559082,15.550000190734863,26922900
2021-09-29,13.562521934509277,15.699999809265137,15.75,15.0,15.050000190734863,28560300
2021-09-30,13.92534351348877,16.1200008392334,16.540000915527344,16.030000686645508,16.049999237060547,31526600
2021-10-01,14.573234558105469,16.8700008392334,17.0,16.030000686645508,16.15999984741211,29353200
2021-10-04,13.813040733337402,15.989999771118164,16.920000076293945,15.970000267028809,16.8799991607666,32464000
2021-10-05,13.761209487915039,15.930000305175781,16.389999389648438,15.75,16.079999923706055,16736000
2021-10-06,13.631630897521973,15.779999732971191,15.899999618530273,15.15999984741211,15.569999694824219,30390200
2021-10-07,13.622992515563965,15.770000457763672,16.3700008392334,15.699999809265137,16.010000228881836,24739400
2021-10-08,14.296797752380371,16.549999237060547,16.940000534057617,16.06999969482422,16.100000381469727,27037300
2021-10-11,14.279522895812988,16.530000686645508,17.3700008392334,16.489999771118164,16.959999084472656,21410200
2021-10-13,14.089473724365234,16.309999465942383,16.709999084472656,16.020000457763672,16.239999771118164,18375800
2021-10-14,14.072197914123535,16.290000915527344,16.860000610351562,16.239999771118164,16.579999923706055,17988800
2021-10-15,14.322715759277344,16.579999923706055,16.760000228881836,16.219999313354492,16.329999923706055,12247200
2021-10-18,13.890787124633789,16.079999923706055,16.350000381469727,15.84000015258789,16.34000015258789,24643900
2021-10-19,13.467499732971191,15.59000015258789,16.280000686645508,15.300000190734863,15.979999542236328,23663200
2021-10-20,12.966463088989258,15.010000228881836,15.680000305175781,14.850000381469727,15.680000305175781,36340900
2021-10-21,12.232186317443848,14.15999984741211,14.609999656677246,13.770000457763672,14.489999771118164,34002600
2021-10-22,12.396319389343262,14.350000381469727,14.600000381469727,13.770000457763672,14.050000190734863,36461100
2021-10-25,12.681390762329102,14.680000305175781,14.829999923706055,14.5,14.510000228881836,15717800
2021-10-26,12.284017562866211,14.220000267028809,14.789999961853027,14.119999885559082,14.579999923706055,23863600
2021-10-27,12.258101463317871,14.1899995803833,14.779999732971191,14.039999961853027,14.369999885559082,23509600
2021-10-28,12.37904167175293,14.329999923706055,14.520000457763672,13.970000267028809,14.119999885559082,18784100
2021-10-29,11.446078300476074,13.25,14.039999961853027,13.130000114440918,14.039999961853027,34896700
2021-11-01,11.316500663757324,13.100000381469727,13.449999809265137,12.90999984741211,13.380000114440918,20695600
2021-11-03,10.68588638305664,12.369999885559082,13.010000228881836,12.319999694824219,12.90999984741211,35749200
2021-11-04,10.62541675567627,12.300000190734863,12.760000228881836,12.229999542236328,12.300000190734863,18897400
2021-11-05,10.409452438354492,12.050000190734863,12.5600004196167,11.850000381469727,12.5,22705400
2021-11-08,10.884572982788086,12.600000381469727,12.720000267028809,11.899999618530273,12.079999923706055,24405100
2021-11-09,11.02278995513916,12.760000228881836,12.989999771118164,12.3100004196167,12.449999809265137,21040400
2021-11-10,10.945042610168457,12.670000076293945,12.880000114440918,12.40999984741211,12.489999771118164,21052200
2021-11-11,11.627488136291504,13.460000038146973,13.729999542236328,13.15999984741211,13.1899995803833,26859200
2021-11-12,11.662041664123535,13.5,14.0600004196167,13.329999923706055,13.329999923706055,24352900
2021-11-16,11.325139045715332,13.109999656677246,13.609999656677246,12.770000457763672,13.609999656677246,18759800
2021-11-17,11.065982818603516,12.8100004196167,13.489999771118164,12.720000267028809,13.300000190734863,18261100
2021-11-18,10.435367584228516,12.079999923706055,12.699999809265137,11.970000267028809,12.59000015258789,27993300
2021-11-19,10.582222938537598,12.25,12.59000015258789,12.149999618530273,12.300000190734863,25978000
2021-11-22,10.893210411071777,12.609999656677246,12.880000114440918,12.34000015258789,12.65999984741211,30122900
2021-11-23,11.411524772644043,13.210000038146973,13.779999732971191,12.970000267028809,13.199999809265137,30982000
2021-11-24,11.808897972106934,13.670000076293945,14.020000457763672,13.25,13.359999656677246,33807000
2021-11-25,11.938475608825684,13.819999694824219,13.880000114440918,13.460000038146973,13.680000305175781,14005100
2021-11-26,11.15236759185791,12.90999984741211,13.449999809265137,12.699999809265137,13.369999885559082,26111400
2021-11-29,11.834813117980957,13.699999809265137,13.850000381469727,13.359999656677246,13.5,29746700
2021-11-30,11.739789962768555,13.59000015258789,14.130000114440918,13.279999732971191,13.630000114440918,29584500
2021-12-01,11.60157299041748,13.430000305175781,14.34000015258789,13.350000381469727,13.960000038146973,22823200
2021-12-02,12.46542739868164,14.430000305175781,14.430000305175781,13.449999809265137,13.510000228881836,31639700
2021-12-03,12.292655944824219,14.229999542236328,14.729999542236328,13.880000114440918,14.329999923706055,23542300
2021-12-06,12.767776489257812,14.779999732971191,14.819999694824219,14.149999618530273,14.529999732971191,20378100
2021-12-07,12.888715744018555,14.920000076293945,15.510000228881836,14.850000381469727,15.359999656677246,25106000
2021-12-08,13.001017570495605,15.050000190734863,15.329999923706055,14.800000190734863,15.050000190734863,12410000
2021-12-09,12.90599250793457,14.9399995803833,14.979999542236328,14.420000076293945,14.800000190734863,14502500
2021-12-10,13.139233589172363,15.210000038146973,15.670000076293945,15.050000190734863,15.079999923706055,15354300
2021-12-13,13.294727325439453,15.390000343322754,15.819999694824219,15.229999542236328,15.479999542236328,16274300
2021-12-14,13.22562026977539,15.3100004196167,15.789999961853027,15.079999923706055,15.520000457763672,17595700
2021-12-15,13.337920188903809,15.4399995803833,15.539999961853027,14.970000267028809,15.350000381469727,15820500
2021-12-16,13.777897834777832,15.75,15.890000343322754,15.329999923706055,15.640000343322754,21533400
2021-12-17,13.594191551208496,15.539999961853027,15.770000457763672,15.359999656677246,15.630000114440918,13989400
2021-12-20,12.833127975463867,14.670000076293945,15.260000228881836,14.5600004196167,15.220000267028809,19969800
2021-12-21,13.226780891418457,15.119999885559082,15.229999542236328,14.850000381469727,14.899999618530273,12064200
2021-12-22,13.034327507019043,14.899999618530273,15.210000038146973,14.5600004196167,15.020000457763672,15639600
2021-12-23,12.999337196350098,14.859999656677246,14.899999618530273,14.640000343322754,14.899999618530273,10681800
2021-12-27,13.156798362731934,15.039999961853027,15.100000381469727,14.710000038146973,14.720000267028809,10504500
2021-12-28,12.90311050415039,14.75,15.010000228881836,14.579999923706055,15.010000228881836,13201600
2021-12-29,12.946849822998047,14.800000190734863,14.960000038146973,14.649999618530273,14.75,10525500
2021-12-30,13.261772155761719,15.15999984741211,15.300000190734863,14.880000114440918,14.979999542236328,12815100
2022-01-03,13.095563888549805,14.970000267028809,15.729999542236328,14.949999809265137,15.260000228881836,15351200
2022-01-04,12.990589141845703,14.850000381469727,15.149999618530273,14.65999984741211,15.109999656677246,17988500
2022-01-05,12.238271713256836,13.989999771118164,14.920000076293945,13.960000038146973,14.880000114440918,25366100
2022-01-06,12.255767822265625,14.010000228881836,14.4399995803833,13.850000381469727,14.149999618530273,25986600
2022-01-07,12.841875076293945,14.680000305175781,14.6899995803833,13.9399995803833,14.050000190734863,18595700
2022-01-10,13.454225540161133,15.380000114440918,15.399999618530273,14.210000038146973,14.319999694824219,31966500
2022-01-11,14.267777442932129,16.309999465942383,16.34000015258789,15.8100004196167,15.9399995803833,40806900
2022-01-12,14.381501197814941,16.440000534057617,16.90999984741211,16.34000015258789,16.510000228881836,29651600
2022-01-13,14.320265769958496,16.3700008392334,16.549999237060547,16.049999237060547,16.200000762939453,16064500
2022-01-14,14.390249252319336,16.450000762939453,16.59000015258789,16.139999389648438,16.25,12863500
2022-01-17,14.197794914245605,16.229999542236328,16.389999389648438,15.949999809265137,16.299999237060547,10543100
2022-01-18,14.468979835510254,16.540000915527344,16.579999923706055,16.1200008392334,16.18000030517578,16794100
2022-01-19,14.652684211730957,16.75,17.110000610351562,16.6299991607666,16.899999618530273,19208000
2022-01-20,14.495222091674805,16.56999969482422,16.969999313354492,16.520000457763672,16.829999923706055,13818200
2022-01-21,13.874124526977539,15.859999656677246,16.540000915527344,15.770000457763672,16.43000030517578,21170100
2022-01-24,14.20654296875,16.239999771118164,16.329999923706055,15.34000015258789,15.720000267028809,26739400
2022-01-25,14.13655948638916,16.15999984741211,16.479999542236328,15.829999923706055,16.18000030517578,19566800
2022-01-26,14.294022560119629,16.34000015258789,16.709999084472656,15.770000457763672,16.329999923706055,35743200
2022-01-27,14.224038124084473,16.260000228881836,16.6299991607666,16.049999237060547,16.549999237060547,21143600
2022-01-28,14.005342483520508,16.010000228881836,16.6299991607666,15.8100004196167,16.5,22540700
2022-01-31,13.970351219177246,15.970000267028809,16.209999084472656,15.699999809265137,15.960000038146973,20074700
2022-02-01,14.512718200683594,16.59000015258789,16.68000030517578,15.850000381469727,16.020000457763672,22618500
2022-02-02,14.547710418701172,16.6299991607666,16.770000457763672,16.420000076293945,16.59000015258789,13505200
2022-02-03,14.171551704406738,16.200000762939453,16.81999969482422,16.09000015258789,16.709999084472656,20575800
2022-02-04,14.276525497436523,16.31999969482422,16.3799991607666,15.960000038146973,16.149999618530273,14148800
2022-02-07,14.740163803100586,16.850000381469727,16.989999771118164,16.5,16.549999237060547,21626800
2022-02-08,14.705171585083008,16.809999465942383,16.93000030517578,16.579999923706055,16.860000610351562,14037400
2022-02-09,14.827641487121582,16.950000762939453,17.06999969482422,16.5,16.59000015258789,14784800
2022-02-10,14.678929328918457,16.780000686645508,17.559999465942383,16.68000030517578,17.100000381469727,25220700
2022-02-11,13.585444450378418,15.529999732971191,16.809999465942383,15.5,16.760000228881836,66203500
2022-02-14,13.716663360595703,15.680000305175781,15.899999618530273,15.3100004196167,15.449999809265137,23686600
2022-02-15,13.637930870056152,15.59000015258789,15.59000015258789,15.130000114440918,15.300000190734863,28728900
2022-02-16,13.55045223236084,15.489999771118164,15.890000343322754,15.359999656677246,15.59000015258789,20383200
2022-02-17,12.999337196350098,14.859999656677246,15.470000267028809,14.770000457763672,15.399999618530273,29080100
2022-02-18,12.90311050415039,14.75,15.09000015258789,14.699999809265137,15.029999732971191,15213600
2022-02-21,12.66691780090332,14.479999542236328,14.989999771118164,14.470000267028809,14.930000305175781,15904900
2022-02-22,12.876866340637207,14.720000267028809,14.8100004196167,14.520000457763672,14.619999885559082,13328000
2022-02-23,12.474465370178223,14.260000228881836,14.859999656677246,14.15999984741211,14.800000190734863,17841300
2022-02-24,12.465717315673828,14.25,14.329999923706055,13.449999809265137,13.449999809265137,17881200
2022-02-25,12.868118286132812,14.710000038146973,14.710000038146973,13.989999771118164,14.069999694824219,18574000
2022-03-02,13.445477485656738,15.369999885559082,15.59000015258789,14.979999542236328,15.5,22949900
2022-03-03,13.935359001159668,15.930000305175781,16.110000610351562,15.520000457763672,15.520000457763672,26215000
2022-03-04,13.847880363464355,15.829999923706055,15.930000305175781,15.420000076293945,15.739999771118164,25216700
2022-03-07,13.392991065979004,15.3100004196167,16.18000030517578,15.25,16.040000915527344,19406900
2022-03-08,13.253024101257324,15.149999618530273,15.619999885559082,15.010000228881836,15.460000038146973,13211600
2022-03-09,13.305511474609375,15.210000038146973,15.260000228881836,14.739999771118164,14.979999542236328,15325900
2022-03-10,13.471721649169922,15.399999618530273,15.40999984741211,15.020000457763672,15.15999984741211,10774500
2022-03-11,12.894362449645996,14.739999771118164,15.569999694824219,14.729999542236328,15.520000457763672,12826800
2022-03-14,12.220776557922363,13.970000267028809,14.680000305175781,13.920000076293945,14.390000343322754,19675400
2022-03-15,11.695904731750488,13.369999885559082,13.770000457763672,13.180000305175781,13.640000343322754,28948200
2022-03-16,11.949592590332031,13.65999984741211,13.989999771118164,13.420000076293945,13.859999656677246,22055200
2022-03-17,12.50070858001709,14.289999961853027,14.4399995803833,13.800000190734863,13.800000190734863,19023300
2022-03-18,12.771892547607422,14.600000381469727,14.670000076293945,14.1899995803833,14.25,19953700
2022-03-21,12.815630912780762,14.649999618530273,14.970000267028809,14.630000114440918,14.720000267028809,10296300
2022-03-22,12.693161964416504,14.510000228881836,14.8100004196167,14.260000228881836,14.6899995803833,15965800
2022-03-23,12.50070858001709,14.289999961853027,14.779999732971191,14.220000267028809,14.579999923706055,19424900
2022-03-24,12.579439163208008,14.380000114440918,14.470000267028809,14.100000381469727,14.350000381469727,15796500
2022-03-25,12.185785293579102,13.930000305175781,14.529999732971191,13.890000343322754,14.470000267028809,18502700
2022-03-28,12.255767822265625,14.010000228881836,14.279999732971191,13.859999656677246,14.170000076293945,14577500
2022-03-29,12.456968307495117,14.239999771118164,14.380000114440918,13.9399995803833,14.100000381469727,21415300
2022-03-30,12.55319595336914,14.350000381469727,14.5,14.140000343322754,14.359999656677246,11872900
2022-03-31,12.220776557922363,13.970000267028809,14.430000305175781,13.930000305175781,14.380000114440918,17809500
2022-04-01,12.045819282531738,13.770000457763672,14.149999618530273,13.6899995803833,14.0600004196167,20373600
2022-04-04,12.282011985778809,14.039999961853027,14.199999809265137,13.75,13.819999694824219,19272700
2022-04-05,11.984583854675293,13.699999809265137,14.140000343322754,13.630000114440918,14.039999961853027,16313900
2022-04-06,11.862113952636719,13.5600004196167,13.65999984741211,13.260000228881836,13.649999618530273,15776100
2022-04-07,11.84461784362793,13.539999961853027,13.619999885559082,13.279999732971191,13.350000381469727,12720400
2022-04-08,11.415971755981445,13.050000190734863,13.520000457763672,13.020000457763672,13.489999771118164,24661600
2022-04-11,11.328493118286133,12.949999809265137,13.119999885559082,12.760000228881836,12.9399995803833,24495800
2022-04-12,11.398475646972656,13.029999732971191,13.279999732971191,12.930000305175781,13.09000015258789,13994700
2022-04-13,11.354736328125,12.979999542236328,13.170000076293945,12.949999809265137,13.029999732971191,16308500
2022-04-14,11.302249908447266,12.920000076293945,13.1899995803833,12.850000381469727,12.930000305175781,14559600
2022-04-18,11.24101448059082,12.850000381469727,12.9399995803833,12.710000038146973,12.869999885559082,11433200
2022-04-19,11.459712028503418,13.100000381469727,13.180000305175781,12.619999885559082,12.760000228881836,17113200
2022-04-20,10.733638763427734,12.270000457763672,13.0,12.119999885559082,12.979999542236328,50006200
2022-04-22,10.444958686828613,11.9399995803833,12.180000305175781,11.819999694824219,11.989999771118164,13727300
2022-04-25,10.646159172058105,12.170000076293945,12.3100004196167,11.550000190734863,11.5600004196167,16968900
2022-04-26,10.208765983581543,11.670000076293945,12.15999984741211,11.609999656677246,12.130000114440918,15056300
2022-04-27,10.322487831115723,11.800000190734863,12.170000076293945,11.779999732971191,11.989999771118164,21307900
2022-04-28,10.742384910583496,12.279999732971191,12.399999618530273,11.850000381469727,11.9399995803833,19765700
2022-04-29,10.428093910217285,11.3100004196167,12.039999961853027,11.300000190734863,12.010000228881836,17959200
2022-05-02,10.32667064666748,11.199999809265137,11.529999732971191,11.010000228881836,11.25,15265200
2022-05-03,10.428093910217285,11.3100004196167,11.470000267028809,11.149999618530273,11.15999984741211,10895500
2022-05-04,10.61249828338623,11.510000228881836,11.569999694824219,11.010000228881836,11.260000228881836,13818200
2022-05-05,10.225248336791992,11.09000015258789,11.510000228881836,10.859999656677246,11.489999771118164,13856700
2022-05-06,10.114605903625488,10.970000267028809,11.149999618530273,10.699999809265137,11.010000228881836,12141800
2022-05-09,9.930201530456543,10.770000457763672,10.949999809265137,10.579999923706055,10.789999961853027,13024900
2022-05-10,9.257122993469238,10.039999961853027,10.869999885559082,9.680000305175781,10.850000381469727,61421300
2022-05-11,9.552169799804688,10.359999656677246,10.720000267028809,10.210000038146973,10.270000457763672,33273300
2022-05-12,9.38620662689209,10.180000305175781,10.319999694824219,9.930000305175781,10.180000305175781,19086000
2022-05-13,9.708914756774902,10.529999732971191,10.670000076293945,10.300000190734863,10.300000190734863,17018200
2022-05-16,9.708914756774902,10.529999732971191,10.529999732971191,10.529999732971191,10.529999732971191,0
2022-05-17,9.967082023620605,10.8100004196167,11.039999961853027,10.8100004196167,11.020000457763672,16757500
2022-05-18,9.570611953735352,10.380000114440918,10.760000228881836,10.34000015258789,10.65999984741211,13484800
2022-05-19,10.059283256530762,10.90999984741211,11.010000228881836,10.3100004196167,10.329999923706055,18497200
2022-05-20,10.18836784362793,11.050000190734863,11.279999732971191,10.960000038146973,11.170000076293945,13249800
2022-05-23,10.55717658996582,11.449999809265137,11.5,11.199999809265137,11.199999809265137,14558800
2022-05-24,10.547956466674805,11.4399995803833,11.479999542236328,11.140000343322754,11.260000228881836,17898200
2022-05-25,10.713920593261719,11.619999885559082,11.720000267028809,11.289999961853027,11.420000076293945,16025900
2022-05-26,10.538737297058105,11.430000305175781,11.90999984741211,11.279999732971191,11.640000343322754,25075000
2022-05-27,10.391213417053223,11.270000457763672,11.630000114440918,11.239999771118164,11.489999771118164,15129200
2022-05-30,10.096165657043457,10.949999809265137,11.430000305175781,10.829999923706055,11.399999618530273,16420800
2022-05-31,10.105384826660156,10.960000038146973,11.130000114440918,10.899999618530273,11.0,11135800
2022-06-01,10.381993293762207,11.260000228881836,11.350000381469727,10.970000267028809,10.979999542236328,12565200
2022-06-02,10.925987243652344,11.850000381469727,11.9399995803833,11.359999656677246,11.399999618530273,21717700
2022-06-03,10.760022163391113,11.670000076293945,11.880000114440918,11.539999961853027,11.850000381469727,13260400
2022-06-06,10.529516220092773,11.420000076293945,11.800000190734863,11.239999771118164,11.720000267028809,14350200
2022-06-07,10.243688583374023,11.109999656677246,11.430000305175781,11.069999694824219,11.279999732971191,19707200
2022-06-08,9.801116943359375,10.630000114440918,11.050000190734863,10.579999923706055,10.890000343322754,17295300
2022-06-09,9.33088493347168,10.119999885559082,10.550000190734863,10.069999694824219,10.539999961853027,26919500
2022-06-10,9.321664810180664,10.109999656677246,10.220000267028809,9.779999732971191,9.899999618530273,25554400
2022-06-13,8.869873046875,9.619999885559082,9.789999961853027,9.329999923706055,9.720000267028809,21080300
2022-06-14,8.639366149902344,9.369999885559082,9.720000267028809,9.270000457763672,9.699999809265137,18890300
2022-06-15,8.602485656738281,9.329999923706055,9.670000076293945,9.279999732971191,9.479999542236328,20282900
2022-06-17,8.086153030395508,8.770000457763672,9.09000015258789,8.579999923706055,9.09000015258789,25871500
2022-06-20,8.307438850402832,9.010000228881836,9.029999732971191,8.420000076293945,8.460000038146973,19352400
2022-06-21,8.35353946685791,9.0600004196167,9.220000267028809,8.880000114440918,9.130000114440918,17639400
2022-06-22,8.335098266601562,9.039999961853027,9.170000076293945,8.579999923706055,8.8100004196167,20047600
2022-06-23,8.030830383300781,8.710000038146973,9.229999542236328,8.609999656677246,9.15999984741211,25829900
2022-06-24,8.270557403564453,8.970000267028809,9.050000190734863,8.670000076293945,8.829999923706055,14242100
2022-06-27,8.52872371673584,9.25,9.40999984741211,9.020000457763672,9.15999984741211,14354900
2022-06-28,8.40886116027832,9.119999885559082,9.479999542236328,9.039999961853027,9.4399995803833,16475900
2022-06-29,8.307438850402832,9.010000228881836,9.170000076293945,8.880000114440918,9.119999885559082,15818800
2022-06-30,7.975508689880371,8.649999618530273,8.859999656677246,8.59000015258789,8.8100004196167,15488400
2022-07-01,7.883306980133057,8.550000190734863,8.640000343322754,8.329999923706055,8.529999732971191,18759500
2022-07-04,7.846426486968994,8.510000228881836,8.609999656677246,8.369999885559082,8.460000038146973,9723300
2022-07-05,7.883306980133057,8.550000190734863,8.619999885559082,8.229999542236328,8.430000305175781,20070000
2022-07-06,7.993949890136719,8.670000076293945,8.710000038146973,8.430000305175781,8.600000381469727,15961500
2022-07-07,8.178354263305664,8.869999885559082,9.199999809265137,8.859999656677246,8.90999984741211,17296600
2022-07-08,7.938628196716309,8.609999656677246,9.010000228881836,8.609999656677246,8.869999885559082,14510000
2022-07-11,7.735783576965332,8.390000343322754,8.5600004196167,8.279999732971191,8.380000114440918,15026300
2022-07-12,7.680461406707764,8.329999923706055,8.489999771118164,8.210000038146973,8.300000190734863,22344900
2022-07-13,7.698902130126953,8.350000381469727,8.5,8.229999542236328,8.279999732971191,15597600
2022-07-14,7.422295093536377,8.050000190734863,8.210000038146973,8.039999961853027,8.1899995803833,19098700
2022-07-15,7.726562976837158,8.380000114440918,8.449999809265137,7.929999828338623,8.069999694824219,27624800
2022-07-18,7.809545040130615,8.470000267028809,8.59000015258789,8.350000381469727,8.550000190734863,19931200
2022-07-19,8.06771183013916,8.75,8.800000190734863,8.4399995803833,8.470000267028809,17849700
2022-07-20,8.288997650146484,8.989999771118164,8.989999771118164,8.579999923706055,8.670000076293945,14950300
2022-07-21,8.344319343566895,9.050000190734863,9.130000114440918,8.850000381469727,8.869999885559082,11189400
2022-07-22,8.215235710144043,8.90999984741211,9.300000190734863,8.890000343322754,9.140000343322754,16354300
2022-07-25,8.279776573181152,8.979999542236328,9.119999885559082,8.9399995803833,9.100000381469727,10856400
2022-07-26,8.104593276977539,8.789999961853027,9.039999961853027,8.729999542236328,9.029999732971191,10912700
2022-07-27,8.187575340270996,8.880000114440918,8.930000305175781,8.710000038146973,8.8100004196167,11719500
2022-07-28,8.335098266601562,9.039999961853027,9.199999809265137,8.920000076293945,8.930000305175781,16729100
2022-07-29,7.938628196716309,8.609999656677246,9.170000076293945,8.569999694824219,9.100000381469727,25038800
2022-08-01,7.560598373413086,8.199999809265137,8.630000114440918,8.170000076293945,8.630000114440918,23557400
2022-08-02,7.781883716583252,8.4399995803833,8.5,8.069999694824219,8.210000038146973,19644900
2022-08-03,7.781883716583252,8.4399995803833,8.460000038146973,8.210000038146973,8.4399995803833,19333200
2022-08-04,8.224455833435059,8.920000076293945,8.989999771118164,8.300000190734863,8.430000305175781,23022800
2022-08-05,8.076931953430176,8.760000228881836,9.0600004196167,8.710000038146973,8.899999618530273,13263000
2022-08-08,8.104593276977539,8.789999961853027,8.9399995803833,8.6899995803833,8.850000381469727,12924800
2022-08-09,8.270557403564453,8.970000267028809,8.979999542236328,8.710000038146973,8.789999961853027,10354600
2022-08-10,8.399640083312988,9.109999656677246,9.15999984741211,8.899999618530273,9.0600004196167,13612100
2022-08-11,8.620926856994629,9.350000381469727,9.569999694824219,9.130000114440918,9.210000038146973,22278000
2022-08-12,8.768450736999512,9.510000228881836,9.520000457763672,9.300000190734863,9.34000015258789,10410200
2022-08-15,8.556385040283203,9.279999732971191,9.420000076293945,9.079999923706055,9.329999923706055,20804400
2022-08-16,8.52872371673584,9.25,9.520000457763672,9.170000076293945,9.260000228881836,13999700
2022-08-17,8.639366149902344,9.369999885559082,9.40999984741211,9.079999923706055,9.15999984741211,14535900
2022-08-18,8.47340202331543,9.1899995803833,9.520000457763672,9.140000343322754,9.390000343322754,15841800
2022-08-19,8.344319343566895,9.050000190734863,9.079999923706055,8.859999656677246,9.079999923706055,19242400
2022-08-22,8.15991497039795,8.850000381469727,9.069999694824219,8.84000015258789,8.920000076293945,14092500
2022-08-23,8.952855110168457,9.710000038146973,9.710000038146973,8.880000114440918,8.920000076293945,26358900
2022-08-24,8.630146026611328,9.359999656677246,9.770000457763672,9.260000228881836,9.65999984741211,23495700
2022-08-25,8.565605163574219,9.289999961853027,9.529999732971191,9.229999542236328,9.460000038146973,16225900
2022-08-26,7.993949890136719,8.670000076293945,8.979999542236328,8.65999984741211,8.800000190734863,54671300
2022-08-29,7.579039096832275,8.220000267028809,8.630000114440918,8.220000267028809,8.520000457763672,33882600
2022-08-30,7.422295093536377,8.050000190734863,8.420000076293945,8.050000190734863,8.1899995803833,23694500
2022-08-31,7.394634246826172,8.020000457763672,8.199999809265137,8.010000228881836,8.109999656677246,18584600
2022-09-01,7.523717403411865,8.15999984741211,8.180000305175781,7.880000114440918,7.989999771118164,23439900
2022-09-02,7.62514066696167,8.270000457763672,8.470000267028809,8.130000114440918,8.210000038146973,32424500
2022-09-05,7.680461406707764,8.329999923706055,8.579999923706055,8.300000190734863,8.380000114440918,13794500
2022-09-06,7.4868364334106445,8.119999885559082,8.34000015258789,8.069999694824219,8.260000228881836,11683100
2022-09-08,7.459176063537598,8.09000015258789,8.220000267028809,8.0,8.199999809265137,26036400
2022-09-09,7.7450032234191895,8.399999618530273,8.470000267028809,8.199999809265137,8.199999809265137,24525700
2022-09-12,7.874086380004883,8.539999961853027,8.729999542236328,8.420000076293945,8.5,18655500
2022-09-13,7.551377773284912,8.1899995803833,8.5,8.149999618530273,8.40999984741211,19934300
2022-09-14,7.311652183532715,7.929999828338623,8.260000228881836,7.929999828338623,8.149999618530273,29841100
2022-09-15,7.173348426818848,7.78000020980835,8.010000228881836,7.75,7.980000019073486,24692100
2022-09-16,7.05348539352417,7.650000095367432,7.75,7.579999923706055,7.699999809265137,35498700
2022-09-19,7.422295093536377,8.050000190734863,8.09000015258789,7.570000171661377,7.610000133514404,36644700
2022-09-20,7.219449520111084,7.829999923706055,8.050000190734863,7.800000190734863,7.96999979019165,18537400
2022-09-21,7.127247333526611,7.730000019073486,7.909999847412109,7.71999979019165,7.829999923706055,22597000
2022-09-22,7.182568550109863,7.789999961853027,8.020000457763672,7.739999771118164,7.909999847412109,33141300
2022-09-23,7.016604423522949,7.610000133514404,7.670000076293945,7.53000020980835,7.659999847412109,19835800
2022-09-26,6.6938958168029785,7.260000228881836,7.559999942779541,7.260000228881836,7.550000190734863,21414100
2022-09-27,6.638574123382568,7.199999809265137,7.420000076293945,7.179999828338623,7.349999904632568,15546100
2022-09-28,6.629354000091553,7.190000057220459,7.289999961853027,7.130000114440918,7.210000038146973,13830900
2022-09-29,6.454169273376465,7.0,7.179999828338623,6.889999866485596,7.099999904632568,25056000
2022-09-30,6.933621883392334,7.519999980926514,7.630000114440918,6.940000057220459,7.019999980926514,27919400
2022-10-03,7.1180267333984375,7.71999979019165,7.800000190734863,7.639999866485596,7.78000020980835,16308300
2022-10-04,7.28399133682251,7.900000095367432,8.109999656677246,7.739999771118164,7.849999904632568,30639500
2022-10-05,7.274770736694336,7.889999866485596,7.980000019073486,7.610000133514404,7.900000095367432,18953500
2022-10-06,7.26555061340332,7.880000114440918,7.920000076293945,7.690000057220459,7.889999866485596,20098500
2022-10-07,7.081145763397217,7.679999828338623,7.940000057220459,7.650000095367432,7.840000152587891,22969400
2022-10-10,7.05348539352417,7.650000095367432,7.820000171661377,7.610000133514404,7.769999980926514,11646500
2022-10-11,7.136466979980469,7.739999771118164,7.800000190734863,7.539999961853027,7.599999904632568,14841500
2022-10-13,7.081145763397217,7.679999828338623,7.760000228881836,7.539999961853027,7.619999885559082,11944900
2022-10-14,6.813758850097656,7.389999866485596,7.75,7.360000133514404,7.699999809265137,11570800
2022-10-17,6.730776786804199,7.300000190734863,7.460000038146973,7.21999979019165,7.449999809265137,15180100
2022-10-18,6.915181636810303,7.5,7.53000020980835,7.340000152587891,7.400000095367432,13869600
2022-10-19,6.7768778800964355,7.349999904632568,7.519999980926514,7.260000228881836,7.5,13472700
2022-10-20,6.9797234535217285,7.570000171661377,7.730000019073486,7.300000190734863,7.300000190734863,21198600
2022-10-21,7.201009273529053,7.809999942779541,7.829999923706055,7.429999828338623,7.53000020980835,22152100
2022-10-24,6.998164176940918,7.590000152587891,7.760000228881836,7.53000020980835,7.710000038146973,10808400
2022-10-25,7.0350446701049805,7.630000114440918,7.78000020980835,7.519999980926514,7.579999923706055,10068500
2022-10-26,6.869080066680908,7.449999809265137,7.659999847412109,7.409999847412109,7.630000114440918,17603000
2022-10-27,7.071925640106201,7.670000076293945,7.769999980926514,7.309999942779541,7.420000076293945,18818600
2022-10-28,6.7768778800964355,7.349999904632568,7.96999979019165,7.119999885559082,7.599999904632568,44513400
2022-10-31,6.666234970092773,7.230000019073486,7.539999961853027,7.099999904632568,7.170000076293945,22409300
2022-11-01,6.924402236938477,7.510000228881836,7.630000114440918,7.190000057220459,7.409999847412109,23511600
2022-11-03,6.869080066680908,7.449999809265137,7.570000171661377,7.28000020980835,7.429999828338623,12583100
2022-11-04,7.394634246826172,8.020000457763672,8.149999618530273,7.639999866485596,7.710000038146973,38162500
2022-11-07,7.025824546813965,7.619999885559082,8.079999923706055,7.590000152587891,8.029999732971191,24043100
2022-11-08,7.136466979980469,7.739999771118164,7.860000133514404,7.53000020980835,7.590000152587891,17178600
2022-11-09,7.007384300231934,7.599999904632568,7.980000019073486,7.559999942779541,7.75,16452800
2022-11-10,6.712336540222168,7.28000020980835,7.630000114440918,7.179999828338623,7.510000228881836,29191700
2022-11-11,7.422295093536377,8.050000190734863,8.079999923706055,7.429999828338623,7.449999809265137,31986000
2022-11-14,7.219449520111084,7.829999923706055,8.140000343322754,7.71999979019165,8.100000381469727,16167000
2022-11-16,7.247110366821289,7.860000133514404,7.949999809265137,7.639999866485596,7.949999809265137,19997500
2022-11-17,7.293210983276367,7.909999847412109,7.909999847412109,7.46999979019165,7.71999979019165,20552500
2022-11-18,6.988943099975586,7.579999923706055,8.100000381469727,7.550000190734863,8.069999694824219,17951000
2022-11-21,6.82297945022583,7.400000095367432,7.650000095367432,7.25,7.599999904632568,16699300
2022-11-22,7.090365886688232,7.690000057220459,7.710000038146973,7.389999866485596,7.420000076293945,17443100
2022-11-23,7.071925640106201,7.670000076293945,7.699999809265137,7.449999809265137,7.639999866485596,13287200
2022-11-24,7.191788673400879,7.800000190734863,7.869999885559082,7.650000095367432,7.699999809265137,10660700
2022-11-25,7.016604423522949,7.610000133514404,7.920000076293945,7.539999961853027,7.820000171661377,10239000
2022-11-28,6.712336540222168,7.28000020980835,7.480000019073486,7.210000038146973,7.480000019073486,18924400
2022-11-29,7.1180267333984375,7.71999979019165,7.889999866485596,7.400000095367432,7.400000095367432,26090900
2022-11-30,7.210229873657227,7.820000171661377,7.900000095367432,7.639999866485596,7.730000019073486,25253900
2022-12-01,6.8875203132629395,7.46999979019165,7.75,7.460000038146973,7.75,21932000
2022-12-02,6.924402236938477,7.510000228881836,7.610000133514404,7.340000152587891,7.559999942779541,18816900
2022-12-05,6.998164176940918,7.590000152587891,7.78000020980835,7.5,7.570000171661377,13513700
2022-12-06,7.237889766693115,7.849999904632568,7.949999809265137,7.590000152587891,7.630000114440918,23600600
2022-12-07,7.247110366821289,7.860000133514404,7.960000038146973,7.710000038146973,7.75,13919000
2022-12-08,6.9797234535217285,7.570000171661377,8.010000228881836,7.550000190734863,7.900000095367432,21214800
2022-12-09,7.210229873657227,7.820000171661377,7.920000076293945,7.659999847412109,7.739999771118164,18003500
2022-12-12,7.10880708694458,7.710000038146973,7.800000190734863,7.400000095367432,7.760000228881836,18904600
2022-12-13,6.869080066680908,7.449999809265137,7.929999828338623,7.440000057220459,7.760000228881836,24243600
2022-12-14,7.247110366821289,7.860000133514404,7.929999828338623,7.320000171661377,7.369999885559082,34225400
2022-12-15,6.942842483520508,7.53000020980835,8.020000457763672,7.510000228881836,7.929999828338623,26561600
2022-12-16,6.7768778800964355,7.349999904632568,7.570000171661377,7.349999904632568,7.519999980926514,24412400
2022-12-19,6.361967086791992,6.900000095367432,7.25,6.860000133514404,7.239999771118164,56882700
2022-12-20,6.500270843505859,7.050000190734863,7.210000038146973,6.860000133514404,6.900000095367432,31215100
2022-12-21,6.48183012008667,7.03000020980835,7.230000019073486,7.010000228881836,7.190000057220459,16058200
2022-12-22,6.454169273376465,7.0,7.090000152587891,6.880000114440918,7.039999961853027,20043300
2022-12-23,6.380407333374023,6.920000076293945,7.070000171661377,6.900000095367432,7.039999961853027,18114300
2022-12-26,6.417288780212402,6.960000038146973,6.989999771118164,6.909999847412109,6.960000038146973,6882700
2022-12-27,6.472609996795654,7.019999980926514,7.130000114440918,6.929999828338623,7.019999980926514,16797200
2022-12-28,6.601693153381348,7.159999847412109,7.199999809265137,7.0,7.039999961853027,12377500
2022-12-29,6.601693153381348,7.159999847412109,7.230000019073486,7.130000114440918,7.199999809265137,12899100
2023-01-02,6.48183012008667,7.03000020980835,7.179999828338623,6.980000019073486,7.150000095367432,8284700
2023-01-03,6.4080681800842285,6.949999809265137,7.170000076293945,6.920000076293945,7.059999942779541,13377700
2023-01-04,6.53715181350708,7.090000152587891,7.099999904632568,6.889999866485596,7.0,12704900
2023-01-05,6.924402236938477,7.510000228881836,7.53000020980835,7.050000190734863,7.119999885559082,26812000
2023-01-06,6.998164176940918,7.590000152587891,7.769999980926514,7.510000228881836,7.519999980926514,18342600
2023-01-09,7.025824546813965,7.619999885559082,7.679999828338623,7.380000114440918,7.480000019073486,10693500
2023-01-10,7.28399133682251,7.900000095367432,7.920000076293945,7.579999923706055,7.599999904632568,13821300
2023-01-11,7.237889766693115,7.849999904632568,8.0,7.739999771118164,7.940000057220459,13903300
2023-01-12,7.26555061340332,7.880000114440918,7.980000019073486,7.840000152587891,7.880000114440918,11679900
2023-01-13,7.201009273529053,7.809999942779541,7.900000095367432,7.760000228881836,7.900000095367432,7269200
2023-01-16,7.136466979980469,7.739999771118164,7.78000020980835,7.590000152587891,7.730000019073486,6785500
2023-01-17,7.3208723068237305,7.940000057220459,7.989999771118164,7.760000228881836,7.769999980926514,9528800
2023-01-18,7.49605655670166,8.130000114440918,8.229999542236328,7.96999979019165,8.0,18520300
2023-01-19,7.44073486328125,8.069999694824219,8.270000457763672,7.940000057220459,8.100000381469727,21796900
2023-01-20,7.643580436706543,8.289999961853027,8.289999961853027,8.039999961853027,8.069999694824219,18114600
2023-01-23,7.6896820068359375,8.34000015258789,8.5600004196167,8.319999694824219,8.319999694824219,15874600
2023-01-24,7.62514066696167,8.270000457763672,8.430000305175781,8.010000228881836,8.369999885559082,28060200
2023-01-25,7.634360313415527,8.279999732971191,8.34000015258789,8.130000114440918,8.260000228881836,9593400
2023-01-26,7.920187950134277,8.59000015258789,8.640000343322754,8.329999923706055,8.329999923706055,16643200
2023-01-27,7.809545040130615,8.470000267028809,8.59000015258789,8.399999618530273,8.579999923706055,12666000
2023-01-30,7.809545040130615,8.470000267028809,8.579999923706055,8.350000381469727,8.510000228881836,10994900
2023-01-31,7.864865779876709,8.529999732971191,8.670000076293945,8.390000343322754,8.460000038146973,13361800
2023-02-01,7.754223823547363,8.40999984741211,8.520000457763672,8.279999732971191,8.510000228881836,10545400
2023-02-02,7.293210983276367,7.909999847412109,8.350000381469727,7.909999847412109,8.350000381469727,20626300
2023-02-03,7.219449520111084,7.829999923706055,8.079999923706055,7.809999942779541,7.940000057220459,12943400
2023-02-06,7.071925640106201,7.670000076293945,7.809999942779541,7.559999942779541,7.809999942779541,17156200
2023-02-07,6.988943099975586,7.579999923706055,7.739999771118164,7.539999961853027,7.699999809265137,13039700
2023-02-08,7.016604423522949,7.610000133514404,7.659999847412109,7.5,7.630000114440918,11572100
2023-02-09,6.850639820098877,7.429999828338623,7.699999809265137,7.400000095367432,7.630000114440918,14753700
2023-02-10,6.76765775680542,7.340000152587891,7.53000020980835,7.179999828338623,7.269999980926514,18734000
2023-02-13,6.730776786804199,7.300000190734863,7.320000171661377,7.050000190734863,7.300000190734863,12932800
2023-02-14,6.564812183380127,7.119999885559082,7.429999828338623,7.03000020980835,7.360000133514404,21989600
2023-02-15,6.675455093383789,7.239999771118164,7.289999961853027,7.03000020980835,7.139999866485596,15999000
2023-02-16,6.730776786804199,7.300000190734863,7.349999904632568,7.150000095367432,7.260000228881836,15185300
2023-02-17,6.712336540222168,7.28000020980835,7.289999961853027,7.150000095367432,7.260000228881836,13325400
2023-02-22,6.53715181350708,7.090000152587891,7.25,7.050000190734863,7.21999979019165,8925800
2023-02-23,6.454169273376465,7.0,7.150000095367432,6.809999942779541,7.119999885559082,23897700
2023-02-24,6.297425270080566,6.829999923706055,7.010000228881836,6.800000190734863,6.949999809265137,11241200
2023-02-27,6.315865993499756,6.849999904632568,6.96999979019165,6.800000190734863,6.840000152587891,11700300
2023-02-28,6.297425270080566,6.829999923706055,6.920000076293945,6.769999980926514,6.849999904632568,15281500
2023-03-01,6.6109137535095215,7.170000076293945,7.210000038146973,6.849999904632568,6.929999828338623,22171000
2023-03-02,6.546371936798096,7.099999904632568,7.170000076293945,7.019999980926514,7.170000076293945,8194900
2023-03-03,6.620133876800537,7.179999828338623,7.309999942779541,7.070000171661377,7.119999885559082,9622400
2023-03-06,6.564812183380127,7.119999885559082,7.150000095367432,6.980000019073486,7.130000114440918,10790200
2023-03-07,6.48183012008667,7.03000020980835,7.199999809265137,6.909999847412109,7.130000114440918,12861000
2023-03-08,6.721556663513184,7.289999961853027,7.300000190734863,7.010000228881836,7.03000020980835,12074800
2023-03-09,6.564812183380127,7.119999885559082,7.289999961853027,7.039999961853027,7.199999809265137,14418200
2023-03-10,6.389627456665039,6.929999828338623,7.139999866485596,6.869999885559082,7.059999942779541,13734300
2023-03-13,6.389627456665039,6.929999828338623,7.019999980926514,6.809999942779541,6.860000133514404,11091000
2023-03-14,6.463389873504639,7.010000228881836,7.010000228881836,6.880000114440918,6.949999809265137,15773900
2023-03-15,6.352746486663818,6.889999866485596,6.949999809265137,6.679999828338623,6.909999847412109,20330600
2023-03-16,6.444949150085449,6.989999771118164,7.059999942779541,6.820000171661377,6.840000152587891,24825500
2023-03-17,6.398848056793213,6.940000057220459,7.070000171661377,6.840000152587891,6.980000019073486,22953800
2023-03-20,6.315865993499756,6.849999904632568,6.980000019073486,6.800000190734863,6.900000095367432,12244800
2023-03-21,6.260544300079346,6.789999961853027,6.900000095367432,6.769999980926514,6.860000133514404,9361700
2023-03-22,6.269764423370361,6.800000190734863,6.920000076293945,6.739999771118164,6.78000020980835,11265600
2023-03-23,6.1222405433654785,6.639999866485596,6.880000114440918,6.559999942779541,6.820000171661377,12779000
2023-03-24,6.103800296783447,6.619999885559082,6.679999828338623,6.53000020980835,6.639999866485596,13850300
2023-03-27,6.103800296783447,6.619999885559082,6.760000228881836,6.610000133514404,6.699999809265137,6529100
2023-03-28,6.297425270080566,6.829999923706055,6.909999847412109,6.630000114440918,6.639999866485596,16471600
2023-03-29,6.297425270080566,6.829999923706055,6.909999847412109,6.75,6.849999904632568,13886000
2023-03-30,6.739996910095215,7.309999942779541,7.389999866485596,7.050000190734863,7.260000228881836,36143000
2023-03-31,6.721556663513184,7.289999961853027,7.53000020980835,7.230000019073486,7.349999904632568,11824700
2023-04-03,6.629354000091553,7.190000057220459,7.300000190734863,7.119999885559082,7.269999980926514,11566600
2023-04-04,6.601693153381348,7.159999847412109,7.269999980926514,7.130000114440918,7.190000057220459,10388700
2023-04-05,6.53715181350708,7.090000152587891,7.170000076293945,6.989999771118164,7.139999866485596,11120200
2023-04-06,6.463389873504639,7.010000228881836,7.159999847412109,7.0,7.019999980926514,8013800
2023-04-10,6.675455093383789,7.239999771118164,7.360000133514404,6.989999771118164,7.0,12683300
2023-04-11,7.127247333526611,7.730000019073486,7.849999904632568,7.340000152587891,7.340000152587891,25203300
2023-04-12,7.062705039978027,7.659999847412109,7.789999961853027,7.630000114440918,7.730000019073486,11305800
2023-04-13,7.05348539352417,7.650000095367432,7.739999771118164,7.590000152587891,7.650000095367432,7903400
2023-04-14,6.942842483520508,7.53000020980835,7.630000114440918,7.480000019073486,7.610000133514404,6679000
2023-04-17,6.952062606811523,7.539999961853027,7.639999866485596,7.510000228881836,7.53000020980835,6062200
2023-04-18,7.016604423522949,7.610000133514404,7.690000057220459,7.480000019073486,7.619999885559082,8964700
2023-04-19,6.869080066680908,7.449999809265137,7.539999961853027,7.320000171661377,7.510000228881836,18704000
2023-04-20,6.620133876800537,7.179999828338623,7.650000095367432,7.159999847412109,7.510000228881836,19513900
2023-04-24,6.564812183380127,7.119999885559082,7.179999828338623,6.960000038146973,6.960000038146973,15792600
2023-04-25,6.500270843505859,7.050000190734863,7.099999904632568,6.929999828338623,7.070000171661377,17167700
2023-04-26,6.48183012008667,7.03000020980835,7.139999866485596,6.989999771118164,7.099999904632568,10068600
2023-04-27,6.564812183380127,7.119999885559082,7.21999979019165,7.039999961853027,7.050000190734863,15846900
2023-04-28,6.959950923919678,7.199999809265137,7.199999809265137,6.840000152587891,6.869999885559082,14118200
2023-05-02,6.911617755889893,7.150000095367432,7.21999979019165,7.0,7.139999866485596,10729600
2023-05-03,6.959950923919678,7.199999809265137,7.25,7.059999942779541,7.179999828338623,9090900
2023-05-04,6.863284587860107,7.099999904632568,7.28000020980835,6.96999979019165,7.21999979019165,15209900
2023-05-05,7.24028205871582,7.489999771118164,7.570000171661377,7.079999923706055,7.119999885559082,14603800
2023-05-08,7.2886152267456055,7.539999961853027,7.690000057220459,7.510000228881836,7.670000076293945,5318100
2023-05-09,7.346614837646484,7.599999904632568,7.659999847412109,7.449999809265137,7.460000038146973,6427700
2023-05-10,7.375614643096924,7.630000114440918,7.650000095367432,7.480000019073486,7.630000114440918,9596500
2023-05-11,7.191949367523193,7.440000057220459,7.539999961853027,7.369999885559082,7.519999980926514,11453200
2023-05-12,7.211282253265381,7.460000038146973,7.489999771118164,7.360000133514404,7.420000076293945,7254300
2023-05-15,7.356281757354736,7.610000133514404,7.690000057220459,7.510000228881836,7.550000190734863,8907000
2023-05-16,7.220948696136475,7.46999979019165,7.679999828338623,7.429999828338623,7.619999885559082,7834000
2023-05-17,7.462613582611084,7.71999979019165,7.889999866485596,7.559999942779541,7.579999923706055,12941900
2023-05-18,7.539947032928467,7.800000190734863,7.880000114440918,7.639999866485596,7.75,8863200
2023-05-19,7.723611831665039,7.989999771118164,8.020000457763672,7.739999771118164,7.860000133514404,12713500
2023-05-22,7.57861328125,7.840000152587891,8.039999961853027,7.820000171661377,7.949999809265137,9941600
2023-05-23,7.24028205871582,7.489999771118164,7.809999942779541,7.460000038146973,7.800000190734863,22017000
2023-05-24,7.143616199493408,7.389999866485596,7.46999979019165,7.289999961853027,7.380000114440918,19410500
2023-05-25,7.037283897399902,7.28000020980835,7.5,7.25,7.46999979019165,11509500
2023-05-26,7.066283226013184,7.309999942779541,7.480000019073486,7.260000228881836,7.460000038146973,12475200
2023-05-29,7.037283897399902,7.28000020980835,7.420000076293945,7.269999980926514,7.380000114440918,6392500
2023-05-30,6.834285259246826,7.070000171661377,7.340000152587891,7.03000020980835,7.320000171661377,18656300
2023-05-31,6.785952091217041,7.019999980926514,7.130000114440918,7.0,7.079999923706055,13710000
2023-06-01,6.921284198760986,7.159999847412109,7.199999809265137,7.050000190734863,7.130000114440918,11721300
2023-06-02,7.1339497566223145,7.380000114440918,7.539999961853027,7.349999904632568,7.5,14578400
2023-06-05,7.162949085235596,7.409999847412109,7.460000038146973,7.289999961853027,7.420000076293945,5639600
2023-06-06,7.143616199493408,7.389999866485596,7.480000019073486,7.380000114440918,7.409999847412109,14242400
2023-06-07,7.095283508300781,7.340000152587891,7.440000057220459,7.289999961853027,7.440000057220459,9641600
2023-06-09,7.085616588592529,7.329999923706055,7.449999809265137,7.300000190734863,7.389999866485596,13200700
2023-06-12,7.066283226013184,7.309999942779541,7.369999885559082,7.21999979019165,7.309999942779541,10067500
2023-06-13,7.046950340270996,7.289999961853027,7.420000076293945,7.269999980926514,7.369999885559082,10044200
2023-06-14,7.15328311920166,7.400000095367432,7.480000019073486,7.289999961853027,7.360000133514404,17111600
2023-06-15,7.15328311920166,7.400000095367432,7.429999828338623,7.349999904632568,7.409999847412109,8952800
2023-06-16,7.143616199493408,7.389999866485596,7.429999828338623,7.340000152587891,7.400000095367432,10544800
2023-06-19,7.249948978424072,7.5,7.53000020980835,7.309999942779541,7.389999866485596,10058200
2023-06-20,7.143616199493408,7.389999866485596,7.489999771118164,7.329999923706055,7.489999771118164,11737100
2023-06-21,7.056617259979248,7.300000190734863,7.380000114440918,7.269999980926514,7.360000133514404,10437900
2023-06-22,6.979283809661865,7.21999979019165,7.320000171661377,7.170000076293945,7.260000228881836,9172900
2023-06-23,6.988950729370117,7.230000019073486,7.289999961853027,7.159999847412109,7.199999809265137,6258500
2023-06-26,7.037283897399902,7.28000020980835,7.300000190734863,7.190000057220459,7.230000019073486,7133500
2023-06-27,6.979283809661865,7.21999979019165,7.309999942779541,7.159999847412109,7.289999961853027,20826000
2023-06-28,6.882617950439453,7.119999885559082,7.269999980926514,7.119999885559082,7.239999771118164,7885800
2023-06-29,6.959950923919678,7.199999809265137,7.25,7.110000133514404,7.150000095367432,10753600
2023-06-30,6.834285259246826,7.070000171661377,7.25,7.010000228881836,7.21999979019165,18759000
2023-07-03,7.008284091949463,7.25,7.380000114440918,7.099999904632568,7.099999904632568,12941400
2023-07-04,7.0759501457214355,7.320000171661377,7.380000114440918,7.199999809265137,7.25,7289200
2023-07-05,7.1339497566223145,7.380000114440918,7.449999809265137,7.260000228881836,7.300000190734863,10529400
2023-07-06,7.1242828369140625,7.369999885559082,7.440000057220459,7.300000190734863,7.340000152587891,16547000
2023-07-07,7.278948783874512,7.53000020980835,7.659999847412109,7.340000152587891,7.340000152587891,13449300
2023-07-10,7.1242828369140625,7.369999885559082,7.440000057220459,7.21999979019165,7.360000133514404,16496200
2023-07-11,7.095283508300781,7.340000152587891,7.429999828338623,7.309999942779541,7.360000133514404,8317700
2023-07-12,7.104949951171875,7.349999904632568,7.46999979019165,7.329999923706055,7.440000057220459,8314200
2023-07-13,7.423947334289551,7.679999828338623,7.71999979019165,7.380000114440918,7.429999828338623,16831800
2023-07-14,7.249948978424072,7.5,7.809999942779541,7.449999809265137,7.769999980926514,9469200
2023-07-17,7.172616004943848,7.420000076293945,7.5,7.360000133514404,7.5,7378200
2023-07-18,7.172616004943848,7.420000076293945,7.46999979019165,7.329999923706055,7.409999847412109,7749700
2023-07-19,6.9696173667907715,7.210000038146973,7.449999809265137,7.150000095367432,7.449999809265137,16142700
2023-07-20,6.921284198760986,7.159999847412109,7.269999980926514,7.150000095367432,7.260000228881836,11761800
2023-07-21,6.930951118469238,7.170000076293945,7.199999809265137,7.099999904632568,7.159999847412109,11793200
2023-07-24,7.104949951171875,7.349999904632568,7.400000095367432,7.150000095367432,7.159999847412109,14075800
2023-07-25,7.259615421295166,7.510000228881836,7.619999885559082,7.409999847412109,7.420000076293945,21962600
2023-07-26,7.191949367523193,7.440000057220459,7.539999961853027,7.400000095367432,7.460000038146973,11658700
2023-07-27,7.24028205871582,7.489999771118164,7.53000020980835,7.340000152587891,7.440000057220459,10484800
2023-07-28,6.853618621826172,7.090000152587891,7.489999771118164,7.079999923706055,7.489999771118164,31395200
2023-07-31,6.988950729370117,7.230000019073486,7.28000020980835,7.130000114440918,7.139999866485596,15721100
2023-08-01,6.940617561340332,7.179999828338623,7.239999771118164,7.119999885559082,7.190000057220459,9550200
2023-08-02,6.872951507568359,7.110000133514404,7.21999979019165,7.110000133514404,7.150000095367432,10134900
2023-08-03,6.853618621826172,7.090000152587891,7.21999979019165,7.090000152587891,7.139999866485596,14957700
2023-08-04,6.853618621826172,7.090000152587891,7.190000057220459,7.090000152587891,7.099999904632568,12977600
2023-08-07,6.834285259246826,7.070000171661377,7.119999885559082,7.039999961853027,7.119999885559082,8292300
2023-08-08,6.8149518966674805,7.050000190734863,7.110000133514404,6.929999828338623,7.039999961853027,11967000
2023-08-09,6.766618728637695,7.0,7.070000171661377,6.980000019073486,7.03000020980835,7423400
2023-08-10,6.776285648345947,7.010000228881836,7.070000171661377,6.980000019073486,7.070000171661377,6200500
2023-08-11,6.71828556060791,6.949999809265137,7.039999961853027,6.889999866485596,7.039999961853027,9051900
2023-08-14,6.679619312286377,6.909999847412109,6.960000038146973,6.880000114440918,6.949999809265137,7239000
2023-08-15,6.6602864265441895,6.889999866485596,6.940000057220459,6.860000133514404,6.929999828338623,7166000
2023-08-16,6.63128662109375,6.860000133514404,6.980000019073486,6.849999904632568,6.960000038146973,10811000
2023-08-17,6.63128662109375,6.860000133514404,7.0,6.829999923706055,6.960000038146973,6461700
2023-08-18,6.621619701385498,6.849999904632568,6.889999866485596,6.769999980926514,6.880000114440918,7780500
2023-08-21,6.650619983673096,6.880000114440918,6.880000114440918,6.739999771118164,6.829999923706055,10777800
2023-08-22,6.698952674865723,6.929999828338623,6.980000019073486,6.860000133514404,6.949999809265137,8304800
2023-08-23,6.669952869415283,6.900000095367432,6.949999809265137,6.860000133514404,6.949999809265137,6777100
2023-08-24,6.611953258514404,6.840000152587891,6.889999866485596,6.820000171661377,6.849999904632568,5446200
2023-08-25,6.573287010192871,6.800000190734863,6.849999904632568,6.78000020980835,6.849999904632568,4924300
2023-08-28,6.650619983673096,6.880000114440918,6.900000095367432,6.769999980926514,6.800000190734863,8215300
2023-08-29,6.71828556060791,6.949999809265137,6.949999809265137,6.869999885559082,6.869999885559082,6497900
2023-08-30,6.727952480316162,6.960000038146973,7.010000228881836,6.940000057220459,7.0,6690100
2023-08-31,6.650619983673096,6.880000114440918,6.929999828338623,6.829999923706055,6.860000133514404,10727600
2023-09-01,6.698952674865723,6.929999828338623,6.960000038146973,6.889999866485596,6.909999847412109,8517800
2023-09-04,6.756952285766602,6.989999771118164,7.070000171661377,6.900000095367432,6.920000076293945,7185700
2023-09-05,6.669952869415283,6.900000095367432,7.010000228881836,6.900000095367432,6.96999979019165,8917300
2023-09-06,6.689286231994629,6.920000076293945,6.989999771118164,6.869999885559082,6.889999866485596,8074900
2023-09-08,6.6022868156433105,6.829999923706055,6.880000114440918,6.789999961853027,6.869999885559082,5458900
2023-09-11,6.669952869415283,6.900000095367432,6.929999828338623,6.820000171661377,6.880000114440918,10638900
2023-09-12,6.592620372772217,6.820000171661377,6.909999847412109,6.809999942779541,6.900000095367432,12206000
2023-09-13,6.573287010192871,6.800000190734863,6.840000152587891,6.78000020980835,6.829999923706055,10136500
2023-09-14,6.669952869415283,6.900000095367432,7.010000228881836,6.820000171661377,6.840000152587891,19000300
2023-09-15,6.708619594573975,6.940000057220459,7.0,6.849999904632568,6.940000057220459,15652800
2023-09-18,6.573287010192871,6.800000190734863,6.949999809265137,6.800000190734863,6.940000057220459,10746800
2023-09-19,6.524953842163086,6.75,6.820000171661377,6.699999809265137,6.800000190734863,18725600
2023-09-20,6.534620761871338,6.760000228881836,6.849999904632568,6.739999771118164,6.78000020980835,8243500
2023-09-21,6.360621929168701,6.579999923706055,6.710000038146973,6.539999961853027,6.699999809265137,19514800
2023-09-22,6.370288372039795,6.590000152587891,6.679999828338623,6.559999942779541,6.650000095367432,9544200
2023-09-25,6.283288955688477,6.5,6.550000190734863,6.480000019073486,6.539999961853027,10403300
2023-09-26,6.254289150238037,6.46999979019165,6.550000190734863,6.449999809265137,6.46999979019165,12392300
2023-09-27,6.302622318267822,6.519999980926514,6.590000152587891,6.489999771118164,6.5,9391500
2023-09-28,6.360621929168701,6.579999923706055,6.619999885559082,6.510000228881836,6.539999961853027,11033500
2023-09-29,6.418621063232422,6.639999866485596,6.670000076293945,6.619999885559082,6.619999885559082,8163500
2023-10-02,6.350955486297607,6.570000171661377,6.650000095367432,6.559999942779541,6.639999866485596,7661500
2023-10-03,6.273622035980225,6.489999771118164,6.630000114440918,6.460000038146973,6.539999961853027,8285900
2023-10-04,6.20595645904541,6.420000076293945,6.519999980926514,6.420000076293945,6.480000019073486,7347300
2023-10-05,6.1286234855651855,6.340000152587891,6.440000057220459,6.309999942779541,6.420000076293945,9092800
2023-10-06,6.118956565856934,6.329999923706055,6.340000152587891,6.260000228881836,6.300000190734863,8485900
2023-10-09,6.051290988922119,6.260000228881836,6.289999961853027,6.130000114440918,6.239999771118164,11315700
2023-10-10,6.089957237243652,6.300000190734863,6.369999885559082,6.269999980926514,6.300000190734863,9953700
2023-10-11,6.1286234855651855,6.340000152587891,6.340000152587891,6.260000228881836,6.320000171661377,10195200
2023-10-13,6.051290988922119,6.260000228881836,6.360000133514404,6.260000228881836,6.320000171661377,7920400
2023-10-16,6.060957431793213,6.269999980926514,6.360000133514404,6.269999980926514,6.289999961853027,7338000
2023-10-17,5.993290901184082,6.199999809265137,6.289999961853027,6.159999847412109,6.230000019073486,13122900
2023-10-18,5.973957538604736,6.179999828338623,6.239999771118164,6.150000095367432,6.159999847412109,14069900
2023-10-19,5.89662504196167,6.099999904632568,6.21999979019165,6.079999923706055,6.170000076293945,9302600
2023-10-20,5.751626014709473,5.949999809265137,6.090000152587891,5.920000076293945,6.050000190734863,13198700
2023-10-23,5.732292652130127,5.929999828338623,6.0,5.909999847412109,5.909999847412109,8850900
2023-10-24,5.77095890045166,5.96999979019165,6.039999961853027,5.940000057220459,6.0,10958300
2023-10-25,5.674293041229248,5.869999885559082,6.010000228881836,5.840000152587891,5.989999771118164,11505800
2023-10-26,5.780625820159912,5.980000019073486,6.0,5.849999904632568,5.880000114440918,10199500
2023-10-27,6.0222907066345215,6.230000019073486,6.349999904632568,5.989999771118164,6.0,27125500
2023-10-30,6.2929558753967285,6.510000228881836,6.599999904632568,6.239999771118164,6.289999961853027,24008400
2023-10-31,6.389621734619141,6.610000133514404,6.829999923706055,6.46999979019165,6.5,26240200
2023-11-01,6.515286922454834,6.739999771118164,6.829999923706055,6.559999942779541,6.679999828338623,16912200
2023-11-03,6.640953063964844,6.869999885559082,6.929999828338623,6.809999942779541,6.820000171661377,12329900
2023-11-06,6.592620372772217,6.820000171661377,6.889999866485596,6.730000019073486,6.889999866485596,7334300
2023-11-07,6.582953453063965,6.809999942779541,6.820000171661377,6.730000019073486,6.78000020980835,7346600
2023-11-08,6.582953453063965,6.809999942779541,7.019999980926514,6.769999980926514,6.809999942779541,12481200
2023-11-09,6.4476213455200195,6.670000076293945,6.880000114440918,6.639999866485596,6.840000152587891,12840900
2023-11-10,6.582953453063965,6.809999942779541,6.820000171661377,6.690000057220459,6.699999809265137,7695100
2023-11-13,6.544287204742432,6.769999980926514,6.829999923706055,6.739999771118164,6.820000171661377,5292100
2023-11-14,6.834285259246826,7.070000171661377,7.070000171661377,6.769999980926514,6.769999980926514,16619300
2023-11-16,7.327281475067139,7.579999923706055,7.71999979019165,7.059999942779541,7.079999923706055,32588700
2023-11-17,7.346614837646484,7.599999904632568,7.71999979019165,7.440000057220459,7.550000190734863,15919800
2023-11-20,7.501280784606934,7.760000228881836,7.929999828338623,7.670000076293945,7.699999809265137,18121600
2023-11-21,7.520613670349121,7.78000020980835,7.920000076293945,7.619999885559082,7.760000228881836,12611400
2023-11-22,7.626945972442627,7.889999866485596,7.96999979019165,7.650000095367432,7.800000190734863,18022800
2023-11-23,7.501280784606934,7.760000228881836,7.980000019073486,7.760000228881836,7.889999866485596,8823000
2023-11-24,7.4432806968688965,7.699999809265137,7.769999980926514,7.650000095367432,7.739999771118164,6578900
2023-11-27,7.5496134757995605,7.809999942779541,7.880000114440918,7.670000076293945,7.710000038146973,9464600
2023-11-28,7.6076130867004395,7.869999885559082,7.889999866485596,7.75,7.78000020980835,7018100
2023-11-29,7.491613864898682,7.75,7.980000019073486,7.650000095367432,7.900000095367432,12619700
2023-11-30,7.597946643829346,7.860000133514404,7.929999828338623,7.739999771118164,7.789999961853027,12679500
2023-12-01,7.945944309234619,8.220000267028809,8.390000343322754,7.840000152587891,7.860000133514404,21636700
2023-12-04,8.013609886169434,8.289999961853027,8.319999694824219,8.09000015258789,8.130000114440918,12060300
2023-12-05,7.984610557556152,8.260000228881836,8.380000114440918,8.149999618530273,8.289999961853027,7436900
2023-12-06,8.013609886169434,8.289999961853027,8.4399995803833,8.210000038146973,8.3100004196167,8876900
2023-12-07,8.0909423828125,8.369999885559082,8.460000038146973,8.270000457763672,8.34000015258789,15879200
2023-12-08,8.197275161743164,8.479999542236328,8.5,8.329999923706055,8.380000114440918,8137100
2023-12-11,8.216609001159668,8.5,8.569999694824219,8.399999618530273,8.430000305175781,8389700
2023-12-12,8.216609001159668,8.5,8.649999618530273,8.380000114440918,8.609999656677246,8503000
2023-12-13,8.303607940673828,8.59000015258789,8.6899995803833,8.390000343322754,8.5,11004500
2023-12-14,8.429274559020996,8.720000267028809,8.8100004196167,8.520000457763672,8.670000076293945,12420700
2023-12-15,8.535606384277344,8.829999923706055,8.989999771118164,8.739999771118164,8.75,18951200
2023-12-18,8.554940223693848,8.850000381469727,8.9399995803833,8.75,8.850000381469727,10822800
2023-12-19,8.564605712890625,8.859999656677246,8.899999618530273,8.789999961853027,8.800000190734863,6920600
2023-12-20,8.506607055664062,8.800000190734863,8.890000343322754,8.760000228881836,8.859999656677246,5003400
2023-12-21,8.825604438781738,9.130000114440918,9.140000343322754,8.84000015258789,8.859999656677246,16479900
2023-12-22,8.970602989196777,9.279999732971191,9.350000381469727,9.149999618530273,9.149999618530273,11045200
2023-12-26,9.009269714355469,9.319999694824219,9.350000381469727,9.199999809265137,9.319999694824219,5271400
2023-12-27,9.028603553771973,9.34000015258789,9.380000114440918,9.229999542236328,9.289999961853027,4396600
2023-12-28,8.980270385742188,9.289999961853027,9.319999694824219,9.199999809265137,9.300000190734863,7530100
2024-01-02,8.825604438781738,9.130000114440918,9.300000190734863,9.0600004196167,9.300000190734863,10367400
2024-01-03,8.777271270751953,9.079999923706055,9.130000114440918,8.949999809265137,9.109999656677246,9136100
2024-01-04,8.641938209533691,8.9399995803833,9.050000190734863,8.819999694824219,9.050000190734863,10181100
2024-01-05,8.62260627746582,8.920000076293945,8.979999542236328,8.779999732971191,8.899999618530273,10458400
2024-01-08,8.564605712890625,8.859999656677246,8.9399995803833,8.800000190734863,8.90999984741211,6237800
2024-01-09,8.34227466583252,8.630000114440918,8.850000381469727,8.619999885559082,8.819999694824219,11028500
2024-01-10,8.119942665100098,8.399999618530273,8.600000381469727,8.25,8.529999732971191,17215800
2024-01-11,8.235941886901855,8.520000457763672,8.539999961853027,8.270000457763672,8.399999618530273,11735500
2024-01-12,8.18760871887207,8.470000267028809,8.579999923706055,8.430000305175781,8.470000267028809,5225700
2024-01-15,8.255274772644043,8.539999961853027,8.539999961853027,8.359999656677246,8.40999984741211,3936400
2024-01-16,8.0909423828125,8.369999885559082,8.479999542236328,8.25,8.449999809265137,9780800
2024-01-17,8.013609886169434,8.289999961853027,8.430000305175781,8.279999732971191,8.329999923706055,8905300
2024-01-18,8.235941886901855,8.520000457763672,8.779999732971191,8.3100004196167,8.369999885559082,19477800
2024-01-19,8.216609001159668,8.5,8.770000457763672,8.479999542236328,8.59000015258789,13331900
2024-01-22,8.313275337219238,8.600000381469727,8.699999809265137,8.449999809265137,8.470000267028809,10867600
2024-01-23,8.351941108703613,8.640000343322754,8.800000190734863,8.609999656677246,8.65999984741211,9488900
2024-01-24,8.670939445495605,8.970000267028809,8.970000267028809,8.710000038146973,8.760000228881836,15918600
2024-01-25,8.728938102722168,9.029999732971191,9.039999961853027,8.869999885559082,8.989999771118164,9677700
2024-01-26,9.183268547058105,9.5,9.5600004196167,9.180000305175781,9.399999618530273,33917500
2024-01-29,8.989936828613281,9.300000190734863,9.539999961853027,9.140000343322754,9.539999961853027,10409400
2024-01-30,8.786937713623047,9.09000015258789,9.260000228881836,9.09000015258789,9.25,7991600
2024-01-31,8.8836030960083,9.1899995803833,9.300000190734863,9.029999732971191,9.050000190734863,10581600
2024-02-01,8.922269821166992,9.229999542236328,9.289999961853027,9.100000381469727,9.180000305175781,10043300
2024-02-02,8.786937713623047,9.09000015258789,9.300000190734863,9.0600004196167,9.229999542236328,9778400
2024-02-05,8.786937713623047,9.09000015258789,9.170000076293945,9.010000228881836,9.0600004196167,8194000
2024-02-06,8.912604331970215,9.220000267028809,9.270000457763672,9.100000381469727,9.109999656677246,10333900
2024-02-07,9.018936157226562,9.329999923706055,9.390000343322754,9.130000114440918,9.229999542236328,9450700
2024-02-08,9.086602210998535,9.399999618530273,9.460000038146973,9.270000457763672,9.329999923706055,16579800
2024-02-09,8.970602989196777,9.279999732971191,9.770000457763672,9.010000228881836,9.670000076293945,31510700
2024-02-14,9.047935485839844,9.359999656677246,9.359999656677246,9.109999656677246,9.220000267028809,10012000
2024-02-15,9.550599098205566,9.880000114440918,9.890000343322754,9.350000381469727,9.380000114440918,38116700
2024-02-16,9.772931098937988,10.109999656677246,10.289999961853027,9.829999923706055,9.899999618530273,20512700
2024-02-19,9.821264266967773,10.15999984741211,10.210000038146973,9.819999694824219,10.0,9529400
2024-02-20,9.985595703125,10.329999923706055,10.630000114440918,10.180000305175781,10.180000305175781,34748900
2024-02-21,10.004929542541504,10.350000381469727,10.380000114440918,9.979999542236328,10.279999732971191,15380400
2024-02-22,10.294926643371582,10.649999618530273,10.649999618530273,10.380000114440918,10.399999618530273,17155600
2024-02-23,10.343259811401367,10.699999809265137,10.699999809265137,10.520000457763672,10.65999984741211,12144400
2024-02-26,10.314260482788086,10.670000076293945,10.800000190734863,10.539999961853027,10.579999923706055,13929700
2024-02-27,10.478592872619629,10.84000015258789,10.920000076293945,10.760000228881836,10.789999961853027,8570200
2024-02-28,10.584924697875977,10.949999809265137,11.0,10.720000267028809,10.779999732971191,8237600
2024-02-29,10.700923919677734,11.069999694824219,11.130000114440918,10.84000015258789,10.890000343322754,14622100
2024-03-01,10.739590644836426,11.109999656677246,11.270000457763672,11.0,11.020000457763672,11327800
2024-03-04,10.343259811401367,10.699999809265137,11.09000015258789,10.630000114440918,11.09000015258789,12021100
2024-03-05,10.381926536560059,10.739999771118164,10.739999771118164,10.569999694824219,10.739999771118164,7822500
2024-03-06,10.391592979431152,10.75,10.90999984741211,10.649999618530273,10.739999771118164,8254200
2024-03-07,10.275594711303711,10.630000114440918,10.8100004196167,10.59000015258789,10.779999732971191,5519500
2024-03-08,10.497925758361816,10.859999656677246,10.880000114440918,10.380000114440918,10.529999732971191,9929700
2024-03-11,10.004929542541504,10.350000381469727,10.770000457763672,10.260000228881836,10.75,15490000
2024-03-12,9.869597434997559,10.210000038146973,10.529999732971191,10.15999984741211,10.399999618530273,12711700
2024-03-13,9.7535982131958,10.09000015258789,10.229999542236328,9.949999809265137,10.130000114440918,19986700
2024-03-14,9.550599098205566,9.880000114440918,10.079999923706055,9.8100004196167,10.029999732971191,8760600
2024-03-15,9.453932762145996,9.779999732971191,9.84000015258789,9.539999961853027,9.84000015258789,23134800
2024-03-18,9.598932266235352,9.930000305175781,10.0,9.760000228881836,9.789999961853027,19389000
2024-03-19,9.830930709838867,10.170000076293945,10.279999732971191,10.029999732971191,10.029999732971191,16666100
2024-03-20,10.033928871154785,10.380000114440918,10.380000114440918,10.0600004196167,10.1899995803833,5511100
2024-03-21,9.985595703125,10.329999923706055,10.4399995803833,10.270000457763672,10.430000305175781,3432900
2024-03-22,9.811596870422363,10.149999618530273,10.329999923706055,10.149999618530273,10.270000457763672,3701900
2024-03-25,9.637598991394043,9.970000267028809,10.239999771118164,9.960000038146973,10.100000381469727,5736100
2024-03-26,9.598932266235352,9.930000305175781,10.039999961853027,9.850000381469727,9.9399995803833,5871000
2024-03-27,9.705265045166016,10.039999961853027,10.119999885559082,9.829999923706055,9.9399995803833,6835100
2024-03-28,9.676265716552734,10.010000228881836,10.149999618530273,9.9399995803833,10.039999961853027,5689800
2024-04-01,9.7535982131958,10.09000015258789,10.210000038146973,10.020000457763672,10.069999694824219,6928200
2024-04-02,9.89859676361084,10.239999771118164,10.319999694824219,10.050000190734863,10.109999656677246,8852900
2024-04-03,9.830930709838867,10.170000076293945,10.359999656677246,10.069999694824219,10.199999809265137,10813900
2024-04-04,9.840597152709961,10.180000305175781,10.470000267028809,10.109999656677246,10.399999618530273,10542400
2024-04-05,9.589265823364258,9.920000076293945,10.199999809265137,9.880000114440918,10.1899995803833,8750000
2024-04-08,10.149928092956543,10.5,10.5600004196167,10.010000228881836,10.020000457763672,14644600
2024-04-09,10.294926643371582,10.649999618530273,10.729999542236328,10.489999771118164,10.680000305175781,12706800
2024-04-10,10.014595985412598,10.359999656677246,10.59000015258789,10.289999961853027,10.59000015258789,10022800
2024-04-11,9.927597045898438,10.270000457763672,10.390000343322754,10.100000381469727,10.390000343322754,6640800
2024-04-12,9.830930709838867,10.170000076293945,10.630000114440918,10.100000381469727,10.359999656677246,12382500
2024-04-15,9.879263877868652,10.220000267028809,10.460000038146973,10.0600004196167,10.270000457763672,12315800
2024-04-16,9.71493148803711,10.050000190734863,10.100000381469727,9.829999923706055,10.0600004196167,16819700
2024-04-17,9.589265823364258,9.920000076293945,10.239999771118164,9.770000457763672,10.229999542236328,12147700
2024-04-18,9.608598709106445,9.9399995803833,10.140000343322754,9.880000114440918,9.90999984741211,8771600
2024-04-19,9.985595703125,10.329999923706055,10.5,9.869999885559082,9.90999984741211,22939700
2024-04-22,10.217594146728516,10.569999694824219,10.680000305175781,10.130000114440918,10.329999923706055,17187500
2024-04-23,8.796605110168457,9.100000381469727,10.079999923706055,9.079999923706055,10.0,61356100
2024-04-24,8.467940330505371,8.760000228881836,9.229999542236328,8.539999961853027,9.149999618530273,40653300
2024-04-25,8.206941604614258,8.489999771118164,8.800000190734863,8.489999771118164,8.720000267028809,15514200
2024-04-26,8.199999809265137,8.199999809265137,8.399999618530273,8.109999656677246,8.390000343322754,20230400
2024-04-29,8.210000038146973,8.210000038146973,8.25,8.140000343322754,8.199999809265137,10833200
2024-04-30,7.909999847412109,7.909999847412109,8.170000076293945,7.900000095367432,8.170000076293945,13824600
2024-05-02,7.980000019073486,7.980000019073486,8.079999923706055,7.929999828338623,7.989999771118164,10997600
2024-05-03,8.0,8.0,8.130000114440918,7.989999771118164,8.029999732971191,13721000
2024-05-06,8.039999961853027,8.039999961853027,8.199999809265137,8.020000457763672,8.020000457763672,15486100
2024-05-07,8.010000228881836,8.010000228881836,8.109999656677246,7.960000038146973,8.050000190734863,9339100
2024-05-08,8.0600004196167,8.0600004196167,8.09000015258789,7.869999885559082,7.980000019073486,9310700
2024-05-09,8.0,8.0,8.079999923706055,7.960000038146973,7.960000038146973,9821500
2024-05-10,7.960000038146973,7.960000038146973,8.09000015258789,7.920000076293945,8.050000190734863,7288500
2024-05-13,7.980000019073486,7.980000019073486,8.0600004196167,7.940000057220459,8.0,8528100
2024-05-14,7.900000095367432,7.900000095367432,8.0600004196167,7.880000114440918,7.989999771118164,12524400
2024-05-15,7.929999828338623,7.929999828338623,7.949999809265137,7.739999771118164,7.869999885559082,10945300
2024-05-16,7.96999979019165,7.96999979019165,8.029999732971191,7.920000076293945,7.940000057220459,7423200
2024-05-17,7.960000038146973,7.960000038146973,8.029999732971191,7.920000076293945,7.96999979019165,12491200
2024-05-20,8.149999618530273,8.149999618530273,8.170000076293945,7.940000057220459,7.960000038146973,11108500
2024-05-21,8.289999961853027,8.289999961853027,8.380000114440918,8.15999984741211,8.1899995803833,12743200
2024-05-22,8.170000076293945,8.170000076293945,8.319999694824219,8.140000343322754,8.300000190734863,7384500
2024-05-23,8.029999732971191,8.029999732971191,8.149999618530273,7.96999979019165,8.130000114440918,5629600
2024-05-24,7.929999828338623,7.929999828338623,8.0,7.730000019073486,7.989999771118164,16325000
2024-05-27,8.010000228881836,8.010000228881836,8.029999732971191,7.849999904632568,7.909999847412109,4542200
2024-05-28,7.909999847412109,7.909999847412109,8.079999923706055,7.909999847412109,8.039999961853027,9109000
2024-05-29,7.769999980926514,7.769999980926514,7.900000095367432,7.760000228881836,7.889999866485596,9179300
2024-05-31,7.570000171661377,7.570000171661377,7.800000190734863,7.519999980926514,7.75,12459700
2024-06-03,7.579999923706055,7.579999923706055,7.639999866485596,7.46999979019165,7.579999923706055,9427700
2024-06-04,7.480000019073486,7.480000019073486,7.550000190734863,7.420000076293945,7.53000020980835,6079100
2024-06-05,7.289999961853027,7.289999961853027,7.53000020980835,7.25,7.480000019073486,10966600
2024-06-06,7.320000171661377,7.320000171661377,7.440000057220459,7.230000019073486,7.309999942779541,13577200
2024-06-07,7.179999828338623,7.179999828338623,7.28000020980835,7.090000152587891,7.260000228881836,9404000
2024-06-10,7.050000190734863,7.050000190734863,7.159999847412109,7.019999980926514,7.159999847412109,5101300
2024-06-11,7.130000114440918,7.130000114440918,7.130000114440918,7.0,7.019999980926514,7853000
2024-06-12,7.050000190734863,7.050000190734863,7.230000019073486,7.010000228881836,7.159999847412109,6931400
2024-06-13,7.159999847412109,7.159999847412109,7.179999828338623,7.0,7.039999961853027,6491900
2024-06-14,7.179999828338623,7.179999828338623,7.260000228881836,7.070000171661377,7.170000076293945,6493200
2024-06-17,7.099999904632568,7.099999904632568,7.179999828338623,7.070000171661377,7.110000133514404,4801500
2024-06-18,7.230000019073486,7.230000019073486,7.380000114440918,7.099999904632568,7.110000133514404,14084900
2024-06-19,7.340000152587891,7.340000152587891,7.340000152587891,7.099999904632568,7.199999809265137,6269200
2024-06-20,7.610000133514404,7.610000133514404,7.809999942779541,7.360000133514404,7.380000114440918,16758100
2024-06-21,7.539999961853027,7.539999961853027,7.599999904632568,7.460000038146973,7.559999942779541,8416200
2024-06-24,7.690000057220459,7.690000057220459,7.71999979019165,7.510000228881836,7.53000020980835,7079800
2024-06-25,7.539999961853027,7.539999961853027,7.789999961853027,7.539999961853027,7.699999809265137,7583900
2024-06-26,7.789999961853027,7.789999961853027,7.840000152587891,7.519999980926514,7.599999904632568,11726400
2024-06-27,8.0,8.0,8.010000228881836,7.78000020980835,7.849999904632568,9043700
2024-06-28,7.909999847412109,7.909999847412109,8.140000343322754,7.909999847412109,7.989999771118164,9087500
2024-07-01,7.869999885559082,7.869999885559082,8.020000457763672,7.809999942779541,7.960000038146973,8641800
2024-07-02,7.96999979019165,7.96999979019165,8.0,7.860000133514404,7.880000114440918,8034000
2024-07-03,7.989999771118164,7.989999771118164,8.140000343322754,7.989999771118164,8.069999694824219,6412200
2024-07-04,8.149999618530273,8.149999618530273,8.15999984741211,8.039999961853027,8.039999961853027,6025500
2024-07-05,7.989999771118164,7.989999771118164,8.210000038146973,7.889999866485596,8.149999618530273,8730900
2024-07-08,7.869999885559082,7.869999885559082,7.980000019073486,7.809999942779541,7.96999979019165,6611300
2024-07-09,8.020000457763672,8.020000457763672,8.020000457763672,7.840000152587891,7.849999904632568,5059900
2024-07-10,7.920000076293945,7.920000076293945,8.050000190734863,7.869999885559082,8.010000228881836,7950100
2024-07-11,8.0,8.0,8.020000457763672,7.940000057220459,7.960000038146973,8336800
2024-07-12,8.0600004196167,8.0600004196167,8.069999694824219,7.929999828338623,8.0,5539500
2024-07-15,8.170000076293945,8.170000076293945,8.1899995803833,7.949999809265137,8.050000190734863,8722400
2024-07-16,8.140000343322754,8.140000343322754,8.199999809265137,8.029999732971191,8.119999885559082,7939000
2024-07-17,8.550000190734863,8.550000190734863,8.550000190734863,8.039999961853027,8.039999961853027,15980700
2024-07-18,8.399999618530273,8.399999618530273,8.699999809265137,8.369999885559082,8.550000190734863,12097900
2024-07-19,8.529999732971191,8.529999732971191,8.529999732971191,8.279999732971191,8.329999923706055,11468500
2024-07-22,8.5600004196167,8.5600004196167,8.609999656677246,8.399999618530273,8.59000015258789,5545300
2024-07-23,8.289999961853027,8.289999961853027,8.529999732971191,8.210000038146973,8.489999771118164,11073200
2024-07-24,8.109999656677246,8.109999656677246,8.359999656677246,8.0600004196167,8.289999961853027,10082400
2024-07-25,8.279999732971191,8.279999732971191,8.350000381469727,8.0600004196167,8.069999694824219,11250000
2024-07-26,6.329999923706055,6.329999923706055,7.349999904632568,6.300000190734863,7.300000190734863,112126500
2024-07-29,6.050000190734863,6.050000190734863,6.5,5.980000019073486,6.369999885559082,65303000
2024-07-30,6.329999923706055,6.329999923706055,6.369999885559082,5.909999847412109,5.989999771118164,48880200
2024-07-31,6.21999979019165,6.21999979019165,6.380000114440918,6.199999809265137,6.349999904632568,20686400
2024-08-01,6.130000114440918,6.130000114440918,6.269999980926514,6.070000171661377,6.25,18984400
2024-08-02,5.940000057220459,5.940000057220459,6.199999809265137,5.929999828338623,6.119999885559082,21857000
2024-08-05,5.809999942779541,5.809999942779541,5.869999885559082,5.650000095367432,5.699999809265137,21005800
2024-08-06,5.769999980926514,5.769999980926514,5.909999847412109,5.699999809265137,5.849999904632568,18582100
2024-08-07,5.730000019073486,5.730000019073486,5.849999904632568,5.710000038146973,5.829999923706055,12582400
2024-08-08,5.829999923706055,5.829999923706055,5.869999885559082,5.730000019073486,5.730000019073486,11844800
2024-08-09,5.949999809265137,5.949999809265137,5.960000038146973,5.809999942779541,5.860000133514404,12777000
2024-08-12,6.059999942779541,6.059999942779541,6.150000095367432,5.949999809265137,5.989999771118164,17681200
2024-08-13,6.25,6.25,6.300000190734863,6.099999904632568,6.150000095367432,19206700
2024-08-14,6.090000152587891,6.090000152587891,6.269999980926514,6.079999923706055,6.230000019073486,13279000
2024-08-15,6.179999828338623,6.179999828338623,6.199999809265137,6.059999942779541,6.099999904632568,11036800
2024-08-16,6.079999923706055,6.079999923706055,6.21999979019165,6.079999923706055,6.179999828338623,10330400
2024-08-19,6.5,6.5,6.539999961853027,6.099999904632568,6.119999885559082,26616200
2024-08-20,6.449999809265137,6.449999809265137,6.53000020980835,6.380000114440918,6.53000020980835,15604500
2024-08-21,6.639999866485596,6.639999866485596,6.739999771118164,6.539999961853027,6.559999942779541,24864600
2024-08-22,6.409999847412109,6.409999847412109,6.699999809265137,6.380000114440918,6.650000095367432,15307100
2024-08-23,6.579999923706055,6.579999923706055,6.639999866485596,6.360000133514404,6.429999828338623,14395000
2024-08-26,6.599999904632568,6.599999904632568,6.690000057220459,6.460000038146973,6.659999847412109,12625300
2024-08-27,6.460000038146973,6.460000038146973,6.659999847412109,6.460000038146973,6.619999885559082,11763900
2024-08-28,6.239999771118164,6.239999771118164,6.429999828338623,6.190000057220459,6.429999828338623,17732500
2024-08-29,6.230000019073486,6.230000019073486,6.28000020980835,6.190000057220459,6.21999979019165,9967700
2024-08-30,6.230000019073486,6.230000019073486,6.289999961853027,6.170000076293945,6.199999809265137,12015600
2024-09-02,6.159999847412109,6.159999847412109,6.210000038146973,6.150000095367432,6.190000057220459,6460300
2024-09-03,5.960000038146973,5.960000038146973,6.159999847412109,5.940000057220459,6.130000114440918,22110700
2024-09-04,6.079999923706055,6.079999923706055,6.130000114440918,5.960000038146973,5.989999771118164,12012500
2024-09-05,6.079999923706055,6.079999923706055,6.21999979019165,6.019999980926514,6.059999942779541,10259500
2024-09-06,5.989999771118164,5.989999771118164,6.099999904632568,5.940000057220459,6.079999923706055,11583600
2024-09-09,5.840000152587891,5.840000152587891,6.039999961853027,5.829999923706055,6.03000020980835,10573900
2024-09-10,5.769999980926514,5.769999980926514,5.860000133514404,5.760000228881836,5.829999923706055,10307400
2024-09-11,5.909999847412109,5.909999847412109,5.960000038146973,5.809999942779541,5.809999942779541,11493700
2024-09-12,5.909999847412109,5.909999847412109,5.980000019073486,5.860000133514404,5.929999828338623,11024900
2024-09-13,6.170000076293945,6.170000076293945,6.179999828338623,5.909999847412109,5.929999828338623,15106700
2024-09-16,6.050000190734863,6.050000190734863,6.179999828338623,6.03000020980835,6.179999828338623,10527900
2024-09-17,6.090000152587891,6.090000152587891,6.119999885559082,6.03000020980835,6.050000190734863,6086500
2024-09-18,6.260000228881836,6.260000228881836,6.400000095367432,6.039999961853027,6.050000190734863,22010100
2024-09-19,6.230000019073486,6.230000019073486,6.440000057220459,6.210000038146973,6.309999942779541,12678100
2024-09-20,5.880000114440918,5.880000114440918,6.159999847412109,5.829999923706055,6.139999866485596,18154100
2024-09-23,5.599999904632568,5.599999904632568,5.670000076293945,5.420000076293945,5.670000076293945,31887600
2024-09-24,6.03000020980835,6.03000020980835,6.039999961853027,5.71999979019165,5.78000020980835,31398400
2024-09-25,6.039999961853027,6.039999961853027,6.179999828338623,5.949999809265137,6.079999923706055,19218200
2024-09-26,6.380000114440918,6.380000114440918,6.389999866485596,6.179999828338623,6.199999809265137,20384700
2024-09-27,6.239999771118164,6.239999771118164,6.400000095367432,6.210000038146973,6.400000095367432,12234900
2024-09-30,6.239999771118164,6.239999771118164,6.340000152587891,6.159999847412109,6.329999923706055,12370600
2024-10-01,6.239999771118164,6.239999771118164,6.329999923706055,6.159999847412109,6.199999809265137,8161400
2024-10-02,6.309999942779541,6.309999942779541,6.389999866485596,6.300000190734863,6.309999942779541,14514000
2024-10-03,6.110000133514404,6.110000133514404,6.239999771118164,6.090000152587891,6.230000019073486,9620900
2024-10-04,6.210000038146973,6.210000038146973,6.210000038146973,6.070000171661377,6.090000152587891,12257700
2024-10-07,6.28000020980835,6.28000020980835,6.340000152587891,6.170000076293945,6.25,8533300
2024-10-08,6.019999980926514,6.019999980926514,6.059999942779541,5.960000038146973,5.989999771118164,21941200
2024-10-09,6.289999961853027,6.289999961853027,6.489999771118164,6.170000076293945,6.199999809265137,30687900
2024-10-10,6.230000019073486,6.230000019073486,6.429999828338623,6.150000095367432,6.320000171661377,13679300
2024-10-11,6.25,6.25,6.269999980926514,6.170000076293945,6.269999980926514,8909300
2024-10-14,6.269999980926514,6.269999980926514,6.320000171661377,6.190000057220459,6.260000228881836,8452500
2024-10-15,6.119999885559082,6.119999885559082,6.289999961853027,6.119999885559082,6.25,9274300
2024-10-16,6.170000076293945,6.170000076293945,6.210000038146973,6.099999904632568,6.139999866485596,10708400
2024-10-17,6.070000171661377,6.070000171661377,6.110000133514404,5.989999771118164,6.090000152587891,13650500
2024-10-18,6.119999885559082,6.119999885559082,6.260000228881836,6.090000152587891,6.119999885559082,14697500
2024-10-21,6.269999980926514,6.269999980926514,6.320000171661377,6.150000095367432,6.150000095367432,12582500
2024-10-22,6.150000095367432,6.150000095367432,6.289999961853027,6.139999866485596,6.210000038146973,8663700
2024-10-23,6.269999980926514,6.269999980926514,6.309999942779541,6.099999904632568,6.099999904632568,12053000
2024-10-24,6.369999885559082,6.369999885559082,6.369999885559082,6.210000038146973,6.25,17568900
2024-10-25,6.639999866485596,6.639999866485596,6.860000133514404,6.570000171661377,6.630000114440918,46622000
2024-10-28,6.630000114440918,6.630000114440918,6.75,6.610000133514404,6.739999771118164,10933700
2024-10-29,6.429999828338623,6.429999828338623,6.619999885559082,6.389999866485596,6.610000133514404,15005600
2024-10-30,6.570000171661377,6.570000171661377,6.619999885559082,6.389999866485596,6.429999828338623,10583600
2024-10-31,6.610000133514404,6.610000133514404,6.650000095367432,6.519999980926514,6.550000190734863,8977900
2024-11-01,6.320000171661377,6.320000171661377,6.590000152587891,6.25,6.579999923706055,13517100
2024-11-04,6.559999942779541,6.559999942779541,6.630000114440918,6.369999885559082,6.400000095367432,11035200
2024-11-05,6.659999847412109,6.659999847412109,6.690000057220459,6.550000190734863,6.619999885559082,7345800
2024-11-06,6.619999885559082,6.619999885559082,6.670000076293945,6.420000076293945,6.559999942779541,12673900
2024-11-07,6.650000095367432,6.650000095367432,6.71999979019165,6.550000190734863,6.619999885559082,15586500
2024-11-08,6.25,6.25,6.46999979019165,6.190000057220459,6.460000038146973,20574400
2024-11-11,6.090000152587891,6.090000152587891,6.239999771118164,5.96999979019165,6.199999809265137,17063900
2024-11-12,6.0,6.0,6.090000152587891,5.900000095367432,6.050000190734863,16816000
2024-11-13,6.090000152587891,6.090000152587891,6.119999885559082,5.96999979019165,6.0,17476200
2024-11-14,6.099999904632568,6.099999904632568,6.130000114440918,6.03000020980835,6.059999942779541,11711300
2024-11-18,6.199999809265137,6.199999809265137,6.269999980926514,6.039999961853027,6.099999904632568,12020200
2024-11-19,6.210000038146973,6.210000038146973,6.230000019073486,6.090000152587891,6.230000019073486,6062300
2024-11-21,6.050000190734863,6.050000190734863,6.150000095367432,5.989999771118164,6.150000095367432,11966200
2024-11-22,6.179999828338623,6.179999828338623,6.179999828338623,6.050000190734863,6.070000171661377,6962800
2024-11-25,6.25,6.25,6.28000020980835,6.119999885559082,6.179999828338623,7903800
2024-11-26,6.239999771118164,6.239999771118164,6.320000171661377,6.210000038146973,6.260000228881836,5889500
2024-11-27,6.360000133514404,6.360000133514404,6.440000057220459,6.170000076293945,6.25,14574000
2024-11-28,6.059999942779541,6.059999942779541,6.329999923706055,6.050000190734863,6.309999942779541,10065300
2024-11-29,6.139999866485596,6.139999866485596,6.230000019073486,6.03000020980835,6.050000190734863,11814200
2024-12-02,6.170000076293945,6.170000076293945,6.21999979019165,6.050000190734863,6.150000095367432,8202300
2024-12-03,6.079999923706055,6.079999923706055,6.25,6.050000190734863,6.179999828338623,12423100
2024-12-04,6.070000171661377,6.070000171661377,6.159999847412109,6.03000020980835,6.079999923706055,6622700
2024-12-05,6.159999847412109,6.159999847412109,6.190000057220459,6.099999904632568,6.119999885559082,6750400
2024-12-06,5.980000019073486,5.980000019073486,6.150000095367432,5.96999979019165,6.110000133514404,10519800
2024-12-09,6.119999885559082,6.119999885559082,6.25,6.079999923706055,6.119999885559082,11396400
2024-12-10,6.119999885559082,6.119999885559082,6.190000057220459,6.099999904632568,6.190000057220459,5378200
2024-12-11,6.130000114440918,6.130000114440918,6.230000019073486,6.010000228881836,6.119999885559082,10671300
2024-12-12,5.960000038146973,5.960000038146973,6.110000133514404,5.909999847412109,6.099999904632568,13046300
2024-12-13,5.860000133514404,5.860000133514404,6.03000020980835,5.860000133514404,5.909999847412109,8604900
2024-12-16,5.829999923706055,5.829999923706055,5.96999979019165,5.829999923706055,5.869999885559082,8726500
2024-12-17,5.78000020980835,5.78000020980835,5.889999866485596,5.559999942779541,5.789999961853027,21623700
2024-12-18,5.550000190734863,5.550000190734863,5.75,5.480000019073486,5.75,20519800
2024-12-19,5.519999980926514,5.519999980926514,5.630000114440918,5.519999980926514,5.559999942779541,14863200
2024-12-20,5.429999828338623,5.429999828338623,5.579999923706055,5.360000133514404,5.510000228881836,22015500
2024-12-23,5.239999771118164,5.239999771118164,5.429999828338623,5.239999771118164,5.409999847412109,14829900
2024-12-26,5.289999961853027,5.289999961853027,5.340000152587891,5.190000057220459,5.340000152587891,13227200
2024-12-27,5.289999961853027,5.289999961853027,5.340000152587891,5.210000038146973,5.300000190734863,10657800
2024-12-30,5.320000171661377,5.320000171661377,5.349999904632568,5.269999980926514,5.320000171661377,8864900
2025-01-02,5.159999847412109,5.159999847412109,5.340000152587891,5.159999847412109,5.340000152587891,11225600
2025-01-03,4.849999904632568,4.849999904632568,5.159999847412109,4.849999904632568,5.159999847412109,18758900
2025-01-06,5.090000152587891,5.090000152587891,5.090000152587891,4.869999885559082,4.900000095367432,15628800
2025-01-07,5.079999923706055,5.079999923706055,5.150000095367432,5.019999980926514,5.099999904632568,13075100
2025-01-08,4.880000114440918,4.880000114440918,5.039999961853027,4.869999885559082,5.039999961853027,10505000
2025-01-09,4.789999961853027,4.789999961853027,4.860000133514404,4.739999771118164,4.840000152587891,9001100
2025-01-10,4.760000228881836,4.760000228881836,4.829999923706055,4.679999828338623,4.809999942779541,12552300
2025-01-13,4.75,4.75,4.929999828338623,4.71999979019165,4.800000190734863,11158600
2025-01-14,4.679999828338623,4.679999828338623,4.809999942779541,4.679999828338623,4.800000190734863,8290900
2025-01-15,4.949999809265137,4.949999809265137,4.980000019073486,4.699999809265137,4.71999979019165,14574800
2025-01-16,4.840000152587891,4.840000152587891,4.949999809265137,4.820000171661377,4.949999809265137,11157000
2025-01-17,5.010000228881836,5.010000228881836,5.099999904632568,4.829999923706055,4.860000133514404,15800600
2025-01-20,5.039999961853027,5.039999961853027,5.070000171661377,4.940000057220459,5.010000228881836,7166400
2025-01-21,5.309999942779541,5.309999942779541,5.309999942779541,5.010000228881836,5.03000020980835,13036300
2025-01-22,5.21999979019165,5.21999979019165,5.449999809265137,5.21999979019165,5.28000020980835,15837900
2025-01-23,5.150000095367432,5.150000095367432,5.349999904632568,5.090000152587891,5.269999980926514,14352300
2025-01-24,5.230000019073486,5.230000019073486,5.360000133514404,5.179999828338623,5.190000057220459,15514400
2025-01-27,5.409999847412109,5.409999847412109,5.429999828338623,5.150000095367432,5.230000019073486,10895000
2025-01-28,5.329999923706055,5.329999923706055,5.46999979019165,5.289999961853027,5.409999847412109,11737500
2025-01-29,5.400000095367432,5.400000095367432,5.429999828338623,5.309999942779541,5.400000095367432,10531400
2025-01-30,5.639999866485596,5.639999866485596,5.670000076293945,5.400000095367432,5.400000095367432,16263600
2025-01-31,5.510000228881836,5.510000228881836,5.659999847412109,5.440000057220459,5.650000095367432,12324200
2025-02-03,5.53000020980835,5.53000020980835,5.550000190734863,5.420000076293945,5.460000038146973,10586700
2025-02-04,5.480000019073486,5.480000019073486,5.53000020980835,5.440000057220459,5.519999980926514,7528900
2025-02-05,5.5,5.5,5.570000171661377,5.380000114440918,5.480000019073486,11348900
2025-02-06,5.599999904632568,5.599999904632568,5.670000076293945,5.5,5.519999980926514,9321600
2025-02-07,5.599999904632568,5.599999904632568,5.690000057220459,5.579999923706055,5.639999866485596,9236900
2025-02-10,5.71999979019165,5.71999979019165,5.769999980926514,5.409999847412109,5.420000076293945,12512500
2025-02-11,5.920000076293945,5.920000076293945,5.960000038146973,5.579999923706055,5.590000152587891,16069500
2025-02-12,5.679999828338623,5.679999828338623,5.889999866485596,5.679999828338623,5.860000133514404,17277800
2025-02-13,5.869999885559082,5.869999885559082,5.900000095367432,5.639999866485596,5.670000076293945,11446000
2025-02-14,5.980000019073486,5.980000019073486,5.980000019073486,5.710000038146973,5.800000190734863,22419200
2025-02-17,5.949999809265137,5.949999809265137,6.090000152587891,5.909999847412109,5.909999847412109,10402000
2025-02-18,6.039999961853027,6.039999961853027,6.179999828338623,5.980000019073486,5.980000019073486,12826700
2025-02-19,6.070000171661377,6.070000171661377,6.269999980926514,6.039999961853027,6.130000114440918,21090100
2025-02-20,6.130000114440918,6.130000114440918,6.199999809265137,6.050000190734863,6.139999866485596,12252100
2025-02-21,5.980000019073486,5.980000019073486,6.159999847412109,5.96999979019165,6.130000114440918,10490200
2025-02-24,5.820000171661377,5.820000171661377,6.050000190734863,5.820000171661377,6.039999961853027,9261500
2025-02-25,5.909999847412109,5.909999847412109,5.929999828338623,5.789999961853027,5.800000190734863,7812400
2025-02-26,5.96999979019165,5.96999979019165,6.019999980926514,5.880000114440918,5.949999809265137,8163700
2025-02-27,5.960000038146973,5.960000038146973,6.070000171661377,5.920000076293945,5.920000076293945,6353900
2025-02-28,5.710000038146973,5.710000038146973,5.949999809265137,5.659999847412109,5.909999847412109,10469100
2025-03-05,5.849999904632568,5.849999904632568,5.889999866485596,5.699999809265137,5.710000038146973,6760700
2025-03-06,5.920000076293945,5.920000076293945,5.989999771118164,5.820000171661377,5.869999885559082,10857900
2025-03-07,6.019999980926514,6.019999980926514,6.050000190734863,5.800000190734863,5.900000095367432,11715800
2025-03-10,5.960000038146973,5.960000038146973,6.010000228881836,5.860000133514404,5.940000057220459,7297900
2025-03-11,5.880000114440918,5.880000114440918,6.010000228881836,5.760000228881836,5.960000038146973,8013700
2025-03-12,5.860000133514404,5.860000133514404,5.900000095367432,5.739999771118164,5.829999923706055,8076400
2025-03-13,5.650000095367432,5.650000095367432,5.949999809265137,5.650000095367432,5.860000133514404,17105100
2025-03-14,5.880000114440918,5.880000114440918,5.920000076293945,5.710000038146973,5.730000019073486,18908200
2025-03-17,5.869999885559082,5.869999885559082,5.909999847412109,5.820000171661377,5.860000133514404,8080800
2025-03-18,5.840000152587891,5.840000152587891,5.920000076293945,5.75,5.849999904632568,10325400
2025-03-19,5.940000057220459,5.940000057220459,5.989999771118164,5.800000190734863,5.840000152587891,11928600
2025-03-20,5.889999866485596,5.889999866485596,5.960000038146973,5.849999904632568,5.889999866485596,6691100
2025-03-21,5.789999961853027,5.789999961853027,5.909999847412109,5.789999961853027,5.829999923706055,8242200
2025-03-24,5.869999885559082,5.869999885559082,6.0,5.820000171661377,5.860000133514404,10931900
2025-03-25,5.900000095367432,5.900000095367432,5.980000019073486,5.860000133514404,5.880000114440918,7655700
2025-03-26,5.929999828338623,5.929999828338623,5.949999809265137,5.880000114440918,5.889999866485596,5440000
2025-03-27,5.949999809265137,5.949999809265137,6.03000020980835,5.880000114440918,5.989999771118164,8196600
2025-03-28,5.71999979019165,5.71999979019165,5.949999809265137,5.659999847412109,5.949999809265137,15263300
2025-03-31,5.679999828338623,5.679999828338623,5.71999979019165,5.579999923706055,5.679999828338623,8639000
2025-04-01,5.900000095367432,5.900000095367432,6.0,5.679999828338623,5.730000019073486,14280600
2025-04-02,5.820000171661377,5.820000171661377,5.920000076293945,5.75,5.909999847412109,8101600
2025-04-03,5.760000228881836,5.760000228881836,5.809999942779541,5.699999809265137,5.760000228881836,10549900
2025-04-04,5.349999904632568,5.349999904632568,5.639999866485596,5.329999923706055,5.630000114440918,19770000
2025-04-07,5.360000133514404,5.360000133514404,5.489999771118164,5.119999885559082,5.139999866485596,16937200
2025-04-08,5.110000133514404,5.110000133514404,5.460000038146973,5.070000171661377,5.460000038146973,12899200
2025-04-09,5.46999979019165,5.46999979019165,5.510000228881836,5.019999980926514,5.050000190734863,25063100
2025-04-10,5.329999923706055,5.329999923706055,5.480000019073486,5.239999771118164,5.480000019073486,16133200
2025-04-11,5.420000076293945,5.420000076293945,5.46999979019165,5.320000171661377,5.369999885559082,9609100
2025-04-14,5.599999904632568,5.599999904632568,5.610000133514404,5.460000038146973,5.489999771118164,11260900
2025-04-15,5.460000038146973,5.460000038146973,5.699999809265137,5.460000038146973,5.590000152587891,8854100
2025-04-16,5.579999923706055,5.579999923706055,5.630000114440918,5.400000095367432,5.420000076293945,14253400
2025-04-17,5.670000076293945,5.670000076293945,5.699999809265137,5.559999942779541,5.590000152587891,9102900
2025-04-22,5.710000038146973,5.710000038146973,5.789999961853027,5.619999885559082,5.670000076293945,8986500
2025-04-23,6.070000171661377,6.070000171661377,6.110000133514404,5.829999923706055,5.829999923706055,19119500
2025-04-24,5.809999942779541,5.809999942779541,6.25,5.670000076293945,6.150000095367432,48473400
2025-04-25,5.730000019073486,5.730000019073486,5.900000095367432,5.690000057220459,5.829999923706055,17748600
2025-04-28,5.75,5.75,5.789999961853027,5.670000076293945,5.730000019073486,9843500
2025-04-29,5.730000019073486,5.730000019073486,5.820000171661377,5.699999809265137,5.75,10782500
2025-04-30,5.53000020980835,5.53000020980835,5.699999809265137,5.5,5.690000057220459,12734800
2025-05-02,5.519999980926514,5.519999980926514,5.559999942779541,5.440000057220459,5.539999961853027,10282700
2025-05-05,5.420000076293945,5.420000076293945,5.590000152587891,5.389999866485596,5.539999961853027,6547000
2025-05-06,5.420000076293945,5.420000076293945,5.539999961853027,5.389999866485596,5.449999809265137,5516600
2025-05-07,5.460000038146973,5.460000038146973,5.489999771118164,5.369999885559082,5.440000057220459,9626000
2025-05-08,5.599999904632568,5.599999904632568,5.690000057220459,5.510000228881836,5.519999980926514,10879500
2025-05-09,5.380000114440918,5.380000114440918,5.639999866485596,5.269999980926514,5.639999866485596,17467500
2025-05-12,5.440000057220459,5.440000057220459,5.599999904632568,5.420000076293945,5.550000190734863,9096600
2025-05-13,5.539999961853027,5.539999961853027,5.610000133514404,5.420000076293945,5.429999828338623,10185300
2025-05-14,5.5,5.5,5.570000171661377,5.449999809265137,5.559999942779541,8564600
2025-05-15,5.550000190734863,5.550000190734863,5.590000152587891,5.480000019073486,5.5,6453500
2025-05-16,5.510000228881836,5.510000228881836,5.539999961853027,5.460000038146973,5.480000019073486,8745900
2025-05-19,5.489999771118164,5.489999771118164,5.559999942779541,5.460000038146973,5.5,5651500
2025-05-20,5.449999809265137,5.449999809265137,5.519999980926514,5.400000095367432,5.519999980926514,7252600
2025-05-21,5.329999923706055,5.329999923706055,5.460000038146973,5.320000171661377,5.460000038146973,9063800
2025-05-22,5.239999771118164,5.239999771118164,5.360000133514404,5.21999979019165,5.340000152587891,9127700
2025-05-23,5.329999923706055,5.329999923706055,5.349999904632568,5.150000095367432,5.199999809265137,10488100
2025-05-26,5.349999904632568,5.349999904632568,5.369999885559082,5.309999942779541,5.349999904632568,3473100
2025-05-27,5.570000171661377,5.570000171661377,5.630000114440918,5.349999904632568,5.349999904632568,17178500
2025-05-28,5.309999942779541,5.309999942779541,5.590000152587891,5.28000020980835,5.570000171661377,16515100
2025-05-29,5.230000019073486,5.230000019073486,5.380000114440918,5.21999979019165,5.329999923706055,9761000
2025-05-30,5.199999809265137,5.199999809265137,5.269999980926514,5.119999885559082,5.230000019073486,10199100
2025-06-02,5.179999828338623,5.179999828338623,5.300000190734863,5.170000076293945,5.230000019073486,8858100
2025-06-03,5.28000020980835,5.28000020980835,5.300000190734863,5.170000076293945,5.179999828338623,6257700
2025-06-04,5.21999979019165,5.21999979019165,5.349999904632568,5.170000076293945,5.289999961853027,7634300
2025-06-05,5.170000076293945,5.170000076293945,5.28000020980835,5.130000114440918,5.25,9921000
2025-06-06,5.179999828338623,5.179999828338623,5.210000038146973,5.139999866485596,5.190000057220459,5590600
2025-06-09,5.25,5.25,5.269999980926514,5.099999904632568,5.159999847412109,8198100
2025-06-10,5.170000076293945,5.170000076293945,5.300000190734863,5.119999885559082,5.28000020980835,13617800
2025-06-11,5.170000076293945,5.170000076293945,5.179999828338623,5.090000152587891,5.170000076293945,11605000
2025-06-12,5.070000171661377,5.070000171661377,5.159999847412109,5.0,5.150000095367432,16892300
2025-06-13,4.769999980926514,4.769999980926514,5.019999980926514,4.769999980926514,5.010000228881836,31778500
2025-06-16,4.929999828338623,4.929999828338623,4.940000057220459,4.809999942779541,4.820000171661377,9681900
2025-06-17,4.590000152587891,4.590000152587891,4.820000171661377,4.579999923706055,4.809999942779541,42814200
2025-06-18,4.539999961853027,4.539999961853027,4.670000076293945,4.53000020980835,4.610000133514404,17358100
2025-06-20,4.400000095367432,4.400000095367432,4.559999942779541,4.389999866485596,4.539999961853027,17337100
2025-06-23,4.349999904632568,4.349999904632568,4.420000076293945,4.239999771118164,4.420000076293945,21072900
2025-06-24,4.199999809265137,4.199999809265137,4.389999866485596,4.179999828338623,4.369999885559082,22006500
2025-06-25,4.019999980926514,4.019999980926514,4.159999847412109,4.0,4.119999885559082,29335100
2025-06-26,4.139999866485596,4.139999866485596,4.159999847412109,4.03000020980835,4.099999904632568,22193000
2025-06-27,4.150000095367432,4.150000095367432,4.190000057220459,4.110000133514404,4.170000076293945,12170400
2025-06-30,4.119999885559082,4.119999885559082,4.159999847412109,4.090000152587891,4.150000095367432,13201600
2025-07-01,4.099999904632568,4.099999904632568,4.150000095367432,4.090000152587891,4.099999904632568,11199700
2025-07-02,4.320000171661377,4.320000171661377,4.360000133514404,4.110000133514404,4.119999885559082,23336400
2025-07-03,4.409999847412109,4.409999847412109,4.460000038146973,4.289999961853027,4.340000152587891,12749200
2025-07-04,4.46999979019165,4.46999979019165,4.489999771118164,4.369999885559082,4.400000095367432,6732400
2025-07-07,4.389999866485596,4.389999866485596,4.480000019073486,4.360000133514404,4.480000019073486,8067400
2025-07-08,4.380000114440918,4.380000114440918,4.420000076293945,4.349999904632568,4.420000076293945,7879800
2025-07-09,4.239999771118164,4.239999771118164,4.400000095367432,4.239999771118164,4.400000095367432,8082700
2025-07-10,4.320000171661377,4.320000171661377,4.400000095367432,4.170000076293945,4.190000057220459,22428100
2025-07-11,4.289999961853027,4.289999961853027,4.320000171661377,4.230000019073486,4.300000190734863,7248400
2025-07-14,4.21999979019165,4.21999979019165,4.28000020980835,4.190000057220459,4.269999980926514,7541600
2025-07-15,4.199999809265137,4.199999809265137,4.239999771118164,4.139999866485596,4.210000038146973,12464700
2025-07-16,4.010000228881836,4.010000228881836,4.099999904632568,3.9800000190734863,4.070000171661377,24235000
2025-07-17,4.03000020980835,4.03000020980835,4.110000133514404,4.0,4.010000228881836,11037200
2025-07-18,3.9200000762939453,3.9200000762939453,4.019999980926514,3.9000000953674316,4.010000228881836,15718200
2025-07-21,4.010000228881836,4.010000228881836,4.079999923706055,3.930000066757202,3.950000047683716,12587900
2025-07-22,4.25,4.25,4.369999885559082,4.059999942779541,4.059999942779541,29209700
2025-07-23,4.360000133514404,4.360000133514404,4.400000095367432,4.190000057220459,4.239999771118164,16457200
2025-07-24,4.28000020980835,4.28000020980835,4.360000133514404,4.260000228881836,4.300000190734863,8258400
2025-07-25,4.199999809265137,4.199999809265137,4.28000020980835,4.139999866485596,4.28000020980835,22658000
2025-07-28,4.170000076293945,4.170000076293945,4.210000038146973,4.110000133514404,4.159999847412109,13833800
2025-07-29,4.199999809265137,4.199999809265137,4.230000019073486,4.139999866485596,4.210000038146973,13417300
2025-07-30,4.139999866485596,4.139999866485596,4.210000038146973,4.099999904632568,4.170000076293945,17296200
2025-07-31,4.380000114440918,4.380000114440918,4.429999828338623,4.050000190734863,4.130000114440918,38212200
2025-08-01,4.389999866485596,4.389999866485596,4.449999809265137,4.329999923706055,4.449999809265137,19730600
2025-08-04,4.389999866485596,4.389999866485596,4.449999809265137,4.320000171661377,4.429999828338623,10055300
2025-08-05,4.28000020980835,4.28000020980835,4.440000057220459,4.260000228881836,4.389999866485596,14057900
2025-08-06,4.380000114440918,4.380000114440918,4.599999904632568,4.300000190734863,4.320000171661377,24466900
2025-08-07,4.440000057220459,4.440000057220459,4.46999979019165,4.389999866485596,4.409999847412109,9588300
2025-08-08,4.420000076293945,4.420000076293945,4.510000228881836,4.380000114440918,4.460000038146973,10628800
2025-08-11,4.360000133514404,4.360000133514404,4.460000038146973,4.360000133514404,4.449999809265137,6500100
2025-08-12,4.389999866485596,4.389999866485596,4.449999809265137,4.389999866485596,4.409999847412109,7505000
2025-08-13,4.309999942779541,4.309999942779541,4.400000095367432,4.269999980926514,4.400000095367432,9384600
2025-08-14,4.0,4.0,4.28000020980835,3.990000009536743,4.260000228881836,26539500
2025-08-15,4.0,4.0,4.039999961853027,3.9600000381469727,4.010000228881836,14607700
2025-08-18,4.110000133514404,4.110000133514404,4.130000114440918,4.010000228881836,4.010000228881836,9707600
2025-08-19,4.019999980926514,4.019999980926514,4.119999885559082,4.010000228881836,4.099999904632568,13588400
2025-08-20,3.9700000286102295,3.9700000286102295,4.050000190734863,3.9700000286102295,4.03000020980835,8324300
2025-08-21,4.0,4.0,4.03000020980835,3.9200000762939453,3.9700000286102295,6315900
2025-08-22,4.159999847412109,4.159999847412109,4.159999847412109,3.990000009536743,4.019999980926514,11463200
2025-08-25,4.190000057220459,4.190000057220459,4.25,4.139999866485596,4.199999809265137,10304800
2025-08-26,4.179999828338623,4.179999828338623,4.199999809265137,4.119999885559082,4.159999847412109,8071600
2025-08-27,4.210000038146973,4.210000038146973,4.300000190734863,4.130000114440918,4.159999847412109,16763900
2025-08-28,4.429999828338623,4.429999828338623,4.539999961853027,4.289999961853027,4.300000190734863,22225600
2025-08-29,4.369999885559082,4.369999885559082,4.489999771118164,4.329999923706055,4.429999828338623,13864800
2025-09-01,4.360000133514404,4.360000133514404,4.369999885559082,4.269999980926514,4.349999904632568,8487800
2025-09-02,4.320000171661377,4.320000171661377,4.329999923706055,4.269999980926514,4.300000190734863,7400100
2025-09-03,4.300000190734863,4.300000190734863,4.380000114440918,4.289999961853027,4.349999904632568,4439100
2025-09-04,4.409999847412109,4.409999847412109,4.409999847412109,4.28000020980835,4.28000020980835,7614200
2025-09-05,4.519999980926514,4.519999980926514,4.539999961853027,4.420000076293945,4.449999809265137,8655300
2025-09-08,4.599999904632568,4.599999904632568,4.760000228881836,4.570000171661377,4.659999847412109,24237700
2025-09-09,4.510000228881836,4.510000228881836,4.78000020980835,4.510000228881836,4.630000114440918,13519400
2025-09-10,4.46999979019165,4.46999979019165,4.570000171661377,4.460000038146973,4.519999980926514,7108200
2025-09-11,4.539999961853027,4.539999961853027,4.539999961853027,4.449999809265137,4.480000019073486,5083000
2025-09-12,4.519999980926514,4.519999980926514,4.550000190734863,4.46999979019165,4.539999961853027,6683700
2025-09-15,4.53000020980835,4.53000020980835,4.559999942779541,4.46999979019165,4.539999961853027,5813800
2025-09-16,4.590000152587891,4.590000152587891,4.619999885559082,4.5,4.559999942779541,9308000
2025-09-17,4.630000114440918,4.630000114440918,4.659999847412109,4.53000020980835,4.590000152587891,11471200
2025-09-18,4.380000114440918,4.380000114440918,4.639999866485596,4.380000114440918,4.619999885559082,20918100
2025-09-19,4.5,4.5,4.539999961853027,4.340000152587891,4.420000076293945,26570200
2025-09-22,4.440000057220459,4.440000057220459,4.480000019073486,4.380000114440918,4.480000019073486,10226800
2025-09-23,4.440000057220459,4.440000057220459,4.489999771118164,4.409999847412109,4.420000076293945,8029200
2025-09-24,4.449999809265137,4.449999809265137,4.480000019073486,4.400000095367432,4.420000076293945,6442200
2025-09-25,4.420000076293945,4.420000076293945,4.489999771118164,4.400000095367432,4.449999809265137,12239000
2025-09-26,4.400000095367432,4.400000095367432,4.46999979019165,4.400000095367432,4.46999979019165,6708800
2025-09-29,4.389999866485596,4.389999866485596,4.489999771118164,4.389999866485596,4.429999828338623,6906000
2025-09-30,4.230000019073486,4.230000019073486,4.440000057220459,4.210000038146973,4.429999828338623,12193600
2025-10-01,4.389999866485596,4.389999866485596,4.389999866485596,4.239999771118164,4.25,12177700
2025-10-02,4.369999885559082,4.369999885559082,4.400000095367432,4.289999961853027,4.369999885559082,6214200
2025-10-03,4.429999828338623,4.429999828338623,4.429999828338623,4.340000152587891,4.369999885559082,6895600
2025-10-06,4.579999923706055,4.579999923706055,4.590000152587891,4.429999828338623,4.429999828338623,12197900
2025-10-07,4.420000076293945,4.420000076293945,4.559999942779541,4.360000133514404,4.519999980926514,10093400
2025-10-08,4.420000076293945,4.420000076293945,4.480000019073486,4.400000095367432,4.429999828338623,6301300
2025-10-09,4.389999866485596,4.389999866485596,4.480000019073486,4.369999885559082,4.429999828338623,5338600
2025-10-10,4.25,4.25,4.420000076293945,4.25,4.409999847412109,10883900
2025-10-13,4.519999980926514,4.519999980926514,4.539999961853027,4.309999942779541,4.309999942779541,18589800
2025-10-14,4.650000095367432,4.650000095367432,4.679999828338623,4.409999847412109,4.460000038146973,25494000
2025-10-15,4.75,4.75,4.800000190734863,4.570000171661377,4.619999885559082,20976700
2025-10-16,4.789999961853027,4.789999961853027,4.789999961853027,4.670000076293945,4.710000038146973,13497200
2025-10-17,4.860000133514404,4.860000133514404,4.889999866485596,4.71999979019165,4.739999771118164,17327700
2025-10-20,4.860000133514404,4.860000133514404,4.909999847412109,4.800000190734863,4.829999923706055,14420200
2025-10-21,4.960000038146973,4.960000038146973,5.099999904632568,4.809999942779541,4.849999904632568,22634300
2025-10-22,4.940000057220459,4.940000057220459,5.079999923706055,4.940000057220459,5.0,11455000
2025-10-23,4.96999979019165,4.96999979019165,5.079999923706055,4.940000057220459,5.010000228881836,14212000
2025-10-24,4.940000057220459,4.940000057220459,5.050000190734863,4.559999942779541,5.039999961853027,65241300
2025-10-27,5.460000038146973,5.460000038146973,5.460000038146973,4.960000038146973,4.96999979019165,39714400
2025-10-28,5.489999771118164,5.489999771118164,5.630000114440918,5.380000114440918,5.409999847412109,17836500
2025-10-29,5.449999809265137,5.449999809265137,5.559999942779541,5.340000152587891,5.539999961853027,16512300
2025-10-30,5.570000171661377,5.570000171661377,5.590000152587891,5.360000133514404,5.360000133514404,11630400
2025-10-31,5.670000076293945,5.670000076293945,5.670000076293945,5.5,5.579999923706055,15201000
2025-11-03,5.539999961853027,5.539999961853027,5.730000019073486,5.519999980926514,5.71999979019165,9936600
2025-11-04,5.510000228881836,5.510000228881836,5.550000190734863,5.420000076293945,5.489999771118164,9939300
2025-11-05,5.550000190734863,5.550000190734863,5.710000038146973,5.329999923706055,5.510000228881836,23967300
2025-11-06,5.420000076293945,5.420000076293945,5.539999961853027,5.400000095367432,5.53000020980835,8146900
2025-11-07,5.489999771118164,5.489999771118164,5.539999961853027,5.360000133514404,5.400000095367432,8443300
2025-11-10,5.389999866485596,5.389999866485596,5.559999942779541,5.329999923706055,5.559999942779541,8195500
2025-11-11,5.289999961853027,5.289999961853027,5.489999771118164,5.269999980926514,5.389999866485596,15117500
2025-11-12,5.360000133514404,5.360000133514404,5.369999885559082,5.179999828338623,5.320000171661377,12857900
2025-11-13,5.269999980926514,5.269999980926514,5.400000095367432,5.25,5.329999923706055,5689000
2025-11-14,5.269999980926514,5.269999980926514,5.329999923706055,5.199999809265137,5.199999809265137,6184200
2025-11-17,5.230000019073486,5.230000019073486,5.309999942779541,5.199999809265137,5.309999942779541,7173300
2025-11-18,5.199999809265137,5.199999809265137,5.210000038146973,5.119999885559082,5.190000057220459,7970800
2025-11-19,5.130000114440918,5.130000114440918,5.21999979019165,5.099999904632568,5.190000057220459,6477400
2025-11-21,5.179999828338623,5.179999828338623,5.25,5.050000190734863,5.130000114440918,11676800
2025-11-24,5.130000114440918,5.130000114440918,5.28000020980835,5.130000114440918,5.179999828338623,9148300
2025-11-25,5.460000038146973,5.460000038146973,5.460000038146973,5.110000133514404,5.150000095367432,19418900
2025-11-26,5.46999979019165,5.46999979019165,5.53000020980835,5.400000095367432,5.449999809265137,11597300
2025-11-27,5.349999904632568,5.349999904632568,5.480000019073486,5.349999904632568,5.480000019073486,4472600
2025-11-28,5.409999847412109,5.409999847412109,5.460000038146973,5.340000152587891,5.400000095367432,4970100
2025-12-01,5.389999866485596,5.389999866485596,5.440000057220459,5.340000152587891,5.409999847412109,7997300
2025-12-02,5.400000095367432,5.400000095367432,5.429999828338623,5.340000152587891,5.389999866485596,11613000
2025-12-03,5.809999942779541,5.809999942779541,5.880000114440918,5.440000057220459,5.440000057220459,33968300
2025-12-04,5.860000133514404,5.860000133514404,5.909999847412109,5.769999980926514,5.809999942779541,10617900
2025-12-05,5.650000095367432,5.650000095367432,5.920000076293945,5.590000152587891,5.860000133514404,12356300
2025-12-08,5.699999809265137,5.699999809265137,5.730000019073486,5.619999885559082,5.670000076293945,7154600
2025-12-09,5.909999847412109,5.909999847412109,5.929999828338623,5.599999904632568,5.659999847412109,12540100
2025-12-10,6.150000095367432,6.150000095367432,6.289999961853027,5.909999847412109,5.949999809265137,24138000
2025-12-11,5.980000019073486,5.980000019073486,6.190000057220459,5.949999809265137,6.110000133514404,16631400
2025-12-12,5.940000057220459,5.940000057220459,6.019999980926514,5.820000171661377,5.980000019073486,11337400
2025-12-15,6.0,6.0,6.070000171661377,5.880000114440918,5.980000019073486,8569800
2025-12-16,5.980000019073486,5.980000019073486,6.03000020980835,5.900000095367432,5.949999809265137,7460300
2025-12-17,5.960000038146973,5.960000038146973,6.0,5.829999923706055,5.960000038146973,9741600
2025-12-18,5.920000076293945,5.920000076293945,6.03000020980835,5.800000190734863,5.949999809265137,8690600
2025-12-19,5.860000133514404,5.860000133514404,5.949999809265137,5.78000020980835,5.949999809265137,9812300
2025-12-22,5.880000114440918,5.880000114440918,6.010000228881836,5.769999980926514,5.860000133514404,10616900
2025-12-23,5.900000095367432,5.900000095367432,5.920000076293945,5.840000152587891,5.849999904632568,4044100
2025-12-26,5.920000076293945,5.920000076293945,5.960000038146973,5.860000133514404,5.880000114440918,5178300
2025-12-29,5.929999828338623,5.929999828338623,5.940000057220459,5.840000152587891,5.929999828338623,5620500
2025-12-30,5.949999809265137,5.949999809265137,6.039999961853027,5.909999847412109,5.940000057220459,5047800
2026-01-02,5.980000019073486,5.980000019073486,6.050000190734863,5.900000095367432,5.989999771118164,8535400
2026-01-05,6.159999847412109,6.159999847412109,6.190000057220459,5.96999979019165,5.989999771118164,8322600
2026-01-06,6.409999847412109,6.409999847412109,6.440000057220459,6.099999904632568,6.199999809265137,17708900
2026-01-07,6.480000019073486,6.480000019073486,6.53000020980835,6.269999980926514,6.449999809265137,14210300
2026-01-08,6.590000152587891,6.590000152587891,6.590000152587891,6.389999866485596,6.449999809265137,8658900
2026-01-09,6.550000190734863,6.550000190734863,6.679999828338623,6.519999980926514,6.599999904632568,9979300
2026-01-12,6.670000076293945,6.670000076293945,6.71999979019165,6.539999961853027,6.559999942779541,9463000
2026-01-13,6.679999828338623,6.679999828338623,6.71999979019165,6.590000152587891,6.650000095367432,8756600
2026-01-14,6.809999942779541,6.809999942779541,6.820000171661377,6.579999923706055,6.690000057220459,10727100
2026-01-15,6.590000152587891,6.590000152587891,6.829999923706055,6.539999961853027,6.789999961853027,9287700
2026-01-16,6.420000076293945,6.420000076293945,6.599999904632568,6.309999942779541,6.599999904632568,11243600
2026-01-19,6.360000133514404,6.360000133514404,6.429999828338623,6.300000190734863,6.360000133514404,13007300
2026-01-20,6.170000076293945,6.170000076293945,6.340000152587891,6.130000114440918,6.340000152587891,16266500
2026-01-21,6.269999980926514,6.269999980926514,6.309999942779541,6.139999866485596,6.210000038146973,13935700
2026-01-22,6.329999923706055,6.329999923706055,6.570000171661377,6.289999961853027,6.309999942779541,16268000
2026-01-23,6.519999980926514,6.519999980926514,6.610000133514404,6.179999828338623,6.360000133514404,20517700
2026-01-26,6.400000095367432,6.400000095367432,6.579999923706055,6.329999923706055,6.559999942779541,15563300
2026-01-27,6.539999961853027,6.539999961853027,6.670000076293945,6.429999828338623,6.449999809265137,16457500
2026-01-28,6.96999979019165,6.96999979019165,7.150000095367432,6.619999885559082,6.619999885559082,30775500
2026-01-29,6.630000114440918,6.630000114440918,7.150000095367432,6.630000114440918,7.099999904632568,19078900
2026-01-30,6.300000190734863,6.300000190734863,6.639999866485596,6.21999979019165,6.550000190734863,25251200
2026-02-02,6.480000019073486,6.480000019073486,6.510000228881836,6.230000019073486,6.300000190734863,12925900
2026-02-03,6.639999866485596,6.639999866485596,6.869999885559082,6.489999771118164,6.559999942779541,25253600
2026-02-04,6.519999980926514,6.519999980926514,6.630000114440918,6.409999847412109,6.590000152587891,10585300
2026-02-05,6.369999885559082,6.369999885559082,6.570000171661377,6.360000133514404,6.550000190734863,9096200
2026-02-06,6.230000019073486,6.230000019073486,6.420000076293945,6.130000114440918,6.400000095367432,14047100
2026-02-09,6.25,6.25,6.309999942779541,6.130000114440918,6.260000228881836,11905800
2026-02-10,6.179999828338623,6.179999828338623,6.300000190734863,6.150000095367432,6.230000019073486,8661800
2026-02-11,6.309999942779541,6.309999942779541,6.380000114440918,6.199999809265137,6.239999771118164,9543400
2026-02-12,6.03000020980835,6.03000020980835,6.5,5.940000057220459,6.340000152587891,23432100
2026-02-13,6.320000171661377,6.320000171661377,6.360000133514404,6.050000190734863,6.110000133514404,28240700
2026-02-18,6.320000171661377,6.320000171661377,6.389999866485596,6.230000019073486,6.380000114440918,7673100
2026-02-19,6.21999979019165,6.21999979019165,6.349999904632568,6.170000076293945,6.300000190734863,8740000
2026-02-20,6.21999979019165,6.21999979019165,6.269999980926514,6.130000114440918,6.190000057220459,12684400
2026-02-23,6.329999923706055,6.329999923706055,6.340000152587891,6.139999866485596,6.179999828338623,11067300
2026-02-24,6.53000020980835,6.53000020980835,6.610000133514404,6.309999942779541,6.349999904632568,18102700
2026-02-25,6.789999961853027,6.789999961853027,6.809999942779541,6.519999980926514,6.590000152587891,13107100
2026-02-26,6.909999847412109,6.909999847412109,6.960000038146973,6.699999809265137,6.78000020980835,15242900
2026-02-27,7.070000171661377,7.070000171661377,7.130000114440918,6.860000133514404,6.880000114440918,18774700
2026-03-02,6.900000095367432,6.900000095367432,7.039999961853027,6.860000133514404,6.900000095367432,9988000
2026-03-03,6.650000095367432,6.650000095367432,6.699999809265137,6.449999809265137,6.670000076293945,14018800
2026-03-04,6.809999942779541,6.809999942779541,6.889999866485596,6.670000076293945,6.75,8747600
2026-03-05,6.659999847412109,6.659999847412109,6.880000114440918,6.579999923706055,6.829999923706055,9445900
2026-03-06,6.510000228881836,6.510000228881836,6.730000019073486,6.429999828338623,6.639999866485596,10282700
2026-03-09,6.599999904632568,6.599999904632568,6.690000057220459,6.349999904632568,6.539999961853027,12167800
2026-03-10,6.730000019073486,6.730000019073486,6.809999942779541,6.539999961853027,6.670000076293945,11091300
2026-03-11,6.699999809265137,6.699999809265137,6.769999980926514,6.590000152587891,6.670000076293945,10773200
2026-03-12,6.440000057220459,6.440000057220459,6.630000114440918,6.340000152587891,6.610000133514404,12984300
2026-03-13,6.380000114440918,6.380000114440918,6.510000228881836,6.289999961853027,6.489999771118164,10693500
2026-03-16,6.489999771118164,6.489999771118164,6.550000190734863,6.389999866485596,6.489999771118164,7907500
2026-03-17,6.619999885559082,6.619999885559082,6.940000057220459,6.619999885559082,6.710000038146973,12630500
2026-03-18,6.46999979019165,6.46999979019165,6.610000133514404,6.420000076293945,6.570000171661377,11558800
2026-03-19,6.369999885559082,6.369999885559082,6.429999828338623,6.079999923706055,6.260000228881836,13273600
2026-03-20,6.309999942779541,6.309999942779541,6.409999847412109,6.25,6.369999885559082,10092800
2026-03-23,6.599999904632568,6.599999904632568,6.710000038146973,6.420000076293945,6.460000038146973,10892200
2026-03-24,6.71999979019165,6.71999979019165,6.730000019073486,6.480000019073486,6.590000152587891,8426000
2026-03-25,6.820000171661377,6.820000171661377,6.900000095367432,6.710000038146973,6.800000190734863,11614300
2026-03-26,6.679999828338623,6.679999828338623,6.820000171661377,6.630000114440918,6.71999979019165,6686200
2026-03-27,6.590000152587891,6.590000152587891,6.699999809265137,6.550000190734863,6.639999866485596,4980700
2026-03-30,6.630000114440918,6.630000114440918,6.769999980926514,6.599999904632568,6.679999828338623,5964300
2026-03-31,6.739999771118164,6.739999771118164,6.800000190734863,6.610000133514404,6.71999979019165,8424700
2026-04-01,6.769999980926514,6.769999980926514,6.900000095367432,6.71999979019165,6.78000020980835,7505900
2026-04-02,6.769999980926514,6.769999980926514,6.769999980926514,6.579999923706055,6.619999885559082,4383600
2026-04-06,6.820000171661377,6.820000171661377,6.869999885559082,6.739999771118164,6.760000228881836,8108300
2026-04-07,6.929999828338623,6.929999828338623,6.989999771118164,6.739999771118164,6.760000228881836,25978900
2026-04-08,7.239999771118164,7.239999771118164,7.269999980926514,6.96999979019165,7.110000133514404,17023100
2026-04-09,7.679999828338623,7.679999828338623,7.78000020980835,7.269999980926514,7.269999980926514,26363400
2026-04-10,7.210000038146973,7.210000038146973,7.769999980926514,7.170000076293945,7.699999809265137,22611600
2026-04-13,7.03000020980835,7.03000020980835,7.21999979019165,6.960000038146973,7.170000076293945,17978300
2026-04-14,7.03000020980835,7.03000020980835,7.179999828338623,6.980000019073486,7.059999942779541,13002100
2026-04-15,6.980000019073486,6.980000019073486,7.059999942779541,6.809999942779541,6.989999771118164,11906900
2026-04-16,6.989999771118164,6.989999771118164,7.21999979019165,6.980000019073486,7.019999980926514,20318900
2026-04-17,7.210000038146973,7.210000038146973,7.460000038146973,7.190000057220459,7.25,17082400
2026-04-20,7.269999980926514,7.269999980926514,7.429999828338623,7.150000095367432,7.190000057220459,9855300
2026-04-22,7.25,7.25,7.340000152587891,7.150000095367432,7.230000019073486,8667100
2026-04-23,7.210000038146973,7.210000038146973,7.320000171661377,7.150000095367432,7.25,11406200
2026-04-24,7.610000133514404,7.610000133514404,7.980000019073486,7.53000020980835,7.699999809265137,26926800
2026-04-27,8.140000343322754,8.140000343322754,8.140000343322754,7.659999847412109,7.670000076293945,30192400
2026-04-28,8.170000076293945,8.170000076293945,8.270000457763672,8.029999732971191,8.140000343322754,14742600
2026-04-29,8.0,8.0,8.300000190734863,7.949999809265137,8.149999618530273,14456800
2026-04-30,8.289999961853027,8.289999961853027,8.319999694824219,8.010000228881836,8.100000381469727,18381600
2026-05-04,8.229999542236328,8.229999542236328,8.369999885559082,8.210000038146973,8.279999732971191,7850600
2026-05-05,8.649999618530273,8.649999618530273,8.649999618530273,8.149999618530273,8.260000228881836,14209700
2026-05-06,8.739999771118164,8.739999771118164,8.979999542236328,8.649999618530273,8.869999885559082,20143600
2026-05-07,8.8100004196167,8.8100004196167,8.899999618530273,8.640000343322754,8.739999771118164,8442100
2026-05-08,8.989999771118164,8.989999771118164,9.15999984741211,8.859999656677246,8.989999771118164,21535000
2026-05-11,9.069999694824219,9.069999694824219,9.199999809265137,8.930000305175781,8.979999542236328,17168700
2026-05-12,8.970000267028809,8.970000267028809,9.050000190734863,8.800000190734863,9.029999732971191,16043200
2026-05-13,9.15999984741211,9.15999984741211,9.300000190734863,8.850000381469727,8.949999809265137,21768700
2026-05-14,9.890000343322754,9.890000343322754,9.930000305175781,9.1899995803833,9.229999542236328,25598600
2026-05-15,9.119999885559082,9.119999885559082,9.75,9.039999961853027,9.680000305175781,24973100
2026-05-18,9.029999732971191,9.029999732971191,9.380000114440918,8.890000343322754,9.140000343322754,13426800
2026-05-19,9.130000114440918,9.130000114440918,9.260000228881836,8.90999984741211,8.90999984741211,16915700
2026-05-20,9.609999656677246,9.609999656677246,9.680000305175781,9.1899995803833,9.1899995803833,12390100
2026-05-21,9.800000190734863,9.800000190734863,10.020000457763672,9.579999923706055,9.6899995803833,17941900
2026-05-22,10.350000381469727,10.350000381469727,10.479999542236328,9.75,9.800000190734863,22520300
2026-05-25,10.020000457763672,10.020000457763672,10.4399995803833,9.90999984741211,10.380000114440918,9533100
2026-05-26,9.65999984741211,9.65999984741211,10.100000381469727,9.59000015258789,10.0,25218800
2026-05-27,10.229999542236328,10.229999542236328,10.300000190734863,9.65999984741211,9.770000457763672,24385600
2026-05-28,10.649999618530273,10.649999618530273,10.710000038146973,10.210000038146973,10.25,17495100
2026-05-29,11.079999923706055,11.079999923706055,11.149999618530273,10.600000381469727,10.630000114440918,34573900
2026-06-01,11.09000015258789,11.09000015258789,11.170000076293945,10.800000190734863,11.0,12450100
2026-06-02,12.039999961853027,12.039999961853027,12.180000305175781,11.119999885559082,11.1899995803833,20771300
2026-06-03,11.460000038146973,11.460000038146973,11.890000343322754,11.300000190734863,11.800000190734863,13194300
2026-06-05,11.3100004196167,11.3100004196167,11.649999618530273,11.020000457763672,11.380000114440918,15525700
2026-06-08,11.180000305175781,11.180000305175781,11.420000076293945,10.9399995803833,11.270000457763672,14312400
2026-06-09,11.119999885559082,11.119999885559082,11.350000381469727,10.720000267028809,11.289999961853027,19186500
2026-06-10,10.960000038146973,10.960000038146973,11.220000267028809,10.8100004196167,10.9399995803833,14219500
2026-06-11,10.850000381469727,10.850000381469727,11.010000228881836,10.550000190734863,10.960000038146973,10590700
2026-06-12,10.850000381469727,10.850000381469727,11.09000015258789,10.6899995803833,10.819999694824219,8362300
2026-06-15,10.800000190734863,10.800000190734863,11.5,10.720000267028809,11.0,14081300
2026-06-16,10.130000114440918,10.130000114440918,10.350000381469727,10.0,10.319999694824219,20249300
2026-06-17,9.5600004196167,9.5600004196167,10.319999694824219,9.449999809265137,10.15999984741211,30483400
2026-06-18,9.100000381469727,9.100000381469727,9.640000343322754,9.100000381469727,9.539999961853027,14493300
2026-06-19,9.170000076293945,9.170000076293945,9.319999694824219,9.010000228881836,9.109999656677246,9671400
2026-06-22,9.109999656677246,9.109999656677246,9.300000190734863,9.100000381469727,9.229999542236328,8180500
2026-06-23,8.65999984741211,8.65999984741211,9.0600004196167,8.649999618530273,8.949999809265137,22636600
2026-06-24,8.680000305175781,8.680000305175781,8.829999923706055,8.550000190734863,8.680000305175781,12686900
2026-06-25,8.5,8.5,8.75,8.5,8.710000038146973,8204100
2026-06-26,8.270000457763672,8.270000457763672,8.539999961853027,8.270000457763672,8.539999961853027,12091000
