Price,Adj Close,Close,High,Low,Open,Volume
Ticker,AXIA3.SA,AXIA3.SA,AXIA3.SA,AXIA3.SA,AXIA3.SA,AXIA3.SA
Date,,,,,,
2021-06-28,38.185665130615234,44.52000045776367,44.79999923706055,43.9900016784668,44.15999984741211,4645500
2021-06-29,37.58525848388672,43.81999969482422,44.77000045776367,43.5099983215332,44.59000015258789,5026300
2021-06-30,37.02773666381836,43.16999816894531,43.86000061035156,42.939998626708984,43.75,4003800
2021-07-01,37.24216842651367,43.41999816894531,43.810001373291016,42.869998931884766,43.59000015258789,4009400
2021-07-02,37.36225128173828,43.560001373291016,43.84000015258789,43.25,43.599998474121094,2726400
2021-07-05,36.82189178466797,42.93000030517578,43.5,42.599998474121094,43.40999984741211,4749300
2021-07-06,36.573150634765625,42.63999938964844,42.959999084472656,42.16999816894531,42.459999084472656,3407500
2021-07-07,36.89051055908203,43.0099983215332,43.060001373291016,42.2400016784668,42.88999938964844,2946400
2021-07-08,36.62461853027344,42.70000076293945,42.900001525878906,41.81999969482422,42.220001220703125,3596700
2021-07-12,37.413719177246094,43.619998931884766,43.900001525878906,42.88999938964844,42.9900016784668,4403300
2021-07-13,37.182132720947266,43.349998474121094,44.11000061035156,43.08000183105469,44.08000183105469,5258400
2021-07-14,37.91119384765625,44.20000076293945,44.29999923706055,43.5,43.54999923706055,4765200
2021-07-15,37.71392059326172,43.970001220703125,44.36000061035156,43.560001373291016,44.099998474121094,3578500
2021-07-16,37.91119384765625,44.20000076293945,44.400001525878906,43.63999938964844,44.0,5477400
2021-07-19,37.310794830322266,43.5,43.59000015258789,42.810001373291016,43.59000015258789,3280300
2021-07-20,37.24216842651367,43.41999816894531,43.83000183105469,43.040000915527344,43.36000061035156,3138000
2021-07-21,37.03631591796875,43.18000030517578,43.70000076293945,42.939998626708984,43.470001220703125,2835600
2021-07-22,37.10493469238281,43.2599983215332,43.599998474121094,42.880001068115234,43.18000030517578,2133300
2021-07-23,36.298683166503906,42.31999969482422,43.400001525878906,41.93000030517578,43.290000915527344,3000100
2021-07-26,36.281524658203125,42.29999923706055,42.58000183105469,41.849998474121094,42.25,2310000
2021-07-27,36.44449234008789,42.4900016784668,42.4900016784668,41.61000061035156,42.04999923706055,3244700
2021-07-28,36.62461853027344,42.70000076293945,43.040000915527344,42.25,42.40999984741211,3167600
2021-07-29,36.272953033447266,42.290000915527344,43.04999923706055,41.95000076293945,42.81999969482422,3401000
2021-07-30,34.5232048034668,40.25,42.290000915527344,39.619998931884766,41.88999938964844,5840700
2021-08-02,34.57466506958008,40.310001373291016,41.349998474121094,40.310001373291016,40.7599983215332,4239100
2021-08-03,34.76335906982422,40.529998779296875,40.540000915527344,39.459999084472656,40.33000183105469,3744200
2021-08-04,34.70332336425781,40.459999084472656,40.689998626708984,39.779998779296875,40.16999816894531,2216000
2021-08-05,33.991416931152344,39.630001068115234,40.93000030517578,39.349998474121094,40.90999984741211,2605500
2021-08-06,35.38092041015625,41.25,41.529998779296875,39.52000045776367,39.63999938964844,4431100
2021-08-09,34.71189498901367,40.470001220703125,41.380001068115234,40.34000015258789,41.09000015258789,2423400
2021-08-10,34.2315788269043,39.90999984741211,40.790000915527344,39.84000015258789,40.72999954223633,2584400
2021-08-11,34.17153549194336,39.84000015258789,40.130001068115234,39.220001220703125,39.88999938964844,4447100
2021-08-12,33.63117599487305,39.209999084472656,40.189998626708984,38.91999816894531,40.099998474121094,2886900
2021-08-13,33.46820831298828,39.02000045776367,39.31999969482422,38.20000076293945,39.29999923706055,3132900
2021-08-16,32.387474060058594,37.7599983215332,39.099998474121094,37.59000015258789,38.86000061035156,5439300
2021-08-17,32.47325134277344,37.86000061035156,39.02000045776367,37.45000076293945,37.65999984741211,6817900
2021-08-18,31.915735244750977,37.209999084472656,38.20000076293945,36.900001525878906,37.900001525878906,5613200
2021-08-19,32.516136169433594,37.90999984741211,38.27000045776367,36.58000183105469,36.9900016784668,3450700
2021-08-20,32.704833984375,38.130001068115234,38.43000030517578,37.54999923706055,37.61000061035156,3222400
2021-08-23,32.24166488647461,37.59000015258789,38.130001068115234,37.29999923706055,38.099998474121094,4254300
2021-08-24,33.50251770019531,39.060001373291016,39.2599983215332,37.77000045776367,37.95000076293945,3689100
2021-08-25,33.49393844604492,39.04999923706055,39.130001068115234,38.61000061035156,39.130001068115234,2534400
2021-08-26,33.2880859375,38.810001373291016,39.56999969482422,38.61000061035156,38.970001220703125,3627000
2021-08-27,33.30524444580078,38.83000183105469,38.900001525878906,38.33000183105469,38.81999969482422,1914600
2021-08-30,32.55044937133789,37.95000076293945,38.779998779296875,37.709999084472656,38.779998779296875,3337000
2021-08-31,32.275978088378906,37.630001068115234,38.15999984741211,37.34000015258789,37.93000030517578,3457800
2021-09-01,33.17658233642578,38.68000030517578,39.38999938964844,37.630001068115234,37.650001525878906,5576100
2021-09-02,31.52118492126465,36.75,38.36000061035156,36.7400016784668,38.36000061035156,6729500
2021-09-03,31.907155990600586,37.20000076293945,37.29999923706055,36.40999984741211,37.119998931884766,6444000
2021-09-06,32.421791076660156,37.79999923706055,37.79999923706055,36.970001220703125,37.209999084472656,2597500
2021-09-08,29.41119384765625,34.290000915527344,37.66999816894531,34.2400016784668,37.66999816894531,10026700
2021-09-09,31.19525146484375,36.369998931884766,36.81999969482422,34.630001068115234,34.720001220703125,6352100
2021-09-10,31.20383071899414,36.380001068115234,37.79999923706055,36.2599983215332,37.0,4094500
2021-09-13,32.19878005981445,37.540000915527344,38.029998779296875,36.810001373291016,37.369998931884766,3392600
2021-09-14,32.76487731933594,38.20000076293945,38.34000015258789,37.2599983215332,37.63999938964844,4646800
2021-09-15,32.601905822753906,38.0099983215332,38.36000061035156,37.43000030517578,38.36000061035156,4552300
2021-09-16,32.32743453979492,37.689998626708984,38.060001373291016,37.380001068115234,37.7400016784668,3051300
2021-09-17,32.46467590332031,37.849998474121094,37.849998474121094,37.02000045776367,37.650001525878906,6196200
2021-09-20,31.761350631713867,37.029998779296875,37.91999816894531,36.560001373291016,37.650001525878906,6942700
2021-09-21,32.516136169433594,37.90999984741211,38.54999923706055,36.7599983215332,37.189998626708984,4327300
2021-09-22,32.55044937133789,37.95000076293945,38.54999923706055,37.90999984741211,38.04999923706055,3032100
2021-09-23,33.451053619384766,39.0,39.08000183105469,37.880001068115234,38.09000015258789,3228300
2021-09-24,33.71694564819336,39.310001373291016,39.59000015258789,38.43000030517578,38.72999954223633,3296500
2021-09-27,33.76841354370117,39.369998931884766,40.119998931884766,38.90999984741211,39.41999816894531,3939900
2021-09-28,33.32239532470703,38.849998474121094,39.630001068115234,38.40999984741211,39.04999923706055,4893000
2021-09-29,32.95357894897461,38.41999816894531,39.40999984741211,38.41999816894531,39.029998779296875,3942300
2021-09-30,33.03076934814453,38.5099983215332,39.29999923706055,38.04999923706055,38.689998626708984,4448700
2021-10-01,33.43389892578125,38.97999954223633,39.029998779296875,38.2599983215332,38.56999969482422,3428800
2021-10-04,31.70988655090332,36.970001220703125,38.630001068115234,36.2400016784668,38.630001068115234,6434100
2021-10-05,31.39252471923828,36.599998474121094,37.20000076293945,36.18000030517578,37.04999923706055,6052000
2021-10-06,31.21240234375,36.38999938964844,36.43000030517578,35.52000045776367,36.04999923706055,4365300
2021-10-07,31.744190216064453,37.0099983215332,37.31999969482422,36.41999816894531,36.41999816894531,4369500
2021-10-08,32.66195297241211,38.08000183105469,38.380001068115234,37.130001068115234,37.13999938964844,3833200
2021-10-11,33.52824783325195,39.09000015258789,39.36000061035156,37.5099983215332,38.15999984741211,4997200
2021-10-13,33.58829116821289,39.15999984741211,39.880001068115234,38.720001220703125,39.38999938964844,5710600
2021-10-14,34.24873733520508,39.93000030517578,40.08000183105469,38.84000015258789,39.369998931884766,3542700
2021-10-15,33.6740608215332,39.2599983215332,40.33000183105469,39.150001525878906,40.099998474121094,5268800
2021-10-18,34.83197784423828,40.61000061035156,40.84000015258789,38.56999969482422,38.88999938964844,5786900
2021-10-19,33.5797119140625,39.150001525878906,40.34000015258789,38.939998626708984,40.04999923706055,7132900
2021-10-20,32.57617950439453,37.97999954223633,40.540000915527344,37.720001220703125,39.470001220703125,10017000
2021-10-21,31.0837459564209,36.2400016784668,37.22999954223633,35.63999938964844,37.099998474121094,8464600
2021-10-22,30.42330551147461,35.470001220703125,36.130001068115234,33.52000045776367,35.66999816894531,13461400
2021-10-25,31.42683219909668,36.63999938964844,36.90999984741211,35.40999984741211,35.47999954223633,6241100
2021-10-26,31.032285690307617,36.18000030517578,36.4900016784668,35.09000015258789,36.18000030517578,4757600
2021-10-27,31.19525146484375,36.369998931884766,37.439998626708984,36.2400016784668,36.4900016784668,3274900
2021-10-28,30.82642936706543,35.939998626708984,36.810001373291016,35.83000183105469,36.040000915527344,2908700
2021-10-29,29.016647338867188,33.83000183105469,36.43000030517578,33.619998931884766,36.150001525878906,10895800
2021-11-01,30.063060760498047,35.04999923706055,35.400001525878906,33.93000030517578,33.93000030517578,3651700
2021-11-03,30.208877563476562,35.220001220703125,35.720001220703125,34.22999954223633,34.66999816894531,4045200
2021-11-04,28.450546264648438,33.16999816894531,35.2599983215332,32.86000061035156,35.119998931884766,6177900
2021-11-05,29.30826759338379,34.16999816894531,34.54999923706055,33.36000061035156,33.560001373291016,3723600
2021-11-08,29.222496032714844,34.06999969482422,34.66999816894531,33.81999969482422,34.029998779296875,3646800
2021-11-09,29.968706130981445,34.939998626708984,35.959999084472656,34.02000045776367,34.16999816894531,4601800
2021-11-10,30.534807205200195,35.599998474121094,36.150001525878906,34.959999084472656,34.970001220703125,4022800
2021-11-11,30.80927848815918,35.91999816894531,36.380001068115234,35.810001373291016,36.279998779296875,4261200
2021-11-12,30.55196189880371,35.619998931884766,36.58000183105469,35.47999954223633,36.2400016784668,2390600
2021-11-16,29.634204864501953,34.54999923706055,35.83000183105469,34.040000915527344,35.83000183105469,4221300
2021-11-17,27.670021057128906,32.2599983215332,33.9900016784668,31.950000762939453,33.9900016784668,10522900
2021-11-18,27.9016056060791,32.529998779296875,33.310001373291016,32.220001220703125,32.439998626708984,6187200
2021-11-19,28.339046478271484,33.040000915527344,33.369998931884766,32.68000030517578,32.79999923706055,2925700
2021-11-22,27.507057189941406,32.06999969482422,33.130001068115234,31.950000762939453,32.97999954223633,5104900
2021-11-23,28.218963623046875,32.900001525878906,33.130001068115234,31.65999984741211,32.220001220703125,4499300
2021-11-24,28.13319206237793,32.79999923706055,33.2599983215332,32.279998779296875,32.650001525878906,3006200
2021-11-25,28.82794761657715,33.61000061035156,34.36000061035156,32.83000183105469,33.060001373291016,2509300
2021-11-26,27.987380981445312,32.630001068115234,33.0,32.40999984741211,32.7400016784668,2190700
2021-11-29,28.236116409301758,32.91999816894531,33.29999923706055,32.68000030517578,33.04999923706055,2056200
2021-11-30,27.987380981445312,32.630001068115234,32.97999954223633,31.84000015258789,32.900001525878906,5784100
2021-12-01,28.09030532836914,32.75,33.70000076293945,32.29999923706055,32.869998931884766,4361200
2021-12-02,29.59131622314453,34.5,34.79999923706055,32.900001525878906,33.13999938964844,4693200
2021-12-03,30.35468292236328,35.38999938964844,35.5,34.36000061035156,34.5,5853900
2021-12-06,30.603424072265625,35.68000030517578,36.72999954223633,35.540000915527344,35.68000030517578,5694400
2021-12-07,30.140254974365234,35.13999938964844,36.27000045776367,34.79999923706055,36.27000045776367,3612900
2021-12-08,30.397567749023438,35.439998626708984,36.880001068115234,35.060001373291016,35.380001068115234,6709200
2021-12-09,29.419771194458008,34.29999923706055,35.369998931884766,34.2599983215332,34.95000076293945,3856300
2021-12-10,30.363265991210938,35.400001525878906,35.470001220703125,34.61000061035156,34.810001373291016,2506300
2021-12-13,30.877899169921875,36.0,36.599998474121094,35.41999816894531,35.619998931884766,3432900
2021-12-14,29.60847282409668,34.52000045776367,36.59000015258789,33.470001220703125,36.400001525878906,11591300
2021-12-15,29.488388061523438,34.380001068115234,34.540000915527344,29.899999618530273,33.0,28890600
2021-12-16,28.433395385742188,33.150001525878906,34.90999984741211,32.93000030517578,34.599998474121094,6244600
2021-12-17,29.008068084716797,33.81999969482422,33.81999969482422,32.58000183105469,33.18000030517578,10485300
2021-12-20,28.116039276123047,32.779998779296875,33.66999816894531,32.11000061035156,33.470001220703125,4126900
2021-12-21,28.253271102905273,32.939998626708984,33.45000076293945,32.689998626708984,32.88999938964844,3516200
2021-12-22,28.88798713684082,33.68000030517578,33.68000030517578,32.7400016784668,33.18000030517578,4351800
2021-12-23,28.519166946411133,33.25,33.81999969482422,33.11000061035156,33.7400016784668,2931100
2021-12-27,28.502010345458984,33.22999954223633,33.630001068115234,33.02000045776367,33.529998779296875,1515900
2021-12-28,28.647829055786133,33.400001525878906,33.41999816894531,32.880001068115234,33.310001373291016,1763200
2021-12-29,28.304737091064453,33.0,33.59000015258789,32.90999984741211,33.38999938964844,2213300
2021-12-30,28.656402587890625,33.40999984741211,33.83000183105469,32.959999084472656,33.189998626708984,3041600
2022-01-03,27.987380981445312,32.630001068115234,34.189998626708984,32.47999954223633,33.439998626708984,3669800
2022-01-04,27.38697624206543,31.93000030517578,32.619998931884766,31.600000381469727,32.619998931884766,3821000
2022-01-05,27.27547264099121,31.799999237060547,32.02000045776367,31.329999923706055,31.790000915527344,6998900
2022-01-06,27.232589721679688,31.75,32.0099983215332,31.540000915527344,31.969999313354492,4234800
2022-01-07,26.040361404418945,30.360000610351562,31.829999923706055,30.290000915527344,31.5,8964000
2022-01-10,25.28556251525879,29.479999542236328,30.760000228881836,29.200000762939453,30.299999237060547,8560300
2022-01-11,25.594345092773438,29.84000015258789,30.170000076293945,29.3799991607666,29.40999984741211,5495800
2022-01-12,26.940963745117188,31.40999984741211,31.579999923706055,29.639999389648438,30.540000915527344,5716100
2022-01-13,26.949541091918945,31.420000076293945,32.34000015258789,30.90999984741211,31.40999984741211,6357100
2022-01-14,27.11250877380371,31.610000610351562,31.81999969482422,30.90999984741211,31.350000381469727,4109600
2022-01-17,27.181123733520508,31.690000534057617,31.940000534057617,31.06999969482422,31.459999084472656,2160200
2022-01-18,27.1897029876709,31.700000762939453,32.029998779296875,31.299999237060547,31.5,3460900
2022-01-19,28.339046478271484,33.040000915527344,33.38999938964844,31.899999618530273,31.93000030517578,4964400
2022-01-20,28.690711975097656,33.45000076293945,33.779998779296875,32.900001525878906,33.060001373291016,4486300
2022-01-21,29.153879165649414,33.9900016784668,34.41999816894531,33.25,33.56999969482422,4323100
2022-01-24,28.570629119873047,33.310001373291016,34.529998779296875,33.150001525878906,34.0,4727900
2022-01-25,29.188186645507812,34.029998779296875,34.2400016784668,32.97999954223633,33.0099983215332,3168500
2022-01-26,30.105947494506836,35.099998474121094,35.45000076293945,34.349998474121094,34.65999984741211,6236000
2022-01-27,29.934404373168945,34.900001525878906,36.20000076293945,34.66999816894531,35.599998474121094,4578400
2022-01-28,30.388994216918945,35.43000030517578,35.529998779296875,34.630001068115234,34.75,3141100
2022-01-31,30.26891326904297,35.290000915527344,35.650001525878906,34.650001525878906,35.4900016784668,3807500
2022-02-01,29.69424057006836,34.619998931884766,35.459999084472656,34.439998626708984,35.40999984741211,2816900
2022-02-02,29.059532165527344,33.880001068115234,35.06999969482422,33.130001068115234,34.63999938964844,6720200
2022-02-03,29.454078674316406,34.34000015258789,34.529998779296875,33.52000045776367,33.75,3326600
2022-02-04,28.896562576293945,33.689998626708984,34.2599983215332,33.40999984741211,34.040000915527344,3222700
2022-02-07,28.69928741455078,33.459999084472656,33.75,33.06999969482422,33.70000076293945,3525400
2022-02-08,28.433395385742188,33.150001525878906,33.459999084472656,32.869998931884766,33.29999923706055,2313900
2022-02-09,29.153879165649414,33.9900016784668,34.13999938964844,32.290000915527344,33.25,7385500
2022-02-10,29.153879165649414,33.9900016784668,34.470001220703125,33.61000061035156,34.0,3572300
2022-02-11,28.587783813476562,33.33000183105469,34.5,33.16999816894531,34.119998931884766,3691700
2022-02-14,28.664976119995117,33.41999816894531,33.9900016784668,32.97999954223633,33.36000061035156,3816600
2022-02-15,30.44903564453125,35.5,35.5,33.209999084472656,33.66999816894531,9306600
2022-02-16,30.165987014770508,35.16999816894531,36.88999938964844,35.060001373291016,36.13999938964844,8382500
2022-02-17,30.1745662689209,35.18000030517578,35.650001525878906,34.84000015258789,35.5,3425900
2022-02-18,29.7199764251709,34.650001525878906,35.54999923706055,34.56999969482422,35.54999923706055,3629600
2022-02-21,29.042373657226562,33.86000061035156,34.88999938964844,33.79999923706055,34.77000045776367,2492100
2022-02-22,29.256805419921875,34.11000061035156,34.810001373291016,33.65999984741211,33.90999984741211,3178800
2022-02-23,29.8829402923584,34.84000015258789,35.310001373291016,34.52000045776367,34.70000076293945,5155000
2022-02-24,28.99091148376465,33.79999923706055,34.25,32.88999938964844,34.0099983215332,6111000
2022-02-25,29.82290267944336,34.77000045776367,34.77000045776367,33.810001373291016,33.86000061035156,3388700
2022-03-02,29.59131622314453,34.5,35.060001373291016,34.369998931884766,34.83000183105469,2516300
2022-03-03,30.097368240356445,35.09000015258789,35.58000183105469,34.310001373291016,34.45000076293945,3881300
2022-03-04,29.75428009033203,34.689998626708984,35.18000030517578,33.7599983215332,35.099998474121094,4055000
2022-03-07,28.201812744140625,32.880001068115234,34.61000061035156,32.75,34.61000061035156,3542900
2022-03-08,28.570629119873047,33.310001373291016,33.65999984741211,32.38999938964844,32.869998931884766,5133200
2022-03-09,29.968706130981445,34.939998626708984,35.59000015258789,33.529998779296875,33.689998626708984,6186900
2022-03-10,29.745704650878906,34.68000030517578,34.689998626708984,33.16999816894531,34.459999084472656,5000700
2022-03-11,29.188186645507812,34.029998779296875,35.06999969482422,33.77000045776367,34.810001373291016,3297500
2022-03-14,28.896562576293945,33.689998626708984,34.709999084472656,33.459999084472656,34.220001220703125,2139300
2022-03-15,28.948026657104492,33.75,34.25,33.20000076293945,33.63999938964844,3348100
2022-03-16,28.69928741455078,33.459999084472656,34.209999084472656,33.0099983215332,33.77000045776367,3609500
2022-03-17,29.248228073120117,34.099998474121094,34.31999969482422,33.09000015258789,33.45000076293945,4498000
2022-03-18,30.071640014648438,35.060001373291016,35.060001373291016,33.83000183105469,34.22999954223633,5150300
2022-03-21,29.7199764251709,34.650001525878906,35.31999969482422,34.310001373291016,35.290000915527344,3726900
2022-03-22,30.749235153198242,35.849998474121094,36.08000183105469,35.0,35.06999969482422,6659200
2022-03-23,30.723506927490234,35.81999969482422,36.08000183105469,35.20000076293945,35.9900016784668,4518900
2022-03-24,31.032285690307617,36.18000030517578,36.25,35.7599983215332,35.93000030517578,4579800
2022-03-25,31.33248519897461,36.529998779296875,36.779998779296875,36.0,36.36000061035156,3122200
2022-03-28,31.37537384033203,36.58000183105469,37.02000045776367,36.36000061035156,36.91999816894531,4053500
2022-03-29,31.769920349121094,37.040000915527344,37.790000915527344,36.86000061035156,37.33000183105469,4813000
2022-03-30,31.69272804260254,36.95000076293945,37.099998474121094,36.279998779296875,36.9900016784668,4649400
2022-03-31,32.57617950439453,37.97999954223633,38.16999816894531,36.810001373291016,37.060001373291016,5429400
2022-04-01,33.70836639404297,39.29999923706055,39.869998931884766,38.06999969482422,38.20000076293945,7538500
2022-04-04,33.96568298339844,39.599998474121094,40.0099983215332,38.869998931884766,39.29999923706055,5882700
2022-04-05,32.65337371826172,38.06999969482422,39.58000183105469,38.02000045776367,39.58000183105469,5126300
2022-04-06,33.879913330078125,39.5,39.7599983215332,36.75,37.75,12738400
2022-04-07,34.9434814453125,40.7400016784668,41.52000045776367,39.40999984741211,39.93000030517578,11605600
2022-04-08,36.79616165161133,42.900001525878906,43.16999816894531,40.720001220703125,40.84000015258789,13924800
2022-04-11,35.79262924194336,41.72999954223633,42.689998626708984,40.400001525878906,42.56999969482422,12349700
2022-04-12,36.238643646240234,42.25,43.349998474121094,41.95000076293945,42.2599983215332,6354700
2022-04-13,37.22502136230469,43.400001525878906,43.58000183105469,41.7599983215332,42.619998931884766,11457000
2022-04-14,37.22502136230469,43.400001525878906,43.619998931884766,42.95000076293945,43.47999954223633,8804400
2022-04-18,36.42734146118164,42.470001220703125,43.349998474121094,42.20000076293945,43.040000915527344,4780600
2022-04-19,34.82340621948242,40.599998474121094,42.650001525878906,39.380001068115234,42.650001525878906,12298300
2022-04-20,36.19575500488281,42.20000076293945,42.900001525878906,40.13999938964844,41.189998626708984,18720500
2022-04-22,34.40312194824219,40.11000061035156,41.459999084472656,39.79999923706055,41.11000061035156,7978100
2022-04-25,35.07962417602539,40.11000061035156,40.11000061035156,40.11000061035156,40.11000061035156,0
2022-04-26,34.58110427856445,39.540000915527344,40.5,39.540000915527344,40.0,6735800
2022-04-27,35.14084243774414,40.18000030517578,40.79999923706055,39.81999969482422,40.68000030517578,6280400
2022-04-28,35.560638427734375,40.65999984741211,41.33000183105469,39.970001220703125,40.29999923706055,5106000
2022-04-29,35.4032096862793,40.47999954223633,42.619998931884766,40.47999954223633,41.04999923706055,8112100
2022-05-02,34.170047760009766,39.06999969482422,40.33000183105469,37.849998474121094,40.2599983215332,7225500
2022-05-03,33.977638244628906,38.849998474121094,39.310001373291016,38.56999969482422,38.970001220703125,3544000
2022-05-04,34.76476287841797,39.75,39.93000030517578,37.4900016784668,38.38999938964844,4692000
2022-05-05,34.20503234863281,39.11000061035156,39.959999084472656,38.459999084472656,39.47999954223633,5535000
2022-05-06,33.82020950317383,38.66999816894531,39.790000915527344,38.529998779296875,38.97999954223633,3867300
2022-05-09,34.065101623535156,38.95000076293945,39.310001373291016,38.27000045776367,38.459999084472656,2566900
2022-05-10,34.87846755981445,39.880001068115234,40.43000030517578,39.08000183105469,39.20000076293945,5029700
2022-05-11,34.76476287841797,39.75,40.70000076293945,39.43000030517578,40.70000076293945,4436300
2022-05-12,35.12334442138672,40.15999984741211,40.349998474121094,39.18000030517578,39.47999954223633,4206000
2022-05-13,36.12037658691406,41.29999923706055,42.11000061035156,40.27000045776367,40.45000076293945,5808900
2022-05-16,36.66261672973633,41.91999816894531,42.38999938964844,41.36000061035156,41.65999984741211,3459000
2022-05-17,38.07069778442383,43.529998779296875,43.970001220703125,42.2599983215332,42.349998474121094,6335800
2022-05-18,37.24858856201172,42.59000015258789,44.18000030517578,41.029998779296875,43.959999084472656,13009500
2022-05-19,38.376808166503906,43.880001068115234,44.77000045776367,43.099998474121094,43.97999954223633,13065600
2022-05-20,38.45552062988281,43.970001220703125,44.869998931884766,43.290000915527344,44.59000015258789,7056700
2022-05-23,38.3243293762207,43.81999969482422,44.459999084472656,43.40999984741211,44.459999084472656,5456400
2022-05-24,39.0852165222168,44.689998626708984,44.689998626708984,43.380001068115234,43.52000045776367,8848100
2022-05-25,39.286373138427734,44.91999816894531,45.619998931884766,44.40999984741211,44.40999984741211,7581800
2022-05-26,38.48175811767578,44.0,45.84000015258789,43.29999923706055,45.0,15942300
2022-05-27,38.00947952270508,43.459999084472656,44.31999969482422,43.150001525878906,43.29999923706055,11000200
2022-05-30,36.732582092285156,42.0,43.58000183105469,41.38999938964844,43.369998931884766,9177700
2022-05-31,36.85502624511719,42.13999938964844,43.25,41.75,42.13999938964844,16773300
2022-06-01,37.60717010498047,43.0,43.13999938964844,41.599998474121094,41.72999954223633,6499400
2022-06-02,37.89578628540039,43.33000183105469,43.56999969482422,42.75,43.36000061035156,7331000
2022-06-03,36.69759750366211,41.959999084472656,43.349998474121094,41.90999984741211,43.349998474121094,9404100
2022-06-06,36.64512634277344,41.900001525878906,42.650001525878906,41.099998474121094,41.79999923706055,9545000
2022-06-07,36.55766677856445,41.79999923706055,42.349998474121094,41.58000183105469,41.93000030517578,6189000
2022-06-08,36.85502624511719,42.13999938964844,43.029998779296875,41.43000030517578,42.0,12365700
2022-06-09,37.64215850830078,43.040000915527344,44.13999938964844,41.939998626708984,42.310001373291016,18260200
2022-06-10,35.85799789428711,41.0,41.70000076293945,39.75,41.0,79306200
2022-06-13,35.07086944580078,40.099998474121094,40.25,39.40999984741211,39.79999923706055,71159100
2022-06-14,36.25156021118164,41.45000076293945,41.939998626708984,40.31999969482422,40.40999984741211,41560700
2022-06-15,37.2573356628418,42.599998474121094,42.7599983215332,41.70000076293945,41.900001525878906,116486600
2022-06-17,37.510963439941406,42.88999938964844,43.41999816894531,41.560001373291016,42.06999969482422,53477800
2022-06-20,38.1756477355957,43.650001525878906,45.060001373291016,42.619998931884766,43.22999954223633,26038000
2022-06-21,38.48175811767578,44.0,44.650001525878906,43.650001525878906,43.81999969482422,25250100
2022-06-22,38.901554107666016,44.47999954223633,44.84000015258789,43.29999923706055,43.38999938964844,18334100
2022-06-23,38.33307647705078,43.83000183105469,44.650001525878906,43.529998779296875,44.560001373291016,30415700
2022-06-24,38.70039367675781,44.25,44.47999954223633,43.849998474121094,44.2599983215332,15344000
2022-06-27,39.618717193603516,45.29999923706055,45.400001525878906,44.11000061035156,44.13999938964844,15156800
2022-06-28,39.84611129760742,45.560001373291016,46.029998779296875,45.2599983215332,45.380001068115234,19683200
2022-06-29,39.98604202270508,45.720001220703125,46.119998931884766,45.439998626708984,45.689998626708984,12241800
2022-06-30,40.405845642089844,46.20000076293945,46.54999923706055,45.0,45.290000915527344,21345700
2022-07-01,40.099735260009766,45.849998474121094,46.56999969482422,45.68000030517578,46.0,20404200
2022-07-04,39.566246032714844,45.2400016784668,45.95000076293945,45.099998474121094,45.59000015258789,6994300
2022-07-05,39.10271072387695,44.709999084472656,45.150001525878906,43.720001220703125,44.880001068115234,15913300
2022-07-06,38.63917922973633,44.18000030517578,44.77000045776367,43.439998626708984,44.40999984741211,10202500
2022-07-07,39.10271072387695,44.709999084472656,45.29999923706055,44.310001373291016,44.630001068115234,9557600
2022-07-08,38.438026428222656,43.95000076293945,45.27000045776367,43.720001220703125,44.7599983215332,6494900
2022-07-11,36.95123291015625,42.25,43.90999984741211,41.779998779296875,43.81999969482422,18533900
2022-07-12,37.510963439941406,42.88999938964844,43.22999954223633,41.31999969482422,42.209999084472656,14348800
2022-07-13,37.773338317871094,43.189998626708984,43.849998474121094,42.459999084472656,42.599998474121094,13745200
2022-07-14,38.13192367553711,43.599998474121094,43.630001068115234,42.41999816894531,42.63999938964844,11617100
2022-07-15,38.525482177734375,44.04999923706055,44.20000076293945,42.47999954223633,43.61000061035156,10961000
2022-07-18,38.38555145263672,43.88999938964844,45.06999969482422,43.439998626708984,44.43000030517578,7881500
2022-07-19,38.67416763305664,44.220001220703125,44.43000030517578,43.77000045776367,44.0,6569000
2022-07-20,38.80534744262695,44.369998931884766,45.29999923706055,44.060001373291016,44.79999923706055,13536400
2022-07-21,38.971519470214844,44.560001373291016,44.779998779296875,43.720001220703125,44.13999938964844,6380900
2022-07-22,39.03274917602539,44.630001068115234,44.83000183105469,44.029998779296875,44.599998474121094,6223900
2022-07-25,39.225154876708984,44.849998474121094,45.130001068115234,44.459999084472656,44.790000915527344,4916600
2022-07-26,39.05023956298828,44.650001525878906,45.040000915527344,44.52000045776367,44.95000076293945,6151600
2022-07-27,39.679935455322266,45.369998931884766,45.540000915527344,44.709999084472656,44.709999084472656,6447300
2022-07-28,39.749900817871094,45.45000076293945,45.68000030517578,45.0,45.29999923706055,6555800
2022-07-29,40.06475830078125,45.810001373291016,46.5,45.369998931884766,45.5,9710100
2022-08-01,40.668216705322266,46.5,46.88999938964844,45.65999984741211,45.79999923706055,12239200
2022-08-02,40.983070373535156,46.86000061035156,47.18000030517578,46.36000061035156,46.68000030517578,7477600
2022-08-03,41.1142578125,47.0099983215332,47.38999938964844,46.22999954223633,46.869998931884766,8281500
2022-08-04,42.25996398925781,48.31999969482422,48.45000076293945,47.189998626708984,47.34000015258789,15902400
2022-08-05,42.09379196166992,48.130001068115234,48.5099983215332,47.540000915527344,48.459999084472656,9913300
2022-08-08,42.233726501464844,48.290000915527344,49.13999938964844,48.040000915527344,48.709999084472656,13648400
2022-08-09,42.268707275390625,48.33000183105469,48.68000030517578,48.040000915527344,48.4900016784668,8947200
2022-08-10,41.96260452270508,47.97999954223633,48.900001525878906,47.369998931884766,48.79999923706055,10893300
2022-08-11,41.070526123046875,46.959999084472656,48.61000061035156,46.720001220703125,48.13999938964844,12131500
2022-08-12,41.0180549621582,46.900001525878906,47.5,46.119998931884766,47.25,15113300
2022-08-15,42.57481002807617,48.68000030517578,48.970001220703125,46.11000061035156,46.72999954223633,14567700
2022-08-16,42.36491012573242,48.439998626708984,48.939998626708984,47.81999969482422,48.72999954223633,11119100
2022-08-17,43.379432678222656,49.599998474121094,49.7400016784668,48.13999938964844,48.369998931884766,18579900
2022-08-18,43.222007751464844,49.41999816894531,50.34000015258789,49.20000076293945,50.0,12161900
2022-08-19,42.1287727355957,48.16999816894531,49.04999923706055,47.900001525878906,48.97999954223633,9494700
2022-08-22,41.612770080566406,47.58000183105469,48.2400016784668,47.150001525878906,48.20000076293945,9645800
2022-08-23,41.63901138305664,47.61000061035156,48.29999923706055,47.41999816894531,47.540000915527344,7131200
2022-08-24,41.52531051635742,47.47999954223633,48.220001220703125,47.380001068115234,47.5,6350200
2022-08-25,40.92184829711914,46.790000915527344,48.130001068115234,46.33000183105469,47.959999084472656,6883100
2022-08-26,40.53702926635742,46.349998474121094,47.18000030517578,45.95000076293945,47.09000015258789,5999900
2022-08-29,40.80815505981445,46.65999984741211,47.06999969482422,46.11000061035156,46.27000045776367,5323100
2022-08-30,40.26591110229492,46.040000915527344,47.060001373291016,45.84000015258789,46.619998931884766,4693600
2022-08-31,40.32713317871094,46.11000061035156,47.40999984741211,45.709999084472656,46.400001525878906,12617000
2022-09-01,40.93933868408203,46.810001373291016,46.91999816894531,45.84000015258789,46.29999923706055,9101500
2022-09-02,40.676963806152344,46.5099983215332,47.209999084472656,46.09000015258789,46.849998474121094,27646700
2022-09-05,40.624488830566406,46.45000076293945,47.119998931884766,46.119998931884766,46.83000183105469,8152700
2022-09-06,39.496273040771484,45.15999984741211,45.81999969482422,44.599998474121094,45.5,14135500
2022-09-08,39.54874801635742,45.220001220703125,45.93000030517578,44.560001373291016,45.0099983215332,7704700
2022-09-09,39.65370178222656,45.34000015258789,45.65999984741211,45.20000076293945,45.27000045776367,5292800
2022-09-12,40.32713317871094,46.11000061035156,46.619998931884766,45.630001068115234,45.70000076293945,8273400
2022-09-13,39.75865173339844,45.459999084472656,46.38999938964844,45.209999084472656,45.470001220703125,6541900
2022-09-14,39.679935455322266,45.369998931884766,45.560001373291016,44.779998779296875,45.54999923706055,6045000
2022-09-15,39.0852165222168,44.689998626708984,45.47999954223633,44.43000030517578,45.400001525878906,6860000
2022-09-16,38.376808166503906,43.880001068115234,44.790000915527344,43.650001525878906,44.689998626708984,16696700
2022-09-19,38.62168502807617,44.15999984741211,44.369998931884766,43.470001220703125,44.04999923706055,6473600
2022-09-20,38.49924850463867,44.02000045776367,44.75,43.369998931884766,44.459999084472656,11706600
2022-09-21,38.74413299560547,44.29999923706055,44.790000915527344,43.66999816894531,44.040000915527344,6572100
2022-09-22,40.318382263183594,46.099998474121094,46.31999969482422,44.31999969482422,44.900001525878906,11489200
2022-09-23,40.187198638916016,45.95000076293945,46.150001525878906,45.29999923706055,45.91999816894531,9401800
2022-09-26,38.94528579711914,44.529998779296875,45.779998779296875,44.41999816894531,45.779998779296875,10723700
2022-09-27,37.8258171081543,43.25,44.970001220703125,43.16999816894531,44.970001220703125,8178900
2022-09-28,37.292320251464844,42.63999938964844,43.52000045776367,42.599998474121094,43.43000030517578,7160200
2022-09-29,37.143638610839844,42.470001220703125,42.790000915527344,41.41999816894531,42.29999923706055,8466600
2022-09-30,37.58092498779297,42.970001220703125,43.349998474121094,42.15999984741211,42.290000915527344,10266100
2022-10-03,40.07350158691406,45.81999969482422,45.81999969482422,44.0,44.0,15090000
2022-10-04,39.05023956298828,44.650001525878906,46.54999923706055,44.400001525878906,46.54999923706055,13348000
2022-10-05,38.55172348022461,44.08000183105469,44.83000183105469,43.7400016784668,44.83000183105469,6499900
2022-10-06,39.85485076904297,45.56999969482422,46.09000015258789,44.33000183105469,44.56999969482422,15821700
2022-10-07,39.7324104309082,45.43000030517578,45.7400016784668,44.810001373291016,45.41999816894531,6388200
2022-10-10,40.16095733642578,45.91999816894531,45.970001220703125,45.400001525878906,45.79999923706055,7335100
2022-10-11,39.83736038208008,45.54999923706055,46.16999816894531,45.29999923706055,45.790000915527344,9797800
2022-10-13,39.3563346862793,45.0,45.52000045776367,44.18000030517578,44.810001373291016,9846000
2022-10-14,38.39430236816406,43.900001525878906,45.29999923706055,43.459999084472656,45.09000015258789,6630900
2022-10-17,40.274654388427734,46.04999923706055,46.54999923706055,44.31999969482422,44.650001525878906,17241200
2022-10-18,41.12300109863281,47.02000045776367,47.099998474121094,46.04999923706055,46.79999923706055,13743500
2022-10-19,41.42036056518555,47.36000061035156,47.560001373291016,46.72999954223633,46.970001220703125,10043800
2022-10-20,41.84016036987305,47.84000015258789,48.11000061035156,47.220001220703125,47.400001525878906,11456500
2022-10-21,42.828453063964844,48.970001220703125,48.970001220703125,47.31999969482422,47.66999816894531,51870400
2022-10-24,41.9801025390625,48.0,48.540000915527344,47.130001068115234,48.400001525878906,12798400
2022-10-25,41.19296646118164,47.099998474121094,47.9900016784668,46.970001220703125,47.9900016784668,11348900
2022-10-26,39.65370178222656,45.34000015258789,47.099998474121094,45.11000061035156,46.70000076293945,11440900
2022-10-27,41.621517181396484,47.59000015258789,48.27000045776367,45.650001525878906,46.220001220703125,14185600
2022-10-28,42.3474235534668,48.41999816894531,48.70000076293945,46.970001220703125,47.310001373291016,12966700
2022-10-31,43.571842193603516,49.81999969482422,50.189998626708984,46.66999816894531,46.689998626708984,19791000
2022-11-01,43.33570098876953,49.54999923706055,50.43000030517578,49.04999923706055,49.560001373291016,15761300
2022-11-03,44.31523513793945,50.66999816894531,51.18000030517578,48.369998931884766,49.09000015258789,16182400
2022-11-04,45.10236740112305,51.56999969482422,52.4900016784668,50.86000061035156,51.150001525878906,12980900
2022-11-07,42.67976379394531,48.79999923706055,51.540000915527344,48.79999923706055,51.29999923706055,13361500
2022-11-08,42.837188720703125,48.97999954223633,49.63999938964844,48.36000061035156,48.38999938964844,6751400
2022-11-09,42.32993698120117,48.400001525878906,49.619998931884766,48.31999969482422,48.7599983215332,12152400
2022-11-10,39.3563346862793,45.0,46.9900016784668,43.790000915527344,46.9900016784668,34317800
2022-11-11,39.417564392089844,45.06999969482422,46.04999923706055,43.97999954223633,44.529998779296875,15988900
2022-11-14,39.767398834228516,45.470001220703125,46.04999923706055,44.97999954223633,45.400001525878906,7633000
2022-11-16,38.30683898925781,43.79999923706055,45.529998779296875,43.439998626708984,45.2400016784668,14576600
2022-11-17,38.3243293762207,43.81999969482422,43.81999969482422,41.75,43.0,15371600
2022-11-18,38.50798797607422,44.029998779296875,44.5099983215332,43.630001068115234,44.04999923706055,7303500
2022-11-21,39.898582458496094,45.619998931884766,46.0,44.189998626708984,44.97999954223633,11063500
2022-11-22,39.83736038208008,45.54999923706055,46.470001220703125,45.0,45.95000076293945,7348100
2022-11-23,39.54874801635742,45.220001220703125,45.630001068115234,44.43000030517578,45.0,7907500
2022-11-24,40.93059158325195,46.79999923706055,47.27000045776367,45.4900016784668,45.68000030517578,5751400
2022-11-25,39.644954681396484,45.33000183105469,46.75,44.91999816894531,46.630001068115234,5582000
2022-11-28,39.98604202270508,45.720001220703125,45.9900016784668,44.86000061035156,45.29999923706055,4795200
2022-11-29,40.685707092285156,46.52000045776367,47.09000015258789,44.79999923706055,45.540000915527344,9659600
2022-11-30,41.54280471801758,47.5,47.5,45.25,46.540000915527344,29801200
2022-12-01,40.318382263183594,46.099998474121094,47.38999938964844,45.70000076293945,46.9900016784668,12198800
2022-12-02,38.4730110168457,43.9900016784668,47.720001220703125,43.90999984741211,46.25,18112300
2022-12-05,37.60717010498047,43.0,43.79999923706055,42.459999084472656,43.150001525878906,14192100
2022-12-06,37.8258171081543,43.25,43.38999938964844,42.869998931884766,43.349998474121094,7554600
2022-12-07,38.41178512573242,43.91999816894531,44.95000076293945,43.310001373291016,43.369998931884766,11150100
2022-12-08,37.60717010498047,43.0,43.90999984741211,42.75,43.5,7325000
2022-12-09,37.31855392456055,42.66999816894531,43.209999084472656,42.470001220703125,43.119998931884766,13815900
2022-12-12,36.72384262084961,41.9900016784668,43.15999984741211,40.529998779296875,42.79999923706055,21856400
2022-12-13,36.68010711669922,41.939998626708984,43.15999984741211,41.400001525878906,42.2599983215332,17702900
2022-12-14,36.575157165527344,41.81999969482422,42.029998779296875,40.2400016784668,41.560001373291016,22002800
2022-12-15,36.050411224365234,41.220001220703125,42.400001525878906,40.939998626708984,41.849998474121094,15102600
2022-12-16,35.805519104003906,40.939998626708984,41.68000030517578,40.290000915527344,41.38999938964844,23742100
2022-12-19,36.426475524902344,41.650001525878906,42.25,41.08000183105469,41.290000915527344,15720900
2022-12-20,37.117401123046875,42.439998626708984,43.130001068115234,41.29999923706055,41.400001525878906,7800700
2022-12-21,37.2573356628418,42.599998474121094,43.040000915527344,41.83000183105469,42.54999923706055,10628600
2022-12-22,37.24858856201172,42.59000015258789,42.95000076293945,41.41999816894531,42.75,15805600
2022-12-23,37.773338317871094,43.189998626708984,44.15999984741211,42.72999954223633,42.83000183105469,8749600
2022-12-26,37.4847297668457,42.86000061035156,43.220001220703125,42.31999969482422,43.0,2088300
2022-12-27,36.49644470214844,41.72999954223633,42.97999954223633,41.20000076293945,42.93000030517578,8171600
2022-12-28,37.178619384765625,42.5099983215332,42.7400016784668,41.349998474121094,42.08000183105469,7246500
2022-12-29,36.83753204345703,42.119998931884766,43.06999969482422,41.599998474121094,42.79999923706055,22931600
2023-01-02,35.499420166015625,40.59000015258789,41.060001373291016,40.0,40.849998474121094,7446100
2023-01-03,34.83473587036133,39.83000183105469,41.189998626708984,39.56999969482422,40.29999923706055,16503800
2023-01-04,35.77054214477539,40.900001525878906,41.72999954223633,40.540000915527344,41.5,15637400
2023-01-05,35.84050369262695,40.97999954223633,41.130001068115234,40.70000076293945,40.88999938964844,10605400
2023-01-06,35.85799789428711,41.0,41.849998474121094,40.86000061035156,40.97999954223633,9181000
2023-01-09,36.12037658691406,41.29999923706055,41.880001068115234,40.7400016784668,41.0,8184900
2023-01-10,35.77054214477539,40.900001525878906,41.459999084472656,40.08000183105469,40.86000061035156,14765300
2023-01-11,37.388519287109375,42.75,42.880001068115234,40.56999969482422,40.869998931884766,10685800
2023-01-12,37.05617904663086,42.369998931884766,43.459999084472656,42.189998626708984,42.75,8730800
2023-01-13,36.36526107788086,41.58000183105469,42.189998626708984,41.41999816894531,41.790000915527344,9953700
2023-01-16,35.7005729675293,40.81999969482422,41.84000015258789,40.7599983215332,41.380001068115234,8996500
2023-01-17,36.34776306152344,41.560001373291016,41.83000183105469,40.79999923706055,40.9900016784668,10807100
2023-01-18,36.47021484375,41.70000076293945,42.15999984741211,41.349998474121094,41.95000076293945,7314400
2023-01-19,36.47021484375,41.70000076293945,41.959999084472656,40.849998474121094,41.209999084472656,8510400
2023-01-20,35.84050369262695,40.97999954223633,41.689998626708984,40.650001525878906,41.54999923706055,12123500
2023-01-23,35.753047943115234,40.880001068115234,41.560001373291016,40.75,41.0,11412800
2023-01-24,36.41773223876953,41.63999938964844,41.77000045776367,41.029998779296875,41.130001068115234,7517700
2023-01-25,37.327301025390625,42.68000030517578,42.79999923706055,41.29999923706055,41.97999954223633,8243200
2023-01-26,37.327301025390625,42.68000030517578,43.040000915527344,42.59000015258789,42.66999816894531,11768700
2023-01-27,36.12037658691406,41.29999923706055,42.529998779296875,41.27000045776367,42.529998779296875,8572600
2023-01-30,35.595619201660156,40.70000076293945,41.77000045776367,40.41999816894531,41.4900016784668,10044100
2023-01-31,35.55189514160156,40.650001525878906,41.13999938964844,40.25,40.709999084472656,11832100
2023-02-01,34.825984954833984,39.81999969482422,40.959999084472656,39.08000183105469,40.560001373291016,16571000
2023-02-02,34.108829498291016,39.0,40.75,38.83000183105469,39.599998474121094,15945600
2023-02-03,33.2342414855957,38.0,39.04999923706055,37.970001220703125,38.95000076293945,9011400
2023-02-06,33.41790771484375,38.209999084472656,38.290000915527344,37.65999984741211,38.16999816894531,7030200
2023-02-07,32.2459602355957,36.869998931884766,38.31999969482422,36.630001068115234,38.310001373291016,15409200
2023-02-08,32.60453414916992,37.279998779296875,37.290000915527344,36.560001373291016,37.029998779296875,13457000
2023-02-09,31.887378692626953,36.459999084472656,37.41999816894531,36.290000915527344,37.31999969482422,9929200
2023-02-10,32.385894775390625,37.029998779296875,37.2599983215332,36.130001068115234,36.130001068115234,8852500
2023-02-13,32.044803619384766,36.63999938964844,37.22999954223633,36.400001525878906,36.81999969482422,4832000
2023-02-14,30.86411476135254,35.290000915527344,36.7599983215332,34.900001525878906,36.72999954223633,15987600
2023-02-15,31.353879928588867,35.849998474121094,36.220001220703125,34.540000915527344,34.95000076293945,17316900
2023-02-16,31.45883560180664,35.970001220703125,35.970001220703125,34.439998626708984,35.849998474121094,15698600
2023-02-17,31.39761734008789,35.900001525878906,36.45000076293945,35.5,35.650001525878906,8817000
2023-02-22,30.418075561523438,34.779998779296875,35.400001525878906,34.650001525878906,35.16999816894531,7649500
2023-02-23,30.321870803833008,34.66999816894531,35.13999938964844,34.36000061035156,34.86000061035156,6356800
2023-02-24,30.181936264038086,34.5099983215332,35.04999923706055,34.2599983215332,34.66999816894531,8020000
2023-02-27,30.269399642944336,34.61000061035156,34.91999816894531,34.22999954223633,34.63999938964844,5633900
2023-02-28,30.015769958496094,34.31999969482422,34.90999984741211,33.880001068115234,34.61000061035156,10925000
2023-03-01,29.316099166870117,33.52000045776367,34.33000183105469,32.93000030517578,34.29999923706055,9958400
2023-03-02,29.009994506835938,33.16999816894531,34.06999969482422,33.119998931884766,33.5,10119200
2023-03-03,28.651412963867188,32.7599983215332,33.400001525878906,32.70000076293945,33.15999984741211,7920000
2023-03-06,28.86131477355957,33.0,33.20000076293945,32.189998626708984,32.900001525878906,10567500
2023-03-07,28.231613159179688,32.279998779296875,33.130001068115234,31.90999984741211,33.08000183105469,11451000
2023-03-08,28.922534942626953,33.06999969482422,33.20000076293945,32.18000030517578,32.369998931884766,10644700
2023-03-09,28.056699752807617,32.08000183105469,33.02000045776367,31.760000228881836,32.779998779296875,15020100
2023-03-10,27.82930564880371,31.81999969482422,32.279998779296875,31.3799991607666,32.0,13120700
2023-03-13,27.890525817871094,31.889999389648438,32.25,31.200000762939453,31.6299991607666,9444000
2023-03-14,28.231613159179688,32.279998779296875,32.380001068115234,31.229999542236328,31.950000762939453,10602100
2023-03-15,29.613460540771484,33.86000061035156,34.099998474121094,31.68000030517578,31.84000015258789,19967500
2023-03-16,29.473529815673828,33.70000076293945,34.630001068115234,33.5099983215332,33.79999923706055,21782700
2023-03-17,28.20537567138672,32.25,33.29999923706055,32.04999923706055,33.290000915527344,21817200
2023-03-20,27.934255599975586,31.940000534057617,32.29999923706055,31.610000610351562,32.29999923706055,8615400
2023-03-21,26.963464736938477,30.829999923706055,32.27000045776367,30.68000030517578,31.899999618530273,12947400
2023-03-22,26.876005172729492,30.729999542236328,31.3799991607666,30.549999237060547,30.8799991607666,8672100
2023-03-23,26.70108985900879,30.530000686645508,31.219999313354492,29.809999465942383,30.799999237060547,13527500
2023-03-24,27.10340118408203,30.989999771118164,31.520000457763672,30.309999465942383,30.690000534057617,11311700
2023-03-27,27.899272918701172,31.899999618530273,32.150001525878906,31.06999969482422,31.299999237060547,15183600
2023-03-28,29.28986358642578,33.4900016784668,33.88999938964844,32.290000915527344,32.369998931884766,14448700
2023-03-29,29.027484893798828,33.189998626708984,33.75,32.310001373291016,33.59000015258789,7941400
2023-03-30,29.648447036743164,33.900001525878906,34.150001525878906,33.209999084472656,33.59000015258789,9641300
2023-03-31,29.106201171875,33.279998779296875,34.150001525878906,33.189998626708984,33.959999084472656,9767600
2023-04-03,28.686399459838867,32.79999923706055,33.4900016784668,32.68000030517578,33.43000030517578,7229000
2023-04-04,29.158676147460938,33.34000015258789,33.68000030517578,32.86000061035156,33.09000015258789,4855500
2023-04-05,28.72138214111328,32.84000015258789,33.54999923706055,32.75,33.4900016784668,5227800
2023-04-06,28.61643409729004,32.720001220703125,33.0099983215332,32.5,32.790000915527344,4739100
2023-04-10,29.12369155883789,33.29999923706055,33.36000061035156,32.7599983215332,33.16999816894531,5089400
2023-04-11,29.954547882080078,34.25,34.540000915527344,33.290000915527344,33.29999923706055,12257200
2023-04-12,30.732927322387695,35.13999938964844,35.869998931884766,34.279998779296875,34.400001525878906,15532100
2023-04-13,30.724180221557617,35.130001068115234,35.54999923706055,34.630001068115234,35.29999923706055,8673000
2023-04-14,30.56675910949707,34.95000076293945,35.52000045776367,34.220001220703125,35.18000030517578,12136300
2023-04-17,29.421049118041992,33.63999938964844,34.540000915527344,33.189998626708984,34.380001068115234,18725900
2023-04-18,30.12071990966797,34.439998626708984,34.72999954223633,33.5099983215332,33.77000045776367,21429700
2023-04-19,29.491016387939453,33.720001220703125,34.5,33.599998474121094,34.22999954223633,12735300
2023-04-20,29.5260009765625,33.7599983215332,34.02000045776367,33.209999084472656,33.72999954223633,55897700
2023-04-24,30.06824493408203,34.380001068115234,34.7599983215332,33.20000076293945,33.599998474121094,20034200
2023-04-25,29.928312301635742,34.220001220703125,34.41999816894531,33.540000915527344,33.61000061035156,9363500
2023-04-26,29.75339126586914,34.02000045776367,34.61000061035156,33.79999923706055,34.08000183105469,8412900
2023-04-27,29.858341217041016,34.13999938964844,34.4900016784668,33.599998474121094,34.04999923706055,8865100
2023-04-28,29.79754066467285,33.849998474121094,34.15999984741211,33.459999084472656,34.040000915527344,14397300
2023-05-02,29.515850067138672,33.529998779296875,34.7400016784668,33.310001373291016,34.0,10499000
2023-05-03,29.163742065429688,33.130001068115234,33.5099983215332,32.900001525878906,33.43000030517578,8510600
2023-05-04,29.691905975341797,33.72999954223633,34.130001068115234,33.349998474121094,33.400001525878906,10442100
2023-05-05,29.89436912536621,33.959999084472656,34.43000030517578,33.61000061035156,34.25,14159100
2023-05-08,29.383811950683594,33.380001068115234,33.83000183105469,32.54999923706055,32.54999923706055,19564900
2023-05-09,30.598596572875977,34.7599983215332,35.22999954223633,32.86000061035156,33.400001525878906,17152700
2023-05-10,31.61972427368164,35.91999816894531,36.56999969482422,34.599998474121094,34.650001525878906,15703200
2023-05-11,31.74296760559082,36.060001373291016,36.68000030517578,35.22999954223633,35.5099983215332,15336900
2023-05-12,31.07394790649414,35.29999923706055,36.02000045776367,34.959999084472656,35.68000030517578,12590800
2023-05-15,31.329233169555664,35.59000015258789,35.95000076293945,34.97999954223633,35.220001220703125,8043600
2023-05-16,31.003528594970703,35.220001220703125,36.47999954223633,35.150001525878906,35.81999969482422,5671800
2023-05-17,30.519371032714844,34.66999816894531,35.810001373291016,34.290000915527344,35.279998779296875,12568900
2023-05-18,30.1584529876709,34.2599983215332,35.119998931884766,34.099998474121094,34.5,10650300
2023-05-19,31.091552734375,35.31999969482422,35.38999938964844,34.220001220703125,34.400001525878906,13455700
2023-05-22,31.51409339904785,35.79999923706055,36.16999816894531,35.20000076293945,35.599998474121094,12127600
2023-05-23,31.540504455566406,35.83000183105469,36.5,35.650001525878906,35.70000076293945,9324000
2023-05-24,30.88028907775879,35.08000183105469,36.04999923706055,34.970001220703125,35.63999938964844,10000000
2023-05-25,31.760570526123047,36.08000183105469,36.790000915527344,35.709999084472656,36.15999984741211,12743100
2023-05-26,31.250009536743164,35.5,36.54999923706055,35.0,36.54999923706055,7993500
2023-05-29,30.616201400756836,34.779998779296875,35.540000915527344,34.63999938964844,35.5,5395600
2023-05-30,30.660219192504883,34.83000183105469,35.06999969482422,34.459999084472656,35.06999969482422,9326100
2023-05-31,31.07394790649414,35.29999923706055,35.72999954223633,34.630001068115234,34.7400016784668,11057100
2023-06-01,31.338035583496094,35.599998474121094,35.720001220703125,34.5099983215332,35.29999923706055,15760200
2023-06-02,31.989444732666016,36.34000015258789,36.439998626708984,35.779998779296875,35.9900016784668,13087800
2023-06-05,32.07746887207031,36.439998626708984,36.689998626708984,36.08000183105469,36.61000061035156,7596600
2023-06-06,33.61796188354492,38.189998626708984,38.34000015258789,36.56999969482422,36.619998931884766,14393000
2023-06-07,33.468318939208984,38.02000045776367,38.709999084472656,37.68000030517578,38.5099983215332,8560800
2023-06-09,33.93486404418945,38.54999923706055,38.95000076293945,38.06999969482422,38.400001525878906,8274400
2023-06-12,34.427825927734375,39.11000061035156,39.380001068115234,38.5,38.88999938964844,11850800
2023-06-13,33.838035583496094,38.439998626708984,39.47999954223633,38.34000015258789,39.29999923706055,9748800
2023-06-14,34.744728088378906,39.470001220703125,39.650001525878906,38.560001373291016,38.880001068115234,18908400
2023-06-15,35.0000114440918,39.7599983215332,40.25,38.869998931884766,39.119998931884766,9554500
2023-06-16,34.313385009765625,38.97999954223633,39.63999938964844,38.91999816894531,39.61000061035156,18139200
2023-06-19,34.68310546875,39.400001525878906,39.869998931884766,38.880001068115234,38.97999954223633,5066300
2023-06-20,34.6743049621582,39.38999938964844,39.70000076293945,38.97999954223633,39.43000030517578,9250300
2023-06-21,34.85915756225586,39.599998474121094,40.130001068115234,39.29999923706055,39.43000030517578,9267100
2023-06-22,34.4454345703125,39.130001068115234,39.79999923706055,38.779998779296875,39.34000015258789,4266100
2023-06-23,35.281700134277344,40.08000183105469,40.29999923706055,39.0,39.130001068115234,5892100
2023-06-26,34.37500762939453,39.04999923706055,40.18000030517578,38.7599983215332,39.79999923706055,7521700
2023-06-27,33.899654388427734,38.5099983215332,39.459999084472656,37.75,39.15999984741211,8455300
2023-06-28,33.82923126220703,38.43000030517578,39.060001373291016,38.279998779296875,38.810001373291016,4981400
2023-06-29,34.07571029663086,38.709999084472656,38.939998626708984,38.310001373291016,38.529998779296875,5503800
2023-06-30,34.99120330810547,39.75,40.099998474121094,39.0,39.11000061035156,9294500
2023-07-03,35.21127700805664,40.0,40.18000030517578,39.61000061035156,39.81999969482422,5867500
2023-07-04,34.6743049621582,39.38999938964844,40.18000030517578,39.13999938964844,40.029998779296875,5873300
2023-07-05,35.20247268676758,39.9900016784668,40.54999923706055,39.40999984741211,39.40999984741211,8895800
2023-07-06,34.32219314575195,38.9900016784668,39.900001525878906,38.970001220703125,39.900001525878906,7250600
2023-07-07,34.78873825073242,39.52000045776367,40.16999816894531,38.849998474121094,39.150001525878906,5813200
2023-07-10,34.57747268676758,39.279998779296875,39.779998779296875,39.209999084472656,39.52000045776367,4191900
2023-07-11,34.09331512451172,38.72999954223633,39.18000030517578,38.220001220703125,39.18000030517578,6483500
2023-07-12,33.65317153930664,38.22999954223633,39.369998931884766,38.130001068115234,39.25,11026000
2023-07-13,34.33099365234375,39.0,39.18000030517578,38.22999954223633,38.290000915527344,9056600
2023-07-14,33.538734436035156,38.099998474121094,39.11000061035156,38.0,39.11000061035156,6218300
2023-07-17,33.68838882446289,38.27000045776367,38.400001525878906,37.81999969482422,38.27000045776367,5903700
2023-07-18,33.44190979003906,37.9900016784668,38.22999954223633,37.689998626708984,38.0099983215332,5141300
2023-07-19,33.2834587097168,37.810001373291016,38.279998779296875,37.439998626708984,37.70000076293945,6176600
2023-07-20,33.30106735229492,37.83000183105469,38.2400016784668,37.709999084472656,38.060001373291016,4410100
2023-07-21,34.26057052612305,38.91999816894531,39.040000915527344,37.7400016784668,37.810001373291016,7535000
2023-07-24,34.216552734375,38.869998931884766,39.20000076293945,38.470001220703125,38.869998931884766,5802900
2023-07-25,34.1285285949707,38.77000045776367,39.52000045776367,38.619998931884766,39.47999954223633,7046000
2023-07-26,34.8327522277832,39.56999969482422,39.61000061035156,38.5099983215332,38.5099983215332,5790400
2023-07-27,33.64437484741211,38.220001220703125,39.86000061035156,38.18000030517578,39.619998931884766,6437700
2023-07-28,33.468318939208984,38.02000045776367,38.779998779296875,37.970001220703125,38.4900016784668,5087200
2023-07-31,34.02289581298828,38.650001525878906,39.369998931884766,38.119998931884766,38.27000045776367,8357200
2023-08-01,33.63557052612305,38.209999084472656,38.61000061035156,37.70000076293945,38.099998474121094,7266500
2023-08-02,33.82042694091797,38.41999816894531,38.599998474121094,37.939998626708984,38.029998779296875,5307300
2023-08-03,32.07746887207031,36.439998626708984,38.38999938964844,36.439998626708984,38.29999923706055,19658100
2023-08-04,32.051063537597656,36.40999984741211,37.459999084472656,36.31999969482422,36.599998474121094,12023300
2023-08-07,31.919017791748047,36.2599983215332,36.619998931884766,36.029998779296875,36.599998474121094,6537100
2023-08-08,32.54402160644531,36.970001220703125,37.2599983215332,36.16999816894531,36.34000015258789,10127800
2023-08-09,32.68486404418945,37.130001068115234,38.470001220703125,36.369998931884766,36.63999938964844,13417600
2023-08-10,32.7993049621582,37.2599983215332,37.84000015258789,37.220001220703125,37.25,5499600
2023-08-11,32.43838882446289,36.849998474121094,37.70000076293945,36.5,37.439998626708984,8055600
2023-08-14,32.042259216308594,36.400001525878906,36.97999954223633,36.27000045776367,36.97999954223633,5925000
2023-08-15,30.941909790039062,35.150001525878906,35.7599983215332,34.939998626708984,35.5,30650700
2023-08-16,29.84156036376953,33.900001525878906,35.38999938964844,33.459999084472656,35.150001525878906,34294400
2023-08-17,30.48416519165039,34.630001068115234,34.77000045776367,33.720001220703125,34.0099983215332,16580200
2023-08-18,30.50177001953125,34.650001525878906,34.97999954223633,34.380001068115234,34.849998474121094,9033600
2023-08-21,29.815147399902344,33.869998931884766,34.54999923706055,33.7400016784668,34.54999923706055,7264200
2023-08-22,30.105640411376953,34.20000076293945,34.279998779296875,33.790000915527344,33.93000030517578,7402200
2023-08-23,32.30634689331055,36.70000076293945,36.7400016784668,34.290000915527344,34.400001525878906,21911600
2023-08-24,32.755287170410156,37.209999084472656,37.650001525878906,36.220001220703125,36.43000030517578,15522700
2023-08-25,32.08627700805664,36.45000076293945,37.08000183105469,36.25,37.060001373291016,10104900
2023-08-28,32.25352478027344,36.63999938964844,36.75,36.13999938964844,36.54999923706055,5393700
2023-08-29,32.315147399902344,36.709999084472656,37.0,36.279998779296875,36.72999954223633,4237000
2023-08-30,31.989444732666016,36.34000015258789,36.9900016784668,36.2400016784668,36.79999923706055,5006700
2023-08-31,31.038738250732422,35.2599983215332,36.369998931884766,35.20000076293945,36.349998474121094,10243700
2023-09-01,31.153175354003906,35.38999938964844,35.86000061035156,35.220001220703125,35.349998474121094,6147500
2023-09-04,31.012331008911133,35.22999954223633,35.849998474121094,34.81999969482422,35.16999816894531,4857100
2023-09-05,30.73944091796875,34.91999816894531,35.540000915527344,34.709999084472656,35.29999923706055,9380400
2023-09-06,30.07923126220703,34.16999816894531,34.97999954223633,34.13999938964844,34.93000030517578,8307800
2023-09-08,30.255285263061523,34.369998931884766,34.529998779296875,33.599998474121094,34.290000915527344,8019300
2023-09-11,30.941909790039062,35.150001525878906,35.22999954223633,34.36000061035156,34.540000915527344,6593700
2023-09-12,31.584514617919922,35.880001068115234,35.880001068115234,35.08000183105469,35.18000030517578,6381000
2023-09-13,32.08627700805664,36.45000076293945,37.2599983215332,35.77000045776367,36.0,16799900
2023-09-14,32.183109283447266,36.560001373291016,36.88999938964844,36.0,36.650001525878906,6049700
2023-09-15,31.461278915405273,35.7400016784668,36.59000015258789,35.7400016784668,36.439998626708984,9574000
2023-09-18,31.338035583496094,35.599998474121094,36.0,35.349998474121094,35.790000915527344,4112500
2023-09-19,31.18838882446289,35.43000030517578,35.9900016784668,35.33000183105469,35.810001373291016,5249600
2023-09-20,31.79578399658203,36.119998931884766,36.33000183105469,35.40999984741211,35.47999954223633,4854400
2023-09-21,30.765853881835938,34.95000076293945,35.790000915527344,34.849998474121094,35.15999984741211,9050300
2023-09-22,31.038738250732422,35.2599983215332,35.45000076293945,34.72999954223633,35.150001525878906,6557600
2023-09-25,31.57571029663086,35.869998931884766,36.209999084472656,34.939998626708984,35.08000183105469,6626900
2023-09-26,31.86620330810547,36.20000076293945,37.79999923706055,36.20000076293945,36.900001525878906,17520300
2023-09-27,31.161977767944336,35.400001525878906,36.54999923706055,34.88999938964844,36.310001373291016,9902300
2023-09-28,31.945430755615234,36.290000915527344,36.560001373291016,35.310001373291016,35.349998474121094,8945000
2023-09-29,32.47359848022461,36.88999938964844,36.91999816894531,36.45000076293945,36.61000061035156,7996700
2023-10-02,31.883811950683594,36.220001220703125,36.849998474121094,36.16999816894531,36.79999923706055,3539200
2023-10-03,31.07394790649414,35.29999923706055,36.349998474121094,35.15999984741211,36.2599983215332,7583000
2023-10-04,31.161977767944336,35.400001525878906,35.7400016784668,35.0099983215332,35.36000061035156,4736400
2023-10-05,30.73944091796875,34.91999816894531,35.720001220703125,34.650001525878906,35.369998931884766,8262300
2023-10-06,30.633808135986328,34.79999923706055,34.97999954223633,33.77000045776367,34.560001373291016,8779000
2023-10-09,31.20599365234375,35.45000076293945,35.7400016784668,34.25,34.43000030517578,5007400
2023-10-10,31.92782211303711,36.27000045776367,36.400001525878906,35.59000015258789,35.779998779296875,6033800
2023-10-11,32.15669631958008,36.529998779296875,36.56999969482422,35.97999954223633,36.400001525878906,3738400
2023-10-13,31.13556671142578,35.369998931884766,36.7400016784668,35.369998931884766,36.650001525878906,5078900
2023-10-16,31.346837997436523,35.61000061035156,35.939998626708984,35.209999084472656,35.5099983215332,3925400
2023-10-17,30.730636596679688,34.90999984741211,35.68000030517578,34.709999084472656,35.13999938964844,5550400
2023-10-18,29.727121353149414,33.77000045776367,34.63999938964844,33.63999938964844,34.52000045776367,9038800
2023-10-19,29.762331008911133,33.810001373291016,34.5099983215332,33.560001373291016,33.77000045776367,7731800
2023-10-20,30.026412963867188,34.11000061035156,34.54999923706055,33.650001525878906,33.689998626708984,8102000
2023-10-23,30.088031768798828,34.18000030517578,34.75,33.93000030517578,33.939998626708984,8163500
2023-10-24,30.466556549072266,34.61000061035156,34.88999938964844,34.22999954223633,34.4900016784668,4192500
2023-10-25,30.193666458129883,34.29999923706055,34.65999984741211,33.88999938964844,34.560001373291016,5491800
2023-10-26,30.915498733520508,35.119998931884766,35.16999816894531,34.36000061035156,34.52000045776367,4795900
2023-10-27,30.237680435180664,34.349998474121094,35.869998931884766,34.04999923706055,35.31999969482422,8203900
2023-10-30,30.237680435180664,34.349998474121094,35.20000076293945,34.13999938964844,34.88999938964844,6181600
2023-10-31,30.66901969909668,34.84000015258789,34.880001068115234,34.16999816894531,34.45000076293945,3875600
2023-11-01,31.725358963012695,36.040000915527344,36.290000915527344,34.86000061035156,35.0,8905800
2023-11-03,32.48240280151367,36.900001525878906,37.290000915527344,36.310001373291016,37.0,5860700
2023-11-06,32.649654388427734,37.09000015258789,37.220001220703125,36.349998474121094,36.91999816894531,5449500
2023-11-07,33.195430755615234,37.709999084472656,38.09000015258789,37.04999923706055,37.20000076293945,12988700
2023-11-08,33.04578399658203,37.540000915527344,38.689998626708984,37.13999938964844,38.0,9680600
2023-11-09,32.8169059753418,37.279998779296875,37.93000030517578,37.09000015258789,37.79999923706055,5715200
2023-11-10,32.87852478027344,37.349998474121094,38.099998474121094,37.099998474121094,37.599998474121094,8666200
2023-11-13,33.609161376953125,38.18000030517578,38.5,37.25,37.400001525878906,8907300
2023-11-14,34.744728088378906,39.470001220703125,39.68000030517578,37.959999084472656,38.459999084472656,12645400
2023-11-16,35.83627700805664,40.709999084472656,40.77000045776367,39.400001525878906,39.400001525878906,12225700
2023-11-17,35.57219314575195,40.40999984741211,41.209999084472656,39.86000061035156,40.79999923706055,8570300
2023-11-20,35.897891998291016,40.779998779296875,41.06999969482422,40.25,41.06999969482422,5394300
2023-11-21,35.16726303100586,39.95000076293945,40.650001525878906,39.880001068115234,40.4900016784668,7571300
2023-11-22,35.60740280151367,40.45000076293945,40.779998779296875,39.88999938964844,40.290000915527344,12745200
2023-11-23,36.33803939819336,41.279998779296875,41.470001220703125,40.220001220703125,40.400001525878906,5844700
2023-11-24,35.64262008666992,40.4900016784668,41.20000076293945,40.22999954223633,41.20000076293945,4892300
2023-11-27,36.35564422607422,41.29999923706055,41.47999954223633,40.380001068115234,40.900001525878906,7594200
2023-11-28,36.10916519165039,41.02000045776367,41.70000076293945,40.66999816894531,41.29999923706055,4784800
2023-11-29,35.86268615722656,40.7400016784668,41.22999954223633,40.61000061035156,40.959999084472656,5095200
2023-11-30,35.96831512451172,40.86000061035156,41.09000015258789,40.08000183105469,40.7599983215332,8643400
2023-12-01,36.10035705566406,41.0099983215332,41.380001068115234,40.310001373291016,40.7599983215332,6252000
2023-12-04,35.86268615722656,40.7400016784668,41.22999954223633,40.470001220703125,40.9900016784668,3904900
2023-12-05,36.4876823425293,41.45000076293945,41.790000915527344,40.5099983215332,40.72999954223633,8120800
2023-12-06,36.42606735229492,41.380001068115234,41.959999084472656,41.16999816894531,41.7599983215332,3695000
2023-12-07,36.55810546875,41.529998779296875,41.810001373291016,41.310001373291016,41.310001373291016,2801500
2023-12-08,36.0035285949707,40.900001525878906,41.720001220703125,40.79999923706055,41.400001525878906,5636300
2023-12-11,35.96831512451172,40.86000061035156,41.38999938964844,40.61000061035156,40.689998626708984,4638600
2023-12-12,35.76585388183594,40.630001068115234,41.02000045776367,40.400001525878906,40.75,4128500
2023-12-13,36.804588317871094,41.810001373291016,42.0,40.529998779296875,40.650001525878906,8823800
2023-12-14,36.654937744140625,41.63999938964844,42.15999984741211,41.0,42.15999984741211,8626900
2023-12-15,35.897891998291016,40.779998779296875,41.95000076293945,40.619998931884766,41.63999938964844,8545900
2023-12-18,36.584510803222656,41.560001373291016,41.72999954223633,40.75,40.79999923706055,7237900
2023-12-19,36.883811950683594,41.900001525878906,41.90999984741211,41.34000015258789,41.560001373291016,5161800
2023-12-20,36.27641677856445,41.209999084472656,42.20000076293945,40.900001525878906,41.900001525878906,8863400
2023-12-21,36.61972427368164,41.599998474121094,41.65999984741211,41.06999969482422,41.61000061035156,3979000
2023-12-22,36.945430755615234,41.970001220703125,42.34000015258789,41.290000915527344,41.599998474121094,4188000
2023-12-26,37.051063537597656,42.09000015258789,42.25,41.91999816894531,42.04999923706055,2480500
2023-12-27,37.1743049621582,42.22999954223633,42.41999816894531,41.91999816894531,42.08000183105469,2256100
2023-12-28,37.35036087036133,42.43000030517578,42.689998626708984,42.220001220703125,42.2400016784668,4525600
2024-01-02,36.74296951293945,41.7400016784668,42.369998931884766,41.5099983215332,42.02000045776367,3568400
2024-01-03,36.698951721191406,41.689998626708984,42.150001525878906,41.54999923706055,41.79999923706055,3762800
2024-01-04,36.382049560546875,41.33000183105469,41.849998474121094,40.95000076293945,41.75,3017000
2024-01-05,36.320430755615234,41.2599983215332,41.66999816894531,41.0099983215332,41.20000076293945,3085000
2024-01-08,36.14438247680664,41.060001373291016,41.349998474121094,40.70000076293945,41.22999954223633,3643100
2024-01-09,36.69015121459961,41.68000030517578,41.810001373291016,40.790000915527344,40.880001068115234,5202800
2024-01-10,37.64085006713867,42.7599983215332,43.060001373291016,41.70000076293945,41.95000076293945,6540600
2024-01-11,38.03697967529297,43.209999084472656,43.79999923706055,42.380001068115234,42.52000045776367,10569600
2024-01-12,37.790504455566406,42.93000030517578,43.560001373291016,42.68000030517578,43.029998779296875,3974800
2024-01-15,38.2834587097168,43.4900016784668,44.43000030517578,42.91999816894531,42.91999816894531,5982100
2024-01-16,36.98944091796875,42.02000045776367,43.34000015258789,41.630001068115234,43.08000183105469,8876500
2024-01-17,36.98944091796875,42.02000045776367,42.41999816894531,41.70000076293945,41.70000076293945,5656000
2024-01-18,36.126773834228516,41.040000915527344,42.22999954223633,40.900001525878906,42.150001525878906,4940400
2024-01-19,36.716556549072266,41.709999084472656,42.189998626708984,41.15999984741211,41.15999984741211,7253200
2024-01-22,35.897891998291016,40.779998779296875,42.060001373291016,40.459999084472656,42.0,7652200
2024-01-23,36.11796569824219,41.029998779296875,41.43000030517578,40.59000015258789,40.869998931884766,8835500
2024-01-24,36.153175354003906,41.06999969482422,41.439998626708984,40.810001373291016,41.279998779296875,6091500
2024-01-25,36.205997467041016,41.130001068115234,41.459999084472656,40.900001525878906,41.150001525878906,3308900
2024-01-26,35.96831512451172,40.86000061035156,41.439998626708984,40.86000061035156,41.310001373291016,2678800
2024-01-29,35.97711944580078,40.869998931884766,41.52000045776367,40.790000915527344,40.880001068115234,4326000
2024-01-30,35.3961296081543,40.209999084472656,40.849998474121094,40.0,40.81999969482422,4522700
2024-01-31,35.9243049621582,40.810001373291016,41.5,40.400001525878906,40.58000183105469,7575900
2024-02-01,36.61972427368164,41.599998474121094,41.599998474121094,40.209999084472656,40.709999084472656,7985900
2024-02-02,35.78346252441406,40.650001525878906,41.95000076293945,40.33000183105469,41.560001373291016,7050500
2024-02-05,35.94190979003906,40.83000183105469,41.09000015258789,40.29999923706055,40.650001525878906,4361500
2024-02-06,37.96656036376953,43.130001068115234,43.33000183105469,40.81999969482422,40.83000183105469,8967100
2024-02-07,38.01937484741211,43.189998626708984,43.77000045776367,42.95000076293945,43.29999923706055,7119300
2024-02-08,37.7993049621582,42.939998626708984,44.130001068115234,42.75,43.470001220703125,9381200
2024-02-09,38.41550064086914,43.63999938964844,43.900001525878906,42.68000030517578,43.189998626708984,10496500
2024-02-14,37.843318939208984,42.9900016784668,43.439998626708984,42.70000076293945,43.369998931884766,4615600
2024-02-15,37.74648666381836,42.880001068115234,43.470001220703125,42.709999084472656,43.22999954223633,15974700
2024-02-16,37.41197967529297,42.5,43.119998931884766,42.400001525878906,43.0099983215332,5785400
2024-02-19,37.72007369995117,42.849998474121094,43.06999969482422,42.31999969482422,42.4900016784668,3610300
2024-02-20,39.137332916259766,44.459999084472656,44.90999984741211,42.349998474121094,42.4900016784668,13474100
2024-02-21,38.38029098510742,43.599998474121094,44.52000045776367,43.04999923706055,44.34000015258789,7516800
2024-02-22,38.292259216308594,43.5,44.119998931884766,43.2400016784668,43.77000045776367,7850400
2024-02-23,37.97535705566406,43.13999938964844,43.72999954223633,42.83000183105469,43.68000030517578,6597300
2024-02-26,38.02817916870117,43.20000076293945,43.68000030517578,42.91999816894531,43.130001068115234,3294800
2024-02-27,38.838035583496094,44.119998931884766,44.22999954223633,43.349998474121094,43.45000076293945,5553500
2024-02-28,38.65317916870117,43.90999984741211,44.04999923706055,43.38999938964844,43.97999954223633,4903200
2024-02-29,38.292259216308594,43.5,44.08000183105469,43.279998779296875,43.77000045776367,5388800
2024-03-01,38.51233673095703,43.75,44.13999938964844,43.29999923706055,43.529998779296875,3473400
2024-03-04,38.38029098510742,43.599998474121094,43.7400016784668,43.099998474121094,43.5099983215332,4174800
2024-03-05,38.38029098510742,43.599998474121094,44.29999923706055,43.41999816894531,43.599998474121094,5362300
2024-03-06,38.58275604248047,43.83000183105469,44.150001525878906,43.459999084472656,43.630001068115234,4356300
2024-03-07,38.160221099853516,43.349998474121094,43.709999084472656,43.099998474121094,43.599998474121094,3681200
2024-03-08,38.301063537597656,43.5099983215332,43.70000076293945,42.41999816894531,43.0,6799300
2024-03-11,37.99296569824219,43.15999984741211,43.459999084472656,42.97999954223633,43.16999816894531,5309400
2024-03-12,38.52113342285156,43.7599983215332,43.970001220703125,43.08000183105469,43.459999084472656,6263900
2024-03-13,38.19542694091797,43.38999938964844,43.970001220703125,43.15999984741211,43.619998931884766,5872800
2024-03-14,38.73240280151367,44.0,44.439998626708984,43.54999923706055,44.0,9819000
2024-03-15,37.85212326049805,43.0,44.150001525878906,42.02000045776367,44.06999969482422,18008200
2024-03-18,36.4876823425293,41.45000076293945,43.189998626708984,41.310001373291016,43.029998779296875,11544600
2024-03-19,36.892616271972656,41.90999984741211,42.06999969482422,40.869998931884766,41.400001525878906,11911100
2024-03-20,37.38557434082031,42.470001220703125,42.720001220703125,41.849998474121094,42.119998931884766,6564000
2024-03-21,37.429588317871094,42.52000045776367,42.7400016784668,41.849998474121094,42.29999923706055,4897300
2024-03-22,37.024654388427734,42.060001373291016,42.70000076293945,41.849998474121094,42.380001068115234,4334400
2024-03-25,37.20951461791992,42.27000045776367,42.599998474121094,41.52000045776367,41.810001373291016,6247800
2024-03-26,37.35036087036133,42.43000030517578,42.779998779296875,42.060001373291016,42.119998931884766,4078900
2024-03-27,36.857398986816406,41.869998931884766,42.790000915527344,41.18000030517578,42.4900016784668,6267200
2024-03-28,36.707759857177734,41.70000076293945,42.06999969482422,41.2599983215332,41.58000183105469,8287600
2024-04-01,36.012332916259766,40.90999984741211,42.189998626708984,40.83000183105469,41.79999923706055,7117700
2024-04-02,35.88028335571289,40.7599983215332,41.08000183105469,40.38999938964844,40.86000061035156,7324200
2024-04-03,35.99472427368164,40.88999938964844,41.18000030517578,40.22999954223633,40.7599983215332,4135300
2024-04-04,36.17078399658203,41.09000015258789,42.22999954223633,40.91999816894531,41.13999938964844,10428000
2024-04-05,36.038734436035156,40.939998626708984,41.13999938964844,40.31999969482422,41.09000015258789,5883100
2024-04-08,36.4788818359375,41.439998626708984,41.63999938964844,40.709999084472656,41.099998474121094,4372300
2024-04-09,36.61091995239258,41.59000015258789,41.88999938964844,41.0,41.38999938964844,6647300
2024-04-10,35.84507751464844,40.720001220703125,41.599998474121094,40.529998779296875,41.43000030517578,6453100
2024-04-11,34.19015121459961,38.84000015258789,40.65999984741211,38.720001220703125,40.5,17852300
2024-04-12,34.348594665527344,39.02000045776367,39.599998474121094,38.560001373291016,39.0099983215332,9449600
2024-04-15,33.88205337524414,38.4900016784668,39.060001373291016,37.880001068115234,39.029998779296875,10144900
2024-04-16,33.70599365234375,38.290000915527344,38.84000015258789,38.06999969482422,38.099998474121094,9366100
2024-04-17,33.5123291015625,38.06999969482422,38.599998474121094,37.650001525878906,38.45000076293945,7784300
2024-04-18,33.380287170410156,37.91999816894531,38.150001525878906,37.40999984741211,38.040000915527344,5995200
2024-04-19,33.274654388427734,37.79999923706055,38.279998779296875,37.75,38.0,6967800
2024-04-22,33.17782211303711,37.689998626708984,38.06999969482422,37.47999954223633,37.93000030517578,8686000
2024-04-23,32.746490478515625,37.20000076293945,37.529998779296875,37.060001373291016,37.25,7605400
2024-04-24,32.359161376953125,36.7599983215332,37.220001220703125,36.66999816894531,37.13999938964844,13125200
2024-04-25,32.6584587097168,37.099998474121094,37.290000915527344,36.29999923706055,36.7599983215332,20827700
2024-04-26,33.18662643432617,37.70000076293945,38.45000076293945,37.34000015258789,37.5099983215332,13657700
2024-04-29,33.48365020751953,37.630001068115234,37.720001220703125,37.11000061035156,37.31999969482422,10734900
2024-04-30,33.68830871582031,37.86000061035156,38.0099983215332,37.36000061035156,37.400001525878906,9286500
2024-05-02,34.15100860595703,38.380001068115234,38.779998779296875,38.189998626708984,38.2400016784668,8554200
2024-05-03,34.658203125,38.95000076293945,39.68000030517578,38.83000183105469,39.06999969482422,7845400
2024-05-06,34.86285400390625,39.18000030517578,39.56999969482422,38.599998474121094,38.61000061035156,4060100
2024-05-07,35.058616638183594,39.400001525878906,39.70000076293945,39.18000030517578,39.65999984741211,5581700
2024-05-08,35.22768020629883,39.59000015258789,39.93000030517578,39.11000061035156,39.13999938964844,4409100
2024-05-09,33.910762786865234,38.11000061035156,39.11000061035156,37.13999938964844,39.04999923706055,13663300
2024-05-10,33.69720458984375,37.869998931884766,38.09000015258789,37.08000183105469,38.029998779296875,7568500
2024-05-13,33.75948715209961,37.939998626708984,38.380001068115234,37.72999954223633,37.91999816894531,4580400
2024-05-14,34.02643585205078,38.2400016784668,38.599998474121094,37.77000045776367,37.93000030517578,5576700
2024-05-15,33.973045349121094,38.18000030517578,38.29999923706055,37.63999938964844,38.220001220703125,7284900
2024-05-16,34.195499420166016,38.43000030517578,38.65999984741211,38.02000045776367,38.52000045776367,5883800
2024-05-17,33.990840911865234,38.20000076293945,38.349998474121094,37.95000076293945,38.119998931884766,6330500
2024-05-20,32.78959655761719,36.849998474121094,38.31999969482422,36.849998474121094,38.040000915527344,13120500
2024-05-21,33.4124641418457,37.54999923706055,37.59000015258789,36.43000030517578,36.810001373291016,14682900
2024-05-22,32.24680709838867,36.2400016784668,37.130001068115234,35.959999084472656,37.099998474121094,13064300
2024-05-23,32.1578254699707,36.13999938964844,36.2400016784668,35.72999954223633,36.0099983215332,5375400
2024-05-24,32.21121597290039,36.20000076293945,36.630001068115234,36.13999938964844,36.2599983215332,3826100
2024-05-27,32.21121597290039,36.20000076293945,36.439998626708984,36.060001373291016,36.220001220703125,2205100
2024-05-28,31.908679962158203,35.86000061035156,36.72999954223633,35.7599983215332,36.56999969482422,6326700
2024-05-29,31.410383224487305,35.29999923706055,35.630001068115234,35.16999816894531,35.5,3998000
2024-05-31,30.95658302307129,34.790000915527344,35.2599983215332,34.790000915527344,35.11000061035156,10888400
2024-06-03,31.54385757446289,35.45000076293945,35.58000183105469,34.65999984741211,34.9900016784668,4750200
2024-06-04,31.819700241088867,35.7599983215332,35.91999816894531,35.22999954223633,35.349998474121094,7592000
2024-06-05,32.12223434448242,36.099998474121094,36.5,35.5099983215332,35.66999816894531,6459700
2024-06-06,32.513755798339844,36.540000915527344,36.93000030517578,35.83000183105469,36.04999923706055,6034300
2024-06-07,31.79300308227539,35.72999954223633,36.36000061035156,35.560001373291016,36.0,7556700
2024-06-10,32.01545715332031,35.97999954223633,36.29999923706055,35.52000045776367,35.93000030517578,5790400
2024-06-11,32.2290153503418,36.220001220703125,36.5099983215332,36.02000045776367,36.20000076293945,5320000
2024-06-12,31.668432235717773,35.59000015258789,36.529998779296875,35.36000061035156,36.400001525878906,9833800
2024-06-13,31.65953826904297,35.58000183105469,35.7400016784668,35.290000915527344,35.54999923706055,4325900
2024-06-14,31.757408142089844,35.689998626708984,35.689998626708984,34.779998779296875,35.380001068115234,7387000
2024-06-17,31.268014907836914,35.13999938964844,35.59000015258789,34.790000915527344,35.540000915527344,6107000
2024-06-18,31.170133590698242,35.029998779296875,35.2599983215332,34.56999969482422,35.06999969482422,6425900
2024-06-19,31.187929153442383,35.04999923706055,35.220001220703125,34.38999938964844,35.0,5184100
2024-06-20,30.689640045166016,34.4900016784668,35.400001525878906,34.310001373291016,35.27000045776367,8950800
2024-06-21,30.867599487304688,34.689998626708984,34.84000015258789,34.150001525878906,34.41999816894531,10256900
2024-06-24,31.134544372558594,34.9900016784668,35.470001220703125,34.63999938964844,34.86000061035156,6263900
2024-06-25,30.99217414855957,34.83000183105469,34.95000076293945,34.56999969482422,34.849998474121094,4572900
2024-06-26,30.83201026916504,34.650001525878906,34.83000183105469,34.02000045776367,34.52000045776367,6469300
2024-06-27,31.7307186126709,35.65999984741211,35.779998779296875,34.5,34.900001525878906,6025600
2024-06-28,31.899778366088867,35.849998474121094,36.720001220703125,35.560001373291016,35.560001373291016,12777300
2024-07-01,32.487056732177734,36.5099983215332,36.900001525878906,35.400001525878906,35.70000076293945,11579800
2024-07-02,33.08323669433594,37.18000030517578,37.349998474121094,36.40999984741211,36.5099983215332,15250300
2024-07-03,33.2344970703125,37.349998474121094,38.189998626708984,37.33000183105469,37.439998626708984,8408800
2024-07-04,33.990840911865234,38.20000076293945,38.349998474121094,37.36000061035156,37.56999969482422,6854700
2024-07-05,33.75948715209961,37.939998626708984,38.91999816894531,37.939998626708984,38.189998626708984,9690600
2024-07-08,33.70610046386719,37.880001068115234,38.619998931884766,37.7599983215332,38.22999954223633,6444000
2024-07-09,34.30227279663086,38.54999923706055,38.65999984741211,37.65999984741211,37.65999984741211,6961500
2024-07-10,34.01753234863281,38.22999954223633,39.15999984741211,38.22999954223633,38.720001220703125,6719600
2024-07-11,34.35566711425781,38.61000061035156,38.959999084472656,38.41999816894531,38.599998474121094,7075700
2024-07-12,34.79167175292969,39.099998474121094,39.380001068115234,38.560001373291016,38.61000061035156,7013100
2024-07-15,34.48023986816406,38.75,39.349998474121094,38.720001220703125,39.099998474121094,4486200
2024-07-16,34.702693939208984,39.0,39.13999938964844,38.66999816894531,38.810001373291016,6021400
2024-07-17,34.32897186279297,38.58000183105469,39.06999969482422,38.58000183105469,38.959999084472656,4214500
2024-07-18,33.46585464477539,37.61000061035156,38.77000045776367,37.4900016784668,38.61000061035156,8949600
2024-07-19,33.003150939941406,37.09000015258789,37.900001525878906,36.79999923706055,37.900001525878906,6336300
2024-07-22,33.670509338378906,37.84000015258789,38.04999923706055,37.0099983215332,37.04999923706055,6895500
2024-07-23,33.1455192565918,37.25,37.95000076293945,36.95000076293945,37.869998931884766,6810800
2024-07-24,33.19001007080078,37.29999923706055,37.59000015258789,36.810001373291016,37.130001068115234,6302400
2024-07-25,33.47475051879883,37.619998931884766,37.7599983215332,37.0,37.15999984741211,6834100
2024-07-26,34.142112731933594,38.369998931884766,38.52000045776367,37.61000061035156,37.61000061035156,7506500
2024-07-29,33.98194122314453,38.189998626708984,38.540000915527344,38.060001373291016,38.2599983215332,6743200
2024-07-30,33.80398178100586,37.9900016784668,38.31999969482422,37.91999816894531,38.060001373291016,6145000
2024-07-31,35.20988464355469,39.56999969482422,39.970001220703125,38.84000015258789,38.869998931884766,14446900
2024-08-01,35.7348747253418,40.15999984741211,40.38999938964844,39.65999984741211,39.84000015258789,8363900
2024-08-02,34.12431335449219,38.349998474121094,40.400001525878906,38.349998474121094,40.400001525878906,11678700
2024-08-05,33.53703689575195,37.689998626708984,37.970001220703125,37.22999954223633,37.70000076293945,8323800
2024-08-06,33.403568267822266,37.540000915527344,38.29999923706055,37.45000076293945,37.650001525878906,7865200
2024-08-07,33.652713775634766,37.81999969482422,38.0,37.47999954223633,37.849998474121094,5645900
2024-08-08,34.36456298828125,38.619998931884766,39.20000076293945,37.869998931884766,37.900001525878906,6600900
2024-08-09,35.467933654785156,39.86000061035156,40.11000061035156,38.779998779296875,38.810001373291016,9439300
2024-08-12,35.07640838623047,39.41999816894531,40.349998474121094,39.2599983215332,40.349998474121094,5486900
2024-08-13,35.40564727783203,39.790000915527344,39.959999084472656,39.47999954223633,39.79999923706055,3811000
2024-08-14,35.725975036621094,40.150001525878906,40.65999984741211,39.56999969482422,39.61000061035156,6819600
2024-08-15,36.037410736083984,40.5,40.779998779296875,40.060001373291016,40.2400016784668,6561300
2024-08-16,35.895042419433594,40.34000015258789,41.2400016784668,40.310001373291016,40.84000015258789,7088300
2024-08-19,36.95391845703125,41.529998779296875,41.68000030517578,40.290000915527344,40.61000061035156,13552800
2024-08-20,36.83824157714844,41.400001525878906,41.630001068115234,41.11000061035156,41.529998779296875,6194800
2024-08-21,36.92722702026367,41.5,41.790000915527344,41.22999954223633,41.5,6466900
2024-08-22,36.39333724975586,40.900001525878906,41.310001373291016,40.810001373291016,41.310001373291016,6652800
2024-08-23,37.26535415649414,41.880001068115234,42.20000076293945,40.849998474121094,41.09000015258789,7826300
2024-08-26,37.26535415649414,41.880001068115234,42.130001068115234,41.5099983215332,41.939998626708984,7476600
2024-08-27,36.83824157714844,41.400001525878906,42.31999969482422,41.400001525878906,41.880001068115234,4275300
2024-08-28,37.40772247314453,42.040000915527344,42.29999923706055,41.08000183105469,41.290000915527344,7491100
2024-08-29,36.749263763427734,41.29999923706055,42.09000015258789,41.119998931884766,41.95000076293945,5994800
2024-08-30,37.14967727661133,41.75,41.75,40.720001220703125,41.0099983215332,18601600
2024-09-02,37.28314971923828,41.900001525878906,42.38999938964844,41.2599983215332,41.45000076293945,7647100
2024-09-03,37.10519027709961,41.70000076293945,42.15999984741211,41.470001220703125,42.130001068115234,5407900
2024-09-04,37.98609924316406,42.689998626708984,43.060001373291016,41.959999084472656,42.130001068115234,9845300
2024-09-05,37.71025848388672,42.380001068115234,42.7599983215332,41.959999084472656,42.650001525878906,3918300
2024-09-06,37.14967727661133,41.75,42.61000061035156,41.709999084472656,42.45000076293945,3609100
2024-09-09,37.14078140258789,41.7400016784668,42.04999923706055,41.54999923706055,41.849998474121094,5687000
2024-09-10,37.04290008544922,41.630001068115234,41.86000061035156,41.400001525878906,41.58000183105469,5736500
2024-09-11,37.19416427612305,41.79999923706055,41.970001220703125,41.40999984741211,41.970001220703125,4707200
2024-09-12,36.749263763427734,41.29999923706055,41.72999954223633,41.0099983215332,41.18000030517578,8255000
2024-09-13,36.94502258300781,41.52000045776367,42.040000915527344,41.52000045776367,41.79999923706055,6599300
2024-09-16,37.372127532958984,42.0,42.41999816894531,41.5099983215332,41.689998626708984,5145400
2024-09-17,37.53229522705078,42.18000030517578,42.20000076293945,41.5,41.869998931884766,4349400
2024-09-18,37.185272216796875,41.790000915527344,42.36000061035156,41.5,41.849998474121094,7374800
2024-09-19,36.660282135009766,41.20000076293945,42.369998931884766,41.20000076293945,42.20000076293945,10337200
2024-09-20,35.530216217041016,39.93000030517578,41.369998931884766,39.93000030517578,41.34000015258789,14894500
2024-09-23,35.19208908081055,39.54999923706055,39.70000076293945,39.130001068115234,39.70000076293945,5776600
2024-09-24,35.281070709228516,39.650001525878906,40.5,39.43000030517578,39.61000061035156,8819600
2024-09-25,34.845062255859375,39.15999984741211,39.849998474121094,39.0,39.68000030517578,6684400
2024-09-26,35.35225296020508,39.72999954223633,39.86000061035156,38.970001220703125,39.5099983215332,6463200
2024-09-27,35.13869857788086,39.4900016784668,40.189998626708984,39.34000015258789,39.599998474121094,5060300
2024-09-30,35.01412582397461,39.349998474121094,39.58000183105469,39.04999923706055,39.150001525878906,6468100
2024-10-01,34.951839447021484,39.279998779296875,39.95000076293945,39.220001220703125,39.790000915527344,5318600
2024-10-02,34.97853469848633,39.310001373291016,40.08000183105469,39.29999923706055,39.86000061035156,6034500
2024-10-03,34.15100860595703,38.380001068115234,39.0099983215332,37.939998626708984,39.0,9676000
2024-10-04,33.95524597167969,38.15999984741211,38.380001068115234,37.95000076293945,38.36000061035156,5938900
2024-10-07,33.946353912353516,38.150001525878906,38.720001220703125,38.08000183105469,38.529998779296875,4414900
2024-10-08,34.43574905395508,38.70000076293945,38.959999084472656,38.58000183105469,38.689998626708984,7209900
2024-10-09,33.98194122314453,38.189998626708984,38.459999084472656,38.0,38.400001525878906,7155500
2024-10-10,33.93745040893555,38.13999938964844,38.25,37.83000183105469,38.150001525878906,4730900
2024-10-11,33.928558349609375,38.130001068115234,38.189998626708984,37.68000030517578,38.040000915527344,4151000
2024-10-14,34.631507873535156,38.91999816894531,39.060001373291016,38.18000030517578,38.2400016784668,8025900
2024-10-15,34.43574905395508,38.70000076293945,39.25,38.470001220703125,39.060001373291016,7015600
2024-10-16,33.919654846191406,38.119998931884766,38.56999969482422,37.95000076293945,38.56999969482422,14134500
2024-10-17,33.928558349609375,38.130001068115234,38.130001068115234,37.349998474121094,37.369998931884766,7525600
2024-10-18,33.60822296142578,37.77000045776367,38.54999923706055,37.77000045776367,38.38999938964844,34577900
2024-10-21,33.973045349121094,38.18000030517578,38.310001373291016,37.72999954223633,37.869998931884766,7498200
2024-10-22,34.257789611816406,38.5,38.599998474121094,37.869998931884766,38.0,4492500
2024-10-23,33.848472595214844,38.040000915527344,38.33000183105469,37.540000915527344,38.209999084472656,9048400
2024-10-24,34.0798225402832,38.29999923706055,38.349998474121094,37.40999984741211,38.20000076293945,6577100
2024-10-25,33.76839065551758,37.95000076293945,38.38999938964844,37.779998779296875,38.380001068115234,7737900
2024-10-28,34.142112731933594,38.369998931884766,38.459999084472656,38.060001373291016,38.34000015258789,3182000
2024-10-29,33.85737228393555,38.04999923706055,38.400001525878906,37.90999984741211,38.369998931884766,3195200
2024-10-30,34.00864028930664,38.220001220703125,38.369998931884766,37.90999984741211,38.09000015258789,4406400
2024-10-31,33.78618621826172,37.970001220703125,38.439998626708984,37.790000915527344,38.0099983215332,6240900
2024-11-01,32.673919677734375,36.720001220703125,38.0,36.470001220703125,37.9900016784668,11466800
2024-11-04,33.652713775634766,37.81999969482422,37.81999969482422,37.02000045776367,37.06999969482422,6927300
2024-11-05,33.198909759521484,37.310001373291016,37.65999984741211,37.09000015258789,37.650001525878906,6398800
2024-11-06,32.736209869384766,36.790000915527344,37.040000915527344,36.27000045776367,36.61000061035156,11076700
2024-11-07,32.05105209350586,36.02000045776367,37.65999984741211,35.959999084472656,37.20000076293945,15879600
2024-11-08,31.71292495727539,35.63999938964844,35.720001220703125,34.91999816894531,35.59000015258789,12055000
2024-11-11,31.890888214111328,35.84000015258789,36.04999923706055,35.38999938964844,35.70000076293945,7033000
2024-11-12,31.38369369506836,35.27000045776367,35.93000030517578,35.13999938964844,35.84000015258789,7281600
2024-11-13,31.597244262695312,35.5099983215332,35.7599983215332,34.83000183105469,35.369998931884766,18408800
2024-11-14,31.748517990112305,35.68000030517578,35.939998626708984,35.400001525878906,35.40999984741211,8967200
2024-11-18,31.588350296020508,35.5,35.70000076293945,35.22999954223633,35.43000030517578,10242300
2024-11-19,31.704023361206055,35.630001068115234,35.84000015258789,35.34000015258789,35.5,13352600
2024-11-21,31.250219345092773,35.119998931884766,35.40999984741211,34.84000015258789,35.29999923706055,6477800
2024-11-22,31.374792098999023,35.2599983215332,35.40999984741211,34.880001068115234,35.38999938964844,5771000
2024-11-25,31.846391677856445,35.790000915527344,35.97999954223633,35.15999984741211,35.15999984741211,18945600
2024-11-26,32.43367385864258,36.45000076293945,36.59000015258789,35.81999969482422,35.970001220703125,11830300
2024-11-27,31.499366760253906,35.400001525878906,36.630001068115234,35.400001525878906,36.52000045776367,9123000
2024-11-28,30.29811668395996,34.04999923706055,35.29999923706055,33.72999954223633,35.150001525878906,14291900
2024-11-29,30.582857131958008,34.369998931884766,34.58000183105469,33.41999816894531,33.970001220703125,13241100
2024-12-02,30.716331481933594,34.52000045776367,34.81999969482422,34.2599983215332,34.290000915527344,9776300
2024-12-03,31.090049743652344,34.939998626708984,35.040000915527344,34.369998931884766,34.54999923706055,11152000
2024-12-04,31.187929153442383,35.04999923706055,35.20000076293945,34.459999084472656,34.709999084472656,7195400
2024-12-05,32.44256591796875,36.459999084472656,37.47999954223633,36.16999816894531,36.45000076293945,18801500
2024-12-06,32.45146942138672,36.470001220703125,36.849998474121094,36.220001220703125,36.38999938964844,16678500
2024-12-09,31.98876190185547,35.95000076293945,36.779998779296875,35.380001068115234,36.599998474121094,10791300
2024-12-10,32.42477035522461,36.439998626708984,36.58000183105469,35.97999954223633,36.34000015258789,6700900
2024-12-11,32.709510803222656,36.7599983215332,37.54999923706055,35.779998779296875,36.369998931884766,11518300
2024-12-12,31.757408142089844,35.689998626708984,36.380001068115234,35.5,36.20000076293945,10129800
2024-12-13,31.588350296020508,35.5,35.900001525878906,35.380001068115234,35.70000076293945,7797200
2024-12-16,31.161237716674805,35.02000045776367,36.08000183105469,35.02000045776367,35.5099983215332,8015600
2024-12-17,31.285810470581055,35.15999984741211,35.66999816894531,34.77000045776367,35.220001220703125,12085500
2024-12-18,30.671844482421875,34.470001220703125,35.31999969482422,34.20000076293945,34.880001068115234,17877200
2024-12-19,30.99217414855957,34.83000183105469,35.119998931884766,34.2599983215332,34.5,9585900
2024-12-20,31.348098754882812,35.22999954223633,35.540000915527344,34.90999984741211,35.439998626708984,16048900
2024-12-23,30.92098617553711,34.75,35.18000030517578,34.630001068115234,35.099998474121094,6615800
2024-12-26,31.10784912109375,34.959999084472656,35.29999923706055,34.70000076293945,34.79999923706055,5387300
2024-12-27,31.14344024658203,35.0,35.36000061035156,34.91999816894531,35.11000061035156,7961400
2024-12-30,31.13703155517578,34.130001068115234,34.2400016784668,33.599998474121094,33.90999984741211,6821300
2025-01-02,31.0184326171875,34.0,34.380001068115234,33.72999954223633,34.150001525878906,10854400
2025-01-03,30.60788917541504,33.54999923706055,34.06999969482422,33.36000061035156,33.869998931884766,14388900
2025-01-06,31.000185012817383,33.97999954223633,34.150001525878906,33.56999969482422,33.939998626708984,8139400
2025-01-07,31.173521041870117,34.16999816894531,34.400001525878906,33.9900016784668,34.16999816894531,4703200
2025-01-08,31.118783950805664,34.11000061035156,34.349998474121094,33.54999923706055,33.91999816894531,10582100
2025-01-09,31.47458267211914,34.5,34.5099983215332,33.97999954223633,34.09000015258789,6552400
2025-01-10,31.155277252197266,34.150001525878906,34.369998931884766,33.66999816894531,34.36000061035156,9776100
2025-01-13,30.99106216430664,33.970001220703125,34.15999984741211,33.790000915527344,33.97999954223633,4631500
2025-01-14,31.109657287597656,34.099998474121094,34.150001525878906,33.70000076293945,33.900001525878906,15795700
2025-01-15,32.0858268737793,35.16999816894531,35.2400016784668,34.290000915527344,34.29999923706055,9517800
2025-01-16,31.45633888244629,34.47999954223633,35.2400016784668,34.22999954223633,35.150001525878906,6111800
2025-01-17,31.793888092041016,34.849998474121094,35.4900016784668,34.220001220703125,34.619998931884766,13941600
2025-01-20,31.948986053466797,35.02000045776367,35.27000045776367,34.4900016784668,34.68000030517578,4627800
2025-01-21,32.140567779541016,35.22999954223633,35.47999954223633,34.90999984741211,35.060001373291016,3889500
2025-01-22,32.04021453857422,35.119998931884766,35.5,35.119998931884766,35.25,4662700
2025-01-23,31.821260452270508,34.880001068115234,35.349998474121094,34.77000045776367,35.189998626708984,4522100
2025-01-24,31.903369903564453,34.970001220703125,35.209999084472656,34.720001220703125,34.779998779296875,4957800
2025-01-27,32.989013671875,36.15999984741211,36.16999816894531,34.84000015258789,34.84000015258789,9041900
2025-01-28,32.824798583984375,35.97999954223633,36.36000061035156,35.880001068115234,36.16999816894531,4475800
2025-01-29,32.28653335571289,35.38999938964844,36.119998931884766,35.36000061035156,36.060001373291016,5602600
2025-01-30,33.2991943359375,36.5,36.63999938964844,35.380001068115234,35.41999816894531,7400100
2025-01-31,32.92515182495117,36.09000015258789,36.7599983215332,36.08000183105469,36.56999969482422,7849700
2025-02-03,33.34481430053711,36.54999923706055,37.08000183105469,35.66999816894531,36.04999923706055,9939100
2025-02-04,32.94340133666992,36.11000061035156,36.54999923706055,35.959999084472656,36.40999984741211,7971600
2025-02-05,32.770057678222656,35.91999816894531,36.18000030517578,35.599998474121094,36.099998474121094,6391500
2025-02-06,32.38689422607422,35.5,36.0,35.349998474121094,35.79999923706055,5247200
2025-02-07,31.702659606933594,34.75,35.63999938964844,34.66999816894531,35.41999816894531,8734800
2025-02-10,32.27741241455078,35.380001068115234,35.529998779296875,34.97999954223633,35.08000183105469,6668400
2025-02-11,32.89778137207031,36.060001373291016,36.11000061035156,35.400001525878906,35.58000183105469,5862300
2025-02-12,32.72444152832031,35.869998931884766,36.2599983215332,35.2599983215332,35.459999084472656,14092900
2025-02-13,33.162349700927734,36.349998474121094,36.380001068115234,35.599998474121094,35.75,7662000
2025-02-14,34.24799728393555,37.540000915527344,37.75,36.5099983215332,36.540000915527344,10532600
2025-02-17,35.297149658203125,38.689998626708984,38.95000076293945,37.599998474121094,37.720001220703125,11853200
2025-02-18,34.8592414855957,38.209999084472656,38.9900016784668,37.93000030517578,38.63999938964844,16311200
2025-02-19,34.59467315673828,37.91999816894531,38.189998626708984,37.65999984741211,37.90999984741211,7554400
2025-02-20,34.35747528076172,37.65999984741211,38.08000183105469,37.34000015258789,37.849998474121094,5253000
2025-02-21,34.293609619140625,37.59000015258789,37.849998474121094,37.310001373291016,37.779998779296875,13050400
2025-02-24,33.828338623046875,37.08000183105469,37.83000183105469,36.810001373291016,37.790000915527344,9118500
2025-02-25,34.33010482788086,37.630001068115234,37.95000076293945,36.900001525878906,36.959999084472656,6349200
2025-02-26,34.165889739990234,37.45000076293945,38.18000030517578,37.06999969482422,37.900001525878906,6941700
2025-02-27,33.983428955078125,37.25,37.689998626708984,37.119998931884766,37.470001220703125,5911200
2025-02-28,34.86836242675781,38.220001220703125,39.79999923706055,38.16999816894531,38.86000061035156,27786100
2025-03-05,34.88661193847656,38.2400016784668,38.790000915527344,37.880001068115234,38.77000045776367,6534400
2025-03-06,35.27890396118164,38.66999816894531,39.31999969482422,37.91999816894531,38.08000183105469,7619900
2025-03-07,35.56172180175781,38.97999954223633,39.29999923706055,37.95000076293945,38.470001220703125,7677400
2025-03-10,35.82628631591797,39.27000045776367,39.40999984741211,38.66999816894531,38.709999084472656,10568800
2025-03-11,35.57084655761719,38.9900016784668,39.189998626708984,38.41999816894531,39.11000061035156,5873300
2025-03-12,35.69856643676758,39.130001068115234,39.22999954223633,38.63999938964844,38.93000030517578,6412900
2025-03-13,36.464900970458984,39.970001220703125,40.27000045776367,38.75,39.130001068115234,8370900
2025-03-14,36.83894729614258,40.380001068115234,40.560001373291016,39.0,39.59000015258789,13541000
2025-03-17,36.88456344604492,40.43000030517578,40.619998931884766,40.0,40.380001068115234,7135400
2025-03-18,37.09439468383789,40.65999984741211,40.88999938964844,40.04999923706055,40.599998474121094,5474600
2025-03-19,38.262149810791016,41.939998626708984,42.0,40.72999954223633,40.72999954223633,12631900
2025-03-20,38.50846862792969,42.209999084472656,42.34000015258789,41.52000045776367,41.959999084472656,12183000
2025-03-21,38.25302505493164,41.93000030517578,42.5,41.599998474121094,42.2400016784668,12639100
2025-03-24,38.02494812011719,41.68000030517578,41.939998626708984,41.310001373291016,41.90999984741211,10342500
2025-03-25,38.17091751098633,41.84000015258789,42.470001220703125,41.65999984741211,41.75,5743300
2025-03-26,37.96108627319336,41.61000061035156,42.20000076293945,41.22999954223633,42.08000183105469,6607100
2025-03-27,38.01581954956055,41.66999816894531,41.970001220703125,41.13999938964844,41.86000061035156,7653100
2025-03-28,37.450191497802734,41.04999923706055,41.38999938964844,40.7400016784668,41.29999923706055,10262600
2025-03-31,37.21299743652344,40.790000915527344,41.130001068115234,40.5,40.56999969482422,9135400
2025-04-01,37.21299743652344,40.790000915527344,41.18000030517578,40.529998779296875,40.630001068115234,8395400
2025-04-02,37.130889892578125,40.70000076293945,40.97999954223633,40.43000030517578,40.7400016784668,12134700
2025-04-03,37.74213409423828,41.369998931884766,41.93000030517578,40.70000076293945,40.77000045776367,7964100
2025-04-04,37.27685546875,40.86000061035156,41.18000030517578,40.209999084472656,40.970001220703125,14313100
2025-04-07,37.09439468383789,40.65999984741211,41.369998931884766,39.83000183105469,40.540000915527344,10793800
2025-04-08,37.450191497802734,41.04999923706055,41.630001068115234,40.65999984741211,40.86000061035156,9105300
2025-04-09,37.97020721435547,41.619998931884766,42.400001525878906,40.5,40.79999923706055,9081200
2025-04-10,37.86985397338867,41.5099983215332,41.810001373291016,40.880001068115234,41.349998474121094,6629300
2025-04-11,37.824241638183594,41.459999084472656,41.93000030517578,41.130001068115234,41.900001525878906,6319300
2025-04-14,38.57232666015625,42.279998779296875,42.29999923706055,41.36000061035156,41.869998931884766,10202400
2025-04-15,38.07968521118164,41.7400016784668,42.38999938964844,41.7400016784668,42.34000015258789,7147700
2025-04-16,37.42282485961914,41.02000045776367,41.81999969482422,41.02000045776367,41.66999816894531,13394600
2025-04-17,38.43548583984375,42.130001068115234,42.529998779296875,40.58000183105469,40.59000015258789,11111400
2025-04-22,38.37162399291992,42.060001373291016,42.43000030517578,41.81999969482422,41.900001525878906,5020700
2025-04-23,38.79128646850586,42.52000045776367,42.900001525878906,42.18000030517578,42.18000030517578,6833900
2025-04-24,40.08675765991211,43.939998626708984,44.029998779296875,42.7400016784668,42.849998474121094,9922000
2025-04-25,39.621482849121094,43.43000030517578,44.20000076293945,43.02000045776367,43.91999816894531,9538800
2025-04-28,39.740081787109375,43.560001373291016,43.939998626708984,43.33000183105469,43.5,8154700
2025-04-29,40.059391021728516,43.90999984741211,44.09000015258789,43.4900016784668,43.54999923706055,5920500
2025-04-30,40.93036651611328,43.95000076293945,44.060001373291016,42.70000076293945,42.79999923706055,10061200
2025-05-02,41.433265686035156,44.4900016784668,44.4900016784668,43.18000030517578,43.63999938964844,8019000
2025-05-05,40.23189926147461,43.20000076293945,44.36000061035156,42.900001525878906,44.36000061035156,7605100
2025-05-06,40.15739440917969,43.119998931884766,43.4900016784668,42.869998931884766,43.290000915527344,5813300
2025-05-07,39.93388366699219,42.880001068115234,43.31999969482422,42.540000915527344,43.29999923706055,3758800
2025-05-08,40.4367790222168,43.41999816894531,44.209999084472656,43.060001373291016,43.459999084472656,9077600
2025-05-09,40.49265670776367,43.47999954223633,44.060001373291016,43.15999984741211,43.27000045776367,6671300
2025-05-12,39.95250701904297,42.900001525878906,43.7599983215332,42.33000183105469,43.540000915527344,6207100
2025-05-13,40.35296630859375,43.33000183105469,43.7400016784668,42.83000183105469,42.83000183105469,6534000
2025-05-14,40.21327209472656,43.18000030517578,43.400001525878906,42.849998474121094,43.029998779296875,4523600
2025-05-15,38.91876983642578,41.790000915527344,42.130001068115234,41.119998931884766,41.900001525878906,15644600
2025-05-16,38.96533966064453,41.84000015258789,41.86000061035156,40.959999084472656,41.560001373291016,14656800
2025-05-19,39.300601959228516,42.20000076293945,42.599998474121094,41.400001525878906,41.84000015258789,7044800
2025-05-20,38.92808151245117,41.79999923706055,42.15999984741211,41.56999969482422,42.09000015258789,5454000
2025-05-21,38.47175216674805,41.310001373291016,41.7400016784668,40.75,41.5,8813500
2025-05-22,38.59281921386719,41.439998626708984,42.400001525878906,41.209999084472656,41.5,7489800
2025-05-23,38.834957122802734,41.70000076293945,41.77000045776367,40.66999816894531,41.279998779296875,4304500
2025-05-26,38.862892150878906,41.72999954223633,42.150001525878906,41.630001068115234,41.70000076293945,2097700
2025-05-27,39.38441848754883,42.290000915527344,42.650001525878906,42.099998474121094,42.5,8260000
2025-05-28,38.779075622558594,41.63999938964844,42.2400016784668,41.470001220703125,42.22999954223633,5453200
2025-05-29,39.14228057861328,42.029998779296875,42.220001220703125,41.43000030517578,41.43000030517578,5266300
2025-05-30,39.077091217041016,41.959999084472656,42.5,41.810001373291016,42.40999984741211,8584100
2025-06-02,38.70457458496094,41.560001373291016,42.31999969482422,41.33000183105469,42.31999969482422,7170100
2025-06-03,38.84426498413086,41.709999084472656,41.9900016784668,41.40999984741211,41.63999938964844,4734400
2025-06-04,38.66732406616211,41.52000045776367,42.130001068115234,41.33000183105469,41.900001525878906,4800000
2025-06-05,38.5462532043457,41.38999938964844,41.95000076293945,41.31999969482422,41.77000045776367,5117900
2025-06-06,38.47175216674805,41.310001373291016,41.61000061035156,41.08000183105469,41.349998474121094,6022300
2025-06-09,38.20167541503906,41.02000045776367,41.189998626708984,40.27000045776367,41.09000015258789,7330400
2025-06-10,38.406558990478516,41.2400016784668,41.599998474121094,41.02000045776367,41.290000915527344,8572300
2025-06-11,38.35999298095703,41.189998626708984,41.52000045776367,40.72999954223633,41.16999816894531,6882000
2025-06-12,38.57419204711914,41.41999816894531,41.41999816894531,40.720001220703125,40.849998474121094,8488600
2025-06-13,38.462440490722656,41.29999923706055,41.45000076293945,40.810001373291016,41.0099983215332,5429000
2025-06-16,38.90945816040039,41.779998779296875,42.150001525878906,41.41999816894531,41.5,5845600
2025-06-17,38.59281921386719,41.439998626708984,41.9900016784668,41.310001373291016,41.790000915527344,6190000
2025-06-18,37.76396560668945,40.54999923706055,41.380001068115234,40.54999923706055,41.349998474121094,14172900
2025-06-20,37.298316955566406,40.04999923706055,40.38999938964844,39.54999923706055,40.380001068115234,20376000
2025-06-23,37.382137298583984,40.13999938964844,40.13999938964844,39.61000061035156,39.88999938964844,4797100
2025-06-24,37.47526931762695,40.2400016784668,40.70000076293945,39.880001068115234,40.2400016784668,7046800
2025-06-25,37.0189323425293,39.75,40.11000061035156,39.38999938964844,39.95000076293945,5749400
2025-06-26,37.13068771362305,39.869998931884766,40.20000076293945,39.65999984741211,39.83000183105469,3272100
2025-06-27,36.97237014770508,39.70000076293945,39.93000030517578,39.54999923706055,39.630001068115234,3178800
2025-06-30,37.52183151245117,40.290000915527344,40.40999984741211,39.45000076293945,39.54999923706055,5446500
2025-07-01,37.65221405029297,40.43000030517578,40.689998626708984,40.13999938964844,40.400001525878906,3224400
2025-07-02,37.344886779785156,40.099998474121094,40.66999816894531,39.68000030517578,40.66999816894531,6451400
2025-07-03,38.03404235839844,40.84000015258789,41.22999954223633,40.029998779296875,40.099998474121094,4236300
2025-07-04,38.14579772949219,40.959999084472656,41.25,40.63999938964844,40.84000015258789,1918300
2025-07-07,37.344886779785156,40.099998474121094,41.06999969482422,39.939998626708984,40.95000076293945,5791700
2025-07-08,37.07481002807617,39.810001373291016,40.15999984741211,39.45000076293945,40.15999984741211,3564400
2025-07-09,36.97237014770508,39.70000076293945,39.86000061035156,39.45000076293945,39.86000061035156,5864200
2025-07-10,36.71160125732422,39.41999816894531,39.72999954223633,39.060001373291016,39.5,4704700
2025-07-11,36.60916519165039,39.310001373291016,39.7599983215332,39.0099983215332,39.290000915527344,6074400
2025-07-14,36.05970001220703,38.720001220703125,39.38999938964844,38.560001373291016,39.279998779296875,5538300
2025-07-15,36.590538024902344,39.290000915527344,39.290000915527344,38.54999923706055,38.959999084472656,4760600
2025-07-16,36.4694709777832,39.15999984741211,39.380001068115234,38.79999923706055,39.380001068115234,4308100
2025-07-17,36.450843811035156,39.13999938964844,39.349998474121094,38.81999969482422,39.08000183105469,3912400
2025-07-18,36.28321075439453,38.959999084472656,39.25,38.650001525878906,38.75,12532000
2025-07-21,36.38565444946289,39.06999969482422,39.25,38.83000183105469,39.220001220703125,3581000
2025-07-22,35.98519515991211,38.63999938964844,39.45000076293945,38.54999923706055,39.130001068115234,4431500
2025-07-23,36.11557388305664,38.779998779296875,38.970001220703125,38.54999923706055,38.58000183105469,4502200
2025-07-24,35.80825424194336,38.45000076293945,38.7400016784668,38.380001068115234,38.68000030517578,7836300
2025-07-25,35.51954650878906,38.13999938964844,38.61000061035156,37.90999984741211,38.5,4598900
2025-07-28,35.025962829589844,37.61000061035156,38.439998626708984,37.41999816894531,38.310001373291016,6810300
2025-07-29,35.202911376953125,37.79999923706055,38.09000015258789,37.5,37.7400016784668,4379100
2025-07-30,35.5474853515625,38.16999816894531,38.4900016784668,37.56999969482422,37.599998474121094,4991200
2025-07-31,35.212223052978516,37.810001373291016,38.02000045776367,37.619998931884766,37.880001068115234,3574500
2025-08-01,35.27741622924805,37.880001068115234,38.54999923706055,37.59000015258789,38.029998779296875,4648300
2025-08-04,35.28672790527344,37.88999938964844,38.33000183105469,37.72999954223633,38.25,3613400
2025-08-05,35.156341552734375,37.75,38.349998474121094,37.560001373291016,37.72999954223633,3907500
2025-08-06,36.38565444946289,39.06999969482422,39.349998474121094,37.77000045776367,38.0,9900400
2025-08-07,39.83143997192383,42.77000045776367,42.779998779296875,41.29999923706055,41.4900016784668,28984900
2025-08-08,41.237693786621094,44.279998779296875,44.47999954223633,42.77000045776367,42.79999923706055,14585400
2025-08-11,42.029293060302734,45.130001068115234,45.529998779296875,44.25,44.31999969482422,14291400
2025-08-12,42.37387466430664,45.5,45.810001373291016,44.93000030517578,45.5,8379300
2025-08-13,41.8709716796875,44.959999084472656,45.52000045776367,44.470001220703125,45.5,7052200
2025-08-14,41.237693786621094,44.279998779296875,44.86000061035156,44.02000045776367,44.849998474121094,6957500
2025-08-15,41.209754943847656,44.25,44.380001068115234,43.97999954223633,44.29999923706055,5076400
2025-08-18,41.01350784301758,42.290000915527344,42.619998931884766,41.959999084472656,42.4900016784668,5913900
2025-08-19,40.31523895263672,41.56999969482422,41.93000030517578,41.209999084472656,41.86000061035156,5490000
2025-08-20,40.848636627197266,42.119998931884766,42.15999984741211,41.4900016784668,41.70000076293945,7074600
2025-08-21,41.11048889160156,42.38999938964844,42.529998779296875,41.810001373291016,41.849998474121094,5614100
2025-08-22,41.3917350769043,42.68000030517578,42.959999084472656,42.279998779296875,42.599998474121094,6593200
2025-08-25,42.01241683959961,43.31999969482422,43.54999923706055,42.68000030517578,42.779998779296875,10955800
2025-08-26,41.67298126220703,42.970001220703125,43.36000061035156,42.630001068115234,43.36000061035156,6064500
2025-08-27,42.18698501586914,43.5,43.5,42.54999923706055,42.720001220703125,4801100
2025-08-28,43.0792121887207,44.41999816894531,44.599998474121094,43.5,43.86000061035156,8654400
2025-08-29,43.66110610961914,45.02000045776367,45.11000061035156,44.31999969482422,44.59000015258789,12486500
2025-09-01,43.64170837402344,45.0,45.36000061035156,44.650001525878906,45.220001220703125,5267900
2025-09-02,43.60291290283203,44.959999084472656,45.2400016784668,44.400001525878906,44.459999084472656,11448900
2025-09-03,43.15679931640625,44.5,45.06999969482422,44.36000061035156,44.939998626708984,5089500
2025-09-04,43.54472732543945,44.900001525878906,45.25,44.43000030517578,44.540000915527344,9143700
2025-09-05,44.165409088134766,45.540000915527344,45.66999816894531,45.04999923706055,45.2599983215332,7078500
2025-09-08,43.767784118652344,45.130001068115234,45.59000015258789,44.849998474121094,45.5,3589000
2025-09-09,44.15570831298828,45.529998779296875,45.68000030517578,44.95000076293945,45.25,4552600
2025-09-10,44.25269317626953,45.630001068115234,46.08000183105469,45.29999923706055,45.310001373291016,4634300
2025-09-11,44.9024658203125,46.29999923706055,46.470001220703125,45.689998626708984,45.72999954223633,5895600
2025-09-12,44.9024658203125,46.29999923706055,46.400001525878906,45.619998931884766,45.619998931884766,6205700
2025-09-15,46.26021194458008,47.70000076293945,48.119998931884766,46.540000915527344,46.540000915527344,11518800
2025-09-16,46.51236343383789,47.959999084472656,48.310001373291016,47.5099983215332,48.220001220703125,5497100
2025-09-17,47.32700729370117,48.79999923706055,49.279998779296875,47.720001220703125,47.720001220703125,10343000
2025-09-18,47.52096939086914,49.0,49.5,48.5,48.70000076293945,16371600
2025-09-19,49.02418518066406,50.54999923706055,50.900001525878906,49.540000915527344,49.540000915527344,15974100
2025-09-22,48.2386360168457,49.7400016784668,50.52000045776367,49.459999084472656,50.08000183105469,6592100
2025-09-23,49.16965866088867,50.70000076293945,50.880001068115234,49.630001068115234,49.7400016784668,6524900
2025-09-24,49.16965866088867,50.70000076293945,50.70000076293945,50.13999938964844,50.619998931884766,4461700
2025-09-25,48.87871551513672,50.400001525878906,50.900001525878906,50.209999084472656,50.779998779296875,7705800
2025-09-26,49.15995788574219,50.689998626708984,50.900001525878906,50.349998474121094,50.650001525878906,3738700
2025-09-29,51.08989334106445,52.68000030517578,52.84000015258789,50.83000183105469,51.2400016784668,11333000
2025-09-30,50.934722900390625,52.52000045776367,53.650001525878906,52.279998779296875,53.0,8170600
2025-10-01,51.22566604614258,52.81999969482422,53.27000045776367,52.529998779296875,52.81999969482422,5548500
2025-10-02,50.81834411621094,52.400001525878906,52.970001220703125,51.91999816894531,52.84000015258789,3971500
2025-10-03,50.80864715576172,52.38999938964844,52.630001068115234,51.939998626708984,52.45000076293945,4627400
2025-10-06,50.85713577270508,52.439998626708984,52.4900016784668,51.900001525878906,52.31999969482422,4169700
2025-10-07,50.03279495239258,51.59000015258789,52.189998626708984,51.2400016784668,52.0,12066300
2025-10-08,50.59528350830078,52.16999816894531,52.560001373291016,51.540000915527344,51.70000076293945,7310300
2025-10-09,50.44011306762695,52.0099983215332,52.9900016784668,51.86000061035156,52.560001373291016,5238400
2025-10-10,50.381927490234375,51.95000076293945,52.33000183105469,51.2599983215332,52.20000076293945,5735500
2025-10-13,50.459510803222656,52.029998779296875,52.560001373291016,51.88999938964844,52.119998931884766,4683200
2025-10-14,50.27524948120117,51.84000015258789,52.279998779296875,51.40999984741211,51.95000076293945,10141800
2025-10-15,51.44872283935547,53.04999923706055,54.130001068115234,52.65999984741211,53.470001220703125,22009500
2025-10-16,51.681480407714844,53.290000915527344,53.52000045776367,52.27000045776367,52.95000076293945,8866800
2025-10-17,52.98103332519531,54.630001068115234,54.630001068115234,52.650001525878906,52.7400016784668,24193700
2025-10-20,53.27198028564453,54.93000030517578,55.40999984741211,54.36000061035156,54.599998474121094,8654300
2025-10-21,53.27198028564453,54.93000030517578,55.220001220703125,54.5099983215332,54.689998626708984,5408500
2025-10-22,52.47673034667969,54.11000061035156,55.189998626708984,53.84000015258789,55.189998626708984,5389300
2025-10-23,52.4670295715332,54.099998474121094,54.380001068115234,53.560001373291016,54.15999984741211,4949500
2025-10-24,52.51552200317383,54.150001525878906,54.47999954223633,53.66999816894531,54.38999938964844,4741700
2025-10-27,52.7094841003418,54.349998474121094,55.02000045776367,54.279998779296875,54.45000076293945,5059200
2025-10-28,52.631900787353516,54.27000045776367,54.7599983215332,54.08000183105469,54.349998474121094,5554900
2025-10-29,53.281673431396484,54.939998626708984,55.130001068115234,54.36000061035156,54.63999938964844,5580500
2025-10-30,53.87326431274414,55.54999923706055,55.630001068115234,54.56999969482422,54.63999938964844,5822300
2025-10-31,54.03813552856445,55.720001220703125,55.93000030517578,55.36000061035156,55.66999816894531,7667600
2025-11-03,54.51333999633789,56.209999084472656,56.5,55.529998779296875,55.84000015258789,5507000
2025-11-04,54.95945739746094,56.66999816894531,56.849998474121094,56.029998779296875,56.130001068115234,5950700
2025-11-05,56.01655578613281,57.7599983215332,57.880001068115234,56.41999816894531,56.66999816894531,11783000
2025-11-06,56.443275451660156,58.20000076293945,60.040000915527344,58.20000076293945,59.5099983215332,17095600
2025-11-07,56.90878677368164,58.68000030517578,58.79999923706055,57.13999938964844,58.04999923706055,11216100
2025-11-10,57.704036712646484,59.5,59.900001525878906,58.849998474121094,59.36000061035156,8733800
2025-11-11,59.15876007080078,61.0,61.34000015258789,59.59000015258789,59.9900016784668,13092500
2025-11-12,59.83763122558594,61.70000076293945,61.70000076293945,60.20000076293945,61.150001525878906,8434100
2025-11-13,59.74064636230469,61.599998474121094,61.93000030517578,60.95000076293945,61.70000076293945,7969900
2025-11-14,60.71046447753906,62.599998474121094,63.29999923706055,61.310001373291016,61.59000015258789,16260200
2025-11-17,61.04999923706055,61.04999923706055,61.41999816894531,60.040000915527344,60.54999923706055,11082000
2025-11-18,61.310001373291016,61.310001373291016,61.439998626708984,60.0,60.0,7942700
2025-11-19,60.81999969482422,60.81999969482422,61.540000915527344,60.41999816894531,60.95000076293945,8000800
2025-11-21,61.029998779296875,61.029998779296875,61.18000030517578,60.599998474121094,60.81999969482422,6470100
2025-11-24,61.58000183105469,61.58000183105469,61.66999816894531,60.75,61.209999084472656,6962900
2025-11-25,62.560001373291016,62.560001373291016,62.709999084472656,61.52000045776367,61.54999923706055,6585300
2025-11-26,64.0999984741211,64.0999984741211,64.2300033569336,62.4900016784668,62.689998626708984,8757500
2025-11-27,63.20000076293945,63.20000076293945,64.5999984741211,62.849998474121094,64.0999984741211,4702200
2025-11-28,62.5,62.5,64.12000274658203,61.91999816894531,63.5,12375700
2025-12-01,62.68000030517578,62.68000030517578,62.7599983215332,61.380001068115234,62.349998474121094,9697400
2025-12-02,63.84000015258789,63.84000015258789,63.84000015258789,62.36000061035156,62.650001525878906,6850700
2025-12-03,64.69000244140625,64.69000244140625,65.05999755859375,63.689998626708984,63.84000015258789,12634300
2025-12-04,66.6500015258789,66.6500015258789,66.87000274658203,65.01000213623047,65.05999755859375,9483000
2025-12-05,63.099998474121094,63.099998474121094,67.83999633789062,62.83000183105469,66.70999908447266,18274900
2025-12-08,63.81999969482422,63.81999969482422,64.69999694824219,63.41999816894531,64.4000015258789,9104600
2025-12-09,64.79000091552734,64.79000091552734,65.29000091552734,62.68000030517578,63.4900016784668,8614900
2025-12-10,63.560001373291016,63.560001373291016,65.08000183105469,63.470001220703125,65.0,7714400
2025-12-11,62.84000015258789,62.84000015258789,63.650001525878906,61.77000045776367,63.33000183105469,13767500
2025-12-12,63.88999938964844,63.88999938964844,64.08999633789062,63.040000915527344,63.150001525878906,5332700
2025-12-15,65.1500015258789,65.1500015258789,65.48999786376953,64.19999694824219,64.72000122070312,8551200
2025-12-16,63.119998931884766,63.119998931884766,64.7699966430664,63.119998931884766,64.2699966430664,22126000
2025-12-17,62.40999984741211,62.40999984741211,63.09000015258789,60.790000915527344,63.08000183105469,15580200
2025-12-18,62.34000015258789,62.34000015258789,62.34000015258789,60.34000015258789,61.560001373291016,11259800
2025-12-19,62.79999923706055,62.79999923706055,63.09000015258789,61.81999969482422,62.0,8787600
2025-12-22,48.650001525878906,48.650001525878906,51.5099983215332,47.43000030517578,49.93000030517578,24141000
2025-12-23,49.95000076293945,49.95000076293945,50.58000183105469,48.86000061035156,49.25,18312200
2025-12-26,49.880001068115234,49.880001068115234,49.88999938964844,48.84000015258789,49.349998474121094,8072400
2025-12-29,49.900001525878906,49.900001525878906,50.25,49.369998931884766,49.72999954223633,8303500
2025-12-30,50.61000061035156,50.61000061035156,50.61000061035156,50.02000045776367,50.04999923706055,7313800
2026-01-02,50.0,50.0,51.150001525878906,49.939998626708984,50.88999938964844,15010500
2026-01-05,50.25,50.25,50.400001525878906,49.310001373291016,49.900001525878906,14216000
2026-01-06,51.959999084472656,51.959999084472656,52.349998474121094,50.630001068115234,50.630001068115234,15478300
2026-01-07,49.5099983215332,49.5099983215332,51.95000076293945,49.5099983215332,51.70000076293945,16604900
2026-01-08,51.20000076293945,51.20000076293945,51.36000061035156,49.790000915527344,49.790000915527344,14178000
2026-01-09,51.349998474121094,51.349998474121094,52.220001220703125,51.20000076293945,51.209999084472656,11804100
2026-01-12,50.70000076293945,50.70000076293945,51.540000915527344,50.630001068115234,51.029998779296875,7269000
2026-01-13,49.470001220703125,49.470001220703125,50.70000076293945,49.22999954223633,50.56999969482422,8096000
2026-01-14,50.93000030517578,50.93000030517578,50.93000030517578,49.81999969482422,49.900001525878906,13691900
2026-01-15,51.38999938964844,51.38999938964844,51.84000015258789,51.04999923706055,51.33000183105469,11689200
2026-01-16,50.5,50.5,51.91999816894531,50.310001373291016,51.38999938964844,11816100
2026-01-19,50.79999923706055,50.79999923706055,51.0099983215332,50.459999084472656,50.54999923706055,5990700
2026-01-20,51.29999923706055,51.29999923706055,51.5099983215332,50.33000183105469,50.52000045776367,11896600
2026-01-21,52.83000183105469,52.83000183105469,52.88999938964844,51.599998474121094,52.0,33723100
2026-01-22,54.689998626708984,54.689998626708984,55.40999984741211,52.77000045776367,53.599998474121094,20095400
2026-01-23,54.369998931884766,54.369998931884766,54.970001220703125,53.54999923706055,54.970001220703125,13028800
2026-01-26,53.380001068115234,53.380001068115234,54.63999938964844,53.0,54.349998474121094,12921900
2026-01-27,53.90999984741211,53.90999984741211,54.5,53.15999984741211,54.40999984741211,14898200
2026-01-28,55.5,55.5,55.650001525878906,53.790000915527344,54.25,19308500
2026-01-29,54.7599983215332,54.7599983215332,56.40999984741211,53.91999816894531,56.25,7799800
2026-01-30,54.369998931884766,54.369998931884766,55.400001525878906,53.61000061035156,54.380001068115234,11944500
2026-02-02,55.599998474121094,55.599998474121094,56.09000015258789,54.099998474121094,54.40999984741211,14564600
2026-02-03,56.7400016784668,56.7400016784668,57.20000076293945,55.97999954223633,56.459999084472656,13019000
2026-02-04,54.97999954223633,54.97999954223633,57.22999954223633,54.45000076293945,56.56999969482422,11178400
2026-02-05,56.900001525878906,56.900001525878906,57.4900016784668,55.220001220703125,55.43000030517578,15101200
2026-02-06,57.630001068115234,57.630001068115234,57.970001220703125,56.709999084472656,57.099998474121094,7706100
2026-02-09,58.630001068115234,58.630001068115234,58.790000915527344,57.36000061035156,57.959999084472656,7826300
2026-02-10,58.849998474121094,58.849998474121094,59.91999816894531,58.189998626708984,58.59000015258789,10261000
2026-02-11,59.54999923706055,59.54999923706055,59.9900016784668,58.81999969482422,59.61000061035156,7221100
2026-02-12,58.88999938964844,58.88999938964844,59.79999923706055,58.58000183105469,59.36000061035156,9280100
2026-02-13,58.43000030517578,58.43000030517578,58.689998626708984,57.5,57.66999816894531,6783100
2026-02-18,58.58000183105469,58.58000183105469,59.06999969482422,58.2400016784668,58.61000061035156,7373000
2026-02-19,61.18000030517578,61.18000030517578,61.18000030517578,58.25,59.150001525878906,13968500
2026-02-20,61.20000076293945,61.20000076293945,61.81999969482422,60.27000045776367,60.31999969482422,16408300
2026-02-23,60.529998779296875,60.529998779296875,61.40999984741211,60.040000915527344,61.20000076293945,6964000
2026-02-24,61.380001068115234,61.380001068115234,61.83000183105469,60.61000061035156,60.77000045776367,11051900
2026-02-25,62.029998779296875,62.029998779296875,62.150001525878906,60.529998779296875,61.720001220703125,9007100
2026-02-26,62.91999816894531,62.91999816894531,63.13999938964844,62.0,62.20000076293945,10782000
2026-02-27,61.27000045776367,61.27000045776367,62.18000030517578,60.0,62.0,13568300
2026-03-02,62.36000061035156,62.36000061035156,62.70000076293945,59.599998474121094,60.0,8621500
2026-03-03,59.4900016784668,59.4900016784668,60.599998474121094,58.560001373291016,60.0099983215332,17365700
2026-03-04,61.34000015258789,61.34000015258789,61.720001220703125,60.09000015258789,60.9900016784668,9995600
2026-03-05,59.27000045776367,59.27000045776367,61.13999938964844,58.77000045776367,60.70000076293945,12216400
2026-03-06,58.9900016784668,58.9900016784668,59.599998474121094,57.380001068115234,58.81999969482422,11135500
2026-03-09,59.59000015258789,59.59000015258789,60.08000183105469,57.91999816894531,58.65999984741211,8759500
2026-03-10,60.70000076293945,60.70000076293945,61.83000183105469,59.2599983215332,60.40999984741211,7958000
2026-03-11,60.47999954223633,60.47999954223633,61.599998474121094,59.779998779296875,59.97999954223633,6697800
2026-03-12,58.18000030517578,58.18000030517578,59.88999938964844,57.91999816894531,59.619998931884766,9845000
2026-03-13,58.0,58.0,59.77000045776367,57.560001373291016,58.880001068115234,10114100
2026-03-16,58.90999984741211,58.90999984741211,59.47999954223633,58.5,59.16999816894531,6495700
2026-03-17,57.7599983215332,57.7599983215332,59.58000183105469,57.470001220703125,59.0099983215332,7739900
2026-03-18,57.599998474121094,57.599998474121094,58.619998931884766,57.119998931884766,57.25,11749000
2026-03-19,57.81999969482422,57.81999969482422,58.47999954223633,55.689998626708984,56.20000076293945,14108800
2026-03-20,55.650001525878906,55.650001525878906,57.81999969482422,55.27000045776367,57.31999969482422,13067200
2026-03-23,58.27000045776367,58.27000045776367,58.900001525878906,56.84000015258789,57.0,10280300
2026-03-24,57.650001525878906,57.650001525878906,57.959999084472656,56.720001220703125,57.880001068115234,7849900
2026-03-25,58.7400016784668,58.7400016784668,59.0,57.91999816894531,58.22999954223633,7099000
2026-03-26,56.93000030517578,56.93000030517578,58.619998931884766,56.7599983215332,58.13999938964844,7701800
2026-03-27,55.970001220703125,55.970001220703125,57.15999984741211,55.63999938964844,56.75,7260100
2026-03-30,56.279998779296875,56.279998779296875,57.04999923706055,55.880001068115234,56.650001525878906,6950600
2026-03-31,58.560001373291016,58.560001373291016,58.7400016784668,56.720001220703125,57.29999923706055,10352100
2026-04-01,59.47999954223633,59.47999954223633,60.09000015258789,58.7599983215332,59.0,9422700
2026-04-02,59.279998779296875,59.279998779296875,60.06999969482422,57.630001068115234,58.560001373291016,7309000
2026-04-06,58.95000076293945,58.95000076293945,59.68000030517578,58.84000015258789,59.31999969482422,4915800
2026-04-07,59.470001220703125,59.470001220703125,59.470001220703125,57.47999954223633,58.5099983215332,10582300
2026-04-08,61.9900016784668,61.9900016784668,62.810001373291016,61.40999984741211,62.099998474121094,16007000
2026-04-09,64.3499984741211,64.3499984741211,64.3499984741211,61.91999816894531,62.540000915527344,14703300
2026-04-10,65.33000183105469,65.33000183105469,65.5,64.4000015258789,64.87999725341797,13137400
2026-04-13,65.56999969482422,65.56999969482422,65.73999786376953,64.3499984741211,65.06999969482422,11515900
2026-04-14,67.1500015258789,67.1500015258789,67.48999786376953,65.75,65.88999938964844,12650500
2026-04-15,66.2699966430664,66.2699966430664,67.33999633789062,66.19999694824219,66.80000305175781,14169200
2026-04-16,65.55999755859375,65.55999755859375,66.58999633789062,65.23999786376953,66.5,9103700
2026-04-17,63.4900016784668,63.4900016784668,67.83999633789062,62.900001525878906,67.12000274658203,16945200
2026-04-20,63.93000030517578,63.93000030517578,64.68000030517578,63.09000015258789,63.4900016784668,10073600
2026-04-22,63.08000183105469,63.08000183105469,64.30000305175781,62.470001220703125,63.869998931884766,8262200
2026-04-23,63.279998779296875,63.279998779296875,63.880001068115234,62.75,63.2400016784668,7751800
2026-04-24,62.869998931884766,62.869998931884766,63.689998626708984,62.400001525878906,63.689998626708984,7705200
2026-04-27,62.45000076293945,62.45000076293945,63.290000915527344,62.31999969482422,63.060001373291016,4381100
2026-04-28,62.08000183105469,62.08000183105469,62.20000076293945,61.04999923706055,61.70000076293945,5493800
2026-04-29,60.5,60.5,62.09000015258789,60.310001373291016,61.81999969482422,11599000
2026-04-30,62.04999923706055,62.04999923706055,62.2599983215332,60.9900016784668,60.9900016784668,12077300
2026-05-04,61.88999938964844,61.88999938964844,63.22999954223633,61.369998931884766,62.060001373291016,13767000
2026-05-05,62.060001373291016,62.060001373291016,62.5,61.380001068115234,61.81999969482422,10853500
2026-05-06,61.79999923706055,61.79999923706055,62.81999969482422,61.79999923706055,62.40999984741211,10255100
2026-05-07,58.119998931884766,58.119998931884766,61.54999923706055,57.540000915527344,61.0,18791000
2026-05-08,58.75,58.75,59.22999954223633,58.400001525878906,58.810001373291016,10867300
2026-05-11,57.099998474121094,57.099998474121094,58.7400016784668,56.779998779296875,58.060001373291016,10425800
2026-05-12,57.349998474121094,57.349998474121094,57.79999923706055,56.38999938964844,56.7400016784668,9490000
2026-05-13,54.939998626708984,54.939998626708984,57.34000015258789,54.81999969482422,57.22999954223633,11415700
2026-05-14,55.349998474121094,55.349998474121094,56.0,55.0,55.79999923706055,4912300
2026-05-15,54.66999816894531,54.66999816894531,54.939998626708984,53.91999816894531,54.15999984741211,8806700
2026-05-18,54.310001373291016,54.310001373291016,55.09000015258789,54.060001373291016,54.540000915527344,7642100
2026-05-19,53.81999969482422,53.81999969482422,54.439998626708984,53.029998779296875,53.5,9672400
2026-05-20,55.0,55.0,55.529998779296875,54.099998474121094,54.16999816894531,9342500
2026-05-21,54.68000030517578,54.68000030517578,55.45000076293945,53.869998931884766,54.34000015258789,4974600
2026-05-22,54.0,54.0,54.54999923706055,53.119998931884766,54.06999969482422,6763900
2026-05-25,54.400001525878906,54.400001525878906,54.790000915527344,54.06999969482422,54.790000915527344,3165700
2026-05-26,53.5099983215332,53.5099983215332,54.189998626708984,52.810001373291016,53.88999938964844,8985300
2026-05-27,52.56999969482422,52.56999969482422,53.720001220703125,52.529998779296875,53.470001220703125,7398500
2026-05-28,52.70000076293945,52.70000076293945,53.40999984741211,52.310001373291016,52.810001373291016,6791400
2026-05-29,52.43000030517578,52.43000030517578,52.70000076293945,50.970001220703125,52.5,30311300
2026-06-01,51.150001525878906,51.150001525878906,52.54999923706055,50.93000030517578,52.5,10050200
2026-06-02,52.36000061035156,52.36000061035156,52.459999084472656,51.2400016784668,51.25,9433700
2026-06-03,50.75,50.75,51.58000183105469,50.58000183105469,51.25,10278500
2026-06-05,50.7599983215332,50.7599983215332,50.9900016784668,50.220001220703125,50.619998931884766,7678200
2026-06-08,50.52000045776367,50.52000045776367,51.04999923706055,50.04999923706055,51.0099983215332,8031400
2026-06-09,50.459999084472656,50.459999084472656,51.2400016784668,50.33000183105469,51.09000015258789,10572900
2026-06-10,50.529998779296875,50.529998779296875,50.66999816894531,49.7599983215332,50.099998474121094,8974400
2026-06-11,52.27000045776367,52.27000045776367,52.79999923706055,50.58000183105469,50.59000015258789,16093700
2026-06-12,52.0,52.0,52.84000015258789,51.7400016784668,51.939998626708984,8527400
2026-06-15,53.0,53.0,53.84000015258789,52.65999984741211,53.0,11335300
2026-06-16,53.15999984741211,53.15999984741211,53.709999084472656,52.47999954223633,52.54999923706055,12142000
2026-06-17,52.38999938964844,52.38999938964844,54.38999938964844,52.220001220703125,53.16999816894531,12575800
2026-06-18,51.5099983215332,51.5099983215332,52.5099983215332,51.310001373291016,52.150001525878906,8396500
2026-06-19,51.810001373291016,51.810001373291016,52.08000183105469,51.029998779296875,51.029998779296875,10616900
2026-06-22,52.849998474121094,52.849998474121094,53.34000015258789,51.97999954223633,52.150001525878906,9915400
2026-06-23,54.220001220703125,54.220001220703125,54.349998474121094,51.97999954223633,52.31999969482422,11408600
2026-06-24,54.18000030517578,54.18000030517578,54.56999969482422,53.220001220703125,53.63999938964844,17012400
2026-06-25,55.060001373291016,55.060001373291016,55.709999084472656,54.52000045776367,54.54999923706055,7779000
2026-06-26,55.619998931884766,55.619998931884766,55.939998626708984,54.560001373291016,54.970001220703125,8626300
