Price,Adj Close,Close,High,Low,Open,Volume
Ticker,EMBJ3.SA,EMBJ3.SA,EMBJ3.SA,EMBJ3.SA,EMBJ3.SA,EMBJ3.SA
Date,,,,,,
2021-06-28,18.745773315429688,18.989999771118164,19.209999084472656,18.709999084472656,19.059999465942383,5974000
2021-06-29,18.37066078186035,18.610000610351562,19.059999465942383,18.399999618530273,18.979999542236328,7487200
2021-06-30,18.627317428588867,18.8700008392334,19.020000457763672,18.360000610351562,18.549999237060547,6084900
2021-07-01,18.49898910522461,18.739999771118164,19.100000381469727,18.559999465942383,18.989999771118164,4915400
2021-07-02,18.706287384033203,18.950000762939453,19.209999084472656,18.600000381469727,18.84000015258789,5218500
2021-07-05,18.73590087890625,18.979999542236328,19.450000762939453,18.739999771118164,18.799999237060547,5035500
2021-07-06,18.44963264465332,18.690000534057617,19.09000015258789,18.610000610351562,18.950000762939453,4190900
2021-07-07,18.44963264465332,18.690000534057617,19.110000610351562,18.3799991607666,18.81999969482422,6993500
2021-07-08,17.975801467895508,18.209999084472656,18.579999923706055,18.0,18.270000457763672,5785900
2021-07-12,19.446643829345703,19.700000762939453,19.719999313354492,18.3799991607666,18.56999969482422,17691400
2021-07-13,18.874101638793945,19.1200008392334,19.920000076293945,19.059999465942383,19.729999542236328,10149000
2021-07-14,18.39040184020996,18.6299991607666,19.360000610351562,18.510000228881836,19.25,10395100
2021-07-15,18.035036087036133,18.270000457763672,18.780000686645508,18.049999237060547,18.700000762939453,6468100
2021-07-16,17.314422607421875,17.540000915527344,18.469999313354492,17.440000534057617,18.399999618530273,10524000
2021-07-19,17.07750701904297,17.299999237060547,17.31999969482422,16.719999313354492,17.31999969482422,14644200
2021-07-20,18.08439064025879,18.31999969482422,18.43000030517578,17.309999465942383,17.440000534057617,11309100
2021-07-21,18.627317428588867,18.8700008392334,19.170000076293945,18.260000228881836,18.3700008392334,10838900
2021-07-22,18.459503173828125,18.700000762939453,19.239999771118164,18.489999771118164,18.8700008392334,7094400
2021-07-23,18.271944046020508,18.510000228881836,19.0,18.5,18.700000762939453,6037100
2021-07-26,18.913585662841797,19.15999984741211,19.420000076293945,18.350000381469727,18.479999542236328,10331600
2021-07-27,18.676673889160156,18.920000076293945,19.299999237060547,18.579999923706055,19.09000015258789,10652100
2021-07-28,19.120887756347656,19.3700008392334,19.389999389648438,18.860000610351562,19.09000015258789,11390400
2021-07-29,19.170244216918945,19.420000076293945,19.6299991607666,19.149999618530273,19.3700008392334,10160700
2021-07-30,18.350914001464844,18.59000015258789,19.459999084472656,18.420000076293945,19.25,10367900
2021-08-02,18.647058486938477,18.889999389648438,19.68000030517578,18.600000381469727,18.790000915527344,12404600
2021-08-03,18.676673889160156,18.920000076293945,19.030000686645508,17.959999084472656,18.860000610351562,11502400
2021-08-04,18.08439064025879,18.31999969482422,19.100000381469727,18.260000228881836,18.90999984741211,8129700
2021-08-05,18.380531311035156,18.6200008392334,18.940000534057617,18.450000762939453,18.5,7754400
2021-08-06,18.98268699645996,19.229999542236328,19.3700008392334,18.549999237060547,18.549999237060547,7023800
2021-08-09,18.73590087890625,18.979999542236328,19.200000762939453,18.690000534057617,19.059999465942383,5333000
2021-08-10,19.34792709350586,19.600000381469727,19.84000015258789,19.079999923706055,19.200000762939453,16310900
2021-08-11,19.673683166503906,19.93000030517578,19.969999313354492,19.18000030517578,19.59000015258789,11159800
2021-08-12,19.130756378173828,19.3799991607666,20.170000076293945,19.299999237060547,19.940000534057617,7534000
2021-08-13,20.52262306213379,20.790000915527344,20.850000381469727,19.84000015258789,19.93000030517578,20539000
2021-08-16,19.199859619140625,19.450000762939453,20.899999618530273,19.34000015258789,20.760000228881836,15239900
2021-08-17,17.92644691467285,18.15999984741211,19.270000457763672,17.84000015258789,19.270000457763672,21339100
2021-08-18,18.587831497192383,18.829999923706055,19.3799991607666,18.079999923706055,18.309999465942383,21510500
2021-08-19,19.308441162109375,19.559999465942383,19.719999313354492,18.280000686645508,18.450000762939453,13412800
2021-08-20,19.614456176757812,19.8700008392334,19.950000762939453,19.139999389648438,19.270000457763672,9751900
2021-08-23,20.650955200195312,20.920000076293945,21.149999618530273,19.760000228881836,19.8799991607666,15483300
2021-08-24,22.32908821105957,22.6200008392334,22.739999771118164,20.860000610351562,20.860000610351562,20446700
2021-08-25,23.03982925415039,23.34000015258789,23.459999084472656,22.239999771118164,22.56999969482422,20818500
2021-08-26,22.82265853881836,23.1200008392334,23.850000381469727,23.059999465942383,23.200000762939453,12324700
2021-08-27,23.375455856323242,23.68000030517578,23.790000915527344,22.899999618530273,23.1200008392334,9772200
2021-08-30,22.852272033691406,23.149999618530273,23.829999923706055,22.860000610351562,23.600000381469727,7970200
2021-08-31,23.118797302246094,23.420000076293945,23.719999313354492,22.889999389648438,23.06999969482422,12362400
2021-09-01,22.635099411010742,22.93000030517578,24.030000686645508,22.81999969482422,23.600000381469727,9645400
2021-09-02,22.487031936645508,22.780000686645508,23.6200008392334,22.719999313354492,22.860000610351562,12469800
2021-09-03,21.480148315429688,21.760000228881836,23.200000762939453,21.75,22.809999465942383,25282500
2021-09-06,21.27284812927246,21.549999237060547,21.950000762939453,21.350000381469727,21.56999969482422,5035300
2021-09-08,20.799020767211914,21.06999969482422,22.100000381469727,20.920000076293945,21.360000610351562,16789300
2021-09-09,21.351818084716797,21.6299991607666,21.899999618530273,21.0,21.0,10884300
2021-09-10,20.907608032226562,21.18000030517578,22.190000534057617,21.049999237060547,21.979999542236328,9038600
2021-09-13,21.58873748779297,21.8700008392334,22.190000534057617,21.290000915527344,21.639999389648438,9132600
2021-09-14,21.055679321289062,21.329999923706055,22.09000015258789,21.290000915527344,22.09000015258789,7135000
2021-09-15,21.164264678955078,21.440000534057617,21.639999389648438,21.170000076293945,21.270000457763672,5996400
2021-09-16,20.976707458496094,21.25,21.440000534057617,21.030000686645508,21.25,5026700
2021-09-17,20.61146354675293,20.8799991607666,21.719999313354492,20.8799991607666,21.09000015258789,16108000
2021-09-20,20.098154067993164,20.360000610351562,20.600000381469727,19.959999084472656,20.43000030517578,8713700
2021-09-21,19.950082778930664,20.209999084472656,20.93000030517578,20.170000076293945,20.40999984741211,10393500
2021-09-22,21.026063919067383,21.299999237060547,21.600000381469727,20.350000381469727,20.5,9796400
2021-09-23,23.58275604248047,23.889999389648438,23.969999313354492,21.969999313354492,21.989999771118164,24831600
2021-09-24,23.553142547607422,23.860000610351562,24.65999984741211,23.299999237060547,23.81999969482422,15173600
2021-09-27,23.227386474609375,23.530000686645508,24.489999771118164,23.3700008392334,23.780000686645508,9116700
2021-09-28,22.773300170898438,23.06999969482422,24.43000030517578,22.90999984741211,23.68000030517578,13343900
2021-09-29,23.26687240600586,23.56999969482422,23.940000534057617,23.049999237060547,23.350000381469727,8623300
2021-09-30,22.832529067993164,23.1299991607666,23.850000381469727,23.1299991607666,23.709999084472656,7047200
2021-10-01,23.957868576049805,24.270000457763672,24.3700008392334,23.239999771118164,23.350000381469727,11040100
2021-10-04,23.740697860717773,24.049999237060547,24.979999542236328,23.850000381469727,24.639999389648438,14866000
2021-10-05,22.664714813232422,22.959999084472656,24.190000534057617,22.84000015258789,24.139999389648438,8225300
2021-10-06,23.079313278198242,23.3799991607666,23.540000915527344,21.510000228881836,22.709999084472656,16418600
2021-10-07,23.780183792114258,24.09000015258789,24.399999618530273,23.280000686645508,23.540000915527344,9481000
2021-10-08,24.43169403076172,24.75,25.139999389648438,24.040000915527344,24.260000228881836,9986100
2021-10-11,25.62613296508789,25.959999084472656,26.309999465942383,24.81999969482422,25.209999084472656,13582900
2021-10-13,25.566904067993164,25.899999618530273,26.600000381469727,25.760000228881836,26.190000534057617,10332900
2021-10-14,25.714975357055664,26.049999237060547,26.350000381469727,25.420000076293945,26.049999237060547,7026300
2021-10-15,25.3497314453125,25.68000030517578,26.43000030517578,25.6299991607666,26.200000762939453,5413600
2021-10-18,25.329992294311523,25.65999984741211,26.079999923706055,25.06999969482422,25.540000915527344,5712000
2021-10-19,24.619251251220703,24.940000534057617,25.899999618530273,24.899999618530273,25.700000762939453,8152900
2021-10-20,24.342851638793945,24.65999984741211,25.450000762939453,24.459999084472656,25.260000228881836,5827000
2021-10-21,23.819665908813477,24.1299991607666,25.0,23.700000762939453,24.200000762939453,12239900
2021-10-22,23.938125610351562,24.25,24.59000015258789,23.1200008392334,23.829999923706055,14928700
2021-10-25,23.809799194335938,24.1200008392334,24.860000610351562,23.920000076293945,24.399999618530273,7694200
2021-10-26,22.87201690673828,23.170000076293945,23.979999542236328,23.06999969482422,23.90999984741211,11652700
2021-10-27,22.200759887695312,22.489999771118164,23.399999618530273,22.360000610351562,23.209999084472656,6677900
2021-10-28,22.082304000854492,22.3700008392334,22.850000381469727,21.809999465942383,22.219999313354492,9366300
2021-10-29,21.64796257019043,21.93000030517578,22.700000762939453,21.690000534057617,22.6200008392334,7901000
2021-11-01,22.04281997680664,22.329999923706055,22.68000030517578,22.020000457763672,22.09000015258789,7279900
2021-11-03,22.06256103515625,22.350000381469727,22.6200008392334,21.610000610351562,22.06999969482422,9633600
2021-11-04,21.430789947509766,21.709999084472656,22.450000762939453,21.18000030517578,22.229999542236328,7579200
2021-11-05,22.812788009643555,23.110000610351562,23.18000030517578,22.059999465942383,22.40999984741211,11187600
2021-11-08,22.585744857788086,22.8799991607666,23.5,22.530000686645508,23.059999465942383,8061500
2021-11-09,23.06944465637207,23.3700008392334,23.729999542236328,22.75,22.799999237060547,6400700
2021-11-10,22.34882926940918,22.639999389648438,23.399999618530273,22.600000381469727,23.260000228881836,7600800
2021-11-11,22.69432830810547,22.989999771118164,23.670000076293945,22.75,23.0,8671100
2021-11-12,21.68744659423828,21.969999313354492,23.110000610351562,21.049999237060547,22.829999923706055,18733700
2021-11-16,21.223491668701172,21.5,23.290000915527344,21.420000076293945,22.510000228881836,14425900
2021-11-17,20.680566787719727,20.950000762939453,21.950000762939453,20.559999465942383,21.860000610351562,17454700
2021-11-18,20.78915023803711,21.059999465942383,21.299999237060547,20.68000030517578,20.959999084472656,6602200
2021-11-19,20.453523635864258,20.719999313354492,21.25,20.530000686645508,20.969999313354492,7989900
2021-11-22,20.1080265045166,20.3700008392334,21.079999923706055,20.280000686645508,20.649999618530273,9689000
2021-11-23,20.325199127197266,20.59000015258789,20.780000686645508,20.010000228881836,20.530000686645508,7272100
2021-11-24,20.335067749023438,20.600000381469727,20.799999237060547,20.010000228881836,20.399999618530273,5502500
2021-11-25,20.7694091796875,21.040000915527344,21.329999923706055,20.65999984741211,20.700000762939453,4550000
2021-11-26,19.022171020507812,19.270000457763672,20.100000381469727,18.760000228881836,19.989999771118164,12518200
2021-11-29,19.496000289916992,19.75,20.15999984741211,19.450000762939453,19.829999923706055,7613600
2021-11-30,18.893844604492188,19.139999389648438,19.709999084472656,18.719999313354492,19.65999984741211,11186900
2021-12-01,18.064645767211914,18.299999237060547,19.959999084472656,18.139999389648438,19.799999237060547,11894300
2021-12-02,19.11101531982422,19.360000610351562,19.5,18.280000686645508,18.510000228881836,9482700
2021-12-03,18.903715133666992,19.149999618530273,20.010000228881836,18.889999389648438,19.420000076293945,9670500
2021-12-06,19.96982765197754,20.229999542236328,20.459999084472656,19.280000686645508,19.5,7832100
2021-12-07,20.038923263549805,20.299999237060547,20.809999465942383,20.149999618530273,20.719999313354492,6796500
2021-12-08,21.026063919067383,21.299999237060547,21.850000381469727,20.229999542236328,20.229999542236328,16083500
2021-12-09,20.493009567260742,20.760000228881836,21.15999984741211,20.510000228881836,21.149999618530273,6428400
2021-12-10,21.144521713256836,21.420000076293945,21.6200008392334,21.010000228881836,21.15999984741211,7219500
2021-12-13,20.374553680419922,20.639999389648438,21.809999465942383,20.5,21.510000228881836,8152300
2021-12-14,20.36467933654785,20.6299991607666,21.0,20.190000534057617,20.829999923706055,6115900
2021-12-15,20.453523635864258,20.719999313354492,20.950000762939453,20.059999465942383,20.479999542236328,7915800
2021-12-16,20.305452346801758,20.56999969482422,21.09000015258789,20.450000762939453,20.940000534057617,5071400
2021-12-17,20.13763999938965,20.399999618530273,21.040000915527344,19.8799991607666,20.309999465942383,14585800
2021-12-20,19.653942108154297,19.90999984741211,20.100000381469727,19.309999465942383,19.93000030517578,8833000
2021-12-21,22.802915573120117,23.100000381469727,23.5,22.040000915527344,22.950000762939453,34614800
2021-12-22,23.296485900878906,23.600000381469727,24.030000686645508,22.889999389648438,23.100000381469727,16738100
2021-12-23,24.036840438842773,24.350000381469727,24.559999465942383,23.559999465942383,23.700000762939453,10334800
2021-12-27,24.125682830810547,24.440000534057617,24.68000030517578,23.940000534057617,24.280000686645508,7971000
2021-12-28,24.175039291381836,24.489999771118164,24.780000686645508,24.290000915527344,24.459999084472656,5039200
2021-12-29,24.105939865112305,24.420000076293945,24.829999923706055,24.31999969482422,24.450000762939453,5035600
2021-12-30,24.50079345703125,24.81999969482422,25.110000610351562,24.40999984741211,24.43000030517578,9085300
2022-01-03,24.91539192199707,25.239999771118164,25.6200008392334,24.459999084472656,24.81999969482422,15115200
2022-01-04,24.895647048950195,25.219999313354492,25.5,24.809999465942383,25.399999618530273,10270000
2022-01-05,23.41493797302246,23.719999313354492,25.079999923706055,23.600000381469727,24.950000762939453,12826700
2022-01-06,23.563013076782227,23.8700008392334,24.06999969482422,23.010000228881836,23.760000228881836,13751000
2022-01-07,23.760438919067383,24.06999969482422,24.56999969482422,23.270000457763672,23.709999084472656,8922100
2022-01-10,23.43468475341797,23.739999771118164,24.3700008392334,23.440000534057617,23.920000076293945,7025400
2022-01-11,23.17802619934082,23.479999542236328,24.18000030517578,23.350000381469727,23.739999771118164,7141500
2022-01-12,22.812788009643555,23.110000610351562,23.850000381469727,23.110000610351562,23.639999389648438,8110200
2022-01-13,21.855262756347656,22.139999389648438,23.09000015258789,22.059999465942383,23.010000228881836,13113000
2022-01-14,21.726932525634766,22.010000228881836,22.149999618530273,21.3799991607666,22.010000228881836,9675400
2022-01-17,21.27284812927246,21.549999237060547,22.110000610351562,21.43000030517578,21.8799991607666,3877700
2022-01-18,20.897735595703125,21.170000076293945,21.770000457763672,20.809999465942383,21.469999313354492,7884600
2022-01-19,20.315322875976562,20.579999923706055,21.469999313354492,20.549999237060547,21.440000534057617,11579000
2022-01-20,20.749666213989258,21.020000457763672,21.6200008392334,20.68000030517578,20.81999969482422,10601700
2022-01-21,20.26597023010254,20.530000686645508,21.1200008392334,20.450000762939453,20.959999084472656,8228000
2022-01-24,20.374553680419922,20.639999389648438,21.540000915527344,19.93000030517578,20.75,16562100
2022-01-25,20.493009567260742,20.760000228881836,20.950000762939453,20.15999984741211,20.649999618530273,9615100
2022-01-26,20.068538665771484,20.329999923706055,21.229999542236328,20.170000076293945,21.139999389648438,10139900
2022-01-27,19.811885833740234,20.06999969482422,20.75,19.90999984741211,20.489999771118164,10319500
2022-01-28,19.555225372314453,19.809999465942383,19.969999313354492,19.190000534057617,19.950000762939453,11783500
2022-01-31,20.048795700073242,20.309999465942383,20.440000534057617,19.600000381469727,19.899999618530273,8278400
2022-02-01,20.414037704467773,20.68000030517578,21.200000762939453,20.229999542236328,20.229999542236328,13113100
2022-02-02,19.732912063598633,19.989999771118164,20.850000381469727,19.729999542236328,20.709999084472656,9176200
2022-02-03,18.874101638793945,19.1200008392334,20.229999542236328,19.020000457763672,20.06999969482422,13566800
2022-02-04,18.726028442382812,18.969999313354492,19.209999084472656,18.600000381469727,19.1200008392334,8831200
2022-02-07,18.953073501586914,19.200000762939453,19.479999542236328,18.649999618530273,18.899999618530273,8879300
2022-02-08,19.120887756347656,19.3700008392334,19.549999237060547,18.8799991607666,19.170000076293945,7329600
2022-02-09,19.82175636291504,20.079999923706055,20.190000534057617,19.309999465942383,19.34000015258789,9510200
2022-02-10,19.683557510375977,19.940000534057617,20.530000686645508,19.65999984741211,20.09000015258789,8837900
2022-02-11,18.795129776000977,19.040000915527344,20.170000076293945,18.81999969482422,20.010000228881836,9740800
2022-02-14,18.627317428588867,18.8700008392334,19.450000762939453,18.700000762939453,19.06999969482422,7640200
2022-02-15,19.5157413482666,19.770000457763672,19.969999313354492,18.8799991607666,19.030000686645508,9874400
2022-02-16,19.80200958251953,20.059999465942383,20.40999984741211,19.639999389648438,19.950000762939453,9012400
2022-02-17,19.091272354125977,19.34000015258789,20.209999084472656,19.280000686645508,20.1299991607666,7132200
2022-02-18,18.913585662841797,19.15999984741211,19.56999969482422,18.989999771118164,19.34000015258789,6461500
2022-02-21,18.11400604248047,18.350000381469727,19.18000030517578,18.200000762939453,19.149999618530273,7564000
2022-02-22,17.27493667602539,17.5,18.600000381469727,17.3799991607666,18.559999465942383,13276400
2022-02-23,16.870208740234375,17.09000015258789,18.049999237060547,16.979999542236328,17.600000381469727,8147800
2022-02-24,17.2255802154541,17.450000762939453,17.559999465942383,15.539999961853027,16.309999465942383,12821300
2022-02-25,17.37364959716797,17.600000381469727,17.68000030517578,17.1299991607666,17.350000381469727,13864300
2022-03-02,17.531591415405273,17.760000228881836,17.950000762939453,17.6200008392334,17.6200008392334,6077600
2022-03-03,16.801109313964844,17.020000457763672,17.940000534057617,16.979999542236328,17.8700008392334,14947100
2022-03-04,16.21869468688965,16.43000030517578,17.25,16.270000457763672,16.899999618530273,9305100
2022-03-07,15.122971534729004,15.319999694824219,16.549999237060547,15.319999694824219,16.100000381469727,11746600
2022-03-08,15.399371147155762,15.600000381469727,16.149999618530273,15.15999984741211,15.4399995803833,9758900
2022-03-09,16.26805305480957,16.479999542236328,16.8799991607666,15.859999656677246,15.869999885559082,11037800
2022-03-10,13.839692115783691,14.020000457763672,15.960000038146973,13.800000190734863,15.890000343322754,42874900
2022-03-11,13.010494232177734,13.180000305175781,14.460000038146973,13.140000343322754,14.300000190734863,21434700
2022-03-14,12.971009254455566,13.140000343322754,13.630000114440918,12.930000305175781,13.25,10698100
2022-03-15,13.336249351501465,13.510000228881836,13.680000305175781,13.020000457763672,13.079999923706055,11838400
2022-03-16,14.106219291687012,14.289999961853027,14.4399995803833,13.75,13.850000381469727,14738900
2022-03-17,14.510946273803711,14.699999809265137,14.710000038146973,13.960000038146973,14.289999961853027,9974800
2022-03-18,14.886059761047363,15.079999923706055,15.199999809265137,14.680000305175781,14.680000305175781,17286000
2022-03-21,15.014387130737305,15.210000038146973,15.289999961853027,14.770000457763672,15.069999694824219,7566800
2022-03-22,15.142716407775879,15.34000015258789,15.539999961853027,15.109999656677246,15.300000190734863,6656200
2022-03-23,14.97490119934082,15.170000076293945,15.4399995803833,15.119999885559082,15.300000190734863,6415900
2022-03-24,15.152586936950684,15.350000381469727,15.470000267028809,15.029999732971191,15.260000228881836,8063700
2022-03-25,14.994644165039062,15.1899995803833,15.65999984741211,15.130000114440918,15.479999542236328,8153900
2022-03-28,14.895930290222168,15.09000015258789,15.279999732971191,14.789999961853027,15.220000267028809,6604500
2022-03-29,15.419114112854004,15.619999885559082,16.010000228881836,15.3100004196167,15.3100004196167,9460200
2022-03-30,15.053872108459473,15.25,15.710000038146973,15.25,15.710000038146973,8692800
2022-03-31,14.767602920532227,14.960000038146973,15.420000076293945,14.9399995803833,15.359999656677246,8434200
2022-04-01,14.866315841674805,15.0600004196167,15.279999732971191,14.829999923706055,15.119999885559082,8773300
2022-04-04,15.053872108459473,15.25,15.279999732971191,14.880000114440918,15.130000114440918,13863600
2022-04-05,14.224676132202148,14.40999984741211,15.34000015258789,14.350000381469727,15.229999542236328,13413400
2022-04-06,14.02724838256836,14.210000038146973,14.380000114440918,13.819999694824219,14.300000190734863,8919800
2022-04-07,13.93840503692627,14.119999885559082,14.260000228881836,13.920000076293945,14.210000038146973,7959600
2022-04-08,13.760719299316406,13.9399995803833,14.489999771118164,13.869999885559082,14.140000343322754,9251100
2022-04-11,13.612649917602539,13.789999961853027,14.180000305175781,13.720000267028809,13.829999923706055,7089800
2022-04-12,13.385608673095703,13.5600004196167,14.100000381469727,13.5,13.9399995803833,10150200
2022-04-13,13.721234321594238,13.899999618530273,14.100000381469727,13.670000076293945,13.680000305175781,10935400
2022-04-14,13.52380657196045,13.699999809265137,13.9399995803833,13.579999923706055,13.890000343322754,6930200
2022-04-18,13.346121788024902,13.520000457763672,13.739999771118164,13.350000381469727,13.6899995803833,6944500
2022-04-19,13.869306564331055,14.050000190734863,14.220000267028809,13.350000381469727,13.489999771118164,9715100
2022-04-20,13.73110580444336,13.90999984741211,14.289999961853027,13.850000381469727,14.020000457763672,5607200
2022-04-22,13.52380657196045,13.699999809265137,14.0,13.539999961853027,13.720000267028809,7892000
2022-04-25,13.849562644958496,14.029999732971191,14.079999923706055,13.489999771118164,13.539999961853027,15266300
2022-04-26,13.425093650817871,13.600000381469727,14.0600004196167,13.539999961853027,13.90999984741211,8510300
2022-04-27,13.306635856628418,13.479999542236328,14.0,13.260000228881836,13.75,10085900
2022-04-28,14.175318717956543,14.359999656677246,14.489999771118164,13.350000381469727,13.479999542236328,15678700
2022-04-29,14.02724838256836,14.210000038146973,14.649999618530273,14.050000190734863,14.539999961853027,23786400
2022-05-02,13.642263412475586,13.819999694824219,14.350000381469727,13.40999984741211,14.210000038146973,11423300
2022-05-03,13.987762451171875,14.170000076293945,14.390000343322754,13.739999771118164,13.880000114440918,7283800
2022-05-04,14.323390007019043,14.510000228881836,14.510000228881836,13.84000015258789,14.079999923706055,9023200
2022-05-05,14.303646087646484,14.489999771118164,14.609999656677246,14.079999923706055,14.220000267028809,9524900
2022-05-06,14.106219291687012,14.289999961853027,14.6899995803833,14.039999961853027,14.479999542236328,9978000
2022-05-09,12.980879783630371,13.149999618530273,14.170000076293945,13.140000343322754,14.029999732971191,12836500
2022-05-10,12.882166862487793,13.050000190734863,13.40999984741211,12.65999984741211,13.300000190734863,12323900
2022-05-11,12.803194999694824,12.970000267028809,13.479999542236328,12.760000228881836,13.029999732971191,9639700
2022-05-12,13.188179016113281,13.359999656677246,13.779999732971191,12.949999809265137,12.949999809265137,12293900
2022-05-13,13.68174934387207,13.859999656677246,14.140000343322754,13.359999656677246,13.359999656677246,9614600
2022-05-16,13.267149925231934,13.4399995803833,13.989999771118164,13.40999984741211,13.90999984741211,7580300
2022-05-17,13.642263412475586,13.819999694824219,14.029999732971191,13.5600004196167,13.729999542236328,10709300
2022-05-18,12.852551460266113,13.020000457763672,13.789999961853027,12.829999923706055,13.75,10086000
2022-05-19,12.753837585449219,12.920000076293945,13.270000457763672,12.800000190734863,13.09000015258789,7404900
2022-05-20,12.516926765441895,12.680000305175781,13.170000076293945,12.399999618530273,13.130000114440918,9321700
2022-05-23,12.664996147155762,12.829999923706055,12.949999809265137,12.4399995803833,12.800000190734863,9083600
2022-05-24,11.954256057739258,12.109999656677246,12.649999618530273,11.920000076293945,12.630000114440918,14660200
2022-05-25,11.973998069763184,12.130000114440918,12.180000305175781,11.8100004196167,12.050000190734863,9826100
2022-05-26,12.339240074157715,12.5,12.880000114440918,12.220000267028809,12.220000267028809,10532700
2022-05-27,12.516926765441895,12.680000305175781,12.819999694824219,12.350000381469727,12.5,4895200
2022-05-30,12.428081512451172,12.59000015258789,13.029999732971191,12.420000076293945,12.8100004196167,3222700
2022-05-31,12.576152801513672,12.739999771118164,13.039999961853027,12.569999694824219,12.600000381469727,8948400
2022-06-01,12.67486572265625,12.84000015258789,13.010000228881836,12.460000038146973,12.779999732971191,6080600
2022-06-02,13.138823509216309,13.3100004196167,13.75,12.819999694824219,12.84000015258789,11469500
2022-06-03,12.813066482543945,12.979999542236328,13.350000381469727,12.880000114440918,13.34000015258789,5858100
2022-06-06,12.961138725280762,13.130000114440918,13.25,12.930000305175781,13.09000015258789,5263300
2022-06-07,12.951266288757324,13.119999885559082,13.130000114440918,12.630000114440918,13.039999961853027,6107100
2022-06-08,12.852551460266113,13.020000457763672,13.380000114440918,12.880000114440918,12.970000267028809,6022300
2022-06-09,12.615638732910156,12.779999732971191,12.989999771118164,12.680000305175781,12.960000038146973,6392800
2022-06-10,11.895027160644531,12.050000190734863,12.680000305175781,12.020000457763672,12.630000114440918,9805100
2022-06-13,11.20403003692627,11.350000381469727,11.989999771118164,11.270000457763672,11.8100004196167,9599000
2022-06-14,11.144801139831543,11.289999961853027,11.539999961853027,11.15999984741211,11.390000343322754,6013500
2022-06-15,11.431072235107422,11.579999923706055,11.930000305175781,11.369999885559082,11.510000228881836,9501200
2022-06-17,11.431072235107422,11.579999923706055,11.579999923706055,11.029999732971191,11.34000015258789,13772000
2022-06-20,11.17441463470459,11.319999694824219,11.84000015258789,11.319999694824219,11.59000015258789,3119600
2022-06-21,11.519914627075195,11.670000076293945,11.899999618530273,11.479999542236328,11.479999542236328,9462700
2022-06-22,11.697600364685059,11.850000381469727,11.90999984741211,11.380000114440918,11.380000114440918,5455000
2022-06-23,12.00361156463623,12.15999984741211,12.239999771118164,11.75,11.899999618530273,9868500
2022-06-24,12.339240074157715,12.5,12.609999656677246,12.039999961853027,12.289999961853027,8753200
2022-06-27,12.092455863952637,12.25,12.729999542236328,12.119999885559082,12.550000190734863,4995800
2022-06-28,11.934513092041016,12.09000015258789,12.539999961853027,12.029999732971191,12.329999923706055,6478600
2022-06-29,11.658114433288574,11.8100004196167,12.100000381469727,11.699999809265137,12.079999923706055,4992600
2022-06-30,11.292872428894043,11.4399995803833,11.5600004196167,11.170000076293945,11.5600004196167,7186100
2022-07-01,11.687727928161621,11.84000015258789,11.949999809265137,11.239999771118164,11.390000343322754,7727500
2022-07-04,11.519914627075195,11.670000076293945,11.899999618530273,11.65999984741211,11.729999542236328,2180200
2022-07-05,11.401457786560059,11.550000190734863,11.649999618530273,11.260000228881836,11.569999694824219,5641600
2022-07-06,11.342228889465332,11.489999771118164,11.930000305175781,11.380000114440918,11.470000267028809,5817700
2022-07-07,11.529786109924316,11.680000305175781,11.949999809265137,11.5600004196167,11.649999618530273,4937200
2022-07-08,11.322486877441406,11.470000267028809,11.75,11.390000343322754,11.6899995803833,6023300
2022-07-11,10.730202674865723,10.869999885559082,11.390000343322754,10.859999656677246,11.329999923706055,7560000
2022-07-12,11.105315208435059,11.25,11.369999885559082,10.75,10.850000381469727,6331000
2022-07-13,11.046086311340332,11.1899995803833,11.34000015258789,10.970000267028809,11.100000381469727,5988900
2022-07-14,11.05595874786377,11.199999809265137,11.210000038146973,10.890000343322754,11.050000190734863,5832600
2022-07-15,11.016473770141602,11.15999984741211,11.4399995803833,11.020000457763672,11.25,5763900
2022-07-18,11.154672622680664,11.300000190734863,11.630000114440918,11.220000267028809,11.279999732971191,5608200
2022-07-19,12.013483047485352,12.170000076293945,12.220000267028809,11.289999961853027,11.529999732971191,10734800
2022-07-20,11.993741035461426,12.149999618530273,12.260000228881836,11.979999542236328,12.170000076293945,10838700
2022-07-21,11.825926780700684,11.979999542236328,12.180000305175781,11.819999694824219,12.15999984741211,7002500
2022-07-22,11.717342376708984,11.869999885559082,12.029999732971191,11.680000305175781,12.029999732971191,6955500
2022-07-25,11.638370513916016,11.789999961853027,12.109999656677246,11.739999771118164,11.989999771118164,6006300
2022-07-26,11.450814247131348,11.600000381469727,11.789999961853027,11.470000267028809,11.770000457763672,4145200
2022-07-27,11.776571273803711,11.930000305175781,11.989999771118164,11.630000114440918,11.680000305175781,3840500
2022-07-28,11.648242950439453,11.800000190734863,12.079999923706055,11.569999694824219,11.920000076293945,3596900
2022-07-29,11.598884582519531,11.75,11.890000343322754,11.619999885559082,11.8100004196167,5117300
2022-08-01,11.875285148620605,12.029999732971191,12.1899995803833,11.649999618530273,11.75,3713500
2022-08-02,11.964126586914062,12.119999885559082,12.1899995803833,11.800000190734863,12.0,4442100
2022-08-03,12.428081512451172,12.59000015258789,12.600000381469727,12.100000381469727,12.109999656677246,6192700
2022-08-04,13.109208106994629,13.279999732971191,13.520000457763672,12.720000267028809,12.729999542236328,13025500
2022-08-05,13.188179016113281,13.359999656677246,13.489999771118164,13.029999732971191,13.300000190734863,4206400
2022-08-08,13.553420066833496,13.729999542236328,13.920000076293945,13.380000114440918,13.5,5252400
2022-08-09,13.504064559936523,13.680000305175781,13.890000343322754,13.550000190734863,13.819999694824219,5597900
2022-08-10,14.0075044631958,14.1899995803833,14.479999542236328,13.770000457763672,13.850000381469727,7301200
2022-08-11,14.116089820861816,14.300000190734863,14.460000038146973,14.170000076293945,14.34000015258789,5061200
2022-08-12,14.50107479095459,14.6899995803833,14.9399995803833,14.350000381469727,14.390000343322754,6767400
2022-08-15,14.757730484008789,14.949999809265137,15.09000015258789,14.279999732971191,14.399999618530273,5623000
2022-08-16,14.984772682189941,15.180000305175781,15.279999732971191,14.800000190734863,14.949999809265137,5418900
2022-08-17,14.905801773071289,15.100000381469727,15.319999694824219,14.84000015258789,14.899999618530273,5023100
2022-08-18,15.083486557006836,15.279999732971191,15.390000343322754,14.9399995803833,15.199999809265137,3906200
2022-08-19,14.392489433288574,14.579999923706055,15.199999809265137,14.489999771118164,15.149999618530273,4590100
2022-08-22,13.721234321594238,13.899999618530273,14.369999885559082,13.859999656677246,14.369999885559082,6123100
2022-08-23,13.82982063293457,14.010000228881836,14.079999923706055,13.869999885559082,13.960000038146973,7314200
2022-08-24,14.145705223083496,14.329999923706055,14.649999618530273,13.989999771118164,14.109999656677246,5394200
2022-08-25,14.540559768676758,14.729999542236328,14.829999923706055,14.350000381469727,14.470000267028809,5645900
2022-08-26,14.333260536193848,14.520000457763672,14.979999542236328,14.489999771118164,14.850000381469727,9997600
2022-08-29,14.195060729980469,14.380000114440918,14.539999961853027,14.329999923706055,14.449999809265137,4076300
2022-08-30,14.086477279663086,14.270000457763672,14.680000305175781,14.0600004196167,14.4399995803833,4526300
2022-08-31,13.642263412475586,13.819999694824219,14.529999732971191,13.819999694824219,14.34000015258789,7801900
2022-09-01,13.316506385803223,13.489999771118164,13.84000015258789,13.0600004196167,13.789999961853027,7427700
2022-09-02,13.178309440612793,13.350000381469727,13.680000305175781,13.25,13.569999694824219,4396200
2022-09-05,12.971009254455566,13.140000343322754,13.5,12.949999809265137,13.5,3633200
2022-09-06,12.882166862487793,13.050000190734863,13.25,12.829999923706055,13.149999618530273,5708100
2022-09-08,13.32637882232666,13.5,13.75,13.229999542236328,13.270000457763672,7115800
2022-09-09,13.44483470916748,13.619999885559082,13.739999771118164,13.520000457763672,13.619999885559082,3113200
2022-09-12,13.425093650817871,13.600000381469727,13.920000076293945,13.569999694824219,13.779999732971191,3559300
2022-09-13,12.961138725280762,13.130000114440918,13.380000114440918,13.069999694824219,13.34000015258789,5699100
2022-09-14,12.971009254455566,13.140000343322754,13.1899995803833,12.899999618530273,13.140000343322754,4535000
2022-09-15,13.434964179992676,13.609999656677246,13.770000457763672,13.149999618530273,13.149999618530273,9894900
2022-09-16,13.079594612121582,13.25,13.510000228881836,13.180000305175781,13.510000228881836,9846100
2022-09-19,13.306635856628418,13.479999542236328,13.489999771118164,13.079999923706055,13.149999618530273,4557200
2022-09-20,13.810077667236328,13.989999771118164,14.0,13.399999618530273,13.4399995803833,6911700
2022-09-21,13.504064559936523,13.680000305175781,14.119999885559082,13.640000343322754,14.050000190734863,10712500
2022-09-22,13.504064559936523,13.680000305175781,13.899999618530273,13.390000343322754,13.8100004196167,6694300
2022-09-23,12.49718189239502,12.65999984741211,13.489999771118164,12.510000228881836,13.369999885559082,12641900
2022-09-26,12.309625625610352,12.470000267028809,12.970000267028809,12.430000305175781,12.600000381469727,6443600
2022-09-27,12.428081512451172,12.59000015258789,12.859999656677246,12.520000457763672,12.609999656677246,5826500
2022-09-28,12.67486572265625,12.84000015258789,12.90999984741211,12.399999618530273,12.619999885559082,6443900
2022-09-29,11.796313285827637,11.949999809265137,12.699999809265137,11.880000114440918,12.699999809265137,7414600
2022-09-30,11.500171661376953,11.649999618530273,12.0600004196167,11.569999694824219,11.829999923706055,12010300
2022-10-03,11.993741035461426,12.149999618530273,12.210000038146973,11.609999656677246,11.90999984741211,10574700
2022-10-04,12.477439880371094,12.640000343322754,12.670000076293945,12.270000457763672,12.359999656677246,7184700
2022-10-05,12.447823524475098,12.609999656677246,12.699999809265137,12.390000343322754,12.6899995803833,6017100
2022-10-06,12.694609642028809,12.859999656677246,12.989999771118164,12.630000114440918,12.699999809265137,5730400
2022-10-07,12.20103931427002,12.359999656677246,12.899999618530273,12.34000015258789,12.899999618530273,5675100
2022-10-10,12.378725051879883,12.539999961853027,12.579999923706055,12.3100004196167,12.470000267028809,4215300
2022-10-11,12.023355484008789,12.180000305175781,12.75,12.0600004196167,12.569999694824219,6025800
2022-10-13,11.440943717956543,11.59000015258789,12.020000457763672,11.460000038146973,12.020000457763672,11275400
2022-10-14,11.253386497497559,11.399999618530273,11.899999618530273,11.390000343322754,11.649999618530273,8768700
2022-10-17,11.993741035461426,12.149999618530273,12.210000038146973,11.479999542236328,11.5,6706600
2022-10-18,12.368853569030762,12.529999732971191,12.630000114440918,12.229999542236328,12.300000190734863,6501000
2022-10-19,12.191167831420898,12.350000381469727,12.539999961853027,12.260000228881836,12.479999542236328,4586500
2022-10-20,12.191167831420898,12.350000381469727,12.680000305175781,12.229999542236328,12.470000267028809,5498100
2022-10-21,12.368853569030762,12.529999732971191,12.579999923706055,12.15999984741211,12.270000457763672,8016300
2022-10-24,12.457695960998535,12.619999885559082,12.729999542236328,12.369999885559082,12.479999542236328,4489900
2022-10-25,12.980879783630371,13.149999618530273,13.229999542236328,12.550000190734863,12.579999923706055,7074600
2022-10-26,12.605767250061035,12.770000457763672,13.329999923706055,12.770000457763672,13.0600004196167,6279100
2022-10-27,12.734095573425293,12.899999618530273,13.25,12.859999656677246,12.9399995803833,6502100
2022-10-28,12.961138725280762,13.130000114440918,13.170000076293945,12.729999542236328,12.75,5855400
2022-10-31,13.573163986206055,13.75,13.829999923706055,12.739999771118164,12.850000381469727,10702300
2022-11-01,13.543549537658691,13.720000267028809,13.930000305175781,13.630000114440918,13.800000190734863,6264700
2022-11-03,13.415221214294434,13.59000015258789,13.739999771118164,13.199999809265137,13.470000267028809,5207100
2022-11-04,13.365864753723145,13.539999961853027,13.989999771118164,13.369999885559082,13.829999923706055,6137200
2022-11-07,13.158565521240234,13.329999923706055,13.520000457763672,12.970000267028809,13.479999542236328,8909700
2022-11-08,13.178309440612793,13.350000381469727,13.630000114440918,12.880000114440918,13.210000038146973,6513900
2022-11-09,13.178309440612793,13.350000381469727,13.800000190734863,13.220000267028809,13.220000267028809,6655500
2022-11-10,13.277021408081055,13.449999809265137,13.609999656677246,12.859999656677246,13.1899995803833,15693800
2022-11-11,13.750848770141602,13.930000305175781,14.020000457763672,13.180000305175781,13.479999542236328,11751000
2022-11-14,12.91178035736084,13.079999923706055,14.119999885559082,12.65999984741211,14.039999961853027,15851400
2022-11-16,14.195060729980469,14.380000114440918,14.380000114440918,13.029999732971191,13.050000190734863,20018700
2022-11-17,13.711363792419434,13.890000343322754,14.220000267028809,13.319999694824219,14.020000457763672,16849300
2022-11-18,14.017376899719238,14.199999809265137,14.630000114440918,13.859999656677246,13.920000076293945,9980900
2022-11-21,14.175318717956543,14.359999656677246,14.5,14.079999923706055,14.34000015258789,5846200
2022-11-22,14.106219291687012,14.289999961853027,14.5,14.039999961853027,14.399999618530273,5575200
2022-11-23,13.997633934020996,14.180000305175781,14.430000305175781,14.09000015258789,14.199999809265137,6514200
2022-11-24,14.313518524169922,14.5,14.649999618530273,14.229999542236328,14.289999961853027,3965000
2022-11-25,14.125962257385254,14.3100004196167,14.640000343322754,14.300000190734863,14.5,3989300
2022-11-28,13.839692115783691,14.020000457763672,14.5,13.9399995803833,14.399999618530273,7823800
2022-11-29,13.336249351501465,13.510000228881836,14.140000343322754,13.479999542236328,14.079999923706055,6811500
2022-11-30,13.375736236572266,13.550000190734863,13.979999542236328,13.239999771118164,13.5600004196167,11836600
2022-12-01,13.68174934387207,13.859999656677246,14.079999923706055,13.460000038146973,13.720000267028809,9077900
2022-12-02,13.80020523071289,13.979999542236328,14.100000381469727,13.529999732971191,13.859999656677246,4655900
2022-12-05,13.365864753723145,13.539999961853027,13.989999771118164,13.529999732971191,13.930000305175781,5186000
2022-12-06,13.454707145690918,13.630000114440918,13.800000190734863,13.329999923706055,13.600000381469727,9366600
2022-12-07,13.365864753723145,13.539999961853027,13.680000305175781,13.050000190734863,13.579999923706055,6562100
2022-12-08,13.079594612121582,13.25,13.6899995803833,13.220000267028809,13.489999771118164,6805100
2022-12-09,12.941394805908203,13.109999656677246,13.40999984741211,13.09000015258789,13.3100004196167,4267300
2022-12-12,13.168437004089355,13.34000015258789,13.460000038146973,12.880000114440918,13.0600004196167,6112700
2022-12-13,13.20792293548584,13.380000114440918,13.930000305175781,13.279999732971191,13.350000381469727,7851200
2022-12-14,13.711363792419434,13.890000343322754,14.029999732971191,13.199999809265137,13.289999961853027,12321400
2022-12-15,13.346121788024902,13.520000457763672,13.90999984741211,13.479999542236328,13.789999961853027,7920300
2022-12-16,13.375736236572266,13.550000190734863,13.680000305175781,13.350000381469727,13.579999923706055,9152600
2022-12-19,13.405350685119629,13.579999923706055,13.819999694824219,13.399999618530273,13.479999542236328,6845000
2022-12-20,13.810077667236328,13.989999771118164,14.119999885559082,13.489999771118164,13.600000381469727,6717700
2022-12-21,13.87917709350586,14.0600004196167,14.15999984741211,13.880000114440918,13.899999618530273,8458600
2022-12-22,13.849562644958496,14.029999732971191,14.279999732971191,13.779999732971191,14.149999618530273,5429300
2022-12-23,13.928532600402832,14.109999656677246,14.220000267028809,13.90999984741211,14.109999656677246,4744900
2022-12-26,13.839692115783691,14.020000457763672,14.210000038146973,13.8100004196167,14.15999984741211,1853900
2022-12-27,13.780462265014648,13.960000038146973,14.140000343322754,13.800000190734863,14.0600004196167,5498000
2022-12-28,14.017376899719238,14.199999809265137,14.369999885559082,13.930000305175781,14.010000228881836,5391600
2022-12-29,14.125962257385254,14.3100004196167,14.430000305175781,14.050000190734863,14.25,8184500
2023-01-02,14.116089820861816,14.300000190734863,14.420000076293945,13.90999984741211,14.15999984741211,3640400
2023-01-03,14.38261604309082,14.569999694824219,14.720000267028809,14.039999961853027,14.279999732971191,11357600
2023-01-04,14.777473449707031,14.970000267028809,14.970000267028809,14.220000267028809,14.630000114440918,7529100
2023-01-05,14.609659194946289,14.800000190734863,15.1899995803833,14.6899995803833,15.0,9746900
2023-01-06,14.362874984741211,14.550000190734863,15.0,14.539999961853027,14.760000228881836,5012300
2023-01-09,14.619531631469727,14.8100004196167,15.140000343322754,14.34000015258789,14.449999809265137,6745600
2023-01-10,14.895930290222168,15.09000015258789,15.1899995803833,14.619999885559082,14.720000267028809,5451700
2023-01-11,15.389500617980957,15.59000015258789,15.6899995803833,14.90999984741211,15.079999923706055,11098400
2023-01-12,15.507955551147461,15.710000038146973,16.149999618530273,15.510000228881836,15.579999923706055,9655900
2023-01-13,15.547442436218262,15.75,15.899999618530273,15.5,15.600000381469727,5726800
2023-01-16,16.159467697143555,16.3700008392334,16.450000762939453,15.890000343322754,15.9399995803833,7035300
2023-01-17,16.149599075317383,16.360000610351562,16.690000534057617,16.110000610351562,16.40999984741211,9397600
2023-01-18,16.09036636352539,16.299999237060547,17.049999237060547,16.280000686645508,16.530000686645508,8501200
2023-01-19,16.159467697143555,16.3700008392334,16.530000686645508,16.170000076293945,16.209999084472656,6609200
2023-01-20,16.011398315429688,16.219999313354492,16.540000915527344,16.219999313354492,16.360000610351562,5191400
2023-01-23,16.110111236572266,16.31999969482422,16.459999084472656,16.170000076293945,16.280000686645508,4886200
2023-01-24,16.574066162109375,16.790000915527344,16.809999465942383,16.34000015258789,16.34000015258789,5504400
2023-01-25,16.574066162109375,16.790000915527344,16.979999542236328,16.600000381469727,16.829999923706055,6512700
2023-01-26,16.465482711791992,16.68000030517578,17.079999923706055,16.610000610351562,16.81999969482422,7319400
2023-01-27,16.149599075317383,16.360000610351562,16.6299991607666,16.239999771118164,16.610000610351562,6300500
2023-01-30,16.129852294921875,16.34000015258789,16.59000015258789,16.229999542236328,16.350000381469727,4824900
2023-01-31,16.139724731445312,16.350000381469727,16.81999969482422,16.270000457763672,16.31999969482422,9111900
2023-02-01,16.110111236572266,16.31999969482422,16.639999389648438,16.190000534057617,16.450000762939453,7377200
2023-02-02,16.30754280090332,16.520000457763672,16.75,16.15999984741211,16.229999542236328,9148400
2023-02-03,16.258180618286133,16.469999313354492,16.790000915527344,16.239999771118164,16.459999084472656,9543900
2023-02-06,16.248308181762695,16.459999084472656,16.780000686645508,16.3799991607666,16.600000381469727,7813400
2023-02-07,16.751752853393555,16.969999313354492,17.030000686645508,16.450000762939453,16.510000228881836,7151100
2023-02-08,16.425996780395508,16.639999389648438,17.25,16.469999313354492,17.149999618530273,7998800
2023-02-09,16.041013717651367,16.25,16.770000457763672,16.25,16.639999389648438,7565400
2023-02-10,15.912686347961426,16.1200008392334,16.459999084472656,15.899999618530273,16.299999237060547,7474000
2023-02-13,15.794227600097656,16.0,16.200000762939453,15.779999732971191,16.15999984741211,4906500
2023-02-14,16.031139373779297,16.239999771118164,16.34000015258789,15.949999809265137,16.06999969482422,5565600
2023-02-15,16.208824157714844,16.420000076293945,16.450000762939453,16.1200008392334,16.200000762939453,6523400
2023-02-16,16.031139373779297,16.239999771118164,16.399999618530273,16.110000610351562,16.3799991607666,4626500
2023-02-17,16.34702491760254,16.559999465942383,16.59000015258789,16.09000015258789,16.239999771118164,7474100
2023-02-22,15.892939567565918,16.100000381469727,16.479999542236328,16.06999969482422,16.450000762939453,4312500
2023-02-23,15.863327026367188,16.06999969482422,16.40999984741211,15.970000267028809,16.15999984741211,4353500
2023-02-24,15.873197555541992,16.079999923706055,16.190000534057617,15.880000114440918,16.020000457763672,2680600
2023-02-27,15.873197555541992,16.079999923706055,16.219999313354492,15.979999542236328,16.139999389648438,2848200
2023-02-28,16.376638412475586,16.59000015258789,16.81999969482422,16.0,16.079999923706055,13899500
2023-03-01,16.672779083251953,16.889999389648438,16.979999542236328,16.440000534057617,16.6299991607666,9678900
2023-03-02,17.156478881835938,17.3799991607666,17.43000030517578,16.850000381469727,16.90999984741211,8673400
2023-03-03,17.71915054321289,17.950000762939453,18.110000610351562,17.520000457763672,17.540000915527344,13099900
2023-03-06,17.768505096435547,18.0,18.420000076293945,17.889999389648438,18.010000228881836,7010300
2023-03-07,17.995546340942383,18.229999542236328,18.309999465942383,17.829999923706055,18.0,6213700
2023-03-08,17.916576385498047,18.149999618530273,18.389999389648438,17.989999771118164,18.229999542236328,7665400
2023-03-09,17.748762130737305,17.979999542236328,18.350000381469727,17.889999389648438,18.15999984741211,8066700
2023-03-10,18.75564193725586,19.0,19.450000762939453,18.100000381469727,18.110000610351562,29435300
2023-03-13,18.558218002319336,18.799999237060547,19.06999969482422,18.43000030517578,18.729999542236328,10945600
2023-03-14,19.278827667236328,19.530000686645508,19.790000915527344,18.90999984741211,18.90999984741211,16433900
2023-03-15,19.259084701538086,19.510000228881836,19.770000457763672,19.200000762939453,19.350000381469727,12713000
2023-03-16,19.732912063598633,19.989999771118164,20.190000534057617,19.34000015258789,19.5,12592100
2023-03-17,19.91059684753418,20.170000076293945,20.34000015258789,19.690000534057617,19.950000762939453,16306900
2023-03-20,19.69342613220215,19.950000762939453,20.260000228881836,19.790000915527344,20.020000457763672,7411600
2023-03-21,20.019182205200195,20.280000686645508,20.450000762939453,19.940000534057617,20.030000686645508,8400100
2023-03-22,19.920469284057617,20.18000030517578,20.450000762939453,20.059999465942383,20.280000686645508,8255500
2023-03-23,20.275840759277344,20.540000915527344,20.540000915527344,20.100000381469727,20.200000762939453,19870200
2023-03-24,20.236352920532227,20.5,20.739999771118164,20.149999618530273,20.639999389648438,10953500
2023-03-27,20.18699836730957,20.450000762939453,20.540000915527344,20.219999313354492,20.469999313354492,5684900
2023-03-28,20.325199127197266,20.59000015258789,20.59000015258789,20.25,20.3700008392334,5542400
2023-03-29,20.779281616210938,21.049999237060547,21.049999237060547,20.479999542236328,20.479999542236328,7132200
2023-03-30,20.710180282592773,20.979999542236328,21.270000457763672,20.780000686645508,21.270000457763672,7232300
2023-03-31,20.52262306213379,20.790000915527344,21.149999618530273,20.729999542236328,21.0,7123600
2023-04-03,20.39429473876953,20.65999984741211,20.81999969482422,20.459999084472656,20.760000228881836,6988400
2023-04-04,20.54236602783203,20.809999465942383,20.989999771118164,20.719999313354492,20.760000228881836,5255700
2023-04-05,19.466384887695312,19.719999313354492,20.940000534057617,19.440000534057617,20.940000534057617,14511500
2023-04-06,19.39728355407715,19.649999618530273,19.799999237060547,19.31999969482422,19.760000228881836,6630900
2023-04-10,19.624326705932617,19.8799991607666,20.09000015258789,19.5,19.5,6472000
2023-04-11,20.236352920532227,20.5,20.56999969482422,19.920000076293945,20.100000381469727,10727100
2023-04-12,19.950082778930664,20.209999084472656,20.760000228881836,19.959999084472656,20.600000381469727,9621600
2023-04-13,20.009313583374023,20.270000457763672,20.549999237060547,20.170000076293945,20.239999771118164,7266500
2023-04-14,20.20673942565918,20.469999313354492,20.65999984741211,20.209999084472656,20.270000457763672,8254900
2023-04-17,20.167255401611328,20.43000030517578,20.56999969482422,20.149999618530273,20.489999771118164,6163500
2023-04-18,20.325199127197266,20.59000015258789,20.729999542236328,20.43000030517578,20.459999084472656,5082000
2023-04-19,20.493009567260742,20.760000228881836,21.040000915527344,20.43000030517578,20.5,9072800
2023-04-20,19.989566802978516,20.25,20.920000076293945,20.059999465942383,20.889999389648438,6392200
2023-04-24,19.930339813232422,20.190000534057617,20.5,20.079999923706055,20.25,4200600
2023-04-25,19.56509780883789,19.81999969482422,20.049999237060547,19.649999618530273,20.049999237060547,6681800
2023-04-26,19.40715789794922,19.65999984741211,19.809999465942383,19.399999618530273,19.65999984741211,13075800
2023-04-27,18.943201065063477,19.190000534057617,19.690000534057617,18.709999084472656,19.690000534057617,10480200
2023-04-28,19.170244216918945,19.420000076293945,19.530000686645508,19.010000228881836,19.25,8193500
2023-05-02,18.972816467285156,19.219999313354492,19.40999984741211,18.940000534057617,19.360000610351562,6130400
2023-05-03,18.49898910522461,18.739999771118164,19.280000686645508,18.639999389648438,19.15999984741211,8011400
2023-05-04,16.702392578125,16.920000076293945,18.440000534057617,16.6200008392334,18.440000534057617,29760900
2023-05-05,16.287797927856445,16.5,17.200000762939453,16.110000610351562,17.139999389648438,22967500
2023-05-08,16.1890811920166,16.399999618530273,16.700000762939453,16.139999389648438,16.670000076293945,14180800
2023-05-09,16.238439559936523,16.450000762939453,16.56999969482422,16.15999984741211,16.270000457763672,11886400
2023-05-10,16.593809127807617,16.809999465942383,16.979999542236328,16.459999084472656,16.56999969482422,20380300
2023-05-11,16.860336303710938,17.079999923706055,17.09000015258789,16.559999465942383,16.559999465942383,10894400
2023-05-12,17.324291229248047,17.549999237060547,18.329999923706055,17.239999771118164,17.940000534057617,22369300
2023-05-15,17.423006057739258,17.649999618530273,17.700000762939453,17.170000076293945,17.65999984741211,7636400
2023-05-16,17.62043571472168,17.850000381469727,18.0,17.670000076293945,17.700000762939453,6787700
2023-05-17,17.867218017578125,18.100000381469727,18.219999313354492,17.969999313354492,18.030000686645508,6646500
2023-05-18,17.847476959228516,18.079999923706055,18.440000534057617,17.93000030517578,18.260000228881836,8069600
2023-05-19,17.78824806213379,18.020000457763672,18.280000686645508,17.84000015258789,17.979999542236328,8492100
2023-05-22,17.798120498657227,18.030000686645508,18.200000762939453,17.889999389648438,18.020000457763672,6976500
2023-05-23,17.531591415405273,17.760000228881836,18.079999923706055,17.709999084472656,18.0,5915700
2023-05-24,17.166351318359375,17.389999389648438,17.860000610351562,17.239999771118164,17.729999542236328,6651100
2023-05-25,17.847476959228516,18.079999923706055,18.15999984741211,17.510000228881836,17.510000228881836,7528400
2023-05-26,18.242332458496094,18.479999542236328,18.559999465942383,18.010000228881836,18.010000228881836,7329900
2023-05-29,18.568086624145508,18.809999465942383,18.940000534057617,18.56999969482422,18.579999923706055,3702300
2023-05-30,18.637187957763672,18.8799991607666,19.15999984741211,18.68000030517578,18.989999771118164,7999900
2023-05-31,18.775386810302734,19.020000457763672,19.510000228881836,18.559999465942383,18.8700008392334,10505900
2023-06-01,19.209726333618164,19.459999084472656,19.579999923706055,18.8799991607666,18.959999084472656,11700100
2023-06-02,19.239341735839844,19.489999771118164,19.950000762939453,19.399999618530273,19.68000030517578,8885500
2023-06-05,19.199859619140625,19.450000762939453,19.700000762939453,19.200000762939453,19.639999389648438,5806300
2023-06-06,19.29857063293457,19.549999237060547,19.780000686645508,19.420000076293945,19.579999923706055,5209700
2023-06-07,18.992557525634766,19.239999771118164,19.75,19.170000076293945,19.479999542236328,6694500
2023-06-09,19.259084701538086,19.510000228881836,19.719999313354492,19.270000457763672,19.360000610351562,6391100
2023-06-12,19.417028427124023,19.670000076293945,19.8799991607666,19.329999923706055,19.56999969482422,6372400
2023-06-13,19.82175636291504,20.079999923706055,20.280000686645508,19.65999984741211,19.65999984741211,11447900
2023-06-14,20.13763999938965,20.399999618530273,20.40999984741211,20.049999237060547,20.100000381469727,12280300
2023-06-15,20.285709381103516,20.549999237060547,20.6200008392334,20.280000686645508,20.360000610351562,8264200
2023-06-16,19.871110916137695,20.1299991607666,20.579999923706055,19.899999618530273,20.549999237060547,10384300
2023-06-19,19.94021224975586,20.200000762939453,20.8799991607666,19.940000534057617,20.239999771118164,9444500
2023-06-20,19.01230239868164,19.260000228881836,20.290000915527344,19.190000534057617,20.239999771118164,19228500
2023-06-21,17.600692749023438,17.829999923706055,19.3799991607666,17.729999542236328,19.290000915527344,28607500
2023-06-22,17.047893524169922,17.270000457763672,17.799999237060547,17.059999465942383,17.799999237060547,13717000
2023-06-23,17.087377548217773,17.309999465942383,17.43000030517578,17.06999969482422,17.43000030517578,8910400
2023-06-26,16.840593338012695,17.059999465942383,17.360000610351562,16.860000610351562,17.360000610351562,11790300
2023-06-27,17.20583724975586,17.43000030517578,17.5,16.940000534057617,17.270000457763672,9794900
2023-06-28,17.946189880371094,18.18000030517578,18.260000228881836,17.40999984741211,17.43000030517578,12774700
2023-06-29,18.192974090576172,18.43000030517578,18.579999923706055,18.1200008392334,18.18000030517578,9758800
2023-06-30,18.30156135559082,18.540000915527344,18.780000686645508,18.520000457763672,18.59000015258789,8759900
2023-07-03,18.163360595703125,18.399999618530273,18.690000534057617,18.329999923706055,18.399999618530273,6690500
2023-07-04,18.064645767211914,18.299999237060547,18.3799991607666,18.239999771118164,18.280000686645508,3085400
2023-07-05,18.508859634399414,18.75,18.889999389648438,18.1299991607666,18.280000686645508,5255600
2023-07-06,18.360790252685547,18.600000381469727,18.8700008392334,18.3700008392334,18.65999984741211,5161300
2023-07-07,17.995546340942383,18.229999542236328,18.799999237060547,18.229999542236328,18.799999237060547,7491000
2023-07-10,17.896831512451172,18.1299991607666,18.389999389648438,18.049999237060547,18.139999389648438,4248900
2023-07-11,17.748762130737305,17.979999542236328,18.09000015258789,17.790000915527344,18.010000228881836,4954700
2023-07-12,17.492107391357422,17.719999313354492,18.1299991607666,17.719999313354492,18.1299991607666,3830500
2023-07-13,17.729019165039062,17.959999084472656,18.25,17.600000381469727,17.729999542236328,4444600
2023-07-14,17.2255802154541,17.450000762939453,17.979999542236328,17.399999618530273,17.809999465942383,4565500
2023-07-17,17.27493667602539,17.5,17.600000381469727,17.34000015258789,17.420000076293945,5216600
2023-07-18,17.097248077392578,17.31999969482422,17.65999984741211,16.959999084472656,17.420000076293945,4882000
2023-07-19,17.166351318359375,17.389999389648438,17.56999969482422,17.079999923706055,17.329999923706055,4142900
2023-07-20,16.95905113220215,17.18000030517578,17.600000381469727,17.18000030517578,17.399999618530273,4407400
2023-07-21,17.383520126342773,17.610000610351562,17.700000762939453,17.15999984741211,17.280000686645508,9212600
2023-07-24,18.143617630004883,18.3799991607666,18.469999313354492,17.700000762939453,17.700000762939453,6971300
2023-07-25,17.985673904418945,18.219999313354492,18.68000030517578,18.079999923706055,18.639999389648438,6634100
2023-07-26,17.965932846069336,18.200000762939453,18.549999237060547,17.899999618530273,18.260000228881836,7283600
2023-07-27,17.896831512451172,18.1299991607666,18.479999542236328,17.979999542236328,18.34000015258789,4491300
2023-07-28,18.13374900817871,18.3700008392334,18.5,18.110000610351562,18.1200008392334,3989500
2023-07-31,18.271944046020508,18.510000228881836,18.700000762939453,18.350000381469727,18.479999542236328,3715200
2023-08-01,18.508859634399414,18.75,19.1299991607666,18.350000381469727,18.43000030517578,11094000
2023-08-02,18.429887771606445,18.670000076293945,18.790000915527344,18.3700008392334,18.600000381469727,4465800
2023-08-03,18.183103561401367,18.420000076293945,18.8700008392334,18.3799991607666,18.600000381469727,4073300
2023-08-04,17.27493667602539,17.5,18.780000686645508,17.5,18.389999389648438,10323500
2023-08-07,17.650049209594727,17.8799991607666,17.940000534057617,17.239999771118164,17.399999618530273,7044900
2023-08-08,17.798120498657227,18.030000686645508,18.1200008392334,17.65999984741211,17.700000762939453,5105800
2023-08-09,17.798120498657227,18.030000686645508,18.09000015258789,17.709999084472656,18.010000228881836,3467500
2023-08-10,17.798120498657227,18.030000686645508,18.31999969482422,17.899999618530273,18.1200008392334,3877900
2023-08-11,18.22258758544922,18.459999084472656,18.459999084472656,17.959999084472656,18.030000686645508,5498000
2023-08-14,17.985673904418945,18.219999313354492,19.520000457763672,17.510000228881836,18.690000534057617,20387200
2023-08-15,17.985673904418945,18.219999313354492,18.420000076293945,17.899999618530273,18.260000228881836,5280700
2023-08-16,17.975801467895508,18.209999084472656,18.34000015258789,17.65999984741211,18.100000381469727,6354700
2023-08-17,18.163360595703125,18.399999618530273,18.420000076293945,17.829999923706055,18.239999771118164,6632000
2023-08-18,18.44963264465332,18.690000534057617,18.75,18.389999389648438,18.440000534057617,8134300
2023-08-21,18.489118576049805,18.729999542236328,18.739999771118164,18.360000610351562,18.649999618530273,5146900
2023-08-22,18.883974075317383,19.1299991607666,19.200000762939453,18.670000076293945,18.799999237060547,7022300
2023-08-23,19.11101531982422,19.360000610351562,19.690000534057617,19.079999923706055,19.110000610351562,10887300
2023-08-24,18.459503173828125,18.700000762939453,19.479999542236328,18.670000076293945,19.399999618530273,8685000
2023-08-25,18.2522029876709,18.489999771118164,18.780000686645508,18.360000610351562,18.639999389648438,4938300
2023-08-28,18.775386810302734,19.020000457763672,19.020000457763672,18.5,18.5,4641600
2023-08-29,18.80500030517578,19.049999237060547,19.5,19.010000228881836,19.100000381469727,7994600
2023-08-30,19.071529388427734,19.31999969482422,19.59000015258789,19.139999389648438,19.18000030517578,5946800
2023-08-31,19.239341735839844,19.489999771118164,19.520000457763672,19.06999969482422,19.219999313354492,6625600
2023-09-01,19.54535484313965,19.799999237060547,19.809999465942383,19.399999618530273,19.59000015258789,5646400
2023-09-04,19.723039627075195,19.979999542236328,20.170000076293945,19.84000015258789,19.8700008392334,4023000
2023-09-05,19.189985275268555,19.440000534057617,19.969999313354492,19.25,19.969999313354492,8151200
2023-09-06,19.160369873046875,19.40999984741211,19.90999984741211,19.280000686645508,19.559999465942383,5752300
2023-09-08,18.202848434448242,18.440000534057617,19.389999389648438,18.34000015258789,19.3700008392334,8094700
2023-09-11,18.08439064025879,18.31999969482422,18.579999923706055,17.959999084472656,18.549999237060547,7783100
2023-09-12,17.877092361450195,18.110000610351562,18.56999969482422,18.110000610351562,18.31999969482422,4653500
2023-09-13,18.035036087036133,18.270000457763672,18.489999771118164,18.010000228881836,18.110000610351562,5587100
2023-09-14,17.561206817626953,17.790000915527344,18.43000030517578,17.65999984741211,18.43000030517578,8945500
2023-09-15,17.492107391357422,17.719999313354492,18.1299991607666,17.719999313354492,17.950000762939453,7316300
2023-09-18,17.71915054321289,17.950000762939453,18.040000915527344,17.709999084472656,17.93000030517578,5141000
2023-09-19,17.324291229248047,17.549999237060547,18.110000610351562,17.5,18.079999923706055,6008600
2023-09-20,17.68953514099121,17.920000076293945,18.18000030517578,17.639999389648438,17.799999237060547,6335000
2023-09-21,17.334163665771484,17.559999465942383,17.799999237060547,17.389999389648438,17.780000686645508,9631900
2023-09-22,17.324291229248047,17.549999237060547,17.670000076293945,17.450000762939453,17.56999969482422,6649300
2023-09-25,16.880081176757812,17.100000381469727,17.56999969482422,17.100000381469727,17.549999237060547,6345100
2023-09-26,16.899824142456055,17.1200008392334,17.450000762939453,17.0,17.110000610351562,6418400
2023-09-27,16.732009887695312,16.950000762939453,17.280000686645508,16.549999237060547,17.149999618530273,6335700
2023-09-28,16.9294376373291,17.149999618530273,17.229999542236328,16.729999542236328,16.889999389648438,4273200
2023-09-29,16.99853515625,17.219999313354492,17.5,17.18000030517578,17.389999389648438,4731300
2023-10-02,16.9294376373291,17.149999618530273,17.329999923706055,17.100000381469727,17.18000030517578,2621100
2023-10-03,16.702392578125,16.920000076293945,17.190000534057617,16.829999923706055,16.979999542236328,5245500
2023-10-04,16.49509620666504,16.709999084472656,16.989999771118164,16.709999084472656,16.989999771118164,4607700
2023-10-05,16.455610275268555,16.670000076293945,17.09000015258789,16.469999313354492,16.709999084472656,3795600
2023-10-06,16.50496482849121,16.719999313354492,16.899999618530273,16.219999313354492,16.549999237060547,4867200
2023-10-09,16.58393669128418,16.799999237060547,16.799999237060547,16.450000762939453,16.709999084472656,4014100
2023-10-10,17.166351318359375,17.389999389648438,17.510000228881836,16.829999923706055,16.8799991607666,5300500
2023-10-11,17.24532127380371,17.469999313354492,17.579999923706055,17.34000015258789,17.440000534057617,3652700
2023-10-13,16.79123878479004,17.010000228881836,17.479999542236328,16.940000534057617,17.3799991607666,5129000
2023-10-16,17.363779067993164,17.59000015258789,17.729999542236328,17.290000915527344,17.3700008392334,6782600
2023-10-17,17.462491989135742,17.690000534057617,17.950000762939453,17.420000076293945,17.520000457763672,3859400
2023-10-18,17.600692749023438,17.829999923706055,18.030000686645508,17.360000610351562,17.520000457763672,8790000
2023-10-19,17.600692749023438,17.829999923706055,18.049999237060547,17.639999389648438,17.84000015258789,7951600
2023-10-20,17.52172088623047,17.75,17.920000076293945,17.40999984741211,17.719999313354492,9480800
2023-10-23,17.669790267944336,17.899999618530273,18.059999465942383,17.389999389648438,17.670000076293945,4776700
2023-10-24,17.561206817626953,17.790000915527344,18.100000381469727,17.719999313354492,18.040000915527344,6902800
2023-10-25,17.423006057739258,17.649999618530273,17.959999084472656,17.600000381469727,17.790000915527344,5133800
2023-10-26,17.71915054321289,17.950000762939453,18.030000686645508,17.690000534057617,17.760000228881836,4635400
2023-10-27,17.146608352661133,17.3700008392334,18.290000915527344,17.3700008392334,18.049999237060547,9147100
2023-10-30,17.156478881835938,17.3799991607666,17.530000686645508,17.149999618530273,17.450000762939453,4200400
2023-10-31,17.363779067993164,17.59000015258789,17.68000030517578,17.260000228881836,17.3799991607666,2124400
2023-11-01,17.71915054321289,17.950000762939453,17.979999542236328,17.579999923706055,17.579999923706055,3648700
2023-11-03,18.420015335083008,18.65999984741211,18.700000762939453,18.06999969482422,18.09000015258789,8201900
2023-11-06,18.380531311035156,18.6200008392334,18.989999771118164,18.260000228881836,18.8799991607666,6148600
2023-11-07,18.11400604248047,18.350000381469727,18.719999313354492,18.139999389648438,18.6200008392334,6568800
2023-11-08,18.824743270874023,19.06999969482422,19.149999618530273,18.399999618530273,18.399999618530273,7678500
2023-11-09,18.607574462890625,18.850000381469727,19.479999542236328,18.81999969482422,19.209999084472656,7141500
2023-11-10,19.002431869506836,19.25,19.399999618530273,18.889999389648438,18.889999389648438,5128000
2023-11-13,18.785259246826172,19.030000686645508,19.329999923706055,18.969999313354492,19.25,3760200
2023-11-14,19.24921417236328,19.5,19.719999313354492,19.049999237060547,19.049999237060547,12597800
2023-11-16,19.426898956298828,19.68000030517578,20.0,19.489999771118164,19.489999771118164,9349900
2023-11-17,19.634197235107422,19.889999389648438,19.93000030517578,19.65999984741211,19.75,3962800
2023-11-20,19.71316909790039,19.969999313354492,20.079999923706055,19.770000457763672,19.8700008392334,3949600
2023-11-21,19.466384887695312,19.719999313354492,20.170000076293945,19.719999313354492,20.020000457763672,5557900
2023-11-22,19.84149932861328,20.100000381469727,20.229999542236328,19.84000015258789,19.84000015258789,7370000
2023-11-23,19.86124038696289,20.1200008392334,20.5,19.90999984741211,20.270000457763672,3994600
2023-11-24,19.762529373168945,20.020000457763672,20.06999969482422,19.799999237060547,19.959999084472656,1789300
2023-11-27,20.009313583374023,20.270000457763672,20.270000457763672,19.989999771118164,20.09000015258789,2249200
2023-11-28,19.66381072998047,19.920000076293945,20.530000686645508,19.850000381469727,20.299999237060547,5513800
2023-11-29,20.127765655517578,20.389999389648438,20.440000534057617,19.889999389648438,20.09000015258789,4728900
2023-11-30,21.223491668701172,21.5,21.6200008392334,20.540000915527344,20.610000610351562,13225700
2023-12-01,22.5462589263916,22.84000015258789,22.850000381469727,21.540000915527344,21.549999237060547,15946800
2023-12-04,22.704200744628906,23.0,23.360000610351562,22.920000076293945,22.959999084472656,8967100
2023-12-05,22.921371459960938,23.219999313354492,23.389999389648438,22.860000610351562,23.0,7361200
2023-12-06,22.901628494262695,23.200000762939453,23.479999542236328,23.040000915527344,23.34000015258789,7253100
2023-12-07,22.941116333007812,23.239999771118164,23.549999237060547,22.979999542236328,23.209999084472656,4651300
2023-12-08,22.8424015045166,23.139999389648438,23.479999542236328,22.940000534057617,23.40999984741211,3763800
2023-12-11,23.49390983581543,23.799999237060547,23.809999465942383,23.110000610351562,23.139999389648438,6583500
2023-12-12,23.58275604248047,23.889999389648438,24.0,23.6200008392334,23.850000381469727,4392200
2023-12-13,24.046710968017578,24.360000610351562,24.579999923706055,23.889999389648438,23.889999389648438,7257200
2023-12-14,23.592626571655273,23.899999618530273,24.65999984741211,23.809999465942383,24.450000762939453,6044400
2023-12-15,23.563013076782227,23.8700008392334,24.040000915527344,23.6299991607666,24.0,7619900
2023-12-18,23.079313278198242,23.3799991607666,24.040000915527344,23.25,23.850000381469727,9985900
2023-12-19,22.44754409790039,22.739999771118164,23.469999313354492,22.670000076293945,23.3700008392334,19043500
2023-12-20,22.18101692199707,22.469999313354492,22.850000381469727,22.360000610351562,22.739999771118164,8345900
2023-12-21,22.338958740234375,22.6299991607666,22.799999237060547,22.389999389648438,22.6200008392334,8964600
2023-12-22,22.44754409790039,22.739999771118164,22.829999923706055,22.610000610351562,22.6200008392334,5506100
2023-12-26,22.230375289916992,22.520000457763672,22.780000686645508,22.43000030517578,22.739999771118164,4652600
2023-12-27,22.368574142456055,22.65999984741211,22.889999389648438,22.459999084472656,22.510000228881836,6821000
2023-12-28,22.102046966552734,22.389999389648438,22.75,22.239999771118164,22.530000686645508,25890400
2024-01-02,21.736804962158203,22.020000457763672,22.469999313354492,21.850000381469727,22.389999389648438,5797500
2024-01-03,21.282718658447266,21.559999465942383,22.059999465942383,21.329999923706055,21.989999771118164,10774700
2024-01-04,20.877992630004883,21.149999618530273,21.549999237060547,20.860000610351562,21.540000915527344,7915400
2024-01-05,21.095165252685547,21.3700008392334,21.3700008392334,21.020000457763672,21.170000076293945,4358900
2024-01-08,21.40117835998535,21.68000030517578,21.770000457763672,21.389999389648438,21.389999389648438,4722900
2024-01-09,21.312334060668945,21.59000015258789,21.940000534057617,21.5,21.700000762939453,2477300
2024-01-10,22.032947540283203,22.31999969482422,22.399999618530273,21.520000457763672,21.579999923706055,13883200
2024-01-11,21.618349075317383,21.899999618530273,22.43000030517578,21.739999771118164,22.43000030517578,7919700
2024-01-12,21.420921325683594,21.700000762939453,21.850000381469727,21.450000762939453,21.799999237060547,3235200
2024-01-15,21.144521713256836,21.420000076293945,21.68000030517578,21.360000610351562,21.6299991607666,1649100
2024-01-16,21.075424194335938,21.350000381469727,21.440000534057617,21.040000915527344,21.329999923706055,6778000
2024-01-17,21.016193389892578,21.290000915527344,21.600000381469727,21.209999084472656,21.270000457763672,2888700
2024-01-18,20.799020767211914,21.06999969482422,21.5,20.950000762939453,21.5,1875400
2024-01-19,21.055679321289062,21.329999923706055,21.479999542236328,20.81999969482422,21.100000381469727,4405600
2024-01-22,21.47027587890625,21.75,21.780000686645508,21.280000686645508,21.420000076293945,4989100
2024-01-23,22.210630416870117,22.5,22.510000228881836,21.770000457763672,21.850000381469727,6413500
2024-01-24,22.437673568725586,22.729999542236328,23.200000762939453,22.559999465942383,22.559999465942383,5669400
2024-01-25,22.42780303955078,22.719999313354492,22.920000076293945,22.420000076293945,22.920000076293945,2387500
2024-01-26,22.11191749572754,22.399999618530273,22.920000076293945,22.260000228881836,22.719999313354492,2708400
2024-01-29,22.032947540283203,22.31999969482422,22.3700008392334,21.860000610351562,22.309999465942383,5862000
2024-01-30,22.57587242126465,22.8700008392334,22.920000076293945,22.239999771118164,22.299999237060547,4672900
2024-01-31,22.487031936645508,22.780000686645508,23.25,22.670000076293945,22.959999084472656,6527100
2024-02-01,22.18101692199707,22.469999313354492,22.780000686645508,21.959999084472656,22.690000534057617,8099000
2024-02-02,22.151405334472656,22.440000534057617,22.6200008392334,21.989999771118164,22.579999923706055,5955900
2024-02-05,22.40806007385254,22.700000762939453,22.84000015258789,22.15999984741211,22.469999313354492,5416300
2024-02-06,21.54924964904785,21.829999923706055,22.65999984741211,21.549999237060547,22.520000457763672,14962300
2024-02-07,21.411048889160156,21.690000534057617,22.219999313354492,21.6299991607666,21.920000076293945,6081700
2024-02-08,21.638090133666992,21.920000076293945,21.959999084472656,21.450000762939453,21.540000915527344,3860900
2024-02-09,22.269859313964844,22.559999465942383,22.780000686645508,21.889999389648438,21.889999389648438,8860900
2024-02-14,22.516645431518555,22.809999465942383,22.809999465942383,22.200000762939453,22.219999313354492,3832600
2024-02-15,22.40806007385254,22.700000762939453,23.0,22.440000534057617,22.770000457763672,2993700
2024-02-16,22.220502853393555,22.510000228881836,22.8700008392334,22.389999389648438,22.770000457763672,2942100
2024-02-19,22.38831901550293,22.68000030517578,22.729999542236328,22.190000534057617,22.31999969482422,1860700
2024-02-20,22.47715950012207,22.770000457763672,23.040000915527344,22.5,22.639999389648438,3264500
2024-02-21,22.210630416870117,22.5,22.790000915527344,22.280000686645508,22.729999542236328,4926100
2024-02-22,22.47715950012207,22.770000457763672,23.06999969482422,22.510000228881836,22.540000915527344,7007500
2024-02-23,22.437673568725586,22.729999542236328,23.079999923706055,22.65999984741211,22.770000457763672,4201600
2024-02-26,22.5462589263916,22.84000015258789,23.1299991607666,22.600000381469727,22.670000076293945,4710200
2024-02-27,23.148414611816406,23.450000762939453,23.950000762939453,22.8799991607666,22.93000030517578,7611600
2024-02-28,23.632112503051758,23.940000534057617,24.1200008392334,23.329999923706055,23.3799991607666,8442700
2024-02-29,24.11581039428711,24.43000030517578,24.43000030517578,23.709999084472656,23.93000030517578,6084100
2024-03-01,25.547163009643555,25.8799991607666,25.93000030517578,24.719999313354492,24.93000030517578,15705800
2024-03-04,26.65275764465332,27.0,27.100000381469727,25.799999237060547,25.979999542236328,20792900
2024-03-05,26.45532989501953,26.799999237060547,27.299999237060547,26.729999542236328,27.239999771118164,10205200
2024-03-06,26.41584587097168,26.760000228881836,27.059999465942383,26.030000686645508,26.8799991607666,7362900
2024-03-07,26.099960327148438,26.440000534057617,27.100000381469727,26.1299991607666,26.700000762939453,6399300
2024-03-08,26.494815826416016,26.84000015258789,27.260000228881836,26.299999237060547,26.309999465942383,4515400
2024-03-11,26.287517547607422,26.6299991607666,26.959999084472656,26.09000015258789,26.790000915527344,3576800
2024-03-12,26.139446258544922,26.479999542236328,26.729999542236328,25.90999984741211,26.729999542236328,4939000
2024-03-13,26.30725860595703,26.649999618530273,27.079999923706055,26.270000457763672,26.280000686645508,8110500
2024-03-14,28.992279052734375,29.3700008392334,29.459999084472656,27.350000381469727,27.350000381469727,24152700
2024-03-15,28.725749969482422,29.100000381469727,29.799999237060547,29.030000686645508,29.530000686645508,12606500
2024-03-18,29.248929977416992,29.6299991607666,30.0,27.65999984741211,29.729999542236328,18068500
2024-03-19,31.163984298706055,31.56999969482422,31.6299991607666,29.600000381469727,29.6299991607666,16875000
2024-03-20,31.27256965637207,31.68000030517578,32.099998474121094,31.079999923706055,31.56999969482422,9413400
2024-03-21,30.502601623535156,30.899999618530273,31.799999237060547,30.639999389648438,31.799999237060547,9051400
2024-03-22,32.92109298706055,33.349998474121094,33.650001525878906,31.15999984741211,31.200000762939453,24205200
2024-03-25,33.08890151977539,33.52000045776367,33.77000045776367,32.720001220703125,33.349998474121094,11226600
2024-03-26,32.871734619140625,33.29999923706055,33.63999938964844,32.79999923706055,33.040000915527344,7843700
2024-03-27,32.723663330078125,33.150001525878906,33.43000030517578,32.95000076293945,33.43000030517578,4856800
2024-03-28,32.88160705566406,33.310001373291016,33.90999984741211,32.9900016784668,33.119998931884766,6795700
2024-04-01,31.973434448242188,32.38999938964844,33.599998474121094,32.290000915527344,33.5099983215332,6170700
2024-04-02,32.32881164550781,32.75,33.060001373291016,32.06999969482422,32.470001220703125,6586500
2024-04-03,32.67430877685547,33.099998474121094,33.25,32.31999969482422,32.77000045776367,5039000
2024-04-04,32.16099548339844,32.58000183105469,33.83000183105469,32.4900016784668,33.18000030517578,4735400
2024-04-05,31.963565826416016,32.380001068115234,32.790000915527344,32.150001525878906,32.720001220703125,5455000
2024-04-08,32.07215118408203,32.4900016784668,32.619998931884766,31.860000610351562,32.29999923706055,4282600
2024-04-09,32.131378173828125,32.54999923706055,32.68000030517578,31.950000762939453,32.5099983215332,3583200
2024-04-10,32.41764831542969,32.84000015258789,32.959999084472656,32.29999923706055,32.349998474121094,5256800
2024-04-11,32.200477600097656,32.619998931884766,32.79999923706055,31.940000534057617,32.72999954223633,3463600
2024-04-12,31.35154151916504,31.760000228881836,32.560001373291016,31.6200008392334,32.25,4228300
2024-04-15,31.015911102294922,31.420000076293945,32.47999954223633,31.200000762939453,31.799999237060547,10356800
2024-04-16,31.35154151916504,31.760000228881836,31.899999618530273,30.809999465942383,31.200000762939453,7487800
2024-04-17,31.529226303100586,31.940000534057617,32.439998626708984,31.709999084472656,32.060001373291016,4542100
2024-04-18,31.420639038085938,31.829999923706055,32.20000076293945,31.520000457763672,31.899999618530273,5354200
2024-04-19,30.522342681884766,30.920000076293945,32.08000183105469,30.559999465942383,31.84000015258789,6945800
2024-04-22,30.956684112548828,31.360000610351562,31.799999237060547,30.940000534057617,31.350000381469727,5984900
2024-04-23,30.6704158782959,31.06999969482422,31.600000381469727,31.010000228881836,31.059999465942383,2755600
2024-04-24,30.90732765197754,31.309999465942383,31.489999771118164,31.010000228881836,31.139999389648438,5770200
2024-04-25,31.73652458190918,32.150001525878906,32.41999816894531,31.030000686645508,31.239999771118164,5229600
2024-04-26,32.77302169799805,33.20000076293945,33.439998626708984,32.25,32.470001220703125,7144700
2024-04-29,32.871734619140625,33.29999923706055,33.540000915527344,32.95000076293945,33.150001525878906,5785600
2024-04-30,32.92109298706055,33.349998474121094,33.47999954223633,33.040000915527344,33.18000030517578,3508600
2024-05-02,32.299198150634766,32.720001220703125,34.02000045776367,32.720001220703125,33.36000061035156,8068000
2024-05-03,33.80951690673828,34.25,34.29999923706055,32.88999938964844,33.0,6400900
2024-05-06,33.908226013183594,34.349998474121094,34.81999969482422,34.02000045776367,34.25,4857000
2024-05-07,33.22710037231445,33.65999984741211,34.560001373291016,32.72999954223633,34.349998474121094,9785900
2024-05-08,33.14813232421875,33.58000183105469,34.06999969482422,33.33000183105469,33.5,3048400
2024-05-09,33.55286407470703,33.9900016784668,34.040000915527344,33.20000076293945,33.41999816894531,4571300
2024-05-10,33.06916046142578,33.5,34.68000030517578,33.27000045776367,33.7400016784668,9873100
2024-05-13,33.829261779785156,34.27000045776367,34.349998474121094,33.54999923706055,33.56999969482422,4064800
2024-05-14,36.41556167602539,36.88999938964844,36.959999084472656,34.150001525878906,34.34000015258789,12723500
2024-05-15,38.468814849853516,38.970001220703125,39.060001373291016,36.70000076293945,36.88999938964844,9935300
2024-05-16,38.172672271728516,38.66999816894531,39.68000030517578,38.43000030517578,39.29999923706055,8832100
2024-05-17,39.051231384277344,39.560001373291016,39.77000045776367,38.599998474121094,38.599998474121094,13133500
2024-05-20,38.37997055053711,38.880001068115234,39.56999969482422,38.33000183105469,39.560001373291016,8031200
2024-05-21,38.992000579833984,39.5,39.599998474121094,38.88999938964844,39.0,3547100
2024-05-22,38.192413330078125,38.689998626708984,39.33000183105469,38.02000045776367,38.97999954223633,6417700
2024-05-23,37.48167419433594,37.970001220703125,38.54999923706055,37.630001068115234,38.209999084472656,6509300
2024-05-24,37.19540786743164,37.68000030517578,38.22999954223633,37.380001068115234,37.970001220703125,3826000
2024-05-27,37.65936279296875,38.150001525878906,38.15999984741211,37.27000045776367,37.9900016784668,1740800
2024-05-28,36.69196319580078,37.16999816894531,38.540000915527344,37.13999938964844,38.400001525878906,6043500
2024-05-29,36.178653717041016,36.650001525878906,37.540000915527344,36.56999969482422,37.209999084472656,4199000
2024-05-31,35.7640495300293,36.22999954223633,36.7599983215332,35.5099983215332,36.4900016784668,5404000
2024-06-03,36.25762176513672,36.72999954223633,37.29999923706055,36.349998474121094,36.400001525878906,5098100
2024-06-04,37.19540786743164,37.68000030517578,38.400001525878906,36.630001068115234,36.709999084472656,9317200
2024-06-05,36.12929153442383,36.599998474121094,37.90999984741211,36.5,37.79999923706055,7323000
2024-06-06,36.43531036376953,36.90999984741211,37.470001220703125,36.25,36.720001220703125,4067300
2024-06-07,37.90614700317383,38.400001525878906,38.83000183105469,36.31999969482422,36.54999923706055,7120500
2024-06-10,38.52804183959961,39.029998779296875,39.29999923706055,38.0,38.5,5296400
2024-06-11,38.310874938964844,38.810001373291016,39.95000076293945,38.61000061035156,39.25,8484800
2024-06-12,39.455955505371094,39.970001220703125,39.9900016784668,38.5099983215332,39.04999923706055,7058900
2024-06-13,38.932769775390625,39.439998626708984,40.849998474121094,38.880001068115234,40.0,8268200
2024-06-14,36.84990692138672,37.33000183105469,39.459999084472656,37.2400016784668,39.43000030517578,7871600
2024-06-17,37.19540786743164,37.68000030517578,37.900001525878906,36.7400016784668,37.119998931884766,6666600
2024-06-18,36.32672119140625,36.79999923706055,37.619998931884766,36.38999938964844,37.619998931884766,6206900
2024-06-19,36.731441497802734,37.209999084472656,37.5,36.54999923706055,36.84000015258789,5104700
2024-06-20,35.88250732421875,36.349998474121094,37.599998474121094,36.209999084472656,37.04999923706055,6910400
2024-06-21,37.382957458496094,37.869998931884766,37.869998931884766,36.22999954223633,36.47999954223633,7730500
2024-06-24,36.99797821044922,37.47999954223633,38.56999969482422,37.40999984741211,38.189998626708984,4432100
2024-06-25,37.264503479003906,37.75,38.2400016784668,37.0099983215332,37.54999923706055,5201800
2024-06-26,37.53103256225586,38.02000045776367,38.20000076293945,37.290000915527344,37.459999084472656,8001400
2024-06-27,37.72845458984375,38.220001220703125,38.58000183105469,37.79999923706055,38.02000045776367,4813500
2024-06-28,35.685081481933594,36.150001525878906,38.400001525878906,35.2599983215332,38.09000015258789,16763300
2024-07-01,36.22801208496094,36.70000076293945,36.70000076293945,35.70000076293945,36.25,4988300
2024-07-02,36.089813232421875,36.560001373291016,36.70000076293945,35.810001373291016,36.70000076293945,4244000
2024-07-03,37.01771926879883,37.5,37.619998931884766,36.59000015258789,36.7599983215332,4228000
2024-07-04,37.027591705322266,37.5099983215332,38.040000915527344,37.119998931884766,37.7400016784668,1861600
2024-07-05,35.35932540893555,35.81999969482422,37.75,35.79999923706055,37.58000183105469,4044200
2024-07-08,36.16878128051758,36.63999938964844,36.689998626708984,35.900001525878906,35.900001525878906,5527700
2024-07-09,38.30099868774414,38.79999923706055,38.9900016784668,36.619998931884766,36.70000076293945,11636200
2024-07-10,39.209171295166016,39.720001220703125,40.099998474121094,38.849998474121094,38.849998474121094,14249300
2024-07-11,39.97913360595703,40.5,40.61000061035156,39.56999969482422,39.720001220703125,5836300
2024-07-12,39.73235321044922,40.25,41.18000030517578,39.959999084472656,40.380001068115234,4814600
2024-07-15,40.40361022949219,40.93000030517578,41.02000045776367,39.7400016784668,40.2599983215332,4539600
2024-07-16,40.156822204589844,40.68000030517578,41.290000915527344,40.33000183105469,40.86000061035156,4748400
2024-07-17,39.92978286743164,40.45000076293945,41.380001068115234,40.2400016784668,40.88999938964844,5735900
2024-07-18,40.522064208984375,41.04999923706055,41.04999923706055,40.38999938964844,40.4900016784668,4813600
2024-07-19,40.986019134521484,41.52000045776367,43.310001373291016,41.22999954223633,41.36000061035156,12965800
2024-07-22,38.10356903076172,38.599998474121094,41.88999938964844,38.25,41.79999923706055,12221000
2024-07-23,41.33151626586914,41.869998931884766,41.93000030517578,38.77000045776367,38.880001068115234,14713500
2024-07-24,40.433223724365234,40.959999084472656,42.08000183105469,40.65999984741211,41.869998931884766,7541900
2024-07-25,40.11733627319336,40.63999938964844,41.119998931884766,40.15999984741211,40.9900016784668,4544900
2024-07-26,40.986019134521484,41.52000045776367,41.58000183105469,40.45000076293945,40.599998474121094,5594400
2024-07-29,40.57141876220703,41.099998474121094,41.72999954223633,40.540000915527344,41.4900016784668,3876300
2024-07-30,42.29891586303711,42.849998474121094,43.38999938964844,41.0099983215332,41.0099983215332,8842600
2024-07-31,43.24656677246094,43.810001373291016,44.220001220703125,42.650001525878906,42.95000076293945,7428400
2024-08-01,41.47958755493164,42.02000045776367,44.09000015258789,41.70000076293945,43.869998931884766,6552500
2024-08-02,38.745216369628906,39.25,42.290000915527344,38.81999969482422,42.029998779296875,10930100
2024-08-05,38.23189926147461,38.72999954223633,39.400001525878906,37.41999816894531,37.79999923706055,9411400
2024-08-06,37.90614700317383,38.400001525878906,39.18000030517578,38.0,38.5099983215332,9057900
2024-08-07,37.63961410522461,38.130001068115234,38.79999923706055,37.79999923706055,38.70000076293945,6016200
2024-08-08,41.40061950683594,41.939998626708984,42.220001220703125,39.0,39.88999938964844,16767800
2024-08-09,42.69376754760742,43.25,43.2599983215332,41.209999084472656,42.369998931884766,10542800
2024-08-12,42.9405517578125,43.5,44.439998626708984,42.630001068115234,43.25,6368900
2024-08-13,43.33541488647461,43.900001525878906,45.560001373291016,43.79999923706055,44.189998626708984,7301500
2024-08-14,43.37489318847656,43.939998626708984,44.459999084472656,43.900001525878906,44.029998779296875,5613800
2024-08-15,44.23371124267578,44.810001373291016,45.099998474121094,43.95000076293945,44.130001068115234,6136000
2024-08-16,43.868465423583984,44.439998626708984,44.9900016784668,44.029998779296875,44.869998931884766,6073400
2024-08-19,43.41437911987305,43.97999954223633,44.97999954223633,43.40999984741211,44.97999954223633,5020700
2024-08-20,43.98692321777344,44.560001373291016,44.849998474121094,43.90999984741211,44.150001525878906,4160000
2024-08-21,44.45087432861328,45.029998779296875,45.439998626708984,44.31999969482422,44.33000183105469,4218100
2024-08-22,45.40840148925781,46.0,46.13999938964844,45.349998474121094,45.45000076293945,6118400
2024-08-23,45.43801498413086,46.029998779296875,46.70000076293945,45.97999954223633,46.20000076293945,5362600
2024-08-26,45.674930572509766,46.27000045776367,46.4900016784668,45.720001220703125,46.15999984741211,3333000
2024-08-27,45.102386474609375,45.689998626708984,46.41999816894531,45.529998779296875,46.15999984741211,3411400
2024-08-28,45.971073150634766,46.56999969482422,46.939998626708984,45.599998474121094,45.65999984741211,7145100
2024-08-29,45.74403381347656,46.34000015258789,46.939998626708984,46.06999969482422,46.5,5298200
2024-08-30,46.22772979736328,46.83000183105469,47.439998626708984,45.90999984741211,46.310001373291016,78125200
2024-09-02,45.02341842651367,45.61000061035156,47.06999969482422,45.61000061035156,46.83000183105469,5585200
2024-09-03,45.823001861572266,46.41999816894531,46.66999816894531,44.849998474121094,45.939998626708984,10178100
2024-09-04,48.4784049987793,49.11000061035156,49.720001220703125,46.75,46.75,13176500
2024-09-05,49.149662017822266,49.790000915527344,49.9900016784668,48.939998626708984,49.25,5877100
2024-09-06,47.21487045288086,47.83000183105469,50.099998474121094,46.5099983215332,49.900001525878906,12308300
2024-09-09,47.42216873168945,48.040000915527344,48.290000915527344,47.220001220703125,48.099998474121094,9765800
2024-09-10,47.9749641418457,48.599998474121094,48.66999816894531,47.22999954223633,47.869998931884766,6184400
2024-09-11,49.1595344543457,49.79999923706055,49.79999923706055,47.86000061035156,48.75,6782800
2024-09-12,50.294742584228516,50.95000076293945,50.9900016784668,48.52000045776367,49.4900016784668,8156200
2024-09-13,51.26213836669922,51.93000030517578,51.93000030517578,50.810001373291016,50.810001373291016,7269200
2024-09-16,48.54750442504883,49.18000030517578,51.0,48.869998931884766,50.75,10816000
2024-09-17,47.767662048339844,48.38999938964844,49.959999084472656,48.150001525878906,49.38999938964844,5872100
2024-09-18,46.83975601196289,47.45000076293945,48.40999984741211,47.33000183105469,48.38999938964844,4881900
2024-09-19,46.879241943359375,47.4900016784668,47.880001068115234,46.939998626708984,47.75,3924700
2024-09-20,47.62946701049805,48.25,48.849998474121094,47.11000061035156,47.630001068115234,7965000
2024-09-23,48.67583465576172,49.310001373291016,49.58000183105469,48.15999984741211,48.43000030517578,3916500
2024-09-24,49.366825103759766,50.0099983215332,50.400001525878906,49.209999084472656,49.599998474121094,4806500
2024-09-25,49.51490020751953,50.15999984741211,50.7400016784668,49.630001068115234,50.400001525878906,6015500
2024-09-26,49.485286712646484,50.130001068115234,50.84000015258789,49.849998474121094,50.5,3690000
2024-09-27,47.649208068847656,48.27000045776367,50.47999954223633,48.27000045776367,50.45000076293945,4259100
2024-09-30,47.35306930541992,47.970001220703125,48.56999969482422,47.459999084472656,48.2599983215332,3814000
2024-10-01,46.52387237548828,47.130001068115234,48.54999923706055,47.130001068115234,48.54999923706055,3854700
2024-10-02,45.734161376953125,46.33000183105469,48.0,46.33000183105469,47.959999084472656,4975100
2024-10-03,44.59894943237305,45.18000030517578,46.66999816894531,45.18000030517578,46.02000045776367,5252900
2024-10-04,45.34917068481445,45.939998626708984,46.650001525878906,45.31999969482422,45.400001525878906,5472300
2024-10-07,45.270198822021484,45.86000061035156,46.650001525878906,45.81999969482422,46.25,3916400
2024-10-08,45.33930206298828,45.93000030517578,46.7400016784668,45.93000030517578,46.59000015258789,4465900
2024-10-09,45.38865661621094,45.97999954223633,46.63999938964844,45.720001220703125,45.79999923706055,4475600
2024-10-10,46.14875411987305,46.75,47.040000915527344,45.63999938964844,46.0,4532100
2024-10-11,44.786502838134766,45.369998931884766,46.9900016784668,45.369998931884766,46.81999969482422,4593500
2024-10-14,45.63544464111328,46.22999954223633,46.599998474121094,45.16999816894531,45.18000030517578,5496900
2024-10-15,45.102386474609375,45.689998626708984,47.22999954223633,45.560001373291016,46.45000076293945,4277800
2024-10-16,48.14277267456055,48.77000045776367,48.790000915527344,46.220001220703125,46.5,10075200
2024-10-17,47.48139572143555,48.099998474121094,48.9900016784668,48.099998474121094,48.84000015258789,4070400
2024-10-18,47.362937927246094,47.97999954223633,48.70000076293945,47.97999954223633,48.380001068115234,3657900
2024-10-21,49.337215423583984,49.97999954223633,50.25,48.45000076293945,48.47999954223633,6015700
2024-10-22,48.99171447753906,49.630001068115234,50.04999923706055,48.619998931884766,49.970001220703125,5021200
2024-10-23,48.51789093017578,49.150001525878906,50.25,49.11000061035156,49.630001068115234,3673300
2024-10-24,48.88313293457031,49.52000045776367,50.029998779296875,48.81999969482422,49.099998474121094,4904700
2024-10-25,48.92261505126953,49.560001373291016,50.59000015258789,49.150001525878906,49.5,4297500
2024-10-28,48.31059265136719,48.939998626708984,50.34000015258789,48.939998626708984,50.0099983215332,3323200
2024-10-29,49.47541427612305,50.119998931884766,50.650001525878906,49.099998474121094,49.099998474121094,5241200
2024-10-30,48.448795318603516,49.08000183105469,50.529998779296875,49.08000183105469,50.220001220703125,4220900
2024-10-31,47.85650634765625,48.47999954223633,50.08000183105469,48.47999954223633,49.099998474121094,5093000
2024-11-01,47.84663772583008,48.470001220703125,49.02000045776367,47.939998626708984,48.7400016784668,4230600
2024-11-04,48.17238998413086,48.79999923706055,49.5,48.79999923706055,48.880001068115234,3533900
2024-11-05,48.43892288208008,49.06999969482422,49.29999923706055,48.310001373291016,48.79999923706055,3437600
2024-11-06,49.89988327026367,50.54999923706055,50.58000183105469,48.5,48.5,5210900
2024-11-07,49.40631866455078,50.04999923706055,50.38999938964844,49.540000915527344,50.04999923706055,4019700
2024-11-08,53.09821701049805,53.790000915527344,55.279998779296875,49.400001525878906,50.54999923706055,22074000
2024-11-11,54.934295654296875,55.650001525878906,56.0099983215332,53.91999816894531,54.34000015258789,9389800
2024-11-12,53.43384552001953,54.130001068115234,56.0,53.2599983215332,55.66999816894531,7622300
2024-11-13,55.960914611816406,56.689998626708984,57.279998779296875,54.41999816894531,54.41999816894531,10379100
2024-11-14,54.707252502441406,55.41999816894531,57.099998474121094,54.95000076293945,56.70000076293945,5823200
2024-11-18,54.94416427612305,55.65999984741211,55.9900016784668,54.29999923706055,55.4900016784668,3652600
2024-11-19,53.7398567199707,54.439998626708984,55.189998626708984,52.439998626708984,55.189998626708984,9380700
2024-11-21,55.52657699584961,56.25,56.689998626708984,53.83000183105469,53.83000183105469,7225100
2024-11-22,56.16822052001953,56.900001525878906,56.900001525878906,55.83000183105469,56.13999938964844,3773700
2024-11-25,56.37552261352539,57.11000061035156,57.2400016784668,55.349998474121094,57.0,9309900
2024-11-26,57.73777389526367,58.4900016784668,58.4900016784668,56.61000061035156,57.0,7199800
2024-11-27,55.960914611816406,56.689998626708984,58.779998779296875,56.56999969482422,58.599998474121094,6068600
2024-11-28,55.931304931640625,56.65999984741211,57.790000915527344,56.290000915527344,56.7400016784668,4428600
2024-11-29,57.38240432739258,58.130001068115234,58.31999969482422,56.27000045776367,56.709999084472656,7503800
2024-12-02,56.86909103393555,57.61000061035156,58.81999969482422,57.529998779296875,57.959999084472656,3996200
2024-12-03,55.358768463134766,56.08000183105469,58.380001068115234,55.880001068115234,57.54999923706055,7040500
2024-12-04,55.447608947753906,56.16999816894531,56.2400016784668,55.150001525878906,56.099998474121094,9141500
2024-12-05,55.63516616821289,56.36000061035156,56.900001525878906,56.060001373291016,56.25,3706100
2024-12-06,56.582820892333984,57.31999969482422,57.70000076293945,55.880001068115234,56.400001525878906,4279700
2024-12-09,55.71413040161133,56.439998626708984,58.0,56.439998626708984,57.41999816894531,3707500
2024-12-10,55.1317253112793,55.849998474121094,57.099998474121094,55.77000045776367,57.060001373291016,3226300
2024-12-11,56.207706451416016,56.939998626708984,57.400001525878906,56.04999923706055,56.209999084472656,8248900
2024-12-12,54.52956771850586,55.2400016784668,56.86000061035156,55.04999923706055,56.70000076293945,3976200
2024-12-13,54.72699737548828,55.439998626708984,56.13999938964844,54.880001068115234,55.58000183105469,4486800
2024-12-16,54.934295654296875,55.650001525878906,56.209999084472656,55.04999923706055,56.06999969482422,5551000
2024-12-17,56.02014923095703,56.75,57.18000030517578,55.720001220703125,56.38999938964844,7451900
2024-12-18,54.470340728759766,55.18000030517578,56.849998474121094,55.029998779296875,56.45000076293945,7902700
2024-12-19,55.250186920166016,55.970001220703125,56.5,55.439998626708984,55.470001220703125,4681100
2024-12-20,54.253170013427734,54.959999084472656,56.20000076293945,54.810001373291016,55.72999954223633,9192900
2024-12-23,54.83557891845703,55.54999923706055,56.0,54.439998626708984,54.47999954223633,4696500
2024-12-26,55.51670837402344,56.2400016784668,56.310001373291016,54.540000915527344,55.0,3878300
2024-12-27,55.605552673339844,56.33000183105469,56.70000076293945,55.869998931884766,56.400001525878906,3926000
2024-12-30,55.46734619140625,56.189998626708984,57.09000015258789,55.79999923706055,56.84000015258789,4084400
2025-01-02,57.056644439697266,57.79999923706055,57.97999954223633,56.38999938964844,56.5,6475600
2025-01-03,56.29655075073242,57.029998779296875,58.0,57.029998779296875,57.790000915527344,4186400
2025-01-06,56.138607025146484,56.869998931884766,57.650001525878906,56.34000015258789,57.31999969482422,3628100
2025-01-07,57.30342483520508,58.04999923706055,58.220001220703125,56.91999816894531,57.220001220703125,6228800
2025-01-08,56.503849029541016,57.2400016784668,58.97999954223633,57.209999084472656,58.349998474121094,5066900
2025-01-09,56.61243438720703,57.349998474121094,57.720001220703125,56.900001525878906,57.380001068115234,2185300
2025-01-10,56.563072204589844,57.29999923706055,57.40999984741211,56.31999969482422,57.29999923706055,5152800
2025-01-13,55.82271957397461,56.54999923706055,58.060001373291016,56.29999923706055,57.09000015258789,4258300
2025-01-14,56.16822052001953,56.900001525878906,57.369998931884766,55.810001373291016,56.54999923706055,4950100
2025-01-15,57.31330108642578,58.060001373291016,58.790000915527344,57.25,57.40999984741211,5991700
2025-01-16,59.35668182373047,60.130001068115234,60.13999938964844,58.02000045776367,58.08000183105469,7330600
2025-01-17,59.109893798828125,59.880001068115234,60.720001220703125,59.36000061035156,60.099998474121094,4849600
2025-01-20,59.939090728759766,60.720001220703125,60.75,59.54999923706055,60.0,1920600
2025-01-21,61.65671157836914,62.459999084472656,62.720001220703125,60.38999938964844,60.5,5500900
2025-01-22,60.363563537597656,61.150001525878906,62.900001525878906,60.75,62.150001525878906,4708400
2025-01-23,60.936100006103516,61.72999954223633,62.25,61.0,61.75,4377100
2025-01-24,60.185874938964844,60.970001220703125,62.099998474121094,60.34000015258789,61.900001525878906,4302400
2025-01-27,58.39915084838867,59.15999984741211,61.47999954223633,58.779998779296875,61.150001525878906,7229600
2025-01-28,58.6064567565918,59.369998931884766,60.150001525878906,58.90999984741211,59.79999923706055,4775900
2025-01-29,58.42876434326172,59.189998626708984,59.939998626708984,58.900001525878906,59.83000183105469,4029000
2025-01-30,59.2678337097168,60.040000915527344,60.36000061035156,59.290000915527344,59.29999923706055,4514200
2025-01-31,58.93220901489258,59.70000076293945,60.900001525878906,59.459999084472656,60.279998779296875,5318300
2025-02-03,58.65580749511719,59.41999816894531,59.900001525878906,58.060001373291016,59.849998474121094,6188700
2025-02-04,56.72101593017578,57.459999084472656,59.599998474121094,57.18000030517578,59.41999816894531,6654600
2025-02-05,65.51642608642578,66.37000274658203,66.58000183105469,61.0099983215332,61.5,22064200
2025-02-06,63.670475006103516,64.5,66.20999908447266,63.630001068115234,66.01000213623047,10460200
2025-02-07,61.49877166748047,62.29999923706055,65.19999694824219,62.29999923706055,64.25,5678500
2025-02-10,60.185874938964844,60.970001220703125,62.70000076293945,60.75,62.29999923706055,5658000
2025-02-11,59.34680938720703,60.119998931884766,61.31999969482422,59.619998931884766,61.060001373291016,5478400
2025-02-12,58.734779357910156,59.5,59.959999084472656,58.970001220703125,59.650001525878906,5131800
2025-02-13,59.70217514038086,60.47999954223633,60.66999816894531,59.20000076293945,59.77000045776367,5164800
2025-02-14,59.5738525390625,60.349998474121094,60.95000076293945,60.06999969482422,60.7599983215332,3809300
2025-02-17,59.69231033325195,60.470001220703125,60.91999816894531,58.779998779296875,60.38999938964844,7238300
2025-02-18,59.70217514038086,60.47999954223633,60.75,59.790000915527344,60.5,3157200
2025-02-19,60.09703063964844,60.880001068115234,61.20000076293945,59.900001525878906,60.099998474121094,3963700
2025-02-20,60.442535400390625,61.22999954223633,61.56999969482422,60.20000076293945,61.0,4098900
2025-02-21,58.22146987915039,58.97999954223633,61.86000061035156,58.779998779296875,61.33000183105469,8763400
2025-02-24,59.11976623535156,59.88999938964844,60.150001525878906,57.880001068115234,59.29999923706055,5358200
2025-02-25,59.84037399291992,60.619998931884766,62.849998474121094,60.459999084472656,60.959999084472656,7122700
2025-02-26,60.65970230102539,61.45000076293945,62.4900016784668,60.709999084472656,61.220001220703125,5562200
2025-02-27,68.01388549804688,68.9000015258789,70.30999755859375,62.720001220703125,64.20999908447266,25114400
2025-02-28,68.82334899902344,69.72000122070312,70.05000305175781,67.80000305175781,68.02999877929688,13194100
2025-03-05,74.87449645996094,75.8499984741211,76.1500015258789,71.61000061035156,72.0,13900800
2025-03-06,73.75904083251953,74.72000122070312,76.37000274658203,74.08999633789062,75.55000305175781,12981800
2025-03-07,72.73241424560547,73.68000030517578,74.9000015258789,72.80000305175781,74.56999969482422,7316600
2025-03-10,73.29508209228516,74.25,74.81999969482422,72.91999816894531,73.16000366210938,9502500
2025-03-11,72.27832794189453,73.22000122070312,74.3499984741211,72.75,74.3499984741211,7541100
2025-03-12,72.02167510986328,72.95999908447266,74.1500015258789,72.41000366210938,73.12999725341797,6284800
2025-03-13,72.90023040771484,73.8499984741211,74.5,72.83000183105469,73.0,4157500
2025-03-14,73.91698455810547,74.87999725341797,76.12999725341797,73.69000244140625,74.55000305175781,5653000
2025-03-17,76.4144515991211,77.41000366210938,78.18000030517578,74.76000213623047,75.44000244140625,8229000
2025-03-18,77.0264663696289,78.02999877929688,78.37999725341797,77.02999877929688,77.02999877929688,7792900
2025-03-19,78.270263671875,79.29000091552734,79.83000183105469,77.97000122070312,78.19999694824219,6669600
2025-03-20,73.0088119506836,73.95999908447266,79.33000183105469,72.72000122070312,79.30000305175781,11026200
2025-03-21,73.79853057861328,74.76000213623047,75.98999786376953,73.2300033569336,73.77999877929688,9714800
2025-03-24,70.33367156982422,71.25,74.8499984741211,70.5,74.75,7342000
2025-03-25,68.84309387207031,69.73999786376953,72.0,69.4000015258789,71.62000274658203,5040300
2025-03-26,68.43836212158203,69.33000183105469,70.44000244140625,68.81999969482422,69.9800033569336,4545100
2025-03-27,67.44134521484375,68.31999969482422,70.0,68.04000091552734,70.0,5404700
2025-03-28,65.50655364990234,66.36000061035156,69.06999969482422,66.08000183105469,68.3499984741211,4505500
2025-03-31,64.9043960571289,65.75,66.2300033569336,63.810001373291016,66.1500015258789,6002800
2025-04-01,64.89452362060547,65.73999786376953,66.05999755859375,64.0,66.05999755859375,5497700
2025-04-02,64.03571319580078,64.87000274658203,66.41999816894531,64.31999969482422,66.12999725341797,4902100
2025-04-03,62.54513931274414,63.36000061035156,67.94000244140625,63.09000015258789,64.4000015258789,14164500
2025-04-04,59.238216400146484,60.0099983215332,62.599998474121094,59.75,62.45000076293945,11498100
2025-04-07,59.33693313598633,60.11000061035156,61.45000076293945,58.119998931884766,58.529998779296875,8967300
2025-04-08,59.82063674926758,60.599998474121094,62.2400016784668,60.06999969482422,61.2400016784668,8253700
2025-04-09,61.64684295654297,62.45000076293945,63.119998931884766,58.54999923706055,59.86000061035156,8200100
2025-04-10,60.13652038574219,60.91999816894531,62.599998474121094,60.2599983215332,62.52000045776367,5144300
2025-04-11,59.92921829223633,60.709999084472656,61.880001068115234,59.650001525878906,61.189998626708984,3994200
2025-04-14,61.923240661621094,62.72999954223633,63.45000076293945,61.810001373291016,61.849998474121094,5140100
2025-04-15,63.81855773925781,64.6500015258789,65.55999755859375,63.5099983215332,63.5099983215332,5819400
2025-04-16,61.607357025146484,62.40999984741211,65.08000183105469,62.16999816894531,65.0,5660200
2025-04-17,62.33784103393555,63.150001525878906,63.65999984741211,62.119998931884766,62.650001525878906,4717400
2025-04-22,60.185874938964844,60.970001220703125,62.900001525878906,60.15999984741211,62.900001525878906,4862500
2025-04-23,62.3082275390625,63.119998931884766,63.70000076293945,61.810001373291016,62.22999954223633,4254600
2025-04-24,62.397064208984375,63.209999084472656,63.79999923706055,62.310001373291016,63.119998931884766,3554100
2025-04-25,62.70308303833008,63.52000045776367,63.77000045776367,62.7599983215332,63.310001373291016,3641600
2025-04-28,63.22626876831055,64.05000305175781,64.80000305175781,62.95000076293945,63.7599983215332,2679700
2025-04-29,63.246009826660156,64.06999969482422,64.45999908447266,63.369998931884766,64.11000061035156,2165000
2025-04-30,64.08507537841797,64.91999816894531,65.20999908447266,63.18000030517578,63.900001525878906,3845300
2025-05-02,65.26964569091797,66.12000274658203,66.66000366210938,63.9900016784668,64.7300033569336,2995500
2025-05-05,65.08207702636719,65.93000030517578,67.27999877929688,65.0,66.11000061035156,4580200
2025-05-06,65.60527038574219,66.45999908447266,67.2699966430664,62.439998626708984,66.0999984741211,12030800
2025-05-07,66.48381805419922,67.3499984741211,67.91999816894531,65.87000274658203,66.61000061035156,4546000
2025-05-08,68.56668090820312,69.45999908447266,70.83999633789062,67.75,68.30999755859375,6107200
2025-05-09,66.82931518554688,67.69999694824219,70.08999633789062,67.0999984741211,69.5,3836700
2025-05-12,67.23404693603516,68.11000061035156,68.6500015258789,66.5199966430664,68.5,3351300
2025-05-13,68.49888610839844,69.31999969482422,69.56999969482422,67.9800033569336,68.0199966430664,2978300
2025-05-14,68.74593353271484,69.56999969482422,70.54000091552734,69.08999633789062,69.56999969482422,3587100
2025-05-15,69.0226058959961,69.8499984741211,70.19999694824219,68.69999694824219,69.0,2210000
2025-05-16,67.93563842773438,68.75,69.80999755859375,68.05999755859375,69.20999908447266,3849500
2025-05-19,69.81314086914062,70.6500015258789,70.76000213623047,68.69000244140625,68.81999969482422,3614600
2025-05-20,67.96528625488281,68.77999877929688,70.80000305175781,68.5,70.69999694824219,3410500
2025-05-21,66.39412689208984,67.19000244140625,68.94000244140625,67.08000183105469,68.5999984741211,2484000
2025-05-22,66.23602294921875,67.02999877929688,67.88999938964844,66.62999725341797,66.97000122070312,2515300
2025-05-23,66.33483123779297,67.12999725341797,67.33000183105469,65.97000122070312,67.0,3481400
2025-05-26,66.20637512207031,67.0,67.5199966430664,66.69999694824219,67.12999725341797,1070600
2025-05-27,67.58979797363281,68.4000015258789,68.55999755859375,67.52999877929688,67.81999969482422,3920000
2025-05-28,66.10755920410156,66.9000015258789,68.66999816894531,66.45999908447266,68.37999725341797,3464900
2025-05-29,65.64311981201172,66.43000030517578,67.16999816894531,65.62000274658203,66.5,3006900
2025-05-30,64.71426391601562,65.48999786376953,66.83000183105469,64.62000274658203,66.69999694824219,4928100
2025-06-02,64.61544799804688,65.38999938964844,66.12999725341797,65.1500015258789,66.0,1997600
2025-06-03,64.04231262207031,64.80999755859375,66.16999816894531,64.80999755859375,65.37000274658203,1977600
2025-06-04,66.64115905761719,67.44000244140625,68.58000183105469,65.11000061035156,65.52999877929688,5281400
2025-06-05,65.90991973876953,66.69999694824219,67.5,66.01000213623047,67.06999969482422,3089500
2025-06-06,63.745872497558594,64.51000213623047,66.98999786376953,64.41000366210938,66.98999786376953,5573400
2025-06-09,66.70045471191406,67.5,67.86000061035156,63.90999984741211,64.02999877929688,5951700
2025-06-10,65.07987976074219,65.86000061035156,67.87000274658203,65.72000122070312,67.87000274658203,4089300
2025-06-11,65.24786376953125,66.02999877929688,66.93000030517578,64.73999786376953,66.1500015258789,4083700
2025-06-12,68.04434204101562,68.86000061035156,69.13999938964844,65.33999633789062,66.7300033569336,5046200
2025-06-13,65.65300750732422,66.44000244140625,69.0999984741211,66.4000015258789,67.94999694824219,5881300
2025-06-16,69.16095733642578,69.98999786376953,71.47000122070312,66.6500015258789,66.6500015258789,8552500
2025-06-17,69.2696533203125,70.0999984741211,70.43000030517578,68.52999877929688,69.5,5732500
2025-06-18,72.03649139404297,72.9000015258789,73.66999816894531,70.83999633789062,71.70999908447266,8983900
2025-06-20,71.6708755493164,72.52999877929688,73.7699966430664,72.05999755859375,72.91000366210938,6674800
2025-06-23,72.1748275756836,73.04000091552734,73.04000091552734,70.37999725341797,72.16000366210938,3585500
2025-06-24,72.32305145263672,73.19000244140625,73.94999694824219,72.66000366210938,73.1500015258789,3043400
2025-06-25,72.21436309814453,73.08000183105469,73.52999877929688,72.16999816894531,72.76000213623047,3398400
2025-06-26,73.13334655761719,74.01000213623047,74.83999633789062,72.8499984741211,72.8499984741211,3427500
2025-06-27,73.75586700439453,74.63999938964844,75.06999969482422,72.61000061035156,73.73999786376953,4211500
2025-06-30,76.09780883789062,77.01000213623047,77.58000183105469,74.63999938964844,74.6500015258789,4984500
2025-07-01,79.45752716064453,80.41000366210938,81.30000305175781,77.9800033569336,78.0,7464600
2025-07-02,78.67689514160156,79.62000274658203,80.7300033569336,78.9000015258789,80.69000244140625,6189600
2025-07-03,82.15518951416016,83.13999938964844,83.44999694824219,80.80000305175781,81.0,6251500
2025-07-04,82.50103759765625,83.48999786376953,83.70999908447266,82.27999877929688,82.97000122070312,2223400
2025-07-07,80.76189422607422,81.7300033569336,83.94999694824219,81.3499984741211,83.4800033569336,6299700
2025-07-08,80.18876647949219,81.1500015258789,83.55000305175781,80.83999633789062,81.8499984741211,4530100
2025-07-09,77.2835922241211,78.20999908447266,83.0999984741211,77.0999984741211,80.91000366210938,15038900
2025-07-10,74.42781829833984,75.31999969482422,76.27999877929688,71.62999725341797,72.55000305175781,23919700
2025-07-11,73.41990661621094,74.30000305175781,75.37000274658203,72.9000015258789,75.30000305175781,10689800
2025-07-14,72.7677230834961,73.63999938964844,75.12999725341797,73.01000213623047,73.98999786376953,7912200
2025-07-15,73.18275451660156,74.05999755859375,76.0999984741211,73.01000213623047,74.30000305175781,9068700
2025-07-16,70.35662078857422,71.19999694824219,74.7300033569336,70.70999908447266,74.05999755859375,10288000
2025-07-17,70.26769256591797,71.11000061035156,72.11000061035156,70.87000274658203,71.66999816894531,3934000
2025-07-18,67.49098205566406,68.30000305175781,70.5,67.26000213623047,70.5,11392200
2025-07-21,67.31311798095703,68.12000274658203,70.0199966430664,66.83999633789062,67.94999694824219,5650700
2025-07-22,66.85856628417969,67.66000366210938,69.75,67.33000183105469,69.62999725341797,6444800
2025-07-23,67.64908599853516,68.45999908447266,69.38999938964844,67.12000274658203,67.1500015258789,5026300
2025-07-24,65.02059936523438,65.80000305175781,68.4800033569336,65.66000366210938,68.08999633789062,5087000
2025-07-25,65.42572784423828,66.20999908447266,67.05999755859375,65.55999755859375,66.30000305175781,5506300
2025-07-28,65.46524810791016,66.25,66.88999938964844,65.05999755859375,66.31999969482422,5764700
2025-07-29,67.9257583618164,68.73999786376953,70.04000091552734,66.44999694824219,67.01000213623047,11334000
2025-07-30,75.34680938720703,76.25,76.76000213623047,66.9000015258789,69.16000366210938,18180100
2025-07-31,79.70457458496094,80.66000366210938,82.8499984741211,77.16000366210938,77.47000122070312,18794600
2025-08-01,78.11363983154297,79.05000305175781,81.69000244140625,78.01000213623047,80.69999694824219,10074900
2025-08-04,79.05237579345703,80.0,80.31999969482422,78.5999984741211,79.7699966430664,4919400
2025-08-05,77.68873596191406,78.62000274658203,82.9000015258789,77.19999694824219,82.05999755859375,13313100
2025-08-06,76.95748901367188,77.87999725341797,83.16000366210938,77.6500015258789,80.0,9504000
2025-08-07,77.4713363647461,78.4000015258789,79.0999984741211,77.2699966430664,78.25,5052000
2025-08-08,78.18282318115234,79.12000274658203,79.30999755859375,77.75,78.5,3970500
2025-08-11,77.56027221679688,78.48999786376953,79.66999816894531,78.01000213623047,79.05000305175781,3292900
2025-08-12,78.31127166748047,79.25,80.05999755859375,78.5199966430664,79.01000213623047,2947800
2025-08-13,78.2717514038086,79.20999908447266,79.69000244140625,77.97000122070312,79.41999816894531,3983700
2025-08-14,79.73421478271484,80.69000244140625,81.19999694824219,78.5,78.77999877929688,5268700
2025-08-15,76.37448120117188,77.29000091552734,80.80999755859375,75.91999816894531,80.73999786376953,8655300
2025-08-18,77.4812240600586,78.41000366210938,79.05999755859375,76.20999908447266,77.4000015258789,5233600
2025-08-19,76.08792877197266,77.0,77.80000305175781,76.44000244140625,77.69999694824219,4443800
2025-08-20,75.1985855102539,76.0999984741211,77.62000274658203,74.37000274658203,77.0,8350800
2025-08-21,76.06816864013672,76.9800033569336,77.69000244140625,75.5199966430664,75.80000305175781,5106400
2025-08-22,76.6808090209961,77.5999984741211,78.38999938964844,77.11000061035156,77.19999694824219,5092900
2025-08-25,74.83296966552734,75.7300033569336,78.13999938964844,75.7300033569336,78.13999938964844,4065900
2025-08-26,75.57408905029297,76.4800033569336,76.61000061035156,75.30000305175781,75.80000305175781,4009400
2025-08-27,74.70450592041016,75.5999984741211,76.98999786376953,75.4000015258789,76.98999786376953,3123200
2025-08-28,75.30728912353516,76.20999908447266,76.62000274658203,75.58000183105469,76.0999984741211,3335600
2025-08-29,75.29739379882812,76.19999694824219,76.52999877929688,75.0,75.88999938964844,5366900
2025-09-01,75.63337707519531,76.54000091552734,77.44999694824219,75.70999908447266,75.70999908447266,2514700
2025-09-02,77.2737045288086,78.19999694824219,78.58999633789062,75.5999984741211,75.88999938964844,4072200
2025-09-03,76.60176086425781,77.5199966430664,78.7699966430664,77.25,78.31999969482422,3064300
2025-09-04,78.66700744628906,79.61000061035156,79.98999786376953,77.22000122070312,77.75,6108100
2025-09-05,81.06822967529297,82.04000091552734,82.66000366210938,79.69000244140625,79.81999969482422,7383600
2025-09-08,80.02079010009766,80.9800033569336,82.9000015258789,80.9800033569336,82.30999755859375,4145000
2025-09-09,80.52473449707031,81.48999786376953,81.97000122070312,80.58000183105469,81.0,3719600
2025-09-10,79.2401351928711,80.19000244140625,84.06999969482422,80.01000213623047,82.0199966430664,9268100
2025-09-11,78.36068725585938,79.30000305175781,81.30000305175781,79.0999984741211,80.70999908447266,5297200
2025-09-12,75.81124114990234,76.72000122070312,79.04000091552734,76.69999694824219,79.02999877929688,6557000
2025-09-15,74.98118591308594,75.87999725341797,77.3499984741211,75.5199966430664,77.16999816894531,4239800
2025-09-16,74.9515380859375,75.8499984741211,76.69000244140625,75.5999984741211,76.55000305175781,5044000
2025-09-17,74.49699401855469,75.38999938964844,76.01000213623047,74.4000015258789,76.0,5755500
2025-09-18,75.25787353515625,76.16000366210938,76.38999938964844,75.44999694824219,75.69000244140625,2993700
2025-09-19,75.84088134765625,76.75,77.4800033569336,75.20999908447266,76.44999694824219,4565800
2025-09-22,79.34883117675781,80.30000305175781,80.98999786376953,77.3499984741211,77.6500015258789,9188300
2025-09-23,78.70654296875,79.6500015258789,80.68000030517578,78.69000244140625,80.5,5356800
2025-09-24,79.15119934082031,80.0999984741211,81.58000183105469,79.5999984741211,79.6500015258789,4158500
2025-09-25,79.05237579345703,80.0,80.20999908447266,78.80999755859375,80.02999877929688,2684000
2025-09-26,79.8429183959961,80.80000305175781,81.16000366210938,79.61000061035156,80.2300033569336,3090700
2025-09-29,78.0938720703125,79.02999877929688,82.0199966430664,79.02999877929688,81.55000305175781,4162600
2025-09-30,79.33895111083984,80.29000091552734,80.68000030517578,79.05000305175781,79.52999877929688,4086900
2025-10-01,79.4377670288086,80.38999938964844,81.0,79.4000015258789,80.68000030517578,3052500
2025-10-02,74.81320190429688,75.70999908447266,80.3499984741211,75.70999908447266,80.08999633789062,7228200
2025-10-03,75.79147338867188,76.69999694824219,77.5199966430664,75.62999725341797,76.5,5896100
2025-10-06,76.98713684082031,77.91000366210938,79.2699966430664,77.13999938964844,77.6500015258789,4556300
2025-10-07,76.11756896972656,77.02999877929688,78.30000305175781,76.62999725341797,77.29000091552734,5005000
2025-10-08,76.81916046142578,77.73999786376953,78.0,76.80999755859375,77.36000061035156,4656200
2025-10-09,76.45354461669922,77.37000274658203,78.69000244140625,76.95999908447266,78.19000244140625,3537500
2025-10-10,76.2855453491211,77.19999694824219,78.4000015258789,77.12999725341797,77.51000213623047,3094500
2025-10-13,77.86660766601562,78.80000305175781,78.87999725341797,76.93000030517578,77.36000061035156,4640900
2025-10-14,81.67100524902344,82.6500015258789,82.66000366210938,78.94999694824219,79.11000061035156,8942700
2025-10-15,79.67491912841797,80.62999725341797,82.29000091552734,79.23999786376953,82.0,8091300
2025-10-16,79.74408721923828,80.69999694824219,81.18000030517578,79.37999725341797,80.55000305175781,5120600
2025-10-17,79.65515899658203,80.61000061035156,81.87000274658203,79.7300033569336,80.75,4647600
2025-10-20,80.52473449707031,81.48999786376953,81.75,80.0,81.5,2668900
2025-10-21,84.64533996582031,85.66000366210938,85.91000366210938,81.55000305175781,82.0,8237100
2025-10-22,83.73624420166016,84.73999786376953,85.80000305175781,83.33000183105469,85.80000305175781,4087300
2025-10-23,84.97142791748047,85.98999786376953,86.47000122070312,84.87000274658203,85.0,4850800
2025-10-24,85.3568115234375,86.37999725341797,86.83000183105469,85.75,86.19999694824219,2949400
2025-10-27,85.65326690673828,86.68000030517578,87.55000305175781,86.45999908447266,86.63999938964844,2770000
2025-10-28,88.31139373779297,89.37000274658203,89.86000061035156,86.51000213623047,86.51000213623047,7396400
2025-10-29,86.96751403808594,88.01000213623047,89.87999725341797,87.6500015258789,89.5199966430664,3810100
2025-10-30,86.84893035888672,87.88999938964844,88.37999725341797,87.26000213623047,87.6500015258789,6212200
2025-10-31,85.95958709716797,86.98999786376953,88.5,86.44000244140625,88.43000030517578,3652100
2025-11-03,85.95958709716797,86.98999786376953,86.98999786376953,86.98999786376953,86.98999786376953,0
2025-11-04,83.13346099853516,84.12999725341797,87.19999694824219,83.01000213623047,84.54000091552734,6208200
2025-11-05,86.17698669433594,87.20999908447266,87.2300033569336,83.5,84.12999725341797,4385700
2025-11-06,84.2303237915039,85.23999786376953,87.58000183105469,84.9000015258789,86.55000305175781,2583300
2025-11-07,85.27776336669922,86.30000305175781,87.83999633789062,85.5199966430664,86.26000213623047,7506700
2025-11-10,85.47538757324219,86.5,87.76000213623047,86.3499984741211,86.69999694824219,3337000
2025-11-11,85.83113861083984,86.86000061035156,88.18000030517578,85.9000015258789,86.48999786376953,4568000
2025-11-12,83.4002685546875,84.4000015258789,87.1500015258789,83.69999694824219,86.55000305175781,5587600
2025-11-13,82.49116516113281,83.4800033569336,85.51000213623047,83.05000305175781,84.5999984741211,4098900
2025-11-14,82.31330108642578,83.30000305175781,83.61000061035156,82.33000183105469,83.4800033569336,3790400
2025-11-17,83.09393310546875,84.08999633789062,85.05000305175781,83.33999633789062,83.33999633789062,4343000
2025-11-18,83.4002685546875,84.4000015258789,84.81999969482422,83.16999816894531,83.69999694824219,3007400
2025-11-19,85.37657165527344,86.4000015258789,86.63999938964844,83.83000183105469,84.4000015258789,2718200
2025-11-21,81.67100524902344,82.6500015258789,86.75,82.16999816894531,86.37999725341797,5226900
2025-11-24,81.54253387451172,82.5199966430664,83.55000305175781,81.87000274658203,82.5999984741211,5578200
2025-11-25,81.27574157714844,82.25,83.11000061035156,80.80000305175781,82.5,5511200
2025-11-26,82.22435760498047,83.20999908447266,83.25,81.9000015258789,82.9000015258789,7681900
2025-11-27,82.4516372680664,83.44000244140625,84.19000244140625,82.83000183105469,82.8499984741211,1934100
2025-11-28,83.0445327758789,84.04000091552734,84.04000091552734,82.55999755859375,83.51000213623047,2728400
2025-12-01,81.69076538085938,82.66999816894531,84.69999694824219,82.0999984741211,84.05000305175781,2879100
2025-12-02,83.72636413574219,84.7300033569336,85.98999786376953,82.58000183105469,83.08999633789062,6664500
2025-12-03,85.43585968017578,86.45999908447266,86.87000274658203,83.36000061035156,85.0999984741211,4061000
2025-12-04,83.78565216064453,84.79000091552734,87.86000061035156,84.37000274658203,86.7300033569336,4168900
2025-12-05,83.3706283569336,84.37000274658203,85.94000244140625,82.26000213623047,85.05000305175781,6904400
2025-12-08,85.1196517944336,86.13999938964844,87.0999984741211,84.47000122070312,84.47000122070312,3187200
2025-12-09,87.66909790039062,88.72000122070312,89.73999786376953,85.33000183105469,85.8499984741211,5792400
2025-12-10,88.29163360595703,89.3499984741211,90.19999694824219,87.94000244140625,88.56999969482422,4495300
2025-12-11,86.03864288330078,87.06999969482422,88.93000030517578,86.08999633789062,88.5,3904000
2025-12-12,86.6329574584961,87.55999755859375,89.05000305175781,86.75,86.97000122070312,3254200
2025-12-15,86.70222473144531,87.62999725341797,88.61000061035156,87.12000274658203,87.91999816894531,4531200
2025-12-16,87.65364837646484,87.9800033569336,89.05000305175781,86.0199966430664,86.55000305175781,4337900
2025-12-17,85.3821029663086,85.69999694824219,89.04000091552734,85.36000061035156,88.83999633789062,5324400
2025-12-18,86.47802734375,86.80000305175781,88.3499984741211,85.5,86.01000213623047,3649600
2025-12-19,87.69348907470703,88.0199966430664,89.2300033569336,86.9000015258789,86.9000015258789,5252400
2025-12-22,89.16800689697266,89.5,90.08999633789062,87.86000061035156,88.61000061035156,4103100
2025-12-23,89.56652069091797,89.9000015258789,91.13999938964844,89.19999694824219,89.20999908447266,4118600
2025-12-26,88.86911010742188,89.19999694824219,89.87999725341797,88.55999755859375,89.79000091552734,1623000
2025-12-29,89.56652069091797,89.9000015258789,89.9000015258789,89.01000213623047,89.55999755859375,1851300
2025-12-30,88.2713394165039,88.5999984741211,90.69000244140625,88.5999984741211,89.52999877929688,1599700
2026-01-02,88.2613754272461,88.58999633789062,89.37999725341797,87.69000244140625,89.0999984741211,2240400
2026-01-05,92.54542541503906,92.88999938964844,92.98999786376953,89.01000213623047,89.01000213623047,5419800
2026-01-06,92.73472595214844,93.08000183105469,93.61000061035156,91.44999694824219,92.91000366210938,4897500
2026-01-07,93.56165313720703,93.91000366210938,95.44999694824219,92.6500015258789,93.61000061035156,3236700
2026-01-08,94.48818969726562,94.83999633789062,97.3499984741211,93.7300033569336,94.13999938964844,5081600
2026-01-09,95.49444580078125,95.8499984741211,96.01000213623047,94.36000061035156,95.06999969482422,2026800
2026-01-12,97.56673431396484,97.93000030517578,98.16999816894531,95.48999786376953,95.88999938964844,2818200
2026-01-13,96.72985076904297,97.08999633789062,97.86000061035156,96.20999908447266,97.86000061035156,2568700
2026-01-14,95.9228515625,96.27999877929688,97.41000366210938,95.5999984741211,97.1500015258789,3520300
2026-01-15,98.60287475585938,98.97000122070312,99.22000122070312,96.11000061035156,97.4000015258789,4012600
2026-01-16,98.93165588378906,99.30000305175781,99.41999816894531,97.62000274658203,99.30000305175781,4634100
2026-01-19,98.96154022216797,99.33000183105469,100.29000091552734,98.94000244140625,99.5999984741211,1772800
2026-01-20,98.24420928955078,98.61000061035156,99.68000030517578,98.20999908447266,99.05000305175781,2677200
2026-01-21,99.3202133178711,99.69000244140625,99.87999725341797,97.66000366210938,99.44999694824219,3857500
2026-01-22,102.57807159423828,102.95999908447266,103.55999755859375,100.11000061035156,100.11000061035156,5771800
2026-01-23,103.5743637084961,103.95999908447266,104.76000213623047,102.30999755859375,103.41000366210938,3821500
2026-01-26,102.02015686035156,102.4000015258789,105.04000091552734,101.5,105.04000091552734,3949500
2026-01-27,103.03636169433594,103.41999816894531,105.5,103.13999938964844,103.58999633789062,4625100
2026-01-28,99.39990234375,99.7699966430664,104.79000091552734,97.52999877929688,104.5,7191800
2026-01-29,96.99884796142578,97.36000061035156,100.87999725341797,96.91999816894531,100.55000305175781,4078600
2026-01-30,96.59036254882812,96.94999694824219,97.88999938964844,96.02999877929688,97.37999725341797,4307700
2026-02-02,96.87928771972656,97.23999786376953,98.66999816894531,96.0,98.05000305175781,4980100
2026-02-03,95.39482116699219,95.75,98.5,95.01000213623047,98.30999755859375,4182900
2026-02-04,91.82809448242188,92.16999816894531,96.05999755859375,90.41999816894531,95.75,5624200
2026-02-05,91.45947265625,91.80000305175781,92.9000015258789,89.91000366210938,92.55999755859375,5023500
2026-02-06,91.40965270996094,91.75,92.47000122070312,90.12999725341797,91.94999694824219,3785100
2026-02-09,93.6612777709961,94.01000213623047,94.33999633789062,91.7699966430664,92.80000305175781,2944400
2026-02-10,93.5815658569336,93.93000030517578,94.6500015258789,93.0999984741211,94.22000122070312,1883900
2026-02-11,93.02365112304688,93.37000274658203,94.94999694824219,92.5,94.94000244140625,4022000
2026-02-12,93.05353546142578,93.4000015258789,94.5,92.25,92.48999786376953,3305000
2026-02-13,92.49561309814453,92.83999633789062,94.48999786376953,92.30000305175781,93.4000015258789,3006500
2026-02-18,93.98008728027344,94.33000183105469,95.37000274658203,93.7300033569336,94.73999786376953,4680200
2026-02-19,94.27896881103516,94.62999725341797,94.83999633789062,92.9800033569336,94.5,2498700
2026-02-20,95.35497283935547,95.70999908447266,96.69999694824219,93.08000183105469,94.94999694824219,4570800
2026-02-23,93.19302368164062,93.54000091552734,96.0,93.33000183105469,96.0,3778300
2026-02-24,93.9501953125,94.30000305175781,95.48999786376953,93.0,94.29000091552734,3657300
2026-02-25,92.13695526123047,92.4800033569336,94.70999908447266,91.44999694824219,94.58999633789062,2796900
2026-02-26,94.00997161865234,94.36000061035156,94.36000061035156,91.27999877929688,93.04000091552734,3191600
2026-02-27,92.0771713256836,92.41999816894531,93.44999694824219,91.83999633789062,93.44999694824219,4498500
2026-03-02,92.5553970336914,92.9000015258789,93.69999694824219,89.9000015258789,91.58000183105469,4115300
2026-03-03,91.36980438232422,91.70999908447266,92.5,89.80000305175781,91.68000030517578,5812500
2026-03-04,92.09709930419922,92.44000244140625,92.73999786376953,91.01000213623047,92.2699966430664,2757000
2026-03-05,86.83668518066406,87.16000366210938,92.30000305175781,86.81999969482422,92.19999694824219,5912500
2026-03-06,79.84272003173828,80.13999938964844,87.5999984741211,80.13999938964844,87.52999877929688,20428200
2026-03-09,82.04452514648438,82.3499984741211,82.95999908447266,77.73999786376953,79.97000122070312,6266200
2026-03-10,84.296142578125,84.61000061035156,86.75,81.55000305175781,83.3499984741211,6054100
2026-03-11,83.6684799194336,83.9800033569336,85.31999969482422,83.08999633789062,83.69000244140625,4558300
2026-03-12,74.45278930664062,74.7300033569336,83.54000091552734,74.62000274658203,82.91000366210938,9915600
2026-03-13,73.58602142333984,73.86000061035156,75.80000305175781,73.52999877929688,75.23999786376953,7111500
2026-03-16,76.67451477050781,76.95999908447266,78.55999755859375,74.5199966430664,74.5199966430664,6610500
2026-03-17,76.21622467041016,76.5,78.44999694824219,75.29000091552734,77.18000030517578,3888700
2026-03-18,75.98707580566406,76.2699966430664,77.45999908447266,75.38999938964844,75.98999786376953,4277300
2026-03-19,75.54871368408203,75.83000183105469,76.11000061035156,74.01000213623047,75.1500015258789,5290200
2026-03-20,72.06169891357422,72.33000183105469,76.26000213623047,72.16999816894531,75.51000213623047,8550400
2026-03-23,77.07303619384766,77.36000061035156,77.9800033569336,74.01000213623047,75.12999725341797,9060700
2026-03-24,75.65830993652344,75.94000244140625,77.01000213623047,74.27999877929688,77.0,4594100
2026-03-25,76.88373565673828,77.16999816894531,78.76000213623047,76.58999633789062,78.2300033569336,5075600
2026-03-26,74.71183013916016,74.98999786376953,76.37000274658203,73.98999786376953,75.76000213623047,6228300
2026-03-27,73.12773132324219,73.4000015258789,75.3499984741211,73.27999877929688,74.41999816894531,5084200
2026-03-30,72.96832275390625,73.23999786376953,74.48999786376953,72.12000274658203,74.48999786376953,8866100
2026-03-31,76.66455841064453,76.94999694824219,77.0,73.55999755859375,74.0,7251900
2026-04-01,80.30101776123047,80.5999984741211,82.0,77.33000183105469,78.11000061035156,7537000
2026-04-02,80.66964721679688,80.97000122070312,81.0,77.05999755859375,77.20999908447266,5662300
2026-04-06,81.36705017089844,81.66999816894531,82.37000274658203,80.0199966430664,80.94999694824219,4476000
2026-04-07,81.28733825683594,81.58999633789062,82.0999984741211,79.83000183105469,81.0,3758800
2026-04-08,84.87399291992188,85.19000244140625,87.38999938964844,83.62000274658203,87.38999938964844,8182700
2026-04-09,85.03339385986328,85.3499984741211,86.5,84.43000030517578,85.26000213623047,4875300
2026-04-10,86.29869079589844,86.62000274658203,86.69999694824219,84.5999984741211,85.30000305175781,3552500
2026-04-13,86.67727661132812,87.0,87.69000244140625,85.4800033569336,86.0,4477000
2026-04-14,86.69720458984375,87.0199966430664,89.1500015258789,86.80000305175781,87.9000015258789,5624800
2026-04-15,85.46179962158203,85.77999877929688,88.33999633789062,85.1500015258789,87.4000015258789,4704000
2026-04-16,82.72200012207031,83.02999877929688,86.44999694824219,81.1500015258789,85.91000366210938,4865500
2026-04-17,84.23636627197266,84.55000305175781,87.25,84.4000015258789,85.0,6092400
2026-04-20,84.47547912597656,84.79000091552734,85.06999969482422,83.56999969482422,84.56999969482422,3761700
2026-04-22,79.39439392089844,79.69000244140625,83.48999786376953,79.5999984741211,83.3499984741211,5827500
2026-04-23,78.46784210205078,78.76000213623047,80.19999694824219,78.5199966430664,79.94999694824219,3819100
2026-04-24,78.05936431884766,78.3499984741211,79.45999908447266,77.83999633789062,79.0,3197100
2026-04-27,78.0195083618164,78.30999755859375,78.97000122070312,77.80000305175781,78.44999694824219,5171600
2026-04-28,78.378173828125,78.66999816894531,78.94999694824219,77.06999969482422,78.52999877929688,4534800
2026-04-29,76.00700378417969,76.29000091552734,78.94999694824219,75.80000305175781,78.94999694824219,4547700
2026-04-30,76.75422668457031,77.04000091552734,77.61000061035156,76.68000030517578,76.68000030517578,3263700
2026-05-04,78.70695495605469,79.0,81.25,76.9000015258789,76.9000015258789,6075800
2026-05-05,78.43795776367188,78.7300033569336,80.44000244140625,78.23999786376953,79.5999984741211,3154000
2026-05-06,83.60870361328125,83.91999816894531,84.56999969482422,80.29000091552734,80.69999694824219,5473100
2026-05-07,83.01092529296875,83.31999969482422,84.77999877929688,82.95999908447266,84.0,3833400
2026-05-08,73.50630950927734,73.77999877929688,82.01000213623047,73.23999786376953,82.01000213623047,20033000
2026-05-11,74.09413146972656,74.37000274658203,75.83999633789062,73.62000274658203,74.76000213623047,6781500
2026-05-12,72.39096069335938,72.6500015258789,74.43000030517578,72.1500015258789,74.36000061035156,6588100
2026-05-13,72.37103271484375,72.62999725341797,73.70999908447266,70.93000030517578,72.43000030517578,8195900
2026-05-14,72.27139282226562,72.52999877929688,73.58000183105469,71.81999969482422,73.48999786376953,5284200
2026-05-15,70.99595642089844,71.25,72.7699966430664,70.9000015258789,71.16000366210938,6302300
2026-05-18,70.24862670898438,70.5,72.12000274658203,69.63999938964844,71.51000213623047,6653600
2026-05-19,68.395263671875,68.63999938964844,70.12000274658203,68.08000183105469,69.9000015258789,7603900
2026-05-20,70.1290512084961,70.37999725341797,71.06999969482422,69.08999633789062,69.51000213623047,7043200
2026-05-21,70.5575180053711,70.80999755859375,71.47000122070312,69.25,69.9000015258789,4462200
2026-05-22,72.07210540771484,72.33000183105469,73.51000213623047,70.41000366210938,70.80000305175781,5402500
2026-05-25,73.01871490478516,73.27999877929688,74.08000183105469,72.91000366210938,72.91999816894531,2438100
2026-05-26,72.1219253540039,72.37999725341797,73.5,71.7699966430664,73.01000213623047,2660800
2026-05-27,73.23793029785156,73.5,74.69999694824219,72.80000305175781,73.58000183105469,3892500
2026-05-28,73.33757781982422,73.5999984741211,74.55999755859375,72.97000122070312,73.44999694824219,2642900
2026-05-29,73.11835479736328,73.37999725341797,74.0999984741211,71.7300033569336,73.70999908447266,6033200
2026-06-01,71.91267395019531,72.16999816894531,73.30999755859375,71.3499984741211,73.0999984741211,3662100
2026-06-02,71.6934585571289,71.94999694824219,73.19000244140625,71.01000213623047,72.30000305175781,3178200
2026-06-03,69.42158508300781,69.66999816894531,71.0999984741211,69.43000030517578,70.9800033569336,6863500
2026-06-05,72.07210540771484,72.33000183105469,74.36000061035156,70.22000122070312,70.30000305175781,7118200
2026-06-08,73.17814636230469,73.44000244140625,74.62000274658203,72.18000030517578,72.30999755859375,4870800
2026-06-09,72.4706802368164,72.7300033569336,74.55999755859375,71.27999877929688,73.5,3797300
2026-06-10,69.40166473388672,69.6500015258789,72.54000091552734,69.41999816894531,72.43000030517578,4816200
2026-06-11,70.94612884521484,71.19999694824219,71.91000366210938,69.06999969482422,69.9800033569336,6830100
2026-06-12,72.59024810791016,72.8499984741211,73.4000015258789,71.02999877929688,71.25,4664300
2026-06-15,77.71192169189453,77.98999786376953,78.55000305175781,75.25,75.25,10435200
2026-06-16,75.99805450439453,76.2699966430664,78.4000015258789,75.93000030517578,78.18000030517578,4336200
2026-06-17,78.45924377441406,78.73999786376953,80.1500015258789,76.08999633789062,76.20999908447266,7673900
2026-06-18,78.59874725341797,78.87999725341797,80.94999694824219,78.7300033569336,78.73999786376953,4916300
2026-06-19,78.9176025390625,79.19999694824219,79.83000183105469,78.6500015258789,78.91000366210938,3943200
2026-06-22,78.0606689453125,78.33999633789062,79.48999786376953,77.5999984741211,79.48999786376953,4963600
2026-06-23,78.51903533935547,78.80000305175781,78.93000030517578,77.05000305175781,77.9800033569336,4270300
2026-06-24,79.9800033569336,79.9800033569336,80.66000366210938,78.01000213623047,78.01000213623047,6523200
2026-06-25,81.0999984741211,81.0999984741211,83.11000061035156,80.62999725341797,80.69000244140625,5746700
2026-06-26,81.9000015258789,81.9000015258789,82.2699966430664,79.8499984741211,81.30000305175781,6209000
