Price,Adj Close,Close,High,Low,Open,Volume
Ticker,VALE3.SA,VALE3.SA,VALE3.SA,VALE3.SA,VALE3.SA,VALE3.SA
Date,,,,,,
2021-08-02,67.09166717529297,108.93000030517578,111.37000274658203,108.93000030517578,110.9000015258789,23109400
2021-08-03,69.37672424316406,112.63999938964844,113.02999877929688,109.44000244140625,109.77999877929688,36641400
2021-08-04,69.30281829833984,112.5199966430664,113.25,111.62000274658203,112.0,18828200
2021-08-05,67.1840591430664,109.08000183105469,109.98999786376953,107.9000015258789,109.63999938964844,32215200
2021-08-06,67.56592559814453,109.69999694824219,110.88999938964844,109.5,109.8499984741211,19273100
2021-08-09,67.14094543457031,109.01000213623047,109.44999694824219,107.68000030517578,108.19999694824219,21502300
2021-08-10,67.78766632080078,110.05999755859375,110.73999786376953,108.83999633789062,108.94999694824219,17440500
2021-08-11,67.30108642578125,109.2699966430664,110.5,109.26000213623047,110.19000244140625,14680600
2021-08-12,67.25797271728516,109.19999694824219,109.9800033569336,108.83000183105469,109.19999694824219,14849500
2021-08-13,66.70365142822266,108.30000305175781,109.9000015258789,107.95999908447266,109.69999694824219,11855200
2021-08-16,67.01161193847656,108.80000305175781,108.9000015258789,105.91999816894531,107.23999786376953,21856700
2021-08-17,65.90296936035156,107.0,109.31999969482422,105.66000366210938,108.11000061035156,23402600
2021-08-18,63.691837310791016,103.41000366210938,105.73999786376953,103.41000366210938,105.73999786376953,35379200
2021-08-19,60.057926177978516,97.51000213623047,100.27999877929688,97.30000305175781,98.66000366210938,60456900
2021-08-20,60.082550048828125,97.55000305175781,99.0999984741211,97.44000244140625,97.58999633789062,31351100
2021-08-23,59.25107192993164,96.19999694824219,97.93000030517578,96.16000366210938,97.55999755859375,19773500
2021-08-24,61.412940979003906,99.70999908447266,101.2699966430664,99.0999984741211,99.37999725341797,29779200
2021-08-25,61.28359603881836,99.5,100.45999908447266,98.55000305175781,100.08999633789062,15088600
2021-08-26,60.50138473510742,98.2300033569336,99.80000305175781,98.2300033569336,99.48999786376953,18032300
2021-08-27,62.01652908325195,100.69000244140625,101.0,98.9000015258789,99.01000213623047,19572800
2021-08-30,61.62234115600586,100.05000305175781,101.63999938964844,99.94999694824219,100.81999969482422,13031600
2021-08-31,60.77854919433594,98.68000030517578,99.26000213623047,97.69999694824219,99.0,20433600
2021-09-01,60.88325119018555,98.8499984741211,99.58999633789062,95.72000122070312,97.36000061035156,20847500
2021-09-02,60.69231414794922,98.54000091552734,100.0,97.91000366210938,98.7699966430664,24448600
2021-09-03,60.73542404174805,98.61000061035156,100.87999725341797,98.51000213623047,100.16000366210938,38716500
2021-09-06,59.78076171875,97.05999755859375,97.55000305175781,96.16000366210938,96.88999938964844,11916100
2021-09-08,58.536624908447266,95.04000091552734,96.7300033569336,94.69999694824219,96.47000122070312,22635100
2021-09-09,58.32719802856445,94.69999694824219,95.72000122070312,93.16999816894531,95.16000366210938,28997700
2021-09-10,58.39494705200195,94.80999755859375,96.19000244140625,94.80999755859375,95.51000213623047,18022000
2021-09-13,58.36415481567383,94.76000213623047,95.0,93.94000244140625,94.69999694824219,18832800
2021-09-14,57.95148468017578,94.08999633789062,95.58000183105469,93.06999969482422,95.1500015258789,25571600
2021-09-15,56.504093170166016,91.73999786376953,94.44000244140625,91.73999786376953,93.87999725341797,35084400
2021-09-16,54.157447814941406,87.93000030517578,90.43000030517578,87.91999816894531,90.43000030517578,39726500
2021-09-17,53.061119079589844,86.1500015258789,88.79000091552734,85.08000183105469,88.29000091552734,74648800
2021-09-20,50.96701431274414,82.75,83.94000244140625,81.13999938964844,82.80000305175781,49636100
2021-09-21,51.810813903808594,84.12000274658203,84.69999694824219,82.51000213623047,84.69999694824219,32380300
2021-09-22,53.65240478515625,87.11000061035156,89.4800033569336,86.51000213623047,88.0999984741211,62161000
2021-09-23,53.65053176879883,78.91000366210938,80.33999633789062,77.62000274658203,79.19999694824219,47485400
2021-09-24,52.821048736572266,77.69000244140625,78.79000091552734,77.0,78.29000091552734,26631600
2021-09-27,53.575748443603516,78.80000305175781,79.33000183105469,76.5,78.5999984741211,38386300
2021-09-28,50.89015197753906,74.8499984741211,77.80000305175781,74.55999755859375,77.4800033569336,35896000
2021-09-29,51.53604507446289,75.80000305175781,76.80000305175781,74.8499984741211,75.7699966430664,39704900
2021-09-30,51.83519744873047,76.23999786376953,78.33999633789062,75.7300033569336,77.4000015258789,39151000
2021-10-01,51.80800247192383,76.19999694824219,77.30999755859375,75.68000030517578,76.75,23191700
2021-10-04,51.32528305053711,75.48999786376953,77.0,75.44000244140625,76.58999633789062,25090000
2021-10-05,50.95813751220703,74.94999694824219,76.0999984741211,74.94999694824219,75.98999786376953,21889400
2021-10-06,52.39271545410156,77.05999755859375,77.2699966430664,73.91999816894531,74.05999755859375,27318400
2021-10-07,53.95647048950195,79.36000061035156,80.37000274658203,77.70999908447266,78.33999633789062,33115300
2021-10-08,54.289615631103516,79.8499984741211,81.83999633789062,79.58999633789062,81.45999908447266,37172600
2021-10-11,55.4930305480957,81.62000274658203,83.0999984741211,80.73999786376953,81.9000015258789,28327900
2021-10-13,53.84769821166992,79.19999694824219,80.80000305175781,79.16999816894531,80.80000305175781,32052800
2021-10-14,53.84769821166992,79.19999694824219,80.23999786376953,79.12999725341797,79.98999786376953,24030000
2021-10-15,54.853946685791016,80.68000030517578,80.94999694824219,79.30000305175781,79.48999786376953,26927200
2021-10-18,54.33720779418945,79.91999816894531,80.4000015258789,78.4800033569336,79.91000366210938,20912800
2021-10-19,53.71171569824219,79.0,80.23999786376953,78.80999755859375,79.72000122070312,20804500
2021-10-20,52.12755584716797,76.66999816894531,78.37000274658203,76.27999877929688,78.37000274658203,27576600
2021-10-21,51.10091781616211,75.16000366210938,75.16000366210938,72.94999694824219,74.5,37556500
2021-10-22,51.726417541503906,76.08000183105469,77.0999984741211,74.63999938964844,74.66999816894531,35142600
2021-10-25,52.35192108154297,77.0,77.56999969482422,76.37000274658203,77.19999694824219,17950000
2021-10-26,51.79441452026367,76.18000030517578,77.06999969482422,76.06999969482422,77.01000213623047,16674100
2021-10-27,50.61818313598633,74.44999694824219,76.7300033569336,74.44999694824219,75.9800033569336,20087300
2021-10-28,50.108272552490234,73.69999694824219,74.68000030517578,73.55000305175781,74.44999694824219,22719000
2021-10-29,48.687278747558594,71.61000061035156,73.16000366210938,71.0199966430664,73.0199966430664,30268500
2021-11-01,49.17001724243164,72.31999969482422,72.86000061035156,71.1500015258789,72.0,19649600
2021-11-03,45.43739318847656,66.83000183105469,70.9000015258789,66.61000061035156,70.5999984741211,77316900
2021-11-04,44.92067337036133,66.06999969482422,67.62000274658203,65.62000274658203,66.88999938964844,30122100
2021-11-05,43.588077545166016,64.11000061035156,66.66000366210938,64.0,66.43000030517578,35954600
2021-11-08,45.960899353027344,67.5999984741211,68.1500015258789,64.33000183105469,64.4000015258789,27722000
2021-11-09,44.8322868347168,65.94000244140625,67.30000305175781,65.2300033569336,67.25,20961500
2021-11-10,44.66231918334961,65.69000244140625,66.27999877929688,64.4000015258789,64.61000061035156,22492600
2021-11-11,46.23966979980469,68.01000213623047,69.26000213623047,67.5999984741211,68.45999908447266,28795100
2021-11-12,46.43683624267578,68.30000305175781,69.58999633789062,67.01000213623047,67.18000030517578,24542500
2021-11-16,45.097442626953125,66.33000183105469,68.06999969482422,66.19000244140625,68.0,17207900
2021-11-17,44.19318389892578,65.0,67.70999908447266,65.0,66.98999786376953,25487600
2021-11-18,42.37786102294922,62.33000183105469,64.6500015258789,61.849998474121094,64.20999908447266,51343900
2021-11-19,43.5336799621582,64.02999877929688,64.80000305175781,62.810001373291016,63.27000045776367,26849500
2021-11-22,45.9541015625,67.58999633789062,69.0199966430664,65.1500015258789,65.55000305175781,44693500
2021-11-23,47.164329528808594,69.37000274658203,71.97000122070312,69.20999908447266,70.61000061035156,30391600
2021-11-24,48.25896453857422,70.9800033569336,70.9800033569336,69.51000213623047,70.11000061035156,20764100
2021-11-25,47.9326057434082,70.5,71.29000091552734,69.80000305175781,71.29000091552734,17199200
2021-11-26,46.668006896972656,68.63999938964844,69.36000061035156,67.5,67.5,22664200
2021-11-29,47.252708435058594,69.5,70.5999984741211,69.16000366210938,70.27999877929688,18164000
2021-11-30,47.55866622924805,69.94999694824219,71.44999694824219,68.69000244140625,69.0,42668700
2021-12-01,47.7490348815918,70.2300033569336,71.94999694824219,69.97000122070312,71.30000305175781,28194700
2021-12-02,49.965492248535156,73.48999786376953,73.55999755859375,70.11000061035156,70.97000122070312,24888400
2021-12-03,48.86406326293945,71.87000274658203,74.33999633789062,71.0,73.08999633789062,34451500
2021-12-06,51.51565170288086,75.7699966430664,75.98999786376953,71.95999908447266,72.87000274658203,28848800
2021-12-07,51.896400451660156,76.33000183105469,79.80999755859375,76.0999984741211,78.27999877929688,37125100
2021-12-08,51.508846282958984,75.76000213623047,76.98999786376953,74.9800033569336,76.98999786376953,24281000
2021-12-09,51.11450958251953,75.18000030517578,75.94999694824219,74.44999694824219,74.88999938964844,16925200
2021-12-10,51.43406677246094,75.6500015258789,76.19999694824219,74.83999633789062,75.5,16827100
2021-12-13,52.93663787841797,77.86000061035156,78.7300033569336,77.38999938964844,77.5,31699100
2021-12-14,52.929840087890625,77.8499984741211,78.88999938964844,77.2300033569336,78.5199966430664,21063500
2021-12-15,52.630680084228516,77.41000366210938,78.18000030517578,76.19999694824219,78.08000183105469,22112200
2021-12-16,54.69076919555664,80.44000244140625,80.45999908447266,78.45999908447266,79.0,30125700
2021-12-17,53.827301025390625,79.16999816894531,80.66999816894531,79.06999969482422,79.9000015258789,38744500
2021-12-20,53.22218322753906,78.27999877929688,78.9000015258789,77.27999877929688,78.0,19195400
2021-12-21,54.62277603149414,80.33999633789062,80.38999938964844,79.1500015258789,79.80000305175781,19590300
2021-12-22,54.33720779418945,79.91999816894531,80.1500015258789,78.58000183105469,79.88999938964844,18655600
2021-12-23,53.813697814941406,79.1500015258789,80.05999755859375,78.80000305175781,79.94999694824219,13121200
2021-12-27,53.67771530151367,78.94999694824219,79.44999694824219,78.26000213623047,78.87000274658203,11371400
2021-12-28,52.38592529296875,77.05000305175781,78.52999877929688,76.56999969482422,78.51000213623047,18923700
2021-12-29,52.521888732910156,77.25,77.9800033569336,76.3499984741211,76.37999725341797,12113500
2021-12-30,53.00462341308594,77.95999908447266,78.9800033569336,77.61000061035156,77.98999786376953,26568500
2022-01-03,53.031829833984375,78.0,79.97000122070312,78.0,79.0,18557200
2022-01-04,52.40631866455078,77.08000183105469,79.06999969482422,76.9000015258789,78.51000213623047,18178700
2022-01-05,52.902626037597656,77.80999755859375,78.68000030517578,77.12999725341797,77.37000274658203,22039000
2022-01-06,53.97007369995117,79.37999725341797,80.3499984741211,78.30999755859375,78.63999938964844,22044100
2022-01-07,57.1111946105957,84.0,84.0,79.79000091552734,80.4000015258789,35213100
2022-01-10,56.431297302246094,83.0,84.2699966430664,82.30000305175781,82.48999786376953,25056700
2022-01-11,57.50551986694336,84.58000183105469,85.1500015258789,83.30999755859375,83.4800033569336,28418800
2022-01-12,58.131038665771484,85.5,86.58000183105469,84.93000030517578,86.48999786376953,27335400
2022-01-13,57.24717330932617,84.19999694824219,85.2300033569336,83.69999694824219,84.83999633789062,23154200
2022-01-14,57.580326080322266,84.69000244140625,84.93000030517578,82.91000366210938,83.72000122070312,21183400
2022-01-17,57.28116226196289,84.25,84.5999984741211,84.0,84.0,9688500
2022-01-18,58.68173599243164,86.30999755859375,86.87999725341797,84.4800033569336,84.58000183105469,24080200
2022-01-19,59.973541259765625,88.20999908447266,89.0,87.87999725341797,88.4800033569336,29332500
2022-01-20,58.95370864868164,86.70999908447266,88.97000122070312,86.63999938964844,88.80000305175781,22748800
2022-01-21,57.729896545410156,84.91000366210938,86.7300033569336,84.33999633789062,86.47000122070312,32752300
2022-01-24,57.022804260253906,83.87000274658203,83.95999908447266,82.08000183105469,83.69999694824219,29040100
2022-01-25,57.1519775390625,84.05999755859375,85.05000305175781,83.05000305175781,84.05999755859375,22490500
2022-01-26,57.315155029296875,84.30000305175781,86.55999755859375,83.81999969482422,85.9000015258789,25806800
2022-01-27,57.444339752197266,84.48999786376953,85.45999908447266,83.2699966430664,85.0,20994900
2022-01-28,56.88002014160156,83.66000366210938,86.3499984741211,82.83000183105469,85.58000183105469,28453000
2022-01-31,54.983116149902344,80.87000274658203,82.94000244140625,80.87000274658203,82.94000244140625,31397700
2022-02-01,58.001853942871094,85.30999755859375,85.33000183105469,81.37000274658203,81.5,24131300
2022-02-02,58.32819747924805,85.79000091552734,86.29000091552734,84.72000122070312,85.5,17489000
2022-02-03,58.30101013183594,85.75,86.77999877929688,85.31999969482422,86.30000305175781,19179400
2022-02-04,59.83076858520508,88.0,88.16999816894531,85.55000305175781,85.75,24535400
2022-02-07,61.27895736694336,90.12999725341797,90.23999786376953,88.1500015258789,88.1500015258789,24915800
2022-02-08,62.135616302490234,91.38999938964844,91.4800033569336,89.5,90.44999694824219,26598600
2022-02-09,62.14922332763672,91.41000366210938,91.80000305175781,89.33000183105469,90.0,24815300
2022-02-10,63.82175064086914,93.87000274658203,94.4800033569336,92.02999877929688,92.44999694824219,47888900
2022-02-11,62.52994918823242,91.97000122070312,93.4000015258789,91.5999984741211,93.36000061035156,34555300
2022-02-14,62.25798797607422,91.56999969482422,92.16999816894531,90.81999969482422,91.11000061035156,22804400
2022-02-15,60.4086799621582,88.8499984741211,89.94000244140625,87.69999694824219,89.0199966430664,29624900
2022-02-16,60.850616455078125,89.5,90.62000274658203,89.0999984741211,89.44000244140625,20774700
2022-02-17,58.23301315307617,85.6500015258789,89.0,85.37000274658203,88.8499984741211,36259300
2022-02-18,58.35540008544922,85.83000183105469,87.02999877929688,85.43000030517578,86.44000244140625,22690600
2022-02-21,58.40299987792969,85.9000015258789,87.98999786376953,85.5,86.5999984741211,14561000
2022-02-22,59.41603469848633,87.38999938964844,87.4000015258789,85.80000305175781,86.69000244140625,23591200
2022-02-23,58.790531158447266,86.47000122070312,88.33999633789062,85.55000305175781,88.08999633789062,24413800
2022-02-24,59.51802444458008,87.54000091552734,88.04000091552734,83.7300033569336,84.62000274658203,37212500
2022-02-25,62.740718841552734,92.27999877929688,92.41000366210938,85.0999984741211,86.5199966430664,51028300
2022-03-02,67.75154113769531,99.6500015258789,99.69999694824219,97.05999755859375,98.97000122070312,42191500
2022-03-03,67.7855453491211,99.69999694824219,101.26000213623047,99.5,100.19999694824219,38621400
2022-03-04,69.32891082763672,101.97000122070312,102.08999633789062,98.12000274658203,98.68000030517578,30533200
2022-03-07,71.43658447265625,105.06999969482422,105.9000015258789,103.87000274658203,104.44000244140625,55305300
2022-03-08,68.30226135253906,100.45999908447266,107.11000061035156,99.72000122070312,106.98999786376953,53060200
2022-03-09,66.50135803222656,94.19000244140625,95.80000305175781,92.55999755859375,95.79000091552734,41051200
2022-03-10,68.6971206665039,97.30000305175781,97.30000305175781,94.08000183105469,94.5,33107000
2022-03-11,68.33704376220703,96.79000091552734,98.41000366210938,96.76000213623047,97.43000030517578,24321500
2022-03-14,64.67271423339844,91.5999984741211,95.19999694824219,91.25,94.9800033569336,37172800
2022-03-15,62.81585693359375,88.97000122070312,89.58000183105469,87.27999877929688,88.98999786376953,47128500
2022-03-16,64.34088134765625,91.12999725341797,93.87999725341797,89.30999755859375,91.88999938964844,37906100
2022-03-17,66.5790023803711,94.30000305175781,94.9800033569336,92.56999969482422,92.9000015258789,40663500
2022-03-18,67.84281921386719,96.08999633789062,96.08999633789062,93.80000305175781,95.41000366210938,46080900
2022-03-21,69.76322937011719,98.80999755859375,99.43000030517578,97.1500015258789,97.33000183105469,25374600
2022-03-22,68.202880859375,96.5999984741211,98.95999908447266,96.19000244140625,98.51000213623047,29489800
2022-03-23,68.09696960449219,96.44999694824219,98.94000244140625,96.29000091552734,97.5,26309600
2022-03-24,68.42176055908203,96.91000366210938,97.5999984741211,95.30999755859375,96.19999694824219,23122800
2022-03-25,67.23563385009766,95.2300033569336,98.30000305175781,94.30000305175781,97.69999694824219,22505500
2022-03-28,67.31327819824219,95.33999633789062,96.33999633789062,93.61000061035156,95.69999694824219,16274200
2022-03-29,66.73433685302734,94.5199966430664,95.66000366210938,93.4000015258789,95.33999633789062,38228800
2022-03-30,67.68749237060547,95.87000274658203,97.11000061035156,95.2699966430664,96.31999969482422,22007500
2022-03-31,67.49685668945312,95.5999984741211,96.88999938964844,95.36000061035156,96.41999816894531,17981400
2022-04-01,68.45706939697266,96.95999908447266,97.5,96.06999969482422,96.77999877929688,22457700
2022-04-04,69.14898681640625,97.94000244140625,98.25,96.55000305175781,96.7699966430664,16914000
2022-04-05,67.1509017944336,95.11000061035156,97.77999877929688,94.81999969482422,97.36000061035156,25764400
2022-04-06,68.16759490966797,96.55000305175781,96.72000122070312,95.33000183105469,95.33000183105469,22615800
2022-04-07,68.57708740234375,97.12999725341797,97.69000244140625,95.13999938964844,95.5,19946600
2022-04-08,67.17914581298828,95.1500015258789,97.4000015258789,94.62000274658203,96.63999938964844,26887400
2022-04-11,66.36720275878906,94.0,94.70999908447266,92.91999816894531,93.80999755859375,16515800
2022-04-12,65.92240905761719,93.37000274658203,95.61000061035156,93.23999786376953,95.0999984741211,16822600
2022-04-13,65.9435806274414,93.4000015258789,94.37999725341797,92.80999755859375,93.48999786376953,23674700
2022-04-14,65.01866912841797,92.08999633789062,94.0,91.36000061035156,93.30999755859375,24980700
2022-04-18,63.94551086425781,90.56999969482422,92.0,90.01000213623047,91.61000061035156,14812600
2022-04-19,61.90507125854492,87.68000030517578,89.69000244140625,86.83999633789062,89.69000244140625,34550900
2022-04-20,60.29531478881836,85.4000015258789,86.66999816894531,84.4000015258789,86.61000061035156,29635700
2022-04-22,56.80044174194336,80.44999694824219,83.4000015258789,80.08000183105469,83.25,39058200
2022-04-25,55.833168029785156,79.08000183105469,79.61000061035156,77.54000091552734,77.94000244140625,38943700
2022-04-26,55.07066345214844,78.0,79.31999969482422,77.8499984741211,79.08000183105469,37069400
2022-04-27,58.01482009887695,82.16999816894531,82.69999694824219,80.1500015258789,80.45999908447266,49408800
2022-04-28,59.44807052612305,84.19999694824219,85.55000305175781,80.83000183105469,85.0199966430664,56032800
2022-04-29,58.805580139160156,83.29000091552734,87.19999694824219,83.29000091552734,86.18000030517578,47492200
2022-05-02,58.544349670410156,82.91999816894531,83.19999694824219,80.63999938964844,83.16000366210938,31473600
2022-05-03,58.247806549072266,82.5,84.20999908447266,82.19000244140625,82.94999694824219,27364600
2022-05-04,57.760643005371094,81.80999755859375,82.18000030517578,79.8499984741211,81.93000030517578,34032200
2022-05-05,56.715721130371094,80.33000183105469,83.19999694824219,79.08000183105469,81.55000305175781,30906600
2022-05-06,56.31327819824219,79.76000213623047,80.9000015258789,78.25,79.19999694824219,25204100
2022-05-09,54.004539489746094,76.48999786376953,77.9800033569336,76.08000183105469,77.52999877929688,37050200
2022-05-10,53.33381652832031,75.54000091552734,76.94000244140625,74.87000274658203,76.2699966430664,31905000
2022-05-11,55.55782699584961,78.69000244140625,79.88999938964844,77.12000274658203,77.37000274658203,33933400
2022-05-12,55.000064849853516,77.9000015258789,77.9000015258789,75.87000274658203,77.05000305175781,27737200
2022-05-13,54.93650436401367,77.80999755859375,79.3499984741211,77.80000305175781,78.41999816894531,26086800
2022-05-16,56.58156967163086,80.13999938964844,80.63999938964844,78.5199966430664,78.68000030517578,23828800
2022-05-17,56.341514587402344,79.80000305175781,81.91999816894531,78.86000061035156,81.8499984741211,29305300
2022-05-18,54.91533279418945,77.77999877929688,79.25,77.41999816894531,78.70999908447266,30631700
2022-05-19,56.37682342529297,79.8499984741211,80.37999725341797,77.47000122070312,77.77999877929688,29984300
2022-05-20,57.372318267822266,81.26000213623047,82.45999908447266,80.58000183105469,82.01000213623047,38372000
2022-05-23,58.544349670410156,82.91999816894531,83.6500015258789,82.2699966430664,82.30000305175781,27632800
2022-05-24,59.33510208129883,84.04000091552734,84.08999633789062,81.0,81.81999969482422,35176800
2022-05-25,59.518672943115234,84.30000305175781,84.80000305175781,83.41000366210938,84.0,24607700
2022-05-26,59.48337936401367,84.25,84.6500015258789,83.0999984741211,84.16000366210938,27450600
2022-05-27,60.521244049072266,85.72000122070312,85.87999725341797,84.69999694824219,84.9000015258789,19834500
2022-05-30,61.17784881591797,86.6500015258789,87.41000366210938,86.01000213623047,86.27999877929688,16147900
2022-05-31,60.867191314697266,86.20999908447266,87.43000030517578,85.01000213623047,87.22000122070312,41369800
2022-06-01,62.30044174194336,88.23999786376953,88.77999877929688,86.0,86.19000244140625,26258900
2022-06-02,63.47245407104492,89.9000015258789,90.27999877929688,89.0,90.0,25142400
2022-06-03,62.45577621459961,88.45999908447266,89.80999755859375,88.36000061035156,89.5,18431900
2022-06-06,62.519325256347656,88.55000305175781,89.79000091552734,88.55000305175781,89.63999938964844,14932800
2022-06-07,63.980796813964844,90.62000274658203,90.88999938964844,88.11000061035156,88.23999786376953,27004800
2022-06-08,61.777976989746094,87.5,90.33000183105469,86.8499984741211,89.77999877929688,26959100
2022-06-09,59.6881103515625,84.54000091552734,87.0,84.44999694824219,87.0,36291100
2022-06-10,59.702239990234375,84.55999755859375,84.98999786376953,82.37999725341797,83.37000274658203,28689500
2022-06-13,57.81006622314453,81.87999725341797,82.87000274658203,80.0999984741211,82.0999984741211,31050500
2022-06-14,57.69710159301758,81.72000122070312,82.80000305175781,80.88999938964844,82.33000183105469,22634500
2022-06-15,57.661808013916016,81.66999816894531,83.7699966430664,81.54000091552734,82.0999984741211,33610300
2022-06-17,54.65410232543945,77.41000366210938,79.3499984741211,76.11000061035156,79.3499984741211,56914600
2022-06-20,53.30557632446289,75.5,76.18000030517578,74.25,75.5999984741211,26725700
2022-06-21,53.6585807800293,76.0,77.63999938964844,75.76000213623047,76.80000305175781,20981000
2022-06-22,53.19966506958008,75.3499984741211,76.05000305175781,73.37999725341797,74.0,32228300
2022-06-23,51.258079528808594,72.5999984741211,77.30999755859375,72.43000030517578,76.44000244140625,31943300
2022-06-24,52.684268951416016,74.62000274658203,74.87999725341797,72.5999984741211,72.77999877929688,22394300
2022-06-27,55.105953216552734,78.05000305175781,78.97000122070312,76.05999755859375,76.5,28825700
2022-06-28,56.09440231323242,79.44999694824219,80.2300033569336,78.77999877929688,80.0,26052000
2022-06-29,55.628421783447266,78.79000091552734,80.08999633789062,78.04000091552734,79.61000061035156,18636600
2022-06-30,54.05396270751953,76.55999755859375,78.05000305175781,76.16999816894531,76.98999786376953,27471300
2022-07-01,53.023155212402344,75.0999984741211,76.52999877929688,73.80000305175781,75.5199966430664,26721000
2022-07-04,52.71955871582031,74.66999816894531,75.01000213623047,73.58000183105469,74.0,12474200
2022-07-05,52.45833969116211,74.30000305175781,74.41999816894531,72.56999969482422,74.33999633789062,26472200
2022-07-06,52.952552795410156,75.0,75.44999694824219,73.54000091552734,74.6500015258789,23138800
2022-07-07,54.4917106628418,77.18000030517578,78.22000122070312,76.87999725341797,77.26000213623047,34251200
2022-07-08,53.23497009277344,75.4000015258789,77.86000061035156,75.30000305175781,76.83000183105469,24149200
2022-07-11,51.420467376708984,72.83000183105469,74.16000366210938,72.55999755859375,74.1500015258789,22076800
2022-07-12,51.5757942199707,73.05000305175781,73.16999816894531,71.05999755859375,72.0,22460000
2022-07-13,51.399288177490234,72.80000305175781,73.63999938964844,72.30999755859375,72.94999694824219,22980800
2022-07-14,47.97500991821289,67.94999694824219,70.83000183105469,67.55999755859375,70.5,57715800
2022-07-15,48.271549224853516,68.37000274658203,68.48999786376953,66.6500015258789,67.5,36589000
2022-07-18,48.525726318359375,68.7300033569336,70.38999938964844,68.69999694824219,70.38999938964844,22131300
2022-07-19,48.63161849975586,68.87999725341797,69.2699966430664,67.98999786376953,68.20999908447266,21785500
2022-07-20,47.57963562011719,67.38999938964844,68.4800033569336,66.18000030517578,68.45999908447266,40427400
2022-07-21,48.412757873535156,68.56999969482422,68.62000274658203,66.63999938964844,67.30999755859375,26987300
2022-07-22,48.86461639404297,69.20999908447266,70.75,68.97000122070312,69.80000305175781,27884000
2022-07-25,49.76833724975586,70.48999786376953,71.2300033569336,70.04000091552734,70.66000366210938,19833200
2022-07-26,49.67656326293945,70.36000061035156,71.41999816894531,69.58000183105469,71.31999969482422,19791500
2022-07-27,49.789512634277344,70.5199966430664,70.62000274658203,69.30999755859375,69.97000122070312,21666900
2022-07-28,49.909549713134766,70.69000244140625,71.97000122070312,70.30999755859375,71.45999908447266,21778700
2022-07-29,49.24586868286133,69.75,70.31999969482422,68.02999877929688,69.66999816894531,77006600
2022-08-01,48.066795349121094,68.08000183105469,69.8499984741211,67.93000030517578,68.94000244140625,38874000
2022-08-02,49.59889221191406,70.25,70.47000122070312,66.9800033569336,68.33000183105469,32636900
2022-08-03,47.67142105102539,67.5199966430664,70.1500015258789,67.5199966430664,70.05999755859375,31934600
2022-08-04,47.39606475830078,67.12999725341797,68.05000305175781,66.81999969482422,67.66999816894531,40540800
2022-08-05,48.01031494140625,68.0,68.75,67.5,67.88999938964844,36129300
2022-08-08,48.41981887817383,68.58000183105469,69.13999938964844,67.76000213623047,68.83000183105469,35705300
2022-08-09,49.422386169433594,70.0,70.16000366210938,68.1500015258789,68.58999633789062,35174600
2022-08-10,49.45769119262695,70.05000305175781,70.80999755859375,69.12000274658203,70.7300033569336,30202200
2022-08-11,51.18040466308594,72.48999786376953,73.6500015258789,70.55000305175781,70.80000305175781,51158600
2022-08-12,51.83544921875,69.80000305175781,69.80000305175781,68.30000305175781,68.77999877929688,35608400
2022-08-15,50.72150421142578,68.30000305175781,68.55000305175781,67.04000091552734,68.0,26735800
2022-08-16,51.850303649902344,69.81999969482422,70.3499984741211,69.11000061035156,69.5,22070200
2022-08-17,50.669525146484375,68.2300033569336,68.80000305175781,67.88999938964844,68.31999969482422,29131700
2022-08-18,50.29078674316406,67.72000122070312,68.61000061035156,67.70999908447266,68.30000305175781,27692000
2022-08-19,49.72638702392578,66.95999908447266,67.44000244140625,66.4800033569336,67.0,45903800
2022-08-22,48.99861526489258,65.9800033569336,66.91000366210938,65.83000183105469,66.80000305175781,19335700
2022-08-23,52.13992691040039,70.20999908447266,70.30000305175781,66.6500015258789,66.77999877929688,37223500
2022-08-24,50.46158218383789,67.94999694824219,70.25,67.80999755859375,69.77999877929688,28773800
2022-08-25,51.441856384277344,69.2699966430664,69.43000030517578,68.25,68.9000015258789,24956700
2022-08-26,50.669525146484375,68.2300033569336,71.19999694824219,68.2300033569336,69.6500015258789,28510100
2022-08-29,49.68925476074219,66.91000366210938,67.9000015258789,66.8499984741211,67.5,22128100
2022-08-30,48.24855422973633,64.97000122070312,66.58000183105469,64.4000015258789,65.94000244140625,34469300
2022-08-31,47.89951705932617,64.5,65.68000030517578,64.5,65.41999816894531,33242900
2022-09-01,47.44651794433594,63.88999938964844,63.97999954223633,61.900001525878906,63.97999954223633,40922200
2022-09-02,46.72616195678711,62.91999816894531,64.81999969482422,62.91999816894531,64.48999786376953,49910300
2022-09-05,48.43421173095703,65.22000122070312,66.4800033569336,64.2300033569336,64.44999694824219,24319700
2022-09-06,47.283138275146484,63.66999816894531,65.55000305175781,63.59000015258789,64.66999816894531,24525000
2022-09-08,47.906944274902344,64.51000213623047,64.69999694824219,63.560001373291016,64.16999816894531,24144700
2022-09-09,51.64979553222656,69.55000305175781,69.63999938964844,66.23999786376953,66.55000305175781,49273400
2022-09-12,52.10279846191406,70.16000366210938,70.5999984741211,69.26000213623047,70.08999633789062,24797600
2022-09-13,50.68437957763672,68.25,71.0,68.08999633789062,69.31999969482422,29457800
2022-09-14,49.7560920715332,67.0,68.9800033569336,66.47000122070312,67.75,31018300
2022-09-15,50.75864028930664,68.3499984741211,68.62999725341797,67.18000030517578,67.80000305175781,36958800
2022-09-16,50.68437957763672,68.25,68.8499984741211,66.58999633789062,67.27999877929688,65178000
2022-09-19,52.32558822631836,70.45999908447266,70.55999755859375,67.33000183105469,67.43000030517578,34136800
2022-09-20,51.575531005859375,69.44999694824219,70.0999984741211,68.4000015258789,69.80000305175781,35289700
2022-09-21,50.83290100097656,68.44999694824219,69.98999786376953,68.41000366210938,69.44999694824219,44482000
2022-09-22,51.99882507324219,70.0199966430664,70.69999694824219,69.27999877929688,70.16999816894531,34529500
2022-09-23,50.922019958496094,68.56999969482422,69.05000305175781,67.83000183105469,68.70999908447266,44160700
2022-09-26,51.03341293334961,68.72000122070312,69.41999816894531,67.63999938964844,67.69999694824219,18503200
2022-09-27,50.27592849731445,67.69999694824219,68.2300033569336,67.19000244140625,67.63999938964844,31646600
2022-09-28,50.75120544433594,68.33999633789062,68.83999633789062,67.44000244140625,67.70999908447266,24371000
2022-09-29,50.818050384521484,68.43000030517578,68.77999877929688,67.3499984741211,67.93000030517578,34889700
2022-09-30,53.49894332885742,72.04000091552734,72.9000015258789,68.26000213623047,68.48999786376953,55575000
2022-10-03,54.954490661621094,74.0,74.16999816894531,71.12999725341797,73.23999786376953,42688100
2022-10-04,56.28379821777344,75.79000091552734,76.25,74.05999755859375,74.19999694824219,41717500
2022-10-05,57.15266036987305,76.95999908447266,77.86000061035156,76.12000274658203,76.29000091552734,42621400
2022-10-06,55.867919921875,75.2300033569336,77.56999969482422,74.91999816894531,77.19999694824219,76852200
2022-10-07,56.07585144042969,75.51000213623047,79.44000244140625,75.16000366210938,75.36000061035156,83593200
2022-10-10,54.947059631347656,73.98999786376953,77.0199966430664,73.4800033569336,76.41000366210938,45515900
2022-10-11,54.575748443603516,73.48999786376953,74.18000030517578,72.02999877929688,73.19999694824219,33885800
2022-10-13,53.602901458740234,72.18000030517578,72.80000305175781,71.05000305175781,72.25,32960000
2022-10-14,51.85771942138672,69.83000183105469,73.36000061035156,69.5999984741211,72.61000061035156,34091700
2022-10-17,52.67462158203125,70.93000030517578,71.23999786376953,69.26000213623047,70.20999908447266,25840500
2022-10-18,53.43952941894531,71.95999908447266,72.83000183105469,70.73999786376953,72.30000305175781,27494000
2022-10-19,52.80829620361328,71.11000061035156,72.12999725341797,70.58000183105469,71.62999725341797,22651000
2022-10-20,53.48408508300781,72.0199966430664,73.19000244140625,70.31999969482422,70.9800033569336,37240700
2022-10-21,55.051025390625,74.12999725341797,74.68000030517578,71.44000244140625,71.80000305175781,36846800
2022-10-24,53.4172477722168,71.93000030517578,73.94999694824219,71.18000030517578,73.2699966430664,32035800
2022-10-25,53.4172477722168,71.93000030517578,73.2699966430664,70.91999816894531,71.61000061035156,28158100
2022-10-26,54.60546112060547,73.52999877929688,74.8499984741211,71.12000274658203,71.27999877929688,40845700
2022-10-27,52.65977478027344,70.91000366210938,72.12000274658203,69.43000030517578,72.0,52613000
2022-10-28,50.09027862548828,67.44999694824219,69.05000305175781,66.6500015258789,68.58999633789062,52793500
2022-10-31,49.852630615234375,67.12999725341797,69.4000015258789,65.5199966430664,66.0,39184100
2022-11-01,51.367591857910156,69.16999816894531,70.80000305175781,68.94999694824219,69.44999694824219,42670000
2022-11-03,49.86748504638672,67.1500015258789,67.94000244140625,66.58000183105469,67.63999938964844,34390300
2022-11-04,53.654884338378906,72.25,73.38999938964844,70.80000305175781,71.1500015258789,61191100
2022-11-07,53.3726921081543,71.87000274658203,73.02999877929688,71.44000244140625,72.0,29445500
2022-11-08,54.99161911010742,74.05000305175781,74.93000030517578,71.6500015258789,71.6500015258789,39756500
2022-11-09,54.3232536315918,73.1500015258789,74.77999877929688,72.5199966430664,74.0999984741211,42208500
2022-11-10,55.36293411254883,74.55000305175781,75.47000122070312,71.37999725341797,71.5,47658100
2022-11-11,61.11830520629883,82.30000305175781,82.98999786376953,77.20999908447266,77.98999786376953,80174100
2022-11-14,61.86835479736328,83.30999755859375,84.44000244140625,81.37999725341797,82.38999938964844,43822500
2022-11-16,61.22227096557617,82.44000244140625,84.7699966430664,81.54000091552734,83.31999969482422,32935300
2022-11-17,61.712398529052734,83.0999984741211,83.29000091552734,80.73999786376953,80.87000274658203,31790500
2022-11-18,60.026634216308594,80.83000183105469,84.48999786376953,80.69999694824219,84.3499984741211,44324400
2022-11-21,59.3508415222168,79.91999816894531,80.19000244140625,78.27999877929688,79.0999984741211,27745900
2022-11-22,59.514225006103516,80.13999938964844,81.45999908447266,79.38999938964844,79.94999694824219,27105100
2022-11-23,60.10089874267578,80.93000030517578,81.36000061035156,79.94000244140625,80.93000030517578,22415800
2022-11-24,60.48706817626953,81.44999694824219,82.38999938964844,80.61000061035156,81.51000213623047,12420900
2022-11-25,60.0786247253418,80.9000015258789,82.87999725341797,80.68000030517578,82.0,20477000
2022-11-28,60.375667572021484,81.30000305175781,82.33999633789062,79.5199966430664,80.5999984741211,16166300
2022-11-29,62.70752716064453,84.44000244140625,85.68000030517578,82.62000274658203,82.8499984741211,42574300
2022-11-30,63.65066146850586,85.70999908447266,86.62000274658203,84.76000213623047,85.0,59932800
2022-12-01,63.99970245361328,86.18000030517578,86.75,84.7300033569336,86.41999816894531,34319300
2022-12-02,64.46012115478516,86.80000305175781,87.73999786376953,84.97000122070312,86.76000213623047,30213600
2022-12-05,64.3932876586914,86.70999908447266,88.98999786376953,86.68000030517578,87.9000015258789,21896500
2022-12-06,65.3290023803711,87.97000122070312,88.93000030517578,86.87999725341797,86.98999786376953,21335700
2022-12-07,63.004573822021484,84.83999633789062,86.41999816894531,83.86000061035156,85.91000366210938,45441000
2022-12-08,63.776893615722656,85.87999725341797,87.25,85.3499984741211,85.5,29827900
2022-12-09,65.90083312988281,88.73999786376953,89.54000091552734,87.52999877929688,88.05999755859375,37713000
2022-12-12,63.932865142822266,86.08999633789062,88.30000305175781,85.37999725341797,88.1500015258789,34995000
2022-12-13,64.20262145996094,86.16000366210938,87.4000015258789,85.62999725341797,86.25,31559400
2022-12-14,64.74658966064453,86.88999938964844,87.33000183105469,85.5,85.75,34564000
2022-12-15,64.95521545410156,87.16999816894531,88.16999816894531,86.88999938964844,87.38999938964844,24782100
2022-12-16,63.84493637084961,85.68000030517578,87.31999969482422,84.51000213623047,87.0,37762100
2022-12-19,63.61394119262695,85.37000274658203,85.58000183105469,84.23999786376953,85.0,27508500
2022-12-20,63.897098541259766,85.75,87.25,85.30999755859375,85.37000274658203,22657300
2022-12-21,64.26222229003906,86.23999786376953,87.4000015258789,85.81999969482422,86.9000015258789,39183700
2022-12-22,63.897098541259766,85.75,86.6500015258789,84.69000244140625,86.27999877929688,19429200
2022-12-23,64.32183837890625,86.31999969482422,86.5199966430664,85.08000183105469,85.27999877929688,18656500
2022-12-26,64.91051483154297,87.11000061035156,87.54000091552734,86.33000183105469,86.41999816894531,18407500
2022-12-27,66.46044158935547,89.19000244140625,89.6500015258789,87.47000122070312,88.0,26720300
2022-12-28,66.31140899658203,88.98999786376953,90.20999908447266,88.69999694824219,89.19000244140625,23314500
2022-12-29,66.22944641113281,88.87999725341797,89.94999694824219,88.83000183105469,89.0,40110800
2023-01-02,66.61692810058594,89.4000015258789,89.9000015258789,88.52999877929688,88.68000030517578,12783800
2023-01-03,66.4977035522461,89.23999786376953,90.08999633789062,88.88999938964844,89.4000015258789,25332600
2023-01-04,66.61692810058594,89.4000015258789,89.6500015258789,87.94999694824219,89.30000305175781,26395300
2023-01-05,67.73465728759766,90.9000015258789,91.68000030517578,89.0,89.45999908447266,29085600
2023-01-06,68.80767822265625,92.33999633789062,92.73999786376953,91.0,91.0,31420600
2023-01-09,68.88219451904297,92.44000244140625,92.98999786376953,91.25,91.52999877929688,19285800
2023-01-10,69.73168182373047,93.58000183105469,93.9000015258789,92.33999633789062,92.48999786376953,19821100
2023-01-11,69.48577117919922,93.25,94.4800033569336,92.26000213623047,93.98999786376953,23834100
2023-01-12,69.85089111328125,93.73999786376953,94.30000305175781,92.94000244140625,93.4800033569336,18058600
2023-01-13,69.91050720214844,93.81999969482422,94.27999877929688,93.36000061035156,93.69000244140625,16905800
2023-01-16,68.74060821533203,92.25,92.38999938964844,90.83000183105469,92.0,19563900
2023-01-17,68.65119934082031,92.12999725341797,93.2300033569336,91.83000183105469,92.51000213623047,18719500
2023-01-18,69.5528335571289,93.33999633789062,94.2300033569336,92.91000366210938,93.05999755859375,16737300
2023-01-19,69.85089111328125,93.73999786376953,94.37000274658203,93.31999969482422,93.80000305175781,21712500
2023-01-20,70.03718566894531,93.98999786376953,94.56999969482422,93.5,93.9000015258789,27103900
2023-01-23,70.26818084716797,94.30000305175781,94.69999694824219,93.69999694824219,94.3499984741211,13534300
2023-01-24,71.01333618164062,95.30000305175781,95.30000305175781,93.19999694824219,94.30999755859375,17439800
2023-01-25,71.68396759033203,96.19999694824219,96.4000015258789,94.7699966430664,95.19999694824219,18282900
2023-01-26,73.02525329589844,98.0,98.0,96.38999938964844,96.5,26876000
2023-01-27,71.02824401855469,95.31999969482422,98.29000091552734,94.83000183105469,97.8499984741211,34682400
2023-01-30,70.7748794555664,94.9800033569336,96.30000305175781,94.19000244140625,95.9000015258789,23820000
2023-01-31,70.42466735839844,94.51000213623047,94.87999725341797,93.8499984741211,94.30999755859375,20658600
2023-02-01,69.64225769042969,93.45999908447266,95.19999694824219,91.58999633789062,95.19999694824219,28818100
2023-02-02,66.42318725585938,89.13999938964844,91.95999908447266,88.86000061035156,91.69000244140625,37844400
2023-02-03,66.2815933227539,88.94999694824219,90.7699966430664,88.69000244140625,89.76000213623047,22545600
2023-02-06,65.4544677734375,87.83999633789062,88.25,86.66000366210938,88.19999694824219,17888700
2023-02-07,65.88665771484375,88.41999816894531,88.68000030517578,86.98999786376953,87.58999633789062,16259700
2023-02-08,66.11022186279297,88.72000122070312,89.37000274658203,87.5999984741211,89.0999984741211,14411000
2023-02-09,65.86431884765625,88.38999938964844,89.55000305175781,87.47000122070312,88.72000122070312,19782200
2023-02-10,64.67951965332031,86.80000305175781,88.94999694824219,86.36000061035156,88.18000030517578,18099100
2023-02-13,64.61244201660156,86.70999908447266,87.11000061035156,85.30000305175781,85.91999816894531,13798500
2023-02-14,64.90306091308594,87.0999984741211,87.72000122070312,86.52999877929688,87.0,20072400
2023-02-15,66.31886291503906,89.0,89.23999786376953,86.55999755859375,87.0999984741211,28465800
2023-02-16,66.46044158935547,89.19000244140625,90.26000213623047,88.9000015258789,89.29000091552734,28740800
2023-02-17,65.59605407714844,88.02999877929688,89.75,87.54000091552734,89.5999984741211,26381400
2023-02-22,65.0968017578125,87.36000061035156,88.44999694824219,86.56999969482422,87.05000305175781,16864400
2023-02-23,64.79129028320312,86.94999694824219,88.06999969482422,85.55000305175781,87.0,21485100
2023-02-24,63.368045806884766,85.04000091552734,86.4800033569336,84.6500015258789,86.05000305175781,17183900
2023-02-27,63.368045806884766,85.04000091552734,85.37999725341797,83.6500015258789,84.55999755859375,14422200
2023-02-28,63.576683044433594,85.31999969482422,86.5,84.33999633789062,85.05999755859375,21127300
2023-03-01,66.4678955078125,89.19999694824219,89.8499984741211,87.5,87.7699966430664,30916600
2023-03-02,66.31886291503906,89.0,90.13999938964844,88.41999816894531,89.19999694824219,21740900
2023-03-03,66.54241180419922,89.30000305175781,90.30000305175781,88.80999755859375,90.0999984741211,19783400
2023-03-06,64.19517517089844,86.1500015258789,87.9000015258789,86.12000274658203,87.43000030517578,27298600
2023-03-07,63.58414077758789,85.33000183105469,87.4000015258789,84.80000305175781,86.8499984741211,20898200
2023-03-08,64.16535949707031,86.11000061035156,86.41000366210938,85.4000015258789,85.5999984741211,22274800
2023-03-09,63.32332992553711,84.9800033569336,86.48999786376953,84.81999969482422,85.12999725341797,24439300
2023-03-10,63.114688873291016,84.69999694824219,86.18000030517578,84.2699966430664,84.5999984741211,21820200
2023-03-13,63.3754997253418,85.05000305175781,86.0,84.05000305175781,84.37000274658203,23460200
2023-03-14,63.95245361328125,83.9800033569336,84.3499984741211,82.9000015258789,83.12000274658203,18077900
2023-03-15,62.02581024169922,81.44999694824219,83.08999633789062,80.0999984741211,82.0,34103400
2023-03-16,62.254268646240234,81.75,82.1500015258789,80.70999908447266,81.22000122070312,20573400
2023-03-17,63.00055694580078,82.7300033569336,83.5,82.62999725341797,82.91000366210938,39906400
2023-03-20,63.518394470214844,83.41000366210938,83.98999786376953,81.80999755859375,82.72000122070312,19650900
2023-03-21,62.985321044921875,82.70999908447266,83.44000244140625,81.54000091552734,83.22000122070312,15692200
2023-03-22,62.200958251953125,81.68000030517578,82.75,81.61000061035156,82.0,18085500
2023-03-23,60.60176467895508,79.58000183105469,82.18000030517578,78.80999755859375,81.5199966430664,26000100
2023-03-24,59.908790588378906,78.66999816894531,79.86000061035156,78.08999633789062,79.69000244140625,27801900
2023-03-27,59.80978012084961,78.54000091552734,80.08000183105469,78.02999877929688,79.51000213623047,14202900
2023-03-28,60.44186019897461,79.37000274658203,79.9000015258789,78.58999633789062,78.72000122070312,13866800
2023-03-29,61.30998229980469,80.51000213623047,80.83999633789062,79.83999633789062,79.98999786376953,17345200
2023-03-30,62.307579040527344,81.81999969482422,81.94999694824219,81.1500015258789,81.69999694824219,14249000
2023-03-31,61.14244842529297,80.29000091552734,82.16999816894531,79.91000366210938,81.5999984741211,22468400
2023-04-03,61.157676696777344,80.30999755859375,80.38999938964844,79.41000366210938,79.80000305175781,13510200
2023-04-04,59.42903137207031,78.04000091552734,80.18000030517578,77.75,79.95999908447266,20485600
2023-04-05,58.553279876708984,76.88999938964844,77.76000213623047,75.9000015258789,77.75,25382600
2023-04-06,58.4466667175293,76.75,77.5,76.27999877929688,76.66999816894531,13976800
2023-04-10,59.57372283935547,78.2300033569336,78.26000213623047,76.69999694824219,76.75,13849000
2023-04-11,62.71879577636719,82.36000061035156,82.94999694824219,80.05999755859375,80.5,34226000
2023-04-12,61.378517150878906,80.5999984741211,82.80000305175781,80.29000091552734,82.75,32702000
2023-04-13,60.548465728759766,79.51000213623047,80.7300033569336,78.97000122070312,80.0,21361900
2023-04-14,60.01539993286133,78.80999755859375,79.80000305175781,78.0,79.0999984741211,22693200
2023-04-17,59.2995719909668,77.87000274658203,80.44000244140625,77.44999694824219,79.4800033569336,21479200
2023-04-18,59.80978012084961,78.54000091552734,78.93000030517578,77.66000366210938,78.79000091552734,15193400
2023-04-19,58.0659065246582,76.25,77.62000274658203,75.0199966430664,77.30000305175781,31128000
2023-04-20,56.85509490966797,74.66000366210938,76.45999908447266,74.52999877929688,75.9000015258789,31112800
2023-04-24,54.798988342285156,71.95999908447266,72.54000091552734,71.58999633789062,72.19999694824219,29754000
2023-04-25,53.306396484375,70.0,71.19999694824219,69.70999908447266,71.19999694824219,31799200
2023-04-26,53.51201248168945,70.2699966430664,71.43000030517578,70.2699966430664,71.0,25907200
2023-04-27,54.64668655395508,71.76000213623047,71.77999877929688,69.18000030517578,69.69999694824219,31717800
2023-04-28,55.13405990600586,72.4000015258789,72.41999816894531,71.05999755859375,71.62999725341797,33277500
2023-05-02,52.95610809326172,69.54000091552734,71.5999984741211,69.31999969482422,71.30000305175781,37367900
2023-05-03,52.54488754272461,69.0,70.08000183105469,68.86000061035156,69.94000244140625,19958300
2023-05-04,50.91523361206055,66.86000061035156,69.33000183105469,66.70999908447266,69.05000305175781,35996200
2023-05-05,52.57535171508789,69.04000091552734,69.25,67.2300033569336,67.69000244140625,27107300
2023-05-08,53.28356170654297,69.97000122070312,71.16000366210938,69.8499984741211,70.69999694824219,24917600
2023-05-09,53.83185577392578,70.69000244140625,70.70999908447266,68.68000030517578,69.5,18717400
2023-05-10,52.81903076171875,69.36000061035156,71.05999755859375,68.69000244140625,70.88999938964844,24792600
2023-05-11,51.790985107421875,68.01000213623047,68.29000091552734,67.36000061035156,68.0,27709000
2023-05-12,51.84428787231445,68.08000183105469,68.56999969482422,67.41000366210938,67.9000015258789,17578100
2023-05-15,52.590579986572266,69.05999755859375,70.12999725341797,68.91999816894531,69.30000305175781,21020000
2023-05-16,51.50921630859375,67.63999938964844,69.19999694824219,67.5999984741211,69.0,23990300
2023-05-17,53.21501541137695,69.87999725341797,70.23999786376953,68.80999755859375,69.12000274658203,30913100
2023-05-18,53.29118347167969,69.9800033569336,70.31999969482422,69.12000274658203,69.87999725341797,23710600
2023-05-19,52.70480728149414,69.20999908447266,70.61000061035156,69.12999725341797,70.5,33892200
2023-05-22,51.85951614379883,68.0999984741211,68.9000015258789,67.7699966430664,68.4000015258789,18936200
2023-05-23,50.68677520751953,66.55999755859375,67.69000244140625,66.51000213623047,67.5,39413300
2023-05-24,49.53688049316406,65.05000305175781,65.77999877929688,64.81999969482422,65.77999877929688,33304700
2023-05-25,49.38457489013672,64.8499984741211,65.80000305175781,64.77999877929688,65.80000305175781,36934900
2023-05-26,50.511627197265625,66.33000183105469,67.04000091552734,65.91000366210938,66.75,38181700
2023-05-29,50.13086700439453,65.83000183105469,67.69999694824219,65.73999786376953,67.33999633789062,17320700
2023-05-30,48.95051574707031,64.27999877929688,66.31999969482422,63.869998931884766,66.31999969482422,39920700
2023-05-31,48.59260177612305,63.810001373291016,64.87000274658203,63.5099983215332,64.27999877929688,103408900
2023-06-01,49.62065124511719,65.16000366210938,65.7699966430664,64.1500015258789,64.94000244140625,51982400
2023-06-02,51.737674713134766,67.94000244140625,68.19999694824219,67.37000274658203,68.0,39185700
2023-06-05,51.31121826171875,67.37999725341797,68.4800033569336,66.62999725341797,68.47000122070312,21478500
2023-06-06,51.478759765625,67.5999984741211,68.38999938964844,67.4000015258789,67.80000305175781,31884200
2023-06-07,52.2935791015625,68.66999816894531,68.68000030517578,67.4000015258789,67.5999984741211,27377500
2023-06-09,52.05751037597656,68.36000061035156,69.80000305175781,68.25,69.66999816894531,30056800
2023-06-12,51.11323165893555,67.12000274658203,67.80000305175781,66.69999694824219,67.80000305175781,26651200
2023-06-13,51.65391159057617,67.83000183105469,68.56999969482422,67.61000061035156,68.30000305175781,34288100
2023-06-14,52.56011199951172,69.0199966430664,69.61000061035156,68.48999786376953,68.98999786376953,53775600
2023-06-15,52.97133255004883,69.55999755859375,69.6500015258789,68.36000061035156,69.0999984741211,31874100
2023-06-16,53.05509948730469,69.66999816894531,70.19999694824219,69.20999908447266,69.4000015258789,39953600
2023-06-19,52.849491119384766,69.4000015258789,69.6500015258789,68.68000030517578,69.6500015258789,14894300
2023-06-20,51.48637771606445,67.61000061035156,69.0199966430664,67.30999755859375,69.0,35748700
2023-06-21,50.968536376953125,66.93000030517578,67.33999633789062,66.72000122070312,67.06999969482422,27336800
2023-06-22,50.69438934326172,66.56999969482422,67.86000061035156,66.30000305175781,66.66999816894531,21394900
2023-06-23,50.18417739868164,65.9000015258789,66.0999984741211,65.30000305175781,66.0,23510900
2023-06-26,50.29079055786133,66.04000091552734,66.30000305175781,65.31999969482422,65.55999755859375,15030400
2023-06-27,50.89238739013672,66.83000183105469,67.27999877929688,66.44999694824219,66.9000015258789,22737400
2023-06-28,49.285587310791016,64.72000122070312,66.81999969482422,64.72000122070312,66.77999877929688,37628600
2023-06-29,49.88718032836914,65.51000213623047,65.93000030517578,64.3499984741211,64.72000122070312,24841800
2023-06-30,48.904823303222656,64.22000122070312,66.05999755859375,64.22000122070312,65.70999908447266,42992000
2023-07-03,50.43547821044922,66.2300033569336,66.5,64.63999938964844,64.70999908447266,22738400
2023-07-04,50.18417739868164,65.9000015258789,66.45999908447266,65.80000305175781,65.83999633789062,12573200
2023-07-05,49.742488861083984,65.31999969482422,65.86000061035156,65.01000213623047,65.61000061035156,27363600
2023-07-06,49.38457489013672,64.8499984741211,65.58999633789062,64.44000244140625,64.72000122070312,18579200
2023-07-07,49.84910583496094,65.45999908447266,65.5999984741211,64.30999755859375,64.4800033569336,57287600
2023-07-10,49.087589263916016,64.45999908447266,65.19000244140625,64.33000183105469,64.5,36698500
2023-07-11,50.70201110839844,66.58000183105469,67.01000213623047,64.87999725341797,65.08000183105469,35550200
2023-07-12,51.05992126464844,67.05000305175781,68.08000183105469,67.0,68.0,22864300
2023-07-13,52.24789810180664,68.61000061035156,68.80000305175781,67.91999816894531,68.22000122070312,24187200
2023-07-14,52.24789810180664,68.61000061035156,69.29000091552734,68.26000213623047,69.19000244140625,20342500
2023-07-17,51.66913604736328,67.8499984741211,68.33000183105469,67.02999877929688,68.33000183105469,15322300
2023-07-18,51.341678619384766,67.41999816894531,68.2699966430664,67.27999877929688,67.7300033569336,16950600
2023-07-19,51.20460510253906,67.23999786376953,67.97000122070312,66.95999908447266,67.48999786376953,14512600
2023-07-20,51.318843841552734,67.38999938964844,68.48999786376953,67.3499984741211,68.1500015258789,20992700
2023-07-21,51.63106155395508,67.80000305175781,68.16999816894531,66.9800033569336,67.44000244140625,24852700
2023-07-24,53.19218063354492,69.8499984741211,70.31999969482422,67.51000213623047,67.69999694824219,30616400
2023-07-25,54.83706283569336,72.01000213623047,72.66000366210938,71.62000274658203,71.69999694824219,31556700
2023-07-26,54.64668655395508,71.76000213623047,72.25,70.75,71.75,19066400
2023-07-27,53.626243591308594,70.41999816894531,71.23999786376953,70.08999633789062,71.19999694824219,28254500
2023-07-28,51.50160217285156,67.62999725341797,70.0199966430664,67.62999725341797,70.0199966430664,45938800
2023-07-31,52.66673278808594,69.16000366210938,69.68000030517578,67.83999633789062,68.0,26065700
2023-08-01,51.935665130615234,68.19999694824219,68.80999755859375,67.9000015258789,68.7699966430664,30015700
2023-08-02,51.09038162231445,67.08999633789062,67.76000213623047,66.9000015258789,67.73999786376953,29547300
2023-08-03,51.41022491455078,67.51000213623047,67.88999938964844,66.48999786376953,66.8499984741211,35512300
2023-08-04,51.44829559326172,67.55999755859375,68.33000183105469,67.16000366210938,67.19999694824219,22954300
2023-08-07,51.707218170166016,67.9000015258789,68.16999816894531,66.87999725341797,67.6500015258789,23057700
2023-08-08,51.37214279174805,67.45999908447266,68.1500015258789,66.08999633789062,66.98999786376953,43405600
2023-08-09,50.90761184692383,66.8499984741211,67.91000366210938,66.62999725341797,67.45999908447266,21859000
2023-08-10,50.30601501464844,66.05999755859375,67.18000030517578,65.94000244140625,66.80999755859375,28372300
2023-08-11,49.88718032836914,65.51000213623047,66.37999725341797,65.2300033569336,66.19000244140625,42335100
2023-08-14,48.560184478759766,61.900001525878906,63.040000915527344,61.900001525878906,62.97999954223633,41056900
2023-08-15,48.08164978027344,61.290000915527344,61.959999084472656,61.13999938964844,61.95000076293945,28611000
2023-08-16,47.893367767333984,61.04999923706055,61.93000030517578,61.0,61.38999938964844,30508600
2023-08-17,48.56803512573242,61.90999984741211,62.810001373291016,61.720001220703125,62.59000015258789,39481200
2023-08-18,48.0267333984375,61.220001220703125,62.08000183105469,61.02000045776367,61.20000076293945,34201900
2023-08-21,48.0894889831543,61.29999923706055,61.7400016784668,61.02000045776367,61.4900016784668,17695300
2023-08-22,49.09364318847656,62.58000183105469,62.86000061035156,62.029998779296875,62.040000915527344,30995800
2023-08-23,49.45450973510742,63.040000915527344,63.66999816894531,63.040000915527344,63.25,19128500
2023-08-24,48.795536041259766,62.20000076293945,62.689998626708984,61.83000183105469,62.689998626708984,17821500
2023-08-25,48.693546295166016,62.06999969482422,62.779998779296875,61.900001525878906,62.66999816894531,11395300
2023-08-28,49.391754150390625,62.959999084472656,63.27000045776367,62.27000045776367,62.43000030517578,14173600
2023-08-29,50.96858596801758,64.97000122070312,65.02999877929688,63.22999954223633,63.380001068115234,28625700
2023-08-30,50.97643280029297,64.9800033569336,65.87000274658203,64.7300033569336,65.20999908447266,21812600
2023-08-31,51.05488586425781,65.08000183105469,66.16999816894531,65.08000183105469,65.56999969482422,31011100
2023-09-01,54.043800354003906,68.88999938964844,69.0,66.62999725341797,66.69000244140625,57288600
2023-09-04,54.44389724731445,69.4000015258789,70.05000305175781,68.87999725341797,69.27999877929688,22397800
2023-09-05,54.20854568481445,69.0999984741211,69.51000213623047,68.58000183105469,68.98999786376953,19253500
2023-09-06,53.3377571105957,67.98999786376953,69.58999633789062,67.87999725341797,69.1500015258789,28466500
2023-09-08,52.33360290527344,66.70999908447266,66.83999633789062,66.23999786376953,66.69999694824219,19989200
2023-09-11,53.08671188354492,67.66999816894531,68.18000030517578,67.54000091552734,68.0999984741211,19493800
2023-09-12,53.0474967956543,67.62000274658203,68.26000213623047,67.44000244140625,68.0,14201300
2023-09-13,52.84352493286133,67.36000061035156,67.77999877929688,67.1500015258789,67.66999816894531,15448400
2023-09-14,55.008731842041016,70.12000274658203,70.68000030517578,69.05000305175781,69.30000305175781,62390300
2023-09-15,54.55373001098633,69.54000091552734,71.2300033569336,69.54000091552734,71.0,37901700
2023-09-18,53.910438537597656,68.72000122070312,70.05000305175781,68.55000305175781,69.54000091552734,21849000
2023-09-19,54.012420654296875,68.8499984741211,69.25,68.20999908447266,68.66999816894531,43870300
2023-09-20,54.3732795715332,69.30999755859375,69.7699966430664,69.04000091552734,69.27999877929688,14372200
2023-09-21,52.95335006713867,67.5,68.45999908447266,67.5,68.30000305175781,21686000
2023-09-22,53.345603942871094,68.0,68.87000274658203,67.93000030517578,68.38999938964844,17063700
2023-09-25,52.24730682373047,66.5999984741211,67.02999877929688,65.7699966430664,67.01000213623047,34715000
2023-09-26,51.431434631347656,65.55999755859375,66.26000213623047,65.37000274658203,65.69999694824219,24178800
2023-09-27,51.541263580322266,65.69999694824219,66.19000244140625,65.30999755859375,66.0999984741211,17109300
2023-09-28,52.32575607299805,66.69999694824219,67.04000091552734,65.95999908447266,66.11000061035156,26072300
2023-09-29,53.016117095947266,67.58000183105469,67.6500015258789,67.04000091552734,67.30999755859375,19018000
2023-10-02,52.553260803222656,66.98999786376953,67.72000122070312,66.62000274658203,67.58000183105469,11175900
2023-10-03,52.231624603271484,66.58000183105469,66.95999908447266,66.06999969482422,66.08000183105469,15268800
2023-10-04,51.67463302612305,65.87000274658203,66.77999877929688,65.52999877929688,66.4000015258789,14377000
2023-10-05,51.69816589355469,65.9000015258789,66.44999694824219,65.66000366210938,65.87000274658203,11556300
2023-10-06,52.45127868652344,66.86000061035156,67.44999694824219,65.81999969482422,65.88999938964844,22711400
2023-10-09,52.0747184753418,66.37999725341797,66.37999725341797,65.38999938964844,65.7300033569336,14392200
2023-10-10,52.388519287109375,66.77999877929688,67.47000122070312,66.69999694824219,67.05999755859375,18261700
2023-10-11,52.84352493286133,67.36000061035156,67.43000030517578,66.69000244140625,66.80999755859375,13659400
2023-10-13,52.23945999145508,66.58999633789062,67.30000305175781,66.45999908447266,67.19999694824219,16302700
2023-10-16,52.79645538330078,67.30000305175781,67.75,67.18000030517578,67.4000015258789,13103300
2023-10-17,53.227928161621094,67.8499984741211,68.05000305175781,66.58999633789062,67.0,24031000
2023-10-18,51.274539947509766,65.36000061035156,67.30000305175781,65.33000183105469,67.23999786376953,34907300
2023-10-19,50.537113189697266,64.41999816894531,65.6500015258789,64.41999816894531,65.30000305175781,22855500
2023-10-20,49.17209243774414,62.68000030517578,63.470001220703125,62.0,63.31999969482422,58015100
2023-10-23,49.07795715332031,62.560001373291016,62.93000030517578,62.11000061035156,62.38999938964844,17595000
2023-10-24,50.19977951049805,63.9900016784668,64.2699966430664,63.56999969482422,64.0,21768800
2023-10-25,50.152713775634766,63.93000030517578,65.18000030517578,63.75,64.69999694824219,26091800
2023-10-26,51.22747039794922,65.30000305175781,65.37000274658203,63.61000061035156,63.79999923706055,30936700
2023-10-27,53.00827407836914,67.56999969482422,67.76000213623047,64.70999908447266,65.47000122070312,47989100
2023-10-30,53.48680877685547,68.18000030517578,68.88999938964844,68.04000091552734,68.4000015258789,26604100
2023-10-31,54.130096435546875,69.0,69.23999786376953,67.56999969482422,67.7699966430664,20961400
2023-11-01,55.165626525878906,70.31999969482422,70.69999694824219,69.25,69.26000213623047,31543500
2023-11-03,55.855979919433594,71.19999694824219,71.61000061035156,70.93000030517578,71.25,28599600
2023-11-06,56.091331481933594,71.5,71.80000305175781,71.19999694824219,71.19999694824219,19096300
2023-11-07,54.97734832763672,70.08000183105469,71.0999984741211,69.23999786376953,70.83000183105469,37073000
2023-11-08,55.016571044921875,70.12999725341797,70.86000061035156,69.81999969482422,70.12000274658203,21047900
2023-11-09,55.2833137512207,70.47000122070312,71.13999938964844,70.22000122070312,70.5,16542700
2023-11-10,56.13055419921875,71.55000305175781,71.7300033569336,70.9000015258789,71.4000015258789,22200500
2023-11-13,56.01288986206055,71.4000015258789,72.48999786376953,70.93000030517578,72.0,14410500
2023-11-14,57.74662399291992,73.61000061035156,74.30000305175781,71.9000015258789,72.0199966430664,52233600
2023-11-16,58.13101577758789,74.0999984741211,74.33999633789062,73.01000213623047,73.0999984741211,31235400
2023-11-17,58.2408447265625,74.23999786376953,74.6500015258789,74.0999984741211,74.2300033569336,24538600
2023-11-20,59.66862106323242,76.05999755859375,76.6500015258789,75.43000030517578,75.80000305175781,28810100
2023-11-21,61.112091064453125,77.9000015258789,78.55000305175781,76.8499984741211,77.29000091552734,45317800
2023-11-22,60.53117752075195,74.8499984741211,76.06999969482422,74.20999908447266,75.8499984741211,33715300
2023-11-23,60.15108108520508,74.37999725341797,74.62000274658203,74.08000183105469,74.37000274658203,10279200
2023-11-24,59.64160919189453,73.75,74.5,73.4000015258789,74.5,16667000
2023-11-27,59.2857780456543,73.30999755859375,73.86000061035156,72.9000015258789,73.44000244140625,17312300
2023-11-28,59.415164947509766,73.47000122070312,73.7699966430664,72.16000366210938,72.27999877929688,22019000
2023-11-29,59.398990631103516,73.44999694824219,74.0,72.70999908447266,73.80000305175781,15853100
2023-11-30,59.72247314453125,73.8499984741211,74.44000244140625,73.72000122070312,74.01000213623047,29712900
2023-12-01,60.83039474487305,75.22000122070312,75.4800033569336,74.41999816894531,74.7300033569336,25025200
2023-12-04,59.463687896728516,73.52999877929688,74.5,73.04000091552734,74.23999786376953,22402300
2023-12-05,58.91377258300781,72.8499984741211,73.37000274658203,72.52999877929688,73.2300033569336,25179500
2023-12-06,58.525611877441406,72.37000274658203,73.91999816894531,72.12000274658203,73.5,20503900
2023-12-07,58.711605072021484,72.5999984741211,73.08000183105469,72.41999816894531,72.69000244140625,17535800
2023-12-08,58.873348236083984,72.80000305175781,73.26000213623047,72.33000183105469,73.0999984741211,16083200
2023-12-11,58.92186737060547,72.86000061035156,73.23999786376953,71.76000213623047,72.08000183105469,15443400
2023-12-12,59.02699661254883,72.98999786376953,73.8499984741211,72.5999984741211,73.5999984741211,11036300
2023-12-13,59.03507995605469,73.0,73.31999969482422,72.30999755859375,72.5,25288200
2023-12-14,59.35856628417969,73.4000015258789,74.26000213623047,73.36000061035156,74.0,29454300
2023-12-15,59.73057174682617,73.86000061035156,74.30000305175781,73.51000213623047,74.05999755859375,23279500
2023-12-18,60.01360321044922,74.20999908447266,74.93000030517578,73.70999908447266,74.05999755859375,16333400
2023-12-19,60.43413162231445,74.7300033569336,75.08999633789062,74.37000274658203,74.69999694824219,21763700
2023-12-20,60.240047454833984,74.48999786376953,75.41000366210938,74.48999786376953,74.7300033569336,14147900
2023-12-21,62.24561309814453,76.97000122070312,77.05000305175781,75.31999969482422,75.44999694824219,24202600
2023-12-22,61.77656936645508,76.38999938964844,78.19999694824219,76.29000091552734,77.12999725341797,26277000
2023-12-26,61.99492645263672,76.66000366210938,77.44999694824219,76.66000366210938,77.16000366210938,12149500
2023-12-27,62.59336471557617,77.4000015258789,77.55000305175781,76.8499984741211,76.8499984741211,13821200
2023-12-28,62.43161392211914,77.19999694824219,77.45999908447266,76.75,77.0,16545800
2024-01-02,62.31031036376953,77.05000305175781,78.18000030517578,76.58999633789062,77.5999984741211,18021800
2024-01-03,61.98683547973633,76.6500015258789,76.9000015258789,75.8499984741211,76.70999908447266,25315100
2024-01-04,61.15386962890625,75.62000274658203,76.63999938964844,75.36000061035156,76.43000030517578,18707000
2024-01-05,60.36943817138672,74.6500015258789,75.05000305175781,74.12000274658203,75.02999877929688,21082500
2024-01-08,60.06211853027344,74.2699966430664,74.55999755859375,73.51000213623047,73.94000244140625,23013300
2024-01-09,59.30195617675781,73.33000183105469,74.16000366210938,73.1500015258789,74.0999984741211,15257400
2024-01-10,58.412391662597656,72.2300033569336,72.79000091552734,71.94999694824219,72.79000091552734,21354600
2024-01-11,58.71968460083008,72.61000061035156,72.91000366210938,71.8499984741211,72.44999694824219,20289100
2024-01-12,57.975677490234375,71.69000244140625,72.69999694824219,71.63999938964844,72.19999694824219,16343400
2024-01-15,57.86246871948242,71.55000305175781,71.69999694824219,70.69999694824219,71.22000122070312,12745700
2024-01-16,57.11037826538086,70.62000274658203,71.79000091552734,70.26000213623047,71.5999984741211,22620300
2024-01-17,56.08332824707031,69.3499984741211,70.45999908447266,69.0,70.2699966430664,43086400
2024-01-18,55.80027770996094,69.0,70.4000015258789,69.0,70.19999694824219,30490600
2024-01-19,55.072452545166016,68.0999984741211,69.51000213623047,68.05000305175781,69.5,60583000
2024-01-22,54.8298454284668,67.80000305175781,67.9800033569336,67.11000061035156,67.5,23318900
2024-01-23,55.96202087402344,69.19999694824219,69.7699966430664,68.44999694824219,68.94999694824219,33886800
2024-01-24,56.52811813354492,69.9000015258789,70.83000183105469,69.75,70.30000305175781,36922100
2024-01-25,55.137149810791016,68.18000030517578,70.41000366210938,67.36000061035156,70.0,47637000
2024-01-26,56.20463562011719,69.5,69.80999755859375,67.5,67.9000015258789,27397200
2024-01-29,55.93775939941406,69.16999816894531,69.48999786376953,68.2300033569336,69.48999786376953,15866100
2024-01-30,55.62236404418945,68.77999877929688,69.5999984741211,67.88999938964844,69.4000015258789,34371300
2024-01-31,54.7974967956543,67.76000213623047,68.58000183105469,67.76000213623047,68.0999984741211,34753400
2024-02-01,54.54679870605469,67.44999694824219,68.2699966430664,67.1500015258789,67.87000274658203,21060300
2024-02-02,53.438880920410156,66.08000183105469,67.2699966430664,65.91000366210938,67.26000213623047,32589900
2024-02-05,52.97792434692383,65.51000213623047,66.19999694824219,65.3499984741211,65.9000015258789,24103300
2024-02-06,53.916011810302734,66.66999816894531,66.91000366210938,65.77999877929688,66.06999969482422,27505600
2024-02-07,54.021141052246094,66.80000305175781,67.05999755859375,66.5,66.81999969482422,19863400
2024-02-08,53.54400634765625,66.20999908447266,67.48999786376953,65.97000122070312,67.48999786376953,25812100
2024-02-09,53.30948257446289,65.91999816894531,66.58999633789062,65.37999725341797,66.0999984741211,18534800
2024-02-14,53.14775466918945,65.72000122070312,66.13999938964844,65.51000213623047,65.98999786376953,12497900
2024-02-15,52.97792434692383,65.51000213623047,65.87000274658203,65.04000091552734,65.5,17360200
2024-02-16,54.99158477783203,68.0,68.31999969482422,66.33999633789062,66.48999786376953,40947100
2024-02-19,54.57914733886719,67.48999786376953,67.58999633789062,66.63999938964844,67.04000091552734,12571600
2024-02-20,53.38227081298828,66.01000213623047,66.36000061035156,65.19000244140625,66.1500015258789,44417200
2024-02-21,53.786624908447266,66.51000213623047,66.62999725341797,65.5999984741211,65.62000274658203,20362800
2024-02-22,54.36079406738281,67.22000122070312,67.80000305175781,66.80000305175781,66.83999633789062,35910500
2024-02-23,54.49018478393555,67.37999725341797,69.06999969482422,67.23999786376953,68.25,42133700
2024-02-26,53.1720085144043,65.75,66.55000305175781,65.44999694824219,66.54000091552734,33864400
2024-02-27,54.57106399536133,67.4800033569336,67.66999816894531,66.36000061035156,66.5,28141800
2024-02-28,53.972618103027344,66.73999786376953,67.22000122070312,66.33000183105469,66.80000305175781,20331500
2024-02-29,54.1747932434082,66.98999786376953,67.4800033569336,66.48999786376953,66.55000305175781,20717000
2024-03-01,54.085838317871094,66.87999725341797,67.05999755859375,66.37000274658203,66.88999938964844,22423300
2024-03-04,53.964534759521484,66.7300033569336,67.19999694824219,66.38999938964844,66.94999694824219,13148000
2024-03-05,53.252872467041016,65.8499984741211,66.29000091552734,65.5999984741211,66.0,24436500
2024-03-06,53.98070526123047,66.75,67.08000183105469,66.16999816894531,66.22000122070312,33510700
2024-03-07,53.794700622558594,66.5199966430664,67.66000366210938,66.45999908447266,67.45999908447266,19036200
2024-03-08,53.38227081298828,66.01000213623047,66.9800033569336,65.9000015258789,66.19999694824219,23188200
2024-03-11,51.72443389892578,63.959999084472656,64.77999877929688,63.720001220703125,64.77999877929688,58622400
2024-03-12,51.402156829833984,60.84000015258789,62.56999969482422,60.65999984741211,62.36000061035156,44680100
2024-03-13,51.731658935546875,61.22999954223633,61.38999938964844,60.290000915527344,60.599998474121094,32769200
2024-03-14,51.07265853881836,60.45000076293945,61.13999938964844,60.16999816894531,61.099998474121094,30085800
2024-03-15,50.489688873291016,59.7599983215332,60.2400016784668,59.36000061035156,60.099998474121094,57064200
2024-03-18,51.452850341796875,60.900001525878906,61.0,60.0099983215332,60.4900016784668,21371000
2024-03-19,51.87528991699219,61.400001525878906,62.04999923706055,61.29999923706055,61.72999954223633,16888900
2024-03-20,52.22168731689453,61.810001373291016,61.81999969482422,60.91999816894531,61.40999984741211,18210000
2024-03-21,52.09495162963867,61.65999984741211,62.630001068115234,61.59000015258789,62.43000030517578,18445500
2024-03-22,51.495094299316406,60.95000076293945,61.560001373291016,60.93000030517578,61.5,11058400
2024-03-25,51.385257720947266,60.81999969482422,61.31999969482422,60.650001525878906,61.02000045776367,10478200
2024-03-26,50.73470687866211,60.04999923706055,60.52000045776367,59.59000015258789,60.310001373291016,27142700
2024-03-27,51.19938659667969,60.599998474121094,60.66999816894531,59.689998626708984,59.79999923706055,23927000
2024-03-28,51.39371109008789,60.83000183105469,61.09000015258789,60.06999969482422,60.619998931884766,18467000
2024-04-01,51.723209381103516,61.220001220703125,61.900001525878906,61.0,61.599998474121094,16740100
2024-04-02,52.33151626586914,61.939998626708984,62.470001220703125,61.29999923706055,61.369998931884766,22583000
2024-04-03,51.5795783996582,61.04999923706055,61.63999938964844,60.54999923706055,61.369998931884766,22319900
2024-04-04,51.00506591796875,60.369998931884766,61.290000915527344,60.16999816894531,60.900001525878906,22990500
2024-04-05,50.447452545166016,59.709999084472656,60.47999954223633,59.61000061035156,60.279998779296875,15379000
2024-04-08,53.201744079589844,62.970001220703125,63.130001068115234,60.79999923706055,61.099998474121094,40281300
2024-04-09,52.846893310546875,62.54999923706055,63.869998931884766,62.0099983215332,63.630001068115234,37026100
2024-04-10,52.04425811767578,61.599998474121094,62.45000076293945,61.43000030517578,62.33000183105469,21206800
2024-04-11,52.26393127441406,61.86000061035156,62.11000061035156,61.33000183105469,61.790000915527344,16338700
2024-04-12,52.06960678100586,61.630001068115234,63.380001068115234,61.40999984741211,62.79999923706055,25740900
2024-04-15,52.37376022338867,61.9900016784668,62.849998474121094,61.959999084472656,62.29999923706055,28567300
2024-04-16,51.90908432006836,61.439998626708984,61.599998474121094,60.70000076293945,61.130001068115234,29973800
2024-04-17,52.47515106201172,62.11000061035156,63.470001220703125,61.959999084472656,63.040000915527344,34220700
2024-04-18,52.669471740722656,62.34000015258789,62.720001220703125,61.90999984741211,62.689998626708984,19932500
2024-04-19,53.5312385559082,63.36000061035156,63.54999923706055,62.09000015258789,62.2400016784668,32882400
2024-04-22,53.50589370727539,63.33000183105469,63.58000183105469,62.29999923706055,63.029998779296875,27171200
2024-04-23,53.04121017456055,62.779998779296875,63.09000015258789,62.0099983215332,62.65999984741211,23160500
2024-04-24,53.70021438598633,63.560001373291016,64.08999633789062,63.150001525878906,63.560001373291016,25212800
2024-04-25,52.568084716796875,62.220001220703125,63.040000915527344,61.90999984741211,62.68000030517578,27231000
2024-04-26,52.568084716796875,62.220001220703125,62.220001220703125,62.220001220703125,62.220001220703125,0
2024-04-29,53.98747253417969,63.900001525878906,63.95000076293945,62.79999923706055,62.880001068115234,18487200
2024-04-30,53.47209930419922,63.290000915527344,63.7400016784668,62.93000030517578,63.5,15597400
2024-05-02,54.00436782836914,63.91999816894531,64.25,63.220001220703125,63.70000076293945,17852900
2024-05-03,54.06351089477539,63.9900016784668,64.41999816894531,63.349998474121094,64.16999816894531,23681200
2024-05-06,54.22404098510742,64.18000030517578,64.69999694824219,63.95000076293945,64.22000122070312,13423600
2024-05-07,54.561988830566406,64.58000183105469,65.18000030517578,64.30000305175781,64.75,21315200
2024-05-08,54.06351089477539,63.9900016784668,64.2300033569336,63.59000015258789,63.650001525878906,18245800
2024-05-09,54.50284957885742,64.51000213623047,64.93000030517578,63.779998779296875,63.900001525878906,19672800
2024-05-10,54.31696701049805,64.29000091552734,64.94999694824219,64.16000366210938,64.75,13705000
2024-05-13,54.638023376464844,64.66999816894531,65.05000305175781,64.38999938964844,64.69999694824219,14504100
2024-05-14,54.604225158691406,64.62999725341797,64.75,64.0199966430664,64.47000122070312,13313500
2024-05-15,54.44371032714844,64.44000244140625,64.63999938964844,63.459999084472656,64.44999694824219,21292100
2024-05-16,54.84080123901367,64.91000366210938,65.16999816894531,64.41000366210938,64.9800033569336,16647700
2024-05-17,55.91378402709961,66.18000030517578,66.3499984741211,65.16999816894531,65.25,32338800
2024-05-20,55.8884391784668,66.1500015258789,66.5999984741211,65.72000122070312,66.13999938964844,22222300
2024-05-21,55.72791290283203,65.95999908447266,67.0999984741211,65.9000015258789,66.75,23042800
2024-05-22,55.28858184814453,65.44000244140625,66.3499984741211,65.08000183105469,66.0,17404000
2024-05-23,54.959075927734375,65.05000305175781,65.4000015258789,64.58000183105469,65.22000122070312,16445800
2024-05-24,54.98442840576172,65.08000183105469,65.66000366210938,64.9000015258789,65.0,11731900
2024-05-27,55.17030334472656,65.30000305175781,65.30000305175781,64.70999908447266,64.91000366210938,5119400
2024-05-28,53.97901916503906,63.88999938964844,65.29000091552734,63.349998474121094,65.27999877929688,22173900
2024-05-29,53.42985534667969,63.2400016784668,63.72999954223633,62.970001220703125,63.439998626708984,16496900
2024-05-31,53.396060943603516,63.20000076293945,63.45000076293945,62.790000915527344,62.88999938964844,23383600
2024-06-03,52.272377014160156,61.869998931884766,62.849998474121094,61.689998626708984,62.84000015258789,18846500
2024-06-04,51.740108489990234,61.2400016784668,61.400001525878906,60.70000076293945,61.38999938964844,19865100
2024-06-05,51.00506591796875,60.369998931884766,61.18000030517578,60.310001373291016,61.099998474121094,18000800
2024-06-06,51.714759826660156,61.209999084472656,61.33000183105469,60.36000061035156,60.77000045776367,17888300
2024-06-07,51.03886413574219,60.40999984741211,60.869998931884766,60.27000045776367,60.689998626708984,14822100
2024-06-10,51.59647750854492,61.06999969482422,61.310001373291016,60.400001525878906,60.599998474121094,14762900
2024-06-11,51.520442962646484,60.97999954223633,61.040000915527344,59.709999084472656,60.400001525878906,24588400
2024-06-12,50.81074523925781,60.13999938964844,61.45000076293945,59.90999984741211,61.15999984741211,21969600
2024-06-13,51.39371109008789,60.83000183105469,61.04999923706055,60.220001220703125,60.31999969482422,13692600
2024-06-14,51.216285705566406,60.619998931884766,60.880001068115234,60.2599983215332,60.849998474121094,12282100
2024-06-17,51.01351547241211,60.380001068115234,60.45000076293945,59.84000015258789,60.040000915527344,13976100
2024-06-18,51.25008010864258,60.65999984741211,60.880001068115234,60.220001220703125,60.349998474121094,12239900
2024-06-19,51.410606384277344,60.849998474121094,61.08000183105469,60.369998931884766,60.5099983215332,8744100
2024-06-20,51.87528991699219,61.400001525878906,61.619998931884766,60.81999969482422,61.04999923706055,19497200
2024-06-21,51.39371109008789,60.83000183105469,61.36000061035156,60.7400016784668,61.029998779296875,39134100
2024-06-24,51.452850341796875,60.900001525878906,61.08000183105469,60.400001525878906,60.470001220703125,13669000
2024-06-25,51.241634368896484,60.650001525878906,61.040000915527344,60.279998779296875,60.9900016784668,13962500
2024-06-26,51.87528991699219,61.400001525878906,61.58000183105469,60.90999984741211,61.06999969482422,17096700
2024-06-27,52.010467529296875,61.560001373291016,61.560001373291016,60.86000061035156,61.45000076293945,13755300
2024-06-28,52.568084716796875,62.220001220703125,62.54999923706055,61.63999938964844,61.68000030517578,22429400
2024-07-01,53.345367431640625,63.13999938964844,63.33000183105469,62.599998474121094,62.709999084472656,20236800
2024-07-02,53.16794204711914,62.93000030517578,63.34000015258789,62.459999084472656,63.08000183105469,24335300
2024-07-03,54.22404098510742,64.18000030517578,64.83999633789062,63.45000076293945,63.459999084472656,29884200
2024-07-04,53.953678131103516,63.86000061035156,64.69999694824219,63.83000183105469,64.63999938964844,7984300
2024-07-05,53.734012603759766,63.599998474121094,63.849998474121094,63.189998626708984,63.29999923706055,13138400
2024-07-08,53.31157302856445,63.099998474121094,63.2400016784668,62.66999816894531,63.08000183105469,18662500
2024-07-09,53.24398422241211,63.02000045776367,63.22999954223633,62.709999084472656,62.970001220703125,9794400
2024-07-10,52.52583694458008,62.16999816894531,62.75,61.84000015258789,62.66999816894531,17384000
2024-07-11,52.39065933227539,62.0099983215332,62.689998626708984,61.84000015258789,62.41999816894531,13413600
2024-07-12,53.15949249267578,62.91999816894531,62.91999816894531,61.959999084472656,62.06999969482422,13141700
2024-07-15,53.21863555908203,62.9900016784668,63.18000030517578,62.41999816894531,62.79999923706055,10198000
2024-07-16,52.66101837158203,62.33000183105469,62.34000015258789,61.369998931884766,62.290000915527344,22363900
2024-07-17,52.17099380493164,61.75,62.02000045776367,61.58000183105469,61.880001068115234,23145000
2024-07-18,51.680965423583984,61.16999816894531,61.90999984741211,61.060001373291016,61.70000076293945,20625500
2024-07-19,51.63872146606445,61.119998931884766,61.380001068115234,60.439998626708984,61.20000076293945,20553900
2024-07-22,51.5795783996582,61.04999923706055,61.27000045776367,60.72999954223633,61.119998931884766,13095200
2024-07-23,50.886783599853516,60.22999954223633,60.599998474121094,60.0,60.599998474121094,22512000
2024-07-24,51.19938659667969,60.599998474121094,60.75,60.209999084472656,60.2599983215332,17817300
2024-07-25,51.174041748046875,60.56999969482422,61.189998626708984,60.2599983215332,60.5,17959500
2024-07-26,51.93442916870117,61.470001220703125,61.7400016784668,61.0099983215332,61.45000076293945,72721200
2024-07-29,52.027366638183594,61.58000183105469,61.79999923706055,61.150001525878906,61.689998626708984,28005900
2024-07-30,50.878334045410156,60.220001220703125,61.11000061035156,60.20000076293945,61.029998779296875,28562300
2024-07-31,52.06960678100586,61.630001068115234,61.68000030517578,60.7599983215332,60.90999984741211,34433100
2024-08-01,50.90367889404297,60.25,61.869998931884766,60.220001220703125,61.849998474121094,40469400
2024-08-02,50.19398498535156,59.40999984741211,60.849998474121094,59.36000061035156,60.63999938964844,35296000
2024-08-05,49.934593200683594,57.02000045776367,57.38999938964844,55.900001525878906,56.310001373291016,24635900
2024-08-06,50.18855667114258,57.310001373291016,57.52000045776367,56.29999923706055,56.7400016784668,23930200
2024-08-07,50.09223175048828,57.20000076293945,57.59000015258789,57.02000045776367,57.310001373291016,19243400
2024-08-08,49.78571701049805,56.849998474121094,57.5,56.81999969482422,57.029998779296875,14584800
2024-08-09,49.96961975097656,57.060001373291016,57.15999984741211,56.5,57.119998931884766,21989300
2024-08-12,49.71565628051758,56.77000045776367,57.11000061035156,56.52000045776367,57.099998474121094,18421500
2024-08-13,49.49672317504883,56.52000045776367,56.9900016784668,56.52000045776367,56.9900016784668,26100900
2024-08-14,49.04133605957031,56.0,56.09000015258789,55.47999954223633,55.959999084472656,51693500
2024-08-15,49.242759704589844,56.22999954223633,56.36000061035156,55.689998626708984,55.900001525878906,28153700
2024-08-16,49.11140060424805,56.08000183105469,56.09000015258789,55.529998779296875,55.95000076293945,44280200
2024-08-19,49.89956283569336,56.97999954223633,57.52000045776367,56.36000061035156,56.52000045776367,28349600
2024-08-20,50.09223175048828,57.20000076293945,57.59000015258789,56.810001373291016,57.380001068115234,19475800
2024-08-21,51.055538177490234,58.29999923706055,58.560001373291016,58.099998474121094,58.25,23200300
2024-08-22,51.1255989074707,58.380001068115234,58.380001068115234,57.849998474121094,58.2400016784668,17719100
2024-08-23,50.267372131347656,57.400001525878906,58.380001068115234,57.25,58.2599983215332,24018700
2024-08-26,50.83660125732422,58.04999923706055,58.54999923706055,58.04999923706055,58.5,17168700
2024-08-27,52.369144439697266,59.79999923706055,60.13999938964844,59.09000015258789,59.70000076293945,35232600
2024-08-28,51.99257278442383,59.369998931884766,59.5,58.68000030517578,59.369998931884766,21280300
2024-08-29,51.931278228759766,59.29999923706055,59.970001220703125,59.099998474121094,59.40999984741211,19175500
2024-08-30,52.176483154296875,59.58000183105469,59.72999954223633,59.08000183105469,59.119998931884766,36685200
2024-09-02,51.440860748291016,58.7400016784668,58.880001068115234,58.41999816894531,58.81999969482422,13155000
2024-09-03,49.52299499511719,56.54999923706055,57.95000076293945,56.470001220703125,57.95000076293945,29504400
2024-09-04,49.908321380615234,56.9900016784668,57.439998626708984,56.470001220703125,56.70000076293945,19501800
2024-09-05,50.267372131347656,57.400001525878906,57.63999938964844,56.72999954223633,56.88999938964844,16585500
2024-09-06,49.6368408203125,56.68000030517578,57.52000045776367,56.58000183105469,57.5,17917900
2024-09-09,49.6368408203125,56.68000030517578,57.34000015258789,56.66999816894531,57.11000061035156,10204400
2024-09-10,49.04133605957031,56.0,56.900001525878906,55.93000030517578,56.84000015258789,17580600
2024-09-11,50.43376541137695,57.59000015258789,57.650001525878906,56.709999084472656,56.7400016784668,25592400
2024-09-12,50.88914489746094,58.11000061035156,58.540000915527344,57.959999084472656,58.099998474121094,17929800
2024-09-13,51.230682373046875,58.5,59.0,58.029998779296875,58.099998474121094,15045100
2024-09-16,51.230682373046875,58.5,58.54999923706055,58.08000183105469,58.43000030517578,10548000
2024-09-17,50.98548126220703,58.220001220703125,58.54999923706055,57.900001525878906,58.369998931884766,12056600
2024-09-18,50.389976501464844,57.540000915527344,58.16999816894531,57.45000076293945,57.59000015258789,14429800
2024-09-19,50.994232177734375,58.22999954223633,58.849998474121094,58.16999816894531,58.56999969482422,19328400
2024-09-20,50.22358703613281,57.349998474121094,58.15999984741211,56.95000076293945,57.709999084472656,30842600
2024-09-23,50.3812141418457,57.529998779296875,57.86000061035156,56.599998474121094,57.09000015258789,18164700
2024-09-24,52.842044830322266,60.34000015258789,60.7400016784668,59.63999938964844,60.209999084472656,44910100
2024-09-25,53.078495025634766,60.61000061035156,61.25,60.41999816894531,60.720001220703125,21557700
2024-09-26,56.266178131103516,64.25,64.37999725341797,62.45000076293945,62.599998474121094,61449300
2024-09-27,56.012210845947266,63.959999084472656,65.04000091552734,63.16999816894531,64.69999694824219,37237900
2024-09-30,55.61812973022461,63.5099983215332,65.31999969482422,63.5099983215332,65.31999969482422,28980300
2024-10-01,55.889610290527344,63.81999969482422,64.25,63.150001525878906,63.5,18091500
2024-10-02,56.19612121582031,64.16999816894531,65.3499984741211,63.970001220703125,64.41999816894531,20310600
2024-10-03,55.11895751953125,62.939998626708984,63.79999923706055,62.43000030517578,63.630001068115234,26675400
2024-10-04,54.716121673583984,62.47999954223633,63.0099983215332,62.29999923706055,62.91999816894531,16268300
2024-10-07,55.197776794433594,63.029998779296875,63.7400016784668,62.439998626708984,62.900001525878906,22467400
2024-10-08,53.525115966796875,61.119998931884766,61.119998931884766,60.650001525878906,60.810001373291016,38028100
2024-10-09,53.3849983215332,60.959999084472656,61.060001373291016,60.25,60.66999816894531,22758400
2024-10-10,53.63896179199219,61.25,61.45000076293945,60.75,61.45000076293945,17192100
2024-10-11,54.40961456298828,62.130001068115234,62.27000045776367,60.97999954223633,60.9900016784668,20939400
2024-10-14,54.23446273803711,61.93000030517578,62.52000045776367,61.33000183105469,62.31999969482422,44954000
2024-10-15,53.56890869140625,61.16999816894531,61.20000076293945,60.56999969482422,61.099998474121094,25559300
2024-10-16,54.59352111816406,62.34000015258789,62.380001068115234,61.58000183105469,61.93000030517578,29731800
2024-10-17,53.2098503112793,60.7599983215332,61.31999969482422,60.63999938964844,61.02000045776367,20345200
2024-10-18,53.02594757080078,60.54999923706055,61.470001220703125,60.459999084472656,61.189998626708984,21823500
2024-10-21,52.83328628540039,60.33000183105469,61.380001068115234,60.27000045776367,61.349998474121094,19044900
2024-10-22,52.903343200683594,60.40999984741211,60.65999984741211,59.900001525878906,60.150001525878906,14814000
2024-10-23,51.97506332397461,59.349998474121094,59.900001525878906,59.150001525878906,59.88999938964844,18289900
2024-10-24,52.28157043457031,59.70000076293945,59.70000076293945,59.209999084472656,59.34000015258789,11331700
2024-10-25,54.0593147277832,61.72999954223633,62.470001220703125,60.52000045776367,60.56999969482422,38466000
2024-10-28,55.0664176940918,62.880001068115234,62.880001068115234,62.189998626708984,62.5,16572400
2024-10-29,54.87376022338867,62.65999984741211,63.439998626708984,62.650001525878906,63.25,14941700
2024-10-30,54.70736312866211,62.470001220703125,62.689998626708984,62.119998931884766,62.5,12263300
2024-10-31,54.34831619262695,62.060001373291016,62.59000015258789,61.79999923706055,62.34000015258789,16553300
2024-11-01,54.322044372558594,62.029998779296875,62.439998626708984,61.790000915527344,62.13999938964844,15236400
2024-11-04,54.88250732421875,62.66999816894531,62.869998931884766,62.119998931884766,62.400001525878906,12360000
2024-11-05,54.400856018066406,62.119998931884766,63.11000061035156,61.959999084472656,62.95000076293945,16368800
2024-11-06,53.787837982177734,61.41999816894531,61.630001068115234,60.7400016784668,61.29999923706055,19726800
2024-11-07,55.661922454833984,63.560001373291016,63.9900016784668,62.0,62.02000045776367,38173300
2024-11-08,53.09600830078125,60.630001068115234,62.04999923706055,59.70000076293945,61.9900016784668,48764700
2024-11-11,51.3620491027832,58.650001525878906,59.869998931884766,58.650001525878906,59.75,24483700
2024-11-12,50.19731521606445,57.31999969482422,58.59000015258789,57.20000076293945,58.58000183105469,26967600
2024-11-13,50.05719757080078,57.15999984741211,57.720001220703125,57.11000061035156,57.31999969482422,20354900
2024-11-14,49.77695846557617,56.84000015258789,57.34000015258789,56.84000015258789,57.15999984741211,17967600
2024-11-18,50.39873504638672,57.54999923706055,57.779998779296875,56.970001220703125,57.09000015258789,14300000
2024-11-19,50.512577056884766,57.68000030517578,57.97999954223633,57.459999084472656,57.79999923706055,12902100
2024-11-21,50.46003341674805,57.619998931884766,57.79999923706055,57.209999084472656,57.5,15428500
2024-11-22,50.9504508972168,58.18000030517578,58.27000045776367,57.25,57.439998626708984,12590500
2024-11-25,50.94169235229492,58.16999816894531,58.560001373291016,58.119998931884766,58.18000030517578,17444500
2024-11-26,50.29364776611328,57.43000030517578,58.4900016784668,57.150001525878906,58.290000915527344,21406600
2024-11-27,50.90666580200195,58.130001068115234,58.41999816894531,57.599998474121094,57.869998931884766,22121200
2024-11-28,50.3812141418457,57.529998779296875,58.79999923706055,57.27000045776367,57.900001525878906,20467000
2024-11-29,51.47589111328125,58.779998779296875,59.209999084472656,58.150001525878906,58.25,31023600
2024-12-02,51.59849548339844,58.91999816894531,59.380001068115234,58.689998626708984,58.849998474121094,18972100
2024-12-03,51.204410552978516,58.470001220703125,59.36000061035156,58.470001220703125,59.29999923706055,15957500
2024-12-04,50.20606994628906,57.33000183105469,58.47999954223633,56.959999084472656,58.400001525878906,25109200
2024-12-05,50.6176643371582,57.79999923706055,57.79999923706055,56.869998931884766,57.459999084472656,14160000
2024-12-06,49.75068664550781,56.810001373291016,57.65999984741211,56.75,57.470001220703125,17897900
2024-12-09,52.395416259765625,59.83000183105469,60.189998626708984,58.369998931884766,58.5,40440600
2024-12-10,52.34287643432617,59.77000045776367,59.939998626708984,59.290000915527344,59.7400016784668,13089300
2024-12-11,51.52843475341797,58.84000015258789,59.59000015258789,58.45000076293945,59.5,30138500
2024-12-12,50.106380462646484,56.709999084472656,57.68000030517578,56.66999816894531,57.400001525878906,28841800
2024-12-13,49.3553581237793,55.86000061035156,56.709999084472656,55.70000076293945,56.47999954223633,18532800
2024-12-16,49.328857421875,55.83000183105469,56.540000915527344,55.34000015258789,55.849998474121094,18958500
2024-12-17,49.57624816894531,56.11000061035156,56.400001525878906,55.650001525878906,55.880001068115234,22987600
2024-12-18,48.42762756347656,54.810001373291016,55.869998931884766,54.7599983215332,55.77000045776367,34658200
2024-12-19,47.508731842041016,53.77000045776367,55.16999816894531,53.599998474121094,55.02000045776367,29529900
2024-12-20,48.25975036621094,54.619998931884766,54.619998931884766,53.33000183105469,53.41999816894531,64919500
2024-12-23,48.46297073364258,54.849998474121094,55.22999954223633,54.400001525878906,54.66999816894531,18587900
2024-12-26,48.60433578491211,55.0099983215332,55.400001525878906,54.400001525878906,54.849998474121094,13155800
2024-12-27,48.365779876708984,54.7400016784668,55.08000183105469,54.459999084472656,54.72999954223633,16635300
2024-12-30,48.19790267944336,54.54999923706055,55.189998626708984,54.54999923706055,54.900001525878906,11250900
2025-01-02,47.93283462524414,54.25,55.099998474121094,54.22999954223633,54.709999084472656,17623900
2025-01-03,47.04044723510742,53.2400016784668,54.0,52.880001068115234,53.900001525878906,23608700
2025-01-06,46.439632415771484,52.560001373291016,53.790000915527344,52.47999954223633,53.47999954223633,21689500
2025-01-07,45.989017486572266,52.04999923706055,52.88999938964844,51.939998626708984,52.630001068115234,22070200
2025-01-08,45.547237396240234,51.54999923706055,52.290000915527344,51.43000030517578,52.029998779296875,24423800
2025-01-09,45.26449966430664,51.22999954223633,52.25,51.13999938964844,52.04999923706055,15865200
2025-01-10,45.52073287963867,51.52000045776367,52.310001373291016,51.22999954223633,51.540000915527344,25833900
2025-01-13,45.511898040771484,51.5099983215332,52.310001373291016,50.869998931884766,52.0,30845300
2025-01-14,45.81230163574219,51.849998474121094,52.43000030517578,51.630001068115234,51.95000076293945,21379000
2025-01-15,46.47496795654297,52.599998474121094,52.68000030517578,51.630001068115234,52.13999938964844,35137700
2025-01-16,46.53681945800781,52.66999816894531,53.27000045776367,52.0,52.290000915527344,220262800
2025-01-17,48.14488983154297,54.4900016784668,54.4900016784668,52.97999954223633,53.150001525878906,54658700
2025-01-20,47.968177795410156,54.290000915527344,54.4900016784668,53.7599983215332,54.220001220703125,12317600
2025-01-21,47.729618072509766,54.02000045776367,54.31999969482422,53.25,54.290000915527344,28798700
2025-01-22,46.527984619140625,52.65999984741211,54.290000915527344,52.41999816894531,54.279998779296875,34645400
2025-01-23,46.22757339477539,52.31999969482422,52.9900016784668,51.84000015258789,52.95000076293945,25097300
2025-01-24,46.85490036010742,53.029998779296875,53.189998626708984,52.599998474121094,52.599998474121094,20520600
2025-01-27,47.676605224609375,53.959999084472656,53.97999954223633,52.56999969482422,52.88999938964844,24531300
2025-01-28,46.51914978027344,52.650001525878906,53.779998779296875,52.540000915527344,53.59000015258789,22932900
2025-01-29,46.65167999267578,52.79999923706055,53.5099983215332,52.630001068115234,52.79999923706055,19220300
2025-01-30,48.62200927734375,55.029998779296875,55.599998474121094,53.279998779296875,53.29999923706055,40562400
2025-01-31,47.86214828491211,54.16999816894531,55.209999084472656,54.0,54.9900016784668,25477600
2025-02-03,47.897491455078125,54.209999084472656,54.279998779296875,53.33000183105469,53.72999954223633,27216400
2025-02-04,47.729618072509766,54.02000045776367,54.709999084472656,53.810001373291016,54.130001068115234,32648700
2025-02-05,47.9858512878418,54.310001373291016,54.459999084472656,53.86000061035156,53.90999984741211,21674800
2025-02-06,48.710365295410156,55.130001068115234,55.63999938964844,54.970001220703125,55.400001525878906,32789000
2025-02-07,48.44529724121094,54.83000183105469,55.779998779296875,54.560001373291016,55.29999923706055,24395500
2025-02-10,48.94892501831055,55.400001525878906,55.400001525878906,54.84000015258789,54.869998931884766,15566300
2025-02-11,48.73686981201172,55.15999984741211,55.189998626708984,54.38999938964844,54.90999984741211,18198300
2025-02-12,48.40995407104492,54.790000915527344,55.290000915527344,54.70000076293945,55.0099983215332,35432600
2025-02-13,48.4718017578125,54.86000061035156,55.0,54.130001068115234,54.849998474121094,21749900
2025-02-14,49.18748092651367,55.66999816894531,55.810001373291016,55.0,55.220001220703125,49803200
2025-02-17,48.92241287231445,55.369998931884766,55.91999816894531,55.279998779296875,55.63999938964844,12391400
2025-02-18,49.249332427978516,55.7400016784668,55.970001220703125,55.5099983215332,55.599998474121094,27608200
2025-02-19,49.20515060424805,55.689998626708984,55.72999954223633,54.720001220703125,55.29999923706055,26472500
2025-02-20,51.01644515991211,57.7400016784668,58.15999984741211,56.47999954223633,56.79999923706055,76934000
2025-02-21,51.38753128051758,58.15999984741211,58.15999984741211,57.560001373291016,57.900001525878906,37134700
2025-02-24,50.91925048828125,57.630001068115234,58.56999969482422,57.47999954223633,58.099998474121094,19081700
2025-02-25,50.42445755004883,57.06999969482422,57.439998626708984,56.88999938964844,57.29999923706055,19554800
2025-02-26,50.11521530151367,56.720001220703125,57.689998626708984,56.720001220703125,57.369998931884766,25399100
2025-02-27,49.74412155151367,56.29999923706055,56.9900016784668,56.0099983215332,56.45000076293945,18658000
2025-02-28,48.72803497314453,55.150001525878906,56.13999938964844,55.150001525878906,55.939998626708984,46789400
2025-03-05,49.116798400878906,55.59000015258789,56.220001220703125,55.38999938964844,56.150001525878906,13843400
2025-03-06,49.655765533447266,56.20000076293945,56.52000045776367,55.54999923706055,55.63999938964844,17678400
2025-03-07,50.38028335571289,57.02000045776367,57.349998474121094,55.54999923706055,55.97999954223633,25480600
2025-03-10,49.56492614746094,53.9900016784668,54.54999923706055,53.25,54.22999954223633,23626600
2025-03-11,49.9780387878418,54.439998626708984,54.720001220703125,53.40999984741211,54.08000183105469,23060100
2025-03-12,49.3537712097168,53.7599983215332,54.5,53.150001525878906,54.5,18825700
2025-03-13,50.03312301635742,54.5,55.15999984741211,53.70000076293945,53.880001068115234,20584600
2025-03-14,51.676414489746094,56.290000915527344,56.40999984741211,55.15999984741211,55.20000076293945,31789300
2025-03-17,52.42002487182617,57.099998474121094,57.2400016784668,56.13999938964844,56.290000915527344,23191800
2025-03-18,52.80560302734375,57.52000045776367,57.560001373291016,56.619998931884766,57.20000076293945,18165300
2025-03-19,52.71379852294922,57.41999816894531,57.54999923706055,56.849998474121094,57.349998474121094,23211900
2025-03-20,52.548553466796875,57.2400016784668,57.4900016784668,56.779998779296875,57.040000915527344,17283200
2025-03-21,52.741336822509766,57.45000076293945,57.45000076293945,56.83000183105469,56.95000076293945,30524100
2025-03-24,52.4659309387207,57.150001525878906,58.2400016784668,56.959999084472656,57.95000076293945,18646500
2025-03-25,52.64035415649414,57.34000015258789,57.75,57.11000061035156,57.31999969482422,15615800
2025-03-26,52.961666107177734,57.689998626708984,58.040000915527344,57.38999938964844,57.400001525878906,29401600
2025-03-27,53.383968353271484,58.150001525878906,58.45000076293945,57.61000061035156,58.0,15345300
2025-03-28,52.842323303222656,57.560001373291016,58.380001068115234,57.560001373291016,58.099998474121094,31146000
2025-03-31,52.05281066894531,56.70000076293945,57.02000045776367,56.029998779296875,56.720001220703125,20469300
2025-04-01,52.502647399902344,57.189998626708984,57.93000030517578,56.95000076293945,57.099998474121094,12354800
2025-04-02,52.26395797729492,56.93000030517578,57.29999923706055,56.599998474121094,57.209999084472656,13197700
2025-04-03,50.372798919677734,54.869998931884766,56.439998626708984,54.7599983215332,56.0,32351100
2025-04-04,48.3622932434082,52.68000030517578,53.52000045776367,51.599998474121094,53.220001220703125,45819600
2025-04-07,47.78392791748047,52.04999923706055,53.47999954223633,51.16999816894531,51.709999084472656,35942800
2025-04-08,45.16751480102539,49.20000076293945,52.810001373291016,49.02000045776367,52.349998474121094,46815300
2025-04-09,47.600318908691406,51.849998474121094,52.060001373291016,48.77000045776367,49.150001525878906,56491900
2025-04-10,48.45409393310547,52.779998779296875,53.2400016784668,51.459999084472656,52.099998474121094,38010400
2025-04-11,49.26197052001953,53.65999984741211,54.150001525878906,52.560001373291016,52.560001373291016,22129900
2025-04-14,49.904598236083984,54.36000061035156,54.880001068115234,54.189998626708984,54.400001525878906,19994800
2025-04-15,49.39967727661133,53.810001373291016,54.650001525878906,53.529998779296875,54.380001068115234,17471900
2025-04-16,48.25212860107422,52.560001373291016,53.63999938964844,52.41999816894531,53.52000045776367,23105900
2025-04-17,48.545902252197266,52.880001068115234,53.31999969482422,52.560001373291016,52.779998779296875,23172400
2025-04-22,49.40885925292969,53.81999969482422,54.290000915527344,52.7599983215332,53.15999984741211,16780900
2025-04-23,49.996402740478516,54.459999084472656,55.349998474121094,54.400001525878906,54.900001525878906,18377400
2025-04-24,50.776737213134766,55.310001373291016,55.66999816894531,54.310001373291016,54.45000076293945,19621700
2025-04-25,49.43639373779297,53.849998474121094,54.619998931884766,53.63999938964844,54.5,26162200
2025-04-28,49.6108283996582,54.040000915527344,54.18000030517578,53.630001068115234,53.900001525878906,12001900
2025-04-29,49.42721939086914,53.84000015258789,54.34000015258789,53.84000015258789,54.209999084472656,11816200
2025-04-30,48.52754211425781,52.86000061035156,53.25,52.209999084472656,52.599998474121094,18774400
2025-05-02,48.47245407104492,52.79999923706055,53.560001373291016,52.54999923706055,53.2599983215332,17135800
2025-05-05,48.61934280395508,52.959999084472656,53.08000183105469,52.72999954223633,52.900001525878906,12201600
2025-05-06,48.656063079833984,53.0,53.58000183105469,52.91999816894531,52.9900016784668,12065000
2025-05-07,48.56426239013672,52.900001525878906,53.54999923706055,52.65999984741211,53.54999923706055,11240100
2025-05-08,48.41737747192383,52.7400016784668,53.29999923706055,52.66999816894531,52.900001525878906,15414600
2025-05-09,48.610164642333984,52.95000076293945,53.08000183105469,52.5099983215332,53.0,15558800
2025-05-12,49.831153869628906,54.279998779296875,55.20000076293945,54.279998779296875,54.560001373291016,26482400
2025-05-13,50.64820861816406,55.16999816894531,55.43000030517578,54.130001068115234,54.4900016784668,21187200
2025-05-14,50.40034103393555,54.900001525878906,55.689998626708984,54.84000015258789,55.5,16297800
2025-05-15,50.9052619934082,55.45000076293945,55.650001525878906,54.84000015258789,55.0,13955400
2025-05-16,50.94198226928711,55.4900016784668,55.66999816894531,54.810001373291016,55.20000076293945,18163800
2025-05-19,50.80427932739258,55.34000015258789,55.470001220703125,54.869998931884766,55.0,14475200
2025-05-20,50.813453674316406,55.349998474121094,55.529998779296875,55.09000015258789,55.33000183105469,10499200
2025-05-21,50.16164779663086,54.63999938964844,55.29999923706055,54.439998626708984,55.150001525878906,14486300
2025-05-22,49.78525161743164,54.22999954223633,54.63999938964844,53.970001220703125,54.619998931884766,18476000
2025-05-23,49.86787414550781,54.31999969482422,54.439998626708984,53.59000015258789,54.0,14747300
2025-05-26,49.583282470703125,54.0099983215332,54.09000015258789,53.79999923706055,53.939998626708984,7194500
2025-05-27,49.42721939086914,53.84000015258789,54.209999084472656,53.619998931884766,54.0,17943000
2025-05-28,49.0324592590332,53.40999984741211,53.790000915527344,53.189998626708984,53.7400016784668,17700600
2025-05-29,49.069183349609375,53.45000076293945,53.880001068115234,53.33000183105469,53.72999954223633,10246100
2025-05-30,47.829830169677734,52.099998474121094,53.38999938964844,52.04999923706055,53.349998474121094,28286100
2025-06-02,48.25212860107422,52.560001373291016,52.75,52.2599983215332,52.58000183105469,19267700
2025-06-03,48.22458267211914,52.529998779296875,52.63999938964844,51.869998931884766,51.93000030517578,12824900
2025-06-04,48.444915771484375,52.77000045776367,53.33000183105469,52.619998931884766,52.619998931884766,11714700
2025-06-05,48.57344055175781,52.90999984741211,53.65999984741211,52.869998931884766,53.0,12594000
2025-06-06,48.63770294189453,52.97999954223633,53.470001220703125,52.709999084472656,53.150001525878906,16638900
2025-06-09,48.92229461669922,53.290000915527344,53.290000915527344,52.619998931884766,52.88999938964844,13029200
2025-06-10,49.25279235839844,53.650001525878906,53.869998931884766,53.11000061035156,53.29999923706055,18890600
2025-06-11,48.821311950683594,53.18000030517578,53.810001373291016,52.9900016784668,53.810001373291016,13639700
2025-06-12,48.5,52.83000183105469,53.040000915527344,52.470001220703125,52.900001525878906,11136800
2025-06-13,47.85737228393555,52.130001068115234,52.5099983215332,51.959999084472656,52.06999969482422,13264900
2025-06-16,49.41803741455078,53.83000183105469,54.04999923706055,52.310001373291016,52.310001373291016,41210000
2025-06-17,47.19638442993164,51.40999984741211,53.88999938964844,51.380001068115234,53.630001068115234,43657300
2025-06-18,47.04031753540039,51.2400016784668,53.88999938964844,51.08000183105469,53.630001068115234,20499000
2025-06-20,45.8285026550293,49.91999816894531,51.279998779296875,49.91999816894531,51.2400016784668,39947200
2025-06-23,46.40686798095703,50.54999923706055,50.54999923706055,49.83000183105469,50.02000045776367,17288800
2025-06-24,46.39768981933594,50.540000915527344,50.75,50.13999938964844,50.7400016784668,18576300
2025-06-25,46.34260559082031,50.47999954223633,50.599998474121094,49.720001220703125,50.25,23319900
2025-06-26,47.7380256652832,52.0,52.29999923706055,50.84000015258789,50.84000015258789,40488400
2025-06-27,48.53671646118164,52.869998931884766,53.09000015258789,51.90999984741211,52.189998626708984,26016900
2025-06-30,48.33475112915039,52.650001525878906,53.029998779296875,52.439998626708984,52.790000915527344,19961900
2025-07-01,48.98655700683594,53.36000061035156,53.709999084472656,52.5,52.599998474121094,21844300
2025-07-02,50.76755142211914,55.29999923706055,55.70000076293945,53.79999923706055,53.810001373291016,63100200
2025-07-03,50.528865814208984,55.040000915527344,55.880001068115234,54.81999969482422,55.5,18256300
2025-07-04,50.675750732421875,55.20000076293945,55.20000076293945,54.75,55.029998779296875,5449600
2025-07-07,49.93213653564453,54.38999938964844,55.18000030517578,54.20000076293945,55.04999923706055,13174500
2025-07-08,50.106571197509766,54.58000183105469,55.59000015258789,54.36000061035156,54.52000045776367,26632000
2025-07-09,49.6108283996582,54.040000915527344,54.70000076293945,53.75,54.70000076293945,12209400
2025-07-10,50.74919128417969,55.279998779296875,57.119998931884766,55.20000076293945,55.34000015258789,46597200
2025-07-11,51.41018295288086,56.0,56.220001220703125,55.0099983215332,55.20000076293945,18313200
2025-07-14,50.82263946533203,55.36000061035156,55.90999984741211,54.869998931884766,55.86000061035156,15141300
2025-07-15,49.49148178100586,53.90999984741211,55.36000061035156,53.52000045776367,54.93000030517578,25029100
2025-07-16,49.941322326660156,54.400001525878906,54.52000045776367,53.90999984741211,54.099998474121094,26394100
2025-07-17,49.84951400756836,54.29999923706055,54.790000915527344,54.119998931884766,54.400001525878906,20252800
2025-07-18,50.08820724487305,54.560001373291016,54.779998779296875,53.970001220703125,54.04999923706055,23714000
2025-07-21,51.456085205078125,56.04999923706055,56.81999969482422,55.34000015258789,55.45000076293945,40484000
2025-07-22,52.78723907470703,57.5,57.970001220703125,56.90999984741211,56.95000076293945,40945900
2025-07-23,52.71379852294922,57.41999816894531,57.900001525878906,57.0,57.45000076293945,17914800
2025-07-24,51.8967399597168,56.529998779296875,57.290000915527344,56.290000915527344,56.939998626708984,21651200
2025-07-25,51.134769439697266,55.70000076293945,56.279998779296875,55.27000045776367,56.18000030517578,21918900
2025-07-28,50.63903045654297,55.15999984741211,55.31999969482422,54.63999938964844,54.939998626708984,19175100
2025-07-29,50.32689666748047,54.81999969482422,55.70000076293945,54.77000045776367,55.54999923706055,14648700
2025-07-30,49.42721939086914,53.84000015258789,54.689998626708984,53.33000183105469,54.31999969482422,35607800
2025-07-31,49.07836151123047,53.459999084472656,53.619998931884766,52.369998931884766,53.0099983215332,20790000
2025-08-01,49.3445930480957,53.75,54.900001525878906,53.56999969482422,54.2400016784668,40510900
2025-08-04,49.73935317993164,54.18000030517578,54.400001525878906,53.810001373291016,54.38999938964844,16198100
2025-08-05,49.67509078979492,54.11000061035156,54.970001220703125,54.11000061035156,54.16999816894531,21037600
2025-08-06,49.36295700073242,53.77000045776367,54.61000061035156,53.72999954223633,54.5099983215332,17954300
2025-08-07,49.72098922729492,54.15999984741211,54.4900016784668,53.900001525878906,54.099998474121094,20298800
2025-08-08,50.85017776489258,55.38999938964844,55.70000076293945,54.189998626708984,54.20000076293945,24205600
2025-08-11,50.79509735107422,55.33000183105469,55.9900016784668,55.29999923706055,55.47999954223633,22304000
2025-08-12,51.32755661010742,55.90999984741211,56.16999816894531,55.70000076293945,55.95000076293945,25851300
2025-08-13,51.39919662475586,54.09000015258789,54.5,53.939998626708984,54.29999923706055,19720000
2025-08-14,50.76252365112305,53.41999816894531,53.61000061035156,53.08000183105469,53.54999923706055,42823200
2025-08-15,50.66749954223633,53.31999969482422,53.58000183105469,53.0,53.459999084472656,34201900
2025-08-18,50.553470611572266,53.20000076293945,53.709999084472656,53.029998779296875,53.099998474121094,12733400
2025-08-19,50.59148025512695,53.2400016784668,53.68000030517578,53.0,53.5099983215332,17724400
2025-08-20,50.36341857910156,53.0,53.27000045776367,52.86000061035156,52.900001525878906,9687300
2025-08-21,50.79103469848633,53.45000076293945,53.529998779296875,52.95000076293945,53.02000045776367,10813800
2025-08-22,52.06437301635742,54.790000915527344,54.88999938964844,53.310001373291016,53.43000030517578,20706700
2025-08-25,52.187904357910156,54.91999816894531,55.400001525878906,54.7400016784668,55.16999816894531,10397400
2025-08-26,52.65353012084961,55.40999984741211,55.40999984741211,54.68000030517578,54.81999969482422,18891500
2025-08-27,52.625022888183594,55.380001068115234,55.529998779296875,55.119998931884766,55.220001220703125,8789100
2025-08-28,52.64402770996094,55.400001525878906,56.189998626708984,55.33000183105469,56.0,22059500
2025-08-29,52.79607009887695,55.560001373291016,55.83000183105469,55.45000076293945,55.4900016784668,13885400
2025-09-01,52.834075927734375,55.599998474121094,55.599998474121094,54.810001373291016,55.13999938964844,7765400
2025-09-02,52.634525299072266,55.38999938964844,55.560001373291016,55.040000915527344,55.11000061035156,9578500
2025-09-03,52.834075927734375,55.599998474121094,55.81999969482422,55.2400016784668,55.38999938964844,11832100
2025-09-04,52.938602447509766,55.709999084472656,56.15999984741211,55.54999923706055,55.849998474121094,8442100
2025-09-05,53.42323684692383,56.220001220703125,56.66999816894531,56.02000045776367,56.20000076293945,14014700
2025-09-08,53.556270599365234,56.36000061035156,56.619998931884766,56.22999954223633,56.22999954223633,9701900
2025-09-09,53.39472579956055,56.189998626708984,57.52000045776367,56.04999923706055,56.7400016784668,24300300
2025-09-10,53.76532745361328,56.58000183105469,57.04999923706055,56.279998779296875,56.470001220703125,13463700
2025-09-11,54.18343734741211,57.02000045776367,57.27000045776367,56.310001373291016,56.45000076293945,14107200
2025-09-12,54.164432525634766,57.0,57.43000030517578,56.70000076293945,56.70000076293945,12303800
2025-09-15,54.639556884765625,57.5,57.54999923706055,56.97999954223633,57.47999954223633,12457500
2025-09-16,54.82960891723633,57.70000076293945,58.060001373291016,57.189998626708984,57.77000045776367,15618500
2025-09-17,54.92463302612305,57.79999923706055,58.02000045776367,57.36000061035156,57.540000915527344,23116700
2025-09-18,54.820106506347656,57.689998626708984,58.08000183105469,57.400001525878906,57.84000015258789,17700400
2025-09-19,55.03866195678711,57.91999816894531,58.189998626708984,57.54999923706055,57.970001220703125,25374600
2025-09-22,55.11468505859375,58.0,58.439998626708984,57.810001373291016,57.81999969482422,21947300
2025-09-23,54.80109786987305,57.66999816894531,58.38999938964844,57.65999984741211,58.0,17652400
2025-09-24,55.010154724121094,57.88999938964844,58.13999938964844,57.66999816894531,57.95000076293945,13005700
2025-09-25,55.31423568725586,58.209999084472656,58.54999923706055,58.040000915527344,58.189998626708984,13631100
2025-09-26,54.24995422363281,57.09000015258789,57.939998626708984,56.540000915527344,57.7400016784668,29037000
2025-09-29,54.43050003051758,57.279998779296875,57.75,57.130001068115234,57.5,15580200
2025-09-30,54.715579986572266,57.58000183105469,57.779998779296875,57.09000015258789,57.66999816894531,18280700
2025-10-01,55.409263610839844,58.310001373291016,58.66999816894531,57.7599983215332,57.7599983215332,18278300
2025-10-02,55.77986145019531,58.70000076293945,58.86000061035156,58.08000183105469,58.36000061035156,14824500
2025-10-03,55.67533493041992,58.59000015258789,59.119998931884766,58.5,58.70000076293945,19240200
2025-10-06,56.625587463378906,59.59000015258789,59.970001220703125,58.79999923706055,58.810001373291016,26102900
2025-10-07,55.82737350463867,58.75,59.619998931884766,58.75,59.5,26072300
2025-10-08,56.25498962402344,59.20000076293945,59.38999938964844,58.88999938964844,59.119998931884766,24609500
2025-10-09,56.16946792602539,59.11000061035156,60.380001068115234,59.11000061035156,59.86000061035156,18184600
2025-10-10,55.941402435302734,58.869998931884766,59.79999923706055,58.869998931884766,59.56999969482422,22970400
2025-10-13,56.77762985229492,59.75,60.060001373291016,59.54999923706055,59.66999816894531,23294500
2025-10-14,56.77762985229492,59.75,60.130001068115234,59.220001220703125,59.29999923706055,19329000
2025-10-15,57.8324089050293,60.86000061035156,60.97999954223633,59.459999084472656,59.4900016784668,45104600
2025-10-16,57.30026626586914,60.29999923706055,60.93000030517578,60.06999969482422,60.61000061035156,21358500
2025-10-17,57.13872528076172,60.130001068115234,60.29999923706055,59.79999923706055,59.900001525878906,17325300
2025-10-20,57.87042236328125,60.900001525878906,61.349998474121094,60.13999938964844,60.13999938964844,17798400
2025-10-21,57.775394439697266,60.79999923706055,61.04999923706055,60.56999969482422,60.650001525878906,13432700
2025-10-22,58.80167007446289,61.880001068115234,62.2400016784668,61.18000030517578,61.209999084472656,25267300
2025-10-23,58.6876335144043,61.7599983215332,62.540000915527344,61.66999816894531,62.220001220703125,11217700
2025-10-24,58.65913009643555,61.72999954223633,62.130001068115234,61.33000183105469,61.9900016784668,11127600
2025-10-27,58.592613220214844,61.65999984741211,62.15999984741211,61.400001525878906,62.060001373291016,12018100
2025-10-28,59.10574722290039,62.20000076293945,62.540000915527344,61.58000183105469,61.65999984741211,15797400
2025-10-29,60.179534912109375,63.33000183105469,63.689998626708984,62.709999084472656,62.81999969482422,30844900
2025-10-30,60.635658264160156,63.810001373291016,64.0,62.93000030517578,63.11000061035156,25586000
2025-10-31,62.013526916503906,65.26000213623047,65.55000305175781,63.869998931884766,64.27999877929688,38988400
2025-11-03,62.09904479980469,65.3499984741211,65.38999938964844,64.6500015258789,65.0999984741211,16985400
2025-11-04,61.405364990234375,64.62000274658203,65.01000213623047,64.02999877929688,64.8499984741211,22055700
2025-11-05,62.46014404296875,65.7300033569336,66.16999816894531,64.5,64.62000274658203,22505400
2025-11-06,62.24158477783203,65.5,66.05000305175781,65.26000213623047,65.76000213623047,15939100
2025-11-07,61.55739974975586,64.77999877929688,64.86000061035156,64.0199966430664,64.8499984741211,20800300
2025-11-10,61.96601104736328,65.20999908447266,65.54000091552734,64.91000366210938,65.05999755859375,12689400
2025-11-11,61.80447006225586,65.04000091552734,65.66000366210938,64.76000213623047,65.20999908447266,25496500
2025-11-12,62.488651275634766,65.76000213623047,65.94999694824219,65.26000213623047,65.26000213623047,26550300
2025-11-13,62.40312576293945,65.66999816894531,66.44999694824219,65.30999755859375,65.76000213623047,19058500
2025-11-14,62.02302169799805,65.2699966430664,65.54000091552734,64.61000061035156,64.8499984741211,16374400
2025-11-17,61.97551345825195,65.22000122070312,65.7699966430664,64.91000366210938,65.5999984741211,20150800
2025-11-18,61.785457611083984,65.0199966430664,65.29000091552734,64.30000305175781,64.44999694824219,22468700
2025-11-19,61.71894073486328,64.94999694824219,65.26000213623047,64.69999694824219,65.0199966430664,16523800
2025-11-21,61.91850280761719,65.16000366210938,65.2699966430664,64.12999725341797,64.55000305175781,20272600
2025-11-24,61.85197830200195,65.08999633789062,65.5199966430664,64.77999877929688,65.01000213623047,20462800
2025-11-25,62.33660888671875,65.5999984741211,65.91000366210938,65.16000366210938,65.16000366210938,18275300
2025-11-26,63.267860412597656,66.58000183105469,66.88999938964844,65.91999816894531,65.98999786376953,33408500
2025-11-27,63.030296325683594,66.33000183105469,66.6500015258789,66.13999938964844,66.5,9739100
2025-11-28,64.04706573486328,67.4000015258789,67.80999755859375,67.04000091552734,67.69999694824219,46007200
2025-12-01,64.54119110107422,67.91999816894531,68.12999725341797,67.5,67.80000305175781,15657000
2025-12-02,65.0733413696289,68.4800033569336,68.72000122070312,67.76000213623047,68.0999984741211,22567200
2025-12-03,67.17340087890625,70.69000244140625,71.0999984741211,68.81999969482422,68.86000061035156,42361200
2025-12-04,68.34220886230469,71.91999816894531,72.38999938964844,70.69000244140625,70.69999694824219,38019900
2025-12-05,66.7267837524414,70.22000122070312,72.33000183105469,69.91999816894531,71.95999908447266,40196800
2025-12-08,66.2706527709961,69.73999786376953,70.86000061035156,69.48999786376953,70.41999816894531,20860900
2025-12-09,66.30867004394531,69.77999877929688,70.43000030517578,68.9000015258789,69.0999984741211,23081300
2025-12-10,67.52498626708984,71.05999755859375,71.3499984741211,70.25,70.25,24454800
2025-12-11,68.41822814941406,72.0,72.37000274658203,70.47000122070312,70.73999786376953,25687700
2025-12-12,68.61000061035156,68.61000061035156,68.9800033569336,67.72000122070312,67.75,36483700
2025-12-15,69.02999877929688,69.02999877929688,69.38999938964844,68.5,68.6500015258789,16841700
2025-12-16,69.29000091552734,69.29000091552734,70.02999877929688,69.26000213623047,69.33000183105469,21953000
2025-12-17,70.16999816894531,70.16999816894531,70.7699966430664,69.44000244140625,69.63999938964844,29375000
2025-12-18,70.3499984741211,70.3499984741211,71.12000274658203,70.30999755859375,70.5999984741211,18430200
2025-12-19,70.8499984741211,70.8499984741211,70.93000030517578,70.37999725341797,70.5,37147100
2025-12-22,72.91999816894531,72.91999816894531,73.37000274658203,70.80999755859375,71.02999877929688,27853000
2025-12-23,72.9000015258789,72.9000015258789,73.52999877929688,72.58000183105469,73.2300033569336,17140900
2025-12-26,73.12000274658203,73.12000274658203,73.3499984741211,72.62000274658203,72.86000061035156,16368800
2025-12-29,72.12000274658203,72.12000274658203,73.73999786376953,71.69999694824219,73.19000244140625,19963700
2025-12-30,71.95999908447266,71.95999908447266,72.83999633789062,71.91000366210938,72.5,17085400
2026-01-02,72.37999725341797,72.37999725341797,72.55000305175781,71.6500015258789,72.33000183105469,28418900
2026-01-05,73.12000274658203,73.12000274658203,73.5,72.30000305175781,72.4000015258789,24958100
2026-01-06,75.87000274658203,75.87000274658203,75.98999786376953,72.87999725341797,73.44999694824219,39536600
2026-01-07,76.31999969482422,76.31999969482422,77.33999633789062,75.62000274658203,76.0999984741211,41501600
2026-01-08,75.58000183105469,75.58000183105469,75.80000305175781,74.19000244140625,75.80000305175781,31894900
2026-01-09,74.72000122070312,74.72000122070312,75.70999908447266,74.19999694824219,74.9000015258789,24801200
2026-01-12,74.73999786376953,74.73999786376953,75.47000122070312,74.51000213623047,75.0,13129800
2026-01-13,75.3499984741211,75.3499984741211,76.05000305175781,74.27999877929688,74.47000122070312,24539200
2026-01-14,78.91999816894531,78.91999816894531,79.08999633789062,75.63999938964844,75.83999633789062,44225300
2026-01-15,78.8499984741211,78.8499984741211,79.63999938964844,78.51000213623047,78.9000015258789,35503900
2026-01-16,78.87999725341797,78.87999725341797,78.87999725341797,77.56999969482422,78.38999938964844,45910100
2026-01-19,78.56999969482422,78.56999969482422,78.6500015258789,77.87000274658203,78.5199966430664,10678500
2026-01-20,80.08000183105469,80.08000183105469,80.20999908447266,77.41000366210938,77.83000183105469,31198500
2026-01-21,82.5,82.5,82.80000305175781,80.5,80.98999786376953,83134600
2026-01-22,82.9800033569336,82.9800033569336,84.4000015258789,82.08000183105469,82.5,62515300
2026-01-23,85.0199966430664,85.0199966430664,85.73999786376953,83.69000244140625,83.75,25432600
2026-01-26,83.06999969482422,83.06999969482422,86.13999938964844,82.18000030517578,85.55999755859375,35741300
2026-01-27,84.9000015258789,84.9000015258789,86.12999725341797,83.3499984741211,83.58999633789062,30922500
2026-01-28,86.97000122070312,86.97000122070312,87.48999786376953,85.0,85.29000091552734,28473800
2026-01-29,87.41000366210938,87.41000366210938,89.5,86.80999755859375,88.0,42013200
2026-01-30,84.31999969482422,84.31999969482422,87.9000015258789,84.0,85.66999816894531,41681400
2026-02-02,84.81999969482422,84.81999969482422,85.8499984741211,84.04000091552734,84.41999816894531,22289400
2026-02-03,88.98999786376953,88.98999786376953,89.0,86.41999816894531,86.41999816894531,37709700
2026-02-04,89.43000030517578,89.43000030517578,89.58999633789062,87.55000305175781,88.51000213623047,51744400
2026-02-05,86.44999694824219,86.44999694824219,88.93000030517578,86.23999786376953,87.98999786376953,57049000
2026-02-06,85.62999725341797,85.62999725341797,87.55999755859375,85.19999694824219,86.41000366210938,28889600
2026-02-09,87.30999755859375,87.30999755859375,87.68000030517578,84.62999725341797,86.6500015258789,26531100
2026-02-10,87.05000305175781,87.05000305175781,87.73999786376953,86.25,86.72000122070312,14177200
2026-02-11,90.08999633789062,90.08999633789062,90.31999969482422,88.4800033569336,88.6500015258789,28395300
2026-02-12,89.2300033569336,89.2300033569336,91.62000274658203,89.08000183105469,89.8499984741211,51472200
2026-02-13,87.02999877929688,87.02999877929688,88.13999938964844,86.0199966430664,87.56999969482422,28644800
2026-02-18,83.91999816894531,83.91999816894531,85.1500015258789,83.55999755859375,85.0999984741211,20898700
2026-02-19,83.45999908447266,83.45999908447266,84.3499984741211,82.33000183105469,83.02999877929688,28410900
2026-02-20,86.80999755859375,86.80999755859375,86.80999755859375,83.41999816894531,83.80000305175781,40577200
2026-02-23,87.38999938964844,87.38999938964844,88.31999969482422,86.41999816894531,86.80999755859375,21193900
2026-02-24,87.7300033569336,87.7300033569336,88.70999908447266,87.4000015258789,87.4000015258789,19760700
2026-02-25,89.97000122070312,89.97000122070312,90.33000183105469,88.51000213623047,89.02999877929688,28707500
2026-02-26,89.20999908447266,89.20999908447266,89.37999725341797,87.04000091552734,88.94000244140625,24503100
2026-02-27,88.47000122070312,88.47000122070312,89.5,88.26000213623047,89.13999938964844,17328300
2026-03-02,88.16000366210938,88.16000366210938,89.16000366210938,87.29000091552734,87.91999816894531,13952600
2026-03-03,84.4800033569336,84.4800033569336,85.30999755859375,82.55000305175781,85.25,36088800
2026-03-04,84.08999633789062,84.08999633789062,85.62999725341797,83.58000183105469,85.38999938964844,17605800
2026-03-05,81.29000091552734,81.29000091552734,84.30000305175781,80.55000305175781,84.12999725341797,37872100
2026-03-06,78.86000061035156,78.86000061035156,81.19999694824219,78.4000015258789,80.9000015258789,29504600
2026-03-09,79.26000213623047,79.26000213623047,80.0999984741211,76.55000305175781,77.72000122070312,30576600
2026-03-10,80.55999755859375,80.55999755859375,80.98999786376953,79.66999816894531,80.16000366210938,17172800
2026-03-11,79.8499984741211,79.8499984741211,80.94000244140625,78.80000305175781,79.79000091552734,20865000
2026-03-12,79.23999786376953,79.23999786376953,79.7699966430664,77.66000366210938,79.7699966430664,29136500
2026-03-13,78.30000305175781,78.30000305175781,80.48999786376953,78.0199966430664,79.30000305175781,14416400
2026-03-16,78.83999633789062,78.83999633789062,80.19999694824219,78.80999755859375,79.38999938964844,13591400
2026-03-17,78.95999908447266,78.95999908447266,79.70999908447266,78.62999725341797,79.0999984741211,14222300
2026-03-18,77.12999725341797,77.12999725341797,78.66999816894531,77.05000305175781,78.6500015258789,19412200
2026-03-19,76.62999725341797,76.62999725341797,76.70999908447266,74.05999755859375,74.16999816894531,27262900
2026-03-20,75.55000305175781,75.55000305175781,76.69999694824219,74.70999908447266,76.20999908447266,44208900
2026-03-23,77.48999786376953,77.48999786376953,78.41999816894531,75.97000122070312,76.55999755859375,23384500
2026-03-24,78.0999984741211,78.0999984741211,78.41000366210938,76.55999755859375,76.9800033569336,15700300
2026-03-25,79.55000305175781,79.55000305175781,80.25,79.0,79.19999694824219,18658300
2026-03-26,78.91000366210938,78.91000366210938,79.58999633789062,78.01000213623047,78.12999725341797,13518900
2026-03-27,79.0,79.0,79.91999816894531,78.16999816894531,78.47000122070312,11101700
2026-03-30,79.5,79.5,81.05999755859375,79.29000091552734,80.25,18776700
2026-03-31,82.4800033569336,82.4800033569336,82.73999786376953,80.58999633789062,80.73999786376953,24956400
2026-04-01,83.0,83.0,84.04000091552734,82.58000183105469,83.30999755859375,28514000
2026-04-02,83.55000305175781,83.55000305175781,83.7699966430664,81.36000061035156,81.51000213623047,14019800
2026-04-06,83.08999633789062,83.08999633789062,84.22000122070312,82.80000305175781,84.04000091552734,8680700
2026-04-07,83.69000244140625,83.69000244140625,83.69999694824219,82.5999984741211,83.05000305175781,15312500
2026-04-08,85.58999633789062,85.58999633789062,86.72000122070312,84.7300033569336,86.5,24942400
2026-04-09,84.69000244140625,84.69000244140625,85.54000091552734,84.26000213623047,85.36000061035156,17973100
2026-04-10,85.58999633789062,85.58999633789062,86.38999938964844,84.58000183105469,85.0,24002400
2026-04-13,87.36000061035156,87.36000061035156,87.36000061035156,84.91999816894531,85.11000061035156,24661900
2026-04-14,88.30000305175781,88.30000305175781,88.54000091552734,87.18000030517578,87.5,18528400
2026-04-15,88.44000244140625,88.44000244140625,89.08000183105469,87.88999938964844,88.1500015258789,24527300
2026-04-16,87.44000244140625,87.44000244140625,89.38999938964844,87.0999984741211,88.88999938964844,13618900
2026-04-17,89.75,89.75,89.75,87.80000305175781,88.19999694824219,30119000
2026-04-20,88.7300033569336,88.7300033569336,89.44000244140625,88.02999877929688,88.80000305175781,16067700
2026-04-22,87.22000122070312,87.22000122070312,88.7300033569336,87.22000122070312,87.94999694824219,13222100
2026-04-23,85.97000122070312,85.97000122070312,87.16999816894531,85.70999908447266,86.63999938964844,12637500
2026-04-24,85.87000274658203,85.87000274658203,86.98999786376953,85.75,85.97000122070312,11436400
2026-04-27,85.5,85.5,86.30000305175781,84.88999938964844,86.1500015258789,8656600
2026-04-28,84.38999938964844,84.38999938964844,85.30000305175781,84.05000305175781,84.69999694824219,13687500
2026-04-29,79.44000244140625,79.44000244140625,82.91000366210938,79.25,82.80000305175781,43296200
2026-04-30,81.18000030517578,81.18000030517578,81.69999694824219,80.20999908447266,81.02999877929688,17593900
2026-05-04,78.66000366210938,78.66000366210938,81.36000061035156,78.6500015258789,81.18000030517578,18555600
2026-05-05,78.38999938964844,78.38999938964844,79.41999816894531,77.97000122070312,79.41999816894531,16295600
2026-05-06,81.2300033569336,81.2300033569336,81.63999938964844,80.0999984741211,80.3499984741211,17424200
2026-05-07,80.06999969482422,80.06999969482422,81.66999816894531,79.5999984741211,81.29000091552734,18912100
2026-05-08,80.80000305175781,80.80000305175781,81.79000091552734,80.36000061035156,80.56999969482422,16782600
2026-05-11,83.44999694824219,83.44999694824219,83.93000030517578,81.19000244140625,81.38999938964844,24868900
2026-05-12,83.25,83.25,83.98999786376953,81.73999786376953,83.1500015258789,16503000
2026-05-13,84.30000305175781,84.30000305175781,85.05000305175781,83.01000213623047,83.48999786376953,31641800
2026-05-14,82.87000274658203,82.87000274658203,85.41000366210938,82.62999725341797,85.0,31954300
2026-05-15,83.5,83.5,83.5,80.23999786376953,80.6500015258789,36318900
2026-05-18,81.83000183105469,81.83000183105469,83.5999984741211,81.05999755859375,83.0,22668800
2026-05-19,81.0199966430664,81.0199966430664,81.27999877929688,80.16999816894531,80.80000305175781,20334400
2026-05-20,82.0,82.0,82.20999908447266,80.8499984741211,81.44999694824219,15669300
2026-05-21,82.62999725341797,82.62999725341797,82.87999725341797,81.22000122070312,81.36000061035156,15156600
2026-05-22,83.0999984741211,83.0999984741211,83.13999938964844,81.8499984741211,82.33000183105469,11443900
2026-05-25,83.58999633789062,83.58999633789062,83.58999633789062,82.44999694824219,82.83999633789062,7059500
2026-05-26,83.06999969482422,83.06999969482422,84.12000274658203,82.30000305175781,83.2300033569336,10409000
2026-05-27,83.44999694824219,83.44999694824219,83.94000244140625,82.51000213623047,83.68000030517578,10613200
2026-05-28,83.95999908447266,83.95999908447266,84.05000305175781,82.23999786376953,83.1500015258789,12798900
2026-05-29,82.81999969482422,82.81999969482422,84.27999877929688,82.37999725341797,84.01000213623047,20839400
2026-06-01,81.69999694824219,81.69999694824219,82.25,80.58000183105469,82.12999725341797,16605900
2026-06-02,85.0,85.0,85.08000183105469,82.04000091552734,82.22000122070312,18457400
2026-06-03,81.79000091552734,81.79000091552734,83.79000091552734,81.79000091552734,83.61000061035156,19308800
2026-06-05,78.69999694824219,78.69999694824219,80.79000091552734,78.33000183105469,80.79000091552734,23008500
2026-06-08,78.06999969482422,78.06999969482422,79.27999877929688,77.31999969482422,78.91999816894531,15671500
2026-06-09,78.5,78.5,78.79000091552734,76.83000183105469,78.79000091552734,17523500
2026-06-10,77.69999694824219,77.69999694824219,78.1500015258789,77.19999694824219,77.91999816894531,12469100
2026-06-11,78.80000305175781,78.80000305175781,79.05000305175781,77.0999984741211,78.12000274658203,17725500
2026-06-12,79.16999816894531,79.16999816894531,79.80000305175781,78.12999725341797,78.66000366210938,12112600
2026-06-15,81.16000366210938,81.16000366210938,82.73999786376953,80.6500015258789,80.77999877929688,22329400
2026-06-16,81.44000244140625,81.44000244140625,82.19000244140625,80.5999984741211,80.73999786376953,19713900
2026-06-17,79.77999877929688,79.77999877929688,81.33999633789062,79.26000213623047,80.3499984741211,20268200
2026-06-18,79.94000244140625,79.94000244140625,80.37999725341797,78.87999725341797,79.5,19651900
2026-06-19,80.75,80.75,81.06999969482422,79.5,79.68000030517578,26305900
2026-06-22,80.91000366210938,80.91000366210938,81.58000183105469,80.11000061035156,80.55000305175781,18089300
2026-06-23,79.37999725341797,79.37999725341797,79.9800033569336,78.81999969482422,79.47000122070312,18415100
2026-06-24,77.7300033569336,77.7300033569336,78.86000061035156,77.16000366210938,78.55999755859375,22558900
2026-06-25,78.66000366210938,78.66000366210938,79.22000122070312,77.41999816894531,78.19999694824219,13882800
2026-06-26,78.1500015258789,78.1500015258789,78.87999725341797,77.91000366210938,78.18000030517578,25251100
2026-06-29,78.12999725341797,78.12999725341797,78.55999755859375,77.1500015258789,78.3499984741211,11791900
2026-06-30,77.87999725341797,77.87999725341797,78.29000091552734,77.25,78.0999984741211,11289500
2026-07-01,77.97000122070312,77.97000122070312,78.91999816894531,77.04000091552734,77.08999633789062,15414700
2026-07-02,78.23999786376953,78.23999786376953,79.31999969482422,77.72000122070312,78.5999984741211,17199300
2026-07-03,78.83999633789062,78.83999633789062,79.04000091552734,78.01000213623047,78.43000030517578,7793500
2026-07-06,77.79000091552734,77.79000091552734,78.77999877929688,77.5,78.29000091552734,12389100
2026-07-07,76.19999694824219,76.19999694824219,77.5999984741211,75.79000091552734,77.5999984741211,16866100
2026-07-08,72.69999694824219,72.69999694824219,75.22000122070312,72.3499984741211,75.22000122070312,29276700
2026-07-09,73.1500015258789,73.1500015258789,73.48999786376953,71.93000030517578,73.41000366210938,18980500
2026-07-10,74.18000030517578,74.18000030517578,74.66000366210938,73.12000274658203,74.0,22142400
2026-07-13,72.8499984741211,72.8499984741211,74.18000030517578,72.44999694824219,74.18000030517578,16237900
2026-07-14,74.01000213623047,74.01000213623047,74.69000244140625,73.18000030517578,73.41999816894531,14780100
2026-07-15,74.51000213623047,74.51000213623047,75.0,73.80000305175781,73.98999786376953,15456000
2026-07-16,72.9800033569336,72.9800033569336,74.08000183105469,72.54000091552734,73.8499984741211,12989700
2026-07-17,72.94000244140625,72.94000244140625,73.12000274658203,72.0999984741211,72.9800033569336,13491600
2026-07-20,71.93000030517578,71.93000030517578,73.25,71.70999908447266,73.0,13137000
2026-07-21,72.37000274658203,72.37000274658203,72.97000122070312,71.56999969482422,72.33999633789062,12581400
2026-07-22,75.0999984741211,75.0999984741211,75.25,73.33999633789062,73.61000061035156,17992800
2026-07-23,75.68000030517578,75.68000030517578,77.06999969482422,74.51000213623047,74.54000091552734,15826900
2026-07-24,75.23999786376953,75.23999786376953,75.52999877929688,74.83999633789062,75.16000366210938,8637800
2026-07-27,75.69000244140625,75.69000244140625,75.72000122070312,74.23999786376953,74.36000061035156,10921700
2026-07-28,75.69000244140625,75.69000244140625,76.25,75.0,76.0999984741211,12270800
2026-07-29,75.05000305175781,75.05000305175781,76.19999694824219,74.61000061035156,76.01000213623047,12265200
2026-07-30,76.08999633789062,76.08999633789062,76.55999755859375,74.61000061035156,75.9800033569336,16732800
2026-07-31,76.27999877929688,76.27999877929688,76.93000030517578,75.23999786376953,75.69999694824219,17353300
