Price,Adj Close,Close,High,Low,Open,Volume
Ticker,KNRI11.SA,KNRI11.SA,KNRI11.SA,KNRI11.SA,KNRI11.SA,KNRI11.SA
Date,,,,,,
2021-08-02,98.38956451416016,139.2899932861328,139.99000549316406,139.0399932861328,139.75999450683594,18700
2021-08-03,97.26643371582031,137.6999969482422,139.66000366210938,137.6999969482422,139.5,27409
2021-08-04,97.21699523925781,137.6300048828125,138.5,137.61000061035156,138.39999389648438,18963
2021-08-05,95.2885971069336,134.89999389648438,137.55999755859375,134.89999389648438,137.55999755859375,42011
2021-08-06,95.88902282714844,135.75,137.4199981689453,135.0,135.5,23524
2021-08-09,95.68417358398438,135.4600067138672,135.8000030517578,134.9600067138672,135.0399932861328,23367
2021-08-10,95.07669067382812,134.60000610351562,135.4600067138672,134.13999938964844,135.4600067138672,20097
2021-08-11,94.9495620727539,134.4199981689453,134.5500030517578,133.8000030517578,134.5500030517578,23283
2021-08-12,95.35923767089844,135.0,135.0,133.0500030517578,134.41000366210938,22469
2021-08-13,94.2996826171875,133.5,135.77999877929688,133.4499969482422,135.1999969482422,33900
2021-08-16,94.3491439819336,133.57000732421875,134.3000030517578,132.1300048828125,134.0,29254
2021-08-17,93.89705657958984,132.92999267578125,133.5500030517578,132.0,133.5500030517578,24348
2021-08-18,93.92532348632812,132.97000122070312,132.97999572753906,132.02999877929688,132.7899932861328,28581
2021-08-19,92.74568176269531,131.3000030517578,132.86000061035156,129.39999389648438,132.72999572753906,32664
2021-08-20,94.15135192871094,133.2899932861328,133.50999450683594,130.89999389648438,130.9499969482422,27502
2021-08-23,98.35420227050781,139.24000549316406,139.77999877929688,133.2899932861328,133.2899932861328,98777
2021-08-24,99.17361450195312,140.39999389648438,141.8800048828125,136.10000610351562,139.0,82065
2021-08-25,98.58024597167969,139.55999755859375,140.88999938964844,137.14999389648438,139.36000061035156,58912
2021-08-26,99.73870849609375,141.1999969482422,141.8800048828125,139.5500030517578,139.55999755859375,41065
2021-08-27,99.30072021484375,140.5800018310547,141.7899932861328,137.52999877929688,140.5,39880
2021-08-30,99.95060729980469,141.5,141.85000610351562,140.5800018310547,140.5800018310547,29838
2021-08-31,100.42385864257812,142.1699981689453,142.64999389648438,141.5,141.5,29320
2021-09-01,99.71746826171875,141.1699981689453,141.9499969482422,139.25999450683594,141.42999267578125,38803
2021-09-02,99.73870849609375,141.1999969482422,141.5,139.99000549316406,141.0,30520
2021-09-03,99.75987243652344,141.22999572753906,141.3800048828125,140.60000610351562,141.1999969482422,26775
2021-09-06,99.84466552734375,141.35000610351562,141.9499969482422,140.05999755859375,140.8000030517578,36447
2021-09-08,99.63272857666016,141.0500030517578,141.99000549316406,140.27999877929688,140.72999572753906,45010
2021-09-09,99.809326171875,141.3000030517578,141.88999938964844,140.55999755859375,140.99000549316406,51971
2021-09-10,98.60851287841797,139.60000610351562,141.49000549316406,139.39999389648438,140.39999389648438,41034
2021-09-13,94.9495620727539,134.4199981689453,140.0,133.41000366210938,139.25999450683594,102761
2021-09-14,97.90217590332031,138.60000610351562,138.7100067138672,134.83999633789062,134.91000366210938,65927
2021-09-15,99.20893859863281,140.4499969482422,140.7100067138672,138.2100067138672,138.60000610351562,45947
2021-09-16,99.62568664550781,141.0399932861328,141.60000610351562,139.11000061035156,140.4499969482422,40120
2021-09-17,103.23516845703125,146.14999389648438,146.14999389648438,140.67999267578125,140.67999267578125,610918
2021-09-20,101.080810546875,143.10000610351562,145.8300018310547,141.10000610351562,145.8300018310547,69440
2021-09-21,103.12924194335938,146.0,146.0,142.49000549316406,143.22999572753906,45945
2021-09-22,103.04450988769531,145.8800048828125,146.6999969482422,144.67999267578125,145.5500030517578,36809
2021-09-23,102.52181243896484,145.13999938964844,146.60000610351562,144.00999450683594,145.89999389648438,22417
2021-09-24,102.67009735107422,145.35000610351562,145.8000030517578,144.00999450683594,145.5,22650
2021-09-27,104.64794921875,148.14999389648438,148.5,144.5,145.00999450683594,55026
2021-09-28,103.39767456054688,146.3800048828125,148.47999572753906,145.52999877929688,147.99000549316406,42199
2021-09-29,102.78311157226562,145.50999450683594,146.39999389648438,144.3800048828125,146.3800048828125,28282
2021-09-30,103.83563995361328,147.0,148.27999877929688,145.60000610351562,146.19000244140625,35737
2021-10-01,102.42288970947266,145.0,146.8000030517578,143.8000030517578,146.3000030517578,39998
2021-10-04,101.9001693725586,144.25999450683594,145.0500030517578,142.07000732421875,145.0,39081
2021-10-05,101.85780334472656,144.1999969482422,144.80999755859375,143.02000427246094,144.35000610351562,21314
2021-10-06,102.34519958496094,144.88999938964844,145.7100067138672,143.8800048828125,144.1999969482422,33059
2021-10-07,102.09796142578125,144.5399932861328,145.5,143.49000549316406,144.5,21765
2021-10-08,102.42288970947266,145.0,145.3000030517578,144.27999877929688,144.5800018310547,20989
2021-10-11,103.04450988769531,145.8800048828125,146.75999450683594,145.0,145.02000427246094,18920
2021-10-13,102.9880142211914,145.8000030517578,146.97000122070312,145.25999450683594,145.55999755859375,20593
2021-10-14,102.41584014892578,144.99000549316406,146.0,142.5,145.8000030517578,47670
2021-10-15,101.71651458740234,144.0,145.0,144.0,145.0,18804
2021-10-18,101.70240020751953,143.97999572753906,144.6999969482422,141.75999450683594,144.0,19576
2021-10-19,100.55103302001953,142.35000610351562,143.89999389648438,142.35000610351562,143.69000244140625,24907
2021-10-20,101.15850067138672,143.2100067138672,143.9499969482422,142.6300048828125,142.9199981689453,13783
2021-10-21,100.1766586303711,141.82000732421875,142.6999969482422,140.5800018310547,142.60000610351562,16835
2021-10-22,99.52680969238281,140.89999389648438,141.75,140.38999938964844,141.0,24593
2021-10-25,99.13125610351562,140.33999633789062,141.19000244140625,140.10000610351562,140.80999755859375,24975
2021-10-26,97.54896545410156,138.10000610351562,140.49000549316406,138.00999450683594,140.33999633789062,24834
2021-10-27,97.05451202392578,137.39999389648438,138.9600067138672,136.1699981689453,138.00999450683594,25771
2021-10-28,96.77196502685547,137.0,137.8800048828125,136.0,137.39999389648438,15810
2021-10-29,95.84667205810547,135.69000244140625,137.60000610351562,134.89999389648438,137.0,28030
2021-11-01,95.6771240234375,135.4499969482422,136.5,134.35000610351562,134.92999267578125,38022
2021-11-03,94.2996826171875,133.5,135.39999389648438,133.5,135.39999389648438,33933
2021-11-04,94.3703384399414,133.60000610351562,134.07000732421875,132.47000122070312,133.4199981689453,21234
2021-11-05,94.05952453613281,133.16000366210938,134.13999938964844,131.5,133.60000610351562,28644
2021-11-08,94.28556823730469,133.47999572753906,133.5,132.6999969482422,133.16000366210938,23126
2021-11-09,95.50050354003906,135.1999969482422,137.99000549316406,132.0,133.47999572753906,38208
2021-11-10,95.00607299804688,134.5,135.1999969482422,133.6999969482422,135.19000244140625,29802
2021-11-11,94.77296447753906,134.1699981689453,135.60000610351562,133.10000610351562,134.5,24385
2021-11-12,94.2996826171875,133.5,134.16000366210938,133.1999969482422,134.10000610351562,22710
2021-11-16,94.22901153564453,133.39999389648438,133.5,132.5500030517578,133.2100067138672,37302
2021-11-17,94.03125,133.1199951171875,133.39999389648438,131.02000427246094,133.0500030517578,27766
2021-11-18,93.94648742675781,133.0,133.4499969482422,132.38999938964844,133.1199951171875,26452
2021-11-19,94.2996826171875,133.5,133.5,132.4600067138672,132.4600067138672,12594
2021-11-22,94.65288543701172,134.0,134.19000244140625,132.89999389648438,133.5,30593
2021-11-23,93.91117095947266,132.9499969482422,134.0,132.6999969482422,133.60000610351562,23140
2021-11-24,92.29361724853516,130.66000366210938,133.1999969482422,130.1999969482422,132.9499969482422,30640
2021-11-25,91.45304870605469,129.47000122070312,131.49000549316406,129.0,131.0,24376
2021-11-26,90.61247253417969,128.27999877929688,129.47000122070312,127.37000274658203,129.47000122070312,26298
2021-11-29,90.16747283935547,127.6500015258789,129.0,127.5,129.0,25036
2021-11-30,90.14627075195312,127.62000274658203,127.9800033569336,126.5,127.62999725341797,42842
2021-12-01,90.55596923828125,128.1999969482422,130.0,126.9000015258789,126.9000015258789,30132
2021-12-02,90.76786041259766,128.5,129.0,127.5,128.17999267578125,28241
2021-12-03,91.29058074951172,129.24000549316406,129.8699951171875,128.5,128.5500030517578,21013
2021-12-06,92.39250946044922,130.8000030517578,132.0,129.0,129.24000549316406,35773
2021-12-07,93.24015045166016,132.0,133.0,130.89999389648438,131.60000610351562,19841
2021-12-08,92.37837219238281,130.77999877929688,132.5399932861328,130.5800018310547,131.0,20633
2021-12-09,91.96869659423828,130.1999969482422,132.99000549316406,129.39999389648438,130.77999877929688,22501
2021-12-10,93.02823638916016,131.6999969482422,132.47999572753906,129.8000030517578,130.1999969482422,16924
2021-12-13,94.3632583618164,133.58999633789062,133.99000549316406,131.41000366210938,131.6999969482422,17155
2021-12-14,93.93238067626953,132.97999572753906,134.39999389648438,131.61000061035156,133.5,22690
2021-12-15,93.69930267333984,132.64999389648438,132.97999572753906,132.00999450683594,132.97999572753906,20815
2021-12-16,93.24722290039062,132.00999450683594,133.49000549316406,132.0,132.64999389648438,33382
2021-12-17,94.2502670288086,133.42999267578125,133.8000030517578,132.02999877929688,132.02999877929688,17274
2021-12-20,93.93238067626953,132.97999572753906,133.42999267578125,132.5,133.42999267578125,23953
2021-12-21,93.94648742675781,133.0,133.42999267578125,132.02000427246094,132.97999572753906,27054
2021-12-22,93.87589263916016,132.89999389648438,133.69000244140625,132.0500030517578,132.99000549316406,18165
2021-12-23,94.31380462646484,133.52000427246094,133.69000244140625,133.14999389648438,133.44000244140625,17926
2021-12-27,95.18267059326172,134.75,135.0,133.3000030517578,133.52000427246094,25418
2021-12-28,98.43194580078125,139.35000610351562,140.0,134.10000610351562,134.10000610351562,41219
2021-12-29,99.78816986083984,141.27000427246094,142.89999389648438,138.00999450683594,138.5,29689
2021-12-30,100.22605895996094,141.88999938964844,142.60000610351562,141.0,141.27000427246094,16002
2022-01-03,96.70133209228516,136.89999389648438,141.88999938964844,135.75,141.25,31158
2022-01-04,94.70233154296875,134.07000732421875,141.88999938964844,134.02000427246094,136.89999389648438,29937
2022-01-05,94.79415130615234,134.1999969482422,137.39999389648438,133.50999450683594,134.5500030517578,32590
2022-01-06,94.58928680419922,133.91000366210938,137.27999877929688,132.5500030517578,134.74000549316406,31240
2022-01-07,94.3208999633789,133.52999877929688,135.39999389648438,132.6699981689453,134.75,30930
2022-01-10,94.99193572998047,134.47999572753906,137.97999572753906,133.5,133.5500030517578,36326
2022-01-11,94.9495620727539,134.4199981689453,137.42999267578125,133.1699981689453,135.00999450683594,39342
2022-01-12,94.46215057373047,133.72999572753906,135.47000122070312,133.11000061035156,134.17999267578125,40582
2022-01-13,94.42682647705078,133.67999267578125,134.75999450683594,133.16000366210938,133.72999572753906,34031
2022-01-14,95.1049575805664,134.63999938964844,136.88999938964844,133.67999267578125,133.67999267578125,40707
2022-01-17,96.17156219482422,136.14999389648438,136.99000549316406,134.63999938964844,134.75,37292
2022-01-18,96.20685577392578,136.1999969482422,136.88999938964844,135.0399932861328,135.8000030517578,30307
2022-01-19,96.43293762207031,136.52000427246094,137.89999389648438,134.75,136.47000122070312,54862
2022-01-20,96.57420349121094,136.72000122070312,137.35000610351562,135.61000061035156,136.4199981689453,31249
2022-01-21,96.56712341308594,136.7100067138672,137.5,136.0,136.72000122070312,21378
2022-01-24,95.36629486083984,135.00999450683594,139.30999755859375,134.63999938964844,136.8000030517578,55365
2022-01-25,94.65288543701172,134.0,137.07000732421875,133.5,135.60000610351562,60283
2022-01-26,93.93946075439453,132.99000549316406,134.91000366210938,132.58999633789062,133.5500030517578,56781
2022-01-27,93.86177062988281,132.8800048828125,134.44000244140625,132.1300048828125,132.74000549316406,52114
2022-01-28,93.54389190673828,132.42999267578125,133.0,131.5500030517578,132.63999938964844,43709
2022-01-31,94.2996826171875,133.5,133.88999938964844,132.1999969482422,132.5,22757
2022-02-01,92.68917846679688,131.22000122070312,133.58999633789062,131.10000610351562,132.67999267578125,38884
2022-02-02,93.31784057617188,132.11000061035156,133.1300048828125,131.10000610351562,131.77000427246094,36057
2022-02-03,93.78404235839844,132.77000427246094,132.92999267578125,131.49000549316406,132.10000610351562,17547
2022-02-04,94.61048889160156,133.94000244140625,134.1699981689453,132.1999969482422,132.77000427246094,17121
2022-02-07,95.53582000732422,135.25,135.4499969482422,132.92999267578125,133.94000244140625,27083
2022-02-08,95.79010772705078,135.61000061035156,136.25,135.25,135.25,19784
2022-02-09,95.00607299804688,134.5,136.0,134.5,135.61000061035156,30066
2022-02-10,95.13320922851562,134.67999267578125,135.5,134.0,134.75,21439
2022-02-11,95.1473159790039,134.6999969482422,135.49000549316406,134.1699981689453,134.75,25669
2022-02-14,95.50050354003906,135.1999969482422,135.5,134.5,134.69000244140625,24250
2022-02-15,95.33805847167969,134.97000122070312,135.97000122070312,134.25,135.97000122070312,39649
2022-02-16,95.17559051513672,134.74000549316406,135.5,134.61000061035156,134.97000122070312,22464
2022-02-17,94.72350311279297,134.10000610351562,135.0,133.75,134.74000549316406,20156
2022-02-18,94.65288543701172,134.0,134.49000549316406,133.22000122070312,134.0,27332
2022-02-21,93.76992797851562,132.75,134.75,132.66000366210938,134.0,39499
2022-02-22,93.43086242675781,132.27000427246094,133.25,132.0800018310547,132.75,27127
2022-02-23,93.36021423339844,132.1699981689453,132.97000122070312,131.97000122070312,132.27000427246094,21759
2022-02-24,91.8274154663086,130.0,132.0,130.0,132.0,44334
2022-02-25,93.84053039550781,132.85000610351562,133.0,130.0500030517578,130.0500030517578,23739
2022-03-02,93.07060241699219,131.75999450683594,134.0,131.52999877929688,132.85000610351562,24078
2022-03-03,92.69622039794922,131.22999572753906,131.9600067138672,131.22999572753906,131.3000030517578,30159
2022-03-04,93.21896362304688,131.97000122070312,132.4499969482422,131.3300018310547,131.3300018310547,21501
2022-03-07,92.71037292480469,131.25,132.25,131.25,131.97000122070312,20825
2022-03-08,92.25125885009766,130.60000610351562,131.74000549316406,130.25,131.25,29863
2022-03-09,92.03932189941406,130.3000030517578,130.61000061035156,130.02999877929688,130.60000610351562,24069
2022-03-10,91.89805603027344,130.10000610351562,130.8000030517578,130.0500030517578,130.3000030517578,24923
2022-03-11,92.39250946044922,130.8000030517578,130.8300018310547,130.4600067138672,130.5,22863
2022-03-14,92.18062591552734,130.5,130.77999877929688,130.17999267578125,130.77000427246094,23666
2022-03-15,92.25125885009766,130.60000610351562,130.60000610351562,130.05999755859375,130.5,25267
2022-03-16,92.18062591552734,130.5,131.47999572753906,130.05999755859375,130.60000610351562,22579
2022-03-17,91.8274154663086,130.0,130.60000610351562,129.8699951171875,130.5,23206
2022-03-18,101.01017761230469,143.0,143.0,129.39999389648438,130.0,101127
2022-03-21,95.6771240234375,135.4499969482422,136.0,134.19000244140625,134.6699981689453,39185
2022-03-22,96.0373764038086,135.9600067138672,136.5,134.89999389648438,135.25999450683594,32084
2022-03-23,96.25634765625,136.27000427246094,136.47999572753906,135.1699981689453,135.97999572753906,21217
2022-03-24,96.25634765625,136.27000427246094,137.61000061035156,135.77000427246094,136.0,25274
2022-03-25,96.39054107666016,136.4600067138672,136.8000030517578,136.05999755859375,136.05999755859375,15485
2022-03-28,96.48943328857422,136.60000610351562,136.75999450683594,136.0,136.27999877929688,25316
2022-03-29,96.77196502685547,137.0,137.49000549316406,136.2100067138672,136.60000610351562,27834
2022-03-30,96.97679138183594,137.2899932861328,137.8800048828125,136.66000366210938,137.0,18265
2022-03-31,96.91322326660156,137.1999969482422,137.97999572753906,136.55999755859375,137.97999572753906,23469
2022-04-01,97.78536987304688,137.6199951171875,137.8699951171875,136.89999389648438,137.2100067138672,27666
2022-04-04,97.9771957397461,137.88999938964844,139.0,137.0,137.6199951171875,24301
2022-04-05,97.35194396972656,137.00999450683594,138.60000610351562,136.89999389648438,137.49000549316406,20177
2022-04-06,96.24349975585938,135.4499969482422,138.0,135.02000427246094,137.0500030517578,23932
2022-04-07,96.27901458740234,135.5,136.5,134.72999572753906,135.4499969482422,22061
2022-04-08,96.28611755371094,135.50999450683594,135.77999877929688,134.02999877929688,135.50999450683594,22187
2022-04-11,95.71056365966797,134.6999969482422,136.89999389648438,134.25,135.75,20755
2022-04-12,96.1582260131836,135.3300018310547,136.60000610351562,134.7100067138672,135.00999450683594,15175
2022-04-13,96.80480194091797,136.24000549316406,136.89999389648438,135.30999755859375,135.3300018310547,21636
2022-04-14,97.67171478271484,137.4600067138672,137.89999389648438,135.9499969482422,136.24000549316406,21770
2022-04-18,97.4869155883789,137.1999969482422,138.80999755859375,136.86000061035156,137.4600067138672,21085
2022-04-19,97.18140411376953,136.77000427246094,137.14999389648438,136.3000030517578,137.14999389648438,20862
2022-04-20,96.71954345703125,136.1199951171875,136.9499969482422,136.0,136.7899932861328,16898
2022-04-22,96.98247528076172,136.49000549316406,137.5,136.1199951171875,136.13999938964844,17013
2022-04-25,97.16008758544922,136.74000549316406,136.89999389648438,136.00999450683594,136.3000030517578,22894
2022-04-26,96.91848754882812,136.39999389648438,136.8000030517578,136.32000732421875,136.5,30136
2022-04-27,97.23827362060547,136.85000610351562,137.19000244140625,136.3300018310547,136.39999389648438,23735
2022-04-28,96.3500747680664,135.60000610351562,137.1699981689453,135.5500030517578,136.64999389648438,21286
2022-04-29,97.2737808227539,136.89999389648438,137.19000244140625,135.60000610351562,135.60000610351562,13731
2022-05-02,95.58464050292969,133.6999969482422,136.97999572753906,133.2100067138672,136.5,37918
2022-05-03,95.08422088623047,133.0,134.6999969482422,133.0,134.0,20264
2022-05-04,95.44166564941406,133.5,133.69000244140625,132.14999389648438,133.10000610351562,17361
2022-05-05,95.82771301269531,134.0399932861328,134.33999633789062,133.0,133.44000244140625,22034
2022-05-06,94.94121551513672,132.8000030517578,134.99000549316406,132.8000030517578,134.0,22978
2022-05-09,94.72673797607422,132.5,132.8000030517578,131.97999572753906,132.8000030517578,18859
2022-05-10,94.25489044189453,131.83999633789062,132.5,131.5,132.5,23282
2022-05-11,94.2262954711914,131.8000030517578,132.75,131.60000610351562,131.83999633789062,23007
2022-05-12,93.31121826171875,130.52000427246094,132.5500030517578,130.0,131.8000030517578,30315
2022-05-13,93.90457916259766,131.35000610351562,131.8699951171875,130.5,130.52000427246094,21732
2022-05-16,93.6758041381836,131.02999877929688,132.9199981689453,130.5,131.35000610351562,34430
2022-05-17,93.68295288085938,131.0399932861328,131.8800048828125,130.64999389648438,131.02999877929688,28725
2022-05-18,93.80453491210938,131.2100067138672,132.0,130.9499969482422,130.9499969482422,21773
2022-05-19,93.9260482788086,131.3800048828125,131.9499969482422,130.52000427246094,131.0,25452
2022-05-20,93.48279571533203,130.75999450683594,132.0,130.49000549316406,131.3800048828125,26867
2022-05-23,94.3692855834961,132.0,132.0,130.80999755859375,131.0,28886
2022-05-24,94.4979476928711,132.17999267578125,132.8000030517578,132.0,132.0,18820
2022-05-25,94.3692855834961,132.0,132.57000732421875,131.89999389648438,132.17999267578125,23441
2022-05-26,94.15480041503906,131.6999969482422,132.57000732421875,131.69000244140625,132.49000549316406,21078
2022-05-27,94.03329467773438,131.52999877929688,132.57000732421875,131.0,131.6999969482422,40936
2022-05-30,94.66957092285156,132.4199981689453,132.57000732421875,131.52999877929688,131.52999877929688,29311
2022-05-31,94.79823303222656,132.60000610351562,132.60000610351562,132.41000366210938,132.42999267578125,28700
2022-06-01,95.11287689208984,132.1999969482422,132.85000610351562,131.64999389648438,131.64999389648438,28201
2022-06-02,94.96896362304688,132.0,132.64999389648438,132.0,132.11000061035156,24668
2022-06-03,95.28553771972656,132.44000244140625,132.44000244140625,132.0,132.11000061035156,19184
2022-06-06,96.04815673828125,133.5,133.91000366210938,132.32000732421875,132.39999389648438,17357
2022-06-07,95.54454803466797,132.8000030517578,133.99000549316406,132.8000030517578,133.00999450683594,18371
2022-06-08,95.83230590820312,133.1999969482422,133.38999938964844,132.64999389648438,132.89999389648438,18254
2022-06-09,95.17041778564453,132.27999877929688,133.19000244140625,132.0,133.0,21424
2022-06-10,95.6380615234375,132.92999267578125,133.0,132.0,132.27999877929688,19801
2022-06-13,94.78912353515625,131.75,133.0,131.5,132.92999267578125,23014
2022-06-14,94.30709075927734,131.0800018310547,133.0,131.05999755859375,131.75,24718
2022-06-15,94.70995330810547,131.63999938964844,132.39999389648438,130.9600067138672,131.50999450683594,23600
2022-06-17,94.96896362304688,132.0,132.0,130.75,131.6999969482422,25961
2022-06-20,94.32865142822266,131.11000061035156,132.0,131.0500030517578,132.0,19043
2022-06-21,94.29269409179688,131.05999755859375,131.4499969482422,130.4499969482422,131.14999389648438,25247
2022-06-22,94.3358383178711,131.1199951171875,131.94000244140625,130.9499969482422,131.0500030517578,17212
2022-06-23,94.35740661621094,131.14999389648438,131.22999572753906,130.82000732421875,131.1199951171875,18809
2022-06-24,94.24949645996094,131.0,131.14999389648438,130.5,131.14999389648438,18894
2022-06-27,94.3358383178711,131.1199951171875,131.5399932861328,130.94000244140625,131.14999389648438,19904
2022-06-28,94.31427001953125,131.08999633789062,131.38999938964844,130.8000030517578,131.0,22202
2022-06-29,94.24949645996094,131.0,131.5,130.77999877929688,131.10000610351562,19582
2022-06-30,94.59485626220703,131.47999572753906,131.5,130.5,131.0,14025
2022-07-01,94.58566284179688,130.6300048828125,130.6300048828125,130.13999938964844,130.6300048828125,27642
2022-07-04,94.8246078491211,130.9600067138672,131.32000732421875,130.6300048828125,130.6300048828125,27402
2022-07-05,94.23809814453125,130.14999389648438,131.1999969482422,130.0,131.0,35497
2022-07-06,94.30327606201172,130.24000549316406,130.9600067138672,130.0,130.14999389648438,17484
2022-07-07,94.54222106933594,130.57000732421875,130.75999450683594,129.61000061035156,130.1999969482422,27685
2022-07-08,94.34671020507812,130.3000030517578,131.14999389648438,130.0,130.64999389648438,25332
2022-07-11,94.1294937133789,130.0,130.83999633789062,129.91000366210938,130.5,20782
2022-07-12,94.05707550048828,129.89999389648438,130.9600067138672,129.60000610351562,130.02000427246094,24596
2022-07-13,94.4046630859375,130.3800048828125,130.60000610351562,129.88999938964844,130.1999969482422,21843
2022-07-14,94.51325988769531,130.52999877929688,130.86000061035156,130.3000030517578,130.3800048828125,22305
2022-07-15,95.86724853515625,132.39999389648438,132.74000549316406,130.5399932861328,130.5399932861328,21733
2022-07-18,96.12071990966797,132.75,133.8800048828125,132.39999389648438,132.39999389648438,27276
2022-07-19,96.3741226196289,133.10000610351562,133.75,132.75,132.8800048828125,15876
2022-07-20,96.74340057373047,133.61000061035156,133.97999572753906,133.0,133.10000610351562,17301
2022-07-21,96.41756439208984,133.16000366210938,134.44000244140625,132.8300018310547,133.6199951171875,23555
2022-07-22,96.36688232421875,133.08999633789062,133.75,132.8800048828125,133.39999389648438,18161
2022-07-25,97.02579498291016,134.0,134.5,133.0,133.08999633789062,19278
2022-07-26,97.30095672607422,134.3800048828125,134.8000030517578,133.33999633789062,134.0,25862
2022-07-27,97.27923583984375,134.35000610351562,134.97000122070312,133.99000549316406,134.3800048828125,21020
2022-07-28,98.47392272949219,136.0,136.0,134.02999877929688,134.35000610351562,20554
2022-07-29,98.90837860107422,136.60000610351562,136.85000610351562,135.0,136.0,21723
2022-08-01,101.31166076660156,138.99000549316406,140.0,136.0,136.24000549316406,65788
2022-08-02,101.2169418334961,138.86000061035156,139.88999938964844,138.4600067138672,139.5,27554
2022-08-03,100.95452117919922,138.5,139.4499969482422,138.3699951171875,138.86000061035156,14156
2022-08-04,100.91075134277344,138.44000244140625,139.14999389648438,137.49000549316406,138.91000366210938,20736
2022-08-05,101.31898498535156,139.0,139.9499969482422,138.05999755859375,138.44000244140625,37764
2022-08-08,101.5157699584961,139.27000427246094,139.94000244140625,138.0,139.0500030517578,28558
2022-08-09,103.04645538330078,141.3699951171875,141.72999572753906,139.30999755859375,139.39999389648438,32875
2022-08-10,104.23461151123047,143.0,143.8699951171875,141.66000366210938,141.66000366210938,23570
2022-08-11,107.0700912475586,146.88999938964844,147.5,143.0,143.0,52903
2022-08-12,107.55119323730469,147.5500030517578,147.9499969482422,147.0,147.3000030517578,24680
2022-08-15,109.1037368774414,149.67999267578125,149.67999267578125,146.61000061035156,147.38999938964844,38009
2022-08-16,108.22908020019531,148.47999572753906,149.6300048828125,147.8699951171875,149.55999755859375,26828
2022-08-17,108.20721435546875,148.4499969482422,149.1300048828125,148.2899932861328,148.47999572753906,24493
2022-08-18,108.15617370605469,148.3800048828125,149.6999969482422,148.3800048828125,148.4499969482422,25120
2022-08-19,108.13432312011719,148.35000610351562,149.1999969482422,148.35000610351562,148.50999450683594,22221
2022-08-22,108.3165283203125,148.60000610351562,148.6199951171875,147.5,148.6199951171875,28717
2022-08-23,108.09786224365234,148.3000030517578,148.86000061035156,147.75,148.58999633789062,24139
2022-08-24,108.23633575439453,148.49000549316406,148.5500030517578,148.22000122070312,148.3000030517578,27493
2022-08-25,110.0367660522461,150.9600067138672,150.9600067138672,148.00999450683594,148.49000549316406,39282
2022-08-26,111.04267883300781,152.33999633789062,152.39999389648438,151.02000427246094,151.25,17235
2022-08-29,111.65492248535156,153.17999267578125,154.10000610351562,152.39999389648438,152.39999389648438,32195
2022-08-30,112.03397369384766,153.6999969482422,154.0,153.25,153.77999877929688,19842
2022-08-31,112.1943359375,153.9199981689453,154.49000549316406,153.6999969482422,153.6999969482422,23031
2022-09-01,111.8842544555664,152.58999633789062,153.7899932861328,152.35000610351562,153.7899932861328,29567
2022-09-02,111.3343276977539,151.83999633789062,153.07000732421875,151.83999633789062,153.00999450683594,16108
2022-09-05,112.11155700683594,152.89999389648438,153.0,151.83999633789062,152.27999877929688,18465
2022-09-06,111.15838623046875,151.60000610351562,153.5,151.10000610351562,152.8300018310547,28194
2022-09-08,111.3636474609375,151.8800048828125,152.6999969482422,151.41000366210938,151.72999572753906,18602
2022-09-09,111.74496459960938,152.39999389648438,153.49000549316406,151.57000732421875,151.8800048828125,28358
2022-09-12,111.45897674560547,152.00999450683594,153.33999633789062,151.0,152.5,21363
2022-09-13,110.98239135742188,151.36000061035156,152.00999450683594,151.0,152.00999450683594,16126
2022-09-14,110.4397964477539,150.6199951171875,151.6999969482422,150.07000732421875,151.3800048828125,17953
2022-09-15,109.18595886230469,148.91000366210938,151.5,148.85000610351562,150.85000610351562,24215
2022-09-16,113.46805572509766,154.75,154.75,149.3000030517578,149.52000427246094,59056
2022-09-19,112.62480926513672,153.60000610351562,154.38999938964844,152.67999267578125,153.25,24636
2022-09-20,112.91081237792969,153.99000549316406,154.3699951171875,152.27000427246094,153.60000610351562,25510
2022-09-21,112.3241958618164,153.19000244140625,154.0,152.60000610351562,153.99000549316406,16975
2022-09-22,111.63495635986328,152.25,153.19000244140625,151.05999755859375,153.19000244140625,23393
2022-09-23,111.70094299316406,152.33999633789062,153.0,151.50999450683594,152.25999450683594,16524
2022-09-26,111.27567291259766,151.75999450683594,152.35000610351562,151.0,152.33999633789062,13628
2022-09-27,111.26829528808594,151.75,152.32000732421875,151.58999633789062,152.2899932861328,15222
2022-09-28,110.99701690673828,151.3800048828125,152.25,151.3000030517578,151.80999755859375,12412
2022-09-29,111.22432708740234,151.69000244140625,152.38999938964844,151.3800048828125,151.3800048828125,13688
2022-09-30,112.03826141357422,152.8000030517578,152.8000030517578,151.38999938964844,151.5,14531
2022-10-03,111.41651153564453,151.0500030517578,152.8000030517578,151.0,151.8800048828125,20037
2022-10-04,109.83064270019531,148.89999389648438,151.0500030517578,147.74000549316406,151.0500030517578,30370
2022-10-05,110.3616943359375,149.6199951171875,150.5,148.50999450683594,148.8000030517578,25874
2022-10-06,112.52293395996094,152.5500030517578,153.25999450683594,149.6199951171875,149.63999938964844,22551
2022-10-07,111.71155548095703,151.4499969482422,153.0,150.1199951171875,152.55999755859375,24844
2022-10-10,112.68517303466797,152.77000427246094,152.77000427246094,151.44000244140625,151.44000244140625,15040
2022-10-11,112.36801147460938,152.33999633789062,153.0,152.2100067138672,152.77000427246094,14306
2022-10-13,111.8590316772461,151.64999389648438,152.69000244140625,151.1300048828125,152.33999633789062,18363
2022-10-14,112.20573425292969,152.1199951171875,152.32000732421875,150.25999450683594,151.63999938964844,19571
2022-10-17,111.1509780883789,150.69000244140625,152.69000244140625,149.0,152.10000610351562,27385
2022-10-18,110.97392272949219,150.4499969482422,151.9199981689453,148.64999389648438,150.8000030517578,21965
2022-10-19,111.60828399658203,151.30999755859375,151.97000122070312,150.4499969482422,150.4499969482422,17817
2022-10-20,111.52713775634766,151.1999969482422,151.88999938964844,150.66000366210938,151.30999755859375,15273
2022-10-21,111.16575622558594,150.7100067138672,151.9600067138672,150.11000061035156,151.89999389648438,22345
2022-10-24,110.0887680053711,149.25,151.38999938964844,148.64999389648438,151.38999938964844,37376
2022-10-25,110.15514373779297,149.33999633789062,149.97999572753906,148.8000030517578,149.25999450683594,17710
2022-10-26,110.05928039550781,149.2100067138672,149.97000122070312,148.8000030517578,149.41000366210938,12889
2022-10-27,109.79374694824219,148.85000610351562,149.3000030517578,148.8000030517578,149.19000244140625,13051
2022-10-28,110.06665802001953,149.22000122070312,149.38999938964844,149.0,149.02000427246094,11951
2022-10-31,109.0192642211914,147.8000030517578,149.2100067138672,147.00999450683594,149.1999969482422,24745
2022-11-01,107.91128540039062,145.39999389648438,147.77999877929688,145.14999389648438,147.14999389648438,23938
2022-11-03,107.4659652709961,144.8000030517578,146.5,144.8000030517578,145.39999389648438,19977
2022-11-04,107.25072479248047,144.50999450683594,144.60000610351562,143.8000030517578,144.5,29895
2022-11-07,106.79798126220703,143.89999389648438,145.0,143.77000427246094,143.8000030517578,20535
2022-11-08,106.99836730957031,144.1699981689453,145.0,143.8000030517578,143.8000030517578,16387
2022-11-09,106.05583190917969,142.89999389648438,144.2899932861328,142.8000030517578,144.1699981689453,19361
2022-11-10,103.96289825439453,140.0800018310547,143.5,140.0800018310547,142.89999389648438,28014
2022-11-11,103.6660385131836,139.67999267578125,141.57000732421875,138.5,140.0,32798
2022-11-14,104.0445785522461,140.19000244140625,140.88999938964844,139.67999267578125,139.67999267578125,17534
2022-11-16,103.6808853149414,139.6999969482422,142.36000061035156,139.60000610351562,140.19000244140625,24031
2022-11-17,101.38020324707031,136.60000610351562,140.27000427246094,136.5,139.6999969482422,24989
2022-11-18,104.1558837890625,140.33999633789062,140.33999633789062,136.58999633789062,136.60000610351562,21516
2022-11-21,103.74028015136719,139.77999877929688,140.3000030517578,138.32000732421875,140.3000030517578,22346
2022-11-22,103.50277709960938,139.4600067138672,139.85000610351562,139.3000030517578,139.77999877929688,13196
2022-11-23,102.15945434570312,137.64999389648438,139.4600067138672,137.61000061035156,139.4600067138672,17235
2022-11-24,100.8383560180664,135.8699951171875,137.3000030517578,135.8699951171875,137.00999450683594,17285
2022-11-25,100.8903579711914,135.94000244140625,136.9499969482422,135.24000549316406,135.8800048828125,24044
2022-11-28,103.90355682373047,140.0,140.0,136.0,136.0,27399
2022-11-29,105.20236206054688,141.75,141.8800048828125,139.00999450683594,140.0,29641
2022-11-30,107.14683532714844,144.3699951171875,144.5,141.75,141.75,21037
2022-12-01,106.12891387939453,142.10000610351562,144.1999969482422,141.33999633789062,144.1999969482422,23068
2022-12-02,107.54793548583984,144.0,144.0,142.19000244140625,142.19000244140625,13936
2022-12-05,107.1745376586914,143.5,144.0,141.02999877929688,144.0,16792
2022-12-06,105.3073959350586,141.0,143.99000549316406,141.0,143.5,15265
2022-12-07,104.56051635742188,140.0,142.99000549316406,140.0,142.99000549316406,14949
2022-12-08,104.20201110839844,139.52000427246094,141.5800018310547,139.3000030517578,140.14999389648438,16705
2022-12-09,103.94807434082031,139.17999267578125,140.0,139.0,139.52000427246094,10592
2022-12-12,103.62692260742188,138.75,139.92999267578125,138.5399932861328,139.17999267578125,15376
2022-12-13,102.92488861083984,137.80999755859375,140.3699951171875,137.0,139.0,16576
2022-12-14,101.91661834716797,136.4600067138672,138.5,136.02000427246094,137.80999755859375,21875
2022-12-15,102.02120208740234,136.60000610351562,137.3000030517578,136.05999755859375,136.4499969482422,21995
2022-12-16,101.39380645751953,135.75999450683594,137.36000061035156,135.75999450683594,135.8000030517578,20484
2022-12-19,101.94650268554688,136.5,137.25999450683594,135.2100067138672,135.75999450683594,22462
2022-12-20,102.96221923828125,137.86000061035156,138.25,134.97000122070312,135.0,26158
2022-12-21,104.37378692626953,139.75,140.8000030517578,137.8000030517578,137.86000061035156,31830
2022-12-22,105.10570526123047,140.72999572753906,140.77999877929688,138.5,139.75,24113
2022-12-23,105.26253509521484,140.94000244140625,141.8000030517578,140.0800018310547,140.72999572753906,15548
2022-12-26,103.5149154663086,138.60000610351562,142.0,138.39999389648438,140.94000244140625,21141
2022-12-27,102.91740417480469,137.8000030517578,140.6699981689453,137.60000610351562,139.1999969482422,18753
2022-12-28,105.29244232177734,140.97999572753906,140.97999572753906,137.89999389648438,137.89999389648438,16939
2022-12-29,104.70989227294922,140.1999969482422,140.97999572753906,139.69000244140625,140.97999572753906,14544
2023-01-02,105.16630554199219,139.80999755859375,141.88999938964844,139.1999969482422,139.1999969482422,27295
2023-01-03,104.55703735351562,139.0,141.49000549316406,138.89999389648438,139.80999755859375,25096
2023-01-04,102.78934478759766,136.64999389648438,139.0,136.55999755859375,138.5,37903
2023-01-05,103.29332733154297,137.32000732421875,138.6699981689453,136.6999969482422,137.14999389648438,20255
2023-01-06,103.06765747070312,137.02000427246094,137.99000549316406,136.58999633789062,137.3300018310547,24775
2023-01-09,104.97074890136719,139.5500030517578,139.99000549316406,136.6300048828125,137.02000427246094,33859
2023-01-10,104.97074890136719,139.5500030517578,139.5500030517578,138.5399932861328,139.49000549316406,22474
2023-01-11,105.28669738769531,139.97000122070312,140.25,137.1300048828125,139.5500030517578,21376
2023-01-12,104.85791778564453,139.39999389648438,140.5399932861328,138.9499969482422,139.97000122070312,14909
2023-01-13,104.40660095214844,138.8000030517578,140.0,138.0,139.39999389648438,29085
2023-01-16,104.36898803710938,138.75,139.3000030517578,138.39999389648438,138.8000030517578,18739
2023-01-17,103.78977966308594,137.97999572753906,139.8000030517578,137.67999267578125,138.75,21430
2023-01-18,105.64022827148438,140.44000244140625,140.91000366210938,137.97999572753906,137.99000549316406,29731
2023-01-19,105.02339172363281,139.6199951171875,140.39999389648438,139.3699951171875,140.07000732421875,16699
2023-01-20,104.76764678955078,139.27999877929688,140.3000030517578,138.52000427246094,139.6199951171875,20619
2023-01-23,104.5344467163086,138.97000122070312,140.3699951171875,138.61000061035156,139.27999877929688,25178
2023-01-24,104.70748138427734,139.1999969482422,139.1999969482422,138.5800018310547,138.8800048828125,17543
2023-01-25,105.30925750732422,140.0,140.0,138.89999389648438,139.1999969482422,18900
2023-01-26,104.73759460449219,139.24000549316406,140.1999969482422,139.16000366210938,140.0,18475
2023-01-27,104.82781219482422,139.36000061035156,139.6999969482422,139.11000061035156,139.6999969482422,15781
2023-01-30,104.55703735351562,139.0,140.67999267578125,139.0,139.36000061035156,18767
2023-01-31,105.12116241455078,139.75,140.77000427246094,139.02000427246094,139.11000061035156,19060
2023-02-01,103.07476043701172,136.13999938964844,139.8000030517578,135.50999450683594,138.83999633789062,43702
2023-02-02,103.61988067626953,136.86000061035156,137.63999938964844,136.10000610351562,136.50999450683594,25728
2023-02-03,103.73345184326172,137.00999450683594,137.99000549316406,136.13999938964844,136.86000061035156,17195
2023-02-06,103.3473129272461,136.5,137.97999572753906,136.5,137.0500030517578,17303
2023-02-07,103.05961608886719,136.1199951171875,136.99000549316406,135.89999389648438,136.67999267578125,18625
2023-02-08,103.29432678222656,136.42999267578125,136.88999938964844,135.88999938964844,136.1199951171875,11831
2023-02-09,102.59019470214844,135.5,136.42999267578125,135.5,136.38999938964844,16864
2023-02-10,102.43878173828125,135.3000030517578,135.75,135.0,135.5,17562
2023-02-13,102.13590240478516,134.89999389648438,136.1199951171875,134.89999389648438,135.3000030517578,19436
2023-02-14,102.17377471923828,134.9499969482422,135.97999572753906,134.5,134.89999389648438,20926
2023-02-15,102.13590240478516,134.89999389648438,135.02000427246094,134.0,134.9499969482422,23026
2023-02-16,101.83306884765625,134.5,135.5800018310547,134.5,134.89999389648438,19451
2023-02-17,104.30130767822266,137.75999450683594,137.75999450683594,134.5,134.5,29581
2023-02-22,104.14225769042969,137.5500030517578,138.10000610351562,136.5500030517578,137.75,17615
2023-02-23,103.0293197631836,136.0800018310547,137.97000122070312,136.02000427246094,137.5500030517578,23016
2023-02-24,103.6804428100586,136.94000244140625,137.89999389648438,136.5,136.5,25329
2023-02-27,102.96875,136.0,137.89999389648438,135.11000061035156,136.9499969482422,25057
2023-02-28,103.92273712158203,137.25999450683594,138.92999267578125,136.3000030517578,136.3000030517578,23756
2023-03-01,104.06526947021484,136.5,139.8699951171875,136.27000427246094,136.64999389648438,26501
2023-03-02,103.9890365600586,136.39999389648438,137.97999572753906,136.3000030517578,136.6699981689453,18002
2023-03-03,104.11865997314453,136.57000732421875,136.64999389648438,135.97999572753906,136.39999389648438,19345
2023-03-06,103.42484283447266,135.66000366210938,136.57000732421875,135.50999450683594,136.49000549316406,27782
2023-03-07,103.68407440185547,136.0,136.55999755859375,135.50999450683594,136.0,22647
2023-03-08,103.3333740234375,135.5399932861328,136.57000732421875,135.5,136.0,22535
2023-03-09,103.5315933227539,135.8000030517578,136.13999938964844,135.0500030517578,135.41000366210938,20136
2023-03-10,102.63200378417969,134.6199951171875,136.97000122070312,134.11000061035156,135.8000030517578,28978
2023-03-13,102.8073501586914,134.85000610351562,135.9600067138672,134.6199951171875,134.6199951171875,21901
2023-03-14,104.93441009521484,137.63999938964844,138.0,134.94000244140625,134.94000244140625,43544
2023-03-15,104.33213806152344,136.85000610351562,137.5500030517578,135.8699951171875,137.0,18546
2023-03-16,103.68407440185547,136.0,138.35000610351562,135.5,136.85000610351562,18660
2023-03-17,103.45538330078125,135.6999969482422,137.5,135.6999969482422,136.0399932861328,20358
2023-03-20,103.05130004882812,135.1699981689453,136.74000549316406,135.11000061035156,136.10000610351562,23259
2023-03-21,103.19615173339844,135.36000061035156,136.22999572753906,135.19000244140625,135.3000030517578,15738
2023-03-22,102.84542846679688,134.89999389648438,135.97000122070312,134.77000427246094,135.6699981689453,18542
2023-03-23,102.66250610351562,134.66000366210938,134.88999938964844,134.0,134.6199951171875,23676
2023-03-24,102.68539428710938,134.69000244140625,134.89999389648438,134.35000610351562,134.66000366210938,21326
2023-03-27,103.30289459228516,135.5,136.0,134.5500030517578,134.67999267578125,23871
2023-03-28,103.76032257080078,136.10000610351562,136.89999389648438,135.07000732421875,135.5,24111
2023-03-29,104.23299407958984,136.72000122070312,137.47999572753906,136.11000061035156,136.11000061035156,13673
2023-03-30,104.5608139038086,137.14999389648438,137.6300048828125,136.0,136.7100067138672,21379
2023-03-31,105.11738586425781,137.8800048828125,138.33999633789062,137.14999389648438,137.14999389648438,19288
2023-04-03,105.64472198486328,137.6199951171875,139.0,137.0,137.8000030517578,23673
2023-04-04,105.7368392944336,137.74000549316406,138.49000549316406,136.92999267578125,137.6199951171875,20526
2023-04-05,105.9364013671875,138.0,138.3000030517578,137.17999267578125,137.72999572753906,21395
2023-04-06,105.9364013671875,138.0,138.60000610351562,137.50999450683594,138.0,19274
2023-04-10,106.68875122070312,138.97999572753906,139.0,137.97000122070312,138.0,21431
2023-04-11,107.0879135131836,139.5,141.5,138.97999572753906,139.10000610351562,25166
2023-04-12,110.69588470458984,144.1999969482422,146.8000030517578,138.97999572753906,139.64999389648438,34514
2023-04-13,109.77466583251953,143.0,144.60000610351562,142.0,144.1699981689453,20990
2023-04-14,109.04544067382812,142.0500030517578,143.8000030517578,140.27999877929688,143.0,27692
2023-04-17,109.29108428955078,142.3699951171875,143.5500030517578,141.5,142.0500030517578,22686
2023-04-18,109.15290832519531,142.19000244140625,142.3699951171875,141.52000427246094,142.1300048828125,22559
2023-04-19,110.07408905029297,143.38999938964844,143.7100067138672,141.07000732421875,141.82000732421875,26022
2023-04-20,109.3371353149414,142.42999267578125,143.3800048828125,141.55999755859375,143.1300048828125,29857
2023-04-24,108.46200561523438,141.2899932861328,143.0,140.1699981689453,142.42999267578125,42624
2023-04-25,110.5423355102539,144.0,144.0,141.52000427246094,141.52000427246094,23361
2023-04-26,111.31002807617188,145.0,145.5,142.7899932861328,143.8000030517578,24371
2023-04-27,110.41184997558594,143.8300018310547,146.0,143.7899932861328,144.7899932861328,27108
2023-04-28,112.07766723632812,146.0,146.5,144.0,144.85000610351562,24396
2023-05-02,112.38439178466797,145.4499969482422,146.0,143.10000610351562,145.91000366210938,31524
2023-05-03,114.23876953125,147.85000610351562,147.99000549316406,145.0,145.42999267578125,40979
2023-05-04,115.799560546875,149.8699951171875,149.99000549316406,146.8699951171875,147.83999633789062,27018
2023-05-05,116.44087982177734,150.6999969482422,150.92999267578125,148.22999572753906,149.72000122070312,22336
2023-05-08,116.47953796386719,150.75,151.0,148.0,150.85000610351562,33422
2023-05-09,117.36807250976562,151.89999389648438,152.27000427246094,150.11000061035156,150.75,33303
2023-05-10,115.93865966796875,150.0500030517578,152.2899932861328,149.0,151.9499969482422,29046
2023-05-11,117.21351623535156,151.6999969482422,152.42999267578125,149.5,150.4600067138672,24036
2023-05-12,118.68163299560547,153.60000610351562,153.8000030517578,151.1300048828125,151.1300048828125,32236
2023-05-15,118.58889770507812,153.47999572753906,154.9499969482422,152.00999450683594,153.60000610351562,27114
2023-05-16,118.59662628173828,153.49000549316406,154.49000549316406,152.39999389648438,153.47999572753906,23916
2023-05-17,119.09889221191406,154.13999938964844,154.47999572753906,153.50999450683594,153.50999450683594,15258
2023-05-18,118.6429672241211,153.5500030517578,154.5,153.4199981689453,154.22999572753906,16206
2023-05-19,118.29528045654297,153.10000610351562,154.49000549316406,152.22000122070312,154.08999633789062,23915
2023-05-22,117.05902099609375,151.5,152.67999267578125,150.52000427246094,152.67999267578125,27394
2023-05-23,116.17045593261719,150.35000610351562,151.99000549316406,150.0,151.7100067138672,19283
2023-05-24,116.12410736083984,150.2899932861328,151.0,150.02000427246094,150.35000610351562,19118
2023-05-25,115.12737274169922,149.0,150.10000610351562,149.0,150.10000610351562,21396
2023-05-26,114.8028335571289,148.5800018310547,150.92999267578125,148.32000732421875,149.5500030517578,22488
2023-05-29,114.97283172607422,148.8000030517578,149.97999572753906,148.39999389648438,148.57000732421875,22153
2023-05-30,115.11192321777344,148.97999572753906,149.44000244140625,148.75,148.80999755859375,13951
2023-05-31,117.66938781738281,152.2899932861328,152.3000030517578,149.2899932861328,149.3000030517578,26054
2023-06-01,117.80699157714844,151.52000427246094,152.0,148.97000122070312,151.10000610351562,32934
2023-06-02,118.638916015625,152.58999633789062,152.8000030517578,151.5,151.52000427246094,17131
2023-06-05,119.5019760131836,153.6999969482422,153.89999389648438,152.6999969482422,152.6999969482422,21785
2023-06-06,118.70893859863281,152.67999267578125,154.8000030517578,152.60000610351562,153.69000244140625,33235
2023-06-07,118.68561553955078,152.64999389648438,153.94000244140625,151.52000427246094,152.80999755859375,24779
2023-06-09,120.05396270751953,154.41000366210938,154.5,153.0,153.11000061035156,14337
2023-06-12,120.19392395019531,154.58999633789062,154.60000610351562,153.92999267578125,154.41000366210938,17877
2023-06-13,121.21245574951172,155.89999389648438,156.0,154.5,154.58999633789062,22535
2023-06-14,120.7226333618164,155.27000427246094,155.89999389648438,154.61000061035156,155.8300018310547,19633
2023-06-15,120.87815856933594,155.47000122070312,156.47000122070312,155.11000061035156,155.27000427246094,22567
2023-06-16,121.59345245361328,156.38999938964844,156.38999938964844,154.6199951171875,155.47000122070312,24883
2023-06-19,121.99773406982422,156.91000366210938,157.0,156.0,156.3800048828125,23177
2023-06-20,121.99773406982422,156.91000366210938,157.0,156.0,156.86000061035156,19366
2023-06-21,122.43318939208984,157.47000122070312,157.89999389648438,156.16000366210938,156.9199981689453,26171
2023-06-22,122.05215454101562,156.97999572753906,157.97999572753906,156.61000061035156,157.5500030517578,19730
2023-06-23,122.37096405029297,157.38999938964844,157.88999938964844,156.11000061035156,156.97999572753906,15263
2023-06-26,122.04438781738281,156.97000122070312,158.0,155.8000030517578,157.3000030517578,29896
2023-06-27,122.4408950805664,157.47999572753906,157.82000732421875,156.97000122070312,156.97000122070312,16303
2023-06-28,123.62273406982422,159.0,159.0,157.38999938964844,157.47999572753906,23704
2023-06-29,125.02226257324219,160.8000030517578,161.91000366210938,159.0,159.8000030517578,17950
2023-06-30,124.2214126586914,159.77000427246094,161.89999389648438,157.5,161.1999969482422,42357
2023-07-03,123.05599975585938,156.77999877929688,159.6999969482422,154.5,158.64999389648438,78743
2023-07-04,123.18157196044922,156.94000244140625,157.5,155.89999389648438,156.9499969482422,25696
2023-07-05,123.33062744140625,157.1300048828125,157.50999450683594,156.4600067138672,156.94000244140625,24826
2023-07-06,123.93500518798828,157.89999389648438,158.64999389648438,156.88999938964844,157.1699981689453,31649
2023-07-07,124.47661590576172,158.58999633789062,158.8300018310547,157.72000122070312,157.8000030517578,30198
2023-07-10,124.413818359375,158.50999450683594,159.67999267578125,158.10000610351562,158.6300048828125,26614
2023-07-11,125.11238098144531,159.39999389648438,159.5,158.64999389648438,158.9499969482422,19670
2023-07-12,125.16735076904297,159.47000122070312,159.58999633789062,158.64999389648438,159.1999969482422,23737
2023-07-13,124.939697265625,159.17999267578125,159.60000610351562,158.85000610351562,159.47000122070312,23563
2023-07-14,125.3792953491211,159.74000549316406,159.74000549316406,159.17999267578125,159.17999267578125,27093
2023-07-17,125.58332061767578,160.0,160.8000030517578,159.6999969482422,159.74000549316406,24179
2023-07-18,126.06210327148438,160.61000061035156,161.0,159.97999572753906,160.0,23752
2023-07-19,125.62259674072266,160.0500030517578,160.97000122070312,158.6699981689453,160.3000030517578,28373
2023-07-20,125.8423080444336,160.3300018310547,161.97999572753906,159.30999755859375,160.0500030517578,32322
2023-07-21,126.99617004394531,161.8000030517578,162.39999389648438,160.6300048828125,160.6300048828125,24905
2023-07-24,127.56912231445312,162.52999877929688,163.47000122070312,161.83999633789062,161.83999633789062,16900
2023-07-25,127.22379302978516,162.08999633789062,163.47999572753906,161.3300018310547,162.61000061035156,22319
2023-07-26,126.0934829711914,160.64999389648438,163.1999969482422,160.39999389648438,162.08999633789062,20370
2023-07-27,126.36034393310547,160.99000549316406,162.49000549316406,160.7899932861328,161.19000244140625,19231
2023-07-28,126.32111358642578,160.94000244140625,162.38999938964844,160.02000427246094,161.17999267578125,31891
2023-07-31,126.564453125,161.25,162.97999572753906,160.5,161.25,39938
2023-08-01,127.42265319824219,161.38999938964844,162.9499969482422,160.42999267578125,161.88999938964844,21234
2023-08-02,126.64098358154297,160.39999389648438,161.97000122070312,160.3300018310547,161.07000732421875,22111
2023-08-03,127.7858657836914,161.85000610351562,162.82000732421875,161.0,161.0,24283
2023-08-04,127.92000579833984,162.02000427246094,162.02000427246094,161.10000610351562,161.85000610351562,23148
2023-08-07,128.93067932128906,163.3000030517578,163.3000030517578,161.49000549316406,162.02000427246094,23571
2023-08-08,129.39645385742188,163.88999938964844,164.3800048828125,163.3000030517578,163.3000030517578,21470
2023-08-09,127.82526397705078,161.89999389648438,164.14999389648438,161.38999938964844,163.88999938964844,29281
2023-08-10,126.94892120361328,160.7899932861328,162.5,160.10000610351562,162.0,31520
2023-08-11,126.0330810546875,159.6300048828125,161.0,159.36000061035156,160.77999877929688,36777
2023-08-14,125.62248992919922,159.11000061035156,160.0,157.97000122070312,159.6300048828125,32363
2023-08-15,126.32520294189453,160.0,160.0,159.11000061035156,159.11000061035156,17983
2023-08-16,126.31726837158203,159.99000549316406,160.4199981689453,159.50999450683594,160.0,20440
2023-08-17,125.62248992919922,159.11000061035156,160.22999572753906,158.8000030517578,160.1300048828125,32638
2023-08-18,125.93042755126953,159.5,159.91000366210938,158.60000610351562,159.1199951171875,24475
2023-08-21,124.71456909179688,157.9600067138672,159.89999389648438,157.5,159.5,36385
2023-08-22,123.71973419189453,156.6999969482422,158.3300018310547,156.25999450683594,157.9600067138672,26494
2023-08-23,124.34346771240234,157.49000549316406,157.69000244140625,156.60000610351562,156.6999969482422,19309
2023-08-24,125.52774810791016,158.99000549316406,158.99000549316406,157.57000732421875,157.69000244140625,14271
2023-08-25,125.05402374267578,158.38999938964844,159.5800018310547,157.72999572753906,159.1300048828125,18471
2023-08-28,125.53561401367188,159.0,159.44000244140625,158.30999755859375,158.38999938964844,20352
2023-08-29,124.25657653808594,157.3800048828125,159.85000610351562,157.02999877929688,159.44000244140625,35161
2023-08-30,125.52774810791016,158.99000549316406,159.85000610351562,157.3000030517578,157.42999267578125,22727
2023-08-31,126.44361114501953,160.14999389648438,160.39999389648438,159.02000427246094,159.5,20600
2023-09-01,127.47371673583984,160.5,160.99000549316406,159.1999969482422,159.94000244140625,21148
2023-09-04,126.98920440673828,159.88999938964844,161.47000122070312,159.61000061035156,160.67999267578125,20530
2023-09-05,128.2361602783203,161.4600067138672,161.5,159.0,159.75,26922
2023-09-06,128.49029541015625,161.77999877929688,162.89999389648438,160.58999633789062,161.25999450683594,20281
2023-09-08,129.06216430664062,162.5,162.89999389648438,159.0,162.36000061035156,26231
2023-09-11,129.6737060546875,163.27000427246094,164.44000244140625,162.5399932861328,162.5399932861328,25046
2023-09-12,130.29322814941406,164.0500030517578,164.47999572753906,162.8300018310547,163.27000427246094,19487
2023-09-13,129.443359375,162.97999572753906,164.75,162.5399932861328,163.89999389648438,22117
2023-09-14,128.89537048339844,162.2899932861328,163.69000244140625,161.50999450683594,162.91000366210938,17669
2023-09-15,132.7552947998047,167.14999389648438,167.14999389648438,162.2899932861328,162.2899932861328,23206
2023-09-18,131.64341735839844,165.75,166.0,164.1699981689453,164.99000549316406,31613
2023-09-19,130.412353515625,164.1999969482422,165.75,164.08999633789062,165.05999755859375,19782
2023-09-20,128.66502380371094,162.0,165.5,162.0,164.3000030517578,21130
2023-09-21,130.1661376953125,163.88999938964844,164.9600067138672,161.97000122070312,162.1999969482422,19568
2023-09-22,130.29322814941406,164.0500030517578,165.4499969482422,163.14999389648438,163.8800048828125,19469
2023-09-25,130.57119750976562,164.39999389648438,165.8699951171875,163.5,164.1999969482422,47736
2023-09-26,129.2130889892578,162.69000244140625,164.8699951171875,162.0,164.0,21976
2023-09-27,129.157470703125,162.6199951171875,163.67999267578125,162.02999877929688,162.69000244140625,16644
2023-09-28,129.2209930419922,162.6999969482422,163.39999389648438,162.1999969482422,162.60000610351562,14402
2023-09-29,130.63470458984375,164.47999572753906,165.0,162.6999969482422,162.6999969482422,23816
2023-10-02,127.6116714477539,159.6999969482422,164.91000366210938,159.0,163.47999572753906,37851
2023-10-03,127.08426666259766,159.0399932861328,161.0,158.55999755859375,160.0,22527
2023-10-04,126.83658599853516,158.72999572753906,161.22000122070312,158.5,159.67999267578125,22123
2023-10-05,126.63679504394531,158.47999572753906,160.3699951171875,158.22000122070312,158.8000030517578,23263
2023-10-06,126.43699645996094,158.22999572753906,159.6999969482422,157.64999389648438,158.82000732421875,24522
2023-10-09,125.85369873046875,157.5,159.0,157.0,158.3000030517578,27224
2023-10-10,127.45191955566406,159.5,159.5,157.0500030517578,157.75,22779
2023-10-11,128.6505126953125,161.0,161.6199951171875,159.0500030517578,159.5,20000
2023-10-13,130.4484100341797,163.25,163.6999969482422,161.25,161.25,22115
2023-10-16,128.99407958984375,161.42999267578125,163.25,160.75,163.0,24852
2023-10-17,127.85142517089844,160.0,162.3800048828125,159.5500030517578,161.42999267578125,20498
2023-10-18,126.70071411132812,158.55999755859375,160.0399932861328,158.50999450683594,160.0,30095
2023-10-19,125.85369873046875,157.5,159.67999267578125,157.32000732421875,159.0,40630
2023-10-20,126.49298095703125,158.3000030517578,158.44000244140625,157.35000610351562,157.5,17263
2023-10-23,126.87651824951172,158.77999877929688,159.0,157.5,158.3000030517578,23252
2023-10-24,127.31603240966797,159.3300018310547,160.5,158.77999877929688,158.85000610351562,32075
2023-10-25,128.10714721679688,160.32000732421875,160.99000549316406,159.11000061035156,159.42999267578125,22710
2023-10-26,126.69275665283203,158.5500030517578,160.9499969482422,158.11000061035156,159.83999633789062,24864
2023-10-27,128.04318237304688,160.24000549316406,160.57000732421875,158.5500030517578,158.5500030517578,22502
2023-10-30,127.6995620727539,159.80999755859375,160.5,159.5,160.22999572753906,14657
2023-10-31,127.59571838378906,159.67999267578125,160.39999389648438,158.89999389648438,160.02000427246094,19335
2023-11-01,126.74879455566406,157.6300048828125,158.88999938964844,157.25999450683594,158.67999267578125,20042
2023-11-03,128.276611328125,159.52999877929688,161.69000244140625,157.3699951171875,157.3699951171875,35001
2023-11-06,128.775146484375,160.14999389648438,160.5,158.0,159.5399932861328,23983
2023-11-07,130.34312438964844,162.10000610351562,162.30999755859375,160.14999389648438,160.14999389648438,21753
2023-11-08,129.95712280273438,161.6199951171875,162.85000610351562,161.0,162.10000610351562,20852
2023-11-09,130.16622924804688,161.8800048828125,162.27000427246094,160.82000732421875,161.64999389648438,22845
2023-11-10,129.5068359375,161.05999755859375,161.99000549316406,160.25999450683594,161.8800048828125,19679
2023-11-13,128.53390502929688,159.85000610351562,162.0,159.85000610351562,161.05999755859375,24193
2023-11-14,129.4666748046875,161.00999450683594,161.97999572753906,159.83999633789062,159.85000610351562,30359
2023-11-16,130.03758239746094,161.72000122070312,162.11000061035156,160.64999389648438,161.0,22433
2023-11-17,130.15016174316406,161.86000061035156,162.4600067138672,160.64999389648438,161.7100067138672,21148
2023-11-20,130.11798095703125,161.82000732421875,162.08999633789062,161.08999633789062,162.08999633789062,15364
2023-11-21,130.11798095703125,161.82000732421875,161.82000732421875,160.77000427246094,161.49000549316406,25045
2023-11-22,128.0112762451172,159.1999969482422,161.72999572753906,159.1999969482422,161.3000030517578,30846
2023-11-23,127.56904602050781,158.64999389648438,160.0,158.39999389648438,159.24000549316406,25004
2023-11-24,129.4586181640625,161.0,161.02999877929688,158.5,158.64999389648438,33444
2023-11-27,127.46443176269531,158.52000427246094,160.97000122070312,158.50999450683594,160.97000122070312,37017
2023-11-28,127.77003479003906,158.89999389648438,158.9499969482422,158.33999633789062,158.6999969482422,20190
2023-11-29,127.778076171875,158.91000366210938,160.0,158.5800018310547,158.89999389648438,26996
2023-11-30,128.25253295898438,159.5,160.47000122070312,159.0,159.00999450683594,19672
2023-12-01,127.84535217285156,158.0,161.07000732421875,157.30999755859375,158.85000610351562,36246
2023-12-04,127.9909439086914,158.17999267578125,159.6199951171875,157.99000549316406,158.00999450683594,35087
2023-12-05,129.45553588867188,159.99000549316406,159.99000549316406,158.17999267578125,158.17999267578125,20414
2023-12-06,129.3017578125,159.8000030517578,160.6999969482422,159.39999389648438,159.99000549316406,21895
2023-12-07,129.38265991210938,159.89999389648438,161.0,159.30999755859375,159.8000030517578,19677
2023-12-08,129.3745880126953,159.88999938964844,159.89999389648438,159.47999572753906,159.8699951171875,13846
2023-12-11,128.29037475585938,158.5500030517578,159.88999938964844,158.5500030517578,159.88999938964844,23804
2023-12-12,129.22088623046875,159.6999969482422,160.4199981689453,158.5,158.5500030517578,23563
2023-12-13,129.33413696289062,159.83999633789062,160.1999969482422,158.0,159.6999969482422,22337
2023-12-14,129.463623046875,160.0,160.6699981689453,159.5800018310547,159.83999633789062,24700
2023-12-15,130.27276611328125,161.0,161.0,159.9199981689453,160.0,25062
2023-12-18,129.55270385742188,160.11000061035156,160.9499969482422,159.7100067138672,160.85000610351562,23060
2023-12-19,129.94911193847656,160.60000610351562,160.88999938964844,160.11000061035156,160.11000061035156,16808
2023-12-20,130.313232421875,161.0500030517578,162.47000122070312,160.60000610351562,160.61000061035156,21279
2023-12-21,132.6193084716797,163.89999389648438,164.8699951171875,161.0500030517578,161.88999938964844,35312
2023-12-22,131.55931091308594,162.58999633789062,164.6199951171875,162.58999633789062,163.89999389648438,23807
2023-12-26,133.2666015625,164.6999969482422,164.8000030517578,162.9199981689453,162.9199981689453,24862
2023-12-27,133.91392517089844,165.5,165.89999389648438,164.3000030517578,164.69000244140625,16783
2023-12-28,133.91392517089844,165.5,166.89999389648438,165.0,165.5,29906
2024-01-02,134.4404754638672,165.14999389648438,165.1999969482422,164.02000427246094,164.97000122070312,20930
2024-01-03,134.69284057617188,165.4600067138672,165.82000732421875,164.32000732421875,165.14999389648438,20795
2024-01-04,134.15553283691406,164.8000030517578,165.5,164.1199951171875,165.4600067138672,18847
2024-01-05,133.86248779296875,164.44000244140625,165.5,164.25,164.8000030517578,14658
2024-01-08,133.3740692138672,163.83999633789062,164.97999572753906,163.52000427246094,164.44000244140625,27882
2024-01-09,133.2926788330078,163.74000549316406,164.88999938964844,163.7100067138672,163.85000610351562,27180
2024-01-10,134.96961975097656,165.8000030517578,165.8000030517578,163.47999572753906,163.74000549316406,19348
2024-01-11,133.91134643554688,164.5,165.77000427246094,164.5,165.47000122070312,20371
2024-01-12,134.11483764648438,164.75,165.4499969482422,164.1999969482422,164.5,21698
2024-01-15,135.66151428222656,166.64999389648438,166.88999938964844,164.75,164.75,26566
2024-01-16,134.88818359375,165.6999969482422,166.5,165.0399932861328,166.35000610351562,41180
2024-01-17,134.9044952392578,165.72000122070312,166.1999969482422,165.27999877929688,165.69000244140625,16428
2024-01-18,134.41603088378906,165.1199951171875,166.25,164.52999877929688,165.72000122070312,17792
2024-01-19,134.4404754638672,165.14999389648438,165.94000244140625,164.8699951171875,165.1199951171875,18319
2024-01-22,133.9032440185547,164.49000549316406,165.1999969482422,164.27999877929688,165.14999389648438,16965
2024-01-23,133.23565673828125,163.6699981689453,164.83999633789062,162.39999389648438,164.49000549316406,41505
2024-01-24,132.90191650390625,163.25999450683594,164.24000549316406,163.02999877929688,163.6699981689453,17299
2024-01-25,133.98458862304688,164.58999633789062,164.97999572753906,163.25,163.25999450683594,19178
2024-01-26,135.41734313964844,166.35000610351562,166.49000549316406,164.58999633789062,164.58999633789062,21206
2024-01-29,135.02655029296875,165.8699951171875,166.6699981689453,164.25,166.25,29665
2024-01-30,133.72410583496094,164.27000427246094,166.5,164.27000427246094,165.8699951171875,27176
2024-01-31,133.50433349609375,164.0,165.17999267578125,163.88999938964844,164.66000366210938,29023
2024-02-01,132.60897827148438,161.91000366210938,163.8000030517578,161.14999389648438,163.0,36207
2024-02-02,132.4779510498047,161.75,161.91000366210938,161.14999389648438,161.91000366210938,17414
2024-02-05,132.51882934570312,161.8000030517578,161.85000610351562,161.41000366210938,161.75,19887
2024-02-06,132.55162048339844,161.83999633789062,161.85000610351562,161.0,161.8000030517578,28454
2024-02-07,133.17408752441406,162.60000610351562,163.0,161.5,161.55999755859375,25559
2024-02-08,133.2559814453125,162.6999969482422,163.49000549316406,162.61000061035156,162.61000061035156,23488
2024-02-09,133.7473602294922,163.3000030517578,163.3699951171875,162.6199951171875,162.80999755859375,23873
2024-02-14,133.7391815185547,163.2899932861328,163.39999389648438,163.0,163.3000030517578,13844
2024-02-15,134.4927215576172,164.2100067138672,164.97999572753906,163.2899932861328,163.2899932861328,25412
2024-02-16,134.53366088867188,164.25999450683594,165.0,164.0500030517578,164.2899932861328,26878
2024-02-19,135.4346466064453,165.36000061035156,165.5,164.3000030517578,164.99000549316406,26703
2024-02-20,135.9342041015625,165.97000122070312,166.58999633789062,165.02000427246094,165.36000061035156,23443
2024-02-21,135.9342041015625,165.97000122070312,166.75,165.42999267578125,165.97000122070312,18162
2024-02-22,135.7130584716797,165.6999969482422,166.74000549316406,164.32000732421875,165.97000122070312,28203
2024-02-23,136.65492248535156,166.85000610351562,167.0500030517578,165.5,165.6999969482422,26573
2024-02-26,136.35191345214844,166.47999572753906,166.67999267578125,165.64999389648438,166.5399932861328,21181
2024-02-27,134.32073974609375,164.0,166.9499969482422,163.0,166.64999389648438,54265
2024-02-28,135.87681579589844,165.89999389648438,166.6699981689453,164.00999450683594,164.08999633789062,21207
2024-02-29,136.39283752441406,166.52999877929688,166.99000549316406,165.60000610351562,165.91000366210938,21913
2024-03-01,134.8824005126953,163.6999969482422,166.52999877929688,163.6999969482422,165.52999877929688,32827
2024-03-04,134.63522338867188,163.39999389648438,164.39999389648438,163.0500030517578,163.75,30307
2024-03-05,135.01422119140625,163.86000061035156,164.8699951171875,163.39999389648438,163.39999389648438,27916
2024-03-06,134.71762084960938,163.5,164.47000122070312,163.16000366210938,163.8699951171875,24408
2024-03-07,135.6734161376953,164.66000366210938,164.9499969482422,163.5,163.5,18577
2024-03-08,135.6156463623047,164.58999633789062,164.8000030517578,163.6300048828125,164.66000366210938,24174
2024-03-11,135.68162536621094,164.6699981689453,164.8000030517578,164.1199951171875,164.58999633789062,14443
2024-03-12,135.44268798828125,164.3800048828125,164.67999267578125,164.1199951171875,164.6699981689453,16470
2024-03-13,135.7557373046875,164.75999450683594,164.91000366210938,164.1999969482422,164.3000030517578,14026
2024-03-14,135.73104858398438,164.72999572753906,164.99000549316406,164.32000732421875,164.8000030517578,19166
2024-03-15,136.11830139160156,165.1999969482422,165.5,164.5,164.80999755859375,24543
2024-03-18,135.10789489746094,163.9736785888672,165.36920166015625,163.63478088378906,164.67144775390625,19248
2024-03-19,136.32342529296875,165.44894409179688,165.46888732910156,163.9736785888672,163.9736785888672,17890
2024-03-20,135.47744750976562,164.4222412109375,165.3393096923828,164.19297790527344,165.31936645507812,19899
2024-03-21,135.13250732421875,164.0035858154297,165.26953125,163.67465209960938,164.801025390625,20254
2024-03-22,135.51031494140625,164.4621124267578,164.61163330078125,163.47528076171875,163.67465209960938,13689
2024-03-25,136.99693298339844,166.26632690429688,166.26632690429688,164.4720916748047,164.61163330078125,30927
2024-03-26,135.92916870117188,164.97048950195312,166.435791015625,164.77113342285156,166.16664123535156,19777
2024-03-27,135.87109375,164.89999389648438,165.9499969482422,164.22000122070312,164.97000122070312,19422
2024-03-28,137.10704040527344,166.39999389648438,166.5,165.10000610351562,165.11000061035156,25618
2024-04-01,135.07615661621094,162.9499969482422,165.14999389648438,162.8699951171875,165.14999389648438,36291
2024-04-02,135.50721740722656,163.47000122070312,163.5,162.8000030517578,162.9499969482422,29289
2024-04-03,135.15908813476562,163.0500030517578,163.5,162.97999572753906,163.47000122070312,21171
2024-04-04,135.40777587890625,163.35000610351562,163.50999450683594,163.11000061035156,163.39999389648438,17304
2024-04-05,135.30825805664062,163.22999572753906,163.50999450683594,162.99000549316406,163.35000610351562,19980
2024-04-08,135.68128967285156,163.67999267578125,163.69000244140625,163.1199951171875,163.35000610351562,22235
2024-04-09,135.4906005859375,163.4499969482422,163.8800048828125,163.00999450683594,163.67999267578125,27683
2024-04-10,135.7642059326172,163.77999877929688,163.9499969482422,163.30999755859375,163.4499969482422,18599
2024-04-11,135.94654846191406,164.0,164.0,163.6199951171875,163.89999389648438,16644
2024-04-12,136.44393920898438,164.60000610351562,164.64999389648438,163.61000061035156,164.0,19117
2024-04-15,136.0625762939453,164.13999938964844,164.6699981689453,163.80999755859375,164.50999450683594,22574
2024-04-16,135.3662567138672,163.3000030517578,164.66000366210938,163.11000061035156,164.63999938964844,18706
2024-04-17,135.17562866210938,163.07000732421875,163.3000030517578,162.7899932861328,163.10000610351562,17198
2024-04-18,135.9050750732422,163.9499969482422,164.5,162.52000427246094,163.25,29841
2024-04-19,136.5433807373047,164.72000122070312,165.0,163.0500030517578,163.88999938964844,33857
2024-04-22,135.62327575683594,163.61000061035156,164.8000030517578,163.5800018310547,164.38999938964844,26879
2024-04-23,134.97666931152344,162.8300018310547,164.52999877929688,162.6999969482422,163.74000549316406,44128
2024-04-24,134.87722778320312,162.7100067138672,163.49000549316406,162.50999450683594,163.47999572753906,19131
2024-04-25,135.52381896972656,163.49000549316406,163.5,162.5500030517578,162.7100067138672,18676
2024-04-26,135.4906005859375,163.4499969482422,164.8300018310547,163.22000122070312,163.5,19291
2024-04-29,135.94654846191406,164.0,164.0,163.02000427246094,163.5,17422
2024-04-30,135.92996215820312,163.97999572753906,164.7899932861328,163.0,163.92999267578125,26902
2024-05-02,135.90493774414062,162.9499969482422,163.9499969482422,162.5399932861328,162.97999572753906,22330
2024-05-03,136.7806854248047,164.0,164.1999969482422,162.9499969482422,163.14999389648438,22079
2024-05-06,136.8140411376953,164.0399932861328,164.38999938964844,163.27000427246094,164.0,15972
2024-05-07,137.0308837890625,164.3000030517578,164.44000244140625,162.91000366210938,164.08999633789062,26413
2024-05-08,136.28030395507812,163.39999389648438,164.39999389648438,162.97000122070312,164.3000030517578,18351
2024-05-09,135.57135009765625,162.5500030517578,163.42999267578125,161.83999633789062,163.41000366210938,33129
2024-05-10,135.13766479492188,162.02999877929688,162.39999389648438,161.3300018310547,162.39999389648438,39611
2024-05-13,133.961669921875,160.6199951171875,162.14999389648438,160.27999877929688,162.02999877929688,30793
2024-05-14,134.0533905029297,160.72999572753906,161.4499969482422,160.1199951171875,160.8300018310547,46689
2024-05-15,133.44456481933594,160.0,161.10000610351562,159.36000061035156,160.6999969482422,29255
2024-05-16,133.6947784423828,160.3000030517578,160.60000610351562,159.57000732421875,160.22000122070312,27657
2024-05-17,133.5696563720703,160.14999389648438,160.60000610351562,159.7100067138672,160.33999633789062,20400
2024-05-20,133.3111114501953,159.83999633789062,161.02000427246094,159.3000030517578,160.47999572753906,33766
2024-05-21,133.02757263183594,159.5,160.4499969482422,159.30999755859375,159.64999389648438,25804
2024-05-22,133.02757263183594,159.5,159.89999389648438,159.25999450683594,159.25999450683594,18235
2024-05-23,132.77740478515625,159.1999969482422,159.9199981689453,159.00999450683594,159.5800018310547,23455
2024-05-24,133.04425048828125,159.52000427246094,159.9600067138672,159.1999969482422,159.27000427246094,17072
2024-05-27,133.44456481933594,160.0,160.0,159.5399932861328,159.5399932861328,20911
2024-05-28,133.1276397705078,159.6199951171875,160.3000030517578,159.08999633789062,159.8000030517578,23281
2024-05-29,133.5696563720703,160.14999389648438,160.86000061035156,160.0,160.00999450683594,17321
2024-05-31,133.4862823486328,160.0500030517578,162.0,159.86000061035156,159.8800048828125,24150
2024-06-03,133.69607543945312,159.3000030517578,160.82000732421875,159.0500030517578,159.3699951171875,23180
2024-06-04,132.8988037109375,158.35000610351562,159.49000549316406,158.3000030517578,159.10000610351562,19316
2024-06-05,132.59664916992188,157.99000549316406,159.27000427246094,157.75,158.4499969482422,22495
2024-06-06,133.40231323242188,158.9499969482422,159.1999969482422,158.00999450683594,158.0399932861328,17483
2024-06-07,133.61216735839844,159.1999969482422,159.6999969482422,158.3000030517578,158.89999389648438,19436
2024-06-10,132.56304931640625,157.9499969482422,159.67999267578125,157.6999969482422,159.25,30608
2024-06-11,132.7477264404297,158.1699981689453,158.77000427246094,157.8000030517578,157.9499969482422,17313
2024-06-12,132.1853790283203,157.5,158.6999969482422,157.1999969482422,158.1699981689453,51083
2024-06-13,131.0020294189453,156.08999633789062,158.3300018310547,155.9199981689453,157.30999755859375,28313
2024-06-14,130.63272094726562,155.64999389648438,156.25,154.8699951171875,156.1199951171875,53060
2024-06-17,129.28993225097656,154.0500030517578,156.94000244140625,152.5399932861328,155.64999389648438,47755
2024-06-18,129.0968780517578,153.82000732421875,154.83999633789062,153.5800018310547,154.10000610351562,40635
2024-06-19,128.9038848876953,153.58999633789062,154.49000549316406,153.14999389648438,153.82000732421875,23908
2024-06-20,128.72755432128906,153.3800048828125,154.41000366210938,153.05999755859375,153.89999389648438,27850
2024-06-21,128.36671447753906,152.9499969482422,153.7899932861328,152.60000610351562,153.3800048828125,34541
2024-06-24,128.1400909423828,152.67999267578125,153.58999633789062,152.3000030517578,152.9499969482422,37883
2024-06-25,130.0872039794922,155.0,155.0,152.0,152.72999572753906,41402
2024-06-26,131.93362426757812,157.1999969482422,157.52999877929688,154.72000122070312,155.0,33424
2024-06-27,133.69607543945312,159.3000030517578,159.3000030517578,157.1999969482422,157.52999877929688,17059
2024-06-28,133.98983764648438,159.64999389648438,160.0,158.58999633789062,159.0,26431
2024-07-01,133.5168914794922,158.08999633789062,158.5,155.75,158.5,66851
2024-07-02,132.005126953125,156.3000030517578,158.07000732421875,155.8000030517578,158.0,26805
2024-07-03,130.82272338867188,154.89999389648438,156.92999267578125,154.00999450683594,156.3000030517578,36199
2024-07-04,130.73828125,154.8000030517578,156.8800048828125,154.14999389648438,155.16000366210938,31225
2024-07-05,131.920654296875,156.1999969482422,157.47999572753906,155.00999450683594,155.00999450683594,23287
2024-07-08,133.15370178222656,157.66000366210938,157.99000549316406,156.1999969482422,156.52000427246094,26356
2024-07-09,133.86318969726562,158.5,159.2899932861328,157.9600067138672,157.97999572753906,14551
2024-07-10,133.85472106933594,158.49000549316406,158.89999389648438,157.66000366210938,158.5,19023
2024-07-11,133.4493408203125,158.00999450683594,159.83999633789062,158.0,158.50999450683594,17949
2024-07-12,134.58102416992188,159.35000610351562,159.58999633789062,158.22000122070312,158.22000122070312,24375
2024-07-15,135.12998962402344,160.0,160.0,159.0,159.35000610351562,23362
2024-07-16,134.98641967773438,159.8300018310547,159.89999389648438,159.16000366210938,159.67999267578125,20351
2024-07-17,134.69927978515625,159.49000549316406,160.44000244140625,159.38999938964844,159.83999633789062,20369
2024-07-18,134.2347412109375,158.94000244140625,160.89999389648438,158.94000244140625,159.52000427246094,17625
2024-07-19,133.10304260253906,157.60000610351562,160.63999938964844,156.2100067138672,159.0,37743
2024-07-22,133.9053955078125,158.5500030517578,159.66000366210938,157.60000610351562,157.9199981689453,30582
2024-07-23,133.5506591796875,158.1300048828125,159.25,158.07000732421875,158.5500030517578,50358
2024-07-24,131.7517547607422,156.0,157.99000549316406,156.0,157.8000030517578,35677
2024-07-25,130.80584716796875,154.8800048828125,157.49000549316406,154.63999938964844,156.1999969482422,35236
2024-07-26,129.9105987548828,153.82000732421875,155.69000244140625,153.77000427246094,154.99000549316406,37371
2024-07-29,129.0406951904297,152.7899932861328,154.9499969482422,152.52999877929688,154.41000366210938,44530
2024-07-30,130.13861083984375,154.08999633789062,154.35000610351562,153.0399932861328,153.0399932861328,30958
2024-07-31,130.65379333496094,154.6999969482422,155.49000549316406,154.39999389648438,154.9499969482422,26820
2024-08-01,131.33384704589844,154.5,154.77999877929688,153.0,153.0,27458
2024-08-02,131.7589111328125,155.0,155.7899932861328,154.60000610351562,154.85000610351562,65060
2024-08-05,131.28282165527344,154.44000244140625,155.0,153.0,154.77000427246094,35038
2024-08-06,130.90032958984375,153.99000549316406,155.6999969482422,153.7100067138672,154.58999633789062,22443
2024-08-07,131.52085876464844,154.72000122070312,156.0399932861328,154.11000061035156,154.11000061035156,44960
2024-08-08,131.4273681640625,154.61000061035156,155.97000122070312,153.33999633789062,154.75,64475
2024-08-09,132.03089904785156,155.32000732421875,155.47000122070312,154.97000122070312,154.97000122070312,30470
2024-08-12,131.63134765625,154.85000610351562,155.8800048828125,154.7899932861328,155.3000030517578,34715
2024-08-13,131.163818359375,154.3000030517578,155.91000366210938,153.74000549316406,155.0,35597
2024-08-14,131.6143798828125,154.8300018310547,154.88999938964844,154.0,154.30999755859375,28136
2024-08-15,132.4814453125,155.85000610351562,156.99000549316406,155.0,155.0,26993
2024-08-16,133.45899963378906,157.0,157.41000366210938,155.99000549316406,156.42999267578125,32025
2024-08-19,132.86399841308594,156.3000030517578,158.0,156.02999877929688,157.1999969482422,24202
2024-08-20,132.906494140625,156.35000610351562,156.97999572753906,156.05999755859375,156.39999389648438,21213
2024-08-21,132.6939697265625,156.10000610351562,156.9199981689453,156.0,156.69000244140625,21382
2024-08-22,131.7589111328125,155.0,156.41000366210938,154.8000030517578,156.2100067138672,29437
2024-08-23,132.1669158935547,155.47999572753906,156.77000427246094,154.75,155.0,28647
2024-08-26,131.20635986328125,154.35000610351562,155.9199981689453,154.00999450683594,155.47999572753906,41763
2024-08-27,130.57730102539062,153.61000061035156,154.8800048828125,153.61000061035156,154.77999877929688,21981
2024-08-28,130.5688018798828,153.60000610351562,154.5500030517578,153.57000732421875,154.0,28511
2024-08-29,130.7303466796875,153.7899932861328,154.10000610351562,153.49000549316406,154.10000610351562,21151
2024-08-30,130.91732788085938,154.00999450683594,154.88999938964844,153.61000061035156,153.64999389648438,32515
2024-09-02,130.9943389892578,153.10000610351562,154.0,152.11000061035156,154.0,34072
2024-09-03,130.19007873535156,152.16000366210938,153.6999969482422,151.8000030517578,153.6999969482422,46109
2024-09-04,130.43817138671875,152.4499969482422,152.7899932861328,152.2100067138672,152.25,22098
2024-09-05,130.078857421875,152.02999877929688,152.8000030517578,151.36000061035156,152.4499969482422,35307
2024-09-06,129.9676055908203,151.89999389648438,153.0,151.5,152.05999755859375,28733
2024-09-09,127.14408874511719,148.60000610351562,152.44000244140625,148.55999755859375,152.0399932861328,76602
2024-09-10,127.19542694091797,148.66000366210938,149.91000366210938,148.60000610351562,149.19000244140625,32344
2024-09-11,126.8104248046875,148.2100067138672,149.75999450683594,147.64999389648438,148.99000549316406,41961
2024-09-12,126.348388671875,147.6699981689453,148.4499969482422,147.60000610351562,148.0800018310547,28959
2024-09-13,126.87882995605469,148.2899932861328,148.83999633789062,147.0,147.6999969482422,36021
2024-09-16,126.81893920898438,148.22000122070312,148.52999877929688,147.5500030517578,148.2899932861328,38839
2024-09-17,126.43389892578125,147.77000427246094,148.86000061035156,147.27999877929688,148.27000427246094,34536
2024-09-18,126.01467895507812,147.27999877929688,148.22999572753906,146.60000610351562,147.77000427246094,44551
2024-09-19,125.5611801147461,146.75,147.94000244140625,146.5,147.10000610351562,27340
2024-09-20,117.7751235961914,137.64999389648438,147.3000030517578,137.64999389648438,146.75,675862
2024-09-23,118.7333984375,138.77000427246094,140.19000244140625,138.10000610351562,139.44000244140625,195642
2024-09-24,118.50238800048828,138.5,139.3300018310547,138.39999389648438,139.1300048828125,110251
2024-09-25,118.0660400390625,137.99000549316406,138.61000061035156,137.4499969482422,138.52000427246094,93578
2024-09-26,118.24571228027344,138.1999969482422,138.3000030517578,137.64999389648438,137.99000549316406,79344
2024-09-27,119.78581237792969,140.0,140.02000427246094,137.91000366210938,138.1199951171875,197560
2024-09-30,119.1868667602539,139.3000030517578,140.8699951171875,139.1199951171875,140.5,74767
2024-10-01,119.27302551269531,138.39999389648438,139.97999572753906,138.14999389648438,138.80999755859375,84517
2024-10-02,119.78152465820312,138.99000549316406,139.8699951171875,138.5,138.52000427246094,67335
2024-10-03,119.27302551269531,138.39999389648438,139.39999389648438,138.3000030517578,139.02000427246094,42415
2024-10-04,120.11760711669922,139.3800048828125,139.75,138.39999389648438,138.39999389648438,32299
2024-10-07,120.03144073486328,139.27999877929688,140.22000122070312,139.07000732421875,139.75,35084
2024-10-08,119.60055541992188,138.77999877929688,139.14999389648438,138.77999877929688,139.0800018310547,30232
2024-10-09,118.79907989501953,137.85000610351562,138.77999877929688,137.75,138.77999877929688,36913
2024-10-10,118.05790710449219,136.99000549316406,138.41000366210938,136.10000610351562,138.13999938964844,50321
2024-10-11,118.39400482177734,137.3800048828125,138.0,136.8000030517578,136.9499969482422,47910
2024-10-14,120.0917739868164,139.35000610351562,139.44000244140625,137.08999633789062,137.3800048828125,53063
2024-10-15,120.24688720703125,139.52999877929688,140.22000122070312,139.35000610351562,139.49000549316406,38215
2024-10-16,120.78980255126953,140.16000366210938,140.89999389648438,139.55999755859375,140.0,33497
2024-10-17,120.9104995727539,140.3000030517578,140.64999389648438,139.5500030517578,140.6300048828125,31181
2024-10-18,119.88494873046875,139.11000061035156,140.42999267578125,138.88999938964844,140.2899932861328,49014
2024-10-21,119.4454345703125,138.60000610351562,140.2899932861328,138.5,139.99000549316406,48888
2024-10-22,118.89388275146484,137.9600067138672,139.02999877929688,137.57000732421875,138.60000610351562,46722
2024-10-23,118.2388916015625,137.1999969482422,138.49000549316406,136.1999969482422,138.13999938964844,53757
2024-10-24,118.10102081298828,137.0399932861328,137.60000610351562,136.35000610351562,137.60000610351562,37988
2024-10-25,118.92835998535156,138.0,138.3000030517578,137.1999969482422,137.2899932861328,33801
2024-10-28,118.66979217529297,137.6999969482422,139.7100067138672,137.3300018310547,137.39999389648438,42262
2024-10-29,119.2558364868164,138.3800048828125,139.07000732421875,137.77999877929688,138.0,30846
2024-10-30,119.3161392211914,138.4499969482422,139.6999969482422,138.10000610351562,138.42999267578125,37402
2024-10-31,119.18687438964844,138.3000030517578,139.0800018310547,138.1199951171875,138.47000122070312,36573
2024-11-01,119.1868667602539,137.3000030517578,137.86000061035156,136.52000427246094,136.89999389648438,42003
2024-11-04,118.92643737792969,137.0,137.3000030517578,136.64999389648438,137.0,34806
2024-11-05,118.83963775634766,136.89999389648438,137.0,136.44000244140625,137.0,34539
2024-11-06,118.53581237792969,136.5500030517578,137.0,136.1699981689453,137.0,26986
2024-11-07,118.16255187988281,136.1199951171875,137.6300048828125,136.1199951171875,136.6699981689453,40387
2024-11-08,119.52542114257812,137.69000244140625,138.3000030517578,136.1999969482422,136.49000549316406,37362
2024-11-11,117.81532287597656,135.72000122070312,137.99000549316406,135.6300048828125,137.8000030517578,50208
2024-11-12,117.14688110351562,134.9499969482422,136.77999877929688,134.7899932861328,135.74000549316406,50793
2024-11-13,116.85177612304688,134.61000061035156,135.47999572753906,134.2899932861328,135.10000610351562,50358
2024-11-14,117.41598510742188,135.25999450683594,135.39999389648438,134.60000610351562,134.6199951171875,48645
2024-11-18,117.13822174072266,134.94000244140625,135.39999389648438,134.75,135.25999450683594,47962
2024-11-19,117.36392974853516,135.1999969482422,135.97999572753906,135.0,135.0,40265
2024-11-21,117.52886962890625,135.38999938964844,135.9499969482422,135.0,135.7899932861328,42533
2024-11-22,117.53753662109375,135.39999389648438,136.2899932861328,135.39999389648438,135.63999938964844,31639
2024-11-25,117.37258911132812,135.2100067138672,135.99000549316406,135.10000610351562,135.64999389648438,41083
2024-11-26,117.45073699951172,135.3000030517578,136.33999633789062,134.8000030517578,135.35000610351562,43681
2024-11-27,116.71283721923828,134.4499969482422,135.89999389648438,134.1999969482422,135.3000030517578,44033
2024-11-28,115.22844696044922,132.74000549316406,135.25,132.35000610351562,134.97999572753906,78322
2024-11-29,114.4124526977539,131.8000030517578,133.89999389648438,131.50999450683594,133.0,66946
2024-12-02,112.50556945800781,128.6199951171875,131.72999572753906,128.0,131.02000427246094,70610
2024-12-03,112.01573944091797,128.05999755859375,130.0399932861328,128.05999755859375,128.6300048828125,62902
2024-12-04,111.06228637695312,126.97000122070312,129.6999969482422,126.86000061035156,128.05999755859375,57035
2024-12-05,109.40036010742188,125.06999969482422,127.9800033569336,124.30000305175781,126.97000122070312,78699
2024-12-06,111.9632568359375,128.0,131.6999969482422,125.3499984741211,125.3499984741211,89734
2024-12-09,115.0510025024414,131.52999877929688,134.6699981689453,129.85000610351562,129.86000061035156,112126
2024-12-10,114.28997802734375,130.66000366210938,133.5,130.1999969482422,131.52999877929688,50436
2024-12-11,114.47367858886719,130.8699951171875,131.94000244140625,130.00999450683594,130.66000366210938,43404
2024-12-12,113.71268463134766,130.0,131.3800048828125,130.0,130.85000610351562,44848
2024-12-13,115.44458770751953,131.97999572753906,133.44000244140625,130.0,130.0500030517578,46209
2024-12-16,115.40087890625,131.92999267578125,133.88999938964844,131.02999877929688,131.97999572753906,63335
2024-12-17,114.93727111816406,131.39999389648438,132.2899932861328,130.60000610351562,132.10000610351562,47274
2024-12-18,113.45027160644531,129.6999969482422,132.4199981689453,129.6999969482422,131.39999389648438,45861
2024-12-19,113.72142791748047,130.00999450683594,131.47999572753906,129.0,129.6999969482422,55630
2024-12-20,115.89947509765625,132.5,134.9499969482422,130.00999450683594,131.32000732421875,56615
2024-12-23,119.0484390258789,136.10000610351562,136.4199981689453,132.60000610351562,133.47999572753906,44754
2024-12-26,118.37489318847656,135.3300018310547,137.9600067138672,134.89999389648438,136.10000610351562,52700
2024-12-27,119.81816101074219,136.97999572753906,138.6999969482422,136.0,136.0,36195
2024-12-30,119.74819946289062,136.89999389648438,137.99000549316406,135.9600067138672,137.13999938964844,39580
2025-01-02,120.71745300292969,137.0,137.0,135.08999633789062,136.82000732421875,30384
2025-01-03,119.86275482177734,136.02999877929688,137.0,135.60000610351562,136.97999572753906,31929
2025-01-06,120.28572082519531,136.50999450683594,137.4499969482422,135.16000366210938,136.5800018310547,29692
2025-01-07,121.0170669555664,137.33999633789062,137.72000122070312,136.0500030517578,136.50999450683594,26328
2025-01-08,118.42647552490234,134.39999389648438,137.32000732421875,134.0,137.32000732421875,32940
2025-01-09,116.26765441894531,131.9499969482422,135.49000549316406,131.5,134.39999389648438,41185
2025-01-10,115.63323974609375,131.22999572753906,133.97999572753906,130.63999938964844,132.32000732421875,38573
2025-01-13,116.38221740722656,132.0800018310547,132.8699951171875,131.5500030517578,132.05999755859375,32164
2025-01-14,116.8580322265625,132.6199951171875,133.0,131.89999389648438,132.0800018310547,22951
2025-01-15,118.1445083618164,134.0800018310547,134.77999877929688,132.44000244140625,132.6199951171875,37677
2025-01-16,118.74370574951172,134.75999450683594,136.11000061035156,134.0800018310547,134.0800018310547,28350
2025-01-17,116.88446044921875,132.64999389648438,134.67999267578125,130.89999389648438,134.67999267578125,48041
2025-01-20,116.5760498046875,132.3000030517578,133.4600067138672,131.77999877929688,132.64999389648438,37981
2025-01-21,116.1795654296875,131.85000610351562,132.97999572753906,131.85000610351562,132.3000030517578,32890
2025-01-22,115.6949234008789,131.3000030517578,132.58999633789062,131.10000610351562,131.85000610351562,35656
2025-01-23,114.16171264648438,129.55999755859375,131.89999389648438,129.1199951171875,131.30999755859375,35168
2025-01-24,115.56273651123047,131.14999389648438,131.99000549316406,129.8000030517578,129.8000030517578,21504
2025-01-27,114.10885620117188,129.5,131.5,129.1699981689453,131.3000030517578,41235
2025-01-28,114.19696807861328,129.60000610351562,130.2899932861328,129.1699981689453,129.7100067138672,35029
2025-01-29,113.7916259765625,129.13999938964844,129.97999572753906,128.5,129.6699981689453,39182
2025-01-30,113.8445053100586,129.1999969482422,130.22999572753906,128.83999633789062,129.49000549316406,92829
2025-01-31,115.43058776855469,131.0,131.17999267578125,129.50999450683594,129.60000610351562,33830
2025-02-03,115.03987121582031,129.55999755859375,131.5,128.5399932861328,130.75,55431
2025-02-04,115.21746063232422,129.75999450683594,131.39999389648438,129.3000030517578,129.6999969482422,36671
2025-02-05,116.02548217773438,130.6699981689453,131.42999267578125,129.10000610351562,129.8000030517578,29617
2025-02-06,116.04324340820312,130.69000244140625,131.75,129.4199981689453,130.6699981689453,37953
2025-02-07,116.77134704589844,131.50999450683594,131.9600067138672,130.69000244140625,130.69000244140625,22951
2025-02-10,115.4039306640625,129.97000122070312,131.89999389648438,129.80999755859375,131.50999450683594,26681
2025-02-11,115.07539367675781,129.60000610351562,130.4600067138672,129.5,129.97000122070312,27617
2025-02-12,115.71471405029297,130.32000732421875,130.77999877929688,129.60000610351562,130.3000030517578,38719
2025-02-13,115.43058013916016,130.0,131.08999633789062,130.0,130.32000732421875,34838
2025-02-14,116.97557830810547,131.74000549316406,132.35000610351562,130.11000061035156,130.38999938964844,51198
2025-02-17,118.34294891357422,133.27999877929688,133.89999389648438,131.7100067138672,131.74000549316406,48471
2025-02-18,118.5294418334961,133.49000549316406,135.3699951171875,133.27000427246094,133.27999877929688,40773
2025-02-19,118.90238189697266,133.91000366210938,134.75,133.13999938964844,133.60000610351562,33333
2025-02-20,119.72815704345703,134.83999633789062,135.47000122070312,134.10000610351562,134.10000610351562,32390
2025-02-21,120.70484924316406,135.94000244140625,136.10000610351562,134.7100067138672,134.85000610351562,34278
2025-02-24,120.85580444335938,136.11000061035156,137.94000244140625,136.11000061035156,136.2100067138672,214733
2025-02-25,119.57719421386719,134.6699981689453,137.41000366210938,134.32000732421875,136.6300048828125,40774
2025-02-26,119.23091888427734,134.27999877929688,135.9499969482422,134.0,135.89999389648438,30760
2025-02-27,119.47064208984375,134.5500030517578,135.88999938964844,133.58999633789062,134.5800018310547,35275
2025-02-28,118.2009048461914,133.1199951171875,135.8800048828125,132.67999267578125,135.8800048828125,50742
2025-03-05,119.76652526855469,133.8699951171875,134.19000244140625,132.27000427246094,132.27000427246094,37128
2025-03-06,120.03494262695312,134.1699981689453,134.60000610351562,133.07000732421875,134.4600067138672,47268
2025-03-07,121.65422821044922,135.97999572753906,135.99000549316406,134.49000549316406,134.5399932861328,45467
2025-03-10,121.50215148925781,135.80999755859375,135.9600067138672,134.77999877929688,135.52000427246094,29431
2025-03-11,120.59854125976562,134.8000030517578,135.74000549316406,134.24000549316406,135.63999938964844,29436
2025-03-12,120.73275756835938,134.9499969482422,135.39999389648438,133.88999938964844,135.1699981689453,33992
2025-03-13,119.86495208740234,133.97999572753906,135.14999389648438,133.86000061035156,134.9600067138672,37431
2025-03-14,121.40373229980469,135.6999969482422,135.6999969482422,134.0500030517578,134.6199951171875,28854
2025-03-17,121.65422821044922,135.97999572753906,136.3699951171875,134.52000427246094,135.7100067138672,37689
2025-03-18,122.45046997070312,136.8699951171875,136.88999938964844,135.19000244140625,135.89999389648438,47310
2025-03-19,123.17516326904297,137.67999267578125,138.75999450683594,136.3000030517578,136.99000549316406,36742
2025-03-20,121.79740142822266,136.13999938964844,137.5,135.69000244140625,137.5,54911
2025-03-21,115.40961456298828,129.0,136.82000732421875,129.0,136.2899932861328,460150
2025-03-24,118.40667724609375,132.35000610351562,133.0,131.4600067138672,131.4600067138672,175144
2025-03-25,118.2366943359375,132.16000366210938,133.3699951171875,131.91000366210938,132.4499969482422,58126
2025-03-26,118.54087829589844,132.5,132.7899932861328,131.91000366210938,132.49000549316406,50508
2025-03-27,119.16714477539062,133.1999969482422,133.1999969482422,132.32000732421875,132.5,42766
2025-03-28,120.95642852783203,135.1999969482422,135.1999969482422,133.27000427246094,133.3300018310547,60761
2025-03-31,121.40373229980469,135.6999969482422,136.1999969482422,134.80999755859375,135.10000610351562,65055
2025-04-01,122.0707015991211,135.44000244140625,135.47000122070312,134.3000030517578,134.6199951171875,65748
2025-04-02,122.54837036132812,135.97000122070312,138.3300018310547,134.49000549316406,135.72000122070312,77346
2025-04-03,123.1162109375,136.60000610351562,137.5,134.85000610351562,136.64999389648438,93885
2025-04-04,121.31361389160156,134.60000610351562,137.0,134.0500030517578,137.0,65882
2025-04-07,120.4573745727539,133.64999389648438,134.49000549316406,131.9499969482422,134.0,69711
2025-04-08,119.4209213256836,132.5,134.8000030517578,132.4499969482422,134.5500030517578,50068
2025-04-09,119.88055419921875,133.00999450683594,134.1300048828125,131.75,132.5500030517578,43482
2025-04-10,119.99774932861328,133.13999938964844,134.47999572753906,132.32000732421875,133.6999969482422,42379
2025-04-11,121.54795837402344,134.86000061035156,135.1699981689453,133.13999938964844,133.6999969482422,53170
2025-04-14,123.74710845947266,137.3000030517578,137.99000549316406,135.02999877929688,135.02999877929688,58413
2025-04-15,124.36898803710938,137.99000549316406,139.4600067138672,137.05999755859375,137.47000122070312,54716
2025-04-16,125.99127960205078,139.7899932861328,139.8000030517578,138.0,138.5800018310547,37261
2025-04-17,128.25355529785156,142.3000030517578,142.3000030517578,139.77000427246094,139.8000030517578,34386
2025-04-22,130.64198303222656,144.9499969482422,145.42999267578125,142.3000030517578,142.3000030517578,64323
2025-04-23,132.4896240234375,147.0,147.3699951171875,144.85000610351562,145.0,48216
2025-04-24,132.4896240234375,147.0,147.4499969482422,146.16000366210938,147.1199951171875,31827
2025-04-25,132.62478637695312,147.14999389648438,147.97999572753906,146.50999450683594,146.8300018310547,39522
2025-04-28,132.2102508544922,146.69000244140625,147.9600067138672,146.5399932861328,147.14999389648438,30593
2025-04-29,132.23727416992188,146.72000122070312,147.89999389648438,146.10000610351562,146.7899932861328,28155
2025-04-30,134.0308380126953,148.7100067138672,149.0,146.72000122070312,146.72000122070312,28916
2025-05-02,133.8130340576172,147.47000122070312,148.6999969482422,146.5399932861328,148.3000030517578,42814
2025-05-05,131.1543731689453,144.5399932861328,148.86000061035156,144.5399932861328,148.5,124834
2025-05-06,129.121826171875,142.3000030517578,145.7100067138672,141.58999633789062,145.47000122070312,125258
2025-05-07,129.52105712890625,142.74000549316406,143.55999755859375,141.60000610351562,143.05999755859375,33724
2025-05-08,128.5410919189453,141.66000366210938,142.5,141.1999969482422,142.5,39116
2025-05-09,130.20167541503906,143.49000549316406,143.92999267578125,142.07000732421875,142.25999450683594,44430
2025-05-12,131.8076934814453,145.25999450683594,145.85000610351562,143.11000061035156,144.0,39388
2025-05-13,133.28675842285156,146.88999938964844,148.0,143.2100067138672,145.25999450683594,38102
2025-05-14,132.44290161132812,145.9600067138672,147.63999938964844,145.9600067138672,146.88999938964844,26488
2025-05-15,133.37745666503906,146.99000549316406,147.4499969482422,145.52000427246094,147.0,32839
2025-05-16,133.61343383789062,147.25,147.44000244140625,147.0,147.08999633789062,24404
2025-05-19,132.4792022705078,146.0,147.7100067138672,145.64999389648438,147.3000030517578,36200
2025-05-20,132.02548217773438,145.5,146.5,144.27000427246094,146.1999969482422,43371
2025-05-21,131.57179260253906,145.0,146.27999877929688,144.05999755859375,145.5,29255
2025-05-22,130.3831024169922,143.69000244140625,144.91000366210938,142.91000366210938,144.91000366210938,49876
2025-05-23,130.78236389160156,144.1300048828125,144.39999389648438,142.41000366210938,143.69000244140625,46527
2025-05-26,131.0182647705078,144.38999938964844,144.60000610351562,143.5800018310547,143.6999969482422,27368
2025-05-27,131.3903045654297,144.8000030517578,144.91000366210938,144.02999877929688,144.61000061035156,27947
2025-05-28,132.20693969726562,145.6999969482422,145.86000061035156,144.30999755859375,144.30999755859375,26538
2025-05-29,132.79676818847656,146.35000610351562,146.3800048828125,145.00999450683594,145.86000061035156,23759
2025-05-30,132.80581665039062,146.36000061035156,146.94000244140625,145.5,146.3800048828125,34812
2025-06-02,131.28009033203125,143.69000244140625,145.36000061035156,142.61000061035156,145.36000061035156,57308
2025-06-03,133.67379760742188,146.30999755859375,146.89999389648438,143.6999969482422,144.02000427246094,131684
2025-06-04,133.96615600585938,146.6300048828125,147.49000549316406,145.47999572753906,146.97999572753906,39083
2025-06-05,134.66966247558594,147.39999389648438,147.5,145.25,145.25,29424
2025-06-06,134.45950317382812,147.1699981689453,147.60000610351562,146.72000122070312,147.3699951171875,21615
2025-06-09,131.8282470703125,144.2899932861328,147.10000610351562,144.2899932861328,147.10000610351562,43495
2025-06-10,131.1064910888672,143.5,144.77999877929688,143.16000366210938,144.2899932861328,32802
2025-06-11,130.87811279296875,143.25,144.91000366210938,143.25,144.49000549316406,26492
2025-06-12,128.84068298339844,141.02000427246094,143.4499969482422,139.99000549316406,143.25,60509
2025-06-13,131.6272735595703,144.07000732421875,144.5,141.02999877929688,141.02999877929688,35140
2025-06-16,132.9246063232422,145.49000549316406,146.5,144.5500030517578,144.66000366210938,38200
2025-06-17,131.8100128173828,144.27000427246094,145.49000549316406,144.16000366210938,145.49000549316406,29731
2025-06-18,132.65054321289062,145.19000244140625,145.5,144.00999450683594,145.0,30316
2025-06-20,131.22528076171875,143.6300048828125,145.19000244140625,143.57000732421875,145.19000244140625,32019
2025-06-23,129.78170776367188,142.0500030517578,144.9499969482422,141.75,143.64999389648438,28645
2025-06-24,130.01011657714844,142.3000030517578,143.39999389648438,141.52000427246094,142.32000732421875,33963
2025-06-25,130.9602813720703,143.33999633789062,143.88999938964844,142.39999389648438,142.47999572753906,27041
2025-06-26,131.29833984375,143.7100067138672,144.3300018310547,143.3699951171875,143.3699951171875,19309
2025-06-27,131.20700073242188,143.61000061035156,144.44000244140625,143.3300018310547,143.7100067138672,18597
2025-06-30,131.83738708496094,144.3000030517578,144.5500030517578,143.61000061035156,144.0,27790
2025-07-01,132.75738525390625,144.3000030517578,145.3800048828125,143.00999450683594,144.3800048828125,115992
2025-07-02,131.66258239746094,143.11000061035156,144.88999938964844,142.02000427246094,144.0,66509
2025-07-03,133.0609893798828,144.6300048828125,144.9499969482422,142.6199951171875,142.6199951171875,37939
2025-07-04,133.5854034423828,145.1999969482422,145.5,144.35000610351562,145.10000610351562,19300
2025-07-07,133.6774139404297,145.3000030517578,145.97000122070312,144.0,145.1999969482422,33275
2025-07-08,132.48138427734375,144.0,145.2899932861328,144.0,145.2899932861328,23491
2025-07-09,132.95059204101562,144.50999450683594,144.80999755859375,143.86000061035156,144.10000610351562,21940
2025-07-10,132.75738525390625,144.3000030517578,144.49000549316406,143.1199951171875,144.49000549316406,19988
2025-07-11,133.39219665527344,144.99000549316406,145.0,143.72000122070312,144.25,19685
2025-07-14,132.95059204101562,144.50999450683594,145.75,144.2899932861328,144.99000549316406,40441
2025-07-15,132.49058532714844,144.00999450683594,145.07000732421875,143.22000122070312,145.07000732421875,21522
2025-07-16,133.3093719482422,144.89999389648438,145.24000549316406,144.0500030517578,144.0500030517578,23740
2025-07-17,133.38299560546875,144.97999572753906,145.6999969482422,144.39999389648438,144.8699951171875,23597
2025-07-18,133.14378356933594,144.72000122070312,145.49000549316406,144.1199951171875,144.74000549316406,23207
2025-07-21,130.83456420898438,142.2100067138672,144.74000549316406,142.0,144.5,36081
2025-07-22,132.02137756347656,143.5,143.9499969482422,142.72000122070312,142.72000122070312,27242
2025-07-23,130.8714141845703,142.25,143.82000732421875,142.25,143.49000549316406,20629
2025-07-24,132.07659912109375,143.55999755859375,143.9199981689453,142.07000732421875,142.49000549316406,27149
2025-07-25,132.47219848632812,143.99000549316406,144.0,143.02000427246094,143.67999267578125,18605
2025-07-28,130.92654418945312,142.30999755859375,143.99000549316406,142.22999572753906,143.99000549316406,32061
2025-07-29,130.31016540527344,141.63999938964844,143.36000061035156,141.39999389648438,142.14999389648438,117794
2025-07-30,129.82257080078125,141.11000061035156,142.92999267578125,140.55999755859375,142.52999877929688,28085
2025-07-31,130.81617736816406,142.19000244140625,142.97999572753906,139.85000610351562,141.99000549316406,41949
2025-08-01,130.64013671875,141.0,142.7100067138672,141.0,141.88999938964844,31509
2025-08-04,128.98165893554688,139.2100067138672,140.5,138.11000061035156,140.00999450683594,93949
2025-08-05,128.4350128173828,138.6199951171875,139.99000549316406,138.3699951171875,139.0,32051
2025-08-06,128.2404327392578,138.41000366210938,139.3800048828125,138.00999450683594,138.5,34059
2025-08-07,129.5746612548828,139.85000610351562,139.99000549316406,138.50999450683594,138.50999450683594,30930
2025-08-08,129.06503295898438,139.3000030517578,139.99000549316406,139.1199951171875,139.7899932861328,22272
2025-08-11,128.22189331054688,138.38999938964844,139.99000549316406,138.2100067138672,139.86000061035156,27465
2025-08-12,127.63819122314453,137.75999450683594,138.7899932861328,137.25,138.50999450683594,35672
2025-08-13,127.37876892089844,137.47999572753906,138.10000610351562,137.39999389648438,137.75999450683594,24719
2025-08-14,127.68450927734375,137.80999755859375,138.4600067138672,137.2899932861328,137.89999389648438,31812
2025-08-15,127.072998046875,137.14999389648438,138.49000549316406,136.97999572753906,137.80999755859375,70414
2025-08-18,127.36949157714844,137.47000122070312,137.85000610351562,137.05999755859375,137.50999450683594,41677
2025-08-19,127.25830841064453,137.35000610351562,137.77000427246094,137.1999969482422,137.5,40506
2025-08-20,127.32318115234375,137.4199981689453,138.1199951171875,137.25,137.72999572753906,48228
2025-08-21,127.05448150634766,137.1300048828125,137.6999969482422,137.00999450683594,137.42999267578125,39122
2025-08-22,127.20271301269531,137.2899932861328,137.77000427246094,137.0,137.2100067138672,35533
2025-08-25,127.51773071289062,137.6300048828125,137.72000122070312,137.16000366210938,137.2899932861328,30051
2025-08-26,129.11138916015625,139.35000610351562,139.49000549316406,137.2100067138672,137.6300048828125,43280
2025-08-27,128.66664123535156,138.8699951171875,139.58999633789062,138.47999572753906,139.0500030517578,31853
2025-08-28,129.1484375,139.38999938964844,139.77000427246094,138.50999450683594,138.52000427246094,28425
2025-08-29,130.17689514160156,140.5,140.5,139.4499969482422,139.97000122070312,41700
2025-09-01,129.89691162109375,139.1999969482422,140.47000122070312,138.5,139.97000122070312,33628
2025-09-02,132.3044891357422,141.77999877929688,142.0,139.86000061035156,139.9199981689453,78616
2025-09-03,134.42279052734375,144.0500030517578,144.64999389648438,141.4600067138672,142.0,54852
2025-09-04,135.07603454589844,144.75,144.99000549316406,143.30999755859375,143.89999389648438,23317
2025-09-05,135.57989501953125,145.2899932861328,145.38999938964844,143.9499969482422,144.75,32088
2025-09-08,133.65757751464844,143.22999572753906,145.64999389648438,142.99000549316406,145.25999450683594,48255
2025-09-09,132.2764892578125,141.75,144.0399932861328,141.57000732421875,143.89999389648438,49232
2025-09-10,133.53627014160156,143.10000610351562,143.1999969482422,141.30999755859375,142.02000427246094,40055
2025-09-11,132.50982666015625,142.0,143.1999969482422,142.0,143.1999969482422,30851
2025-09-12,135.02001953125,144.69000244140625,144.97999572753906,142.22999572753906,143.08999633789062,33992
2025-09-15,136.4197998046875,146.19000244140625,146.27999877929688,144.3300018310547,144.88999938964844,37150
2025-09-16,137.0170135498047,146.8300018310547,146.88999938964844,145.1999969482422,146.14999389648438,35966
2025-09-17,137.42759704589844,147.27000427246094,147.74000549316406,146.8300018310547,147.0,25029
2025-09-18,138.4354248046875,148.35000610351562,148.5,147.32000732421875,147.32000732421875,25210
2025-09-19,136.8023681640625,146.60000610351562,148.85000610351562,146.60000610351562,148.3300018310547,67049
2025-09-22,137.64222717285156,147.5,148.0,146.7100067138672,147.1999969482422,30530
2025-09-23,138.11814880371094,148.00999450683594,148.77999877929688,147.5,148.0,27391
2025-09-24,137.64222717285156,147.5,148.49000549316406,147.22999572753906,148.1699981689453,30726
2025-09-25,137.68887329101562,147.5500030517578,148.8000030517578,147.5,147.85000610351562,30901
2025-09-26,137.94082641601562,147.82000732421875,148.69000244140625,147.52000427246094,147.5500030517578,31941
2025-09-29,137.87551879882812,147.75,149.49000549316406,147.6999969482422,148.0,49462
2025-09-30,138.10882568359375,148.0,148.99000549316406,147.30999755859375,148.1999969482422,36312
2025-10-01,136.4740447998047,145.25999450683594,146.94000244140625,145.25999450683594,146.75999450683594,29867
2025-10-02,135.5814971923828,144.30999755859375,146.60000610351562,144.30999755859375,145.89999389648438,38215
2025-10-03,136.41769409179688,145.1999969482422,145.36000061035156,143.91000366210938,145.05999755859375,27458
2025-10-06,136.05126953125,144.80999755859375,146.3800048828125,144.39999389648438,145.25,29441
2025-10-07,135.61907958984375,144.35000610351562,145.3000030517578,144.3300018310547,144.9600067138672,31937
2025-10-08,135.8539581298828,144.60000610351562,144.75,144.07000732421875,144.07000732421875,33680
2025-10-09,136.1170196533203,144.8800048828125,144.89999389648438,144.0,144.60000610351562,23613
2025-10-10,136.94378662109375,145.75999450683594,145.75999450683594,144.3699951171875,144.7899932861328,40024
2025-10-13,135.8633575439453,144.61000061035156,146.3699951171875,144.2100067138672,145.75999450683594,44717
2025-10-14,137.1787109375,146.00999450683594,146.44000244140625,144.67999267578125,144.88999938964844,29061
2025-10-15,137.5263214111328,146.3800048828125,146.6699981689453,145.85000610351562,146.00999450683594,33034
2025-10-16,137.16929626464844,146.0,147.08999633789062,145.55999755859375,146.41000366210938,41822
2025-10-17,136.79347229003906,145.60000610351562,147.35000610351562,145.60000610351562,146.39999389648438,32101
2025-10-20,136.2485809326172,145.02000427246094,146.17999267578125,145.02000427246094,145.75999450683594,38138
2025-10-21,137.19749450683594,146.02999877929688,146.57000732421875,145.05999755859375,145.14999389648438,57699
2025-10-22,137.16929626464844,146.0,147.0,145.14999389648438,146.17999267578125,48659
2025-10-23,136.2297821044922,145.0,146.25,145.0,146.0,35598
2025-10-24,136.6713409423828,145.47000122070312,145.9499969482422,145.0399932861328,145.35000610351562,38696
2025-10-27,137.9678955078125,146.85000610351562,146.85000610351562,145.47000122070312,145.47000122070312,37430
2025-10-28,137.35719299316406,146.1999969482422,147.77999877929688,146.0,146.49000549316406,33802
2025-10-29,139.04832458496094,148.0,148.0,146.36000061035156,146.36000061035156,25442
2025-10-30,138.66310119628906,147.58999633789062,148.1199951171875,146.77000427246094,147.02999877929688,27171
2025-10-31,139.61203002929688,148.60000610351562,148.86000061035156,147.50999450683594,147.58999633789062,28588
2025-11-03,137.90945434570312,145.8000030517578,148.14999389648438,145.6199951171875,148.14999389648438,58230
2025-11-04,138.36346435546875,146.27999877929688,146.94000244140625,145.69000244140625,145.86000061035156,32829
2025-11-05,137.73916625976562,145.6199951171875,147.0500030517578,145.47999572753906,146.27999877929688,29134
2025-11-06,137.70135498046875,145.5800018310547,146.88999938964844,145.3000030517578,145.8000030517578,45360
2025-11-07,138.1837615966797,146.08999633789062,146.8000030517578,145.6999969482422,145.6999969482422,28308
2025-11-10,137.72030639648438,145.60000610351562,146.60000610351562,145.3800048828125,146.2100067138672,30030
2025-11-11,138.19320678710938,146.10000610351562,146.88999938964844,145.61000061035156,145.61000061035156,30720
2025-11-12,139.0445098876953,147.0,147.82000732421875,146.2899932861328,146.2899932861328,26343
2025-11-13,138.19320678710938,146.10000610351562,147.60000610351562,146.10000610351562,147.60000610351562,34141
2025-11-14,138.56210327148438,146.49000549316406,147.35000610351562,146.1199951171875,146.52000427246094,36964
2025-11-17,138.240478515625,146.14999389648438,146.97000122070312,146.14999389648438,146.9199981689453,40365
2025-11-18,138.09860229492188,146.0,146.52999877929688,146.0,146.4499969482422,28816
2025-11-19,138.52426147460938,146.4499969482422,146.8000030517578,146.0,146.2899932861328,37265
2025-11-21,139.65931701660156,147.64999389648438,147.64999389648438,146.22000122070312,146.4499969482422,39447
2025-11-24,139.47015380859375,147.4499969482422,148.33999633789062,146.33999633789062,147.89999389648438,55253
2025-11-25,140.85113525390625,148.91000366210938,149.0,147.4499969482422,147.97999572753906,36029
2025-11-26,139.053955078125,147.00999450683594,148.9499969482422,147.0,148.91000366210938,38263
2025-11-27,139.61204528808594,147.60000610351562,148.60000610351562,147.1999969482422,147.61000061035156,42714
2025-11-28,142.61048889160156,150.77000427246094,150.77000427246094,148.07000732421875,148.44000244140625,49582
2025-12-01,144.06732177734375,151.3000030517578,151.3000030517578,148.80999755859375,150.10000610351562,60066
2025-12-02,143.29605102539062,150.49000549316406,151.86000061035156,150.4499969482422,151.3000030517578,49406
2025-12-03,142.6771240234375,149.83999633789062,151.72000122070312,149.6999969482422,151.60000610351562,33449
2025-12-04,142.6771240234375,149.83999633789062,150.4600067138672,149.61000061035156,150.0,31712
2025-12-05,142.6390380859375,149.8000030517578,151.5399932861328,149.8000030517578,150.3800048828125,32861
2025-12-08,142.77235412597656,149.94000244140625,151.00999450683594,149.77999877929688,150.47000122070312,30775
2025-12-09,142.3153076171875,149.4600067138672,150.7899932861328,149.27000427246094,150.7899932861328,26553
2025-12-10,142.33432006835938,149.47999572753906,150.27999877929688,149.30999755859375,149.8000030517578,26353
2025-12-11,142.28671264648438,149.42999267578125,151.0,149.3000030517578,149.99000549316406,25899
2025-12-12,141.73446655273438,148.85000610351562,151.72999572753906,148.2100067138672,150.72999572753906,46593
2025-12-15,142.14390563964844,149.27999877929688,149.97000122070312,148.5500030517578,149.22999572753906,55221
2025-12-16,141.96299743652344,149.08999633789062,149.36000061035156,148.63999938964844,148.97999572753906,39529
2025-12-17,142.82948303222656,150.0,150.0,148.4600067138672,149.1300048828125,28036
2025-12-18,143.21035766601562,150.39999389648438,151.6999969482422,150.02999877929688,151.0,35003
2025-12-19,144.51487731933594,151.77000427246094,153.3000030517578,150.61000061035156,151.19000244140625,47825
2025-12-22,145.39088439941406,152.69000244140625,153.42999267578125,152.17999267578125,153.2899932861328,39680
2025-12-23,148.61883544921875,156.0800018310547,156.0800018310547,152.69000244140625,152.69000244140625,39481
2025-12-26,151.49447631835938,159.10000610351562,159.10000610351562,155.52999877929688,155.7899932861328,119393
2025-12-29,151.2278594970703,158.82000732421875,159.85000610351562,157.72999572753906,159.85000610351562,37224
2025-12-30,146.44784545898438,153.8000030517578,159.5800018310547,153.8000030517578,159.5,46946
2026-01-02,146.9086456298828,153.02999877929688,155.9499969482422,153.0,155.33999633789062,49747
2026-01-05,149.9422149658203,156.19000244140625,156.1999969482422,152.6699981689453,153.49000549316406,48223
2026-01-06,151.6798095703125,158.0,158.41000366210938,156.19000244140625,156.19000244140625,34962
2026-01-07,152.85101318359375,159.22000122070312,159.39999389648438,158.0,158.0,28431
2026-01-08,151.68942260742188,158.00999450683594,159.1999969482422,158.00999450683594,159.13999938964844,29288
2026-01-09,152.5630340576172,158.9199981689453,159.38999938964844,158.16000366210938,158.41000366210938,21008
2026-01-12,151.6702117919922,157.99000549316406,159.7100067138672,157.99000549316406,159.0,38247
2026-01-13,151.5358428955078,157.85000610351562,158.5,157.00999450683594,158.38999938964844,29841
2026-01-14,152.02542114257812,158.36000061035156,159.3800048828125,157.8800048828125,158.24000549316406,30275
2026-01-15,152.67822265625,159.0399932861328,159.5,158.36000061035156,158.7899932861328,35252
2026-01-16,153.5806121826172,159.97999572753906,160.0,158.85000610351562,158.89999389648438,27818
2026-01-19,152.6494140625,159.00999450683594,160.49000549316406,159.00999450683594,159.97999572753906,31478
2026-01-20,153.0718231201172,159.4499969482422,159.5,158.0,159.00999450683594,42970
2026-01-21,154.22381591796875,160.64999389648438,161.0,159.22000122070312,159.4499969482422,31713
2026-01-22,155.9998321533203,162.5,162.94000244140625,160.64999389648438,160.64999389648438,45885
2026-01-23,156.5373992919922,163.05999755859375,163.38999938964844,162.14999389648438,162.5,35317
2026-01-26,156.68142700195312,163.2100067138672,164.27999877929688,162.86000061035156,163.05999755859375,36203
2026-01-27,156.62380981445312,163.14999389648438,164.80999755859375,163.14999389648438,163.2100067138672,34574
2026-01-28,156.95982360839844,163.5,163.83999633789062,162.75999450683594,163.3300018310547,33074
2026-01-29,156.66221618652344,163.19000244140625,163.5500030517578,161.10000610351562,163.5,37442
2026-01-30,158.97584533691406,165.60000610351562,166.6199951171875,163.25999450683594,163.5,46139
2026-02-02,156.08041381835938,161.72000122070312,164.4499969482422,161.6300048828125,164.10000610351562,56948
2026-02-03,155.57855224609375,161.1999969482422,162.7100067138672,160.27000427246094,161.72000122070312,60983
2026-02-04,157.00694274902344,162.67999267578125,163.0,161.0399932861328,161.3300018310547,39809
2026-02-05,157.64393615722656,163.33999633789062,164.22000122070312,161.6999969482422,162.67999267578125,49352
2026-02-06,159.10128784179688,164.85000610351562,165.3000030517578,162.27000427246094,163.33999633789062,40586
2026-02-09,159.2074432373047,164.9600067138672,165.9199981689453,163.91000366210938,164.85000610351562,43030
2026-02-10,158.6669464111328,164.39999389648438,165.5,163.5500030517578,164.9600067138672,28851
2026-02-11,159.55490112304688,165.32000732421875,165.91000366210938,164.1999969482422,164.41000366210938,42045
2026-02-12,158.30987548828125,164.02999877929688,166.0,164.02999877929688,165.5,33228
2026-02-13,160.7805938720703,166.58999633789062,166.72999572753906,164.25999450683594,164.3000030517578,37512
2026-02-18,160.16293334960938,165.9499969482422,166.66000366210938,165.89999389648438,166.1999969482422,24014
2026-02-19,159.429443359375,165.19000244140625,166.58999633789062,165.19000244140625,165.9499969482422,30498
2026-02-20,159.30393981933594,165.05999755859375,166.1999969482422,164.35000610351562,165.3000030517578,64896
2026-02-23,159.47769165039062,165.24000549316406,166.16000366210938,164.60000610351562,165.05999755859375,40516
2026-02-24,159.8154754638672,165.58999633789062,166.92999267578125,165.39999389648438,165.91000366210938,52132
2026-02-25,160.01815795898438,165.8000030517578,166.92999267578125,165.39999389648438,165.82000732421875,46987
2026-02-26,160.50071716308594,166.3000030517578,166.61000061035156,165.61000061035156,165.8000030517578,33373
2026-02-27,162.67225646972656,168.5500030517578,168.5500030517578,165.99000549316406,166.3000030517578,37569
2026-03-02,162.50709533691406,167.27999877929688,168.4199981689453,167.19000244140625,167.8800048828125,46725
2026-03-03,160.04928588867188,164.75,167.69000244140625,164.61000061035156,167.69000244140625,57802
2026-03-04,161.70077514648438,166.4499969482422,168.25,165.35000610351562,165.35000610351562,95730
2026-03-05,160.29214477539062,165.0,166.5800018310547,165.0,166.4499969482422,33292
2026-03-06,162.885986328125,167.6699981689453,167.94000244140625,165.08999633789062,165.08999633789062,48002
2026-03-09,161.27333068847656,166.00999450683594,167.6699981689453,166.0,167.6699981689453,42700
2026-03-10,160.95272827148438,165.67999267578125,166.9600067138672,165.10000610351562,166.50999450683594,52419
2026-03-11,160.61273193359375,165.3300018310547,165.99000549316406,165.0,165.67999267578125,51067
2026-03-12,160.30186462402344,165.00999450683594,166.1999969482422,164.89999389648438,166.1999969482422,41281
2026-03-13,160.53501892089844,165.25,166.19000244140625,164.88999938964844,165.35000610351562,50212
2026-03-16,160.02984619140625,164.72999572753906,165.7100067138672,164.5399932861328,165.47999572753906,36260
2026-03-17,159.9812774658203,164.67999267578125,165.0,164.1999969482422,164.6999969482422,30023
2026-03-18,159.32069396972656,164.0,165.10000610351562,164.0,165.00999450683594,36105
2026-03-19,159.7384033203125,164.42999267578125,164.52999877929688,163.72999572753906,163.72999572753906,31085
2026-03-20,158.56292724609375,163.22000122070312,164.9199981689453,161.27000427246094,164.42999267578125,55396
2026-03-23,160.22413635253906,164.92999267578125,164.92999267578125,162.22999572753906,162.99000549316406,39186
2026-03-24,159.4469757080078,164.1300048828125,165.35000610351562,164.02999877929688,164.92999267578125,22032
2026-03-25,161.64247131347656,166.38999938964844,166.47999572753906,164.0500030517578,164.35000610351562,96289
2026-03-26,160.83616638183594,165.55999755859375,166.67999267578125,165.27000427246094,165.85000610351562,35917
2026-03-27,162.5945281982422,167.3699951171875,167.38999938964844,165.61000061035156,165.61000061035156,19903
2026-03-30,162.5945281982422,167.3699951171875,167.75999450683594,167.14999389648438,167.60000610351562,20193
2026-03-31,163.18711853027344,167.97999572753906,167.99000549316406,167.3699951171875,167.4600067138672,29375
2026-04-01,162.02346801757812,165.69000244140625,166.72999572753906,164.3699951171875,166.72999572753906,66410
2026-04-02,163.09912109375,166.7899932861328,167.11000061035156,165.69000244140625,166.3000030517578,35097
2026-04-06,163.30447387695312,167.0,167.39999389648438,166.02999877929688,166.92999267578125,42429
2026-04-07,163.0502471923828,166.74000549316406,167.7100067138672,166.74000549316406,167.38999938964844,19173
2026-04-08,164.2823486328125,168.0,168.4600067138672,166.72000122070312,166.8699951171875,35351
2026-04-09,164.2823486328125,168.0,168.3300018310547,167.30999755859375,167.89999389648438,42583
2026-04-10,165.93495178222656,169.69000244140625,169.75,168.0,168.11000061035156,35019
2026-04-13,165.64158630371094,169.38999938964844,169.47999572753906,168.11000061035156,169.44000244140625,43243
2026-04-14,164.99618530273438,168.72999572753906,169.58999633789062,168.50999450683594,169.38999938964844,29221
2026-04-15,165.11354064941406,168.85000610351562,169.38999938964844,168.57000732421875,168.74000549316406,30744
2026-04-16,165.5926971435547,169.33999633789062,169.49000549316406,168.85000610351562,169.17999267578125,18990
2026-04-17,167.31375122070312,171.10000610351562,171.4499969482422,169.33999633789062,169.33999633789062,37555
2026-04-20,166.94215393066406,170.72000122070312,171.16000366210938,170.63999938964844,171.08999633789062,28541
2026-04-22,165.8762664794922,169.6300048828125,170.97999572753906,168.61000061035156,170.97999572753906,49868
2026-04-23,163.8618621826172,167.57000732421875,170.4600067138672,167.22000122070312,169.8000030517578,59546
2026-04-24,163.4120330810547,167.11000061035156,168.1999969482422,167.02999877929688,168.19000244140625,26190
2026-04-27,160.85980224609375,164.5,167.11000061035156,164.3000030517578,167.11000061035156,51538
2026-04-28,164.2236785888672,167.94000244140625,167.94000244140625,163.60000610351562,164.50999450683594,85542
2026-04-29,164.42901611328125,168.14999389648438,169.72999572753906,166.82000732421875,167.91000366210938,47754
2026-04-30,164.1649932861328,167.8800048828125,169.0,167.8699951171875,168.5399932861328,30986
2026-05-04,163.47598266601562,166.0800018310547,168.11000061035156,166.0500030517578,167.22999572753906,88933
2026-05-05,161.536865234375,164.11000061035156,167.08999633789062,164.11000061035156,166.0800018310547,43051
2026-05-06,166.1533203125,168.8000030517578,168.8000030517578,165.13999938964844,165.52000427246094,88518
2026-05-07,165.533203125,168.1699981689453,169.08999633789062,167.6999969482422,168.3800048828125,50024
2026-05-08,165.24774169921875,167.8800048828125,169.0,166.41000366210938,168.3000030517578,47276
2026-05-11,159.85365295410156,162.39999389648438,167.8000030517578,162.39999389648438,167.6999969482422,111301
2026-05-12,159.45994567871094,162.0,163.5,161.25999450683594,162.9499969482422,74773
2026-05-13,157.49130249023438,160.0,162.25,159.8800048828125,162.0,53547
2026-05-14,157.0975799560547,159.60000610351562,162.10000610351562,158.00999450683594,160.00999450683594,154557
2026-05-15,157.49130249023438,160.0,160.67999267578125,158.9199981689453,159.60000610351562,50917
2026-05-18,156.40853881835938,158.89999389648438,160.69000244140625,158.19000244140625,160.67999267578125,56574
2026-05-19,155.27658081054688,157.75,159.8300018310547,157.72000122070312,158.6199951171875,41768
2026-05-20,157.29443359375,159.8000030517578,160.0,157.69000244140625,158.1300048828125,43744
2026-05-21,157.4125518798828,159.9199981689453,159.9199981689453,158.47000122070312,159.7899932861328,39519
2026-05-22,156.2609100341797,158.75,160.0,158.52999877929688,159.9199981689453,37904
2026-05-25,157.7964324951172,160.30999755859375,160.47999572753906,159.00999450683594,159.57000732421875,39535
2026-05-26,161.9404296875,164.52000427246094,165.88999938964844,160.02999877929688,160.4499969482422,89476
2026-05-27,159.48947143554688,162.02999877929688,164.4600067138672,162.00999450683594,164.4600067138672,52641
2026-05-28,159.78477478027344,162.3300018310547,163.14999389648438,161.6999969482422,162.64999389648438,29322
2026-05-29,159.98162841796875,162.52999877929688,163.3800048828125,162.3300018310547,162.3300018310547,58463
2026-06-01,156.59231567382812,158.00999450683594,160.9600067138672,158.0,160.9499969482422,77006
2026-06-02,155.62110900878906,157.02999877929688,158.5399932861328,157.02999877929688,158.27999877929688,55511
2026-06-03,153.6687774658203,155.05999755859375,156.74000549316406,154.50999450683594,156.74000549316406,61465
2026-06-05,155.19497680664062,156.60000610351562,156.60000610351562,154.75,155.10000610351562,52381
2026-06-08,151.6272735595703,153.0,157.0,153.0,156.6999969482422,70308
2026-06-09,151.6272735595703,153.0,154.13999938964844,152.9199981689453,153.35000610351562,60833
2026-06-10,149.33799743652344,150.69000244140625,154.0,150.60000610351562,153.0,61211
2026-06-11,152.4200897216797,153.8000030517578,153.8000030517578,150.82000732421875,151.1300048828125,35002
2026-06-12,151.97413635253906,153.35000610351562,154.25,152.52000427246094,153.8000030517578,31881
2026-06-15,155.67066955566406,157.0800018310547,157.0800018310547,153.35000610351562,153.35000610351562,57600
2026-06-16,154.8084716796875,156.2100067138672,157.5,155.3000030517578,157.0500030517578,35833
2026-06-17,152.62820434570312,154.00999450683594,156.97000122070312,154.00999450683594,156.89999389648438,31892
2026-06-18,150.28936767578125,151.64999389648438,154.8000030517578,150.67999267578125,154.1999969482422,41416
2026-06-19,148.05955505371094,149.39999389648438,153.08999633789062,149.02999877929688,152.6999969482422,141816
2026-06-22,147.97036743164062,149.30999755859375,150.19000244140625,148.8000030517578,149.4199981689453,79001
2026-06-23,148.25778198242188,149.60000610351562,150.1699981689453,149.0,149.8000030517578,34008
2026-06-24,147.7721710205078,149.11000061035156,150.25999450683594,148.30999755859375,149.58999633789062,50214
2026-06-25,148.10911560058594,149.4499969482422,149.97000122070312,147.69000244140625,149.39999389648438,76811
2026-06-26,148.15867614746094,149.5,149.6999969482422,149.0,149.4499969482422,121317
2026-06-29,151.3497772216797,152.72000122070312,152.72000122070312,149.82000732421875,149.8800048828125,35737
2026-06-30,152.42999267578125,153.80999755859375,154.22999572753906,151.92999267578125,152.72000122070312,64817
2026-07-01,154.9499969482422,154.9499969482422,154.9499969482422,150.0,152.41000366210938,67739
2026-07-02,156.30999755859375,156.30999755859375,157.52999877929688,154.00999450683594,154.85000610351562,55557
2026-07-03,156.9199981689453,156.9199981689453,157.44000244140625,155.52000427246094,156.57000732421875,32154
2026-07-06,155.2899932861328,155.2899932861328,157.8000030517578,155.17999267578125,157.33999633789062,62231
2026-07-07,155.5500030517578,155.5500030517578,156.47000122070312,155.3000030517578,155.8800048828125,33362
2026-07-08,154.89999389648438,154.89999389648438,156.38999938964844,154.27999877929688,156.38999938964844,39328
2026-07-09,156.80999755859375,156.80999755859375,156.80999755859375,154.52000427246094,155.58999633789062,26618
2026-07-10,157.42999267578125,157.42999267578125,157.9199981689453,156.4499969482422,156.8000030517578,37403
2026-07-13,156.4499969482422,156.4499969482422,157.92999267578125,156.0500030517578,157.75,37854
2026-07-14,154.66000366210938,154.66000366210938,157.44000244140625,154.60000610351562,157.0,61189
2026-07-15,155.7100067138672,155.7100067138672,156.25,153.99000549316406,155.49000549316406,64600
2026-07-16,156.27000427246094,156.27000427246094,156.97000122070312,154.9499969482422,156.39999389648438,32008
2026-07-17,156.0,156.0,157.86000061035156,156.0,157.3800048828125,26040
2026-07-20,156.27000427246094,156.27000427246094,157.0,156.0,157.0,28176
2026-07-21,156.2899932861328,156.2899932861328,157.44000244140625,155.39999389648438,156.67999267578125,29520
2026-07-22,154.3800048828125,154.3800048828125,156.99000549316406,154.0500030517578,156.99000549316406,40225
2026-07-23,153.94000244140625,153.94000244140625,155.25,153.32000732421875,155.25,32193
2026-07-24,155.17999267578125,155.17999267578125,155.24000549316406,153.86000061035156,154.11000061035156,28534
2026-07-27,154.9499969482422,154.9499969482422,156.22999572753906,154.02000427246094,155.17999267578125,44015
2026-07-28,156.64999389648438,156.64999389648438,157.3300018310547,155.08999633789062,155.39999389648438,35872
2026-07-29,155.83999633789062,155.83999633789062,157.1999969482422,155.83999633789062,156.77000427246094,27077
2026-07-30,156.55999755859375,156.55999755859375,156.94000244140625,155.55999755859375,155.9499969482422,34900
2026-07-31,157.75,157.75,157.97999572753906,156.69000244140625,156.69000244140625,27332
