Price,Adj Close,Close,High,Low,Open,Volume
Ticker,CYRE3.SA,CYRE3.SA,CYRE3.SA,CYRE3.SA,CYRE3.SA,CYRE3.SA
Date,,,,,,
2021-06-28,17.84820556640625,22.700000762939453,23.290000915527344,22.520000457763672,22.93000030517578,6118900
2021-06-29,18.060497283935547,22.969999313354492,23.100000381469727,22.18000030517578,22.6200008392334,7394700
2021-06-30,18.351415634155273,23.34000015258789,23.65999984741211,22.709999084472656,22.829999923706055,7354200
2021-07-01,17.895381927490234,22.760000228881836,23.510000228881836,22.709999084472656,23.450000762939453,7133600
2021-07-02,18.414318084716797,23.420000076293945,23.420000076293945,22.81999969482422,22.989999771118164,4565900
2021-07-05,18.288516998291016,23.260000228881836,23.43000030517578,23.049999237060547,23.290000915527344,2706700
2021-07-06,18.036911010742188,22.940000534057617,23.200000762939453,22.649999618530273,23.200000762939453,4555800
2021-07-07,18.26492691040039,23.229999542236328,23.520000457763672,22.84000015258789,23.200000762939453,5300600
2021-07-08,17.84034538269043,22.690000534057617,22.979999542236328,22.459999084472656,22.799999237060547,11091000
2021-07-12,18.44576644897461,23.459999084472656,23.690000534057617,22.790000915527344,22.920000076293945,6148800
2021-07-13,18.38286590576172,23.3799991607666,23.75,23.170000076293945,23.75,7063200
2021-07-14,18.54012107849121,23.579999923706055,23.90999984741211,23.440000534057617,23.670000076293945,5184000
2021-07-15,18.233478546142578,23.190000534057617,23.719999313354492,22.959999084472656,23.559999465942383,4993100
2021-07-16,17.92683219909668,22.799999237060547,23.520000457763672,22.670000076293945,23.360000610351562,4730500
2021-07-19,17.801029205322266,22.639999389648438,22.670000076293945,22.059999465942383,22.350000381469727,4686700
2021-07-20,17.643779754638672,22.440000534057617,22.6299991607666,22.190000534057617,22.6299991607666,3536800
2021-07-21,17.549427032470703,22.31999969482422,22.540000915527344,22.059999465942383,22.489999771118164,4475800
2021-07-22,17.604463577270508,22.389999389648438,22.579999923706055,22.219999313354492,22.360000610351562,3495500
2021-07-23,17.219192504882812,21.899999618530273,22.440000534057617,21.68000030517578,22.34000015258789,6364500
2021-07-26,16.95186424255371,21.559999465942383,21.959999084472656,21.399999618530273,21.860000610351562,4894000
2021-07-27,16.826061248779297,21.399999618530273,21.520000457763672,20.989999771118164,21.5,7181900
2021-07-28,17.09339141845703,21.739999771118164,21.81999969482422,21.229999542236328,21.530000686645508,4045600
2021-07-29,16.76316261291504,21.31999969482422,22.110000610351562,21.260000228881836,21.899999618530273,4914700
2021-07-30,16.393617630004883,20.850000381469727,21.290000915527344,20.709999084472656,21.149999618530273,4466700
2021-08-02,16.432931900024414,20.899999618530273,21.489999771118164,20.8700008392334,21.149999618530273,5394200
2021-08-03,16.142013549804688,20.530000686645508,20.899999618530273,19.850000381469727,20.899999618530273,8933800
2021-08-04,15.898271560668945,20.219999313354492,20.809999465942383,20.100000381469727,20.510000228881836,4707100
2021-08-05,15.434374809265137,19.6299991607666,20.479999542236328,19.56999969482422,20.31999969482422,7218300
2021-08-06,15.788193702697754,20.079999923706055,20.229999542236328,19.600000381469727,19.670000076293945,5471000
2021-08-09,16.000486373901367,20.350000381469727,20.610000610351562,19.950000762939453,20.049999237060547,6186100
2021-08-10,15.764605522155762,20.049999237060547,20.479999542236328,19.959999084472656,20.40999984741211,5141000
2021-08-11,15.489413261413574,19.700000762939453,20.1200008392334,19.56999969482422,20.059999465942383,5739000
2021-08-12,15.198493957519531,19.329999923706055,19.719999313354492,19.309999465942383,19.649999618530273,4570300
2021-08-13,14.970477104187012,19.040000915527344,20.059999465942383,18.969999313354492,19.559999465942383,8308000
2021-08-16,14.99406623840332,19.06999969482422,19.290000915527344,18.489999771118164,18.920000076293945,8186200
2021-08-17,14.40436840057373,18.31999969482422,18.959999084472656,18.049999237060547,18.959999084472656,7306900
2021-08-18,14.396502494812012,18.309999465942383,18.770000457763672,18.110000610351562,18.459999084472656,12136300
2021-08-19,14.467267990112305,18.399999618530273,18.510000228881836,17.899999618530273,17.969999313354492,6181200
2021-08-20,14.577346801757812,18.540000915527344,18.84000015258789,18.149999618530273,18.200000762939453,6843500
2021-08-23,14.286426544189453,18.170000076293945,18.799999237060547,18.059999465942383,18.59000015258789,5226700
2021-08-24,16.047658920288086,20.40999984741211,20.510000228881836,18.43000030517578,18.549999237060547,19107100
2021-08-25,16.66880989074707,21.200000762939453,21.399999618530273,20.110000610351562,20.190000534057617,20967600
2021-08-26,15.678115844726562,19.940000534057617,21.059999465942383,19.940000534057617,21.049999237060547,9548600
2021-08-27,16.755298614501953,21.309999465942383,21.309999465942383,19.979999542236328,19.979999542236328,7498500
2021-08-30,16.07910919189453,20.450000762939453,21.280000686645508,20.350000381469727,21.280000686645508,5997400
2021-08-31,15.898271560668945,20.219999313354492,21.09000015258789,20.010000228881836,20.5,8951200
2021-09-01,15.685979843139648,19.950000762939453,20.530000686645508,19.950000762939453,20.40999984741211,5242800
2021-09-02,15.15918254852295,19.280000686645508,20.030000686645508,19.190000534057617,19.959999084472656,6238400
2021-09-03,14.852537155151367,18.889999389648438,19.520000457763672,18.8799991607666,19.450000762939453,6051100
2021-09-06,15.261395454406738,19.40999984741211,19.40999984741211,18.81999969482422,18.889999389648438,2806000
2021-09-08,14.302153587341309,18.190000534057617,19.360000610351562,18.149999618530273,19.360000610351562,9077300
2021-09-09,14.569482803344727,18.530000686645508,18.799999237060547,17.709999084472656,18.200000762939453,10306700
2021-09-10,14.876127243041992,18.920000076293945,19.56999969482422,18.84000015258789,18.979999542236328,16294100
2021-09-13,15.607353210449219,19.850000381469727,20.1200008392334,19.190000534057617,19.360000610351562,7279100
2021-09-14,15.552312850952148,19.780000686645508,20.469999313354492,19.639999389648438,20.0,9152200
2021-09-15,15.450098991394043,19.649999618530273,19.90999984741211,19.200000762939453,19.760000228881836,6591000
2021-09-16,15.481551170349121,19.690000534057617,19.979999542236328,19.290000915527344,19.440000534057617,5691600
2021-09-17,15.465826034545898,19.670000076293945,19.799999237060547,19.229999542236328,19.510000228881836,5553800
2021-09-20,15.2456693649292,19.389999389648438,19.5,18.899999618530273,19.170000076293945,4528000
2021-09-21,15.685979843139648,19.950000762939453,20.190000534057617,19.270000457763672,19.530000686645508,6452800
2021-09-22,15.96903133392334,20.309999465942383,20.59000015258789,20.020000457763672,20.31999969482422,7504600
2021-09-23,15.277121543884277,19.43000030517578,20.56999969482422,19.280000686645508,20.56999969482422,11412600
2021-09-24,15.277121543884277,19.43000030517578,19.639999389648438,18.829999923706055,19.290000915527344,6288700
2021-09-27,15.072690963745117,19.170000076293945,19.5,18.75,19.5,4949800
2021-09-28,14.18421459197998,18.040000915527344,19.040000915527344,17.860000610351562,19.040000915527344,12325800
2021-09-29,13.99551010131836,17.799999237060547,18.440000534057617,17.770000457763672,18.239999771118164,6873600
2021-09-30,14.152761459350586,18.0,18.6299991607666,17.799999237060547,17.889999389648438,7900800
2021-10-01,14.671697616577148,18.65999984741211,18.940000534057617,17.899999618530273,18.010000228881836,7358000
2021-10-04,14.11345100402832,17.950000762939453,18.610000610351562,17.790000915527344,18.540000915527344,4088300
2021-10-05,13.767492294311523,17.510000228881836,18.1299991607666,17.479999542236328,18.1200008392334,5863900
2021-10-06,13.751766204833984,17.489999771118164,17.520000457763672,16.8799991607666,17.110000610351562,11861200
2021-10-07,13.500164031982422,17.170000076293945,17.899999618530273,17.1299991607666,17.600000381469727,7736400
2021-10-08,14.081998825073242,17.90999984741211,18.239999771118164,17.440000534057617,17.459999084472656,13468500
2021-10-11,13.932608604431152,17.719999313354492,18.139999389648438,17.610000610351562,17.899999618530273,5332300
2021-10-13,14.302153587341309,18.190000534057617,18.329999923706055,17.670000076293945,17.760000228881836,8337300
2021-10-14,13.979784965515137,17.780000686645508,18.579999923706055,17.549999237060547,18.440000534057617,8111600
2021-10-15,14.294289588928223,18.18000030517578,18.299999237060547,17.709999084472656,17.780000686645508,7931100
2021-10-18,14.317876815795898,18.209999084472656,18.389999389648438,17.520000457763672,17.90999984741211,5503400
2021-10-19,13.287871360778809,16.899999618530273,17.989999771118164,16.75,17.979999542236328,13890900
2021-10-20,13.091304779052734,16.649999618530273,17.200000762939453,16.579999923706055,17.06999969482422,7618900
2021-10-21,12.257864952087402,15.59000015258789,16.5,15.210000038146973,16.299999237060547,18703400
2021-10-22,11.93549633026123,15.180000305175781,15.479999542236328,14.300000190734863,15.300000190734863,18596300
2021-10-25,12.100611686706543,15.390000343322754,15.699999809265137,14.920000076293945,15.279999732971191,9323000
2021-10-26,11.487325668334961,14.609999656677246,15.25,14.359999656677246,15.1899995803833,10662300
2021-10-27,11.951223373413086,15.199999809265137,15.520000457763672,14.699999809265137,14.699999809265137,10273100
2021-10-28,11.322208404541016,14.399999618530273,15.319999694824219,14.319999694824219,14.920000076293945,8107400
2021-10-29,11.078468322753906,14.09000015258789,14.640000343322754,14.020000457763672,14.600000381469727,7421100
2021-11-01,11.424424171447754,14.529999732971191,14.819999694824219,14.170000076293945,14.300000190734863,4384200
2021-11-03,11.880457878112793,15.109999656677246,15.489999771118164,14.350000381469727,14.4399995803833,11096700
2021-11-04,11.620991706848145,14.779999732971191,15.279999732971191,14.59000015258789,14.970000267028809,4777100
2021-11-05,12.273591041564941,15.609999656677246,15.729999542236328,14.90999984741211,14.90999984741211,7067500
2021-11-08,11.738930702209473,14.930000305175781,15.5600004196167,14.850000381469727,15.539999961853027,6010300
2021-11-09,12.273591041564941,15.609999656677246,15.899999618530273,14.920000076293945,14.979999542236328,6287500
2021-11-10,12.721760749816895,16.18000030517578,16.670000076293945,15.470000267028809,15.640000343322754,10225000
2021-11-11,13.028403282165527,16.56999969482422,17.030000686645508,16.239999771118164,16.34000015258789,7727800
2021-11-12,12.509469985961914,15.90999984741211,16.8700008392334,15.779999732971191,16.34000015258789,5653200
2021-11-16,11.778243064880371,14.979999542236328,16.100000381469727,14.960000038146973,16.030000686645508,8745000
2021-11-17,11.471600532531738,14.59000015258789,15.369999885559082,14.390000343322754,15.149999618530273,8638100
2021-11-18,11.424424171447754,14.529999732971191,15.15999984741211,14.270000457763672,14.5600004196167,8470400
2021-11-19,11.888320922851562,15.119999885559082,15.34000015258789,14.520000457763672,14.520000457763672,5985900
2021-11-22,11.322208404541016,14.399999618530273,15.34000015258789,14.380000114440918,15.100000381469727,5371700
2021-11-23,11.337935447692871,14.420000076293945,14.59000015258789,14.010000228881836,14.59000015258789,5162000
2021-11-24,11.400836944580078,14.5,14.729999542236328,14.020000457763672,14.329999923706055,6111700
2021-11-25,11.959084510803223,15.210000038146973,15.319999694824219,14.550000190734863,14.5600004196167,6364900
2021-11-26,11.463737487792969,14.579999923706055,14.850000381469727,14.1899995803833,14.800000190734863,6915900
2021-11-29,11.039155006408691,14.039999961853027,14.8100004196167,14.010000228881836,14.789999961853027,12546600
2021-11-30,10.693199157714844,13.600000381469727,14.050000190734863,13.199999809265137,13.899999618530273,14176200
2021-12-01,10.35510540008545,13.170000076293945,14.210000038146973,13.15999984741211,13.760000228881836,11687800
2021-12-02,10.929078102111816,13.899999618530273,13.979999542236328,13.4399995803833,13.489999771118164,7652100
2021-12-03,11.738930702209473,14.930000305175781,15.140000343322754,13.890000343322754,13.890000343322754,14801600
2021-12-06,12.108475685119629,15.399999618530273,15.75,14.890000343322754,15.069999694824219,10009900
2021-12-07,11.943359375,15.1899995803833,15.84000015258789,15.109999656677246,15.430000305175781,6386100
2021-12-08,12.572370529174805,15.989999771118164,16.209999084472656,15.069999694824219,15.15999984741211,10591200
2021-12-09,12.194964408874512,15.510000228881836,15.880000114440918,15.329999923706055,15.670000076293945,6251800
2021-12-10,12.9104642868042,16.420000076293945,16.65999984741211,15.819999694824219,15.819999694824219,13614800
2021-12-13,12.446568489074707,15.829999923706055,16.450000762939453,15.819999694824219,16.40999984741211,5936900
2021-12-14,12.077024459838867,15.359999656677246,16.079999923706055,15.119999885559082,15.949999809265137,8911500
2021-12-15,12.234277725219727,15.5600004196167,15.6899995803833,15.039999961853027,15.5,6450300
2021-12-16,12.187101364135742,15.5,16.09000015258789,15.359999656677246,15.859999656677246,5665400
2021-12-17,12.194964408874512,15.510000228881836,15.779999732971191,15.140000343322754,15.260000228881836,6362800
2021-12-20,12.053436279296875,15.329999923706055,15.5,15.010000228881836,15.199999809265137,3846600
2021-12-21,11.927634239196777,15.170000076293945,15.449999809265137,14.800000190734863,15.4399995803833,4068500
2021-12-22,11.904047966003418,15.140000343322754,15.449999809265137,14.970000267028809,15.210000038146973,2772000
2021-12-23,11.880457878112793,15.109999656677246,15.279999732971191,14.770000457763672,15.1899995803833,3064100
2021-12-27,12.08488655090332,15.369999885559082,15.850000381469727,15.180000305175781,15.229999542236328,5203300
2021-12-28,12.09274959564209,15.380000114440918,15.619999885559082,15.270000457763672,15.359999656677246,4443400
2021-12-29,12.116336822509766,15.40999984741211,15.649999618530273,14.989999771118164,15.390000343322754,7767300
2021-12-30,12.407255172729492,15.779999732971191,15.960000038146973,15.399999618530273,15.479999542236328,7768300
2022-01-03,11.4165620803833,14.520000457763672,15.920000076293945,14.520000457763672,15.920000076293945,10561400
2022-01-04,11.212133407592773,14.260000228881836,14.710000038146973,14.119999885559082,14.699999809265137,10199300
2022-01-05,10.921215057373047,13.890000343322754,14.489999771118164,13.680000305175781,14.220000267028809,7777700
2022-01-06,10.826863288879395,13.770000457763672,14.100000381469727,13.600000381469727,13.920000076293945,9104600
2022-01-07,10.9762544631958,13.960000038146973,14.270000457763672,13.390000343322754,13.720000267028809,8137900
2022-01-10,10.756101608276367,13.680000305175781,13.970000267028809,13.5600004196167,13.720000267028809,6054600
2022-01-11,10.84259033203125,13.789999961853027,13.9399995803833,13.59000015258789,13.649999618530273,4337200
2022-01-12,11.164957046508789,14.199999809265137,14.279999732971191,13.729999542236328,13.829999923706055,6324900
2022-01-13,11.15709400177002,14.1899995803833,14.319999694824219,13.84000015258789,14.119999885559082,5180300
2022-01-14,11.15709400177002,14.1899995803833,14.319999694824219,13.819999694824219,14.069999694824219,9855000
2022-01-17,11.117782592773438,14.140000343322754,14.479999542236328,13.649999618530273,14.229999542236328,6049800
2022-01-18,10.779687881469727,13.710000038146973,14.239999771118164,13.6899995803833,14.010000228881836,6472200
2022-01-19,11.597402572631836,14.75,14.84000015258789,13.850000381469727,13.859999656677246,10756000
2022-01-20,11.974809646606445,15.229999542236328,15.369999885559082,14.710000038146973,14.75,10382600
2022-01-21,12.360078811645508,15.720000267028809,15.779999732971191,14.970000267028809,15.140000343322754,6627000
2022-01-24,12.179238319396973,15.489999771118164,15.880000114440918,15.180000305175781,15.619999885559082,8384500
2022-01-25,12.839700698852539,16.329999923706055,16.510000228881836,15.300000190734863,15.359999656677246,9756600
2022-01-26,13.374361038208008,17.010000228881836,17.56999969482422,16.479999542236328,16.479999542236328,15411800
2022-01-27,13.641690254211426,17.350000381469727,17.43000030517578,17.110000610351562,17.149999618530273,6882200
2022-01-28,13.492300987243652,17.15999984741211,17.440000534057617,16.950000762939453,17.239999771118164,9913500
2022-01-31,13.743905067443848,17.479999542236328,17.610000610351562,17.040000915527344,17.149999618530273,7326700
2022-02-01,13.54733943939209,17.229999542236328,17.65999984741211,17.139999389648438,17.469999313354492,5651400
2022-02-02,13.224969863891602,16.81999969482422,17.5,16.729999542236328,17.270000457763672,6140800
2022-02-03,13.224969863891602,16.81999969482422,17.34000015258789,16.639999389648438,16.920000076293945,4750300
2022-02-04,12.564507484436035,15.979999542236328,16.90999984741211,15.859999656677246,16.829999923706055,8133800
2022-02-07,12.485881805419922,15.880000114440918,16.040000915527344,15.649999618530273,15.970000267028809,4323300
2022-02-08,12.478018760681152,15.869999885559082,16.100000381469727,15.510000228881836,15.829999923706055,4993400
2022-02-09,12.462295532226562,15.850000381469727,16.350000381469727,15.720000267028809,15.890000343322754,4445400
2022-02-10,12.399393081665039,15.770000457763672,16.1200008392334,15.5600004196167,15.899999618530273,4836100
2022-02-11,12.470155715942383,15.859999656677246,16.399999618530273,15.619999885559082,15.899999618530273,6609300
2022-02-14,12.517332077026367,15.920000076293945,16.280000686645508,15.670000076293945,15.869999885559082,5603000
2022-02-15,13.051992416381836,16.600000381469727,16.670000076293945,16.06999969482422,16.139999389648438,7899800
2022-02-16,13.083443641662598,16.639999389648438,16.84000015258789,16.280000686645508,16.760000228881836,6408000
2022-02-17,12.75321102142334,16.219999313354492,16.809999465942383,16.1200008392334,16.6299991607666,4727000
2022-02-18,12.768937110900879,16.239999771118164,16.579999923706055,16.149999618530273,16.31999969482422,5215600
2022-02-21,12.367942810058594,15.729999542236328,16.329999923706055,15.59000015258789,16.239999771118164,5115200
2022-02-22,12.37580394744873,15.739999771118164,16.270000457763672,15.649999618530273,15.930000305175781,5804400
2022-02-23,12.139925003051758,15.4399995803833,16.190000534057617,15.350000381469727,15.869999885559082,5716700
2022-02-24,12.108475685119629,15.399999618530273,15.65999984741211,14.430000305175781,14.930000305175781,7400200
2022-02-25,11.93549633026123,15.180000305175781,15.539999961853027,14.869999885559082,15.300000190734863,5873800
2022-03-02,11.683892250061035,14.859999656677246,15.3100004196167,14.739999771118164,14.989999771118164,4574200
2022-03-03,11.71534252166748,14.899999618530273,15.510000228881836,14.859999656677246,14.869999885559082,6998400
2022-03-04,11.330073356628418,14.40999984741211,14.979999542236328,14.34000015258789,14.979999542236328,5955000
2022-03-07,10.646023750305176,13.539999961853027,14.460000038146973,13.539999961853027,14.300000190734863,10831300
2022-03-08,10.84259033203125,13.789999961853027,14.210000038146973,13.5600004196167,13.8100004196167,11868300
2022-03-09,11.471600532531738,14.59000015258789,14.6899995803833,13.890000343322754,13.90999984741211,9616800
2022-03-10,11.49518871307373,14.619999885559082,14.729999542236328,13.90999984741211,14.430000305175781,12470200
2022-03-11,11.007704734802246,14.0,14.869999885559082,13.829999923706055,14.6899995803833,10405600
2022-03-14,11.039155006408691,14.039999961853027,14.359999656677246,13.75,14.119999885559082,7841700
2022-03-15,11.4165620803833,14.520000457763672,14.649999618530273,13.890000343322754,13.930000305175781,11051300
2022-03-16,11.770381927490234,14.970000267028809,15.149999618530273,14.680000305175781,14.710000038146973,9209000
2022-03-17,11.558089256286621,14.699999809265137,15.010000228881836,14.380000114440918,14.979999542236328,9275000
2022-03-18,12.643134117126465,16.079999923706055,16.149999618530273,14.380000114440918,14.449999809265137,13751100
2022-03-21,12.643134117126465,16.079999923706055,16.309999465942383,15.609999656677246,15.760000228881836,7716300
2022-03-22,13.012678146362305,16.549999237060547,16.829999923706055,16.06999969482422,16.170000076293945,9472100
2022-03-23,13.390087127685547,17.030000686645508,17.3799991607666,16.43000030517578,16.549999237060547,13747700
2022-03-24,13.853982925415039,17.6200008392334,17.639999389648438,16.989999771118164,17.040000915527344,7973400
2022-03-25,14.79749870300293,18.81999969482422,18.969999313354492,17.709999084472656,17.709999084472656,14887500
2022-03-28,14.577346801757812,18.540000915527344,18.850000381469727,18.09000015258789,18.799999237060547,5721200
2022-03-29,14.152761459350586,18.0,19.170000076293945,18.0,18.889999389648438,8224900
2022-03-30,13.89329719543457,17.670000076293945,18.149999618530273,17.270000457763672,18.110000610351562,10074000
2022-03-31,13.751766204833984,17.489999771118164,17.959999084472656,17.360000610351562,17.639999389648438,8299400
2022-04-01,14.105586051940918,17.940000534057617,18.079999923706055,17.31999969482422,17.639999389648438,8917400
2022-04-04,13.853982925415039,17.6200008392334,18.030000686645508,17.450000762939453,18.0,5605100
2022-04-05,13.390087127685547,17.030000686645508,17.780000686645508,16.979999542236328,17.68000030517578,4661400
2022-04-06,12.9104642868042,16.420000076293945,16.93000030517578,16.229999542236328,16.93000030517578,8756000
2022-04-07,12.706036567687988,16.15999984741211,16.459999084472656,15.979999542236328,16.350000381469727,15026000
2022-04-08,12.438706398010254,15.819999694824219,16.09000015258789,15.520000457763672,16.049999237060547,9000500
2022-04-11,12.179238319396973,15.489999771118164,15.65999984741211,15.329999923706055,15.600000381469727,4667000
2022-04-12,12.108475685119629,15.399999618530273,16.219999313354492,15.260000228881836,16.0,8739100
2022-04-13,12.147787094116211,15.449999809265137,15.670000076293945,15.260000228881836,15.569999694824219,5311700
2022-04-14,12.0298490524292,15.300000190734863,15.640000343322754,15.220000267028809,15.539999961853027,5329400
2022-04-18,12.061299324035645,15.34000015258789,15.539999961853027,15.199999809265137,15.300000190734863,4024400
2022-04-19,12.069161415100098,15.350000381469727,15.430000305175781,15.050000190734863,15.270000457763672,3887200
2022-04-20,12.045573234558105,15.319999694824219,15.529999732971191,15.210000038146973,15.359999656677246,3052400
2022-04-22,11.738930702209473,14.930000305175781,15.130000114440918,14.789999961853027,15.079999923706055,5416000
2022-04-25,12.200454711914062,14.930000305175781,14.930000305175781,14.930000305175781,14.930000305175781,0
2022-04-26,11.57122802734375,14.15999984741211,14.680000305175781,14.0600004196167,14.59000015258789,8111400
2022-04-27,11.726492881774902,14.350000381469727,14.670000076293945,14.239999771118164,14.350000381469727,7722400
2022-04-28,11.963473320007324,14.640000343322754,14.729999542236328,14.25,14.460000038146973,4477600
2022-04-29,11.563056945800781,14.149999618530273,15.0,14.149999618530273,14.8100004196167,7491700
2022-05-02,11.58757209777832,14.180000305175781,14.279999732971191,13.859999656677246,14.149999618530273,10505500
2022-05-03,11.734663963317871,14.359999656677246,14.420000076293945,14.039999961853027,14.140000343322754,5710600
2022-05-04,12.110565185546875,14.819999694824219,14.869999885559082,13.819999694824219,14.239999771118164,7174900
2022-05-05,11.669289588928223,14.279999732971191,14.699999809265137,14.010000228881836,14.600000381469727,5674400
2022-05-06,11.41596508026123,13.970000267028809,14.319999694824219,13.869999885559082,14.229999542236328,6957800
2022-05-09,11.391449928283691,13.9399995803833,14.15999984741211,13.619999885559082,13.789999961853027,4369500
2022-05-10,11.685633659362793,14.300000190734863,14.479999542236328,14.119999885559082,14.180000305175781,8171400
2022-05-11,11.464995384216309,14.029999732971191,14.449999809265137,13.899999618530273,14.239999771118164,3681100
2022-05-12,11.75917911529541,14.390000343322754,14.4399995803833,13.760000228881836,13.899999618530273,5078500
2022-05-13,11.783695220947266,14.420000076293945,14.829999923706055,14.390000343322754,14.470000267028809,6322000
2022-05-16,12.192282676696777,14.920000076293945,15.069999694824219,14.140000343322754,14.420000076293945,6617200
2022-05-17,12.257657051086426,15.0,15.390000343322754,15.0,15.100000381469727,7051700
2022-05-18,11.661118507385254,14.270000457763672,15.0,14.170000076293945,14.989999771118164,8982100
2022-05-19,11.873583793640137,14.529999732971191,14.630000114440918,14.0600004196167,14.279999732971191,5288900
2022-05-20,12.086050033569336,14.789999961853027,14.899999618530273,14.550000190734863,14.75,4726200
2022-05-23,12.037018775939941,14.729999542236328,14.979999542236328,14.65999984741211,14.979999542236328,5337900
2022-05-24,11.840897560119629,14.489999771118164,14.680000305175781,14.170000076293945,14.529999732971191,5280200
2022-05-25,11.669289588928223,14.279999732971191,14.4399995803833,14.170000076293945,14.399999618530273,6152000
2022-05-26,11.955302238464355,14.630000114440918,14.75,14.239999771118164,14.239999771118164,4117100
2022-05-27,11.693804740905762,14.3100004196167,14.729999542236328,14.210000038146973,14.6899995803833,2711700
2022-05-30,11.4241361618042,13.979999542236328,14.510000228881836,13.680000305175781,14.479999542236328,7971600
2022-05-31,11.154468536376953,13.649999618530273,14.130000114440918,13.649999618530273,14.079999923706055,5414700
2022-06-01,11.129952430725098,13.619999885559082,13.800000190734863,13.449999809265137,13.680000305175781,6652000
2022-06-02,11.203498840332031,13.710000038146973,13.949999809265137,13.6899995803833,13.84000015258789,3178200
2022-06-03,11.178983688354492,13.680000305175781,13.789999961853027,13.479999542236328,13.649999618530273,3756200
2022-06-06,10.803081512451172,13.220000267028809,13.850000381469727,13.140000343322754,13.6899995803833,5140300
2022-06-07,10.557929039001465,12.920000076293945,13.109999656677246,12.819999694824219,13.109999656677246,6927600
2022-06-08,10.288260459899902,12.59000015258789,13.010000228881836,12.59000015258789,12.84000015258789,5924300
2022-06-09,10.386321067810059,12.710000038146973,13.119999885559082,12.470000267028809,12.550000190734863,7921800
2022-06-10,9.96138858795166,12.1899995803833,12.6899995803833,12.180000305175781,12.609999656677246,6455200
2022-06-13,9.84698486328125,12.050000190734863,12.149999618530273,11.699999809265137,12.0,8599500
2022-06-14,9.871500015258789,12.079999923706055,12.25,11.949999809265137,12.100000381469727,6335200
2022-06-15,10.07579517364502,12.329999923706055,12.479999542236328,12.119999885559082,12.260000228881836,9765100
2022-06-17,10.018592834472656,12.260000228881836,12.260000228881836,11.890000343322754,12.149999618530273,9367200
2022-06-20,9.855156898498535,12.0600004196167,12.289999961853027,11.949999809265137,12.229999542236328,6293300
2022-06-21,9.83064079284668,12.029999732971191,12.239999771118164,11.869999885559082,12.109999656677246,7078100
2022-06-22,9.896013259887695,12.109999656677246,12.3100004196167,11.869999885559082,11.869999885559082,6172900
2022-06-23,9.896013259887695,12.109999656677246,12.350000381469727,11.989999771118164,12.149999618530273,4701500
2022-06-24,9.789782524108887,11.979999542236328,12.350000381469727,11.920000076293945,12.199999809265137,4177800
2022-06-27,9.732580184936523,11.90999984741211,12.09000015258789,11.84000015258789,12.020000457763672,4421500
2022-06-28,9.536457061767578,11.670000076293945,12.100000381469727,11.569999694824219,11.960000038146973,6821600
2022-06-29,9.691720962524414,11.859999656677246,12.029999732971191,11.710000038146973,11.739999771118164,10661600
2022-06-30,9.659032821655273,11.819999694824219,11.979999542236328,11.550000190734863,11.6899995803833,6526000
2022-07-01,9.838812828063965,12.039999961853027,12.220000267028809,11.640000343322754,11.75,4807300
2022-07-04,9.765267372131348,11.949999809265137,12.149999618530273,11.930000305175781,11.979999542236328,4582200
2022-07-05,9.994075775146484,12.229999542236328,12.260000228881836,11.760000228881836,11.829999923706055,6581400
2022-07-06,10.07579517364502,12.329999923706055,12.579999923706055,12.119999885559082,12.199999809265137,7936700
2022-07-07,10.271916389465332,12.569999694824219,12.770000457763672,12.369999885559082,12.569999694824219,5729100
2022-07-08,10.337289810180664,12.649999618530273,12.770000457763672,12.489999771118164,12.609999656677246,3320700
2022-07-11,10.16568374633789,12.4399995803833,12.59000015258789,12.1899995803833,12.430000305175781,4913100
2022-07-12,10.647817611694336,13.029999732971191,13.140000343322754,12.350000381469727,12.470000267028809,9582200
2022-07-13,10.574271202087402,12.9399995803833,13.510000228881836,12.890000343322754,12.899999618530273,10363000
2022-07-14,9.945045471191406,12.170000076293945,12.8100004196167,12.170000076293945,12.8100004196167,7715000
2022-07-15,9.928702354431152,12.149999618530273,12.329999923706055,12.010000228881836,12.260000228881836,4832500
2022-07-18,9.863327980041504,12.069999694824219,12.279999732971191,12.050000190734863,12.279999732971191,5958100
2022-07-19,9.912359237670898,12.130000114440918,12.289999961853027,12.069999694824219,12.109999656677246,3684300
2022-07-20,9.994075775146484,12.229999542236328,12.300000190734863,11.979999542236328,12.029999732971191,4160000
2022-07-21,10.083965301513672,12.34000015258789,12.569999694824219,12.100000381469727,12.170000076293945,4412400
2022-07-22,10.018592834472656,12.260000228881836,12.460000038146973,12.119999885559082,12.460000038146973,3870100
2022-07-25,10.010419845581055,12.25,12.430000305175781,12.199999809265137,12.34000015258789,3107000
2022-07-26,9.814297676086426,12.010000228881836,12.289999961853027,11.869999885559082,12.289999961853027,4399600
2022-07-27,10.092138290405273,12.350000381469727,12.40999984741211,11.970000267028809,12.09000015258789,3183600
2022-07-28,10.484382629394531,12.829999923706055,12.920000076293945,12.289999961853027,12.369999885559082,5072300
2022-07-29,10.32094669342041,12.630000114440918,12.859999656677246,12.59000015258789,12.850000381469727,2880900
2022-08-01,10.566100120544434,12.930000305175781,12.970000267028809,12.579999923706055,12.630000114440918,8546000
2022-08-02,10.24740219116211,12.539999961853027,12.970000267028809,12.479999542236328,12.930000305175781,4632200
2022-08-03,10.950173377990723,13.399999618530273,13.479999542236328,12.430000305175781,12.5600004196167,8764900
2022-08-04,12.200454711914062,14.930000305175781,15.279999732971191,13.630000114440918,13.819999694824219,15927000
2022-08-05,12.028847694396973,14.720000267028809,15.039999961853027,14.300000190734863,14.859999656677246,7492800
2022-08-08,12.020675659179688,14.710000038146973,15.0,14.649999618530273,14.890000343322754,6528100
2022-08-09,12.028847694396973,14.720000267028809,14.930000305175781,14.4399995803833,14.75,5774100
2022-08-10,12.347546577453613,15.109999656677246,15.600000381469727,15.0600004196167,15.130000114440918,6685300
2022-08-11,11.824553489685059,14.470000267028809,15.25,14.359999656677246,15.0,5595400
2022-08-12,11.922615051269531,14.59000015258789,14.770000457763672,14.350000381469727,14.600000381469727,5564200
2022-08-15,12.658074378967285,15.489999771118164,15.489999771118164,14.380000114440918,14.489999771118164,12415800
2022-08-16,12.568183898925781,15.380000114440918,15.6899995803833,15.029999732971191,15.529999732971191,4892400
2022-08-17,12.50281047821045,15.300000190734863,15.489999771118164,14.989999771118164,15.300000190734863,5951500
2022-08-18,12.274001121520996,15.020000457763672,15.449999809265137,14.6899995803833,15.34000015258789,4534200
2022-08-19,11.546712875366211,14.130000114440918,14.819999694824219,14.069999694824219,14.6899995803833,9037000
2022-08-22,11.49768352508545,14.069999694824219,14.199999809265137,13.779999732971191,14.039999961853027,4502900
2022-08-23,11.726492881774902,14.350000381469727,14.460000038146973,14.0,14.079999923706055,4264800
2022-08-24,11.9307861328125,14.600000381469727,14.829999923706055,14.289999961853027,14.300000190734863,5379600
2022-08-25,11.865411758422852,14.520000457763672,14.829999923706055,14.479999542236328,14.699999809265137,4860100
2022-08-26,11.644774436950684,14.25,14.720000267028809,14.170000076293945,14.600000381469727,3674000
2022-08-29,11.889927864074707,14.550000190734863,14.829999923706055,14.020000457763672,14.140000343322754,5536600
2022-08-30,11.808209419250488,14.449999809265137,15.050000190734863,14.369999885559082,14.539999961853027,4123000
2022-08-31,11.57122802734375,14.15999984741211,14.65999984741211,14.15999984741211,14.510000228881836,4948400
2022-09-01,12.372062683105469,15.140000343322754,15.229999542236328,14.220000267028809,14.220000267028809,8226100
2022-09-02,13.344502449035645,16.329999923706055,16.90999984741211,15.199999809265137,15.270000457763672,21638300
2022-09-05,13.319986343383789,16.299999237060547,16.75,16.190000534057617,16.450000762939453,9554200
2022-09-06,12.780651092529297,15.640000343322754,16.270000457763672,15.329999923706055,16.1200008392334,7276300
2022-09-08,13.213754653930664,16.170000076293945,16.3799991607666,15.729999542236328,15.739999771118164,8515600
2022-09-09,13.67137336730957,16.729999542236328,17.25,16.229999542236328,16.299999237060547,16739800
2022-09-12,13.540624618530273,16.56999969482422,17.049999237060547,16.540000915527344,16.899999618530273,4715600
2022-09-13,13.279129028320312,16.25,16.3799991607666,16.040000915527344,16.299999237060547,4685200
2022-09-14,13.066661834716797,15.989999771118164,16.270000457763672,15.880000114440918,16.200000762939453,5044100
2022-09-15,13.066661834716797,15.989999771118164,16.399999618530273,15.880000114440918,15.989999771118164,6626600
2022-09-16,12.862367630004883,15.739999771118164,16.0,15.359999656677246,15.699999809265137,15679600
2022-09-19,13.213754653930664,16.170000076293945,16.329999923706055,15.600000381469727,15.600000381469727,8099800
2022-09-20,13.23827075958252,16.200000762939453,16.40999984741211,15.930000305175781,16.149999618530273,7013800
2022-09-21,13.352675437927246,16.34000015258789,16.719999313354492,16.049999237060547,16.209999084472656,9827300
2022-09-22,13.810294151306152,16.899999618530273,17.139999389648438,16.530000686645508,16.6299991607666,17290400
2022-09-23,13.69588851928711,16.760000228881836,16.81999969482422,16.190000534057617,16.59000015258789,8420300
2022-09-26,13.230098724365234,16.190000534057617,16.790000915527344,15.989999771118164,16.700000762939453,10211600
2022-09-27,13.132036209106445,16.06999969482422,16.700000762939453,15.960000038146973,16.450000762939453,7210900
2022-09-28,14.202536582946777,17.3799991607666,17.549999237060547,16.34000015258789,16.5,26393300
2022-09-29,14.096305847167969,17.25,17.43000030517578,16.770000457763672,17.100000381469727,10791300
2022-09-30,14.995200157165527,18.350000381469727,18.520000457763672,17.0,17.15999984741211,21781900
2022-10-03,16.368059158325195,20.030000686645508,20.56999969482422,19.100000381469727,19.100000381469727,29880900
2022-10-04,16.073875427246094,19.670000076293945,20.6299991607666,19.280000686645508,20.229999542236328,17780600
2022-10-05,16.171937942504883,19.790000915527344,20.049999237060547,19.600000381469727,19.780000686645508,6730500
2022-10-06,16.033018112182617,19.6200008392334,20.030000686645508,19.56999969482422,19.969999313354492,8687500
2022-10-07,15.812376976013184,19.350000381469727,19.649999618530273,19.209999084472656,19.489999771118164,7157700
2022-10-10,15.681628227233887,19.190000534057617,19.579999923706055,18.860000610351562,19.389999389648438,5447400
2022-10-11,15.256698608398438,18.670000076293945,19.239999771118164,18.40999984741211,19.1299991607666,9328300
2022-10-13,15.166807174682617,18.559999465942383,18.959999084472656,18.18000030517578,18.5,13938400
2022-10-14,15.207667350769043,18.610000610351562,18.8799991607666,18.459999084472656,18.649999618530273,11203100
2022-10-17,15.232182502746582,18.639999389648438,19.049999237060547,18.59000015258789,18.889999389648438,7803500
2022-10-18,15.436474800109863,18.889999389648438,19.350000381469727,18.649999618530273,18.940000534057617,10222800
2022-10-19,15.019716262817383,18.3799991607666,19.040000915527344,18.219999313354492,18.850000381469727,6531800
2022-10-20,14.496722221374512,17.739999771118164,18.579999923706055,17.459999084472656,18.450000762939453,17586400
2022-10-21,14.856281280517578,18.18000030517578,18.34000015258789,17.489999771118164,17.559999465942383,8735600
2022-10-24,14.562097549438477,17.81999969482422,18.200000762939453,17.719999313354492,18.040000915527344,5780400
2022-10-25,14.415003776550293,17.639999389648438,18.06999969482422,17.350000381469727,17.81999969482422,6517700
2022-10-26,13.71223258972168,16.780000686645508,17.510000228881836,16.610000610351562,17.5,8535500
2022-10-27,14.44769287109375,17.68000030517578,17.950000762939453,16.780000686645508,16.780000686645508,6863500
2022-10-28,14.60295581817627,17.8700008392334,18.0,17.3799991607666,17.6299991607666,10852200
2022-10-31,15.199495315551758,18.600000381469727,18.860000610351562,17.3799991607666,17.5,10737200
2022-11-01,15.191323280334473,18.59000015258789,18.90999984741211,18.040000915527344,18.780000686645508,7776100
2022-11-03,14.970685005187988,18.31999969482422,18.600000381469727,17.940000534057617,17.950000762939453,5821500
2022-11-04,15.068748474121094,18.440000534057617,18.84000015258789,18.309999465942383,18.65999984741211,8003600
2022-11-07,14.145336151123047,17.309999465942383,18.459999084472656,17.190000534057617,18.389999389648438,15914600
2022-11-08,14.05544662475586,17.200000762939453,17.709999084472656,16.899999618530273,17.200000762939453,6750900
2022-11-09,14.071788787841797,17.219999313354492,17.530000686645508,17.030000686645508,17.030000686645508,5584700
2022-11-10,12.421092987060547,15.199999809265137,16.540000915527344,15.079999923706055,16.540000915527344,21172900
2022-11-11,11.832724571228027,14.479999542236328,15.75,14.289999961853027,15.210000038146973,18183100
2022-11-14,12.363890647888184,15.130000114440918,15.350000381469727,14.59000015258789,14.600000381469727,10174600
2022-11-16,11.612088203430176,14.210000038146973,15.09000015258789,14.0,15.069999694824219,10423400
2022-11-17,11.19532585144043,13.699999809265137,14.100000381469727,12.699999809265137,14.0,25384100
2022-11-18,11.121781349182129,13.609999656677246,14.680000305175781,13.520000457763672,13.930000305175781,12838300
2022-11-21,12.012504577636719,14.699999809265137,14.779999732971191,13.84000015258789,13.899999618530273,11414000
2022-11-22,11.612088203430176,14.210000038146973,14.859999656677246,13.960000038146973,14.720000267028809,6557400
2022-11-23,11.268874168395996,13.789999961853027,14.15999984741211,13.529999732971191,14.149999618530273,10773800
2022-11-24,11.7101469039917,14.329999923706055,14.619999885559082,13.869999885559082,13.9399995803833,4613700
2022-11-25,11.293387413024902,13.819999694824219,14.399999618530273,13.619999885559082,14.369999885559082,4604800
2022-11-28,11.178983688354492,13.680000305175781,14.0,13.609999656677246,13.850000381469727,3471400
2022-11-29,11.7183198928833,14.34000015258789,14.550000190734863,13.600000381469727,13.680000305175781,6974200
2022-11-30,11.734663963317871,14.359999656677246,14.460000038146973,13.779999732971191,14.319999694824219,10468100
2022-12-01,11.514026641845703,14.09000015258789,14.4399995803833,13.920000076293945,14.359999656677246,11080300
2022-12-02,11.947129249572754,14.619999885559082,15.020000457763672,14.079999923706055,14.1899995803833,8584900
2022-12-05,11.121781349182129,13.609999656677246,14.470000267028809,13.470000267028809,14.449999809265137,9161100
2022-12-06,11.228014945983887,13.739999771118164,13.869999885559082,13.520000457763672,13.65999984741211,6349200
2022-12-07,11.326075553894043,13.859999656677246,14.149999618530273,13.6899995803833,13.6899995803833,5321500
2022-12-08,10.803081512451172,13.220000267028809,13.8100004196167,13.09000015258789,13.8100004196167,7246900
2022-12-09,10.705021858215332,13.100000381469727,13.380000114440918,13.029999732971191,13.300000190734863,5962000
2022-12-12,10.255573272705078,12.550000190734863,13.359999656677246,12.380000114440918,13.020000457763672,9229000
2022-12-13,9.920531272888184,12.140000343322754,12.920000076293945,12.079999923706055,12.680000305175781,9172600
2022-12-14,10.214714050292969,12.5,12.729999542236328,11.579999923706055,12.069999694824219,14272600
2022-12-15,10.345462799072266,12.65999984741211,12.979999542236328,12.279999732971191,12.40999984741211,9190500
2022-12-16,9.88784408569336,12.100000381469727,12.479999542236328,11.899999618530273,12.289999961853027,18249000
2022-12-19,10.43535327911377,12.770000457763672,12.970000267028809,12.109999656677246,12.199999809265137,9218600
2022-12-20,10.623303413391113,13.0,13.739999771118164,12.539999961853027,12.739999771118164,10515200
2022-12-21,10.566100120544434,12.930000305175781,13.279999732971191,12.479999542236328,13.170000076293945,10116200
2022-12-22,10.598788261413574,12.970000267028809,13.15999984741211,12.739999771118164,12.989999771118164,5101000
2022-12-23,11.007375717163086,13.470000267028809,13.829999923706055,13.029999732971191,13.029999732971191,7013200
2022-12-26,10.819424629211426,13.239999771118164,13.520000457763672,13.079999923706055,13.449999809265137,1345200
2022-12-27,10.427180290222168,12.760000228881836,13.359999656677246,12.550000190734863,13.319999694824219,5889300
2022-12-28,10.917485237121582,13.359999656677246,13.579999923706055,12.8100004196167,12.84000015258789,6803200
2022-12-29,10.68050479888916,13.069999694824219,13.779999732971191,12.949999809265137,13.369999885559082,6274300
2023-01-02,10.500726699829102,12.850000381469727,12.960000038146973,12.449999809265137,12.890000343322754,5573000
2023-01-03,10.034934997558594,12.279999732971191,13.119999885559082,12.239999771118164,12.869999885559082,7862400
2023-01-04,10.427180290222168,12.760000228881836,12.800000190734863,12.25,12.5,8608300
2023-01-05,10.705021858215332,13.100000381469727,13.140000343322754,12.649999618530273,12.850000381469727,7611700
2023-01-06,11.203498840332031,13.710000038146973,13.84000015258789,13.0,13.119999885559082,11356700
2023-01-09,11.09726619720459,13.579999923706055,13.829999923706055,13.270000457763672,13.539999961853027,8026900
2023-01-10,11.383277893066406,13.930000305175781,14.09000015258789,13.25,13.520000457763672,7487500
2023-01-11,11.554885864257812,14.140000343322754,14.199999809265137,13.699999809265137,13.930000305175781,4208100
2023-01-12,11.53036880493164,14.109999656677246,14.40999984741211,13.789999961853027,14.039999961853027,5294000
2023-01-13,11.244357109069824,13.760000228881836,14.0600004196167,13.619999885559082,13.970000267028809,3939500
2023-01-16,11.129952430725098,13.619999885559082,13.890000343322754,13.449999809265137,13.649999618530273,2715200
2023-01-17,11.473166465759277,14.039999961853027,14.180000305175781,13.630000114440918,13.670000076293945,8380500
2023-01-18,11.767350196838379,14.399999618530273,15.050000190734863,14.289999961853027,14.5,14913900
2023-01-19,11.783695220947266,14.420000076293945,14.539999961853027,13.850000381469727,14.25,10520800
2023-01-20,11.701976776123047,14.319999694824219,14.579999923706055,14.1899995803833,14.40999984741211,5827800
2023-01-23,11.840897560119629,14.489999771118164,14.8100004196167,14.229999542236328,14.319999694824219,5692400
2023-01-24,11.97164535522461,14.649999618530273,14.800000190734863,14.34000015258789,14.529999732971191,5232800
2023-01-25,12.208625793457031,14.9399995803833,15.140000343322754,14.529999732971191,14.630000114440918,6379900
2023-01-26,12.323031425476074,15.079999923706055,15.270000457763672,14.850000381469727,14.989999771118164,9617600
2023-01-27,12.13508129119873,14.850000381469727,15.1899995803833,14.600000381469727,15.029999732971191,6078600
2023-01-30,12.077878952026367,14.779999732971191,15.09000015258789,14.6899995803833,14.899999618530273,4223200
2023-01-31,12.404748916625977,15.180000305175781,15.329999923706055,14.84000015258789,14.899999618530273,6699600
2023-02-01,12.233141899108887,14.970000267028809,15.210000038146973,14.649999618530273,15.15999984741211,5395800
2023-02-02,12.323031425476074,15.079999923706055,15.710000038146973,14.850000381469727,14.850000381469727,19225300
2023-02-03,11.832724571228027,14.479999542236328,14.979999542236328,14.380000114440918,14.899999618530273,7651800
2023-02-06,11.473166465759277,14.039999961853027,14.140000343322754,13.829999923706055,13.899999618530273,16369200
2023-02-07,11.464995384216309,14.029999732971191,14.25,13.890000343322754,14.09000015258789,11334800
2023-02-08,11.963473320007324,14.640000343322754,14.75,14.069999694824219,14.130000114440918,8677600
2023-02-09,12.037018775939941,14.729999542236328,15.050000190734863,14.4399995803833,14.619999885559082,12022000
2023-02-10,12.380233764648438,15.149999618530273,15.289999961853027,14.600000381469727,14.670000076293945,6537100
2023-02-13,12.731618881225586,15.579999923706055,15.859999656677246,15.130000114440918,15.199999809265137,5976800
2023-02-14,12.47829532623291,15.270000457763672,15.729999542236328,15.140000343322754,15.729999542236328,14280700
2023-02-15,12.641731262207031,15.470000267028809,15.739999771118164,14.960000038146973,15.239999771118164,11542900
2023-02-16,12.094222068786621,14.800000190734863,15.34000015258789,14.710000038146973,15.329999923706055,10806400
2023-02-17,12.037018775939941,14.729999542236328,14.960000038146973,14.609999656677246,14.680000305175781,3921200
2023-02-22,12.412920951843262,15.1899995803833,15.1899995803833,14.619999885559082,14.630000114440918,11869400
2023-02-23,12.429264068603516,15.210000038146973,15.430000305175781,15.0600004196167,15.0600004196167,4384700
2023-02-24,12.274001121520996,15.020000457763672,15.239999771118164,14.869999885559082,15.149999618530273,3696100
2023-02-27,12.380233764648438,15.149999618530273,15.319999694824219,14.850000381469727,15.09000015258789,3605600
2023-02-28,12.241312980651855,14.979999542236328,15.319999694824219,14.960000038146973,15.149999618530273,3464000
2023-03-01,12.1432523727417,14.859999656677246,15.100000381469727,14.460000038146973,15.069999694824219,4511300
2023-03-02,12.086050033569336,14.789999961853027,15.1899995803833,14.609999656677246,14.869999885559082,5315800
2023-03-03,12.037018775939941,14.729999542236328,14.880000114440918,14.609999656677246,14.789999961853027,1720800
2023-03-06,12.282172203063965,15.029999732971191,15.149999618530273,14.699999809265137,14.720000267028809,2369700
2023-03-07,12.486466407775879,15.279999732971191,15.489999771118164,15.0,15.0600004196167,9260500
2023-03-08,13.04214859008789,15.960000038146973,16.040000915527344,15.149999618530273,15.369999885559082,9278600
2023-03-09,13.40987777709961,16.40999984741211,16.760000228881836,15.8100004196167,15.829999923706055,8714600
2023-03-10,13.009459495544434,15.920000076293945,16.3700008392334,15.8100004196167,16.3700008392334,3484800
2023-03-13,13.1483793258667,16.09000015258789,16.360000610351562,15.579999923706055,15.8100004196167,3788200
2023-03-14,12.829681396484375,15.699999809265137,16.459999084472656,15.630000114440918,16.149999618530273,5274100
2023-03-15,12.821508407592773,15.6899995803833,15.800000190734863,15.199999809265137,15.539999961853027,7137500
2023-03-16,13.017632484436035,15.930000305175781,16.079999923706055,15.670000076293945,15.760000228881836,6079100
2023-03-17,12.045190811157227,14.739999771118164,15.899999618530273,14.59000015258789,15.899999618530273,14403400
2023-03-20,11.644774436950684,14.25,14.859999656677246,14.1899995803833,14.710000038146973,5106000
2023-03-21,11.612088203430176,14.210000038146973,14.390000343322754,14.0600004196167,14.319999694824219,2312800
2023-03-22,11.546712875366211,14.130000114440918,14.649999618530273,14.069999694824219,14.180000305175781,4044600
2023-03-23,10.835768699645996,13.260000228881836,14.25,13.020000457763672,14.15999984741211,8948600
2023-03-24,10.713191986083984,13.109999656677246,13.680000305175781,13.010000228881836,13.3100004196167,7808200
2023-03-27,11.121781349182129,13.609999656677246,13.65999984741211,13.149999618530273,13.149999618530273,4219100
2023-03-28,11.089092254638672,13.569999694824219,13.779999732971191,13.289999961853027,13.550000190734863,4772400
2023-03-29,11.089092254638672,13.569999694824219,13.720000267028809,13.369999885559082,13.670000076293945,4524500
2023-03-30,11.595743179321289,14.1899995803833,14.539999961853027,13.890000343322754,13.90999984741211,5998000
2023-03-31,11.505853652954102,14.079999923706055,14.279999732971191,13.819999694824219,14.1899995803833,6000100
2023-04-03,11.154468536376953,13.649999618530273,13.970000267028809,13.649999618530273,13.970000267028809,4156900
2023-04-04,11.366933822631836,13.90999984741211,14.050000190734863,13.5600004196167,13.649999618530273,4220900
2023-04-05,11.366933822631836,13.90999984741211,14.079999923706055,13.770000457763672,13.890000343322754,4261700
2023-04-06,11.35876178741455,13.899999618530273,14.050000190734863,13.739999771118164,13.850000381469727,1921100
2023-04-10,11.35876178741455,13.899999618530273,14.199999809265137,13.699999809265137,13.930000305175781,4009100
2023-04-11,12.453779220581055,15.239999771118164,15.460000038146973,14.220000267028809,14.239999771118164,10295400
2023-04-12,12.927742004394531,15.819999694824219,16.239999771118164,15.199999809265137,15.289999961853027,9785000
2023-04-13,12.944086074829102,15.84000015258789,16.110000610351562,15.65999984741211,15.859999656677246,5869000
2023-04-14,12.674417495727539,15.510000228881836,15.859999656677246,15.359999656677246,15.770000457763672,5393400
2023-04-17,12.788822174072266,15.649999618530273,15.75,15.359999656677246,15.569999694824219,2716000
2023-04-18,12.592700004577637,15.40999984741211,15.800000190734863,15.119999885559082,15.710000038146973,3670900
2023-04-19,12.200454711914062,14.930000305175781,15.239999771118164,14.609999656677246,15.210000038146973,6345800
2023-04-20,12.241312980651855,14.979999542236328,15.020000457763672,14.5,14.859999656677246,5347000
2023-04-24,12.30668830871582,15.0600004196167,15.220000267028809,14.75,14.979999542236328,2852400
2023-04-25,12.15959644317627,14.880000114440918,15.039999961853027,14.6899995803833,14.949999809265137,2716900
2023-04-26,12.077878952026367,14.779999732971191,15.039999961853027,14.619999885559082,14.890000343322754,5565500
2023-04-27,12.429264068603516,15.210000038146973,15.289999961853027,14.609999656677246,14.699999809265137,3420100
2023-04-28,12.625387191772461,15.449999809265137,15.630000114440918,15.149999618530273,15.319999694824219,8667500
2023-05-02,12.429264068603516,15.210000038146973,15.369999885559082,14.75,15.3100004196167,6386400
2023-05-03,12.599479675292969,14.899999618530273,14.970000267028809,14.550000190734863,14.75,3440500
2023-05-04,13.140666007995605,15.539999961853027,15.699999809265137,14.970000267028809,14.970000267028809,6957200
2023-05-05,13.50427532196045,15.970000267028809,16.110000610351562,15.609999656677246,15.65999984741211,6537100
2023-05-08,13.512730598449707,15.979999542236328,16.459999084472656,15.899999618530273,16.100000381469727,3496900
2023-05-09,13.555011749267578,16.030000686645508,16.309999465942383,15.84000015258789,15.899999618530273,4148200
2023-05-10,13.876340866088867,16.40999984741211,16.5,15.970000267028809,15.970000267028809,4560500
2023-05-11,14.096197128295898,16.670000076293945,16.81999969482422,16.149999618530273,16.350000381469727,4330200
2023-05-12,13.943988800048828,16.489999771118164,16.8799991607666,15.739999771118164,16.5,8819900
2023-05-15,14.121565818786621,16.700000762939453,16.850000381469727,16.450000762939453,16.579999923706055,3871200
2023-05-16,14.045461654663086,16.610000610351562,17.059999465942383,16.520000457763672,16.68000030517578,5962000
2023-05-17,14.16384506225586,16.75,16.889999389648438,16.479999542236328,16.790000915527344,5095200
2023-05-18,14.459805488586426,17.100000381469727,17.200000762939453,16.600000381469727,16.68000030517578,5031800
2023-05-19,14.50208568572998,17.149999618530273,17.610000610351562,17.06999969482422,17.219999313354492,5281400
2023-05-22,14.70503044128418,17.389999389648438,17.68000030517578,17.100000381469727,17.1299991607666,4448700
2023-05-23,14.781134605407715,17.479999542236328,17.850000381469727,17.31999969482422,17.350000381469727,7990900
2023-05-24,14.899519920349121,17.6200008392334,17.860000610351562,17.229999542236328,17.350000381469727,4988900
2023-05-25,15.821226119995117,18.709999084472656,18.81999969482422,17.93000030517578,17.940000534057617,10166200
2023-05-26,15.905786514282227,18.809999465942383,19.059999465942383,18.690000534057617,18.979999542236328,7510100
2023-05-29,15.888875007629395,18.790000915527344,19.030000686645508,18.6200008392334,19.0,4258300
2023-05-30,15.685928344726562,18.549999237060547,19.149999618530273,18.440000534057617,18.8799991607666,5640600
2023-05-31,15.795858383178711,18.68000030517578,18.959999084472656,18.280000686645508,18.399999618530273,9728800
2023-06-01,16.024171829223633,18.950000762939453,19.100000381469727,18.709999084472656,18.809999465942383,7222600
2023-06-02,16.235572814941406,19.200000762939453,19.530000686645508,18.989999771118164,19.350000381469727,8609200
2023-06-05,16.17637825012207,19.1299991607666,19.309999465942383,18.899999618530273,19.200000762939453,3594300
2023-06-06,16.463882446289062,19.469999313354492,19.690000534057617,19.110000610351562,19.1299991607666,5129000
2023-06-07,16.556900024414062,19.579999923706055,19.81999969482422,19.34000015258789,19.600000381469727,5533000
2023-06-09,16.3962345123291,19.389999389648438,19.979999542236328,19.360000610351562,19.75,4701200
2023-06-12,16.167924880981445,19.1200008392334,19.579999923706055,19.09000015258789,19.389999389648438,8978500
2023-06-13,15.905786514282227,18.809999465942383,19.280000686645508,18.700000762939453,19.190000534057617,6741800
2023-06-14,16.227115631103516,19.190000534057617,19.209999084472656,18.790000915527344,18.850000381469727,6863200
2023-06-15,16.438514709472656,19.440000534057617,19.690000534057617,19.170000076293945,19.209999084472656,7005800
2023-06-16,16.108728408813477,19.049999237060547,19.540000915527344,19.049999237060547,19.34000015258789,7079100
2023-06-19,16.43006134033203,19.43000030517578,19.559999465942383,18.93000030517578,18.93000030517578,3753800
2023-06-20,16.311676025390625,19.290000915527344,19.450000762939453,19.09000015258789,19.399999618530273,5608200
2023-06-21,16.776758193969727,19.84000015258789,19.899999618530273,19.299999237060547,19.299999237060547,9122300
2023-06-22,16.210203170776367,19.170000076293945,19.799999237060547,18.75,19.68000030517578,13344700
2023-06-23,16.65837287902832,19.700000762939453,19.75,19.170000076293945,19.290000915527344,5492600
2023-06-26,16.624547958374023,19.65999984741211,19.950000762939453,19.299999237060547,19.899999618530273,6746500
2023-06-27,16.074907302856445,19.010000228881836,19.950000762939453,18.6200008392334,19.93000030517578,9041500
2023-06-28,16.074907302856445,19.010000228881836,19.40999984741211,18.860000610351562,18.959999084472656,4141500
2023-06-29,16.709108352661133,19.760000228881836,19.84000015258789,18.959999084472656,19.010000228881836,4732700
2023-06-30,17.021982192993164,20.1299991607666,20.450000762939453,19.8799991607666,19.899999618530273,10296800
2023-07-03,16.861318588256836,19.940000534057617,20.270000457763672,19.770000457763672,20.209999084472656,4260200
2023-07-04,16.683740615844727,19.729999542236328,19.950000762939453,19.489999771118164,19.90999984741211,3273300
2023-07-05,17.106542587280273,20.229999542236328,20.389999389648438,19.459999084472656,19.639999389648438,4925400
2023-07-06,16.83595085144043,19.90999984741211,20.280000686645508,19.670000076293945,20.049999237060547,5704100
2023-07-07,17.799936294555664,21.049999237060547,21.139999389648438,19.93000030517578,20.059999465942383,6994700
2023-07-10,17.529342651367188,20.729999542236328,21.299999237060547,20.479999542236328,20.969999313354492,8548000
2023-07-11,17.284120559692383,20.440000534057617,20.600000381469727,19.920000076293945,20.600000381469727,5443700
2023-07-12,17.51243019104004,20.709999084472656,21.040000915527344,20.700000762939453,20.700000762939453,6008100
2023-07-13,19.034515380859375,22.510000228881836,22.719999313354492,21.329999923706055,21.360000610351562,19694800
2023-07-14,18.510242462158203,21.889999389648438,22.440000534057617,21.719999313354492,22.399999618530273,9949700
2023-07-17,18.569435119628906,21.959999084472656,22.139999389648438,21.43000030517578,21.639999389648438,5827900
2023-07-18,18.840028762817383,22.280000686645508,22.280000686645508,21.790000915527344,22.0,5742500
2023-07-19,18.645538330078125,22.049999237060547,22.31999969482422,21.719999313354492,22.270000457763672,5848000
2023-07-20,18.670907974243164,22.079999923706055,22.350000381469727,21.809999465942383,22.270000457763672,4468900
2023-07-21,18.933042526245117,22.389999389648438,22.59000015258789,22.139999389648438,22.149999618530273,4616500
2023-07-24,19.15289878845215,22.649999618530273,22.75,22.200000762939453,22.239999771118164,3128000
2023-07-25,19.871662139892578,23.5,23.969999313354492,22.940000534057617,22.940000534057617,7969200
2023-07-26,19.939311981201172,23.579999923706055,23.719999313354492,22.889999389648438,23.350000381469727,3551700
2023-07-27,19.79555892944336,23.40999984741211,23.969999313354492,23.309999465942383,23.700000762939453,2687500
2023-07-28,19.897031784057617,23.530000686645508,23.670000076293945,23.09000015258789,23.530000686645508,2809500
2023-07-31,20.142257690429688,23.81999969482422,24.219999313354492,23.6200008392334,23.790000915527344,3900400
2023-08-01,19.888574600219727,23.520000457763672,23.700000762939453,23.209999084472656,23.610000610351562,12125300
2023-08-02,20.379024505615234,24.100000381469727,24.469999313354492,23.309999465942383,23.540000915527344,8068800
2023-08-03,20.94557762145996,24.770000457763672,25.489999771118164,24.350000381469727,24.790000915527344,12489900
2023-08-04,21.12315559387207,24.979999542236328,25.270000457763672,24.75,24.850000381469727,7534700
2023-08-07,21.055505752563477,24.899999618530273,25.079999923706055,24.760000228881836,25.0,2768000
2023-08-08,21.11469841003418,24.969999313354492,25.31999969482422,24.079999923706055,24.399999618530273,5228800
2023-08-09,21.03013801574707,24.8700008392334,25.040000915527344,24.670000076293945,24.950000762939453,2899900
2023-08-10,21.199260711669922,25.06999969482422,25.25,24.809999465942383,25.0,3536400
2023-08-11,21.740442276000977,25.709999084472656,25.899999618530273,25.229999542236328,25.450000762939453,6806400
2023-08-14,20.861019134521484,24.670000076293945,25.709999084472656,24.280000686645508,25.670000076293945,5740400
2023-08-15,20.835649490356445,24.639999389648438,24.969999313354492,24.1200008392334,24.649999618530273,4479700
2023-08-16,20.674985885620117,24.450000762939453,25.06999969482422,24.280000686645508,24.700000762939453,4323400
2023-08-17,19.79555892944336,23.40999984741211,24.700000762939453,23.170000076293945,24.5,7016700
2023-08-18,20.04078483581543,23.700000762939453,23.739999771118164,22.90999984741211,23.170000076293945,5164000
2023-08-21,19.829381942749023,23.450000762939453,23.829999923706055,23.030000686645508,23.549999237060547,5419200
2023-08-22,20.150712966918945,23.829999923706055,24.0,23.510000228881836,23.510000228881836,10893800
2023-08-23,20.463584899902344,24.200000762939453,24.360000610351562,23.670000076293945,23.93000030517578,7983200
2023-08-24,20.10843276977539,23.780000686645508,24.309999465942383,23.56999969482422,24.260000228881836,3436400
2023-08-25,19.575702667236328,23.149999618530273,23.68000030517578,22.860000610351562,23.670000076293945,4035900
2023-08-28,19.694087982177734,23.290000915527344,23.469999313354492,22.90999984741211,23.040000915527344,4684700
2023-08-29,19.837839126586914,23.459999084472656,23.709999084472656,23.15999984741211,23.350000381469727,1993600
2023-08-30,19.508054733276367,23.06999969482422,23.700000762939453,23.0,23.549999237060547,2482700
2023-08-31,18.975326538085938,22.440000534057617,23.110000610351562,22.3799991607666,23.110000610351562,3757900
2023-09-01,19.271286010742188,22.790000915527344,23.020000457763672,22.520000457763672,22.649999618530273,4271600
2023-09-04,18.99223518371582,22.459999084472656,22.899999618530273,22.1200008392334,22.65999984741211,2604200
2023-09-05,18.518699645996094,21.899999618530273,22.399999618530273,21.81999969482422,22.399999618530273,4803400
2023-09-06,18.155088424682617,21.469999313354492,22.100000381469727,21.280000686645508,21.850000381469727,6323500
2023-09-08,18.248106002807617,21.579999923706055,21.729999542236328,21.18000030517578,21.3700008392334,4968600
2023-09-11,18.780834197998047,22.209999084472656,22.459999084472656,21.729999542236328,21.729999542236328,6650600
2023-09-12,19.059885025024414,22.540000915527344,22.709999084472656,22.040000915527344,22.200000762939453,2819800
2023-09-13,19.076797485351562,22.559999465942383,23.100000381469727,22.440000534057617,22.65999984741211,7246300
2023-09-14,18.62017059326172,22.020000457763672,22.610000610351562,21.690000534057617,22.610000610351562,8289500
2023-09-15,18.332666397094727,21.68000030517578,22.139999389648438,21.420000076293945,22.010000228881836,4763000
2023-09-18,18.4510498046875,21.81999969482422,22.200000762939453,21.65999984741211,21.780000686645508,4320700
2023-09-19,18.239648818969727,21.56999969482422,21.739999771118164,21.360000610351562,21.729999542236328,4437500
2023-09-20,18.62862777709961,22.030000686645508,22.6299991607666,21.700000762939453,21.700000762939453,5745600
2023-09-21,18.104352951049805,21.40999984741211,21.75,21.229999542236328,21.75,6160500
2023-09-22,17.630817413330078,20.850000381469727,21.65999984741211,20.65999984741211,21.65999984741211,7037800
2023-09-25,17.402502059936523,20.579999923706055,20.809999465942383,20.190000534057617,20.799999237060547,7135000
2023-09-26,16.928964614868164,20.020000457763672,20.440000534057617,19.799999237060547,20.360000610351562,6427000
2023-09-27,16.82749366760254,19.899999618530273,20.440000534057617,19.469999313354492,20.100000381469727,7631900
2023-09-28,16.996614456176758,20.100000381469727,20.290000915527344,19.719999313354492,19.809999465942383,9601100
2023-09-29,17.14036750793457,20.270000457763672,20.579999923706055,19.8700008392334,20.459999084472656,7910700
2023-10-02,16.861318588256836,19.940000534057617,20.200000762939453,19.760000228881836,20.200000762939453,3165600
2023-10-03,16.19329071044922,19.149999618530273,19.850000381469727,19.0,19.81999969482422,5178400
2023-10-04,16.649917602539062,19.690000534057617,19.850000381469727,19.15999984741211,19.270000457763672,6857800
2023-10-05,16.235572814941406,19.200000762939453,19.709999084472656,18.899999618530273,19.59000015258789,6340700
2023-10-06,15.99034595489502,18.90999984741211,19.079999923706055,18.34000015258789,18.700000762939453,8154000
2023-10-09,16.12564468383789,19.06999969482422,19.209999084472656,18.530000686645508,18.59000015258789,4554900
2023-10-10,16.683740615844727,19.729999542236328,19.8799991607666,19.18000030517578,19.18000030517578,6370300
2023-10-11,16.666826248168945,19.709999084472656,19.979999542236328,19.549999237060547,19.75,8008500
2023-10-13,16.007261276245117,18.93000030517578,19.459999084472656,18.829999923706055,19.219999313354492,6433500
2023-10-16,16.151012420654297,19.100000381469727,19.510000228881836,18.829999923706055,19.020000457763672,3493500
2023-10-17,15.795858383178711,18.68000030517578,19.190000534057617,18.540000915527344,18.850000381469727,5305300
2023-10-18,15.246217727661133,18.030000686645508,18.489999771118164,17.940000534057617,18.489999771118164,6071100
2023-10-19,15.440705299377441,18.260000228881836,18.68000030517578,18.110000610351562,18.110000610351562,4260200
2023-10-20,15.457616806030273,18.280000686645508,18.530000686645508,17.969999313354492,18.079999923706055,4201200
2023-10-23,15.652107238769531,18.510000228881836,18.809999465942383,18.100000381469727,18.100000381469727,4292600
2023-10-24,15.795858383178711,18.68000030517578,18.979999542236328,18.459999084472656,18.700000762939453,3923800
2023-10-25,15.567544937133789,18.40999984741211,18.979999542236328,18.229999542236328,18.690000534057617,3297800
2023-10-26,16.10027503967285,19.040000915527344,19.239999771118164,18.389999389648438,18.549999237060547,5951100
2023-10-27,15.389969825744629,18.200000762939453,19.299999237060547,18.149999618530273,19.1200008392334,5801100
2023-10-30,15.085552215576172,17.84000015258789,18.43000030517578,17.690000534057617,18.239999771118164,5112700
2023-10-31,15.21239185333252,17.989999771118164,18.049999237060547,17.440000534057617,17.959999084472656,3812100
2023-11-01,15.466073036193848,18.290000915527344,18.3700008392334,17.860000610351562,18.18000030517578,6225600
2023-11-03,16.633005142211914,19.670000076293945,19.940000534057617,19.0,19.0,8247300
2023-11-06,16.531532287597656,19.549999237060547,19.889999389648438,19.440000534057617,19.68000030517578,4103600
2023-11-07,17.055805206298828,20.170000076293945,20.450000762939453,19.399999618530273,19.549999237060547,6055000
2023-11-08,16.937421798706055,20.030000686645508,20.579999923706055,19.90999984741211,20.219999313354492,3734700
2023-11-09,16.95433235168457,20.049999237060547,20.530000686645508,19.809999465942383,20.030000686645508,7384600
2023-11-10,17.317943572998047,20.479999542236328,20.809999465942383,19.700000762939453,20.139999389648438,11197100
2023-11-13,17.1741886138916,20.309999465942383,20.6299991607666,20.299999237060547,20.450000762939453,3735400
2023-11-14,17.75765609741211,21.0,21.549999237060547,20.329999923706055,20.34000015258789,9556800
2023-11-16,18.146635055541992,21.459999084472656,21.65999984741211,20.959999084472656,20.989999771118164,8944200
2023-11-17,17.673097610473633,20.899999618530273,21.690000534057617,20.709999084472656,21.479999542236328,7421400
2023-11-20,17.630817413330078,20.850000381469727,21.020000457763672,20.600000381469727,20.950000762939453,4558500
2023-11-21,16.90359878540039,19.989999771118164,20.809999465942383,19.559999465942383,20.799999237060547,8190300
2023-11-22,17.055805206298828,20.170000076293945,20.709999084472656,20.06999969482422,20.149999618530273,4824600
2023-11-23,17.402502059936523,20.579999923706055,20.709999084472656,19.889999389648438,20.170000076293945,2825400
2023-11-24,17.402502059936523,20.579999923706055,20.81999969482422,20.31999969482422,20.59000015258789,3853900
2023-11-27,17.410959243774414,20.59000015258789,20.8799991607666,20.299999237060547,20.649999618530273,3329000
2023-11-28,17.83376121520996,21.09000015258789,21.15999984741211,20.40999984741211,20.489999771118164,6033400
2023-11-29,17.64772605895996,20.8700008392334,21.489999771118164,20.770000457763672,21.280000686645508,6727100
2023-11-30,18.46796226501465,21.84000015258789,21.950000762939453,20.719999313354492,20.979999542236328,9087500
2023-12-01,18.780834197998047,22.209999084472656,22.5,21.440000534057617,21.959999084472656,7888800
2023-12-04,18.146635055541992,21.459999084472656,22.100000381469727,21.3700008392334,22.100000381469727,4442200
2023-12-05,18.84848403930664,22.290000915527344,22.450000762939453,21.559999465942383,21.579999923706055,7922700
2023-12-06,18.569435119628906,21.959999084472656,22.780000686645508,21.780000686645508,22.399999618530273,6006100
2023-12-07,19.448862075805664,23.0,23.139999389648438,21.780000686645508,21.81999969482422,12760700
2023-12-08,19.30510902404785,22.829999923706055,23.200000762939453,22.270000457763672,22.989999771118164,7113900
2023-12-11,19.051427841186523,22.530000686645508,22.780000686645508,22.34000015258789,22.700000762939453,3617600
2023-12-12,19.251758575439453,22.43000030517578,22.639999389648438,22.239999771118164,22.420000076293945,4294900
2023-12-13,20.30747413635254,23.65999984741211,24.0,22.420000076293945,22.420000076293945,7747700
2023-12-14,20.865371704101562,24.309999465942383,25.059999465942383,24.0,24.0,11053900
2023-12-15,20.255977630615234,23.600000381469727,24.469999313354492,23.40999984741211,24.299999237060547,4720800
2023-12-18,20.925451278686523,24.3799991607666,24.68000030517578,23.65999984741211,23.700000762939453,5163100
2023-12-19,20.84820556640625,24.290000915527344,24.760000228881836,24.15999984741211,24.59000015258789,2994800
2023-12-20,20.607881546020508,24.010000228881836,24.489999771118164,23.739999771118164,24.09000015258789,3894700
2023-12-21,20.41046905517578,23.780000686645508,24.299999237060547,23.559999465942383,24.299999237060547,6121000
2023-12-22,20.788122177124023,24.219999313354492,24.299999237060547,23.670000076293945,23.8700008392334,3629300
2023-12-26,20.73662567138672,24.15999984741211,24.520000457763672,23.979999542236328,24.25,2895700
2023-12-27,20.66796112060547,24.079999923706055,24.15999984741211,23.690000534057617,24.0,3004500
2023-12-28,20.66796112060547,24.079999923706055,24.280000686645508,23.84000015258789,23.950000762939453,3412900
2024-01-02,19.861154556274414,23.139999389648438,23.969999313354492,23.0,23.93000030517578,4831100
2024-01-03,19.517833709716797,22.739999771118164,23.09000015258789,22.420000076293945,22.90999984741211,8445100
2024-01-04,18.814023971557617,21.920000076293945,22.700000762939453,21.770000457763672,22.670000076293945,9310600
2024-01-05,19.020015716552734,22.15999984741211,22.600000381469727,21.6299991607666,21.81999969482422,6993000
2024-01-08,19.552167892456055,22.780000686645508,23.0,21.850000381469727,22.100000381469727,4880200
2024-01-09,19.500667572021484,22.719999313354492,22.889999389648438,22.31999969482422,22.610000610351562,3784800
2024-01-10,19.612247467041016,22.850000381469727,23.1200008392334,22.600000381469727,22.780000686645508,3126200
2024-01-11,19.689496994018555,22.940000534057617,23.100000381469727,22.639999389648438,22.8799991607666,5594100
2024-01-12,19.620830535888672,22.860000610351562,23.639999389648438,22.219999313354492,23.059999465942383,6672800
2024-01-15,19.62941551208496,22.8700008392334,23.25,22.559999465942383,22.68000030517578,2165600
2024-01-16,19.251758575439453,22.43000030517578,22.899999618530273,22.3700008392334,22.8700008392334,5254100
2024-01-17,19.243179321289062,22.420000076293945,22.719999313354492,22.18000030517578,22.34000015258789,5029400
2024-01-18,18.693862915039062,21.780000686645508,22.6299991607666,21.700000762939453,22.510000228881836,5299700
2024-01-19,19.148761749267578,22.309999465942383,22.479999542236328,21.299999237060547,21.84000015258789,9138100
2024-01-22,19.097265243530273,22.25,22.649999618530273,21.920000076293945,22.420000076293945,6595600
2024-01-23,19.31184196472168,22.5,22.81999969482422,22.25,22.31999969482422,3930500
2024-01-24,19.17451286315918,22.34000015258789,23.100000381469727,22.06999969482422,22.760000228881836,4291200
2024-01-25,19.87832260131836,23.15999984741211,23.3700008392334,22.350000381469727,22.350000381469727,4373000
2024-01-26,19.60366439819336,22.84000015258789,23.34000015258789,22.6200008392334,23.25,4548400
2024-01-29,19.35475730895996,22.549999237060547,22.93000030517578,22.489999771118164,22.780000686645508,2909500
2024-01-30,19.020015716552734,22.15999984741211,22.6200008392334,21.979999542236328,22.530000686645508,4923000
2024-01-31,19.191679000854492,22.360000610351562,23.1200008392334,22.15999984741211,22.190000534057617,12590800
2024-02-01,19.414838790893555,22.6200008392334,22.920000076293945,22.389999389648438,22.450000762939453,5141000
2024-02-02,19.329008102416992,22.520000457763672,22.760000228881836,21.989999771118164,22.6200008392334,5553100
2024-02-05,18.99427032470703,22.1299991607666,22.56999969482422,21.850000381469727,22.43000030517578,3701000
2024-02-06,19.492084503173828,22.709999084472656,22.90999984741211,22.190000534057617,22.209999084472656,3310600
2024-02-07,19.792491912841797,23.059999465942383,23.25,22.459999084472656,22.610000610351562,2777700
2024-02-08,19.47492027282715,22.690000534057617,23.700000762939453,21.8799991607666,23.100000381469727,8094000
2024-02-09,19.852571487426758,23.1299991607666,23.360000610351562,22.510000228881836,22.649999618530273,5209700
2024-02-14,19.380504608154297,22.579999923706055,22.950000762939453,22.559999465942383,22.93000030517578,3157400
2024-02-15,18.968521118164062,22.100000381469727,22.950000762939453,22.100000381469727,22.90999984741211,6921200
2024-02-16,18.908437728881836,22.030000686645508,22.420000076293945,21.899999618530273,22.170000076293945,3763900
2024-02-19,18.753944396972656,21.850000381469727,22.0,21.6200008392334,22.0,2068400
2024-02-20,19.33759117126465,22.530000686645508,22.850000381469727,21.6200008392334,21.75,5025900
2024-02-21,19.67232894897461,22.920000076293945,22.940000534057617,22.1200008392334,22.530000686645508,3807300
2024-02-22,19.835405349731445,23.110000610351562,23.219999313354492,22.75,22.989999771118164,3997800
2024-02-23,19.655162811279297,22.899999618530273,23.170000076293945,22.799999237060547,23.110000610351562,2336200
2024-02-26,19.646577835083008,22.889999389648438,23.280000686645508,22.729999542236328,22.790000915527344,1900300
2024-02-27,20.43621826171875,23.809999465942383,24.010000228881836,23.09000015258789,23.09000015258789,3992500
2024-02-28,20.221641540527344,23.559999465942383,23.75,23.25,23.68000030517578,2730900
2024-02-29,20.642213821411133,24.049999237060547,24.149999618530273,23.299999237060547,23.329999923706055,5093100
2024-03-01,21.00269889831543,24.469999313354492,24.690000534057617,23.84000015258789,24.020000457763672,6316100
2024-03-04,20.753793716430664,24.18000030517578,24.600000381469727,23.90999984741211,24.5,3686300
2024-03-05,20.702295303344727,24.1200008392334,24.829999923706055,23.950000762939453,24.25,3310200
2024-03-06,21.00269889831543,24.469999313354492,24.790000915527344,24.059999465942383,24.329999923706055,4804600
2024-03-07,20.719459533691406,24.139999389648438,24.799999237060547,24.079999923706055,24.5,3742200
2024-03-08,21.148611068725586,24.639999389648438,24.809999465942383,23.809999465942383,24.079999923706055,4406200
2024-03-11,21.105697631835938,24.59000015258789,24.670000076293945,24.219999313354492,24.420000076293945,2844900
2024-03-12,21.52626609802246,25.079999923706055,25.200000762939453,24.670000076293945,24.799999237060547,5710600
2024-03-13,21.878170013427734,25.489999771118164,25.59000015258789,24.940000534057617,25.049999237060547,5355300
2024-03-14,21.775175094604492,25.3700008392334,25.780000686645508,25.15999984741211,25.5,3873200
2024-03-15,21.14002799987793,24.6299991607666,25.420000076293945,24.450000762939453,25.15999984741211,9704800
2024-03-18,20.57354736328125,23.969999313354492,24.889999389648438,23.709999084472656,24.6299991607666,6231500
2024-03-19,20.564964294433594,23.959999084472656,24.31999969482422,23.510000228881836,24.06999969482422,5982300
2024-03-20,21.320274353027344,24.84000015258789,24.969999313354492,23.940000534057617,24.010000228881836,4917200
2024-03-21,21.131446838378906,24.6200008392334,24.829999923706055,24.299999237060547,24.829999923706055,3593100
2024-03-22,20.788122177124023,24.219999313354492,24.719999313354492,24.06999969482422,24.510000228881836,2935100
2024-03-25,20.745210647583008,24.170000076293945,24.399999618530273,24.0,24.209999084472656,2865800
2024-03-26,20.796707153320312,24.229999542236328,24.6200008392334,23.950000762939453,23.959999084472656,4750700
2024-03-27,21.543432235717773,25.100000381469727,25.270000457763672,24.389999389648438,24.389999389648438,6057100
2024-03-28,21.406105041503906,24.940000534057617,25.440000534057617,24.829999923706055,25.1200008392334,4666100
2024-04-01,20.98553466796875,24.450000762939453,25.219999313354492,24.399999618530273,25.0,5972800
2024-04-02,20.48771858215332,23.8700008392334,24.3799991607666,23.6299991607666,24.3799991607666,5906700
2024-04-03,20.453386306762695,23.829999923706055,23.940000534057617,23.18000030517578,23.780000686645508,4959200
2024-04-04,20.084312438964844,23.399999618530273,24.459999084472656,23.290000915527344,24.09000015258789,7348100
2024-04-05,20.110063552856445,23.43000030517578,23.559999465942383,22.950000762939453,23.450000762939453,8307500
2024-04-08,20.43621826171875,23.809999465942383,24.010000228881836,23.309999465942383,23.5,3891600
2024-04-09,20.925451278686523,24.3799991607666,24.549999237060547,23.8700008392334,23.8700008392334,5164200
2024-04-10,20.28172492980957,23.6299991607666,24.469999313354492,23.510000228881836,24.469999313354492,8153200
2024-04-11,20.504884719848633,23.889999389648438,24.030000686645508,23.34000015258789,23.6299991607666,5429800
2024-04-12,19.500667572021484,22.719999313354492,23.799999237060547,22.65999984741211,23.75,5183900
2024-04-15,18.324790954589844,21.350000381469727,22.790000915527344,21.040000915527344,22.729999542236328,13098300
2024-04-16,18.22179412841797,21.229999542236328,21.540000915527344,20.639999389648438,20.899999618530273,9802200
2024-04-17,18.024385452270508,21.0,21.84000015258789,20.860000610351562,21.700000762939453,7962000
2024-04-18,17.646730422973633,20.559999465942383,21.1299991607666,20.31999969482422,20.969999313354492,5681300
2024-04-19,17.92997169494629,20.889999389648438,21.1200008392334,20.3700008392334,20.469999313354492,12289300
2024-04-22,18.187463760375977,21.190000534057617,21.329999923706055,20.739999771118164,21.0,6752800
2024-04-23,18.281875610351562,21.299999237060547,21.34000015258789,20.700000762939453,20.959999084472656,5297000
2024-04-24,18.23896026611328,21.25,21.350000381469727,20.809999465942383,21.25,6122000
2024-04-25,18.007217407226562,20.979999542236328,21.239999771118164,20.709999084472656,21.100000381469727,5469000
2024-04-26,18.472597122192383,20.90999984741211,21.290000915527344,20.649999618530273,20.649999618530273,7177500
2024-04-29,18.61394500732422,21.06999969482422,21.239999771118164,20.850000381469727,20.93000030517578,2635600
2024-04-30,17.933700561523438,20.299999237060547,20.90999984741211,20.299999237060547,20.829999923706055,3285200
2024-05-02,18.189897537231445,20.59000015258789,20.959999084472656,20.440000534057617,20.780000686645508,8282700
2024-05-03,19.26768684387207,21.809999465942383,21.950000762939453,21.079999923706055,21.200000762939453,8068600
2024-05-06,19.073331832885742,21.59000015258789,22.100000381469727,21.540000915527344,21.799999237060547,2882600
2024-05-07,19.197011947631836,21.729999542236328,21.920000076293945,21.5,21.700000762939453,2328200
2024-05-08,19.16167449951172,21.690000534057617,21.770000457763672,21.34000015258789,21.639999389648438,5426800
2024-05-09,18.83480453491211,21.31999969482422,21.3799991607666,20.799999237060547,21.09000015258789,6792700
2024-05-10,18.472597122192383,20.90999984741211,21.760000228881836,20.469999313354492,21.270000457763672,5791700
2024-05-13,18.198732376098633,20.600000381469727,21.06999969482422,20.600000381469727,20.950000762939453,2947800
2024-05-14,18.22523307800293,20.6299991607666,20.93000030517578,20.549999237060547,20.639999389648438,2901700
2024-05-15,18.331247329711914,20.75,21.079999923706055,20.559999465942383,20.739999771118164,5901700
2024-05-16,18.48143196105957,20.920000076293945,21.1299991607666,20.469999313354492,21.020000457763672,4113200
2024-05-17,18.216402053833008,20.6200008392334,20.969999313354492,20.450000762939453,20.850000381469727,4230400
2024-05-20,18.10155487060547,20.489999771118164,20.979999542236328,20.209999084472656,20.530000686645508,3642400
2024-05-21,18.242904663085938,20.649999618530273,20.81999969482422,20.459999084472656,20.549999237060547,5464700
2024-05-22,17.50082015991211,19.809999465942383,20.5,19.770000457763672,20.43000030517578,5477900
2024-05-23,17.103275299072266,19.360000610351562,19.84000015258789,19.100000381469727,19.760000228881836,9265100
2024-05-24,17.297630310058594,19.579999923706055,20.100000381469727,19.469999313354492,19.510000228881836,7798400
2024-05-27,17.341800689697266,19.6299991607666,19.81999969482422,19.440000534057617,19.559999465942383,2303900
2024-05-28,17.11210823059082,19.3700008392334,20.020000457763672,19.299999237060547,20.010000228881836,6949700
2024-05-29,17.023765563964844,19.270000457763672,19.43000030517578,19.149999618530273,19.270000457763672,3994700
2024-05-31,16.882415771484375,19.110000610351562,19.420000076293945,18.940000534057617,19.299999237060547,4314600
2024-06-03,16.97959327697754,19.219999313354492,19.520000457763672,18.950000762939453,19.100000381469727,4539700
2024-06-04,17.08560562133789,19.34000015258789,19.459999084472656,19.030000686645508,19.170000076293945,3152900
2024-06-05,17.4124755859375,19.709999084472656,19.93000030517578,19.190000534057617,19.190000534057617,9267100
2024-06-06,17.81885528564453,20.170000076293945,20.459999084472656,19.649999618530273,19.8700008392334,7104900
2024-06-07,17.288795471191406,19.56999969482422,20.170000076293945,19.440000534057617,19.790000915527344,3920000
2024-06-10,17.08560562133789,19.34000015258789,19.700000762939453,19.209999084472656,19.5,2645300
2024-06-11,17.25345802307129,19.530000686645508,19.639999389648438,19.25,19.270000457763672,4638300
2024-06-12,16.74106788635254,18.950000762939453,20.049999237060547,18.799999237060547,19.75,8034200
2024-06-13,16.76757049560547,18.979999542236328,19.219999313354492,18.799999237060547,19.030000686645508,4958800
2024-06-14,16.820575714111328,19.040000915527344,19.34000015258789,18.829999923706055,18.969999313354492,6271300
2024-06-17,16.52020835876465,18.700000762939453,19.040000915527344,18.700000762939453,19.0,3272100
2024-06-18,16.608551025390625,18.799999237060547,19.020000457763672,18.56999969482422,18.700000762939453,7727900
2024-06-19,16.65272331237793,18.850000381469727,18.950000762939453,18.530000686645508,18.75,5072900
2024-06-20,16.423030853271484,18.59000015258789,19.440000534057617,18.59000015258789,19.100000381469727,6016000
2024-06-21,16.76757049560547,18.979999542236328,19.1299991607666,18.450000762939453,18.600000381469727,9368100
2024-06-24,17.235790252685547,19.510000228881836,19.690000534057617,19.030000686645508,19.030000686645508,6383000
2024-06-25,17.27996063232422,19.559999465942383,19.780000686645508,19.420000076293945,19.510000228881836,7122900
2024-06-26,16.855913162231445,19.079999923706055,19.5,18.920000076293945,19.299999237060547,6380000
2024-06-27,17.22695541381836,19.5,19.559999465942383,19.06999969482422,19.149999618530273,7702500
2024-06-28,16.65272331237793,18.850000381469727,19.56999969482422,18.780000686645508,19.290000915527344,5918000
2024-07-01,16.440698623657227,18.610000610351562,18.8799991607666,18.479999542236328,18.850000381469727,6157900
2024-07-02,16.65272331237793,18.850000381469727,19.0,18.450000762939453,18.610000610351562,5025200
2024-07-03,16.882415771484375,19.110000610351562,19.34000015258789,18.969999313354492,18.969999313354492,4694900
2024-07-04,17.509653091430664,19.81999969482422,19.950000762939453,19.389999389648438,19.399999618530273,7156700
2024-07-05,17.65983772277832,19.989999771118164,20.100000381469727,19.450000762939453,19.81999969482422,11831800
2024-07-08,17.430143356323242,19.729999542236328,20.09000015258789,19.559999465942383,20.049999237060547,5777100
2024-07-09,17.704010009765625,20.040000915527344,20.1200008392334,19.43000030517578,19.610000610351562,3713600
2024-07-10,18.154560089111328,20.549999237060547,20.780000686645508,20.209999084472656,20.209999084472656,5894200
2024-07-11,18.702287673950195,21.170000076293945,21.25,20.649999618530273,20.799999237060547,7928700
2024-07-12,17.916034698486328,20.280000686645508,21.110000610351562,20.280000686645508,20.979999542236328,6548700
2024-07-15,18.17222785949707,20.56999969482422,20.56999969482422,20.139999389648438,20.239999771118164,3202000
2024-07-16,18.437259674072266,20.8700008392334,20.8700008392334,20.5,20.6200008392334,4945400
2024-07-17,18.278242111206055,20.690000534057617,21.09000015258789,20.65999984741211,20.8799991607666,3825200
2024-07-18,17.536157608032227,19.850000381469727,20.59000015258789,19.690000534057617,20.530000686645508,7914000
2024-07-19,17.65983772277832,19.989999771118164,20.399999618530273,19.889999389648438,20.079999923706055,5689000
2024-07-22,18.269407272338867,20.68000030517578,20.75,20.010000228881836,20.059999465942383,7366200
2024-07-23,17.80118751525879,20.149999618530273,20.850000381469727,20.020000457763672,20.850000381469727,3402600
2024-07-24,17.483152389526367,19.790000915527344,20.149999618530273,19.6200008392334,20.149999618530273,3559900
2024-07-25,17.288795471191406,19.56999969482422,19.889999389648438,19.489999771118164,19.649999618530273,5512400
2024-07-26,17.368305206298828,19.65999984741211,19.799999237060547,19.399999618530273,19.6200008392334,2977100
2024-07-29,17.27112579345703,19.549999237060547,19.8700008392334,19.40999984741211,19.81999969482422,2439300
2024-07-30,16.97075843811035,19.209999084472656,19.56999969482422,19.18000030517578,19.389999389648438,2642900
2024-07-31,17.218120574951172,19.489999771118164,19.6200008392334,19.219999313354492,19.299999237060547,4052200
2024-08-01,17.324134826660156,19.610000610351562,20.06999969482422,19.5,19.6299991607666,7553600
2024-08-02,17.633333206176758,19.959999084472656,20.399999618530273,19.6299991607666,19.739999771118164,5551400
2024-08-05,17.182785034179688,19.450000762939453,19.770000457763672,18.739999771118164,19.059999465942383,7243200
2024-08-06,17.08560562133789,19.34000015258789,19.65999984741211,19.010000228881836,19.5,6438200
2024-08-07,17.845359802246094,20.200000762939453,20.200000762939453,19.5,19.600000381469727,3561600
2024-08-08,18.242904663085938,20.649999618530273,20.760000228881836,20.219999313354492,20.219999313354492,5840400
2024-08-09,19.232349395751953,21.770000457763672,22.040000915527344,21.350000381469727,21.350000381469727,10390000
2024-08-12,19.1263370513916,21.649999618530273,22.0,21.43000030517578,22.0,4537200
2024-08-13,18.817134857177734,21.299999237060547,21.829999923706055,21.209999084472656,21.68000030517578,3526600
2024-08-14,19.108667373657227,21.6299991607666,21.719999313354492,21.260000228881836,21.299999237060547,3222700
2024-08-15,19.559219360351562,22.139999389648438,22.309999465942383,21.420000076293945,21.6299991607666,6417000
2024-08-16,18.88780975341797,21.3799991607666,22.510000228881836,21.25,22.139999389648438,8568600
2024-08-19,19.25885009765625,21.799999237060547,21.950000762939453,21.350000381469727,21.469999313354492,5170800
2024-08-20,19.585721969604492,22.170000076293945,22.329999923706055,21.639999389648438,21.790000915527344,5979700
2024-08-21,19.629894256591797,22.219999313354492,22.479999542236328,22.010000228881836,22.219999313354492,6043600
2024-08-22,19.082164764404297,21.600000381469727,22.149999618530273,21.420000076293945,22.100000381469727,4775900
2024-08-23,19.939096450805664,22.56999969482422,22.920000076293945,21.6299991607666,21.799999237060547,6199700
2024-08-26,19.903759002685547,22.530000686645508,22.709999084472656,22.280000686645508,22.610000610351562,2786300
2024-08-27,19.992101669311523,22.6299991607666,22.729999542236328,22.299999237060547,22.43000030517578,3186300
2024-08-28,20.045108795166016,22.690000534057617,22.780000686645508,22.15999984741211,22.489999771118164,4995300
2024-08-29,19.62105941772461,22.209999084472656,22.760000228881836,22.020000457763672,22.540000915527344,6563600
2024-08-30,19.276521682739258,21.81999969482422,22.049999237060547,21.489999771118164,22.0,5942200
2024-09-02,19.082164764404297,21.600000381469727,21.889999389648438,21.450000762939453,21.6200008392334,3259900
2024-09-03,18.728792190551758,21.200000762939453,21.670000076293945,21.010000228881836,21.579999923706055,7026800
2024-09-04,19.073331832885742,21.59000015258789,21.950000762939453,21.110000610351562,21.270000457763672,6098700
2024-09-05,19.17934226989746,21.709999084472656,21.81999969482422,21.450000762939453,21.59000015258789,3320600
2024-09-06,19.037994384765625,21.549999237060547,21.940000534057617,21.399999618530273,21.700000762939453,4842700
2024-09-09,18.99382209777832,21.5,21.850000381469727,21.489999771118164,21.549999237060547,3047700
2024-09-10,18.976154327392578,21.479999542236328,21.610000610351562,21.280000686645508,21.399999618530273,3983400
2024-09-11,19.02032470703125,21.530000686645508,21.639999389648438,21.350000381469727,21.420000076293945,2651600
2024-09-12,19.02032470703125,21.530000686645508,21.610000610351562,21.299999237060547,21.399999618530273,3433000
2024-09-13,19.68290138244629,22.280000686645508,22.399999618530273,21.639999389648438,21.639999389648438,4635500
2024-09-16,19.877254486083984,22.5,22.5,22.100000381469727,22.3799991607666,2888200
2024-09-17,19.815414428710938,22.43000030517578,22.479999542236328,22.170000076293945,22.270000457763672,2579300
2024-09-18,19.73590660095215,22.34000015258789,22.790000915527344,22.209999084472656,22.420000076293945,4268700
2024-09-19,19.285354614257812,21.829999923706055,22.56999969482422,21.790000915527344,22.450000762939453,4519900
2024-09-20,18.31357765197754,20.729999542236328,21.850000381469727,20.559999465942383,21.850000381469727,7654500
2024-09-23,17.836524963378906,20.190000534057617,20.610000610351562,19.809999465942383,20.600000381469727,10908200
2024-09-24,18.06621742248535,20.450000762939453,20.739999771118164,20.190000534057617,20.450000762939453,7542600
2024-09-25,18.06621742248535,20.450000762939453,20.969999313354492,20.399999618530273,20.450000762939453,7181700
2024-09-26,18.437259674072266,20.8700008392334,20.989999771118164,20.6200008392334,20.690000534057617,4185400
2024-09-27,18.28707504272461,20.700000762939453,21.25,20.510000228881836,20.84000015258789,8409600
2024-09-30,18.1280574798584,20.520000457763672,20.770000457763672,20.3799991607666,20.770000457763672,4308000
2024-10-01,18.20756721496582,20.610000610351562,21.110000610351562,20.489999771118164,20.829999923706055,4572800
2024-10-02,19.02916145324707,21.540000915527344,21.68000030517578,20.81999969482422,20.81999969482422,8740000
2024-10-03,18.719959259033203,21.190000534057617,21.280000686645508,20.719999313354492,21.280000686645508,8147500
2024-10-04,18.764129638671875,21.239999771118164,21.350000381469727,20.8799991607666,21.059999465942383,4680300
2024-10-07,18.852474212646484,21.34000015258789,21.639999389648438,21.06999969482422,21.530000686645508,4833700
2024-10-08,19.276521682739258,21.81999969482422,21.829999923706055,21.520000457763672,21.610000610351562,5545700
2024-10-09,19.17934226989746,21.709999084472656,22.440000534057617,21.420000076293945,21.899999618530273,10844100
2024-10-10,19.24118423461914,21.780000686645508,21.920000076293945,21.530000686645508,21.75,4057200
2024-10-11,18.90547752380371,21.399999618530273,21.760000228881836,21.219999313354492,21.760000228881836,4644800
2024-10-14,19.144004821777344,21.670000076293945,21.860000610351562,21.229999542236328,21.399999618530273,4712900
2024-10-15,19.43553924560547,22.0,22.09000015258789,21.65999984741211,21.8799991607666,6040500
2024-10-16,19.788911819458008,22.399999618530273,22.719999313354492,21.889999389648438,22.100000381469727,10553500
2024-10-17,19.34719467163086,21.899999618530273,22.280000686645508,21.6200008392334,22.190000534057617,6740500
2024-10-18,19.13517189025879,21.65999984741211,22.260000228881836,21.639999389648438,22.06999969482422,7565900
2024-10-21,19.011491775512695,21.520000457763672,21.899999618530273,21.520000457763672,21.700000762939453,3154500
2024-10-22,18.90547752380371,21.399999618530273,21.530000686645508,21.110000610351562,21.469999313354492,5655500
2024-10-23,18.817134857177734,21.299999237060547,21.329999923706055,21.030000686645508,21.260000228881836,3535200
2024-10-24,19.1263370513916,21.649999618530273,21.649999618530273,20.889999389648438,21.219999313354492,5158700
2024-10-25,18.684619903564453,21.149999618530273,21.790000915527344,21.06999969482422,21.649999618530273,2992200
2024-10-28,18.737627029418945,21.209999084472656,21.579999923706055,21.1200008392334,21.3799991607666,3626400
2024-10-29,18.755294799804688,21.229999542236328,21.459999084472656,21.049999237060547,21.3799991607666,3813500
2024-10-30,19.32069206237793,21.8700008392334,21.8700008392334,21.190000534057617,21.219999313354492,11706600
2024-10-31,19.205846786499023,21.739999771118164,22.239999771118164,21.670000076293945,21.670000076293945,5558300
2024-11-01,18.817134857177734,21.299999237060547,21.959999084472656,21.229999542236328,21.959999084472656,8022200
2024-11-04,19.391368865966797,21.950000762939453,22.1200008392334,21.530000686645508,21.709999084472656,6418800
2024-11-05,19.585721969604492,22.170000076293945,22.31999969482422,21.540000915527344,22.049999237060547,3919600
2024-11-06,19.338359832763672,21.889999389648438,22.110000610351562,21.040000915527344,21.610000610351562,7886600
2024-11-07,19.205846786499023,21.739999771118164,22.43000030517578,21.399999618530273,21.610000610351562,4753800
2024-11-08,18.99382209777832,21.5,21.639999389648438,21.06999969482422,21.579999923706055,3644100
2024-11-11,19.26768684387207,21.809999465942383,22.010000228881836,21.309999465942383,21.309999465942383,3092900
2024-11-12,19.16167449951172,21.690000534057617,21.950000762939453,21.5,21.799999237060547,3062400
2024-11-13,19.32069206237793,21.8700008392334,22.06999969482422,21.559999465942383,21.6299991607666,8499800
2024-11-14,18.728792190551758,21.200000762939453,22.239999771118164,21.1299991607666,22.0,7562600
2024-11-18,18.30474281311035,20.719999313354492,21.309999465942383,20.670000076293945,21.25,6401800
2024-11-19,18.44609260559082,20.8799991607666,21.030000686645508,20.600000381469727,20.899999618530273,4299500
2024-11-21,18.030879974365234,20.40999984741211,20.780000686645508,20.399999618530273,20.739999771118164,3697300
2024-11-22,18.631614685058594,21.09000015258789,21.09000015258789,20.440000534057617,20.690000534057617,5054000
2024-11-25,18.631614685058594,21.09000015258789,21.420000076293945,21.0,21.09000015258789,5347400
2024-11-26,19.064496994018555,21.579999923706055,21.670000076293945,20.920000076293945,21.239999771118164,4628400
2024-11-27,17.77468490600586,20.1200008392334,21.690000534057617,20.1200008392334,21.579999923706055,11041100
2024-11-28,16.334686279296875,18.489999771118164,19.8700008392334,18.420000076293945,19.860000610351562,19575600
2024-11-29,16.255176544189453,18.399999618530273,18.6299991607666,17.799999237060547,18.510000228881836,14477700
2024-12-02,16.149168014526367,18.280000686645508,18.549999237060547,18.239999771118164,18.450000762939453,8996200
2024-12-03,16.21984100341797,18.360000610351562,18.639999389648438,18.1200008392334,18.260000228881836,9719200
2024-12-04,16.255176544189453,18.399999618530273,18.600000381469727,18.190000534057617,18.389999389648438,8634100
2024-12-05,16.626220703125,18.81999969482422,19.290000915527344,18.639999389648438,18.68000030517578,9716400
2024-12-06,16.37885856628418,18.540000915527344,19.100000381469727,18.31999969482422,18.84000015258789,10577900
2024-12-09,16.2463436126709,18.389999389648438,18.68000030517578,18.260000228881836,18.600000381469727,7068400
2024-12-10,16.45836639404297,18.6299991607666,18.940000534057617,18.5,18.65999984741211,5955900
2024-12-11,17.04143524169922,19.290000915527344,20.010000228881836,18.520000457763672,18.8700008392334,12331500
2024-12-12,16.122663497924805,18.25,19.0,18.010000228881836,18.920000076293945,26132900
2024-12-13,15.945976257324219,18.049999237060547,18.3799991607666,18.030000686645508,18.25,8814300
2024-12-16,15.742786407470703,17.81999969482422,18.15999984741211,17.809999465942383,18.149999618530273,9251500
2024-12-17,16.096158981323242,18.219999313354492,18.399999618530273,17.75,17.979999542236328,8636100
2024-12-18,15.106714248657227,17.100000381469727,18.139999389648438,16.959999084472656,17.889999389648438,18639100
2024-12-19,15.539597511291504,17.59000015258789,17.670000076293945,17.079999923706055,17.190000534057617,10612100
2024-12-20,15.884136199951172,17.979999542236328,18.3799991607666,17.610000610351562,17.649999618530273,8705600
2024-12-23,15.301069259643555,17.31999969482422,18.040000915527344,17.31999969482422,17.850000381469727,3653100
2024-12-26,15.097880363464355,17.09000015258789,17.459999084472656,17.09000015258789,17.360000610351562,3128800
2024-12-27,15.124383926391602,17.1200008392334,17.34000015258789,16.979999542236328,17.229999542236328,4418400
2024-12-30,14.974200248718262,16.950000762939453,17.34000015258789,16.90999984741211,17.1200008392334,5644000
2025-01-02,14.638494491577148,16.56999969482422,16.979999542236328,16.270000457763672,16.899999618530273,7306700
2025-01-03,14.514814376831055,16.43000030517578,16.700000762939453,16.299999237060547,16.540000915527344,3959800
2025-01-06,14.788678169250488,16.739999771118164,16.81999969482422,16.329999923706055,16.6299991607666,10029000
2025-01-07,14.885856628417969,16.850000381469727,17.079999923706055,16.709999084472656,16.940000534057617,8100400
2025-01-08,14.373464584350586,16.270000457763672,16.600000381469727,16.110000610351562,16.540000915527344,9827300
2025-01-09,14.620824813842773,16.549999237060547,16.709999084472656,16.15999984741211,16.209999084472656,2767000
2025-01-10,14.585489273071289,16.510000228881836,16.530000686645508,16.15999984741211,16.5,4783900
2025-01-13,14.479475975036621,16.389999389648438,16.549999237060547,16.200000762939453,16.549999237060547,5134900
2025-01-14,14.7798433303833,16.729999542236328,16.760000228881836,16.260000228881836,16.510000228881836,5685500
2025-01-15,15.848798751831055,17.940000534057617,17.969999313354492,16.90999984741211,16.93000030517578,7966000
2025-01-16,15.680947303771973,17.75,18.09000015258789,17.610000610351562,18.059999465942383,7628100
2025-01-17,15.786958694458008,17.8700008392334,18.100000381469727,17.6299991607666,17.829999923706055,6218900
2025-01-20,15.857634544372559,17.950000762939453,18.31999969482422,17.690000534057617,17.809999465942383,3303000
2025-01-21,16.166833877563477,18.299999237060547,18.360000610351562,17.8799991607666,17.969999313354492,3374200
2025-01-22,16.476036071777344,18.649999618530273,18.920000076293945,18.100000381469727,18.3700008392334,8368000
2025-01-23,16.37885856628418,18.540000915527344,18.8799991607666,18.360000610351562,18.799999237060547,5382700
2025-01-24,16.52020835876465,18.700000762939453,18.959999084472656,18.3799991607666,18.549999237060547,4438700
2025-01-27,17.262292861938477,19.540000915527344,19.649999618530273,18.40999984741211,18.450000762939453,5616300
2025-01-28,17.103275299072266,19.360000610351562,19.6200008392334,19.299999237060547,19.399999618530273,2250600
2025-01-29,17.27112579345703,19.549999237060547,19.670000076293945,19.209999084472656,19.43000030517578,3929000
2025-01-30,18.004377365112305,20.3799991607666,20.510000228881836,19.639999389648438,19.670000076293945,7948200
2025-01-31,18.048547744750977,20.43000030517578,20.84000015258789,20.31999969482422,20.479999542236328,8548700
2025-02-03,18.278242111206055,20.690000534057617,20.860000610351562,20.1200008392334,20.270000457763672,7085200
2025-02-04,18.26057243347168,20.670000076293945,20.90999984741211,20.510000228881836,20.579999923706055,6493400
2025-02-05,18.375417709350586,20.799999237060547,20.860000610351562,20.299999237060547,20.639999389648438,4685300
2025-02-06,18.552104949951172,21.0,21.1200008392334,20.68000030517578,20.719999313354492,3759500
2025-02-07,18.09272003173828,20.479999542236328,21.25,20.3700008392334,21.0,7783700
2025-02-10,18.22523307800293,20.6299991607666,20.889999389648438,20.579999923706055,20.579999923706055,2784200
2025-02-11,18.684619903564453,21.149999618530273,21.280000686645508,20.600000381469727,20.639999389648438,3974300
2025-02-12,18.48143196105957,20.920000076293945,21.030000686645508,20.459999084472656,20.899999618530273,5431600
2025-02-13,18.684619903564453,21.149999618530273,21.149999618530273,20.690000534057617,20.950000762939453,3550500
2025-02-14,19.285354614257812,21.829999923706055,22.0,21.260000228881836,21.309999465942383,6563100
2025-02-17,19.939096450805664,22.56999969482422,22.889999389648438,21.959999084472656,21.959999084472656,9533100
2025-02-18,19.788911819458008,22.399999618530273,22.75,22.190000534057617,22.6200008392334,8229900
2025-02-19,19.62105941772461,22.209999084472656,22.3799991607666,22.040000915527344,22.170000076293945,4754200
2025-02-20,19.665231704711914,22.260000228881836,22.469999313354492,21.950000762939453,22.329999923706055,4350500
2025-02-21,19.841917037963867,22.459999084472656,22.559999465942383,22.18000030517578,22.31999969482422,4614000
2025-02-24,19.13517189025879,21.65999984741211,22.549999237060547,21.649999618530273,22.440000534057617,4601100
2025-02-25,19.25885009765625,21.799999237060547,22.09000015258789,21.579999923706055,21.579999923706055,2945400
2025-02-26,18.870141983032227,21.360000610351562,22.139999389648438,21.290000915527344,22.079999923706055,3312800
2025-02-27,18.83480453491211,21.31999969482422,21.610000610351562,21.209999084472656,21.229999542236328,3973400
2025-02-28,18.331247329711914,20.75,21.520000457763672,20.5,21.049999237060547,7151900
2025-03-05,18.44609260559082,20.8799991607666,21.09000015258789,20.25,20.25,4549800
2025-03-06,18.64044952392578,21.100000381469727,21.790000915527344,20.940000534057617,21.010000228881836,6269600
2025-03-07,19.21468162536621,21.75,22.010000228881836,20.739999771118164,20.899999618530273,7958000
2025-03-10,19.117504119873047,21.639999389648438,21.940000534057617,21.479999542236328,21.6200008392334,4412800
2025-03-11,19.04682731628418,21.559999465942383,21.760000228881836,21.18000030517578,21.649999618530273,4908600
2025-03-12,19.647563934326172,22.239999771118164,22.389999389648438,21.559999465942383,21.559999465942383,5899400
2025-03-13,19.965599060058594,22.600000381469727,22.770000457763672,21.950000762939453,22.350000381469727,5533300
2025-03-14,20.336641311645508,23.020000457763672,23.280000686645508,22.520000457763672,22.600000381469727,5257900
2025-03-17,20.60167121887207,23.31999969482422,23.420000076293945,22.860000610351562,23.020000457763672,5280900
2025-03-18,20.690013885498047,23.420000076293945,23.90999984741211,23.31999969482422,23.31999969482422,6398100
2025-03-19,21.220075607299805,24.020000457763672,24.239999771118164,23.3799991607666,23.399999618530273,9198100
2025-03-20,21.06989097595215,23.850000381469727,24.700000762939453,23.850000381469727,24.040000915527344,9421400
2025-03-21,21.114063262939453,23.899999618530273,24.350000381469727,23.34000015258789,24.100000381469727,8599500
2025-03-24,20.751853942871094,23.489999771118164,24.0,23.43000030517578,24.0,3622100
2025-03-25,20.963878631591797,23.729999542236328,24.09000015258789,23.40999984741211,23.440000534057617,3844000
2025-03-26,21.193571090698242,23.989999771118164,24.3799991607666,23.639999389648438,23.729999542236328,5119100
2025-03-27,21.352590560913086,24.170000076293945,24.350000381469727,23.899999618530273,24.15999984741211,4957600
2025-03-28,21.467435836791992,24.299999237060547,24.649999618530273,23.90999984741211,24.100000381469727,5201900
2025-03-31,21.114063262939453,23.899999618530273,24.450000762939453,23.809999465942383,24.06999969482422,3732900
2025-04-01,21.352590560913086,24.170000076293945,24.450000762939453,23.81999969482422,23.93000030517578,3360000
2025-04-02,21.317251205444336,24.1299991607666,24.579999923706055,23.979999542236328,24.190000534057617,3392700
2025-04-03,22.253692626953125,25.190000534057617,25.389999389648438,23.81999969482422,24.0,6459000
2025-04-04,21.573448181152344,24.420000076293945,24.829999923706055,24.1299991607666,24.610000610351562,5344300
2025-04-07,21.432098388671875,24.260000228881836,24.989999771118164,23.739999771118164,24.09000015258789,6010600
2025-04-08,21.68829345703125,24.549999237060547,25.06999969482422,24.5,24.59000015258789,7694000
2025-04-09,21.944490432739258,24.84000015258789,25.25,24.100000381469727,24.299999237060547,7801500
2025-04-10,21.84731101989746,24.729999542236328,24.950000762939453,24.420000076293945,24.780000686645508,4758900
2025-04-11,22.015165328979492,24.920000076293945,24.940000534057617,23.969999313354492,24.829999923706055,7901500
2025-04-14,22.262527465820312,25.200000762939453,25.43000030517578,24.979999542236328,25.290000915527344,4784300
2025-04-15,22.633569717407227,25.6200008392334,25.75,25.010000228881836,25.010000228881836,4243600
2025-04-16,22.386207580566406,25.34000015258789,25.670000076293945,25.200000762939453,25.5,3657000
2025-04-17,22.65123748779297,25.639999389648438,25.799999237060547,25.09000015258789,25.100000381469727,3817900
2025-04-22,23.11062240600586,26.15999984741211,26.260000228881836,25.5,25.559999465942383,4894400
2025-04-23,22.854429244995117,25.8700008392334,26.469999313354492,25.829999923706055,26.389999389648438,4603600
2025-04-24,23.808536529541016,26.950000762939453,27.049999237060547,25.850000381469727,25.8799991607666,4343100
2025-04-25,22.554059982299805,25.530000686645508,26.90999984741211,25.079999923706055,26.829999923706055,16986500
2025-04-28,23.106491088867188,25.059999465942383,25.420000076293945,24.469999313354492,24.75,6772000
2025-04-29,22.4610595703125,24.360000610351562,25.1200008392334,24.200000762939453,25.110000610351562,9866000
2025-04-30,22.857540130615234,24.790000915527344,24.850000381469727,24.309999465942383,24.360000610351562,4420200
2025-05-02,22.599367141723633,24.510000228881836,24.889999389648438,24.209999084472656,24.860000610351562,4906900
2025-05-05,22.58092498779297,24.489999771118164,24.719999313354492,24.040000915527344,24.40999984741211,2848500
2025-05-06,22.958965301513672,24.899999618530273,25.010000228881836,24.56999969482422,24.6299991607666,5278000
2025-05-07,23.023508071899414,24.969999313354492,25.100000381469727,24.5,25.030000686645508,4961100
2025-05-08,23.973217010498047,26.0,26.579999923706055,25.34000015258789,25.530000686645508,5609400
2025-05-09,24.222169876098633,26.270000457763672,26.479999542236328,25.84000015258789,26.030000686645508,4730600
2025-05-12,23.567514419555664,25.559999465942383,26.149999618530273,25.270000457763672,26.0,5769200
2025-05-13,23.207918167114258,25.170000076293945,26.0,25.0,25.809999465942383,8876700
2025-05-14,22.995847702026367,24.940000534057617,25.719999313354492,24.610000610351562,25.270000457763672,8547200
2025-05-15,23.475309371948242,25.459999084472656,25.459999084472656,24.940000534057617,25.280000686645508,6041500
2025-05-16,24.20372772216797,26.25,26.25,24.25,24.860000610351562,12992000
2025-05-19,24.24983024597168,26.299999237060547,26.5,25.690000534057617,26.06999969482422,5325700
2025-05-20,24.664751052856445,26.75,26.969999313354492,26.1299991607666,26.399999618530273,4953000
2025-05-21,23.281681060791016,25.25,26.649999618530273,25.18000030517578,26.479999542236328,9761400
2025-05-22,22.737672805786133,24.65999984741211,25.469999313354492,24.649999618530273,25.270000457763672,9593500
2025-05-23,23.023508071899414,24.969999313354492,25.149999618530273,23.6299991607666,24.100000381469727,4807900
2025-05-26,23.189476013183594,25.149999618530273,25.329999923706055,24.90999984741211,24.979999542236328,1702800
2025-05-27,23.715042114257812,25.719999313354492,25.799999237060547,25.25,25.649999618530273,6781200
2025-05-28,23.5306339263916,25.520000457763672,25.6200008392334,25.260000228881836,25.530000686645508,2189800
2025-05-29,22.98662567138672,24.93000030517578,25.610000610351562,24.65999984741211,25.459999084472656,4139500
2025-05-30,23.023508071899414,24.969999313354492,25.049999237060547,24.6200008392334,24.90999984741211,4419000
2025-06-02,23.115713119506836,25.06999969482422,25.440000534057617,24.790000915527344,25.18000030517578,4314100
2025-06-03,23.715042114257812,25.719999313354492,25.850000381469727,25.020000457763672,25.079999923706055,3738200
2025-06-04,23.447649002075195,25.43000030517578,26.299999237060547,25.329999923706055,25.860000610351562,4890000
2025-06-05,23.51219367980957,25.5,26.0,25.15999984741211,25.600000381469727,5871700
2025-06-06,23.235580444335938,25.200000762939453,25.75,25.020000457763672,25.520000457763672,3453500
2025-06-09,22.903642654418945,24.84000015258789,25.200000762939453,24.5,25.010000228881836,2882400
2025-06-10,23.309343338012695,25.280000686645508,25.510000228881836,25.040000915527344,25.299999237060547,4877500
2025-06-11,22.811437606811523,24.739999771118164,25.40999984741211,24.559999465942383,25.18000030517578,5685100
2025-06-12,22.86676025390625,24.799999237060547,24.829999923706055,24.459999084472656,24.700000762939453,2154600
2025-06-13,22.497941970825195,24.399999618530273,24.549999237060547,24.059999465942383,24.459999084472656,4678000
2025-06-16,23.15259552001953,25.110000610351562,25.219999313354492,24.56999969482422,24.84000015258789,4740300
2025-06-17,23.383106231689453,25.360000610351562,25.81999969482422,24.969999313354492,25.059999465942383,5866500
2025-06-18,23.549076080322266,25.540000915527344,25.81999969482422,24.969999313354492,25.059999465942383,3275900
2025-06-20,23.29090118408203,25.260000228881836,25.440000534057617,25.079999923706055,25.200000762939453,7261500
2025-06-23,23.401546478271484,25.3799991607666,25.440000534057617,25.030000686645508,25.25,3117800
2025-06-24,23.770366668701172,25.780000686645508,25.8799991607666,25.309999465942383,25.309999465942383,3647100
2025-06-25,23.189476013183594,25.149999618530273,25.59000015258789,25.06999969482422,25.489999771118164,3531400
2025-06-26,23.8256893157959,25.84000015258789,26.06999969482422,25.010000228881836,25.260000228881836,3392700
2025-06-27,23.622838973999023,25.6200008392334,25.950000762939453,25.399999618530273,25.84000015258789,2128600
2025-06-30,24.10230255126953,26.139999389648438,26.280000686645508,25.360000610351562,25.579999923706055,3305900
2025-07-01,24.498783111572266,26.56999969482422,26.940000534057617,26.18000030517578,26.270000457763672,4235300
2025-07-02,23.779586791992188,25.790000915527344,26.790000915527344,25.549999237060547,26.399999618530273,6048600
2025-07-03,23.93633270263672,25.959999084472656,26.239999771118164,25.790000915527344,25.850000381469727,4359500
2025-07-04,23.982437133789062,26.010000228881836,26.190000534057617,25.649999618530273,25.90999984741211,2645400
2025-07-07,23.659719467163086,25.65999984741211,26.15999984741211,25.489999771118164,26.020000457763672,2298100
2025-07-08,23.668941497802734,25.670000076293945,26.030000686645508,25.5,25.75,4289600
2025-07-09,23.779586791992188,25.790000915527344,26.100000381469727,25.450000762939453,26.0,8922000
2025-07-10,23.4107666015625,25.389999389648438,25.639999389648438,24.700000762939453,25.510000228881836,4999900
2025-07-11,23.604398727416992,25.600000381469727,26.010000228881836,25.309999465942383,25.399999618530273,6469000
2025-07-14,23.5306339263916,25.520000457763672,25.739999771118164,25.25,25.639999389648438,5663900
2025-07-15,24.3420352935791,26.399999618530273,26.520000457763672,25.559999465942383,25.559999465942383,6016700
2025-07-16,24.563325881958008,26.639999389648438,26.799999237060547,26.059999465942383,26.329999923706055,6253500
2025-07-17,24.766176223754883,26.860000610351562,26.969999313354492,26.360000610351562,26.5,3567100
2025-07-18,24.50800323486328,26.579999923706055,27.020000457763672,26.540000915527344,26.540000915527344,6040500
2025-07-21,24.27749252319336,26.329999923706055,26.979999542236328,26.329999923706055,26.600000381469727,4605500
2025-07-22,23.705821990966797,25.709999084472656,26.559999465942383,25.649999618530273,26.329999923706055,5227000
2025-07-23,23.91789436340332,25.940000534057617,26.229999542236328,25.59000015258789,25.739999771118164,8451700
2025-07-24,22.995847702026367,24.940000534057617,25.700000762939453,24.84000015258789,25.649999618530273,5744800
2025-07-25,23.30012321472168,25.270000457763672,25.479999542236328,24.899999618530273,24.899999618530273,2944200
2025-07-28,22.53482437133789,24.440000534057617,25.459999084472656,24.100000381469727,25.149999618530273,4868600
2025-07-29,22.7192325592041,24.639999389648438,24.780000686645508,24.31999969482422,24.43000030517578,4222900
2025-07-30,22.84832000732422,24.780000686645508,24.950000762939453,24.190000534057617,24.40999984741211,4993300
2025-07-31,22.60858726501465,24.520000457763672,24.690000534057617,24.040000915527344,24.5,4105600
2025-08-01,22.599367141723633,24.510000228881836,25.209999084472656,24.420000076293945,24.639999389648438,5965700
2025-08-04,22.378076553344727,24.270000457763672,24.860000610351562,23.8700008392334,24.719999313354492,4058300
2025-08-05,22.31353187561035,24.200000762939453,24.299999237060547,23.899999618530273,24.1200008392334,5108900
2025-08-06,22.811437606811523,24.739999771118164,24.899999618530273,24.100000381469727,24.5,4494300
2025-08-07,22.91286277770996,24.850000381469727,25.3700008392334,24.649999618530273,24.739999771118164,6261300
2025-08-08,23.15259552001953,25.110000610351562,25.600000381469727,24.690000534057617,24.760000228881836,5526200
2025-08-11,22.82065773010254,24.75,25.170000076293945,24.729999542236328,25.110000610351562,5609000
2025-08-12,23.327783584594727,25.299999237060547,25.40999984741211,24.889999389648438,25.010000228881836,7767000
2025-08-13,22.783775329589844,24.709999084472656,25.3700008392334,24.479999542236328,25.329999923706055,6052800
2025-08-14,23.22635841369629,25.190000534057617,25.40999984741211,24.40999984741211,24.5,7225800
2025-08-15,23.788806915283203,25.799999237060547,25.8799991607666,24.100000381469727,24.420000076293945,9223200
2025-08-18,23.4107666015625,25.389999389648438,26.1299991607666,25.389999389648438,25.780000686645508,4243600
2025-08-19,22.931304931640625,24.8700008392334,25.010000228881836,24.59000015258789,25.0,5531100
2025-08-20,22.627029418945312,24.540000915527344,24.899999618530273,24.469999313354492,24.729999542236328,4405200
2025-08-21,22.571704864501953,24.479999542236328,24.760000228881836,24.219999313354492,24.469999313354492,3680000
2025-08-22,24.093082427978516,26.1299991607666,26.290000915527344,24.489999771118164,24.6299991607666,13060700
2025-08-25,24.452680587768555,26.520000457763672,27.040000915527344,26.010000228881836,26.1200008392334,6837600
2025-08-26,24.489561080932617,26.559999465942383,26.860000610351562,26.389999389648438,26.520000457763672,3839700
2025-08-27,24.895263671875,27.0,27.09000015258789,26.559999465942383,26.56999969482422,4440400
2025-08-28,25.66056251525879,27.829999923706055,28.43000030517578,27.309999465942383,27.34000015258789,7894600
2025-08-29,25.927955627441406,28.1200008392334,28.34000015258789,27.690000534057617,27.799999237060547,5174400
2025-09-01,25.63290023803711,27.799999237060547,28.549999237060547,27.799999237060547,28.1200008392334,2995300
2025-09-02,25.596019744873047,27.760000228881836,27.809999465942383,27.260000228881836,27.530000686645508,2967200
2025-09-03,25.457712173461914,27.610000610351562,27.959999084472656,27.399999618530273,27.829999923706055,4770500
2025-09-04,25.881853103637695,28.06999969482422,28.31999969482422,27.40999984741211,27.600000381469727,2518400
2025-09-05,26.582609176635742,28.829999923706055,29.3799991607666,28.40999984741211,28.420000076293945,5730300
2025-09-08,26.213790893554688,28.43000030517578,28.969999313354492,28.329999923706055,28.719999313354492,2898300
2025-09-09,26.3981990814209,28.6299991607666,29.030000686645508,28.579999923706055,28.809999465942383,5214000
2025-09-10,26.840782165527344,29.110000610351562,29.459999084472656,28.530000686645508,28.530000686645508,4593700
2025-09-11,28.15930938720703,30.540000915527344,30.8799991607666,29.31999969482422,29.399999618530273,13645000
2025-09-12,27.974899291992188,30.34000015258789,30.65999984741211,30.100000381469727,30.299999237060547,6314000
2025-09-15,28.15930938720703,30.540000915527344,30.950000762939453,30.450000762939453,30.639999389648438,3364700
2025-09-16,28.23307228088379,30.6200008392334,32.279998779296875,30.6200008392334,30.84000015258789,7156200
2025-09-17,28.288394927978516,30.68000030517578,31.049999237060547,30.34000015258789,30.6200008392334,5065200
2025-09-18,28.23307228088379,30.6200008392334,30.790000915527344,30.399999618530273,30.6299991607666,9294400
2025-09-19,28.269954681396484,30.65999984741211,30.90999984741211,30.399999618530273,30.670000076293945,4360100
2025-09-22,27.670623779296875,30.010000228881836,30.440000534057617,29.579999923706055,30.299999237060547,3978900
2025-09-23,27.845813751220703,30.200000762939453,30.5,29.899999618530273,30.010000228881836,5352300
2025-09-24,28.030221939086914,30.399999618530273,30.670000076293945,30.100000381469727,30.290000915527344,4927500
2025-09-25,27.707504272460938,30.049999237060547,30.479999542236328,29.969999313354492,30.479999542236328,3532300
2025-09-26,28.0210018157959,30.389999389648438,30.5,30.079999923706055,30.079999923706055,4423100
2025-09-29,28.25151252746582,30.639999389648438,30.850000381469727,30.350000381469727,30.6200008392334,4355200
2025-09-30,28.30683708190918,30.700000762939453,31.079999923706055,30.670000076293945,30.850000381469727,4159100
2025-10-01,28.343717575073242,30.739999771118164,31.1200008392334,30.510000228881836,30.93000030517578,4514300
2025-10-02,28.03944206237793,30.40999984741211,31.200000762939453,30.290000915527344,30.729999542236328,5590600
2025-10-03,28.122426986694336,30.5,30.639999389648438,29.690000534057617,30.5,5633900
2025-10-06,27.66140365600586,30.0,30.6299991607666,30.0,30.56999969482422,4766100
2025-10-07,26.94220542907715,29.219999313354492,29.969999313354492,28.860000610351562,29.899999618530273,6404800
2025-10-08,27.54153823852539,29.8700008392334,29.979999542236328,28.979999542236328,29.360000610351562,6846400
2025-10-09,26.92376708984375,29.200000762939453,29.93000030517578,29.0,29.700000762939453,8866300
2025-10-10,26.757797241210938,29.020000457763672,29.239999771118164,28.329999923706055,29.059999465942383,6329700
2025-10-13,26.711694717407227,28.969999313354492,29.299999237060547,28.850000381469727,29.079999923706055,2535100
2025-10-14,26.573387145996094,28.81999969482422,28.959999084472656,28.5,28.959999084472656,3462400
2025-10-15,26.767019271850586,29.030000686645508,29.110000610351562,28.440000534057617,28.510000228881836,5049400
2025-10-16,26.582609176635742,28.829999923706055,29.229999542236328,28.709999084472656,28.709999084472656,2545400
2025-10-17,26.527286529541016,28.770000457763672,28.770000457763672,28.149999618530273,28.56999969482422,7215900
2025-10-20,27.338685989379883,29.649999618530273,29.899999618530273,28.969999313354492,29.0,3775400
2025-10-21,27.430891036987305,29.75,29.8700008392334,29.170000076293945,29.56999969482422,2577800
2025-10-22,27.44933319091797,29.770000457763672,29.889999389648438,29.469999313354492,29.860000610351562,1964100
2025-10-23,27.61530113220215,29.950000762939453,30.1299991607666,29.799999237060547,29.979999542236328,1698300
2025-10-24,27.781269073486328,30.1299991607666,30.3700008392334,29.940000534057617,30.18000030517578,2357600
2025-10-27,27.855031967163086,30.209999084472656,30.739999771118164,29.959999084472656,30.3700008392334,3088200
2025-10-28,27.781269073486328,30.1299991607666,30.25,29.709999084472656,30.25,3079700
2025-10-29,27.61530113220215,29.950000762939453,30.31999969482422,29.739999771118164,30.09000015258789,4455600
2025-10-30,27.781269073486328,30.1299991607666,30.360000610351562,29.43000030517578,29.649999618530273,1952700
2025-10-31,28.094764709472656,30.469999313354492,30.540000915527344,30.1200008392334,30.290000915527344,4554300
2025-11-03,28.223852157592773,30.610000610351562,30.770000457763672,30.3799991607666,30.6299991607666,2009100
2025-11-04,28.5373477935791,30.950000762939453,30.950000762939453,30.350000381469727,30.6299991607666,2470500
2025-11-05,29.201221466064453,31.670000076293945,31.760000228881836,30.829999923706055,30.950000762939453,4792500
2025-11-06,29.588481903076172,32.09000015258789,32.15999984741211,31.479999542236328,31.739999771118164,4396000
2025-11-07,30.731821060180664,33.33000183105469,33.63999938964844,31.93000030517578,32.08000183105469,9101800
2025-11-10,30.750259399414062,33.349998474121094,34.279998779296875,33.220001220703125,33.79999923706055,8357100
2025-11-11,31.939699172973633,34.63999938964844,34.849998474121094,33.59000015258789,33.66999816894531,5983400
2025-11-12,31.76451301574707,34.45000076293945,34.97999954223633,34.29999923706055,34.650001525878906,4187100
2025-11-13,31.294265747070312,33.939998626708984,34.70000076293945,33.79999923706055,34.439998626708984,3672300
2025-11-14,32.50214767456055,35.25,35.25,33.709999084472656,34.08000183105469,4621000
2025-11-17,31.626203536987305,34.29999923706055,35.31999969482422,34.150001525878906,35.29999923706055,3734800
2025-11-18,31.847496032714844,34.540000915527344,34.65999984741211,33.540000915527344,33.88999938964844,3766700
2025-11-19,31.49711799621582,34.15999984741211,34.470001220703125,34.099998474121094,34.439998626708984,3033900
2025-11-21,31.44179344177246,34.099998474121094,34.349998474121094,33.77000045776367,34.150001525878906,2139400
2025-11-24,31.819833755493164,34.5099983215332,34.650001525878906,33.86000061035156,34.13999938964844,2545800
2025-11-25,31.958141326904297,34.65999984741211,34.93000030517578,34.22999954223633,34.560001373291016,2682500
2025-11-26,32.253196716308594,34.97999954223633,35.220001220703125,34.66999816894531,34.66999816894531,6147000
2025-11-27,32.059566497802734,34.77000045776367,35.08000183105469,34.439998626708984,34.959999084472656,3247100
2025-11-28,32.944732666015625,35.72999954223633,35.970001220703125,34.689998626708984,34.88999938964844,6492800
2025-12-01,33.1475830078125,35.95000076293945,36.11000061035156,35.13999938964844,35.720001220703125,3245100
2025-12-02,33.94976043701172,36.81999969482422,36.83000183105469,35.90999984741211,36.06999969482422,5292000
2025-12-03,33.93132019042969,36.79999923706055,37.119998931884766,36.540000915527344,36.93000030517578,4602500
2025-12-04,35.305171966552734,38.290000915527344,38.290000915527344,36.7599983215332,37.09000015258789,8102700
2025-12-05,31.81061363220215,34.5,39.060001373291016,34.36000061035156,39.060001373291016,16837500
2025-12-08,33.13835906982422,35.939998626708984,36.130001068115234,34.93000030517578,35.5,13868500
2025-12-09,32.290077209472656,35.02000045776367,35.869998931884766,34.599998474121094,35.599998474121094,10920300
2025-12-10,32.540000915527344,32.540000915527344,32.650001525878906,31.989999771118164,32.20000076293945,6751800
2025-12-11,32.849998474121094,32.849998474121094,33.0,32.29999923706055,32.5,3466200
2025-12-12,33.13999938964844,33.13999938964844,33.79999923706055,33.0,33.0,4017300
2025-12-15,33.04999923706055,33.04999923706055,33.61000061035156,32.970001220703125,33.58000183105469,3313400
2025-12-16,31.469999313354492,31.469999313354492,32.86000061035156,31.350000381469727,32.79999923706055,7201900
2025-12-17,31.0,31.0,31.200000762939453,30.15999984741211,31.200000762939453,10984000
2025-12-18,30.5,30.5,30.950000762939453,30.100000381469727,30.950000762939453,6152500
2025-12-19,29.770000457763672,29.770000457763672,30.56999969482422,29.6200008392334,30.5,5732600
2025-12-22,29.040000915527344,29.040000915527344,29.799999237060547,28.950000762939453,29.68000030517578,4335000
2025-12-23,29.549999237060547,29.549999237060547,29.81999969482422,28.959999084472656,29.200000762939453,4242800
2025-12-26,29.6299991607666,29.6299991607666,29.6299991607666,29.170000076293945,29.350000381469727,2016000
2025-12-29,28.989999771118164,28.989999771118164,29.540000915527344,28.899999618530273,29.450000762939453,3501800
2025-12-30,29.6200008392334,29.6200008392334,29.959999084472656,29.06999969482422,29.09000015258789,5838000
2026-01-02,23.959999084472656,23.959999084472656,25.950000762939453,23.940000534057617,25.209999084472656,5777400
2026-01-05,25.270000457763672,25.270000457763672,25.350000381469727,23.790000915527344,23.979999542236328,6741700
2026-01-06,25.139999389648438,25.139999389648438,26.31999969482422,25.020000457763672,25.190000534057617,14231800
2026-01-07,24.219999313354492,24.219999313354492,25.06999969482422,24.09000015258789,25.06999969482422,7967500
2026-01-08,24.489999771118164,24.489999771118164,24.719999313354492,24.06999969482422,24.190000534057617,6051500
2026-01-09,24.770000457763672,24.770000457763672,25.100000381469727,24.43000030517578,24.549999237060547,5524000
2026-01-12,24.579999923706055,24.579999923706055,24.829999923706055,24.260000228881836,24.790000915527344,4898300
2026-01-13,24.780000686645508,24.780000686645508,24.780000686645508,24.010000228881836,24.420000076293945,4358200
2026-01-14,24.920000076293945,24.920000076293945,25.18000030517578,24.420000076293945,25.0,6160600
2026-01-15,24.950000762939453,24.950000762939453,25.31999969482422,24.760000228881836,25.030000686645508,5502400
2026-01-16,24.700000762939453,24.700000762939453,24.700000762939453,23.84000015258789,24.219999313354492,11174900
2026-01-19,24.6200008392334,24.6200008392334,24.850000381469727,24.530000686645508,24.59000015258789,3480700
2026-01-20,25.360000610351562,25.360000610351562,25.389999389648438,24.3799991607666,24.389999389648438,5548700
2026-01-21,26.489999771118164,26.489999771118164,26.489999771118164,25.469999313354492,25.510000228881836,5667900
2026-01-22,26.899999618530273,26.899999618530273,27.489999771118164,26.299999237060547,26.350000381469727,5858800
2026-01-23,28.020000457763672,28.020000457763672,28.170000076293945,26.610000610351562,26.84000015258789,7385300
2026-01-26,28.059999465942383,28.059999465942383,28.299999237060547,27.600000381469727,28.170000076293945,4259200
2026-01-27,29.790000915527344,29.790000915527344,30.020000457763672,28.34000015258789,28.350000381469727,8577300
2026-01-28,30.049999237060547,30.049999237060547,30.540000915527344,29.639999389648438,29.959999084472656,4985200
2026-01-29,29.700000762939453,29.700000762939453,30.549999237060547,29.149999618530273,30.059999465942383,7517000
2026-01-30,29.899999618530273,29.899999618530273,29.979999542236328,29.389999389648438,29.40999984741211,5430400
2026-02-02,30.6299991607666,30.6299991607666,30.639999389648438,29.920000076293945,30.040000915527344,4146100
2026-02-03,32.0,32.0,32.16999816894531,30.809999465942383,30.809999465942383,9186000
2026-02-04,30.510000228881836,30.510000228881836,31.950000762939453,30.149999618530273,31.84000015258789,6569800
2026-02-05,31.100000381469727,31.100000381469727,31.489999771118164,30.690000534057617,30.690000534057617,3829000
2026-02-06,31.1299991607666,31.1299991607666,31.540000915527344,30.770000457763672,31.18000030517578,4327900
2026-02-09,30.790000915527344,30.790000915527344,31.559999465942383,30.549999237060547,31.350000381469727,4558500
2026-02-10,31.1299991607666,31.1299991607666,31.510000228881836,30.770000457763672,30.780000686645508,5008500
2026-02-11,31.280000686645508,31.280000686645508,31.600000381469727,31.059999465942383,31.450000762939453,3769300
2026-02-12,30.829999923706055,30.829999923706055,31.43000030517578,30.40999984741211,31.219999313354492,4712200
2026-02-13,30.639999389648438,30.639999389648438,30.889999389648438,30.059999465942383,30.459999084472656,3766400
2026-02-18,31.520000457763672,31.520000457763672,31.81999969482422,30.639999389648438,30.639999389648438,5900800
2026-02-19,31.68000030517578,31.68000030517578,31.760000228881836,31.209999084472656,31.610000610351562,3314100
2026-02-20,31.950000762939453,31.950000762939453,32.16999816894531,30.8799991607666,31.549999237060547,5400300
2026-02-23,31.469999313354492,31.469999313354492,31.940000534057617,31.239999771118164,31.719999313354492,4713600
2026-02-24,31.729999542236328,31.729999542236328,31.809999465942383,31.34000015258789,31.639999389648438,4675500
2026-02-25,31.690000534057617,31.690000534057617,32.06999969482422,30.979999542236328,31.770000457763672,6224600
2026-02-26,31.600000381469727,31.600000381469727,32.099998474121094,31.200000762939453,31.81999969482422,5320500
2026-02-27,30.709999084472656,30.709999084472656,31.3799991607666,30.489999771118164,31.3799991607666,5211500
2026-03-02,30.649999618530273,30.649999618530273,30.690000534057617,29.639999389648438,30.270000457763672,4713800
2026-03-03,29.239999771118164,29.239999771118164,29.639999389648438,28.530000686645508,29.3799991607666,8309300
2026-03-04,29.709999084472656,29.709999084472656,30.420000076293945,29.479999542236328,29.6299991607666,5346400
2026-03-05,28.34000015258789,28.34000015258789,29.6299991607666,28.100000381469727,29.5,6795700
2026-03-06,28.010000228881836,28.010000228881836,28.459999084472656,27.43000030517578,28.0,5419400
2026-03-09,27.799999237060547,27.799999237060547,28.149999618530273,26.68000030517578,28.149999618530273,8537300
2026-03-10,28.520000457763672,28.520000457763672,29.170000076293945,27.56999969482422,28.25,7461700
2026-03-11,28.530000686645508,28.530000686645508,29.149999618530273,28.100000381469727,28.200000762939453,4148600
2026-03-12,27.520000457763672,27.520000457763672,28.010000228881836,27.229999542236328,27.899999618530273,6609000
2026-03-13,26.579999923706055,26.579999923706055,27.920000076293945,26.329999923706055,27.59000015258789,4222300
2026-03-16,26.989999771118164,26.989999771118164,27.40999984741211,26.6299991607666,27.190000534057617,3807100
2026-03-17,27.399999618530273,27.399999618530273,27.649999618530273,26.899999618530273,27.079999923706055,3505000
2026-03-18,27.299999237060547,27.299999237060547,27.809999465942383,27.049999237060547,27.219999313354492,3668100
2026-03-19,27.110000610351562,27.110000610351562,27.610000610351562,26.280000686645508,26.510000228881836,7111500
2026-03-20,25.049999237060547,25.049999237060547,27.049999237060547,24.829999923706055,27.049999237060547,18698000
2026-03-23,27.219999313354492,27.219999313354492,27.219999313354492,25.639999389648438,25.639999389648438,7374700
2026-03-24,27.209999084472656,27.209999084472656,27.3700008392334,26.100000381469727,26.799999237060547,7135000
2026-03-25,28.479999542236328,28.479999542236328,28.719999313354492,27.700000762939453,27.899999618530273,8015300
2026-03-26,27.450000762939453,27.450000762939453,27.979999542236328,27.360000610351562,27.899999618530273,8081000
2026-03-27,25.93000030517578,25.93000030517578,27.329999923706055,25.829999923706055,27.270000457763672,8870600
2026-03-30,26.559999465942383,26.559999465942383,26.6200008392334,25.84000015258789,26.559999465942383,6299900
2026-03-31,27.31999969482422,27.31999969482422,27.8799991607666,26.3799991607666,27.149999618530273,8965900
2026-04-01,28.520000457763672,28.520000457763672,28.719999313354492,27.40999984741211,27.56999969482422,9801400
2026-04-02,27.520000457763672,27.520000457763672,27.860000610351562,26.649999618530273,27.040000915527344,4427200
2026-04-06,26.889999389648438,26.889999389648438,27.760000228881836,26.6299991607666,27.600000381469727,3815000
2026-04-07,25.68000030517578,25.68000030517578,26.729999542236328,25.299999237060547,26.68000030517578,8283600
2026-04-08,27.350000381469727,27.350000381469727,28.389999389648438,27.299999237060547,27.360000610351562,9570100
2026-04-09,28.059999465942383,28.059999465942383,28.350000381469727,26.860000610351562,27.5,7140100
2026-04-10,27.809999465942383,27.809999465942383,28.59000015258789,27.34000015258789,28.100000381469727,7202600
2026-04-13,28.0,28.0,28.200000762939453,27.100000381469727,27.540000915527344,4695400
2026-04-14,28.0,28.0,28.549999237060547,27.760000228881836,27.760000228881836,6772200
2026-04-15,27.600000381469727,27.600000381469727,28.110000610351562,27.040000915527344,27.850000381469727,7090000
2026-04-16,27.25,27.25,27.959999084472656,27.049999237060547,27.670000076293945,2818300
2026-04-17,27.719999313354492,27.719999313354492,28.360000610351562,27.520000457763672,28.06999969482422,5172700
2026-04-20,27.770000457763672,27.770000457763672,27.93000030517578,27.3700008392334,27.549999237060547,2353700
2026-04-22,27.09000015258789,27.09000015258789,27.639999389648438,26.950000762939453,27.520000457763672,5372600
2026-04-23,27.049999237060547,27.049999237060547,27.299999237060547,26.56999969482422,27.09000015258789,4460300
2026-04-24,26.600000381469727,26.600000381469727,27.40999984741211,26.450000762939453,27.049999237060547,4888100
2026-04-27,25.059999465942383,25.059999465942383,26.959999084472656,25.030000686645508,26.799999237060547,7780000
2026-04-28,24.200000762939453,24.200000762939453,24.719999313354492,23.950000762939453,24.59000015258789,11858400
2026-04-29,23.399999618530273,23.399999618530273,24.09000015258789,23.110000610351562,24.09000015258789,8348400
2026-04-30,23.489999771118164,23.489999771118164,23.75,23.25,23.729999542236328,7738000
2026-05-04,22.31999969482422,22.31999969482422,23.610000610351562,22.190000534057617,23.600000381469727,12366000
2026-05-05,22.780000686645508,22.780000686645508,22.989999771118164,22.1200008392334,22.239999771118164,9682000
2026-05-06,23.200000762939453,23.200000762939453,23.969999313354492,23.010000228881836,23.40999984741211,11680100
2026-05-07,22.8700008392334,22.8700008392334,23.25,22.6200008392334,23.25,3998800
2026-05-08,22.329999923706055,22.329999923706055,23.309999465942383,22.15999984741211,23.190000534057617,7194700
2026-05-11,21.850000381469727,21.850000381469727,22.440000534057617,21.700000762939453,22.15999984741211,7593500
2026-05-12,22.219999313354492,22.219999313354492,22.440000534057617,21.610000610351562,21.610000610351562,5757300
2026-05-13,21.799999237060547,21.799999237060547,22.8799991607666,21.59000015258789,22.1200008392334,13164000
2026-05-14,21.8799991607666,21.8799991607666,22.549999237060547,21.700000762939453,22.280000686645508,6670600
2026-05-15,21.84000015258789,21.84000015258789,21.950000762939453,20.200000762939453,20.889999389648438,13209800
2026-05-18,21.739999771118164,21.739999771118164,22.020000457763672,21.440000534057617,21.799999237060547,5161000
2026-05-19,21.399999618530273,21.399999618530273,21.729999542236328,21.15999984741211,21.260000228881836,4833800
2026-05-20,22.139999389648438,22.139999389648438,22.549999237060547,21.440000534057617,21.59000015258789,6859100
2026-05-21,22.1200008392334,22.1200008392334,22.399999618530273,21.600000381469727,21.920000076293945,4208700
2026-05-22,21.25,21.25,21.969999313354492,21.049999237060547,21.8799991607666,6619000
2026-05-25,22.670000076293945,22.670000076293945,22.739999771118164,21.450000762939453,21.450000762939453,6318900
2026-05-26,22.280000686645508,22.280000686645508,22.700000762939453,22.1299991607666,22.489999771118164,5705900
2026-05-27,22.200000762939453,22.200000762939453,22.799999237060547,22.020000457763672,22.700000762939453,8701300
2026-05-28,22.5,22.5,22.799999237060547,21.920000076293945,22.290000915527344,15458700
2026-05-29,22.520000457763672,22.520000457763672,22.68000030517578,22.079999923706055,22.59000015258789,7475700
2026-06-01,22.3799991607666,22.3799991607666,22.68000030517578,21.920000076293945,22.450000762939453,7428200
2026-06-02,22.350000381469727,22.350000381469727,22.850000381469727,22.34000015258789,22.489999771118164,6295000
2026-06-03,20.860000610351562,20.860000610351562,22.0,20.649999618530273,22.0,9899400
2026-06-05,19.829999923706055,19.829999923706055,20.899999618530273,19.829999923706055,20.649999618530273,6516800
2026-06-08,20.149999618530273,20.149999618530273,20.579999923706055,19.760000228881836,19.829999923706055,6969300
2026-06-09,20.75,20.75,21.0,20.3700008392334,20.3700008392334,7430900
2026-06-10,20.3700008392334,20.3700008392334,20.68000030517578,19.979999542236328,20.68000030517578,5187500
2026-06-11,21.100000381469727,21.100000381469727,21.399999618530273,20.149999618530273,20.399999618530273,7549700
2026-06-12,21.360000610351562,21.360000610351562,21.850000381469727,20.729999542236328,20.729999542236328,8763700
2026-06-15,21.65999984741211,21.65999984741211,22.549999237060547,21.540000915527344,21.950000762939453,7979300
2026-06-16,21.579999923706055,21.579999923706055,21.75,21.25,21.600000381469727,4025100
2026-06-17,20.860000610351562,20.860000610351562,21.989999771118164,20.84000015258789,21.799999237060547,6554200
2026-06-18,21.149999618530273,21.149999618530273,21.420000076293945,20.65999984741211,20.8799991607666,7573400
2026-06-19,21.829999923706055,21.829999923706055,22.190000534057617,21.110000610351562,21.209999084472656,8839100
2026-06-22,21.65999984741211,21.65999984741211,22.110000610351562,21.559999465942383,21.920000076293945,7417900
2026-06-23,21.600000381469727,21.600000381469727,21.690000534057617,21.170000076293945,21.489999771118164,6464000
2026-06-24,22.5,22.5,22.709999084472656,21.290000915527344,21.389999389648438,11741800
2026-06-25,22.940000534057617,22.940000534057617,23.270000457763672,22.3799991607666,22.690000534057617,8177800
2026-06-26,23.329999923706055,23.329999923706055,23.59000015258789,22.649999618530273,22.93000030517578,8667300
