Price,Adj Close,Close,High,Low,Open,Volume
Ticker,VIVA3.SA,VIVA3.SA,VIVA3.SA,VIVA3.SA,VIVA3.SA,VIVA3.SA
Date,,,,,,
2021-06-28,29.61423110961914,32.790000915527344,33.150001525878906,32.43000030517578,32.52000045776367,1163900
2021-06-29,29.722610473632812,32.90999984741211,32.970001220703125,31.959999084472656,32.779998779296875,1611300
2021-06-30,29.713579177856445,32.900001525878906,33.099998474121094,32.220001220703125,32.95000076293945,1528200
2021-07-01,28.882678985595703,31.979999542236328,32.54999923706055,31.739999771118164,31.850000381469727,1124300
2021-07-02,29.397476196289062,32.54999923706055,32.66999816894531,31.799999237060547,31.8799991607666,880200
2021-07-05,28.8284912109375,31.920000076293945,32.84000015258789,31.920000076293945,32.54999923706055,1101800
2021-07-06,28.711082458496094,31.790000915527344,32.099998474121094,31.549999237060547,31.68000030517578,1125800
2021-07-07,28.575611114501953,31.639999389648438,32.20000076293945,31.360000610351562,31.920000076293945,1353100
2021-07-08,28.1601619720459,31.18000030517578,31.790000915527344,30.809999465942383,31.170000076293945,1646900
2021-07-12,29.01815414428711,32.130001068115234,32.150001525878906,31.170000076293945,31.18000030517578,993700
2021-07-13,28.909770965576172,32.0099983215332,32.220001220703125,31.56999969482422,32.0,734700
2021-07-14,28.89171028137207,31.989999771118164,32.36000061035156,31.8799991607666,32.060001373291016,880400
2021-07-15,28.774303436279297,31.860000610351562,32.349998474121094,31.760000228881836,31.899999618530273,728800
2021-07-16,28.900741577148438,32.0,32.349998474121094,31.799999237060547,31.979999542236328,731700
2021-07-19,28.575611114501953,31.639999389648438,31.799999237060547,31.110000610351562,31.600000381469727,772000
2021-07-20,28.23241424560547,31.260000228881836,31.90999984741211,31.209999084472656,31.6299991607666,691100
2021-07-21,28.75623893737793,31.84000015258789,32.02000045776367,31.18000030517578,31.200000762939453,876300
2021-07-22,29.00912094116211,32.119998931884766,32.70000076293945,31.81999969482422,31.84000015258789,981600
2021-07-23,28.711082458496094,31.790000915527344,32.2599983215332,31.530000686645508,32.2599983215332,496100
2021-07-26,28.2233829498291,31.25,31.780000686645508,31.219999313354492,31.780000686645508,447900
2021-07-27,27.536989212036133,30.489999771118164,31.270000457763672,30.079999923706055,31.100000381469727,742400
2021-07-28,28.178226470947266,31.200000762939453,31.3700008392334,30.549999237060547,30.600000381469727,805700
2021-07-29,28.178226470947266,31.200000762939453,31.440000534057617,30.889999389648438,31.25,553900
2021-07-30,28.178226470947266,31.200000762939453,32.709999084472656,30.729999542236328,30.809999465942383,1996900
2021-08-02,28.241445541381836,31.270000457763672,31.940000534057617,30.770000457763672,31.690000534057617,1268700
2021-08-03,28.48529815673828,31.540000915527344,31.600000381469727,30.010000228881836,31.309999465942383,2457100
2021-08-04,28.04275131225586,31.049999237060547,31.940000534057617,30.719999313354492,31.510000228881836,907300
2021-08-05,27.446674346923828,30.389999389648438,31.09000015258789,30.1299991607666,31.0,966400
2021-08-06,27.79890251159668,30.780000686645508,30.850000381469727,30.010000228881836,30.40999984741211,792400
2021-08-09,27.925344467163086,30.920000076293945,30.93000030517578,30.200000762939453,30.75,1314300
2021-08-10,27.455705642700195,30.399999618530273,31.139999389648438,30.239999771118164,31.079999923706055,1025200
2021-08-11,27.5460205078125,30.5,30.860000610351562,29.93000030517578,30.299999237060547,1902000
2021-08-12,27.184762954711914,30.100000381469727,30.739999771118164,29.920000076293945,30.479999542236328,489800
2021-08-13,26.968008041381836,29.860000610351562,30.450000762939453,29.799999237060547,30.290000915527344,1254900
2021-08-16,27.419578552246094,30.360000610351562,31.739999771118164,29.6200008392334,29.860000610351562,3527900
2021-08-17,26.922849655151367,29.809999465942383,30.299999237060547,28.549999237060547,30.299999237060547,2325200
2021-08-18,27.103479385375977,30.010000228881836,30.709999084472656,29.18000030517578,29.809999465942383,1723000
2021-08-19,28.1601619720459,31.18000030517578,31.399999618530273,29.200000762939453,29.530000686645508,1751000
2021-08-20,28.674955368041992,31.75,31.8700008392334,30.899999618530273,31.360000610351562,1113100
2021-08-23,28.62980079650879,31.700000762939453,32.18000030517578,31.450000762939453,31.899999618530273,1987600
2021-08-24,28.982027053833008,32.09000015258789,32.459999084472656,31.68000030517578,31.979999542236328,1724500
2021-08-25,29.73163604736328,32.91999816894531,33.040000915527344,31.93000030517578,32.08000183105469,1145400
2021-08-26,28.963964462280273,32.06999969482422,33.040000915527344,31.850000381469727,32.91999816894531,847800
2021-08-27,29.722610473632812,32.90999984741211,32.93000030517578,31.829999923706055,32.040000915527344,1133700
2021-08-30,29.984521865844727,33.20000076293945,33.650001525878906,32.90999984741211,32.93000030517578,1996400
2021-08-31,29.984521865844727,33.20000076293945,33.529998779296875,32.790000915527344,33.2400016784668,1366500
2021-09-01,29.91227149963379,33.119998931884766,33.529998779296875,32.88999938964844,33.529998779296875,811700
2021-09-02,29.25296974182129,32.38999938964844,33.119998931884766,32.38999938964844,33.119998931884766,600700
2021-09-03,29.144594192504883,32.27000045776367,32.63999938964844,31.84000015258789,32.540000915527344,890900
2021-09-06,29.10846710205078,32.22999954223633,32.470001220703125,31.809999465942383,32.20000076293945,544100
2021-09-08,27.20282745361328,30.1200008392334,32.0099983215332,29.860000610351562,31.989999771118164,2094000
2021-09-09,27.5821475982666,30.540000915527344,30.899999618530273,29.700000762939453,30.010000228881836,956300
2021-09-10,28.178226470947266,31.200000762939453,31.670000076293945,30.59000015258789,30.989999771118164,1603100
2021-09-13,28.94590187072754,32.04999923706055,32.470001220703125,31.170000076293945,31.59000015258789,1109800
2021-09-14,28.86461639404297,31.959999084472656,32.849998474121094,31.850000381469727,32.060001373291016,571800
2021-09-15,28.494327545166016,31.549999237060547,32.09000015258789,30.8700008392334,31.959999084472656,994400
2021-09-16,28.33176040649414,31.3700008392334,31.799999237060547,31.049999237060547,31.360000610351562,1323100
2021-09-17,27.60923957824707,30.56999969482422,31.239999771118164,29.8799991607666,31.239999771118164,1456500
2021-09-20,26.904788970947266,29.790000915527344,29.860000610351562,28.969999313354492,29.700000762939453,812900
2021-09-21,27.744714736938477,30.719999313354492,30.93000030517578,29.770000457763672,30.0,916200
2021-09-22,28.44917106628418,31.5,32.150001525878906,30.719999313354492,31.09000015258789,1369400
2021-09-23,28.702051162719727,31.780000686645508,32.36000061035156,31.0,31.0,1197400
2021-09-24,28.674955368041992,31.75,32.119998931884766,31.399999618530273,31.420000076293945,879100
2021-09-27,28.647863388061523,31.719999313354492,32.0,31.270000457763672,31.790000915527344,686400
2021-09-28,27.455705642700195,30.399999618530273,31.600000381469727,30.399999618530273,31.549999237060547,956000
2021-09-29,27.094446182250977,30.0,30.850000381469727,30.0,30.579999923706055,1039400
2021-09-30,26.660934448242188,29.520000457763672,31.200000762939453,29.270000457763672,30.219999313354492,941700
2021-10-01,27.013164520263672,29.90999984741211,30.020000457763672,29.010000228881836,29.31999969482422,1027100
2021-10-04,25.513938903808594,28.25,29.670000076293945,27.850000381469727,29.34000015258789,1176600
2021-10-05,25.378463745117188,28.100000381469727,28.510000228881836,27.850000381469727,28.290000915527344,653500
2021-10-06,25.30621337890625,28.020000457763672,28.020000457763672,26.579999923706055,27.799999237060547,2490200
2021-10-07,25.821008682250977,28.59000015258789,28.790000915527344,28.09000015258789,28.389999389648438,1261800
2021-10-08,26.561588287353516,29.40999984741211,29.6200008392334,28.739999771118164,28.84000015258789,1400600
2021-10-11,26.110013961791992,28.90999984741211,29.610000610351562,28.809999465942383,29.299999237060547,791300
2021-10-13,26.94091033935547,29.829999923706055,30.209999084472656,28.979999542236328,29.200000762939453,675900
2021-10-14,26.715124130249023,29.579999923706055,30.149999618530273,29.229999542236328,29.850000381469727,533700
2021-10-15,27.094446182250977,30.0,30.200000762939453,29.510000228881836,29.59000015258789,489400
2021-10-18,27.25701332092285,30.18000030517578,30.8700008392334,29.770000457763672,29.920000076293945,764500
2021-10-19,26.263551712036133,29.079999923706055,30.149999618530273,28.8799991607666,29.920000076293945,1116800
2021-10-20,25.640380859375,28.389999389648438,29.43000030517578,28.149999618530273,29.219999313354492,1066600
2021-10-21,24.38500213623047,27.0,28.09000015258789,26.43000030517578,27.809999465942383,1120400
2021-10-22,24.231468200683594,26.829999923706055,27.280000686645508,25.1299991607666,26.610000610351562,2336000
2021-10-25,25.224929809570312,27.93000030517578,28.309999465942383,27.030000686645508,27.149999618530273,1008200
2021-10-26,24.457252502441406,27.079999923706055,27.68000030517578,26.489999771118164,27.68000030517578,1077600
2021-10-27,24.520475387573242,27.149999618530273,27.719999313354492,26.889999389648438,27.34000015258789,1115300
2021-10-28,23.843111038208008,26.399999618530273,27.229999542236328,26.200000762939453,26.8799991607666,604100
2021-10-29,23.42766761779785,25.940000534057617,26.799999237060547,25.940000534057617,26.510000228881836,1297100
2021-11-01,23.825050354003906,26.3799991607666,26.8700008392334,26.020000457763672,26.020000457763672,1313700
2021-11-03,24.818511962890625,27.479999542236328,27.790000915527344,26.360000610351562,26.3799991607666,1013100
2021-11-04,24.565631866455078,27.200000762939453,28.290000915527344,26.84000015258789,27.5,728800
2021-11-05,24.890764236450195,27.559999465942383,28.110000610351562,27.34000015258789,27.399999618530273,791300
2021-11-08,24.610790252685547,27.25,27.579999923706055,26.84000015258789,27.579999923706055,422400
2021-11-09,24.981081008911133,27.65999984741211,28.6200008392334,27.030000686645508,27.1200008392334,781000
2021-11-10,26.32676887512207,29.149999618530273,29.6299991607666,27.559999465942383,27.559999465942383,970400
2021-11-11,26.426116943359375,29.260000228881836,30.299999237060547,29.09000015258789,29.700000762939453,1386300
2021-11-12,26.263551712036133,29.079999923706055,30.239999771118164,29.0,29.200000762939453,964700
2021-11-16,25.0172061920166,27.700000762939453,29.350000381469727,27.700000762939453,29.350000381469727,810400
2021-11-17,24.258562088012695,26.860000610351562,28.139999389648438,26.469999313354492,27.8799991607666,889600
2021-11-18,24.330814361572266,26.940000534057617,27.389999389648438,26.350000381469727,26.940000534057617,1163500
2021-11-19,24.141151428222656,26.729999542236328,27.780000686645508,26.579999923706055,27.079999923706055,801800
2021-11-22,23.98761558532715,26.559999465942383,27.219999313354492,25.959999084472656,26.860000610351562,888100
2021-11-23,23.463788986206055,25.979999542236328,26.559999465942383,25.309999465942383,26.549999237060547,939500
2021-11-24,23.292194366455078,25.790000915527344,26.290000915527344,25.40999984741211,25.799999237060547,507500
2021-11-25,23.454757690429688,25.969999313354492,26.450000762939453,25.719999313354492,25.790000915527344,385600
2021-11-26,23.192846298217773,25.68000030517578,25.719999313354492,24.899999618530273,25.350000381469727,585400
2021-11-29,22.894807815551758,25.350000381469727,26.06999969482422,25.290000915527344,26.06999969482422,477300
2021-11-30,22.136165618896484,24.510000228881836,25.3700008392334,23.760000228881836,25.34000015258789,1606700
2021-12-01,21.946500778198242,24.299999237060547,25.239999771118164,24.270000457763672,24.700000762939453,843300
2021-12-02,21.49492645263672,23.799999237060547,24.639999389648438,23.450000762939453,24.540000915527344,1427300
2021-12-03,22.163259506225586,24.540000915527344,24.81999969482422,23.780000686645508,23.799999237060547,1286600
2021-12-06,22.85868263244629,25.309999465942383,25.510000228881836,24.600000381469727,24.600000381469727,1200200
2021-12-07,22.578706741333008,25.0,25.889999389648438,24.969999313354492,25.510000228881836,550100
2021-12-08,23.662485122680664,26.200000762939453,26.200000762939453,24.850000381469727,25.010000228881836,822800
2021-12-09,23.057376861572266,25.530000686645508,26.059999465942383,25.3799991607666,25.940000534057617,778000
2021-12-10,23.35541343688965,25.860000610351562,26.899999618530273,25.489999771118164,25.649999618530273,1520600
2021-12-13,23.274131774902344,25.770000457763672,26.100000381469727,25.5,25.850000381469727,776500
2021-12-14,22.244539260864258,24.6299991607666,26.190000534057617,24.510000228881836,25.65999984741211,633600
2021-12-15,22.623859405517578,25.049999237060547,25.049999237060547,23.6200008392334,24.59000015258789,1877300
2021-12-16,22.361949920654297,24.760000228881836,25.520000457763672,24.18000030517578,25.15999984741211,1678500
2021-12-17,22.948997497558594,25.40999984741211,25.649999618530273,24.200000762939453,24.600000381469727,1206000
2021-12-20,22.497421264648438,24.90999984741211,25.3799991607666,24.84000015258789,25.0,959700
2021-12-21,22.4432315826416,24.850000381469727,25.09000015258789,24.149999618530273,24.889999389648438,1333600
2021-12-22,22.253568649291992,24.639999389648438,25.110000610351562,24.149999618530273,24.959999084472656,962700
2021-12-23,21.92844009399414,24.280000686645508,24.860000610351562,24.200000762939453,24.540000915527344,380300
2021-12-27,22.325822830200195,24.719999313354492,25.0,24.31999969482422,24.31999969482422,550800
2021-12-28,22.60456085205078,24.75,25.049999237060547,24.479999542236328,24.479999542236328,521700
2021-12-29,22.421897888183594,24.549999237060547,24.989999771118164,24.31999969482422,24.979999542236328,377800
2021-12-30,23.234752655029297,25.440000534057617,25.780000686645508,24.520000457763672,24.549999237060547,1162600
2022-01-03,22.16617202758789,24.270000457763672,25.829999923706055,24.270000457763672,25.440000534057617,680100
2022-01-04,21.21632194519043,23.229999542236328,24.600000381469727,23.170000076293945,24.489999771118164,946700
2022-01-05,19.98334503173828,21.8799991607666,23.329999923706055,21.690000534057617,23.31999969482422,2108400
2022-01-06,20.220808029174805,22.139999389648438,22.579999923706055,21.850000381469727,22.0,2456700
2022-01-07,20.184274673461914,22.100000381469727,22.209999084472656,21.6299991607666,22.020000457763672,922900
2022-01-10,19.63628578186035,21.5,22.100000381469727,21.399999618530273,22.100000381469727,1257000
2022-01-11,19.974214553833008,21.8700008392334,21.889999389648438,21.43000030517578,21.510000228881836,839400
2022-01-12,20.686599731445312,22.649999618530273,22.8700008392334,21.59000015258789,21.829999923706055,936900
2022-01-13,20.577003479003906,22.530000686645508,22.770000457763672,22.049999237060547,22.65999984741211,538300
2022-01-14,20.184274673461914,22.100000381469727,22.6299991607666,21.8700008392334,22.489999771118164,463400
2022-01-17,20.841861724853516,22.81999969482422,23.1200008392334,22.0,22.049999237060547,1153600
2022-01-18,19.81894874572754,21.700000762939453,22.8799991607666,20.850000381469727,22.829999923706055,3139200
2022-01-19,20.23907470703125,22.15999984741211,22.600000381469727,21.65999984741211,21.690000534057617,747400
2022-01-20,21.14325523376465,23.149999618530273,23.8799991607666,22.049999237060547,22.139999389648438,1850100
2022-01-21,21.25285530090332,23.270000457763672,23.770000457763672,22.68000030517578,23.040000915527344,1199400
2022-01-24,20.83272933959961,22.809999465942383,23.229999542236328,22.6200008392334,23.229999542236328,531300
2022-01-25,21.18892478942871,23.200000762939453,23.610000610351562,22.450000762939453,22.65999984741211,1204000
2022-01-26,22.85115623474121,25.020000457763672,25.6200008392334,23.239999771118164,23.43000030517578,3079500
2022-01-27,22.9333553314209,25.110000610351562,25.780000686645508,24.639999389648438,25.079999923706055,1423700
2022-01-28,22.7872257232666,24.950000762939453,25.3700008392334,24.68000030517578,25.110000610351562,1074400
2022-01-31,24.020200729370117,26.299999237060547,26.299999237060547,24.719999313354492,24.920000076293945,878000
2022-02-01,23.938003540039062,26.209999084472656,26.600000381469727,25.6200008392334,26.100000381469727,1150300
2022-02-02,23.74620819091797,26.0,26.690000534057617,25.860000610351562,26.299999237060547,717100
2022-02-03,23.3900146484375,25.610000610351562,26.5,25.43000030517578,26.040000915527344,844100
2022-02-04,22.55889892578125,24.700000762939453,25.459999084472656,24.299999237060547,25.43000030517578,1145700
2022-02-07,22.129636764526367,24.229999542236328,24.93000030517578,24.190000534057617,24.6299991607666,913400
2022-02-08,22.111371994018555,24.209999084472656,24.5,23.81999969482422,24.100000381469727,873400
2022-02-09,22.57716178894043,24.719999313354492,25.18000030517578,24.1299991607666,24.25,921000
2022-02-10,22.458431243896484,24.59000015258789,25.219999313354492,24.0,24.75,703500
2022-02-11,22.60456085205078,24.75,25.729999542236328,24.389999389648438,24.600000381469727,1581300
2022-02-14,23.3900146484375,25.610000610351562,25.790000915527344,24.290000915527344,24.299999237060547,1108200
2022-02-15,24.385526657104492,26.700000762939453,26.959999084472656,25.520000457763672,25.65999984741211,1471500
2022-02-16,24.495126724243164,26.81999969482422,26.84000015258789,26.239999771118164,26.600000381469727,1381900
2022-02-17,23.810136795043945,26.06999969482422,27.1200008392334,25.8700008392334,26.899999618530273,1278800
2022-02-18,24.020200729370117,26.299999237060547,26.440000534057617,25.670000076293945,26.149999618530273,926400
2022-02-21,23.66400909423828,25.90999984741211,26.6200008392334,25.709999084472656,26.360000610351562,913100
2022-02-22,24.17546272277832,26.469999313354492,26.979999542236328,25.799999237060547,26.329999923706055,1135300
2022-02-23,24.467729568481445,26.790000915527344,27.940000534057617,26.3700008392334,26.59000015258789,1283000
2022-02-24,23.892335891723633,26.15999984741211,26.610000610351562,24.68000030517578,26.0,1355800
2022-02-25,23.992801666259766,26.270000457763672,26.649999618530273,25.81999969482422,26.139999389648438,971400
2022-03-02,23.74620819091797,26.0,26.790000915527344,25.899999618530273,26.40999984741211,773500
2022-03-03,23.837539672851562,26.100000381469727,27.040000915527344,25.90999984741211,26.0,1216800
2022-03-04,23.80100440979004,26.059999465942383,26.15999984741211,25.350000381469727,25.760000228881836,1181200
2022-03-07,21.9287109375,24.010000228881836,25.950000762939453,24.010000228881836,25.950000762939453,1568800
2022-03-08,22.394500732421875,24.520000457763672,24.809999465942383,23.59000015258789,24.25,1027100
2022-03-09,23.65487289428711,25.899999618530273,26.1200008392334,24.65999984741211,24.709999084472656,1193700
2022-03-10,23.46307945251465,25.690000534057617,26.149999618530273,25.459999084472656,25.860000610351562,1261900
2022-03-11,22.54976463317871,24.690000534057617,26.0,24.510000228881836,25.360000610351562,872100
2022-03-14,21.809978485107422,23.8799991607666,25.139999389648438,23.600000381469727,24.729999542236328,1776300
2022-03-15,21.837379455566406,23.90999984741211,24.139999389648438,23.190000534057617,24.100000381469727,1768200
2022-03-16,21.892175674438477,23.969999313354492,24.639999389648438,23.43000030517578,24.3700008392334,1335900
2022-03-17,22.6319637298584,24.780000686645508,24.790000915527344,23.729999542236328,23.84000015258789,812300
2022-03-18,23.755340576171875,26.010000228881836,26.31999969482422,23.719999313354492,24.559999465942383,2359200
2022-03-21,22.86942481994629,25.040000915527344,26.170000076293945,24.600000381469727,26.0,1180300
2022-03-22,23.56354331970215,25.799999237060547,25.850000381469727,25.079999923706055,25.1299991607666,1289700
2022-03-23,24.266796112060547,26.56999969482422,26.68000030517578,25.440000534057617,25.6200008392334,1217600
2022-03-24,24.77825355529785,27.1299991607666,27.31999969482422,26.18000030517578,26.5,1668300
2022-03-25,25.390172958374023,27.799999237060547,28.0,27.100000381469727,27.18000030517578,1605600
2022-03-28,24.79652214050293,27.149999618530273,27.799999237060547,26.739999771118164,27.59000015258789,555600
2022-03-29,25.956430435180664,28.420000076293945,28.780000686645508,27.3799991607666,27.399999618530273,1850200
2022-03-30,25.125314712524414,27.510000228881836,28.479999542236328,27.420000076293945,28.459999084472656,669200
2022-03-31,25.289709091186523,27.690000534057617,28.030000686645508,27.280000686645508,27.510000228881836,654100
2022-04-01,25.810300827026367,28.260000228881836,28.489999771118164,27.84000015258789,27.979999542236328,858600
2022-04-04,26.24869155883789,28.739999771118164,28.979999542236328,27.920000076293945,28.280000686645508,1254400
2022-04-05,25.362775802612305,27.770000457763672,28.899999618530273,27.739999771118164,28.75,767600
2022-04-06,25.107046127319336,27.489999771118164,27.729999542236328,26.829999923706055,27.729999542236328,1144600
2022-04-07,24.933515548706055,27.299999237060547,27.770000457763672,26.8700008392334,27.280000686645508,542200
2022-04-08,24.604724884033203,26.940000534057617,27.329999923706055,26.360000610351562,26.93000030517578,620200
2022-04-11,24.202863693237305,26.5,26.850000381469727,26.399999618530273,26.700000762939453,758700
2022-04-12,24.814786911010742,27.170000076293945,27.530000686645508,26.729999542236328,26.799999237060547,823500
2022-04-13,25.16184425354004,27.549999237060547,27.860000610351562,26.65999984741211,27.299999237060547,846300
2022-04-14,25.116178512573242,27.5,27.56999969482422,27.219999313354492,27.540000915527344,718200
2022-04-18,24.988317489624023,27.360000610351562,27.81999969482422,27.059999465942383,27.3799991607666,586400
2022-04-19,25.307973861694336,27.709999084472656,27.790000915527344,27.139999389648438,27.25,997600
2022-04-20,25.07051658630371,27.450000762939453,28.06999969482422,27.299999237060547,27.799999237060547,677600
2022-04-22,24.129798889160156,26.420000076293945,27.469999313354492,26.360000610351562,27.100000381469727,379300
2022-04-25,24.06587028503418,26.350000381469727,26.579999923706055,25.469999313354492,26.229999542236328,529900
2022-04-26,23.609210968017578,25.850000381469727,26.530000686645508,25.420000076293945,26.360000610351562,549300
2022-04-27,23.435680389404297,25.65999984741211,26.5,25.389999389648438,25.899999618530273,920800
2022-04-28,23.545278549194336,25.780000686645508,25.920000076293945,25.18000030517578,25.809999465942383,522600
2022-04-29,23.234752655029297,25.440000534057617,26.3799991607666,25.43000030517578,25.940000534057617,566100
2022-05-02,22.67997169494629,24.780000686645508,25.530000686645508,24.34000015258789,25.530000686645508,686200
2022-05-03,22.240652084350586,24.299999237060547,24.780000686645508,24.0,24.780000686645508,746900
2022-05-04,22.716581344604492,24.81999969482422,25.079999923706055,23.549999237060547,24.290000915527344,908900
2022-05-05,21.783023834228516,23.799999237060547,24.68000030517578,23.06999969482422,24.68000030517578,1138400
2022-05-06,21.490142822265625,23.479999542236328,23.709999084472656,22.860000610351562,23.709999084472656,696500
2022-05-09,21.178955078125,23.139999389648438,23.6200008392334,22.899999618530273,23.219999313354492,1310400
2022-05-10,22.149126052856445,24.200000762939453,24.6299991607666,23.260000228881836,23.260000228881836,926300
2022-05-11,21.856243133544922,23.8799991607666,24.360000610351562,23.469999313354492,24.360000610351562,643300
2022-05-12,22.11251449584961,24.15999984741211,24.420000076293945,23.530000686645508,23.739999771118164,515400
2022-05-13,22.707427978515625,24.809999465942383,25.299999237060547,24.440000534057617,24.5,558200
2022-05-16,22.615903854370117,24.709999084472656,24.969999313354492,24.40999984741211,24.40999984741211,542700
2022-05-17,22.826412200927734,24.940000534057617,25.579999923706055,24.760000228881836,24.81999969482422,597700
2022-05-18,22.67997169494629,24.780000686645508,25.56999969482422,24.6200008392334,25.15999984741211,998900
2022-05-19,22.36878776550293,24.440000534057617,24.93000030517578,24.309999465942383,24.780000686645508,678700
2022-05-20,21.88370132446289,23.90999984741211,25.040000915527344,23.579999923706055,24.520000457763672,1304200
2022-05-23,22.304718017578125,24.3700008392334,24.579999923706055,23.510000228881836,24.010000228881836,706500
2022-05-24,22.18573570251465,24.239999771118164,24.420000076293945,23.3700008392334,24.239999771118164,1118700
2022-05-25,22.579294204711914,24.670000076293945,24.8700008392334,23.670000076293945,24.15999984741211,967100
2022-05-26,22.597599029541016,24.690000534057617,25.350000381469727,24.40999984741211,24.780000686645508,1367600
2022-05-27,23.13759994506836,25.280000686645508,25.56999969482422,24.709999084472656,24.709999084472656,1314200
2022-05-30,22.68912696838379,24.790000915527344,25.969999313354492,24.469999313354492,25.170000076293945,1054900
2022-05-31,22.515228271484375,24.600000381469727,24.979999542236328,24.239999771118164,24.8799991607666,835600
2022-06-01,22.26810646057129,24.329999923706055,24.790000915527344,24.049999237060547,24.600000381469727,797200
2022-06-02,22.36878776550293,24.440000534057617,24.520000457763672,22.93000030517578,24.5,2038900
2022-06-03,22.075904846191406,24.1200008392334,24.299999237060547,23.670000076293945,24.270000457763672,1133000
2022-06-06,21.46268653869629,23.450000762939453,24.270000457763672,23.450000762939453,24.209999084472656,540400
2022-06-07,20.7945499420166,22.719999313354492,23.329999923706055,22.469999313354492,23.329999923706055,1216900
2022-06-08,20.492515563964844,22.389999389648438,22.920000076293945,22.209999084472656,22.59000015258789,661500
2022-06-09,20.483366012573242,22.3799991607666,22.719999313354492,22.020000457763672,22.280000686645508,751700
2022-06-10,19.43997573852539,21.239999771118164,22.31999969482422,21.18000030517578,22.280000686645508,1565200
2022-06-13,19.1287899017334,20.899999618530273,21.239999771118164,20.3700008392334,20.899999618530273,1302200
2022-06-14,19.33014678955078,21.1200008392334,21.290000915527344,20.540000915527344,21.030000686645508,1068100
2022-06-15,21.178955078125,23.139999389648438,23.43000030517578,21.200000762939453,21.350000381469727,2109800
2022-06-17,20.739635467529297,22.65999984741211,22.709999084472656,21.940000534057617,22.639999389648438,928600
2022-06-20,20.309467315673828,22.190000534057617,22.690000534057617,21.790000915527344,22.649999618530273,952400
2022-06-21,20.309467315673828,22.190000534057617,22.790000915527344,21.709999084472656,22.25,837100
2022-06-22,20.28200912475586,22.15999984741211,22.3799991607666,21.690000534057617,21.920000076293945,1278700
2022-06-23,21.02336311340332,22.969999313354492,23.06999969482422,22.040000915527344,22.31999969482422,1421500
2022-06-24,20.767093658447266,22.690000534057617,23.100000381469727,22.260000228881836,23.100000381469727,1555200
2022-06-27,21.059974670410156,23.010000228881836,23.209999084472656,22.299999237060547,22.709999084472656,901700
2022-06-28,20.611501693725586,22.520000457763672,23.18000030517578,21.979999542236328,23.18000030517578,1358900
2022-06-29,20.163026809692383,22.030000686645508,22.540000915527344,21.969999313354492,22.540000915527344,871700
2022-06-30,20.117263793945312,21.979999542236328,22.260000228881836,21.3799991607666,21.75,505800
2022-07-01,20.135568618774414,22.0,22.079999923706055,21.479999542236328,21.979999542236328,613100
2022-07-04,19.806076049804688,21.639999389648438,22.25,21.459999084472656,21.969999313354492,579000
2022-07-05,20.03489112854004,21.889999389648438,21.950000762939453,21.260000228881836,21.639999389648438,838800
2022-07-06,20.3460750579834,22.229999542236328,22.520000457763672,21.770000457763672,21.8700008392334,946100
2022-07-07,21.05082130432129,23.0,23.389999389648438,22.239999771118164,22.459999084472656,2985600
2022-07-08,20.748788833618164,22.670000076293945,23.18000030517578,22.350000381469727,22.920000076293945,771800
2022-07-11,19.824382781982422,21.65999984741211,22.81999969482422,21.510000228881836,22.40999984741211,699400
2022-07-12,19.641332626342773,21.459999084472656,21.600000381469727,21.049999237060547,21.5,850500
2022-07-13,18.808452606201172,20.549999237060547,21.440000534057617,20.549999237060547,21.209999084472656,853700
2022-07-14,18.845062255859375,20.59000015258789,20.68000030517578,20.15999984741211,20.56999969482422,971400
2022-07-15,18.92743492126465,20.68000030517578,20.940000534057617,20.270000457763672,20.690000534057617,675900
2022-07-18,18.96404266357422,20.719999313354492,21.479999542236328,20.68000030517578,21.469999313354492,720800
2022-07-19,19.311840057373047,21.100000381469727,21.25,20.540000915527344,20.889999389648438,670300
2022-07-20,20.03489112854004,21.889999389648438,21.989999771118164,21.0,21.219999313354492,1081900
2022-07-21,19.549806594848633,21.360000610351562,22.219999313354492,21.360000610351562,21.899999618530273,451400
2022-07-22,19.43997573852539,21.239999771118164,21.670000076293945,21.110000610351562,21.350000381469727,868100
2022-07-25,19.412517547607422,21.209999084472656,21.709999084472656,21.15999984741211,21.329999923706055,583900
2022-07-26,19.092180252075195,20.860000610351562,21.31999969482422,20.56999969482422,21.200000762939453,1058200
2022-07-27,19.723705291748047,21.549999237060547,21.649999618530273,20.8700008392334,20.889999389648438,1199400
2022-07-28,20.611501693725586,22.520000457763672,22.6299991607666,21.229999542236328,21.540000915527344,993900
2022-07-29,20.309467315673828,22.190000534057617,22.65999984741211,22.1299991607666,22.520000457763672,358900
2022-08-01,20.63895606994629,22.549999237060547,22.6299991607666,21.93000030517578,22.200000762939453,1036400
2022-08-02,20.666414260864258,22.579999923706055,22.940000534057617,22.3700008392334,22.549999237060547,609000
2022-08-03,21.34370231628418,23.31999969482422,23.549999237060547,22.440000534057617,22.579999923706055,1308700
2022-08-04,22.286413192749023,24.350000381469727,24.8700008392334,23.389999389648438,23.399999618530273,1991100
2022-08-05,21.856243133544922,23.8799991607666,24.40999984741211,23.6299991607666,24.34000015258789,703600
2022-08-08,21.920312881469727,23.950000762939453,24.540000915527344,23.790000915527344,24.020000457763672,957700
2022-08-09,20.684720993041992,22.600000381469727,24.25,22.5,24.15999984741211,1171700
2022-08-10,22.323022842407227,24.389999389648438,24.649999618530273,23.149999618530273,24.399999618530273,1929200
2022-08-11,22.075904846191406,24.1200008392334,25.100000381469727,23.920000076293945,24.389999389648438,1273300
2022-08-12,22.99115753173828,25.1200008392334,25.290000915527344,23.639999389648438,24.15999984741211,1085000
2022-08-15,23.146751403808594,25.290000915527344,25.610000610351562,24.579999923706055,24.920000076293945,1263000
2022-08-16,22.423702239990234,24.5,25.520000457763672,24.18000030517578,25.360000610351562,1666900
2022-08-17,22.85386848449707,24.969999313354492,25.079999923706055,23.969999313354492,24.200000762939453,999400
2022-08-18,22.670818328857422,24.770000457763672,25.100000381469727,24.389999389648438,25.0,840100
2022-08-19,21.92946434020996,23.959999084472656,24.520000457763672,23.829999923706055,24.5,566400
2022-08-22,21.88370132446289,23.90999984741211,24.020000457763672,23.229999542236328,23.8799991607666,729800
2022-08-23,22.99115753173828,25.1200008392334,25.450000762939453,23.59000015258789,23.860000610351562,1624700
2022-08-24,23.165056228637695,25.309999465942383,25.899999618530273,24.8799991607666,25.149999618530273,1238100
2022-08-25,23.51285171508789,25.690000534057617,25.81999969482422,25.229999542236328,25.31999969482422,764100
2022-08-26,23.35725975036621,25.520000457763672,25.989999771118164,25.459999084472656,25.700000762939453,901600
2022-08-29,23.51285171508789,25.690000534057617,25.969999313354492,25.139999389648438,25.420000076293945,465300
2022-08-30,23.302343368530273,25.459999084472656,26.110000610351562,25.3799991607666,25.790000915527344,992000
2022-08-31,23.20166778564453,25.350000381469727,25.729999542236328,25.139999389648438,25.59000015258789,745300
2022-09-01,24.254207611083984,26.5,26.780000686645508,25.520000457763672,25.829999923706055,1562700
2022-09-02,23.549461364746094,25.729999542236328,26.93000030517578,25.719999313354492,26.6299991607666,919400
2022-09-05,24.48301887512207,26.75,26.780000686645508,25.780000686645508,25.809999465942383,1358200
2022-09-06,23.65929412841797,25.850000381469727,26.68000030517578,25.549999237060547,26.43000030517578,508500
2022-09-08,23.65929412841797,25.850000381469727,26.530000686645508,25.3799991607666,26.530000686645508,984300
2022-09-09,24.52878189086914,26.799999237060547,26.799999237060547,25.84000015258789,26.0,1171500
2022-09-12,24.49217414855957,26.760000228881836,27.209999084472656,26.56999969482422,26.979999542236328,1074500
2022-09-13,23.52200698852539,25.700000762939453,26.360000610351562,25.56999969482422,26.350000381469727,735700
2022-09-14,23.631834030151367,25.81999969482422,26.15999984741211,25.260000228881836,25.530000686645508,907200
2022-09-15,23.13759994506836,25.280000686645508,25.860000610351562,25.260000228881836,25.829999923706055,596400
2022-09-16,22.716581344604492,24.81999969482422,25.09000015258789,24.420000076293945,25.0,2082800
2022-09-19,23.94301986694336,26.15999984741211,26.280000686645508,24.559999465942383,24.700000762939453,1834300
2022-09-20,23.97047996520996,26.190000534057617,26.549999237060547,25.809999465942383,26.15999984741211,1002300
2022-09-21,24.272512435913086,26.520000457763672,26.899999618530273,25.950000762939453,26.09000015258789,831300
2022-09-22,25.18776512145996,27.520000457763672,27.729999542236328,26.209999084472656,26.780000686645508,1093000
2022-09-23,24.849123001098633,27.149999618530273,27.280000686645508,26.729999542236328,27.079999923706055,1370300
2022-09-26,23.92471694946289,26.139999389648438,27.040000915527344,25.959999084472656,26.950000762939453,624800
2022-09-27,23.961326599121094,26.18000030517578,26.540000915527344,25.979999542236328,26.399999618530273,505800
2022-09-28,24.098613739013672,26.329999923706055,26.59000015258789,25.600000381469727,25.610000610351562,632500
2022-09-29,23.796581268310547,26.0,26.239999771118164,25.5,26.020000457763672,868900
2022-09-30,24.794206619262695,27.09000015258789,27.299999237060547,25.6299991607666,25.899999618530273,1857200
2022-10-03,25.627086639404297,28.0,28.450000762939453,27.15999984741211,27.360000610351562,1595500
2022-10-04,25.32505226135254,27.670000076293945,28.68000030517578,27.6299991607666,28.200000762939453,1204700
2022-10-05,25.471494674682617,27.829999923706055,28.100000381469727,27.3799991607666,27.709999084472656,888900
2022-10-06,25.663698196411133,28.040000915527344,28.280000686645508,27.81999969482422,28.020000457763672,572000
2022-10-07,25.53556251525879,27.899999618530273,28.100000381469727,27.450000762939453,28.049999237060547,921900
2022-10-10,25.517255783081055,27.8799991607666,28.200000762939453,27.690000534057617,27.959999084472656,729300
2022-10-11,25.608779907226562,27.979999542236328,28.25,27.6299991607666,27.790000915527344,1103800
2022-10-13,24.711835861206055,27.0,27.270000457763672,25.350000381469727,26.219999313354492,3059000
2022-10-14,24.144376754760742,26.3799991607666,27.229999542236328,26.18000030517578,27.010000228881836,908800
2022-10-17,24.391494750976562,26.649999618530273,27.299999237060547,26.43000030517578,26.510000228881836,993000
2022-10-18,23.979631423950195,26.200000762939453,26.959999084472656,25.350000381469727,26.649999618530273,1982200
2022-10-19,23.75082015991211,25.950000762939453,26.110000610351562,25.280000686645508,26.110000610351562,1008400
2022-10-20,23.009462356567383,25.139999389648438,26.110000610351562,24.65999984741211,26.110000610351562,4181800
2022-10-21,23.668445587158203,25.860000610351562,26.170000076293945,24.770000457763672,25.059999465942383,1511700
2022-10-24,23.933866500854492,26.149999618530273,26.219999313354492,25.260000228881836,25.549999237060547,770000
2022-10-25,23.073532104492188,25.209999084472656,26.149999618530273,25.209999084472656,26.010000228881836,661700
2022-10-26,22.63421058654785,24.729999542236328,25.06999969482422,24.270000457763672,25.010000228881836,1513300
2022-10-27,23.43048095703125,25.600000381469727,25.899999618530273,24.450000762939453,24.729999542236328,1190200
2022-10-28,23.6135311126709,25.799999237060547,26.040000915527344,25.260000228881836,25.34000015258789,1094200
2022-10-31,24.537935256958008,26.809999465942383,26.8700008392334,24.940000534057617,25.3700008392334,1272100
2022-11-01,24.382341384887695,26.639999389648438,26.90999984741211,26.06999969482422,26.229999542236328,863800
2022-11-03,24.58370018005371,26.860000610351562,27.040000915527344,25.81999969482422,25.940000534057617,1077400
2022-11-04,24.55624008178711,26.829999923706055,27.559999465942383,26.729999542236328,27.299999237060547,1048900
2022-11-07,23.43048095703125,25.600000381469727,26.889999389648438,25.530000686645508,26.770000457763672,1285200
2022-11-08,23.256580352783203,25.40999984741211,25.600000381469727,24.979999542236328,25.479999542236328,1299100
2022-11-09,23.073532104492188,25.209999084472656,25.579999923706055,25.059999465942383,25.5,1350700
2022-11-10,20.96845054626465,22.90999984741211,24.979999542236328,22.610000610351562,24.959999084472656,1822900
2022-11-11,20.730480194091797,22.649999618530273,23.479999542236328,21.899999618530273,22.920000076293945,4968300
2022-11-14,21.490142822265625,23.479999542236328,23.639999389648438,22.489999771118164,23.200000762939453,1753900
2022-11-16,20.629806518554688,22.540000915527344,23.40999984741211,22.0,23.270000457763672,2155500
2022-11-17,20.163026809692383,22.030000686645508,22.209999084472656,21.010000228881836,22.209999084472656,3068200
2022-11-18,20.648109436035156,22.559999465942383,23.110000610351562,22.190000534057617,22.229999542236328,958500
2022-11-21,21.279634475708008,23.25,23.459999084472656,22.559999465942383,22.6200008392334,1863500
2022-11-22,20.59319305419922,22.5,23.5,22.260000228881836,23.280000686645508,859200
2022-11-23,19.998281478881836,21.850000381469727,22.420000076293945,21.649999618530273,22.420000076293945,978100
2022-11-24,21.224720001220703,23.190000534057617,23.309999465942383,21.920000076293945,22.0,818300
2022-11-25,20.58403968811035,22.489999771118164,23.219999313354492,21.729999542236328,23.219999313354492,1041600
2022-11-28,19.9891300201416,21.84000015258789,22.5,21.790000915527344,22.149999618530273,955400
2022-11-29,20.272855758666992,22.149999618530273,22.559999465942383,21.700000762939453,21.920000076293945,1171900
2022-11-30,20.190481185913086,22.059999465942383,22.229999542236328,21.459999084472656,22.1299991607666,868000
2022-12-01,19.85184097290039,21.690000534057617,22.059999465942383,21.450000762939453,21.979999542236328,638300
2022-12-02,20.547433853149414,22.450000762939453,22.809999465942383,21.690000534057617,21.799999237060547,1341300
2022-12-05,19.687095642089844,21.510000228881836,22.290000915527344,21.219999313354492,22.290000915527344,747900
2022-12-06,19.870145797729492,21.709999084472656,21.809999465942383,21.079999923706055,21.600000381469727,1194500
2022-12-07,20.382688522338867,22.270000457763672,22.360000610351562,21.600000381469727,21.600000381469727,1435600
2022-12-08,19.860994338989258,21.700000762939453,22.270000457763672,21.1200008392334,22.170000076293945,2396600
2022-12-09,19.33014678955078,21.1200008392334,21.709999084472656,20.969999313354492,21.700000762939453,1046400
2022-12-12,18.45150375366211,20.15999984741211,21.280000686645508,19.790000915527344,20.969999313354492,1154000
2022-12-13,17.874895095825195,19.530000686645508,20.59000015258789,19.360000610351562,20.209999084472656,777400
2022-12-14,17.765064239501953,19.40999984741211,19.709999084472656,19.0,19.40999984741211,1946000
2022-12-15,17.874895095825195,19.530000686645508,20.18000030517578,19.15999984741211,19.34000015258789,833700
2022-12-16,17.710147857666016,19.350000381469727,19.65999984741211,19.239999771118164,19.479999542236328,1904600
2022-12-19,18.305063247680664,20.0,20.190000534057617,19.329999923706055,19.450000762939453,1069800
2022-12-20,19.51319694519043,21.31999969482422,21.6299991607666,19.780000686645508,19.969999313354492,1760500
2022-12-21,19.1287899017334,20.899999618530273,21.540000915527344,20.770000457763672,21.3799991607666,955200
2022-12-22,19.1653995513916,20.940000534057617,21.170000076293945,20.530000686645508,20.93000030517578,701100
2022-12-23,19.604721069335938,21.420000076293945,21.829999923706055,20.940000534057617,21.030000686645508,958600
2022-12-26,19.42167091369629,21.219999313354492,21.719999313354492,21.219999313354492,21.3700008392334,573600
2022-12-27,19.064722061157227,20.829999923706055,21.469999313354492,20.6299991607666,21.290000915527344,744400
2022-12-28,19.824382781982422,21.65999984741211,21.93000030517578,20.8700008392334,20.920000076293945,863500
2022-12-29,20.529129028320312,22.43000030517578,22.75,21.709999084472656,21.770000457763672,1888800
2023-01-02,19.000656127929688,20.760000228881836,22.43000030517578,20.600000381469727,22.43000030517578,857800
2023-01-03,18.442350387573242,20.149999618530273,20.959999084472656,20.09000015258789,20.760000228881836,842500
2023-01-04,18.53387451171875,20.25,20.440000534057617,19.920000076293945,20.209999084472656,905800
2023-01-05,18.71692657470703,20.450000762939453,20.969999313354492,20.190000534057617,20.350000381469727,1587600
2023-01-06,19.266077041625977,21.049999237060547,21.15999984741211,20.219999313354492,20.450000762939453,811200
2023-01-09,19.293537139892578,21.079999923706055,21.440000534057617,20.329999923706055,20.350000381469727,696300
2023-01-10,20.41929817199707,22.309999465942383,22.540000915527344,20.75,21.0,1693000
2023-01-11,20.236248016357422,22.110000610351562,22.610000610351562,21.770000457763672,22.290000915527344,717700
2023-01-12,19.9433650970459,21.790000915527344,22.3700008392334,21.43000030517578,21.959999084472656,963600
2023-01-13,19.202011108398438,20.979999542236328,21.65999984741211,20.75,21.530000686645508,852500
2023-01-16,19.156248092651367,20.93000030517578,21.1200008392334,20.3700008392334,20.799999237060547,764800
2023-01-17,19.220314025878906,21.0,21.170000076293945,20.850000381469727,20.979999542236328,654200
2023-01-18,19.723705291748047,21.549999237060547,21.790000915527344,20.959999084472656,21.219999313354492,1518300
2023-01-19,19.833534240722656,21.670000076293945,21.690000534057617,21.170000076293945,21.219999313354492,911800
2023-01-20,20.071500778198242,21.93000030517578,22.219999313354492,21.190000534057617,21.65999984741211,1394100
2023-01-23,20.199634552001953,22.06999969482422,22.450000762939453,21.760000228881836,21.940000534057617,1004900
2023-01-24,20.95929718017578,22.899999618530273,23.40999984741211,22.06999969482422,22.09000015258789,2227800
2023-01-25,20.95929718017578,22.899999618530273,23.3700008392334,22.260000228881836,22.799999237060547,3255900
2023-01-26,21.362009048461914,23.34000015258789,23.510000228881836,22.809999465942383,22.950000762939453,1695600
2023-01-27,21.42607307434082,23.40999984741211,23.770000457763672,22.940000534057617,23.34000015258789,1103900
2023-01-30,21.691497802734375,23.700000762939453,23.889999389648438,23.450000762939453,23.450000762939453,1099700
2023-01-31,22.423702239990234,24.5,24.860000610351562,23.690000534057617,23.709999084472656,1946000
2023-02-01,22.29556655883789,24.360000610351562,24.760000228881836,24.079999923706055,24.700000762939453,1599100
2023-02-02,22.64336395263672,24.739999771118164,25.229999542236328,24.09000015258789,24.09000015258789,1654000
2023-02-03,21.75556755065918,23.770000457763672,24.829999923706055,23.760000228881836,24.6299991607666,1001400
2023-02-06,21.325397491455078,23.299999237060547,23.829999923706055,22.760000228881836,23.6200008392334,1197200
2023-02-07,20.91353416442871,22.850000381469727,23.479999542236328,22.850000381469727,23.350000381469727,641500
2023-02-08,21.05082130432129,23.0,23.229999542236328,22.760000228881836,23.020000457763672,827200
2023-02-09,20.291162490844727,22.170000076293945,23.059999465942383,22.079999923706055,22.93000030517578,1055600
2023-02-10,20.245399475097656,22.1200008392334,22.520000457763672,21.979999542236328,22.0,634500
2023-02-13,20.684720993041992,22.600000381469727,22.989999771118164,22.010000228881836,22.1200008392334,815800
2023-02-14,20.117263793945312,21.979999542236328,23.040000915527344,21.8700008392334,22.93000030517578,634400
2023-02-15,20.50166893005371,22.399999618530273,22.65999984741211,21.559999465942383,21.770000457763672,1150800
2023-02-16,20.474212646484375,22.3700008392334,22.68000030517578,21.959999084472656,22.200000762939453,1422600
2023-02-17,20.675569534301758,22.59000015258789,22.700000762939453,22.100000381469727,22.290000915527344,1657300
2023-02-22,20.14472007751465,22.010000228881836,22.610000610351562,21.799999237060547,22.479999542236328,370400
2023-02-23,20.135568618774414,22.0,22.260000228881836,21.65999984741211,21.90999984741211,705200
2023-02-24,19.91590690612793,21.760000228881836,22.149999618530273,21.469999313354492,22.0,807600
2023-02-27,20.03489112854004,21.889999389648438,22.059999465942383,21.56999969482422,21.760000228881836,942700
2023-02-28,19.833534240722656,21.670000076293945,22.229999542236328,21.540000915527344,21.799999237060547,1152100
2023-03-01,19.1653995513916,20.940000534057617,21.940000534057617,20.149999618530273,21.940000534057617,1770000
2023-03-02,18.808452606201172,20.549999237060547,21.219999313354492,20.399999618530273,20.93000030517578,638900
2023-03-03,18.57963752746582,20.299999237060547,20.809999465942383,20.110000610351562,20.540000915527344,1514000
2023-03-06,19.229467391967773,21.010000228881836,21.420000076293945,20.239999771118164,20.360000610351562,1363000
2023-03-07,19.53150177001953,21.34000015258789,21.68000030517578,20.760000228881836,20.8700008392334,1105800
2023-03-08,20.483366012573242,22.3799991607666,22.489999771118164,21.280000686645508,21.280000686645508,1074400
2023-03-09,20.62065315246582,22.530000686645508,23.040000915527344,22.190000534057617,22.190000534057617,1003200
2023-03-10,20.227094650268555,22.100000381469727,22.399999618530273,21.440000534057617,22.360000610351562,1496500
2023-03-13,20.236248016357422,22.110000610351562,22.579999923706055,21.729999542236328,21.950000762939453,994600
2023-03-14,19.769468307495117,21.600000381469727,22.850000381469727,21.5,22.059999465942383,1174100
2023-03-15,20.382688522338867,22.270000457763672,22.350000381469727,21.0,21.360000610351562,1415900
2023-03-16,20.3552303314209,22.239999771118164,22.6299991607666,21.93000030517578,22.200000762939453,1259200
2023-03-17,20.59319305419922,22.5,23.65999984741211,22.149999618530273,22.649999618530273,5019200
2023-03-20,20.318618774414062,22.200000762939453,22.81999969482422,21.90999984741211,22.5,2571800
2023-03-21,20.071500778198242,21.93000030517578,22.299999237060547,21.520000457763672,21.65999984741211,11448300
2023-03-22,20.044042587280273,21.899999618530273,22.5,21.40999984741211,21.989999771118164,2088600
2023-03-23,19.28438377380371,21.06999969482422,22.100000381469727,20.6200008392334,21.90999984741211,2190800
2023-03-24,20.108110427856445,21.969999313354492,22.170000076293945,21.020000457763672,21.139999389648438,1416200
2023-03-27,20.364381790161133,22.25,22.469999313354492,21.81999969482422,22.049999237060547,1029300
2023-03-28,20.858617782592773,22.790000915527344,23.110000610351562,21.729999542236328,22.25,1803200
2023-03-29,20.446752548217773,22.34000015258789,22.780000686645508,21.940000534057617,22.670000076293945,1543800
2023-03-30,21.2064151763916,23.170000076293945,23.739999771118164,22.65999984741211,22.8700008392334,1389900
2023-03-31,20.227094650268555,22.100000381469727,23.170000076293945,22.049999237060547,23.049999237060547,2009300
2023-04-03,19.66878890991211,21.489999771118164,22.030000686645508,20.959999084472656,22.030000686645508,2019100
2023-04-04,19.88844871520996,21.729999542236328,22.09000015258789,21.540000915527344,21.649999618530273,1077500
2023-04-05,19.17455291748047,20.950000762939453,21.739999771118164,20.139999389648438,21.6200008392334,4218800
2023-04-06,19.632179260253906,21.450000762939453,22.06999969482422,20.6299991607666,20.670000076293945,2498900
2023-04-10,19.46743392944336,21.270000457763672,21.600000381469727,20.989999771118164,21.600000381469727,1236600
2023-04-11,20.227094650268555,22.100000381469727,22.899999618530273,21.489999771118164,21.530000686645508,2926500
2023-04-12,20.602346420288086,22.510000228881836,23.100000381469727,22.260000228881836,22.31999969482422,3647700
2023-04-13,20.922687530517578,22.860000610351562,23.360000610351562,22.040000915527344,22.520000457763672,2770400
2023-04-14,20.3552303314209,22.239999771118164,22.799999237060547,22.170000076293945,22.780000686645508,1825700
2023-04-17,20.318618774414062,22.200000762939453,22.549999237060547,22.020000457763672,22.219999313354492,851300
2023-04-18,19.311840057373047,21.100000381469727,22.479999542236328,20.979999542236328,22.31999969482422,2662000
2023-04-19,18.305063247680664,20.0,21.079999923706055,19.829999923706055,21.079999923706055,3200200
2023-04-20,19.01896095275879,20.780000686645508,20.780000686645508,19.809999465942383,20.010000228881836,1812500
2023-04-24,18.982349395751953,20.739999771118164,20.940000534057617,20.56999969482422,20.770000457763672,1200800
2023-04-25,18.53387451171875,20.25,20.84000015258789,20.09000015258789,20.729999542236328,1369200
2023-04-26,18.414894104003906,20.1200008392334,20.43000030517578,19.93000030517578,20.260000228881836,1287700
2023-04-27,18.854215621948242,20.600000381469727,20.719999313354492,19.520000457763672,20.09000015258789,3307200
2023-04-28,19.855064392089844,21.309999465942383,21.309999465942383,20.170000076293945,20.239999771118164,2330900
2023-05-02,19.044466018676758,20.440000534057617,21.440000534057617,20.290000915527344,21.440000534057617,2796100
2023-05-03,19.053783416748047,20.450000762939453,20.709999084472656,20.059999465942383,20.459999084472656,1254700
2023-05-04,19.18422508239746,20.59000015258789,21.25,20.479999542236328,20.65999984741211,3246300
2023-05-05,20.153217315673828,21.6299991607666,21.760000228881836,20.610000610351562,20.670000076293945,2088600
2023-05-08,19.901653289794922,21.360000610351562,21.93000030517578,21.209999084472656,21.700000762939453,1868600
2023-05-09,19.985506057739258,21.450000762939453,21.889999389648438,21.1200008392334,21.31999969482422,1455700
2023-05-10,20.581811904907227,22.09000015258789,22.34000015258789,21.43000030517578,21.5,1715400
2023-05-11,21.075626373291016,22.6200008392334,22.65999984741211,21.690000534057617,21.920000076293945,1680600
2023-05-12,21.476266860961914,23.049999237060547,23.100000381469727,22.350000381469727,22.6200008392334,10742600
2023-05-15,22.063255310058594,23.68000030517578,24.149999618530273,22.989999771118164,23.0,3101700
2023-05-16,21.541488647460938,23.1200008392334,23.979999542236328,22.950000762939453,23.700000762939453,1515600
2023-05-17,22.482532501220703,24.1299991607666,24.399999618530273,23.170000076293945,23.290000915527344,2196200
2023-05-18,23.330402374267578,25.040000915527344,25.5,24.09000015258789,24.1200008392334,2814600
2023-05-19,23.050884246826172,24.739999771118164,25.450000762939453,24.729999542236328,25.100000381469727,2934300
2023-05-22,23.088151931762695,24.780000686645508,25.18000030517578,24.56999969482422,24.760000228881836,1500200
2023-05-23,22.73409652709961,24.399999618530273,25.100000381469727,24.389999389648438,24.799999237060547,983100
2023-05-24,22.128475189208984,23.75,24.59000015258789,23.639999389648438,24.399999618530273,1620400
2023-05-25,22.99498176574707,24.68000030517578,24.90999984741211,24.0,24.0,1578900
2023-05-26,23.68445587158203,25.420000076293945,25.6299991607666,24.790000915527344,24.850000381469727,2505700
2023-05-29,23.404939651489258,25.1200008392334,25.56999969482422,24.940000534057617,25.520000457763672,766300
2023-05-30,23.2279109954834,24.93000030517578,25.600000381469727,24.799999237060547,25.219999313354492,1172700
2023-05-31,23.740360260009766,25.479999542236328,25.520000457763672,24.6299991607666,24.8700008392334,1495400
2023-06-01,24.49505615234375,26.290000915527344,26.790000915527344,25.510000228881836,25.75,3354000
2023-06-02,24.727991104125977,26.540000915527344,27.34000015258789,26.479999542236328,26.979999542236328,3039700
2023-06-05,24.65345001220703,26.459999084472656,26.639999389648438,25.760000228881836,26.540000915527344,2398800
2023-06-06,25.305660247802734,27.15999984741211,27.389999389648438,26.290000915527344,26.290000915527344,2407600
2023-06-07,25.976499557495117,27.8799991607666,27.899999618530273,27.100000381469727,27.489999771118164,2525900
2023-06-09,26.274654388427734,28.200000762939453,28.420000076293945,27.850000381469727,28.139999389648438,1875800
2023-06-12,26.507583618164062,28.450000762939453,28.81999969482422,27.809999465942383,27.809999465942383,2753500
2023-06-13,25.445417404174805,27.309999465942383,28.719999313354492,27.139999389648438,28.65999984741211,2202300
2023-06-14,25.96718406677246,27.8700008392334,28.1200008392334,27.219999313354492,27.350000381469727,1716500
2023-06-15,25.901962280273438,27.799999237060547,28.06999969482422,27.56999969482422,27.81999969482422,1146500
2023-06-16,25.976499557495117,27.8799991607666,27.989999771118164,27.299999237060547,27.6299991607666,8128600
2023-06-19,25.995134353637695,27.899999618530273,28.079999923706055,27.75,27.860000610351562,481900
2023-06-20,26.03240394592285,27.940000534057617,28.1200008392334,27.59000015258789,27.799999237060547,2228600
2023-06-21,26.30260467529297,28.229999542236328,28.299999237060547,27.549999237060547,27.719999313354492,2338500
2023-06-22,25.995134353637695,27.899999618530273,28.270000457763672,27.329999923706055,28.030000686645508,1144800
2023-06-23,26.190799713134766,28.110000610351562,28.3700008392334,27.600000381469727,27.850000381469727,888400
2023-06-26,25.706300735473633,27.59000015258789,28.110000610351562,27.170000076293945,28.110000610351562,1133700
2023-06-27,25.613128662109375,27.489999771118164,28.3799991607666,26.950000762939453,27.799999237060547,1667800
2023-06-28,25.510637283325195,27.3799991607666,28.030000686645508,27.299999237060547,28.030000686645508,908800
2023-06-29,26.181480407714844,28.100000381469727,28.200000762939453,27.40999984741211,27.610000610351562,728000
2023-06-30,26.53553581237793,28.479999542236328,28.829999923706055,28.15999984741211,28.15999984741211,2159100
2023-07-03,27.066617965698242,29.049999237060547,29.420000076293945,28.3799991607666,28.510000228881836,2046600
2023-07-04,27.122522354125977,29.110000610351562,29.200000762939453,28.59000015258789,29.010000228881836,765800
2023-07-05,27.765411376953125,29.799999237060547,30.260000228881836,28.8799991607666,28.979999542236328,2156400
2023-07-06,27.26228141784668,29.260000228881836,29.959999084472656,29.18000030517578,29.700000762939453,1769800
2023-07-07,27.402040481567383,29.40999984741211,29.920000076293945,29.190000534057617,29.559999465942383,1147500
2023-07-10,26.52621841430664,28.469999313354492,29.260000228881836,28.399999618530273,29.200000762939453,1751000
2023-07-11,26.078990936279297,27.989999771118164,28.3700008392334,27.479999542236328,28.219999313354492,1575300
2023-07-12,26.28396987915039,28.209999084472656,28.760000228881836,28.1299991607666,28.190000534057617,1700900
2023-07-13,26.554170608520508,28.5,28.940000534057617,28.209999084472656,28.209999084472656,1891900
2023-07-14,25.948549270629883,27.850000381469727,28.6299991607666,27.739999771118164,28.489999771118164,1589400
2023-07-17,26.34918975830078,28.280000686645508,28.43000030517578,27.360000610351562,27.440000534057617,893900
2023-07-18,26.6193904876709,28.56999969482422,28.649999618530273,28.049999237060547,28.450000762939453,1227900
2023-07-19,26.86164093017578,28.829999923706055,29.0,28.209999084472656,28.700000762939453,1531500
2023-07-20,26.67529296875,28.6299991607666,29.059999465942383,28.3700008392334,29.059999465942383,1317400
2023-07-21,27.178428649902344,29.170000076293945,29.3799991607666,28.600000381469727,28.81999969482422,1292300
2023-07-24,27.234329223632812,29.229999542236328,29.329999923706055,28.579999923706055,29.18000030517578,848500
2023-07-25,27.36477279663086,29.3700008392334,29.959999084472656,29.219999313354492,29.229999542236328,1827700
2023-07-26,26.824371337890625,28.790000915527344,29.389999389648438,28.459999084472656,29.190000534057617,3357300
2023-07-27,26.964130401611328,28.940000534057617,29.389999389648438,28.68000030517578,28.790000915527344,2961200
2023-07-28,27.02003288269043,29.0,29.350000381469727,28.639999389648438,29.299999237060547,2728500
2023-07-31,27.392723083496094,29.399999618530273,29.559999465942383,29.049999237060547,29.049999237060547,2259800
2023-08-01,27.737462997436523,29.770000457763672,29.780000686645508,29.09000015258789,29.280000686645508,1809600
2023-08-02,27.812000274658203,29.850000381469727,30.65999984741211,29.709999084472656,29.780000686645508,3526300
2023-08-03,27.765411376953125,29.799999237060547,30.639999389648438,29.510000228881836,30.229999542236328,3990800
2023-08-04,27.979711532592773,30.030000686645508,30.3700008392334,29.68000030517578,29.68000030517578,1392700
2023-08-07,27.895854949951172,29.940000534057617,30.100000381469727,29.440000534057617,29.899999618530273,1814600
2023-08-08,28.510793685913086,30.600000381469727,31.829999923706055,29.1299991607666,29.899999618530273,7014400
2023-08-09,28.87416648864746,30.989999771118164,31.139999389648438,29.299999237060547,30.5,12543700
2023-08-10,28.715774536132812,30.81999969482422,31.280000686645508,30.56999969482422,31.280000686645508,991600
2023-08-11,28.426939010620117,30.510000228881836,31.15999984741211,30.3799991607666,30.760000228881836,1421700
2023-08-14,27.839950561523438,29.8799991607666,30.510000228881836,29.65999984741211,30.510000228881836,2685000
2023-08-15,27.942441940307617,29.989999771118164,30.25,29.5,30.1200008392334,1650800
2023-08-16,27.6722412109375,29.700000762939453,30.600000381469727,29.520000457763672,30.469999313354492,2222300
2023-08-17,26.973447799682617,28.950000762939453,29.75,28.639999389648438,29.75,4624700
2023-08-18,27.36477279663086,29.3700008392334,29.520000457763672,28.389999389648438,28.84000015258789,2160800
2023-08-21,27.429994583129883,29.440000534057617,29.610000610351562,29.1299991607666,29.280000686645508,1310900
2023-08-22,27.97039222717285,30.020000457763672,30.100000381469727,29.440000534057617,29.520000457763672,1116300
2023-08-23,28.371034622192383,30.450000762939453,30.489999771118164,29.75,29.989999771118164,1092000
2023-08-24,28.38966941833496,30.469999313354492,30.59000015258789,29.93000030517578,30.450000762939453,1618800
2023-08-25,27.616336822509766,29.639999389648438,30.540000915527344,29.290000915527344,30.3799991607666,2664800
2023-08-28,27.457942962646484,29.469999313354492,29.729999542236328,29.040000915527344,29.729999542236328,1213800
2023-08-29,27.523164749145508,29.540000915527344,29.739999771118164,29.049999237060547,29.479999542236328,2640300
2023-08-30,26.78710174560547,28.75,29.690000534057617,28.639999389648438,29.690000534057617,3417800
2023-08-31,25.32429313659668,27.18000030517578,28.969999313354492,26.850000381469727,28.729999542236328,5933000
2023-09-01,26.395776748657227,28.329999923706055,28.329999923706055,27.239999771118164,27.239999771118164,3192800
2023-09-04,26.693927764892578,28.649999618530273,28.649999618530273,28.020000457763672,28.190000534057617,1200100
2023-09-05,25.864694595336914,27.760000228881836,28.5,27.40999984741211,28.3799991607666,3306700
2023-09-06,25.18453598022461,27.030000686645508,28.1200008392334,26.8700008392334,27.639999389648438,1771200
2023-09-08,25.566543579101562,27.440000534057617,27.670000076293945,26.799999237060547,26.969999313354492,1372500
2023-09-11,25.659713745117188,27.540000915527344,27.969999313354492,27.010000228881836,27.549999237060547,982300
2023-09-12,25.77151870727539,27.65999984741211,27.899999618530273,27.450000762939453,27.540000915527344,2112100
2023-09-13,25.74357032775879,27.6299991607666,28.31999969482422,27.479999542236328,27.809999465942383,2212000
2023-09-14,26.088308334350586,28.0,28.0,27.239999771118164,27.75,2102800
2023-09-15,25.715618133544922,27.600000381469727,28.09000015258789,27.489999771118164,27.920000076293945,1699000
2023-09-18,25.39883041381836,27.260000228881836,27.8799991607666,27.059999465942383,27.610000610351562,2852800
2023-09-19,25.119314193725586,26.959999084472656,27.329999923706055,26.690000534057617,27.15999984741211,1444400
2023-09-20,25.538589477539062,27.40999984741211,27.950000762939453,26.829999923706055,27.1299991607666,3097200
2023-09-21,25.044775009155273,26.8799991607666,27.139999389648438,26.389999389648438,27.020000457763672,2637800
2023-09-22,24.905017852783203,26.729999542236328,27.09000015258789,26.540000915527344,27.09000015258789,1423200
2023-09-25,24.97023582458496,26.799999237060547,26.84000015258789,26.399999618530273,26.540000915527344,840800
2023-09-26,24.18758773803711,25.959999084472656,26.639999389648438,25.690000534057617,26.600000381469727,3730500
2023-09-27,24.159637451171875,25.93000030517578,26.3799991607666,25.350000381469727,25.969999313354492,2250200
2023-09-28,24.66276741027832,26.469999313354492,26.780000686645508,25.59000015258789,25.93000030517578,1984600
2023-09-29,25.026142120361328,26.860000610351562,27.540000915527344,26.700000762939453,26.920000076293945,2004200
2023-10-02,24.783891677856445,26.600000381469727,26.860000610351562,26.34000015258789,26.860000610351562,1966900
2023-10-03,24.243492126464844,26.020000457763672,27.030000686645508,25.829999923706055,26.479999542236328,4352800
2023-10-04,25.445417404174805,27.309999465942383,27.6200008392334,26.579999923706055,26.739999771118164,3732800
2023-10-05,25.1938533782959,27.040000915527344,27.65999984741211,26.719999313354492,27.350000381469727,1738500
2023-10-06,25.32429313659668,27.18000030517578,27.360000610351562,26.309999465942383,26.540000915527344,2536200
2023-10-09,25.72493553161621,27.610000610351562,27.940000534057617,26.729999542236328,26.81999969482422,2864000
2023-10-10,26.21875,28.139999389648438,28.979999542236328,28.0,28.0,3568700
2023-10-11,25.827425003051758,27.719999313354492,28.329999923706055,27.719999313354492,28.139999389648438,1304900
2023-10-13,25.203166961669922,27.049999237060547,27.649999618530273,26.8700008392334,27.579999923706055,1324400
2023-10-16,25.277706146240234,27.1299991607666,27.3700008392334,26.709999084472656,27.31999969482422,1412100
2023-10-17,24.77457618713379,26.59000015258789,27.0,26.34000015258789,27.0,1472500
2023-10-18,24.047828674316406,25.809999465942383,26.479999542236328,25.579999923706055,26.459999084472656,2773300
2023-10-19,24.010560989379883,25.770000457763672,26.43000030517578,25.520000457763672,25.530000686645508,1715300
2023-10-20,24.131685256958008,25.899999618530273,26.149999618530273,25.559999465942383,25.600000381469727,1399500
2023-10-23,24.905017852783203,26.729999542236328,26.8700008392334,25.420000076293945,25.75,2778500
2023-10-24,25.1938533782959,27.040000915527344,27.040000915527344,26.389999389648438,26.700000762939453,1559200
2023-10-25,24.075780868530273,25.84000015258789,27.139999389648438,25.770000457763672,26.989999771118164,3363700
2023-10-26,24.383249282836914,26.170000076293945,26.399999618530273,25.6299991607666,25.770000457763672,3630100
2023-10-27,23.572649002075195,25.299999237060547,26.260000228881836,25.200000762939453,26.15999984741211,1665900
2023-10-30,22.920442581176758,24.600000381469727,25.65999984741211,24.43000030517578,25.5,2701600
2023-10-31,23.758995056152344,25.5,25.5,24.1299991607666,24.56999969482422,3433100
2023-11-01,23.87080192565918,25.6200008392334,25.850000381469727,25.309999465942383,25.739999771118164,2122300
2023-11-03,24.905017852783203,26.729999542236328,26.850000381469727,25.969999313354492,25.969999313354492,1626600
2023-11-06,24.131685256958008,25.899999618530273,26.719999313354492,25.770000457763672,26.649999618530273,1456300
2023-11-07,25.55722427368164,27.43000030517578,27.770000457763672,25.709999084472656,25.760000228881836,3925400
2023-11-08,25.39883041381836,27.260000228881836,27.559999465942383,26.950000762939453,27.309999465942383,1629900
2023-11-09,25.01682472229004,26.850000381469727,27.530000686645508,25.81999969482422,27.25,3450800
2023-11-10,26.45168113708496,28.389999389648438,28.459999084472656,26.8700008392334,26.989999771118164,3260600
2023-11-13,26.060354232788086,27.969999313354492,28.399999618530273,27.780000686645508,28.389999389648438,1516800
2023-11-14,26.61007308959961,28.559999465942383,29.209999084472656,27.899999618530273,27.969999313354492,1978500
2023-11-16,26.824371337890625,28.790000915527344,29.059999465942383,28.559999465942383,28.559999465942383,1829300
2023-11-17,26.013771057128906,27.920000076293945,29.149999618530273,27.799999237060547,28.75,2457000
2023-11-20,26.45168113708496,28.389999389648438,28.559999465942383,27.3799991607666,28.18000030517578,1651200
2023-11-21,25.473369598388672,27.34000015258789,28.209999084472656,27.200000762939453,28.149999618530273,1461000
2023-11-22,25.669031143188477,27.549999237060547,28.09000015258789,27.270000457763672,27.5,1617300
2023-11-23,26.088308334350586,28.0,28.149999618530273,27.329999923706055,27.459999084472656,1570200
2023-11-24,25.613128662109375,27.489999771118164,27.90999984741211,27.219999313354492,27.799999237060547,1406600
2023-11-27,26.144210815429688,28.059999465942383,28.059999465942383,27.25,27.450000762939453,1520600
2023-11-28,26.870956420898438,28.84000015258789,29.15999984741211,27.979999542236328,28.0,1912800
2023-11-29,27.02003288269043,29.0,29.459999084472656,28.709999084472656,28.8700008392334,2305000
2023-11-30,27.700191497802734,29.729999542236328,30.049999237060547,28.90999984741211,29.0,4175100
2023-12-01,27.97039222717285,30.020000457763672,30.059999465942383,29.1200008392334,29.90999984741211,1883500
2023-12-04,27.411357879638672,29.420000076293945,30.030000686645508,29.190000534057617,30.010000228881836,813600
2023-12-05,27.942441940307617,29.989999771118164,29.989999771118164,29.239999771118164,29.579999923706055,1433000
2023-12-06,28.119468688964844,30.18000030517578,30.610000610351562,29.65999984741211,29.989999771118164,1998800
2023-12-07,28.24059295654297,30.309999465942383,30.65999984741211,29.829999923706055,30.18000030517578,2551000
2023-12-08,29.069828033447266,31.200000762939453,31.520000457763672,30.139999389648438,30.389999389648438,3661000
2023-12-11,29.545007705688477,31.709999084472656,32.09000015258789,31.0,31.200000762939453,2011500
2023-12-12,29.097780227661133,31.229999542236328,31.969999313354492,31.15999984741211,31.709999084472656,2536900
2023-12-13,30.616493225097656,32.86000061035156,33.11000061035156,31.239999771118164,31.360000610351562,2767400
2023-12-14,31.34324073791504,33.63999938964844,34.290000915527344,33.15999984741211,33.22999954223633,3561900
2023-12-15,31.203481674194336,33.4900016784668,33.869998931884766,32.939998626708984,33.63999938964844,3041600
2023-12-18,31.119625091552734,33.400001525878906,33.599998474121094,32.849998474121094,33.4900016784668,4219300
2023-12-19,31.305967330932617,33.599998474121094,33.97999954223633,33.400001525878906,33.400001525878906,1076700
2023-12-20,31.100988388061523,33.380001068115234,33.83000183105469,32.97999954223633,33.720001220703125,1539800
2023-12-21,31.352556228637695,33.650001525878906,33.75,33.25,33.459999084472656,1884000
2023-12-22,31.5482177734375,33.86000061035156,34.209999084472656,33.290000915527344,33.540000915527344,2629800
2023-12-26,31.58548927307129,33.900001525878906,34.099998474121094,33.43000030517578,33.86000061035156,936100
2023-12-27,31.762516021728516,34.09000015258789,34.439998626708984,33.45000076293945,33.79999923706055,1653400
2023-12-28,31.911590576171875,34.25,34.7599983215332,34.029998779296875,34.15999984741211,3350400
2024-01-02,31.697294235229492,34.02000045776367,34.83000183105469,33.7599983215332,34.61000061035156,3947400
2024-01-03,32.20974349975586,34.56999969482422,34.779998779296875,33.810001373291016,33.810001373291016,2151500
2024-01-04,31.324602127075195,33.619998931884766,34.72999954223633,33.439998626708984,34.4900016784668,4087100
2024-01-05,31.38982391357422,33.689998626708984,34.20000076293945,33.2400016784668,33.41999816894531,1735400
2024-01-08,32.32155227661133,34.689998626708984,34.689998626708984,33.400001525878906,33.66999816894531,2326500
2024-01-09,32.83399963378906,35.2400016784668,35.459999084472656,34.099998474121094,34.56999969482422,2083500
2024-01-10,32.852630615234375,35.2599983215332,35.56999969482422,34.81999969482422,35.38999938964844,1730800
2024-01-11,32.815364837646484,35.220001220703125,35.47999954223633,34.95000076293945,35.400001525878906,1719800
2024-01-12,32.89921951293945,35.310001373291016,35.7599983215332,34.61000061035156,35.29999923706055,1762300
2024-01-15,32.880584716796875,35.290000915527344,35.58000183105469,34.939998626708984,35.20000076293945,1196500
2024-01-16,33.17873764038086,35.61000061035156,35.61000061035156,34.709999084472656,35.04999923706055,4039900
2024-01-17,32.95512008666992,35.369998931884766,35.779998779296875,35.0,35.29999923706055,3047000
2024-01-18,32.45199203491211,34.83000183105469,35.599998474121094,34.720001220703125,35.439998626708984,1682100
2024-01-19,32.92716979980469,35.34000015258789,35.689998626708984,34.599998474121094,34.869998931884766,2095700
2024-01-22,32.852630615234375,35.2599983215332,35.7400016784668,34.900001525878906,35.7400016784668,3014300
2024-01-23,32.56380081176758,34.95000076293945,35.45000076293945,34.650001525878906,35.33000183105469,3193600
2024-01-24,32.302913665771484,34.66999816894531,35.209999084472656,34.02000045776367,35.0099983215332,3794200
2024-01-25,32.396087646484375,34.77000045776367,35.2400016784668,34.47999954223633,34.66999816894531,1316200
2024-01-26,32.56380081176758,34.95000076293945,35.16999816894531,34.470001220703125,34.65999984741211,948200
2024-01-29,32.28428268432617,34.650001525878906,35.189998626708984,34.470001220703125,34.939998626708984,1346000
2024-01-30,31.073034286499023,33.349998474121094,34.75,32.7400016784668,34.63999938964844,3928700
2024-01-31,31.4923152923584,33.79999923706055,34.08000183105469,33.119998931884766,33.20000076293945,3316500
2024-02-01,31.753196716308594,34.08000183105469,34.27000045776367,33.630001068115234,33.79999923706055,2197300
2024-02-02,30.83078956604004,33.09000015258789,34.27000045776367,32.869998931884766,34.08000183105469,2904400
2024-02-05,30.327659606933594,32.54999923706055,33.43000030517578,32.41999816894531,33.130001068115234,1796100
2024-02-06,30.197216033935547,32.40999984741211,33.41999816894531,32.29999923706055,32.619998931884766,1317600
2024-02-07,30.18790054321289,32.400001525878906,32.70000076293945,31.799999237060547,32.31999969482422,5155500
2024-02-08,29.628864288330078,31.799999237060547,32.439998626708984,31.3799991607666,32.220001220703125,1611900
2024-02-09,29.69408416748047,31.8700008392334,32.439998626708984,31.65999984741211,31.65999984741211,1170400
2024-02-14,29.29344367980957,31.440000534057617,31.920000076293945,31.25,31.8700008392334,1069200
2024-02-15,29.712718963623047,31.889999389648438,32.09000015258789,31.459999084472656,31.459999084472656,1841700
2024-02-16,29.86179542541504,32.04999923706055,32.209999084472656,31.670000076293945,32.209999084472656,1226800
2024-02-19,30.44878387451172,32.68000030517578,32.7400016784668,31.770000457763672,32.11000061035156,1519300
2024-02-20,30.9798641204834,33.25,33.470001220703125,32.38999938964844,32.630001068115234,2413700
2024-02-21,30.439462661743164,32.66999816894531,33.189998626708984,31.959999084472656,33.15999984741211,2123700
2024-02-22,30.9798641204834,33.25,33.36000061035156,32.41999816894531,32.65999984741211,1698000
2024-02-23,30.76557159423828,33.02000045776367,33.290000915527344,32.5,33.279998779296875,1066100
2024-02-26,31.222116470336914,33.5099983215332,33.75,32.790000915527344,32.849998474121094,1543200
2024-02-27,30.85873794555664,33.119998931884766,33.939998626708984,32.869998931884766,33.63999938964844,1938000
2024-02-28,30.281070709228516,32.5,33.13999938964844,32.11000061035156,32.849998474121094,2946400
2024-02-29,30.467416763305664,32.70000076293945,32.75,32.15999984741211,32.5,2057600
2024-03-01,30.104045867919922,32.310001373291016,32.72999954223633,31.969999313354492,32.349998474121094,1691700
2024-03-04,29.461153030395508,31.6200008392334,32.43000030517578,31.15999984741211,32.220001220703125,2374600
2024-03-05,29.628864288330078,31.799999237060547,32.0,31.420000076293945,31.6200008392334,1120900
2024-03-06,30.5233211517334,32.7599983215332,33.0099983215332,31.799999237060547,31.799999237060547,1813100
2024-03-07,30.26243782043457,32.47999954223633,32.83000183105469,32.20000076293945,32.7599983215332,807600
2024-03-08,30.281070709228516,32.5,33.0,32.02000045776367,32.08000183105469,888800
2024-03-11,29.340028762817383,31.489999771118164,32.66999816894531,31.450000762939453,32.380001068115234,1310100
2024-03-12,29.628864288330078,31.799999237060547,32.040000915527344,31.100000381469727,31.6299991607666,1445800
2024-03-13,29.638179779052734,31.809999465942383,32.310001373291016,31.5,31.799999237060547,1883600
2024-03-14,29.37729835510254,31.530000686645508,31.8799991607666,31.270000457763672,31.6299991607666,919700
2024-03-15,28.62259864807129,30.719999313354492,31.610000610351562,30.719999313354492,31.5,1320100
2024-03-18,24.60686683654785,26.40999984741211,29.200000762939453,25.979999542236328,28.600000381469727,32070600
2024-03-19,23.591283798217773,25.31999969482422,26.600000381469727,23.90999984741211,26.520000457763672,20544800
2024-03-20,24.932968139648438,26.760000228881836,26.760000228881836,25.1200008392334,25.350000381469727,11825900
2024-03-21,22.96702766418457,24.649999618530273,25.360000610351562,23.540000915527344,25.200000762939453,38590800
2024-03-22,23.3676700592041,25.079999923706055,25.3799991607666,24.530000686645508,24.68000030517578,13721300
2024-03-25,23.814897537231445,25.559999465942383,26.549999237060547,25.5,26.510000228881836,11386700
2024-03-26,22.99498176574707,24.68000030517578,26.1200008392334,24.549999237060547,25.770000457763672,7721100
2024-03-27,23.842849731445312,25.59000015258789,25.719999313354492,24.030000686645508,24.799999237060547,7293200
2024-03-28,23.665821075439453,25.399999618530273,25.959999084472656,25.040000915527344,25.649999618530273,3785800
2024-04-01,23.293132781982422,25.0,25.950000762939453,24.84000015258789,25.90999984741211,3905200
2024-04-02,23.190643310546875,24.889999389648438,25.139999389648438,24.530000686645508,25.049999237060547,2236800
2024-04-03,22.585020065307617,24.239999771118164,24.93000030517578,23.90999984741211,24.93000030517578,4001900
2024-04-04,22.817951202392578,24.489999771118164,25.010000228881836,24.219999313354492,24.25,4338900
2024-04-05,22.845903396606445,24.520000457763672,24.68000030517578,24.200000762939453,24.5,3101600
2024-04-08,22.88317108154297,24.559999465942383,24.559999465942383,23.799999237060547,24.510000228881836,4709800
2024-04-09,22.920442581176758,24.600000381469727,24.889999389648438,24.219999313354492,24.600000381469727,3437600
2024-04-10,22.426626205444336,24.06999969482422,24.59000015258789,23.75,24.59000015258789,4144900
2024-04-11,21.793054580688477,23.389999389648438,23.959999084472656,23.149999618530273,23.899999618530273,13153500
2024-04-12,21.224702835083008,22.780000686645508,23.5,22.420000076293945,23.40999984741211,9880400
2024-04-15,20.432735443115234,21.93000030517578,22.75,21.6200008392334,22.719999313354492,7782900
2024-04-16,20.917234420776367,22.450000762939453,22.65999984741211,21.489999771118164,21.829999923706055,6006200
2024-04-17,20.879962921142578,22.40999984741211,22.989999771118164,22.18000030517578,22.559999465942383,3056800
2024-04-18,20.46068572998047,21.959999084472656,22.40999984741211,21.6200008392334,22.31999969482422,3099100
2024-04-19,20.647031784057617,22.15999984741211,22.530000686645508,21.950000762939453,21.979999542236328,1573700
2024-04-22,20.926549911499023,22.459999084472656,22.75,22.040000915527344,22.18000030517578,1542300
2024-04-23,20.917234420776367,22.450000762939453,22.6200008392334,22.260000228881836,22.40999984741211,2131300
2024-04-24,21.150163650512695,22.700000762939453,22.81999969482422,22.31999969482422,22.56999969482422,1262700
2024-04-25,20.861328125,22.389999389648438,22.68000030517578,22.15999984741211,22.530000686645508,2493800
2024-04-26,21.43899917602539,23.010000228881836,23.1200008392334,22.40999984741211,22.40999984741211,2887400
2024-04-29,21.41104507446289,22.979999542236328,23.280000686645508,22.90999984741211,23.170000076293945,1645400
2024-04-30,20.9875545501709,22.15999984741211,22.81999969482422,22.049999237060547,22.81999969482422,3423800
2024-05-02,21.394804000854492,22.59000015258789,22.81999969482422,22.06999969482422,22.280000686645508,5089400
2024-05-03,21.659990310668945,22.8700008392334,23.219999313354492,22.700000762939453,22.889999389648438,9146700
2024-05-06,21.849407196044922,23.06999969482422,23.25,22.690000534057617,22.690000534057617,4107000
2024-05-07,22.701791763305664,23.969999313354492,24.469999313354492,23.5,23.799999237060547,10947600
2024-05-08,23.033273696899414,24.31999969482422,24.350000381469727,23.610000610351562,23.899999618530273,3426000
2024-05-09,22.654436111450195,23.920000076293945,24.040000915527344,23.510000228881836,23.809999465942383,3204900
2024-05-10,21.839937210083008,23.059999465942383,24.06999969482422,22.90999984741211,23.940000534057617,2732800
2024-05-13,21.783113479614258,23.0,23.270000457763672,22.8799991607666,23.040000915527344,3117100
2024-05-14,21.470571517944336,22.670000076293945,23.15999984741211,22.489999771118164,23.0,3040800
2024-05-15,21.82099723815918,23.040000915527344,23.110000610351562,22.530000686645508,22.530000686645508,3537500
2024-05-16,22.13353729248047,23.3700008392334,23.520000457763672,22.950000762939453,23.1299991607666,2032800
2024-05-17,21.839937210083008,23.059999465942383,23.489999771118164,22.920000076293945,23.239999771118164,1676300
2024-05-20,22.209304809570312,23.450000762939453,23.780000686645508,22.75,23.1200008392334,3230500
2024-05-21,22.237714767456055,23.479999542236328,23.799999237060547,23.329999923706055,23.440000534057617,1863700
2024-05-22,21.262210845947266,22.450000762939453,23.729999542236328,22.450000762939453,23.389999389648438,2805200
2024-05-23,20.978084564208984,22.149999618530273,22.510000228881836,21.93000030517578,22.389999389648438,2540000
2024-05-24,21.034908294677734,22.209999084472656,22.549999237060547,22.049999237060547,22.139999389648438,1702300
2024-05-27,21.300094604492188,22.489999771118164,22.530000686645508,22.110000610351562,22.309999465942383,1520700
2024-05-28,21.290624618530273,22.479999542236328,22.850000381469727,22.290000915527344,22.700000762939453,1718700
2024-05-29,21.309566497802734,22.5,22.610000610351562,22.149999618530273,22.469999313354492,1772400
2024-05-31,20.6466007232666,21.799999237060547,22.600000381469727,21.68000030517578,22.399999618530273,2966400
2024-06-03,20.599246978759766,21.75,22.06999969482422,21.530000686645508,21.84000015258789,2177700
2024-06-04,20.476125717163086,21.6200008392334,21.84000015258789,21.450000762939453,21.770000457763672,2110800
2024-06-05,20.36247444152832,21.5,21.649999618530273,20.920000076293945,21.1200008392334,5320000
2024-06-06,20.703426361083984,21.860000610351562,22.049999237060547,21.420000076293945,21.489999771118164,2856700
2024-06-07,20.580305099487305,21.729999542236328,22.1299991607666,21.399999618530273,21.549999237060547,3537400
2024-06-10,19.84157371520996,20.950000762939453,21.809999465942383,20.739999771118164,21.729999542236328,2013300
2024-06-11,19.955223083496094,21.06999969482422,21.399999618530273,20.959999084472656,21.010000228881836,2161700
2024-06-12,19.244905471801758,20.31999969482422,21.579999923706055,20.229999542236328,21.299999237060547,3968100
2024-06-13,18.922895431518555,19.979999542236328,20.280000686645508,19.75,20.219999313354492,4981200
2024-06-14,19.273319244384766,20.350000381469727,20.450000762939453,19.809999465942383,19.989999771118164,3107200
2024-06-17,18.894481658935547,19.950000762939453,20.3700008392334,19.899999618530273,20.280000686645508,3171900
2024-06-18,18.78083038330078,19.829999923706055,20.06999969482422,19.709999084472656,19.959999084472656,2774800
2024-06-19,19.207021713256836,20.280000686645508,20.290000915527344,19.68000030517578,19.829999923706055,1301200
2024-06-20,19.008132934570312,20.06999969482422,20.93000030517578,20.06999969482422,20.549999237060547,2678900
2024-06-21,19.36802864074707,20.450000762939453,20.799999237060547,20.0,20.06999969482422,3086100
2024-06-24,20.125699996948242,21.25,21.280000686645508,20.43000030517578,20.43000030517578,5369800
2024-06-25,19.84157371520996,20.950000762939453,21.510000228881836,20.93000030517578,21.309999465942383,4274900
2024-06-26,19.3869686126709,20.469999313354492,20.709999084472656,20.020000457763672,20.700000762939453,2697700
2024-06-27,20.07834815979004,21.200000762939453,21.459999084472656,20.459999084472656,20.469999313354492,3767000
2024-06-28,19.832103729248047,20.940000534057617,21.219999313354492,20.700000762939453,21.06999969482422,2222100
2024-07-01,19.898399353027344,21.010000228881836,21.190000534057617,20.700000762939453,20.790000915527344,2743500
2024-07-02,19.699508666992188,20.799999237060547,21.389999389648438,20.760000228881836,21.200000762939453,3684900
2024-07-03,20.485595703125,21.6299991607666,21.790000915527344,21.100000381469727,21.100000381469727,2695700
2024-07-04,21.23379898071289,22.420000076293945,22.489999771118164,21.850000381469727,22.059999465942383,3173700
2024-07-05,21.574752807617188,22.780000686645508,22.8799991607666,21.850000381469727,22.360000610351562,3649000
2024-07-08,21.11067771911621,22.290000915527344,22.889999389648438,22.170000076293945,22.780000686645508,1658900
2024-07-09,21.54633903503418,22.75,22.75,22.09000015258789,22.420000076293945,1710300
2024-07-10,21.167503356933594,22.350000381469727,23.110000610351562,21.93000030517578,22.780000686645508,3388700
2024-07-11,21.68840217590332,22.899999618530273,23.079999923706055,22.690000534057617,22.709999084472656,3161200
2024-07-12,21.91570472717285,23.139999389648438,23.209999084472656,22.600000381469727,22.979999542236328,2836200
2024-07-15,22.322954177856445,23.56999969482422,23.75,22.969999313354492,23.280000686645508,3717700
2024-07-16,22.39872169494629,23.649999618530273,24.18000030517578,23.5,23.56999969482422,4251900
2024-07-17,22.237714767456055,23.479999542236328,23.850000381469727,23.360000610351562,23.40999984741211,1805200
2024-07-18,21.641048431396484,22.850000381469727,23.729999542236328,22.75,23.729999542236328,3847900
2024-07-19,21.347450256347656,22.540000915527344,23.100000381469727,22.469999313354492,22.850000381469727,1572400
2024-07-22,21.716815948486328,22.93000030517578,23.260000228881836,22.559999465942383,22.780000686645508,1912100
2024-07-23,21.61263656616211,22.81999969482422,23.010000228881836,22.579999923706055,22.93000030517578,2026100
2024-07-24,21.356918334960938,22.549999237060547,23.389999389648438,22.350000381469727,22.6200008392334,2714100
2024-07-25,21.40427589416504,22.600000381469727,22.799999237060547,22.31999969482422,22.469999313354492,2331100
2024-07-26,21.934646606445312,23.15999984741211,23.469999313354492,22.510000228881836,22.670000076293945,4077100
2024-07-29,21.887292861938477,23.110000610351562,23.280000686645508,22.670000076293945,23.100000381469727,2036000
2024-07-30,21.887292861938477,23.110000610351562,23.420000076293945,22.84000015258789,22.860000610351562,4078400
2024-07-31,22.777557373046875,24.049999237060547,24.049999237060547,23.059999465942383,23.260000228881836,3960400
2024-08-01,22.62602424621582,23.889999389648438,24.719999313354492,23.860000610351562,24.299999237060547,5125400
2024-08-02,23.071157455444336,24.360000610351562,24.450000762939453,23.649999618530273,23.700000762939453,3717700
2024-08-05,22.87226676940918,24.149999618530273,24.31999969482422,23.31999969482422,23.700000762939453,4750200
2024-08-06,22.5881404876709,23.850000381469727,24.520000457763672,23.75,24.149999618530273,2662600
2024-08-07,23.251102447509766,24.549999237060547,24.649999618530273,24.040000915527344,24.270000457763672,2773900
2024-08-08,23.345813751220703,24.649999618530273,24.899999618530273,24.25,24.600000381469727,3623800
2024-08-09,25.069520950317383,26.469999313354492,26.729999542236328,25.350000381469727,25.350000381469727,10141900
2024-08-12,24.794864654541016,26.18000030517578,26.799999237060547,26.149999618530273,26.540000915527344,2960700
2024-08-13,25.438886642456055,26.860000610351562,27.18000030517578,26.06999969482422,26.239999771118164,5051700
2024-08-14,25.666189193725586,27.100000381469727,27.5,26.540000915527344,26.790000915527344,5239600
2024-08-15,25.57147979736328,27.0,27.450000762939453,26.850000381469727,27.209999084472656,2353000
2024-08-16,24.90851593017578,26.299999237060547,27.260000228881836,26.06999969482422,27.010000228881836,4787900
2024-08-19,25.097932815551758,26.5,26.59000015258789,25.8799991607666,26.309999465942383,2822600
2024-08-20,25.334707260131836,26.75,26.8799991607666,26.209999084472656,26.600000381469727,2177400
2024-08-21,25.29682159423828,26.709999084472656,27.260000228881836,26.549999237060547,26.75,3275100
2024-08-22,25.287351608276367,26.700000762939453,26.989999771118164,26.31999969482422,26.90999984741211,2785000
2024-08-23,25.590421676635742,27.020000457763672,27.450000762939453,26.649999618530273,26.889999389648438,2429600
2024-08-26,25.457826614379883,26.8799991607666,27.649999618530273,26.649999618530273,27.329999923706055,2932900
2024-08-27,25.476768493652344,26.899999618530273,27.81999969482422,26.59000015258789,27.65999984741211,4889900
2024-08-28,25.334707260131836,26.75,27.270000457763672,26.56999969482422,26.729999542236328,3520400
2024-08-29,24.709625244140625,26.09000015258789,26.8799991607666,25.81999969482422,26.84000015258789,2999400
2024-08-30,25.022165298461914,26.420000076293945,26.670000076293945,25.75,25.950000762939453,5718700
2024-09-02,25.1737003326416,26.579999923706055,26.760000228881836,26.010000228881836,26.010000228881836,2544400
2024-09-03,25.069520950317383,26.469999313354492,26.739999771118164,26.280000686645508,26.520000457763672,2094400
2024-09-04,26.063968658447266,27.520000457763672,27.540000915527344,26.469999313354492,26.729999542236328,3958400
2024-09-05,26.367036819458008,27.84000015258789,27.84000015258789,27.209999084472656,27.450000762939453,3984700
2024-09-06,26.490158081054688,27.969999313354492,28.889999389648438,27.75,27.84000015258789,5927800
2024-09-09,26.035552978515625,27.489999771118164,27.90999984741211,27.31999969482422,27.899999618530273,1428400
2024-09-10,26.8405818939209,28.34000015258789,28.56999969482422,27.18000030517578,27.510000228881836,4343100
2024-09-11,26.726930618286133,28.219999313354492,28.440000534057617,27.739999771118164,28.239999771118164,1650900
2024-09-12,26.480688095092773,27.959999084472656,28.149999618530273,27.690000534057617,28.010000228881836,2474900
2024-09-13,27.058414459228516,28.56999969482422,28.860000610351562,27.899999618530273,28.049999237060547,2128200
2024-09-16,27.19100570678711,28.709999084472656,28.8799991607666,28.34000015258789,28.700000762939453,2249000
2024-09-17,26.935291290283203,28.440000534057617,28.729999542236328,28.049999237060547,28.709999084472656,2685300
2024-09-18,27.17206573486328,28.690000534057617,29.270000457763672,28.309999465942383,28.389999389648438,3797200
2024-09-19,27.15312385559082,28.670000076293945,29.100000381469727,28.540000915527344,29.030000686645508,2679800
2024-09-20,26.518569946289062,28.0,28.850000381469727,27.610000610351562,28.639999389648438,3069900
2024-09-23,25.827194213867188,27.270000457763672,27.719999313354492,26.850000381469727,27.709999084472656,2373000
2024-09-24,26.07343864440918,27.530000686645508,27.81999969482422,27.1299991607666,27.440000534057617,2464600
2024-09-25,26.045024871826172,27.5,27.780000686645508,26.760000228881836,27.469999313354492,5201900
2024-09-26,25.23052406311035,26.639999389648438,27.889999389648438,26.3700008392334,27.729999542236328,5631600
2024-09-27,25.675661087036133,27.110000610351562,27.799999237060547,26.469999313354492,26.469999313354492,3585000
2024-09-30,25.505184173583984,26.93000030517578,27.18000030517578,26.6299991607666,27.18000030517578,1918400
2024-10-01,26.120792388916016,27.579999923706055,27.940000534057617,27.09000015258789,27.09000015258789,3580700
2024-10-02,26.783756256103516,28.280000686645508,28.56999969482422,27.6200008392334,27.6200008392334,2961400
2024-10-03,25.90296173095703,27.350000381469727,28.100000381469727,26.81999969482422,28.09000015258789,2910900
2024-10-04,26.234445571899414,27.700000762939453,27.75,27.139999389648438,27.290000915527344,1448100
2024-10-07,26.234445571899414,27.700000762939453,28.09000015258789,27.3700008392334,27.809999465942383,1488000
2024-10-08,26.603809356689453,28.09000015258789,28.190000534057617,27.889999389648438,27.90999984741211,1672500
2024-10-09,25.666189193725586,27.100000381469727,27.899999618530273,26.84000015258789,27.8700008392334,5111800
2024-10-10,25.505184173583984,26.93000030517578,27.389999389648438,26.75,27.190000534057617,2664500
2024-10-11,25.495712280273438,26.920000076293945,27.030000686645508,26.530000686645508,26.940000534057617,2930400
2024-10-14,25.38205909729004,26.799999237060547,27.06999969482422,26.329999923706055,26.950000762939453,2299100
2024-10-15,25.334707260131836,26.75,27.290000915527344,26.56999969482422,26.799999237060547,2000300
2024-10-16,25.4483585357666,26.8700008392334,27.190000534057617,26.700000762939453,26.979999542236328,2096900
2024-10-17,25.580951690673828,27.010000228881836,27.010000228881836,26.1299991607666,26.360000610351562,1638100
2024-10-18,24.775922775268555,26.15999984741211,27.239999771118164,26.020000457763672,27.239999771118164,2371600
2024-10-21,24.49179458618164,25.860000610351562,26.6200008392334,25.709999084472656,26.399999618530273,3067700
2024-10-22,24.179256439208984,25.530000686645508,25.90999984741211,25.190000534057617,25.65999984741211,3879800
2024-10-23,23.563642501831055,24.8799991607666,25.40999984741211,24.790000915527344,25.389999389648438,3564900
2024-10-24,24.150840759277344,25.5,25.530000686645508,24.5,24.68000030517578,2541800
2024-10-25,23.402637481689453,24.709999084472656,25.829999923706055,24.639999389648438,25.670000076293945,2648100
2024-10-28,23.88565444946289,25.219999313354492,25.34000015258789,24.979999542236328,24.979999542236328,1671700
2024-10-29,23.686767578125,25.010000228881836,25.399999618530273,24.6200008392334,25.219999313354492,2100900
2024-10-30,24.292903900146484,25.649999618530273,25.780000686645508,24.950000762939453,25.110000610351562,3142200
2024-10-31,24.217138290405273,25.56999969482422,25.860000610351562,25.270000457763672,25.579999923706055,2192200
2024-11-01,23.431053161621094,24.739999771118164,25.799999237060547,24.670000076293945,25.799999237060547,2956800
2024-11-04,24.690683364868164,26.06999969482422,26.06999969482422,25.040000915527344,25.190000534057617,3168700
2024-11-05,24.756980895996094,26.139999389648438,26.280000686645508,25.399999618530273,26.1299991607666,2124100
2024-11-06,24.548620223999023,25.920000076293945,26.0,25.06999969482422,25.34000015258789,3554000
2024-11-07,23.629941940307617,24.950000762939453,26.510000228881836,24.8700008392334,25.920000076293945,4665600
2024-11-08,24.226608276367188,25.579999923706055,25.920000076293945,24.15999984741211,24.5,7183400
2024-11-11,23.838302612304688,25.170000076293945,25.899999618530273,25.079999923706055,25.6200008392334,3112600
2024-11-12,23.440523147583008,24.75,25.950000762939453,24.5,25.950000762939453,3122600
2024-11-13,23.023801803588867,24.309999465942383,24.709999084472656,23.690000534057617,23.979999542236328,13142900
2024-11-14,22.73020362854004,24.0,24.450000762939453,23.90999984741211,24.190000534057617,3208300
2024-11-18,22.682849884033203,23.950000762939453,24.18000030517578,23.600000381469727,23.899999618530273,2375700
2024-11-19,22.673377990722656,23.940000534057617,24.3700008392334,23.719999313354492,23.950000762939453,3935300
2024-11-21,21.972530364990234,23.200000762939453,23.989999771118164,23.200000762939453,23.700000762939453,2559800
2024-11-22,22.512372970581055,23.770000457763672,23.770000457763672,23.200000762939453,23.209999084472656,2873500
2024-11-25,22.91962242126465,24.200000762939453,24.540000915527344,23.8799991607666,23.899999618530273,3429100
2024-11-26,23.506818771362305,24.81999969482422,25.0,24.049999237060547,24.420000076293945,2540900
2024-11-27,22.370309829711914,23.6200008392334,24.950000762939453,23.530000686645508,24.950000762939453,3145100
2024-11-28,21.02543830871582,22.200000762939453,23.3799991607666,21.860000610351562,23.329999923706055,6817800
2024-11-29,21.716815948486328,22.93000030517578,23.030000686645508,21.760000228881836,22.139999389648438,6916100
2024-12-02,21.309566497802734,22.5,22.899999618530273,22.100000381469727,22.459999084472656,4629400
2024-12-03,21.489513397216797,22.690000534057617,22.84000015258789,22.079999923706055,22.440000534057617,2872800
2024-12-04,21.555810928344727,22.760000228881836,23.079999923706055,22.59000015258789,22.649999618530273,2308800
2024-12-05,22.048297882080078,23.280000686645508,23.809999465942383,22.75,22.860000610351562,3076900
2024-12-06,21.517925262451172,22.719999313354492,23.540000915527344,22.459999084472656,23.219999313354492,2461000
2024-12-09,21.120147705078125,22.299999237060547,23.020000457763672,22.15999984741211,22.75,2461500
2024-12-10,21.498985290527344,22.700000762939453,22.979999542236328,22.3700008392334,22.5,2674400
2024-12-11,21.745227813720703,22.959999084472656,23.540000915527344,22.399999618530273,22.770000457763672,2602900
2024-12-12,20.712900161743164,21.8700008392334,22.899999618530273,21.760000228881836,22.899999618530273,3105000
2024-12-13,20.27723503112793,21.40999984741211,22.059999465942383,21.389999389648438,22.010000228881836,2173500
2024-12-16,19.898399353027344,21.010000228881836,21.610000610351562,20.989999771118164,21.31999969482422,2649700
2024-12-17,20.17305564880371,21.299999237060547,21.56999969482422,20.959999084472656,21.100000381469727,4008800
2024-12-18,19.5953311920166,20.690000534057617,21.59000015258789,20.469999313354492,21.360000610351562,5790800
2024-12-19,20.116230010986328,21.239999771118164,21.360000610351562,20.59000015258789,20.719999313354492,3272000
2024-12-20,20.163585662841797,21.290000915527344,21.690000534057617,20.719999313354492,21.260000228881836,3424600
2024-12-23,18.903953552246094,19.959999084472656,21.200000762939453,19.959999084472656,21.09000015258789,3922300
2024-12-26,18.212574005126953,19.229999542236328,20.079999923706055,19.170000076293945,19.979999542236328,5257000
2024-12-27,18.250459671020508,19.270000457763672,19.790000915527344,19.170000076293945,19.399999618530273,2328800
2024-12-30,18.231515884399414,19.25,19.43000030517578,18.899999618530273,19.280000686645508,1769100
2025-01-02,17.568552017211914,18.549999237060547,19.170000076293945,18.479999542236328,19.110000610351562,2802800
2025-01-03,17.142362594604492,18.100000381469727,18.729999542236328,18.06999969482422,18.5,2999700
2025-01-06,17.824268341064453,18.81999969482422,18.950000762939453,18.219999313354492,18.270000457763672,4748900
2025-01-07,17.956859588623047,18.959999084472656,19.139999389648438,18.520000457763672,19.139999389648438,3728800
2025-01-08,17.909507751464844,18.90999984741211,18.90999984741211,18.489999771118164,18.829999923706055,3805700
2025-01-09,17.966331481933594,18.969999313354492,19.059999465942383,18.65999984741211,18.950000762939453,1488900
2025-01-10,17.521198272705078,18.5,19.149999618530273,18.0,19.149999618530273,4532600
2025-01-13,17.407546997070312,18.3799991607666,18.739999771118164,18.200000762939453,18.5,2050800
2025-01-14,17.615907669067383,18.600000381469727,18.68000030517578,18.25,18.3799991607666,2471300
2025-01-15,18.667179107666016,19.709999084472656,19.709999084472656,18.739999771118164,18.84000015258789,3726200
2025-01-16,18.0610408782959,19.06999969482422,19.75,18.969999313354492,19.690000534057617,2743800
2025-01-17,18.18416404724121,19.200000762939453,19.299999237060547,18.93000030517578,19.110000610351562,2022400
2025-01-20,18.420936584472656,19.450000762939453,19.610000610351562,18.950000762939453,19.020000457763672,1309900
2025-01-21,18.629295349121094,19.670000076293945,19.760000228881836,19.329999923706055,19.329999923706055,1627300
2025-01-22,19.169137954711914,20.239999771118164,20.360000610351562,19.56999969482422,19.8700008392334,2990900
2025-01-23,18.97024917602539,20.030000686645508,20.399999618530273,19.75,20.399999618530273,2685800
2025-01-24,19.169137954711914,20.239999771118164,20.399999618530273,19.850000381469727,20.219999313354492,2335900
2025-01-27,20.07834815979004,21.200000762939453,21.200000762939453,20.09000015258789,20.229999542236328,3408500
2025-01-28,19.424854278564453,20.510000228881836,21.149999618530273,20.5,21.139999389648438,1630100
2025-01-29,19.623741149902344,20.719999313354492,20.780000686645508,20.209999084472656,20.559999465942383,4856200
2025-01-30,20.845491409301758,22.010000228881836,22.350000381469727,20.770000457763672,20.799999237060547,5361700
2025-01-31,20.296178817749023,21.43000030517578,22.170000076293945,21.309999465942383,22.0,2589600
2025-02-03,20.428770065307617,21.56999969482422,21.850000381469727,21.149999618530273,21.43000030517578,2542200
2025-02-04,20.22041130065918,21.350000381469727,21.559999465942383,21.020000457763672,21.559999465942383,2624400
2025-02-05,19.652156829833984,20.75,21.280000686645508,20.459999084472656,21.280000686645508,2051700
2025-02-06,19.699508666992188,20.799999237060547,20.920000076293945,20.6299991607666,20.719999313354492,9388900
2025-02-07,18.93236541748047,19.989999771118164,20.6200008392334,19.790000915527344,20.540000915527344,5768700
2025-02-10,19.225963592529297,20.299999237060547,20.540000915527344,20.0,20.200000762939453,2629100
2025-02-11,18.80924415588379,19.860000610351562,20.200000762939453,19.420000076293945,19.690000534057617,8251800
2025-02-12,17.76744270324707,18.760000228881836,19.700000762939453,18.610000610351562,19.700000762939453,9204300
2025-02-13,17.483312606811523,18.459999084472656,18.809999465942383,18.15999984741211,18.790000915527344,8967700
2025-02-14,17.985273361206055,18.989999771118164,19.030000686645508,18.43000030517578,18.760000228881836,10720300
2025-02-17,18.53458595275879,19.56999969482422,19.799999237060547,19.020000457763672,19.200000762939453,5710500
2025-02-18,18.240989685058594,19.260000228881836,19.65999984741211,19.139999389648438,19.65999984741211,2766100
2025-02-19,17.871623992919922,18.8700008392334,19.149999618530273,18.799999237060547,19.0,3180900
2025-02-20,18.212574005126953,19.229999542236328,19.5,18.81999969482422,19.110000610351562,3154300
2025-02-21,18.146278381347656,19.15999984741211,19.309999465942383,18.75,19.309999465942383,2446200
2025-02-24,17.341251373291016,18.309999465942383,19.290000915527344,18.18000030517578,19.170000076293945,3121600
2025-02-25,17.151832580566406,18.110000610351562,18.510000228881836,18.06999969482422,18.510000228881836,2255000
2025-02-26,16.716169357299805,17.649999618530273,18.329999923706055,17.540000915527344,18.209999084472656,4925500
2025-02-27,16.782466888427734,17.719999313354492,17.93000030517578,17.170000076293945,17.649999618530273,7862100
2025-02-28,16.157384872436523,17.059999465942383,17.93000030517578,17.059999465942383,17.719999313354492,3539000
2025-03-05,15.769078254699707,16.649999618530273,17.229999542236328,16.299999237060547,16.959999084472656,7780900
2025-03-06,15.94902515411377,16.84000015258789,16.90999984741211,16.540000915527344,16.829999923706055,4979300
2025-03-07,16.848764419555664,17.790000915527344,17.889999389648438,16.56999969482422,16.760000228881836,3903100
2025-03-10,16.782466888427734,17.719999313354492,18.1299991607666,17.469999313354492,17.56999969482422,2866100
2025-03-11,17.31283950805664,18.280000686645508,18.299999237060547,17.600000381469727,17.709999084472656,3779100
2025-03-12,17.076065063476562,18.030000686645508,18.600000381469727,17.670000076293945,18.329999923706055,6798800
2025-03-13,16.886646270751953,17.829999923706055,18.209999084472656,17.520000457763672,18.209999084472656,2762200
2025-03-14,16.905588150024414,17.850000381469727,18.020000457763672,17.459999084472656,17.6200008392334,5411200
2025-03-17,16.54569435119629,17.469999313354492,18.1299991607666,17.059999465942383,18.100000381469727,8189900
2025-03-18,16.886646270751953,17.829999923706055,18.020000457763672,17.43000030517578,17.459999084472656,5591200
2025-03-19,18.16522216796875,19.18000030517578,19.559999465942383,18.149999618530273,18.899999618530273,21280100
2025-03-20,17.947391510009766,18.950000762939453,19.219999313354492,18.75,19.06999969482422,5846800
2025-03-21,18.070510864257812,19.079999923706055,19.530000686645508,18.860000610351562,19.020000457763672,5230800
2025-03-24,17.85268211364746,18.850000381469727,19.350000381469727,18.6200008392334,19.149999618530273,4494900
2025-03-25,18.146278381347656,19.15999984741211,19.829999923706055,18.860000610351562,18.899999618530273,6101800
2025-03-26,18.60088348388672,19.639999389648438,20.059999465942383,19.15999984741211,19.15999984741211,5986600
2025-03-27,19.11231231689453,20.18000030517578,20.530000686645508,19.610000610351562,19.799999237060547,6068300
2025-03-28,19.027074813842773,20.09000015258789,20.31999969482422,19.729999542236328,20.18000030517578,2893500
2025-03-31,18.837656021118164,19.889999389648438,20.020000457763672,19.3700008392334,19.989999771118164,5547900
2025-04-01,18.667179107666016,19.709999084472656,20.229999542236328,19.65999984741211,19.8700008392334,4058700
2025-04-02,18.941837310791016,20.0,20.229999542236328,19.760000228881836,19.770000457763672,6226200
2025-04-03,19.51009178161621,20.600000381469727,20.81999969482422,19.899999618530273,19.959999084472656,4621900
2025-04-04,18.78083038330078,19.829999923706055,20.139999389648438,19.540000915527344,20.139999389648438,4469100
2025-04-07,18.26940155029297,19.290000915527344,19.920000076293945,19.020000457763672,19.280000686645508,2820000
2025-04-08,18.288341522216797,19.309999465942383,19.889999389648438,19.09000015258789,19.469999313354492,2184800
2025-04-09,18.941837310791016,20.0,20.31999969482422,18.920000076293945,19.010000228881836,3776700
2025-04-10,18.80924415588379,19.860000610351562,20.219999313354492,19.540000915527344,19.899999618530273,2705600
2025-04-11,18.84712791442871,19.899999618530273,20.110000610351562,19.43000030517578,20.030000686645508,3178400
2025-04-14,19.131254196166992,20.200000762939453,20.25,19.84000015258789,20.25,3308000
2025-04-15,18.98919105529785,20.049999237060547,20.110000610351562,19.81999969482422,20.059999465942383,1836000
2025-04-16,18.345169067382812,19.3700008392334,20.09000015258789,19.18000030517578,20.09000015258789,3756000
2025-04-17,18.866069793701172,19.920000076293945,19.920000076293945,19.1299991607666,19.3700008392334,2305500
2025-04-22,19.008132934570312,20.06999969482422,20.15999984741211,19.440000534057617,19.610000610351562,2415800
2025-04-23,19.419599533081055,19.829999923706055,20.110000610351562,19.649999618530273,19.829999923706055,2435700
2025-04-24,20.075733184814453,20.5,20.59000015258789,19.81999969482422,19.8799991607666,2902800
2025-04-25,20.70248794555664,21.139999389648438,21.270000457763672,20.399999618530273,20.600000381469727,4070400
2025-04-28,20.996280670166016,21.440000534057617,22.040000915527344,21.219999313354492,21.31999969482422,4745400
2025-04-29,21.09421157836914,21.540000915527344,22.219999313354492,21.530000686645508,21.530000686645508,4634000
2025-04-30,21.652414321899414,22.110000610351562,22.329999923706055,21.299999237060547,21.440000534057617,5290800
2025-05-02,21.652414321899414,22.110000610351562,22.329999923706055,21.84000015258789,22.170000076293945,2873600
2025-05-05,22.03434181213379,22.5,22.6299991607666,22.040000915527344,22.200000762939453,2455400
2025-05-06,21.59365463256836,22.049999237060547,22.90999984741211,21.93000030517578,22.510000228881836,3161800
2025-05-07,21.397794723510742,21.850000381469727,22.299999237060547,21.389999389648438,22.200000762939453,2720600
2025-05-08,21.446758270263672,21.899999618530273,22.31999969482422,20.559999465942383,21.510000228881836,11994300
2025-05-09,20.66331672668457,21.100000381469727,22.079999923706055,20.739999771118164,21.90999984741211,4881500
2025-05-12,21.035451889038086,21.479999542236328,21.780000686645508,20.940000534057617,21.239999771118164,3735600
2025-05-13,21.681791305541992,22.139999389648438,22.59000015258789,21.579999923706055,21.610000610351562,4083800
2025-05-14,22.582752227783203,23.059999465942383,23.09000015258789,22.079999923706055,22.149999618530273,4694400
2025-05-15,23.640399932861328,24.139999389648438,24.440000534057617,23.030000686645508,23.100000381469727,8681600
2025-05-16,23.42495346069336,23.920000076293945,24.260000228881836,23.860000610351562,24.139999389648438,3109900
2025-05-19,23.806880950927734,24.309999465942383,24.479999542236328,23.56999969482422,23.850000381469727,3200900
2025-05-20,24.365083694458008,24.8799991607666,24.989999771118164,23.989999771118164,24.399999618530273,3114900
2025-05-21,23.591434478759766,24.09000015258789,24.969999313354492,23.799999237060547,24.81999969482422,4070000
2025-05-22,23.611021041870117,24.110000610351562,25.219999313354492,24.110000610351562,24.3799991607666,5826100
2025-05-23,24.10067367553711,24.610000610351562,24.690000534057617,23.31999969482422,23.790000915527344,3157500
2025-05-26,25.05059814453125,25.579999923706055,25.899999618530273,24.479999542236328,24.610000610351562,5397800
2025-05-27,25.65776824951172,26.200000762939453,26.510000228881836,25.81999969482422,26.0,4734400
2025-05-28,24.952667236328125,25.479999542236328,26.34000015258789,25.309999465942383,26.290000915527344,3403000
2025-05-29,25.187700271606445,25.719999313354492,25.889999389648438,25.260000228881836,25.260000228881836,2458200
2025-05-30,25.452112197875977,25.989999771118164,26.06999969482422,25.149999618530273,25.93000030517578,2712500
2025-06-02,25.559837341308594,26.100000381469727,26.799999237060547,25.43000030517578,26.510000228881836,4473900
2025-06-03,26.323692321777344,26.8799991607666,27.0,26.030000686645508,26.139999389648438,3006700
2025-06-04,25.667558670043945,26.209999084472656,27.18000030517578,26.149999618530273,27.0,2610600
2025-06-05,24.707841873168945,25.229999542236328,26.34000015258789,24.920000076293945,26.34000015258789,5821800
2025-06-06,24.1104679107666,24.6200008392334,25.3799991607666,24.149999618530273,25.209999084472656,5418100
2025-06-09,23.992950439453125,24.5,24.84000015258789,24.030000686645508,24.5,2053000
2025-06-10,24.44342803955078,24.959999084472656,25.360000610351562,24.600000381469727,24.709999084472656,2892700
2025-06-11,24.061500549316406,24.56999969482422,25.1299991607666,24.299999237060547,24.850000381469727,2628400
2025-06-12,24.13984489440918,24.649999618530273,24.68000030517578,24.149999618530273,24.56999969482422,2141200
2025-06-13,23.85584831237793,24.360000610351562,24.440000534057617,23.84000015258789,24.329999923706055,1826100
2025-06-16,24.57073974609375,25.09000015258789,25.350000381469727,24.34000015258789,24.34000015258789,2625700
2025-06-17,24.60011863708496,25.1200008392334,25.299999237060547,24.600000381469727,25.299999237060547,1466600
2025-06-18,25.089771270751953,25.6200008392334,25.899999618530273,24.979999542236328,25.15999984741211,4218700
2025-06-20,24.942874908447266,25.469999313354492,25.549999237060547,25.079999923706055,25.360000610351562,2794100
2025-06-23,24.57073974609375,25.09000015258789,25.459999084472656,24.770000457763672,25.450000762939453,2284500
2025-06-24,24.795978546142578,25.31999969482422,25.649999618530273,25.079999923706055,25.5,1610900
2025-06-25,24.34549903869629,24.860000610351562,25.260000228881836,24.65999984741211,25.25,1308200
2025-06-26,25.383562088012695,25.920000076293945,26.049999237060547,24.90999984741211,25.260000228881836,4213200
2025-06-27,25.638181686401367,26.18000030517578,26.350000381469727,25.639999389648438,25.860000610351562,2701300
2025-06-30,26.470590591430664,27.030000686645508,27.239999771118164,25.90999984741211,26.18000030517578,2834000
2025-07-01,26.499967575073242,27.059999465942383,27.25,26.68000030517578,26.90999984741211,1906600
2025-07-02,26.039695739746094,26.59000015258789,27.290000915527344,26.3700008392334,27.200000762939453,3608200
2025-07-03,26.578311920166016,27.139999389648438,27.170000076293945,26.31999969482422,26.59000015258789,3022000
2025-07-04,26.66644859313965,27.229999542236328,27.579999923706055,26.8700008392334,27.110000610351562,1711300
2025-07-07,26.333486557006836,26.889999389648438,27.329999923706055,26.8700008392334,27.329999923706055,1337800
2025-07-08,25.912384033203125,26.459999084472656,27.100000381469727,26.25,27.100000381469727,1649600
2025-07-09,25.70673179626465,26.25,26.489999771118164,25.81999969482422,26.420000076293945,2333000
2025-07-10,25.65776824951172,26.200000762939453,26.200000762939453,25.3799991607666,26.0,3896700
2025-07-11,24.98204803466797,25.510000228881836,25.959999084472656,25.25,25.799999237060547,2749800
2025-07-14,24.893909454345703,25.420000076293945,25.579999923706055,24.850000381469727,25.5,2156800
2025-07-15,24.991840362548828,25.520000457763672,26.079999923706055,25.190000534057617,25.700000762939453,1676700
2025-07-16,24.795978546142578,25.31999969482422,25.56999969482422,24.709999084472656,25.399999618530273,3117500
2025-07-17,24.717634201049805,25.239999771118164,25.420000076293945,24.969999313354492,25.309999465942383,1778200
2025-07-18,25.05059814453125,25.579999923706055,25.829999923706055,24.43000030517578,24.989999771118164,8006800
2025-07-21,25.168115615844727,25.700000762939453,26.0,25.290000915527344,25.579999923706055,4756700
2025-07-22,24.276948928833008,24.790000915527344,25.8799991607666,24.790000915527344,25.729999542236328,3152000
2025-07-23,24.864530563354492,25.389999389648438,25.56999969482422,24.420000076293945,24.700000762939453,1841600
2025-07-24,24.531566619873047,25.049999237060547,25.350000381469727,24.90999984741211,25.079999923706055,1806600
2025-07-25,24.727428436279297,25.25,25.31999969482422,24.93000030517578,24.93000030517578,1832200
2025-07-28,23.43474769592285,23.93000030517578,25.540000915527344,23.829999923706055,25.25,5297100
2025-07-29,24.0712947845459,24.579999923706055,24.829999923706055,24.049999237060547,24.190000534057617,4677100
2025-07-30,24.776391983032227,25.299999237060547,25.399999618530273,24.1299991607666,24.56999969482422,3735100
2025-07-31,24.893909454345703,25.420000076293945,25.719999313354492,24.579999923706055,24.989999771118164,4941500
2025-08-01,25.187700271606445,25.719999313354492,26.309999465942383,25.579999923706055,25.579999923706055,3044600
2025-08-04,26.078866958618164,26.6299991607666,26.709999084472656,25.899999618530273,26.09000015258789,2382900
2025-08-05,26.451004028320312,27.010000228881836,27.209999084472656,26.280000686645508,26.6299991607666,4995100
2025-08-06,26.744792938232422,27.309999465942383,27.670000076293945,26.68000030517578,27.18000030517578,3132500
2025-08-07,27.009206771850586,27.579999923706055,27.81999969482422,27.09000015258789,27.690000534057617,3494800
2025-08-08,27.81223487854004,28.399999618530273,28.950000762939453,27.3700008392334,28.950000762939453,5918400
2025-08-11,26.803552627563477,27.3700008392334,28.440000534057617,27.299999237060547,28.440000534057617,4140000
2025-08-12,26.999412536621094,27.56999969482422,27.760000228881836,27.299999237060547,27.40999984741211,2085800
2025-08-13,26.519554138183594,27.079999923706055,27.59000015258789,26.18000030517578,27.56999969482422,4076700
2025-08-14,26.24534797668457,26.799999237060547,26.940000534057617,26.40999984741211,26.600000381469727,2775800
2025-08-15,26.66644859313965,27.229999542236328,27.399999618530273,26.469999313354492,26.799999237060547,2374300
2025-08-18,27.234445571899414,27.809999465942383,28.1200008392334,27.079999923706055,27.219999313354492,2334700
2025-08-19,26.70562171936035,27.270000457763672,27.639999389648438,27.020000457763672,27.440000534057617,3159700
2025-08-20,27.15610122680664,27.729999542236328,27.790000915527344,26.860000610351562,27.049999237060547,1661300
2025-08-21,26.8623104095459,27.43000030517578,27.889999389648438,27.260000228881836,27.670000076293945,1714200
2025-08-22,27.508651733398438,28.09000015258789,28.209999084472656,27.3799991607666,27.469999313354492,2672400
2025-08-25,27.205068588256836,27.780000686645508,28.469999313354492,27.780000686645508,28.100000381469727,1569300
2025-08-26,27.420513153076172,28.0,28.149999618530273,27.59000015258789,27.610000610351562,2862400
2025-08-27,27.910165786743164,28.5,28.5,27.889999389648438,28.200000762939453,1824800
2025-08-28,28.30188751220703,28.899999618530273,29.09000015258789,28.459999084472656,28.610000610351562,2722000
2025-08-29,28.399818420410156,29.0,29.34000015258789,28.68000030517578,28.899999618530273,2095100
2025-09-01,28.341060638427734,28.940000534057617,29.299999237060547,28.799999237060547,29.209999084472656,1515700
2025-09-02,28.076648712158203,28.670000076293945,28.8799991607666,28.31999969482422,28.540000915527344,2627000
2025-09-03,27.929752349853516,28.520000457763672,29.079999923706055,28.469999313354492,28.639999389648438,1999100
2025-09-04,28.350852966308594,28.950000762939453,28.950000762939453,28.34000015258789,28.549999237060547,1239200
2025-09-05,28.6936092376709,29.299999237060547,29.5,28.829999923706055,29.149999618530273,2321400
2025-09-08,27.83182144165039,28.420000076293945,29.270000457763672,28.399999618530273,29.18000030517578,2442100
2025-09-09,26.783966064453125,27.350000381469727,28.610000610351562,27.280000686645508,28.600000381469727,3465500
2025-09-10,27.077756881713867,27.649999618530273,27.719999313354492,27.190000534057617,27.31999969482422,2183500
2025-09-11,28.429197311401367,29.030000686645508,29.329999923706055,27.559999465942383,27.649999618530273,3914200
2025-09-12,28.06685447692871,28.65999984741211,29.229999542236328,28.559999465942383,28.68000030517578,1787000
2025-09-15,28.0374755859375,28.6299991607666,29.18000030517578,28.610000610351562,28.979999542236328,1926200
2025-09-16,28.125612258911133,28.719999313354492,29.079999923706055,28.40999984741211,28.709999084472656,2228100
2025-09-17,28.840505599975586,29.450000762939453,29.75,28.510000228881836,28.799999237060547,3210800
2025-09-18,29.075538635253906,29.690000534057617,29.989999771118164,29.239999771118164,29.489999771118164,6259900
2025-09-19,28.458576202392578,29.059999465942383,29.84000015258789,28.860000610351562,29.84000015258789,3326300
2025-09-22,28.26271629333496,28.860000610351562,29.059999465942383,28.3700008392334,28.799999237060547,2246700
2025-09-23,28.448781967163086,29.049999237060547,29.389999389648438,28.75,29.020000457763672,1401800
2025-09-24,28.096235275268555,28.690000534057617,29.209999084472656,28.559999465942383,29.049999237060547,1809600
2025-09-25,27.792648315429688,28.3799991607666,28.850000381469727,28.049999237060547,28.6299991607666,2242200
2025-09-26,27.910165786743164,28.5,28.56999969482422,28.260000228881836,28.420000076293945,1605500
2025-09-29,28.360645294189453,28.959999084472656,29.149999618530273,28.510000228881836,28.969999313354492,1706700
2025-09-30,27.968923568725586,28.559999465942383,29.299999237060547,28.559999465942383,29.030000686645508,2429900
2025-10-01,28.43899154663086,29.040000915527344,29.040000915527344,28.610000610351562,28.700000762939453,1579500
2025-10-02,27.753477096557617,28.34000015258789,29.049999237060547,27.899999618530273,29.0,3729100
2025-10-03,28.43899154663086,29.040000915527344,29.290000915527344,27.639999389648438,28.200000762939453,3414800
2025-10-06,27.861202239990234,28.450000762939453,29.329999923706055,28.290000915527344,29.040000915527344,2765900
2025-10-07,26.60769271850586,27.170000076293945,28.31999969482422,26.959999084472656,28.200000762939453,4432100
2025-10-08,26.832931518554688,27.399999618530273,27.799999237060547,26.760000228881836,27.1200008392334,3105800
2025-10-09,26.568519592285156,27.1299991607666,27.68000030517578,27.100000381469727,27.3700008392334,2594700
2025-10-10,26.519554138183594,27.079999923706055,27.329999923706055,26.350000381469727,27.260000228881836,2017100
2025-10-13,26.44120979309082,27.0,27.329999923706055,26.950000762939453,27.100000381469727,1817400
2025-10-14,26.451004028320312,27.010000228881836,27.040000915527344,26.59000015258789,27.0,2474000
2025-10-15,27.224653244018555,27.799999237060547,27.799999237060547,26.68000030517578,26.90999984741211,2886500
2025-10-16,27.273618698120117,27.850000381469727,28.270000457763672,27.25,27.399999618530273,2794200
2025-10-17,28.194164276123047,28.790000915527344,28.90999984741211,27.5,27.559999465942383,4863600
2025-10-20,28.49774932861328,29.100000381469727,29.489999771118164,28.770000457763672,28.770000457763672,4471000
2025-10-21,28.92864418029785,29.540000915527344,29.540000915527344,28.8700008392334,29.15999984741211,1212700
2025-10-22,29.232227325439453,29.850000381469727,30.149999618530273,29.420000076293945,29.68000030517578,2993300
2025-10-23,29.486846923828125,30.110000610351562,30.43000030517578,29.739999771118164,29.979999542236328,2754700
2025-10-24,30.035255432128906,30.670000076293945,30.729999542236328,30.209999084472656,30.239999771118164,3082000
2025-10-27,30.06463623046875,30.700000762939453,30.979999542236328,30.360000610351562,30.969999313354492,1902300
2025-10-28,29.91773796081543,30.549999237060547,30.790000915527344,30.25,30.790000915527344,3174200
2025-10-29,29.643535614013672,30.270000457763672,30.979999542236328,30.040000915527344,30.850000381469727,2246900
2025-10-30,30.231117248535156,30.8700008392334,30.989999771118164,29.81999969482422,29.979999542236328,2236800
2025-10-31,30.55428695678711,31.200000762939453,31.299999237060547,30.540000915527344,31.110000610351562,2505700
2025-11-03,29.927532196044922,30.559999465942383,31.5,30.389999389648438,31.299999237060547,2798500
2025-11-04,30.358427047729492,31.0,31.329999923706055,30.5,30.559999465942383,3391900
2025-11-05,30.54449462890625,31.190000534057617,31.440000534057617,30.770000457763672,31.0,2757300
2025-11-06,31.161455154418945,31.81999969482422,32.54999923706055,31.31999969482422,32.34000015258789,5135600
2025-11-07,31.357316970825195,32.02000045776367,32.560001373291016,31.360000610351562,31.8799991607666,4507900
2025-11-10,31.680484771728516,32.349998474121094,32.470001220703125,31.760000228881836,32.189998626708984,3057400
2025-11-11,31.269180297851562,31.93000030517578,33.09000015258789,31.850000381469727,32.59000015258789,3827200
2025-11-12,32.473724365234375,33.15999984741211,33.15999984741211,31.639999389648438,31.920000076293945,3778400
2025-11-13,32.55207061767578,33.2400016784668,33.279998779296875,32.709999084472656,33.15999984741211,1848100
2025-11-14,32.5324821472168,33.220001220703125,33.47999954223633,32.900001525878906,33.33000183105469,1461300
2025-11-17,32.43455123901367,33.119998931884766,33.369998931884766,32.79999923706055,33.369998931884766,1170100
2025-11-18,32.32682418823242,33.0099983215332,33.34000015258789,32.650001525878906,32.790000915527344,1068600
2025-11-19,31.807796478271484,32.47999954223633,33.0,32.13999938964844,32.959999084472656,1578600
2025-11-21,31.52379608154297,32.189998626708984,32.41999816894531,31.950000762939453,32.27000045776367,1353900
2025-11-24,32.03303527832031,32.709999084472656,32.90999984741211,32.150001525878906,32.20000076293945,1096900
2025-11-25,33.0906867980957,33.790000915527344,33.84000015258789,32.52000045776367,32.83000183105469,2061200
2025-11-26,34.589019775390625,35.31999969482422,35.31999969482422,33.630001068115234,33.790000915527344,2570900
2025-11-27,34.47150421142578,35.20000076293945,35.470001220703125,34.970001220703125,35.400001525878906,927000
2025-11-28,34.393157958984375,35.119998931884766,35.27000045776367,34.56999969482422,35.06999969482422,1549200
2025-12-01,34.06019592285156,34.779998779296875,35.119998931884766,34.470001220703125,35.06999969482422,1611800
2025-12-02,34.72611999511719,35.459999084472656,35.459999084472656,34.720001220703125,34.869998931884766,1391700
2025-12-03,35.352874755859375,36.099998474121094,36.119998931884766,35.04999923706055,35.599998474121094,1746700
2025-12-04,35.254947662353516,36.0,36.650001525878906,35.77000045776367,36.400001525878906,2214800
2025-12-05,32.2191047668457,32.900001525878906,36.11000061035156,32.7400016784668,35.959999084472656,3851500
2025-12-08,32.52268600463867,33.209999084472656,33.86000061035156,33.060001373291016,33.58000183105469,2752000
2025-12-09,32.003658294677734,32.68000030517578,33.13999938964844,31.950000762939453,32.83000183105469,2051300
2025-12-10,32.62062072753906,33.310001373291016,33.45000076293945,32.52000045776367,32.650001525878906,1398900
2025-12-11,33.4921989440918,34.20000076293945,34.20000076293945,33.040000915527344,33.27000045776367,2074800
2025-12-12,34.64777755737305,35.380001068115234,36.060001373291016,34.54999923706055,34.849998474121094,3917800
2025-12-15,34.94157028198242,35.68000030517578,36.189998626708984,35.380001068115234,35.599998474121094,2214700
2025-12-16,33.80557632446289,34.52000045776367,35.43000030517578,34.150001525878906,35.380001068115234,2951800
2025-12-17,32.082000732421875,32.7599983215332,34.2599983215332,32.65999984741211,34.119998931884766,3959600
2025-12-18,32.571651458740234,33.2599983215332,33.27000045776367,32.619998931884766,32.7599983215332,2324300
2025-12-19,33.0123405456543,33.709999084472656,34.060001373291016,33.02000045776367,33.209999084472656,2552800
2025-12-22,32.09000015258789,32.09000015258789,33.13999938964844,31.84000015258789,33.08000183105469,2700800
2025-12-23,33.33000183105469,33.33000183105469,33.650001525878906,32.220001220703125,32.369998931884766,3013100
2025-12-26,33.02000045776367,33.02000045776367,33.25,32.5099983215332,33.029998779296875,2178600
2025-12-29,32.88999938964844,32.88999938964844,33.189998626708984,32.349998474121094,33.09000015258789,2751400
2025-12-30,33.2400016784668,33.2400016784668,33.25,32.83000183105469,33.0099983215332,1490200
2026-01-02,32.2599983215332,32.2599983215332,33.52000045776367,31.899999618530273,33.47999954223633,1686100
2026-01-05,31.299999237060547,31.299999237060547,32.349998474121094,30.209999084472656,32.27000045776367,7636300
2026-01-06,30.299999237060547,30.299999237060547,31.81999969482422,30.049999237060547,31.520000457763672,11991500
2026-01-07,29.93000030517578,29.93000030517578,30.309999465942383,29.149999618530273,30.200000762939453,6782700
2026-01-08,30.31999969482422,30.31999969482422,30.31999969482422,29.510000228881836,29.950000762939453,3359700
2026-01-09,30.950000762939453,30.950000762939453,31.549999237060547,30.290000915527344,30.399999618530273,4189900
2026-01-12,30.920000076293945,30.920000076293945,30.920000076293945,30.43000030517578,30.850000381469727,2264900
2026-01-13,29.5,29.5,30.690000534057617,29.270000457763672,30.56999969482422,5127700
2026-01-14,29.290000915527344,29.290000915527344,30.06999969482422,29.049999237060547,29.979999542236328,3647500
2026-01-15,27.3700008392334,27.3700008392334,29.639999389648438,27.290000915527344,29.299999237060547,7472900
2026-01-16,26.920000076293945,26.920000076293945,27.610000610351562,26.6200008392334,27.399999618530273,8884900
2026-01-19,26.84000015258789,26.84000015258789,27.25,26.700000762939453,26.8799991607666,2493900
2026-01-20,27.049999237060547,27.049999237060547,27.43000030517578,26.34000015258789,26.709999084472656,4822400
2026-01-21,28.079999923706055,28.079999923706055,28.079999923706055,27.15999984741211,27.420000076293945,4897500
2026-01-22,29.860000610351562,29.860000610351562,30.09000015258789,28.229999542236328,28.43000030517578,7629000
2026-01-23,28.350000381469727,28.350000381469727,30.25,28.350000381469727,29.860000610351562,5786400
2026-01-26,28.219999313354492,28.219999313354492,28.600000381469727,27.520000457763672,28.420000076293945,8510800
2026-01-27,27.690000534057617,27.690000534057617,28.889999389648438,27.649999618530273,28.649999618530273,5142200
2026-01-28,27.5,27.5,27.989999771118164,27.0,27.760000228881836,6688100
2026-01-29,27.329999923706055,27.329999923706055,28.18000030517578,27.290000915527344,27.709999084472656,5756600
2026-01-30,28.18000030517578,28.18000030517578,28.290000915527344,27.100000381469727,27.389999389648438,6046100
2026-02-02,28.56999969482422,28.56999969482422,28.700000762939453,27.75,27.899999618530273,5460300
2026-02-03,28.81999969482422,28.81999969482422,29.219999313354492,28.350000381469727,28.899999618530273,8408900
2026-02-04,28.600000381469727,28.600000381469727,28.860000610351562,28.15999984741211,28.809999465942383,4882100
2026-02-05,29.110000610351562,29.110000610351562,29.760000228881836,28.600000381469727,28.600000381469727,4344500
2026-02-06,29.149999618530273,29.149999618530273,29.520000457763672,28.739999771118164,29.25,4222500
2026-02-09,28.940000534057617,28.940000534057617,29.219999313354492,28.31999969482422,29.200000762939453,2980000
2026-02-10,29.100000381469727,29.100000381469727,29.100000381469727,28.309999465942383,28.940000534057617,2505400
2026-02-11,29.75,29.75,29.940000534057617,29.25,29.399999618530273,3195300
2026-02-12,29.899999618530273,29.899999618530273,30.1200008392334,29.489999771118164,29.700000762939453,2690200
2026-02-13,29.799999237060547,29.799999237060547,29.93000030517578,28.8700008392334,29.3799991607666,2625300
2026-02-18,30.399999618530273,30.399999618530273,30.5,29.600000381469727,29.799999237060547,2333500
2026-02-19,31.34000015258789,31.34000015258789,31.6299991607666,30.510000228881836,30.719999313354492,6599100
2026-02-20,30.75,30.75,31.15999984741211,30.530000686645508,30.899999618530273,1831500
2026-02-23,30.25,30.25,30.700000762939453,29.3700008392334,30.5,2560200
2026-02-24,31.899999618530273,31.899999618530273,32.0,30.15999984741211,30.31999969482422,4556100
2026-02-25,32.0,32.0,32.189998626708984,31.549999237060547,31.899999618530273,3078800
2026-02-26,32.349998474121094,32.349998474121094,32.65999984741211,31.809999465942383,32.02000045776367,3286600
2026-02-27,31.149999618530273,31.149999618530273,32.439998626708984,31.149999618530273,32.15999984741211,6839700
2026-03-02,30.829999923706055,30.829999923706055,31.31999969482422,30.469999313354492,30.889999389648438,2407300
2026-03-03,30.829999923706055,30.829999923706055,31.239999771118164,29.1200008392334,29.899999618530273,5740300
2026-03-04,31.350000381469727,31.350000381469727,31.709999084472656,30.520000457763672,31.15999984741211,3341400
2026-03-05,30.299999237060547,30.299999237060547,31.700000762939453,30.170000076293945,31.110000610351562,3978000
2026-03-06,29.989999771118164,29.989999771118164,30.440000534057617,29.489999771118164,30.239999771118164,2787800
2026-03-09,29.0,29.0,29.860000610351562,28.329999923706055,29.860000610351562,3537600
2026-03-10,28.760000228881836,28.760000228881836,29.90999984741211,28.649999618530273,29.1299991607666,2655800
2026-03-11,28.420000076293945,28.420000076293945,28.639999389648438,27.670000076293945,28.559999465942383,4318900
2026-03-12,26.3700008392334,26.3700008392334,28.239999771118164,26.290000915527344,28.219999313354492,5430100
2026-03-13,25.0,25.0,26.84000015258789,23.899999618530273,26.469999313354492,16308800
2026-03-16,25.299999237060547,25.299999237060547,26.200000762939453,25.149999618530273,25.690000534057617,4252600
2026-03-17,25.079999923706055,25.079999923706055,25.959999084472656,24.920000076293945,25.299999237060547,5518100
2026-03-18,24.690000534057617,24.690000534057617,25.149999618530273,24.420000076293945,24.940000534057617,4563800
2026-03-19,25.040000915527344,25.040000915527344,25.56999969482422,23.020000457763672,24.010000228881836,9842000
2026-03-20,25.59000015258789,25.59000015258789,25.59000015258789,24.43000030517578,25.030000686645508,4446600
2026-03-23,26.639999389648438,26.639999389648438,27.040000915527344,25.940000534057617,26.0,4244300
2026-03-24,26.420000076293945,26.420000076293945,26.690000534057617,25.889999389648438,26.420000076293945,2130700
2026-03-25,27.579999923706055,27.579999923706055,27.889999389648438,26.43000030517578,26.530000686645508,4040300
2026-03-26,26.790000915527344,26.790000915527344,27.520000457763672,26.3700008392334,27.270000457763672,2720300
2026-03-27,25.75,25.75,26.729999542236328,25.75,26.520000457763672,2035900
2026-03-30,25.200000762939453,25.200000762939453,26.139999389648438,25.09000015258789,25.8700008392334,2517600
2026-03-31,25.90999984741211,25.90999984741211,26.299999237060547,25.219999313354492,26.1299991607666,2730200
2026-04-01,26.540000915527344,26.540000915527344,26.979999542236328,25.90999984741211,26.100000381469727,3022800
2026-04-02,26.299999237060547,26.299999237060547,26.6200008392334,25.299999237060547,25.530000686645508,2257700
2026-04-06,26.030000686645508,26.030000686645508,26.829999923706055,26.0,26.329999923706055,1659400
2026-04-07,25.799999237060547,25.799999237060547,26.010000228881836,25.25,25.809999465942383,2838500
2026-04-08,27.440000534057617,27.440000534057617,27.68000030517578,26.6200008392334,27.100000381469727,3669100
2026-04-09,27.979999542236328,27.979999542236328,28.020000457763672,27.170000076293945,27.510000228881836,2088100
2026-04-10,27.260000228881836,27.260000228881836,28.209999084472656,27.260000228881836,27.979999542236328,2692200
2026-04-13,26.850000381469727,26.850000381469727,27.510000228881836,26.850000381469727,26.989999771118164,2000100
2026-04-14,27.100000381469727,27.100000381469727,27.299999237060547,26.68000030517578,27.010000228881836,2111400
2026-04-15,27.56999969482422,27.56999969482422,27.690000534057617,26.899999618530273,27.049999237060547,2285800
2026-04-16,27.5,27.5,27.860000610351562,27.15999984741211,27.600000381469727,2249600
2026-04-17,27.670000076293945,27.670000076293945,28.700000762939453,27.579999923706055,27.889999389648438,3054300
2026-04-20,27.510000228881836,27.510000228881836,27.93000030517578,27.209999084472656,27.670000076293945,1074600
2026-04-22,27.1200008392334,27.1200008392334,27.729999542236328,26.90999984741211,27.399999618530273,1699700
2026-04-23,26.299999237060547,26.299999237060547,27.280000686645508,26.139999389648438,27.280000686645508,1764400
2026-04-24,26.139999389648438,26.139999389648438,26.520000457763672,25.90999984741211,26.260000228881836,1046200
2026-04-27,25.459999084472656,25.459999084472656,26.1299991607666,25.459999084472656,26.100000381469727,1416400
2026-04-28,24.899999618530273,24.899999618530273,25.3700008392334,24.59000015258789,25.350000381469727,3204800
2026-04-29,24.950000762939453,24.950000762939453,25.100000381469727,24.649999618530273,24.75,1651200
2026-04-30,25.809999465942383,25.809999465942383,25.889999389648438,24.969999313354492,25.15999984741211,2786600
2026-05-04,25.860000610351562,25.860000610351562,26.049999237060547,25.510000228881836,25.799999237060547,2081400
2026-05-05,26.649999618530273,26.649999618530273,26.950000762939453,25.8700008392334,25.8700008392334,2515000
2026-05-06,28.270000457763672,28.270000457763672,28.75,27.06999969482422,27.079999923706055,3688400
2026-05-07,27.760000228881836,27.760000228881836,28.790000915527344,27.440000534057617,28.3700008392334,2909500
2026-05-08,24.770000457763672,24.770000457763672,27.010000228881836,24.690000534057617,25.600000381469727,10445200
2026-05-11,24.0,24.0,24.90999984741211,23.81999969482422,24.700000762939453,3311300
2026-05-12,23.68000030517578,23.68000030517578,24.350000381469727,23.530000686645508,23.969999313354492,1805100
2026-05-13,22.600000381469727,22.600000381469727,23.719999313354492,22.450000762939453,23.68000030517578,4893900
2026-05-14,23.0,23.0,23.200000762939453,22.690000534057617,22.790000915527344,3602200
2026-05-15,22.940000534057617,22.940000534057617,23.18000030517578,22.540000915527344,22.770000457763672,2947100
2026-05-18,22.799999237060547,22.799999237060547,23.280000686645508,22.610000610351562,23.0,2031000
2026-05-19,22.290000915527344,22.290000915527344,22.809999465942383,22.06999969482422,22.739999771118164,3063100
2026-05-20,22.65999984741211,22.65999984741211,23.309999465942383,22.350000381469727,22.350000381469727,4724300
2026-05-21,22.31999969482422,22.31999969482422,22.850000381469727,21.850000381469727,22.329999923706055,3640900
2026-05-22,22.190000534057617,22.190000534057617,22.510000228881836,21.899999618530273,22.229999542236328,3227300
2026-05-25,22.729999542236328,22.729999542236328,22.920000076293945,22.309999465942383,22.309999465942383,1690300
2026-05-26,22.270000457763672,22.270000457763672,22.84000015258789,21.950000762939453,22.729999542236328,2493100
2026-05-27,22.18000030517578,22.18000030517578,22.729999542236328,22.040000915527344,22.510000228881836,2060200
2026-05-28,22.149999618530273,22.149999618530273,22.440000534057617,22.0,22.290000915527344,2536900
2026-05-29,21.84000015258789,21.84000015258789,22.149999618530273,21.459999084472656,22.139999389648438,3933400
2026-06-01,21.549999237060547,21.549999237060547,22.149999618530273,21.079999923706055,22.100000381469727,3411500
2026-06-02,21.399999618530273,21.399999618530273,21.780000686645508,21.360000610351562,21.610000610351562,2874200
2026-06-03,20.5,20.5,21.18000030517578,20.040000915527344,21.18000030517578,5226300
2026-06-05,20.420000076293945,20.420000076293945,20.770000457763672,20.110000610351562,20.510000228881836,2084600
2026-06-08,20.5,20.5,20.829999923706055,20.139999389648438,20.360000610351562,3982400
2026-06-09,21.0,21.0,21.43000030517578,20.549999237060547,20.670000076293945,2600800
2026-06-10,20.729999542236328,20.729999542236328,21.190000534057617,20.690000534057617,20.850000381469727,2307600
2026-06-11,21.209999084472656,21.209999084472656,21.540000915527344,20.6299991607666,20.700000762939453,2631600
2026-06-12,21.329999923706055,21.329999923706055,21.68000030517578,20.90999984741211,21.06999969482422,2582000
2026-06-15,21.59000015258789,21.59000015258789,22.09000015258789,21.440000534057617,21.860000610351562,2572600
2026-06-16,21.0,21.0,21.510000228881836,21.0,21.399999618530273,2382900
2026-06-17,20.719999313354492,20.719999313354492,21.610000610351562,20.56999969482422,21.100000381469727,3489100
2026-06-18,21.059999465942383,21.059999465942383,21.31999969482422,20.610000610351562,20.739999771118164,3068600
2026-06-19,20.850000381469727,20.850000381469727,21.200000762939453,20.670000076293945,20.90999984741211,3030900
2026-06-22,20.90999984741211,20.90999984741211,21.270000457763672,20.739999771118164,20.84000015258789,3900100
2026-06-23,21.8799991607666,21.8799991607666,21.93000030517578,20.559999465942383,20.719999313354492,2535200
2026-06-24,22.649999618530273,22.649999618530273,22.65999984741211,21.690000534057617,21.75,3764700
2026-06-25,23.079999923706055,23.079999923706055,23.510000228881836,22.700000762939453,22.780000686645508,4453800
2026-06-26,23.540000915527344,23.540000915527344,23.68000030517578,22.690000534057617,23.09000015258789,2967600
