Price,Adj Close,Close,High,Low,Open,Volume
Ticker,RAIL3.SA,RAIL3.SA,RAIL3.SA,RAIL3.SA,RAIL3.SA,RAIL3.SA
Date,,,,,,
2021-06-28,18.49418830871582,19.610000610351562,19.850000381469727,19.43000030517578,19.56999969482422,5309300
2021-06-29,18.48475456237793,19.600000381469727,19.700000762939453,19.25,19.700000762939453,5545900
2021-06-30,18.060359954833984,19.149999618530273,19.610000610351562,19.149999618530273,19.440000534057617,10627600
2021-07-01,18.626220703125,19.75,19.920000076293945,19.059999465942383,19.209999084472656,14913700
2021-07-02,18.626220703125,19.75,20.049999237060547,19.360000610351562,19.93000030517578,8569900
2021-07-05,18.663944244384766,19.790000915527344,19.950000762939453,19.56999969482422,19.56999969482422,5924200
2021-07-06,18.258411407470703,19.360000610351562,19.799999237060547,19.309999465942383,19.670000076293945,6091100
2021-07-07,19.11663246154785,20.270000457763672,20.389999389648438,19.549999237060547,19.579999923706055,11430900
2021-07-08,18.86199378967285,20.0,20.170000076293945,19.75,19.93000030517578,7068500
2021-07-12,18.984596252441406,20.1299991607666,20.360000610351562,19.90999984741211,20.149999618530273,5522300
2021-07-13,19.239233016967773,20.399999618530273,20.479999542236328,19.850000381469727,19.90999984741211,5310500
2021-07-14,19.578750610351562,20.760000228881836,20.979999542236328,20.510000228881836,20.520000457763672,12042100
2021-07-15,19.36183738708496,20.530000686645508,20.940000534057617,20.5,20.790000915527344,8739600
2021-07-16,19.295818328857422,20.459999084472656,20.75,20.40999984741211,20.68000030517578,5038000
2021-07-19,19.682493209838867,20.8700008392334,21.079999923706055,20.09000015258789,20.1200008392334,18421700
2021-07-20,20.13517951965332,21.350000381469727,21.799999237060547,20.770000457763672,20.770000457763672,27285400
2021-07-21,20.465267181396484,21.700000762939453,21.860000610351562,21.15999984741211,21.350000381469727,14542400
2021-07-22,20.229490280151367,21.450000762939453,21.670000076293945,21.350000381469727,21.6200008392334,5460400
2021-07-23,20.13517951965332,21.350000381469727,21.549999237060547,21.200000762939453,21.399999618530273,2784500
2021-07-26,20.05973243713379,21.270000457763672,21.530000686645508,21.079999923706055,21.31999969482422,3761000
2021-07-27,19.616474151611328,20.799999237060547,21.229999542236328,20.65999984741211,21.229999542236328,7136600
2021-07-28,19.908838272094727,21.110000610351562,21.270000457763672,20.799999237060547,20.799999237060547,6317700
2021-07-29,19.72021484375,20.90999984741211,21.219999313354492,20.770000457763672,21.190000534057617,5696100
2021-07-30,19.484439849853516,20.65999984741211,21.020000457763672,20.549999237060547,20.690000534057617,8055100
2021-08-02,19.63533592224121,20.81999969482422,21.25,20.760000228881836,20.790000915527344,8117400
2021-08-03,19.550457000732422,20.729999542236328,20.8799991607666,20.280000686645508,20.850000381469727,5203200
2021-08-04,19.1354923248291,20.290000915527344,20.729999542236328,20.06999969482422,20.510000228881836,5298100
2021-08-05,18.94687271118164,20.09000015258789,20.600000381469727,19.959999084472656,20.440000534057617,3988600
2021-08-06,19.04118537902832,20.190000534057617,20.299999237060547,19.93000030517578,20.06999969482422,3873000
2021-08-09,18.83370018005371,19.969999313354492,20.3799991607666,19.969999313354492,20.139999389648438,6633900
2021-08-10,18.46589469909668,19.579999923706055,20.170000076293945,19.530000686645508,20.079999923706055,7530300
2021-08-11,18.522478103637695,19.639999389648438,19.8799991607666,19.43000030517578,19.6299991607666,5568500
2021-08-12,18.43760108947754,19.549999237060547,19.81999969482422,19.420000076293945,19.690000534057617,5722700
2021-08-13,18.032068252563477,19.1200008392334,19.3700008392334,18.889999389648438,19.360000610351562,15065800
2021-08-16,17.551088333129883,18.610000610351562,19.079999923706055,18.34000015258789,19.079999923706055,11584100
2021-08-17,17.532224655151367,18.59000015258789,18.6200008392334,18.040000915527344,18.59000015258789,9764800
2021-08-18,17.022951126098633,18.049999237060547,18.549999237060547,18.049999237060547,18.549999237060547,16704400
2021-08-19,17.22100257873535,18.260000228881836,18.260000228881836,17.5,17.950000762939453,17856700
2021-08-20,17.08896827697754,18.1200008392334,18.34000015258789,17.90999984741211,18.0,8538900
2021-08-23,17.38132667541504,18.43000030517578,18.489999771118164,18.049999237060547,18.049999237060547,9503300
2021-08-24,17.664255142211914,18.729999542236328,19.030000686645508,18.5,18.530000686645508,9723300
2021-08-25,17.79629135131836,18.8700008392334,18.940000534057617,18.5,18.68000030517578,7421200
2021-08-26,17.664255142211914,18.729999542236328,18.950000762939453,18.399999618530273,18.700000762939453,11651900
2021-08-27,17.928325653076172,19.010000228881836,19.059999465942383,18.68000030517578,18.799999237060547,17974400
2021-08-30,17.77743148803711,18.850000381469727,19.040000915527344,18.549999237060547,18.920000076293945,10148700
2021-08-31,17.65482521057129,18.719999313354492,19.079999923706055,18.440000534057617,18.850000381469727,11686200
2021-09-01,18.248977661132812,19.350000381469727,19.540000915527344,18.399999618530273,18.739999771118164,16372400
2021-09-02,17.928325653076172,19.010000228881836,19.329999923706055,18.729999542236328,19.219999313354492,10355700
2021-09-03,17.90946388244629,18.989999771118164,19.110000610351562,18.18000030517578,19.100000381469727,21165800
2021-09-06,17.8623104095459,18.940000534057617,19.0,18.559999465942383,18.899999618530273,5639300
2021-09-08,17.19270896911621,18.229999542236328,18.8799991607666,18.1200008392334,18.729999542236328,13474400
2021-09-09,17.503931045532227,18.559999465942383,18.920000076293945,17.8700008392334,18.200000762939453,10014100
2021-09-10,17.08896827697754,18.1200008392334,18.780000686645508,17.940000534057617,18.610000610351562,9058400
2021-09-13,17.400190353393555,18.450000762939453,18.68000030517578,18.31999969482422,18.579999923706055,10287600
2021-09-14,17.371896743774414,18.420000076293945,18.65999984741211,18.420000076293945,18.5,4389400
2021-09-15,17.173845291137695,18.209999084472656,18.530000686645508,18.079999923706055,18.5,5349500
2021-09-16,16.66457176208496,17.670000076293945,18.190000534057617,17.610000610351562,18.1200008392334,9197500
2021-09-17,16.53253936767578,17.530000686645508,17.68000030517578,17.399999618530273,17.68000030517578,9042000
2021-09-20,16.325056076049805,17.309999465942383,17.530000686645508,17.030000686645508,17.479999542236328,8502100
2021-09-21,16.645708084106445,17.649999618530273,17.860000610351562,17.209999084472656,17.3700008392334,20399900
2021-09-22,16.71172523498535,17.719999313354492,17.860000610351562,17.549999237060547,17.860000610351562,17100600
2021-09-23,16.862625122070312,17.8799991607666,18.030000686645508,17.670000076293945,17.799999237060547,11409600
2021-09-24,16.6928653717041,17.700000762939453,17.860000610351562,17.489999771118164,17.68000030517578,5057700
2021-09-27,16.730588912963867,17.739999771118164,17.950000762939453,17.489999771118164,17.6299991607666,9754600
2021-09-28,16.183591842651367,17.15999984741211,17.65999984741211,17.09000015258789,17.56999969482422,6428000
2021-09-29,16.013832092285156,16.979999542236328,17.290000915527344,16.920000076293945,17.25,12173100
2021-09-30,15.83464527130127,16.790000915527344,17.280000686645508,16.760000228881836,17.049999237060547,15404000
2021-10-01,16.325056076049805,17.309999465942383,17.309999465942383,16.670000076293945,16.739999771118164,23374600
2021-10-04,16.03269386291504,17.0,17.049999237060547,16.690000534057617,17.020000457763672,13591400
2021-10-05,16.03269386291504,17.0,17.200000762939453,16.93000030517578,17.059999465942383,7966800
2021-10-06,17.19270896911621,18.229999542236328,18.530000686645508,16.8700008392334,16.899999618530273,25019200
2021-10-07,16.636280059814453,17.639999389648438,18.1200008392334,17.5,18.1200008392334,9723000
2021-10-08,17.202138900756836,18.239999771118164,18.479999542236328,17.649999618530273,17.690000534057617,11398800
2021-10-11,17.13612174987793,18.170000076293945,18.389999389648438,17.969999313354492,18.149999618530273,5704400
2021-10-13,17.39076042175293,18.440000534057617,18.639999389648438,18.010000228881836,18.06999969482422,8941500
2021-10-14,17.579376220703125,18.639999389648438,18.75,18.209999084472656,18.469999313354492,5868200
2021-10-15,17.30588150024414,18.350000381469727,18.68000030517578,18.170000076293945,18.68000030517578,9564200
2021-10-18,17.173845291137695,18.209999084472656,18.34000015258789,17.979999542236328,18.209999084472656,8992800
2021-10-19,16.579694747924805,17.579999923706055,18.0,17.270000457763672,17.8700008392334,15382000
2021-10-20,16.108142852783203,17.079999923706055,17.700000762939453,17.059999465942383,17.65999984741211,13561900
2021-10-21,15.457405090332031,16.389999389648438,17.040000915527344,16.25,16.889999389648438,18362400
2021-10-22,15.636592864990234,16.579999923706055,16.719999313354492,15.630000114440918,16.389999389648438,27554700
2021-10-25,15.78748893737793,16.739999771118164,16.93000030517578,16.31999969482422,16.3700008392334,11144900
2021-10-26,15.3630952835083,16.290000915527344,16.65999984741211,16.18000030517578,16.420000076293945,10109900
2021-10-27,15.278216361999512,16.200000762939453,16.579999923706055,16.06999969482422,16.399999618530273,8996200
2021-10-28,15.183906555175781,16.100000381469727,16.43000030517578,15.949999809265137,16.1200008392334,9654600
2021-10-29,15.080163955688477,15.989999771118164,16.200000762939453,15.720000267028809,16.1299991607666,16126700
2021-11-01,15.617732048034668,16.559999465942383,16.700000762939453,16.040000915527344,16.229999542236328,14151400
2021-11-03,16.334487915039062,17.31999969482422,17.43000030517578,16.399999618530273,16.43000030517578,15062600
2021-11-04,16.24960708618164,17.229999542236328,17.56999969482422,17.010000228881836,17.329999923706055,13166900
2021-11-05,16.023263931274414,16.989999771118164,17.450000762939453,16.709999084472656,17.420000076293945,17489800
2021-11-08,15.806351661682129,16.760000228881836,17.1299991607666,16.559999465942383,17.06999969482422,14251500
2021-11-09,15.966679573059082,16.93000030517578,17.170000076293945,16.719999313354492,16.790000915527344,10327300
2021-11-10,15.881800651550293,16.84000015258789,17.100000381469727,16.670000076293945,16.829999923706055,12691100
2021-11-11,16.20245361328125,17.18000030517578,17.5,16.959999084472656,17.110000610351562,12397400
2021-11-12,15.81578254699707,16.770000457763672,17.18000030517578,16.600000381469727,17.010000228881836,19073300
2021-11-16,15.730900764465332,16.68000030517578,16.940000534057617,16.520000457763672,16.889999389648438,11745800
2021-11-17,15.825212478637695,16.780000686645508,17.110000610351562,16.559999465942383,16.84000015258789,10999100
2021-11-18,15.796920776367188,16.75,17.079999923706055,16.639999389648438,16.940000534057617,9333000
2021-11-19,16.051557540893555,17.020000457763672,17.229999542236328,16.75,16.809999465942383,12991300
2021-11-22,15.90066146850586,16.860000610351562,17.43000030517578,16.68000030517578,17.020000457763672,10140400
2021-11-23,16.56083106994629,17.559999465942383,17.559999465942383,16.8700008392334,17.209999084472656,17296000
2021-11-24,16.551401138305664,17.549999237060547,17.739999771118164,17.270000457763672,17.290000915527344,14596700
2021-11-25,16.89091682434082,17.90999984741211,17.979999542236328,17.600000381469727,17.68000030517578,7255700
2021-11-26,16.61741828918457,17.6200008392334,17.690000534057617,17.350000381469727,17.5,8948500
2021-11-29,16.61741828918457,17.6200008392334,17.8700008392334,17.399999618530273,17.84000015258789,11575200
2021-11-30,16.570262908935547,17.56999969482422,17.56999969482422,17.200000762939453,17.540000915527344,24587200
2021-12-01,16.513673782348633,17.510000228881836,17.969999313354492,17.399999618530273,17.829999923706055,16204800
2021-12-02,16.607986450195312,17.610000610351562,17.920000076293945,17.40999984741211,17.649999618530273,10834600
2021-12-03,17.070104598999023,18.100000381469727,18.540000915527344,17.600000381469727,17.610000610351562,19031200
2021-12-06,16.598556518554688,17.600000381469727,18.3700008392334,17.5,18.229999542236328,19312400
2021-12-07,16.306196212768555,17.290000915527344,17.84000015258789,17.149999618530273,17.690000534057617,13572200
2021-12-08,16.6928653717041,17.700000762939453,17.780000686645508,17.049999237060547,17.299999237060547,14519000
2021-12-09,16.457090377807617,17.450000762939453,17.809999465942383,17.309999465942383,17.65999984741211,6646700
2021-12-10,16.994659423828125,18.020000457763672,18.200000762939453,17.649999618530273,17.65999984741211,8741200
2021-12-13,17.08896827697754,18.1200008392334,18.389999389648438,17.809999465942383,17.899999618530273,9708300
2021-12-14,17.485069274902344,18.540000915527344,18.780000686645508,18.299999237060547,18.309999465942383,14053600
2021-12-15,17.701982498168945,18.770000457763672,19.1299991607666,18.56999969482422,18.610000610351562,18381900
2021-12-16,17.400190353393555,18.450000762939453,19.040000915527344,18.190000534057617,18.950000762939453,16418200
2021-12-17,17.202138900756836,18.239999771118164,18.440000534057617,17.850000381469727,17.920000076293945,14784700
2021-12-20,17.145553588867188,18.18000030517578,18.270000457763672,17.860000610351562,18.1299991607666,8355700
2021-12-21,17.032379150390625,18.059999465942383,18.18000030517578,17.739999771118164,18.110000610351562,9740800
2021-12-22,16.975793838500977,18.0,18.200000762939453,17.760000228881836,18.200000762939453,7103700
2021-12-23,16.66457176208496,17.670000076293945,18.020000457763672,17.670000076293945,18.020000457763672,4891800
2021-12-27,16.787174224853516,17.799999237060547,17.950000762939453,17.670000076293945,17.780000686645508,6991500
2021-12-28,16.53253936767578,17.530000686645508,17.920000076293945,17.440000534057617,17.920000076293945,5827800
2021-12-29,16.50424575805664,17.5,17.68000030517578,17.299999237060547,17.489999771118164,5984200
2021-12-30,16.74945068359375,17.760000228881836,17.81999969482422,17.440000534057617,17.649999618530273,8778100
2022-01-03,16.400503158569336,17.389999389648438,17.899999618530273,17.100000381469727,17.899999618530273,9080400
2022-01-04,16.381641387939453,17.3700008392334,17.559999465942383,17.100000381469727,17.360000610351562,10053300
2022-01-05,15.664886474609375,16.610000610351562,17.229999542236328,16.559999465942383,17.100000381469727,10354500
2022-01-06,15.183906555175781,16.100000381469727,16.979999542236328,15.989999771118164,16.979999542236328,17298000
2022-01-07,14.957560539245605,15.859999656677246,16.110000610351562,15.6899995803833,16.040000915527344,8649400
2022-01-10,14.759510040283203,15.649999618530273,15.819999694824219,15.390000343322754,15.819999694824219,9972600
2022-01-11,15.089595794677734,16.0,16.040000915527344,15.510000228881836,15.510000228881836,10737200
2022-01-12,15.40081787109375,16.329999923706055,16.350000381469727,15.760000228881836,15.899999618530273,8961200
2022-01-13,15.33480167388916,16.260000228881836,16.5,16.149999618530273,16.200000762939453,7614300
2022-01-14,15.381957054138184,16.309999465942383,16.420000076293945,16.1200008392334,16.219999313354492,4790500
2022-01-17,15.419679641723633,16.350000381469727,16.540000915527344,16.1299991607666,16.1299991607666,3878000
2022-01-18,15.46683406829834,16.399999618530273,16.5,16.219999313354492,16.5,4786400
2022-01-19,15.778058052062988,16.729999542236328,16.899999618530273,16.43000030517578,16.559999465942383,6973600
2022-01-20,16.485382080078125,17.479999542236328,17.6200008392334,16.84000015258789,16.8799991607666,9032200
2022-01-21,16.013832092285156,16.979999542236328,17.420000076293945,16.850000381469727,17.399999618530273,11634700
2022-01-24,15.68375015258789,16.6299991607666,17.09000015258789,16.579999923706055,16.979999542236328,6431400
2022-01-25,15.862936973571777,16.81999969482422,16.940000534057617,16.459999084472656,16.549999237060547,8870000
2022-01-26,15.910094261169434,16.8700008392334,17.270000457763672,16.809999465942383,17.0,14266900
2022-01-27,15.712041854858398,16.65999984741211,17.110000610351562,16.479999542236328,17.110000610351562,24283300
2022-01-28,14.863251686096191,15.760000228881836,16.65999984741211,15.6899995803833,16.65999984741211,23991700
2022-01-31,14.731217384338379,15.619999885559082,15.949999809265137,15.40999984741211,15.779999732971191,16527300
2022-02-01,14.627476692199707,15.510000228881836,15.880000114440918,15.1899995803833,15.760000228881836,14263500
2022-02-02,14.570890426635742,15.449999809265137,15.8100004196167,15.430000305175781,15.510000228881836,4907700
2022-02-03,14.353978157043457,15.220000267028809,15.65999984741211,15.020000457763672,15.520000457763672,10535400
2022-02-04,14.391700744628906,15.260000228881836,15.260000228881836,14.789999961853027,15.1899995803833,19246400
2022-02-07,14.023893356323242,14.869999885559082,15.149999618530273,14.720000267028809,15.149999618530273,14098300
2022-02-08,14.684062957763672,15.569999694824219,15.619999885559082,14.770000457763672,15.0,16104600
2022-02-09,15.146181106567383,16.059999465942383,16.239999771118164,15.529999732971191,15.539999961853027,15564400
2022-02-10,15.061302185058594,15.970000267028809,16.18000030517578,15.850000381469727,16.040000915527344,17787600
2022-02-11,15.146181106567383,16.059999465942383,16.25,15.890000343322754,16.06999969482422,10416600
2022-02-14,15.268784523010254,16.190000534057617,16.489999771118164,16.079999923706055,16.079999923706055,8826200
2022-02-15,15.693178176879883,16.639999389648438,16.709999084472656,16.3799991607666,16.459999084472656,8066600
2022-02-16,15.759193420410156,16.709999084472656,16.81999969482422,16.459999084472656,16.780000686645508,7036400
2022-02-17,15.730900764465332,16.68000030517578,16.979999542236328,16.6299991607666,16.639999389648438,7178000
2022-02-18,14.344547271728516,15.210000038146973,16.0,14.960000038146973,15.899999618530273,47509100
2022-02-21,14.40113353729248,15.270000457763672,16.0,15.15999984741211,15.319999694824219,17715400
2022-02-22,14.976425170898438,15.880000114440918,16.219999313354492,15.59000015258789,15.600000381469727,22843100
2022-02-23,14.85382080078125,15.75,16.450000762939453,15.739999771118164,15.859999656677246,17038400
2022-02-24,15.19333553314209,16.110000610351562,16.309999465942383,15.100000381469727,15.350000381469727,12899700
2022-02-25,14.618046760559082,15.5,16.110000610351562,15.329999923706055,16.059999465942383,18571300
2022-03-02,14.750080108642578,15.640000343322754,15.84000015258789,15.350000381469727,15.350000381469727,9010200
2022-03-03,14.684062957763672,15.569999694824219,15.829999923706055,15.529999732971191,15.600000381469727,6416000
2022-03-04,14.382271766662598,15.25,15.640000343322754,14.979999542236328,15.579999923706055,9517000
2022-03-07,14.665202140808105,15.550000190734863,15.979999542236328,15.039999961853027,15.1899995803833,18397000
2022-03-08,15.231060028076172,16.149999618530273,16.309999465942383,15.5600004196167,15.5600004196167,25535300
2022-03-09,15.53285026550293,16.469999313354492,16.579999923706055,15.970000267028809,16.190000534057617,12046200
2022-03-10,15.33480167388916,16.260000228881836,16.639999389648438,16.049999237060547,16.350000381469727,9134400
2022-03-11,14.67463207244873,15.5600004196167,16.469999313354492,15.40999984741211,16.329999923706055,12389900
2022-03-14,14.504873275756836,15.380000114440918,16.110000610351562,15.260000228881836,15.920000076293945,8197100
2022-03-15,14.382271766662598,15.25,15.460000038146973,15.050000190734863,15.289999961853027,9136500
2022-03-16,14.816096305847168,15.710000038146973,15.800000190734863,15.279999732971191,15.430000305175781,8397800
2022-03-17,15.636592864990234,16.579999923706055,16.6299991607666,15.569999694824219,15.6899995803833,20861000
2022-03-18,16.66457176208496,17.670000076293945,17.670000076293945,16.389999389648438,16.520000457763672,24916500
2022-03-21,16.221315383911133,17.200000762939453,17.760000228881836,17.1299991607666,17.450000762939453,5922200
2022-03-22,16.56083106994629,17.559999465942383,17.760000228881836,17.389999389648438,17.6200008392334,6177800
2022-03-23,16.61741828918457,17.6200008392334,17.90999984741211,17.40999984741211,17.639999389648438,6359600
2022-03-24,17.145553588867188,18.18000030517578,18.280000686645508,17.479999542236328,17.700000762939453,12789500
2022-03-25,17.36246681213379,18.40999984741211,18.600000381469727,18.15999984741211,18.280000686645508,12822900
2022-03-28,17.65482521057129,18.719999313354492,18.979999542236328,18.309999465942383,18.549999237060547,8963700
2022-03-29,17.428482055664062,18.479999542236328,19.229999542236328,18.43000030517578,19.0,10393000
2022-03-30,17.371896743774414,18.420000076293945,18.65999984741211,18.270000457763672,18.56999969482422,5464200
2022-03-31,17.49449920654297,18.549999237060547,18.8700008392334,18.40999984741211,18.56999969482422,13320900
2022-04-01,17.918893814086914,19.0,19.09000015258789,18.6200008392334,18.700000762939453,17041700
2022-04-04,17.80572509765625,18.8799991607666,19.030000686645508,18.700000762939453,18.950000762939453,3707700
2022-04-05,17.46620750427246,18.520000457763672,19.079999923706055,18.360000610351562,18.989999771118164,10463200
2022-04-06,17.070104598999023,18.100000381469727,18.549999237060547,17.8700008392334,18.43000030517578,12859400
2022-04-07,17.032379150390625,18.059999465942383,18.170000076293945,17.8799991607666,17.8799991607666,4987300
2022-04-08,17.230432510375977,18.270000457763672,18.329999923706055,17.780000686645508,17.860000610351562,9109700
2022-04-11,17.211570739746094,18.25,18.40999984741211,17.959999084472656,18.0,6260000
2022-04-12,17.40962028503418,18.459999084472656,18.860000610351562,18.25,18.25,7505900
2022-04-13,17.485069274902344,18.540000915527344,18.81999969482422,18.360000610351562,18.389999389648438,6516200
2022-04-14,17.3530330657959,18.399999618530273,18.610000610351562,18.219999313354492,18.520000457763672,7763200
2022-04-18,17.022951126098633,18.049999237060547,18.56999969482422,17.989999771118164,18.350000381469727,7552200
2022-04-19,16.975793838500977,18.0,18.079999923706055,17.719999313354492,17.90999984741211,4649900
2022-04-20,17.758567810058594,18.829999923706055,18.899999618530273,18.06999969482422,18.170000076293945,14468600
2022-04-22,17.249296188354492,18.290000915527344,18.969999313354492,18.15999984741211,18.65999984741211,9412600
2022-04-25,17.249296188354492,18.290000915527344,18.290000915527344,18.290000915527344,18.290000915527344,0
2022-04-26,16.787174224853516,17.799999237060547,18.09000015258789,17.530000686645508,18.09000015258789,7899700
2022-04-27,16.66457176208496,17.670000076293945,18.020000457763672,17.6200008392334,17.799999237060547,11461700
2022-04-28,16.40900230407715,17.3799991607666,17.770000457763672,17.3799991607666,17.739999771118164,9836000
2022-04-29,15.455429077148438,16.3700008392334,17.690000534057617,16.3700008392334,17.690000534057617,13017300
2022-05-02,14.936158180236816,15.819999694824219,16.43000030517578,15.609999656677246,16.360000610351562,12563000
2022-05-03,15.068336486816406,15.960000038146973,16.15999984741211,15.680000305175781,15.869999885559082,9245200
2022-05-04,15.294928550720215,16.200000762939453,16.31999969482422,15.569999694824219,15.880000114440918,17924800
2022-05-05,14.813420295715332,15.6899995803833,16.190000534057617,15.479999542236328,16.040000915527344,6042700
2022-05-06,14.492416381835938,15.350000381469727,15.899999618530273,15.170000076293945,15.640000343322754,11849100
2022-05-09,14.58682918548584,15.449999809265137,15.75,15.109999656677246,15.170000076293945,13622200
2022-05-10,14.45465087890625,15.3100004196167,15.609999656677246,15.229999542236328,15.5,9951300
2022-05-11,14.50185775756836,15.359999656677246,15.5,15.050000190734863,15.359999656677246,6571300
2022-05-12,14.416886329650879,15.270000457763672,15.430000305175781,14.979999542236328,15.279999732971191,13389200
2022-05-13,14.671801567077637,15.539999961853027,15.979999542236328,15.15999984741211,15.199999809265137,17681600
2022-05-16,15.068336486816406,15.960000038146973,16.110000610351562,15.539999961853027,15.800000190734863,10561100
2022-05-17,15.134427070617676,16.030000686645508,16.350000381469727,15.8100004196167,16.200000762939453,13418600
2022-05-18,14.737889289855957,15.609999656677246,15.920000076293945,15.460000038146973,15.890000343322754,9613600
2022-05-19,14.737889289855957,15.609999656677246,15.8100004196167,15.420000076293945,15.489999771118164,8192200
2022-05-20,14.983365058898926,15.869999885559082,16.030000686645508,15.619999885559082,15.789999961853027,9231200
2022-05-23,15.181631088256836,16.079999923706055,16.149999618530273,15.850000381469727,15.930000305175781,17127200
2022-05-24,15.266603469848633,16.170000076293945,16.18000030517578,15.729999542236328,15.979999542236328,9871700
2022-05-25,15.143867492675781,16.040000915527344,16.15999984741211,15.800000190734863,15.979999542236328,10068000
2022-05-26,16.191852569580078,17.149999618530273,17.25,16.06999969482422,16.100000381469727,18156400
2022-05-27,16.125762939453125,17.079999923706055,17.239999771118164,16.90999984741211,17.110000610351562,9930400
2022-05-30,16.2012939453125,17.15999984741211,17.360000610351562,17.030000686645508,17.25,5663800
2022-05-31,16.69223976135254,17.68000030517578,17.81999969482422,17.18000030517578,17.3799991607666,25689800
2022-06-01,16.796096801757812,17.790000915527344,18.15999984741211,17.6200008392334,17.68000030517578,14291000
2022-06-02,17.324810028076172,18.350000381469727,18.40999984741211,17.790000915527344,17.979999542236328,7328200
2022-06-03,17.362573623657227,18.389999389648438,18.540000915527344,18.200000762939453,18.350000381469727,11564200
2022-06-06,17.22095489501953,18.239999771118164,18.729999542236328,18.170000076293945,18.520000457763672,20222700
2022-06-07,16.87162971496582,17.8700008392334,18.149999618530273,17.670000076293945,18.100000381469727,8129500
2022-06-08,16.663915634155273,17.649999618530273,18.18000030517578,17.549999237060547,17.6299991607666,8564300
2022-06-09,16.92827606201172,17.93000030517578,18.049999237060547,17.56999969482422,17.610000610351562,10493700
2022-06-10,16.484533309936523,17.459999084472656,17.700000762939453,17.079999923706055,17.649999618530273,13447300
2022-06-13,16.059673309326172,17.010000228881836,17.290000915527344,16.81999969482422,17.229999542236328,8348000
2022-06-14,16.10688018798828,17.059999465942383,17.190000534057617,16.770000457763672,16.90999984741211,8764800
2022-06-15,16.125762939453125,17.079999923706055,17.3799991607666,16.84000015258789,17.3700008392334,7988300
2022-06-17,15.946377754211426,16.889999389648438,16.969999313354492,16.420000076293945,16.84000015258789,14396100
2022-06-20,15.814199447631836,16.75,17.0,16.459999084472656,17.0,6311400
2022-06-21,15.814199447631836,16.75,16.8799991607666,16.549999237060547,16.780000686645508,7442100
2022-06-22,15.85196590423584,16.790000915527344,16.959999084472656,16.15999984741211,16.540000915527344,11379600
2022-06-23,15.785874366760254,16.719999313354492,17.239999771118164,16.670000076293945,16.780000686645508,8446400
2022-06-24,15.700905799865723,16.6299991607666,17.25,16.540000915527344,16.899999618530273,13148200
2022-06-27,15.757551193237305,16.690000534057617,17.100000381469727,16.579999923706055,16.600000381469727,6083800
2022-06-28,15.445987701416016,16.360000610351562,16.829999923706055,16.1200008392334,16.700000762939453,10773500
2022-06-29,15.427106857299805,16.34000015258789,16.65999984741211,16.170000076293945,16.530000686645508,9759800
2022-06-30,15.077776908874512,15.970000267028809,16.18000030517578,15.829999923706055,16.010000228881836,10909800
2022-07-01,15.096659660339355,15.989999771118164,16.059999465942383,15.619999885559082,15.819999694824219,10423000
2022-07-04,15.058895111083984,15.949999809265137,16.200000762939453,15.800000190734863,15.819999694824219,3600200
2022-07-05,15.228837013244629,16.1299991607666,16.229999542236328,15.760000228881836,15.789999961853027,8437400
2022-07-06,15.209956169128418,16.110000610351562,16.360000610351562,15.850000381469727,15.960000038146973,10108100
2022-07-07,15.219398498535156,16.1200008392334,16.40999984741211,16.09000015258789,16.350000381469727,10895800
2022-07-08,15.181631088256836,16.079999923706055,16.280000686645508,15.899999618530273,16.170000076293945,9563800
2022-07-11,14.879509925842285,15.760000228881836,16.06999969482422,15.720000267028809,15.949999809265137,5491700
2022-07-12,14.803979873657227,15.680000305175781,15.84000015258789,15.539999961853027,15.84000015258789,4671000
2022-07-13,14.567947387695312,15.430000305175781,15.779999732971191,15.40999984741211,15.600000381469727,5462500
2022-07-14,14.53962230682373,15.399999618530273,15.5,15.220000267028809,15.319999694824219,5494700
2022-07-15,14.482975959777832,15.34000015258789,15.5,15.220000267028809,15.380000114440918,4127500
2022-07-18,14.90783405303955,15.789999961853027,16.020000457763672,15.5,15.579999923706055,9551100
2022-07-19,15.011688232421875,15.899999618530273,16.100000381469727,15.84000015258789,15.920000076293945,6302500
2022-07-20,15.1155424118042,16.010000228881836,16.09000015258789,15.630000114440918,15.859999656677246,6841600
2022-07-21,15.1155424118042,16.010000228881836,16.079999923706055,15.75,15.800000190734863,5288400
2022-07-22,15.191073417663574,16.09000015258789,16.170000076293945,15.890000343322754,16.06999969482422,8626100
2022-07-25,15.493195533752441,16.40999984741211,16.479999542236328,16.1299991607666,16.15999984741211,7187900
2022-07-26,15.568726539611816,16.489999771118164,16.68000030517578,16.360000610351562,16.5,7363300
2022-07-27,16.41844367980957,17.389999389648438,17.389999389648438,16.5,16.520000457763672,11144800
2022-07-28,16.56950569152832,17.549999237060547,17.600000381469727,17.280000686645508,17.329999923706055,6992200
2022-07-29,16.5600643157959,17.540000915527344,17.729999542236328,17.399999618530273,17.549999237060547,6931900
2022-08-01,16.5600643157959,17.540000915527344,17.709999084472656,17.3700008392334,17.489999771118164,8811900
2022-08-02,16.730005264282227,17.719999313354492,17.75,17.3700008392334,17.3799991607666,8728600
2022-08-03,16.95659828186035,17.959999084472656,18.020000457763672,17.559999465942383,17.739999771118164,7785700
2022-08-04,17.447546005249023,18.479999542236328,18.65999984741211,17.8799991607666,18.06999969482422,14920900
2022-08-05,17.28704261779785,18.309999465942383,18.489999771118164,18.170000076293945,18.459999084472656,8524300
2022-08-08,17.37201690673828,18.399999618530273,18.649999618530273,18.299999237060547,18.450000762939453,8571800
2022-08-09,16.994361877441406,18.0,18.59000015258789,17.829999923706055,18.420000076293945,9057000
2022-08-10,17.37201690673828,18.399999618530273,18.600000381469727,18.239999771118164,18.389999389648438,7150300
2022-08-11,17.390899658203125,18.420000076293945,18.809999465942383,18.1200008392334,18.530000686645508,12962000
2022-08-12,18.297264099121094,19.3799991607666,19.479999542236328,18.540000915527344,18.700000762939453,20034800
2022-08-15,18.561620712280273,19.65999984741211,19.739999771118164,19.040000915527344,19.200000762939453,10681000
2022-08-16,18.608829498291016,19.709999084472656,19.860000610351562,19.459999084472656,19.65999984741211,10945300
2022-08-17,18.769330978393555,19.8799991607666,20.030000686645508,19.549999237060547,19.739999771118164,11838300
2022-08-18,18.84486198425293,19.959999084472656,20.020000457763672,19.690000534057617,19.8700008392334,4917000
2022-08-19,18.250059127807617,19.329999923706055,19.860000610351562,19.139999389648438,19.850000381469727,8647600
2022-08-22,18.16508674621582,19.239999771118164,19.479999542236328,19.139999389648438,19.309999465942383,6046700
2022-08-23,18.467208862304688,19.559999465942383,19.739999771118164,19.100000381469727,19.229999542236328,9023500
2022-08-24,18.882627487182617,20.0,20.049999237060547,19.139999389648438,19.6200008392334,13568900
2022-08-25,19.15642547607422,20.290000915527344,20.399999618530273,19.729999542236328,20.239999771118164,10926400
2022-08-26,18.910953521728516,20.030000686645508,20.520000457763672,19.829999923706055,20.489999771118164,8605500
2022-08-29,18.96759796142578,20.09000015258789,20.360000610351562,19.850000381469727,19.989999771118164,5966200
2022-08-30,19.00536346435547,20.1299991607666,20.81999969482422,19.860000610351562,20.280000686645508,14867500
2022-08-31,19.080896377563477,20.209999084472656,20.579999923706055,20.040000915527344,20.450000762939453,13224900
2022-09-01,19.231956481933594,20.3700008392334,20.8700008392334,20.06999969482422,20.5,15537900
2022-09-02,19.128101348876953,20.260000228881836,20.600000381469727,20.0,20.600000381469727,13343500
2022-09-05,19.4207820892334,20.56999969482422,20.84000015258789,20.309999465942383,20.6200008392334,5434800
2022-09-06,19.080896377563477,20.209999084472656,20.649999618530273,20.020000457763672,20.399999618530273,11452900
2022-09-08,19.222515106201172,20.360000610351562,20.649999618530273,20.030000686645508,20.139999389648438,10330100
2022-09-09,19.571842193603516,20.729999542236328,20.790000915527344,20.329999923706055,20.5,10563900
2022-09-12,19.49631118774414,20.649999618530273,20.90999984741211,20.270000457763672,20.799999237060547,11015800
2022-09-13,18.684362411499023,19.790000915527344,20.65999984741211,19.6299991607666,20.3799991607666,16633600
2022-09-14,19.00536346435547,20.1299991607666,20.139999389648438,19.40999984741211,19.780000686645508,8680800
2022-09-15,18.769330978393555,19.8799991607666,20.149999618530273,19.709999084472656,20.049999237060547,8982200
2022-09-16,18.561620712280273,19.65999984741211,19.93000030517578,19.309999465942383,19.68000030517578,19325500
2022-09-19,18.684362411499023,19.790000915527344,19.889999389648438,19.40999984741211,19.6200008392334,7249100
2022-09-20,18.542739868164062,19.639999389648438,20.09000015258789,19.440000534057617,19.8700008392334,8962100
2022-09-21,18.74100685119629,19.850000381469727,20.06999969482422,19.540000915527344,19.649999618530273,8268800
2022-09-22,18.882627487182617,20.0,20.209999084472656,19.600000381469727,20.059999465942383,13683100
2022-09-23,18.268939971923828,19.350000381469727,19.829999923706055,19.049999237060547,19.700000762939453,13649900
2022-09-26,17.796876907348633,18.850000381469727,19.440000534057617,18.65999984741211,19.15999984741211,16573300
2022-09-27,17.541961669921875,18.579999923706055,19.06999969482422,18.1299991607666,18.889999389648438,31350600
2022-09-28,17.42866325378418,18.459999084472656,18.760000228881836,18.280000686645508,18.440000534057617,18270800
2022-09-29,17.173751831054688,18.190000534057617,18.350000381469727,17.979999542236328,18.06999969482422,8666100
2022-09-30,17.447546005249023,18.479999542236328,18.610000610351562,17.989999771118164,18.110000610351562,13661000
2022-10-03,18.16508674621582,19.239999771118164,19.3799991607666,18.610000610351562,18.950000762939453,13902000
2022-10-04,18.31614875793457,19.399999618530273,19.989999771118164,19.34000015258789,19.899999618530273,8213200
2022-10-05,18.467208862304688,19.559999465942383,19.56999969482422,19.1200008392334,19.5,7348900
2022-10-06,18.7032413482666,19.809999465942383,20.1200008392334,19.600000381469727,19.690000534057617,13670100
2022-10-07,18.04235076904297,19.110000610351562,19.899999618530273,18.790000915527344,19.709999084472656,16520200
2022-10-10,17.211515426635742,18.229999542236328,19.3799991607666,18.09000015258789,19.200000762939453,29511700
2022-10-11,17.938495635986328,19.0,19.030000686645508,18.06999969482422,18.110000610351562,21379700
2022-10-13,18.665475845336914,19.770000457763672,19.940000534057617,18.420000076293945,18.5,15595400
2022-10-14,18.22173500061035,19.299999237060547,19.809999465942383,19.200000762939453,19.719999313354492,6839200
2022-10-17,18.920392990112305,20.040000915527344,20.34000015258789,19.239999771118164,19.459999084472656,14691300
2022-10-18,19.298046112060547,20.440000534057617,21.049999237060547,20.100000381469727,20.260000228881836,27206800
2022-10-19,19.54351806640625,20.700000762939453,20.809999465942383,20.18000030517578,20.43000030517578,14647000
2022-10-20,19.54351806640625,20.700000762939453,20.899999618530273,20.190000534057617,20.8700008392334,17088000
2022-10-21,20.072233200073242,21.260000228881836,21.389999389648438,20.270000457763672,20.579999923706055,13484200
2022-10-24,19.87396240234375,21.049999237060547,21.15999984741211,20.799999237060547,21.049999237060547,5992800
2022-10-25,19.43022346496582,20.579999923706055,21.0,20.579999923706055,21.0,7559900
2022-10-26,19.043128967285156,20.170000076293945,20.719999313354492,20.020000457763672,20.489999771118164,9852200
2022-10-27,19.788991928100586,20.959999084472656,21.209999084472656,20.329999923706055,20.520000457763672,12484600
2022-10-28,20.05335235595703,21.239999771118164,21.239999771118164,20.760000228881836,20.899999618530273,12272400
2022-10-31,20.90306854248047,22.139999389648438,22.299999237060547,20.770000457763672,21.0,14712600
2022-11-01,20.629270553588867,21.850000381469727,22.34000015258789,21.6299991607666,22.34000015258789,9116100
2022-11-03,20.6009464263916,21.81999969482422,22.270000457763672,21.309999465942383,21.40999984741211,8719800
2022-11-04,19.316926956176758,20.459999084472656,21.59000015258789,20.1299991607666,21.5,29360900
2022-11-07,19.090335845947266,20.219999313354492,21.09000015258789,20.15999984741211,20.40999984741211,17577100
2022-11-08,19.619050979614258,20.780000686645508,21.06999969482422,20.040000915527344,20.059999465942383,14109600
2022-11-09,19.34524917602539,20.489999771118164,20.959999084472656,20.34000015258789,20.649999618530273,11787000
2022-11-10,18.504974365234375,19.600000381469727,20.040000915527344,19.1200008392334,19.899999618530273,13522700
2022-11-11,18.84486198425293,19.959999084472656,20.440000534057617,19.190000534057617,19.5,14224300
2022-11-14,18.86374282836914,19.979999542236328,20.450000762939453,19.65999984741211,20.450000762939453,14317800
2022-11-16,18.127323150634766,19.200000762939453,19.959999084472656,18.989999771118164,19.959999084472656,16803600
2022-11-17,17.825199127197266,18.8799991607666,18.90999984741211,18.0,18.84000015258789,26764900
2022-11-18,18.183971405029297,19.260000228881836,19.639999389648438,19.020000457763672,19.020000457763672,12565400
2022-11-21,18.722124099731445,19.829999923706055,20.06999969482422,19.25,19.639999389648438,15762300
2022-11-22,18.42000389099121,19.510000228881836,19.979999542236328,19.260000228881836,19.959999084472656,9454000
2022-11-23,18.297264099121094,19.3799991607666,19.639999389648438,19.09000015258789,19.440000534057617,9004600
2022-11-24,18.84486198425293,19.959999084472656,20.280000686645508,19.40999984741211,19.59000015258789,3911300
2022-11-25,17.853525161743164,18.90999984741211,19.93000030517578,18.709999084472656,19.93000030517578,12703100
2022-11-28,18.504974365234375,19.600000381469727,19.729999542236328,19.100000381469727,19.100000381469727,20371900
2022-11-29,18.37279510498047,19.459999084472656,20.079999923706055,19.399999618530273,19.68000030517578,13400700
2022-11-30,18.37279510498047,19.459999084472656,19.770000457763672,18.8799991607666,19.440000534057617,14189500
2022-12-01,18.04235076904297,19.110000610351562,19.34000015258789,18.8700008392334,19.1299991607666,13319100
2022-12-02,18.16508674621582,19.239999771118164,19.549999237060547,18.989999771118164,19.0,12882900
2022-12-05,17.74966812133789,18.799999237060547,19.149999618530273,18.690000534057617,18.979999542236328,4959000
2022-12-06,17.73078727722168,18.780000686645508,18.899999618530273,18.440000534057617,18.899999618530273,5433900
2022-12-07,17.655256271362305,18.700000762939453,18.93000030517578,18.489999771118164,18.760000228881836,9517800
2022-12-08,16.56950569152832,17.549999237060547,18.75,17.43000030517578,18.639999389648438,18906800
2022-12-09,16.654478073120117,17.639999389648438,17.899999618530273,17.3700008392334,17.549999237060547,9782700
2022-12-12,16.456209182739258,17.43000030517578,18.0,17.09000015258789,17.799999237060547,12373500
2022-12-13,15.597051620483398,16.520000457763672,17.65999984741211,16.450000762939453,17.43000030517578,21728900
2022-12-14,15.965263366699219,16.90999984741211,17.110000610351562,16.209999084472656,16.280000686645508,13956000
2022-12-15,16.182411193847656,17.139999389648438,17.469999313354492,16.530000686645508,16.670000076293945,12684800
2022-12-16,16.191852569580078,17.149999618530273,17.190000534057617,16.790000915527344,17.1299991607666,11916800
2022-12-19,16.635597229003906,17.6200008392334,17.719999313354492,17.1200008392334,17.219999313354492,7627600
2022-12-20,17.305927276611328,18.329999923706055,18.799999237060547,17.520000457763672,17.559999465942383,19319200
2022-12-21,17.494754791259766,18.530000686645508,18.68000030517578,18.190000534057617,18.31999969482422,17549600
2022-12-22,17.5230770111084,18.559999465942383,19.100000381469727,18.40999984741211,18.520000457763672,7391300
2022-12-23,18.080116271972656,19.149999618530273,19.520000457763672,18.56999969482422,18.639999389648438,7768200
2022-12-26,17.4664306640625,18.5,19.1200008392334,18.399999618530273,19.049999237060547,3188700
2022-12-27,17.04157066345215,18.049999237060547,18.600000381469727,17.899999618530273,18.600000381469727,8959500
2022-12-28,17.438106536865234,18.469999313354492,18.719999313354492,18.110000610351562,18.170000076293945,5995500
2022-12-29,17.570287704467773,18.610000610351562,18.829999923706055,18.3700008392334,18.690000534057617,5980000
2023-01-02,16.673358917236328,17.65999984741211,18.479999542236328,17.540000915527344,18.309999465942383,11855600
2023-01-03,16.29570770263672,17.260000228881836,17.709999084472656,17.1200008392334,17.65999984741211,7425800
2023-01-04,16.541181564331055,17.520000457763672,17.690000534057617,17.110000610351562,17.440000534057617,7541700
2023-01-05,16.654478073120117,17.639999389648438,17.84000015258789,17.229999542236328,17.530000686645508,8129000
2023-01-06,16.805538177490234,17.799999237060547,17.950000762939453,17.540000915527344,17.670000076293945,5244100
2023-01-09,16.730005264282227,17.719999313354492,18.170000076293945,17.600000381469727,17.799999237060547,6421200
2023-01-10,17.11709976196289,18.1299991607666,18.260000228881836,17.459999084472656,17.5,6129600
2023-01-11,17.494754791259766,18.530000686645508,18.59000015258789,18.030000686645508,18.1200008392334,5360900
2023-01-12,17.62693214416504,18.670000076293945,19.25,18.299999237060547,18.450000762939453,10063700
2023-01-13,17.34369468688965,18.3700008392334,18.649999618530273,17.770000457763672,18.270000457763672,11934700
2023-01-16,17.277605056762695,18.299999237060547,18.68000030517578,18.18000030517578,18.209999084472656,5760100
2023-01-17,17.53251838684082,18.56999969482422,18.760000228881836,18.149999618530273,18.299999237060547,6886700
2023-01-18,17.815759658813477,18.8700008392334,19.229999542236328,18.760000228881836,18.940000534057617,9166300
2023-01-19,18.00458335876465,19.06999969482422,19.190000534057617,18.6200008392334,18.670000076293945,7774100
2023-01-20,17.334251403808594,18.360000610351562,19.059999465942383,18.31999969482422,19.059999465942383,15771100
2023-01-23,17.456987380981445,18.489999771118164,18.860000610351562,18.329999923706055,18.559999465942383,12857700
2023-01-24,17.768552780151367,18.81999969482422,18.969999313354492,18.440000534057617,18.56999969482422,6694500
2023-01-25,17.73078727722168,18.780000686645508,18.969999313354492,18.3700008392334,18.790000915527344,5690500
2023-01-26,17.7402286529541,18.790000915527344,18.940000534057617,18.56999969482422,18.829999923706055,5315300
2023-01-27,17.494754791259766,18.530000686645508,18.899999618530273,18.489999771118164,18.739999771118164,11205000
2023-01-30,17.173751831054688,18.190000534057617,18.6299991607666,17.950000762939453,18.56999969482422,12184400
2023-01-31,17.353132247924805,18.3799991607666,18.549999237060547,18.190000534057617,18.299999237060547,7275600
2023-02-01,17.11709976196289,18.1299991607666,18.43000030517578,17.56999969482422,18.329999923706055,18401200
2023-02-02,17.37201690673828,18.399999618530273,18.670000076293945,18.020000457763672,18.020000457763672,7267300
2023-02-03,17.032129287719727,18.040000915527344,18.329999923706055,17.899999618530273,18.1200008392334,6900000
2023-02-06,16.5600643157959,17.540000915527344,18.030000686645508,17.34000015258789,18.030000686645508,16213500
2023-02-07,16.720565795898438,17.709999084472656,17.790000915527344,17.329999923706055,17.530000686645508,21289000
2023-02-08,16.805538177490234,17.799999237060547,18.079999923706055,17.65999984741211,17.889999389648438,17148300
2023-02-09,16.040790557861328,16.989999771118164,17.969999313354492,16.93000030517578,17.84000015258789,10605300
2023-02-10,16.5600643157959,17.540000915527344,17.6200008392334,17.0,17.0,7789500
2023-02-13,16.531740188598633,17.510000228881836,17.690000534057617,17.3799991607666,17.479999542236328,5868500
2023-02-14,16.390119552612305,17.360000610351562,17.639999389648438,16.969999313354492,17.600000381469727,6322400
2023-02-15,16.456209182739258,17.43000030517578,17.690000534057617,16.969999313354492,17.389999389648438,11563400
2023-02-16,16.947160720825195,17.950000762939453,18.290000915527344,17.399999618530273,17.479999542236328,15009800
2023-02-17,17.23984146118164,18.260000228881836,18.479999542236328,17.809999465942383,17.809999465942383,9953800
2023-02-22,16.994361877441406,18.0,18.040000915527344,17.290000915527344,17.649999618530273,6473200
2023-02-23,16.909393310546875,17.90999984741211,18.190000534057617,17.56999969482422,18.0,5588400
2023-02-24,17.003807067871094,18.010000228881836,18.15999984741211,17.649999618530273,17.959999084472656,6578000
2023-02-27,17.069894790649414,18.079999923706055,18.18000030517578,17.8700008392334,18.010000228881836,7794500
2023-02-28,16.95659828186035,17.959999084472656,18.239999771118164,17.920000076293945,18.100000381469727,9087300
2023-03-01,16.456209182739258,17.43000030517578,18.079999923706055,17.15999984741211,18.059999465942383,13692700
2023-03-02,16.7772159576416,17.770000457763672,17.93000030517578,17.299999237060547,17.420000076293945,12680600
2023-03-03,16.701684951782227,17.690000534057617,17.899999618530273,17.56999969482422,17.760000228881836,12829100
2023-03-06,17.051010131835938,18.059999465942383,18.270000457763672,17.65999984741211,17.850000381469727,7539000
2023-03-07,17.34369468688965,18.3700008392334,18.6299991607666,18.06999969482422,18.100000381469727,14025000
2023-03-08,17.938495635986328,19.0,19.100000381469727,18.360000610351562,18.469999313354492,14928600
2023-03-09,18.014026641845703,19.079999923706055,19.610000610351562,18.989999771118164,19.0,12899800
2023-03-10,17.957378387451172,19.020000457763672,19.239999771118164,18.709999084472656,19.030000686645508,11173200
2023-03-13,17.90073013305664,18.959999084472656,19.18000030517578,18.670000076293945,18.850000381469727,6607300
2023-03-14,17.53251838684082,18.56999969482422,19.260000228881836,18.40999984741211,19.110000610351562,16575000
2023-03-15,17.456987380981445,18.489999771118164,18.670000076293945,17.780000686645508,18.0,18953900
2023-03-16,17.608047485351562,18.649999618530273,18.850000381469727,18.06999969482422,18.43000030517578,10848300
2023-03-17,17.73078727722168,18.780000686645508,18.850000381469727,18.200000762939453,18.56999969482422,15080700
2023-03-20,17.475872039794922,18.510000228881836,18.889999389648438,18.3700008392334,18.809999465942383,10477200
2023-03-21,17.53251838684082,18.56999969482422,18.729999542236328,18.420000076293945,18.520000457763672,4933600
2023-03-22,17.390899658203125,18.420000076293945,18.8700008392334,18.350000381469727,18.610000610351562,6132500
2023-03-23,16.8338623046875,17.829999923706055,18.579999923706055,17.579999923706055,18.420000076293945,10425700
2023-03-24,17.135984420776367,18.149999618530273,18.280000686645508,17.760000228881836,17.829999923706055,5967800
2023-03-27,17.305927276611328,18.329999923706055,18.459999084472656,18.15999984741211,18.25,5121700
2023-03-28,17.494754791259766,18.530000686645508,18.760000228881836,18.209999084472656,18.229999542236328,8585000
2023-03-29,17.655256271362305,18.700000762939453,18.770000457763672,18.309999465942383,18.649999618530273,6314900
2023-03-30,17.985700607299805,19.049999237060547,19.219999313354492,18.739999771118164,18.799999237060547,12143800
2023-03-31,17.796876907348633,18.850000381469727,19.3799991607666,18.760000228881836,19.110000610351562,13412100
2023-04-03,17.91016960144043,18.969999313354492,19.09000015258789,18.700000762939453,18.959999084472656,9772400
2023-04-04,18.136760711669922,19.209999084472656,19.579999923706055,19.030000686645508,19.049999237060547,13240300
2023-04-05,17.608047485351562,18.649999618530273,19.5,18.43000030517578,19.299999237060547,11761400
2023-04-06,17.617490768432617,18.65999984741211,18.799999237060547,18.5,18.6299991607666,5250600
2023-04-10,17.551403045654297,18.59000015258789,18.81999969482422,18.489999771118164,18.809999465942383,5153400
2023-04-11,17.976261138916016,19.040000915527344,19.149999618530273,18.610000610351562,19.0,12329200
2023-04-12,18.240617752075195,19.31999969482422,19.649999618530273,18.950000762939453,19.100000381469727,13471300
2023-04-13,18.16508674621582,19.239999771118164,19.559999465942383,19.139999389648438,19.5,9095000
2023-04-14,18.212295532226562,19.290000915527344,19.290000915527344,18.850000381469727,19.200000762939453,15650400
2023-04-17,18.59938621520996,19.700000762939453,19.790000915527344,19.260000228881836,19.290000915527344,14134500
2023-04-18,18.52385902404785,19.6200008392334,19.770000457763672,19.229999542236328,19.670000076293945,11991200
2023-04-19,18.23117446899414,19.309999465942383,19.530000686645508,19.190000534057617,19.43000030517578,7262300
2023-04-20,18.60634994506836,19.639999389648438,19.829999923706055,19.059999465942383,19.239999771118164,10821300
2023-04-24,18.710561752319336,19.75,19.90999984741211,19.479999542236328,19.84000015258789,8068800
2023-04-25,18.663192749023438,19.700000762939453,19.889999389648438,19.489999771118164,19.719999313354492,9164000
2023-04-26,18.47372055053711,19.5,19.81999969482422,19.389999389648438,19.600000381469727,5163000
2023-04-27,18.445297241210938,19.469999313354492,19.59000015258789,19.219999313354492,19.489999771118164,6567000
2023-04-28,18.663192749023438,19.700000762939453,19.850000381469727,19.389999389648438,19.5,8418500
2023-05-02,18.64424705505371,19.68000030517578,19.850000381469727,19.43000030517578,19.600000381469727,10396200
2023-05-03,18.89056396484375,19.940000534057617,20.1200008392334,19.540000915527344,19.68000030517578,13783000
2023-05-04,18.8526668548584,19.899999618530273,20.149999618530273,19.670000076293945,20.1299991607666,10327100
2023-05-05,19.8474063873291,20.950000762939453,21.1299991607666,20.43000030517578,20.799999237060547,34269600
2023-05-08,19.47793197631836,20.559999465942383,21.100000381469727,20.530000686645508,21.049999237060547,11991600
2023-05-09,19.4116153717041,20.489999771118164,20.84000015258789,20.43000030517578,20.510000228881836,8150900
2023-05-10,19.4116153717041,20.489999771118164,20.649999618530273,20.34000015258789,20.520000457763672,8677300
2023-05-11,19.743194580078125,20.84000015258789,20.940000534057617,20.209999084472656,20.290000915527344,12856400
2023-05-12,19.752670288085938,20.850000381469727,21.040000915527344,20.670000076293945,20.780000686645508,7343600
2023-05-15,19.885299682617188,20.989999771118164,21.09000015258789,20.829999923706055,20.93000030517578,6521100
2023-05-16,19.6295108795166,20.719999313354492,21.100000381469727,20.639999389648438,20.959999084472656,8046300
2023-05-17,19.7242488861084,20.81999969482422,21.020000457763672,20.649999618530273,20.959999084472656,14863500
2023-05-18,19.961090087890625,21.06999969482422,21.1200008392334,20.690000534057617,20.709999084472656,8211800
2023-05-19,20.065303802490234,21.18000030517578,21.399999618530273,20.920000076293945,21.25,7922700
2023-05-22,20.017932891845703,21.1299991607666,21.420000076293945,21.06999969482422,21.149999618530273,6997400
2023-05-23,19.904247283935547,21.010000228881836,21.309999465942383,20.610000610351562,20.969999313354492,6534300
2023-05-24,19.65793228149414,20.75,21.040000915527344,20.670000076293945,20.84000015258789,8234600
2023-05-25,19.885299682617188,20.989999771118164,21.290000915527344,20.90999984741211,20.979999542236328,8709900
2023-05-26,19.894775390625,21.0,21.34000015258789,20.850000381469727,21.34000015258789,6963000
2023-05-29,19.65793228149414,20.75,20.969999313354492,20.59000015258789,20.81999969482422,6165400
2023-05-30,19.714773178100586,20.809999465942383,21.09000015258789,20.670000076293945,21.049999237060547,7339400
2023-05-31,19.7242488861084,20.81999969482422,20.889999389648438,20.520000457763672,20.84000015258789,14056000
2023-06-01,20.813722610473633,21.969999313354492,22.110000610351562,20.610000610351562,20.829999923706055,26217300
2023-06-02,21.438987731933594,22.6299991607666,22.81999969482422,22.030000686645508,22.190000534057617,24898100
2023-06-05,21.382144927978516,22.56999969482422,23.049999237060547,22.450000762939453,22.790000915527344,11783300
2023-06-06,21.72319793701172,22.93000030517578,23.030000686645508,22.59000015258789,22.729999542236328,18087300
2023-06-07,21.382144927978516,22.56999969482422,23.3700008392334,22.389999389648438,23.0,18550800
2023-06-09,21.221092224121094,22.399999618530273,23.100000381469727,22.31999969482422,22.739999771118164,10676700
2023-06-12,21.31583023071289,22.5,22.889999389648438,22.270000457763672,22.829999923706055,12035000
2023-06-13,21.391620635986328,22.579999923706055,22.68000030517578,22.290000915527344,22.559999465942383,9351500
2023-06-14,21.74214744567871,22.950000762939453,23.0,22.520000457763672,22.739999771118164,14005200
2023-06-15,21.751619338989258,22.959999084472656,23.030000686645508,22.43000030517578,22.5,13631600
2023-06-16,20.7189884185791,21.8700008392334,22.829999923706055,21.809999465942383,22.829999923706055,38915100
2023-06-19,20.965301513671875,22.1299991607666,22.329999923706055,21.690000534057617,21.809999465942383,9474000
2023-06-20,21.240041732788086,22.420000076293945,22.520000457763672,21.8799991607666,22.1299991607666,18448600
2023-06-21,21.09793472290039,22.270000457763672,22.350000381469727,21.809999465942383,22.34000015258789,18118200
2023-06-22,20.993724822998047,22.15999984741211,22.200000762939453,21.540000915527344,22.1200008392334,10944700
2023-06-23,20.67161750793457,21.81999969482422,22.280000686645508,21.690000534057617,22.280000686645508,27345300
2023-06-26,20.538986206054688,21.68000030517578,21.84000015258789,21.43000030517578,21.690000534057617,8145500
2023-06-27,20.501089096069336,21.639999389648438,21.979999542236328,21.3799991607666,21.850000381469727,8030100
2023-06-28,20.425302505493164,21.559999465942383,21.719999313354492,21.43000030517578,21.65999984741211,5848400
2023-06-29,20.7189884185791,21.8700008392334,22.0,21.559999465942383,21.68000030517578,12392600
2023-06-30,21.031620025634766,22.200000762939453,22.389999389648438,21.959999084472656,22.0,27429200
2023-07-03,21.44845962524414,22.639999389648438,23.0,21.799999237060547,21.860000610351562,22550600
2023-07-04,21.552671432495117,22.75,22.969999313354492,22.31999969482422,22.530000686645508,8371700
2023-07-05,21.675830841064453,22.8799991607666,22.950000762939453,22.450000762939453,22.649999618530273,16408500
2023-07-06,21.240041732788086,22.420000076293945,22.739999771118164,22.110000610351562,22.600000381469727,13859100
2023-07-07,21.524250030517578,22.719999313354492,22.969999313354492,22.219999313354492,22.34000015258789,12549300
2023-07-10,21.031620025634766,22.200000762939453,22.65999984741211,22.170000076293945,22.600000381469727,11477000
2023-07-11,21.050567626953125,22.219999313354492,22.309999465942383,21.40999984741211,22.059999465942383,21152600
2023-07-12,21.44845962524414,22.639999389648438,22.809999465942383,22.239999771118164,22.440000534057617,16042000
2023-07-13,21.59056854248047,22.790000915527344,22.969999313354492,22.639999389648438,22.889999389648438,11729000
2023-07-14,21.258987426757812,22.440000534057617,22.889999389648438,22.299999237060547,22.889999389648438,8726600
2023-07-17,21.476882934570312,22.670000076293945,22.700000762939453,22.309999465942383,22.510000228881836,5723300
2023-07-18,21.438987731933594,22.6299991607666,22.770000457763672,22.31999969482422,22.510000228881836,7916700
2023-07-19,21.600040435791016,22.799999237060547,22.799999237060547,22.309999465942383,22.649999618530273,9572800
2023-07-20,21.73267364501953,22.940000534057617,23.139999389648438,22.600000381469727,22.950000762939453,9095200
2023-07-21,22.121095657348633,23.350000381469727,23.549999237060547,22.829999923706055,22.829999923706055,12099400
2023-07-24,22.75583267211914,24.020000457763672,24.200000762939453,23.700000762939453,23.700000762939453,25267200
2023-07-25,22.8221492767334,24.09000015258789,24.440000534057617,23.989999771118164,24.200000762939453,20199700
2023-07-26,22.73688507080078,24.0,24.15999984741211,23.739999771118164,23.860000610351562,18719200
2023-07-27,22.14004135131836,23.3700008392334,24.09000015258789,23.18000030517578,23.860000610351562,11108900
2023-07-28,22.14004135131836,23.3700008392334,23.450000762939453,22.829999923706055,23.3700008392334,13840600
2023-07-31,22.016883850097656,23.239999771118164,23.649999618530273,23.020000457763672,23.649999618530273,16123900
2023-08-01,21.789514541625977,23.0,23.270000457763672,22.860000610351562,23.059999465942383,12332300
2023-08-02,21.827411651611328,23.040000915527344,23.1200008392334,22.81999969482422,22.8700008392334,9790700
2023-08-03,22.064252853393555,23.290000915527344,23.3700008392334,23.049999237060547,23.139999389648438,20216800
2023-08-04,21.988462448120117,23.209999084472656,23.440000534057617,23.040000915527344,23.200000762939453,11811300
2023-08-07,22.016883850097656,23.239999771118164,23.59000015258789,22.860000610351562,23.329999923706055,12833100
2023-08-08,22.09267234802246,23.31999969482422,23.440000534057617,22.68000030517578,23.1200008392334,12633500
2023-08-09,22.6042537689209,23.860000610351562,23.8700008392334,23.1200008392334,23.200000762939453,17321900
2023-08-10,22.717937469482422,23.979999542236328,24.360000610351562,23.860000610351562,24.09000015258789,12772500
2023-08-11,21.600040435791016,22.799999237060547,23.59000015258789,22.3799991607666,23.5,60535200
2023-08-14,21.637937545776367,22.84000015258789,22.90999984741211,22.329999923706055,22.860000610351562,9689600
2023-08-15,21.80846405029297,23.020000457763672,23.18000030517578,22.790000915527344,23.030000686645508,19575900
2023-08-16,21.524250030517578,22.719999313354492,23.1200008392334,22.68000030517578,23.0,16892700
2023-08-17,21.050567626953125,22.219999313354492,22.809999465942383,22.020000457763672,22.790000915527344,15467800
2023-08-18,21.09793472290039,22.270000457763672,22.459999084472656,22.049999237060547,22.079999923706055,9346200
2023-08-21,20.94635772705078,22.110000610351562,22.200000762939453,21.739999771118164,22.149999618530273,9909600
2023-08-22,21.628461837768555,22.829999923706055,22.8799991607666,22.1200008392334,22.1200008392334,12332700
2023-08-23,22.0737247467041,23.299999237060547,23.450000762939453,22.829999923706055,22.850000381469727,15541100
2023-08-24,21.91267204284668,23.1299991607666,23.43000030517578,22.959999084472656,23.43000030517578,13208700
2023-08-25,21.457935333251953,22.649999618530273,23.100000381469727,22.3700008392334,23.049999237060547,13654800
2023-08-28,21.552671432495117,22.75,22.950000762939453,22.559999465942383,22.6200008392334,10025000
2023-08-29,21.666358947753906,22.8700008392334,23.139999389648438,22.799999237060547,22.989999771118164,14801500
2023-08-30,21.438987731933594,22.6299991607666,22.8700008392334,22.559999465942383,22.760000228881836,5657600
2023-08-31,21.173725128173828,22.350000381469727,22.6200008392334,22.200000762939453,22.5,12521200
2023-09-01,21.476882934570312,22.670000076293945,22.81999969482422,22.309999465942383,22.399999618530273,11033700
2023-09-04,21.410568237304688,22.600000381469727,22.809999465942383,22.510000228881836,22.59000015258789,4001000
2023-09-05,20.91793441772461,22.079999923706055,22.690000534057617,22.010000228881836,22.65999984741211,10615900
2023-09-06,20.7189884185791,21.8700008392334,22.34000015258789,21.809999465942383,22.049999237060547,11356300
2023-09-08,20.91793441772461,22.079999923706055,22.209999084472656,21.739999771118164,21.979999542236328,11887400
2023-09-11,20.974777221679688,22.139999389648438,22.31999969482422,21.75,22.200000762939453,9594300
2023-09-12,21.56214714050293,22.760000228881836,22.84000015258789,22.020000457763672,22.170000076293945,11245900
2023-09-13,22.09267234802246,23.31999969482422,23.639999389648438,22.639999389648438,22.770000457763672,29346300
2023-09-14,22.680042266845703,23.940000534057617,24.059999465942383,23.360000610351562,23.450000762939453,41506400
2023-09-15,22.585308074951172,23.84000015258789,24.020000457763672,23.790000915527344,23.93000030517578,13560700
2023-09-18,22.490570068359375,23.739999771118164,24.360000610351562,23.739999771118164,23.940000534057617,11589900
2023-09-19,22.500041961669922,23.75,23.860000610351562,23.469999313354492,23.84000015258789,21844000
2023-09-20,22.623201370239258,23.8799991607666,24.170000076293945,23.780000686645508,23.84000015258789,22740000
2023-09-21,22.244253158569336,23.479999542236328,23.860000610351562,23.34000015258789,23.639999389648438,17635100
2023-09-22,22.19688606262207,23.43000030517578,23.690000534057617,23.100000381469727,23.540000915527344,13466700
2023-09-25,22.15898895263672,23.389999389648438,23.469999313354492,23.149999618530273,23.329999923706055,11451000
2023-09-26,21.647409439086914,22.850000381469727,23.399999618530273,22.809999465942383,23.350000381469727,12896800
2023-09-27,21.126354217529297,22.299999237060547,23.299999237060547,22.170000076293945,22.920000076293945,16196800
2023-09-28,21.58109474182129,22.780000686645508,22.860000610351562,22.139999389648438,22.209999084472656,20475400
2023-09-29,21.618988037109375,22.81999969482422,23.040000915527344,22.639999389648438,22.940000534057617,11891300
2023-10-02,21.258987426757812,22.440000534057617,22.989999771118164,22.440000534057617,22.809999465942383,12094300
2023-10-03,20.529512405395508,21.670000076293945,22.440000534057617,21.59000015258789,22.299999237060547,15719500
2023-10-04,20.576881408691406,21.719999313354492,22.0,21.540000915527344,21.65999984741211,15832700
2023-10-05,20.444250106811523,21.579999923706055,21.81999969482422,21.329999923706055,21.719999313354492,12155000
2023-10-06,20.643198013305664,21.790000915527344,21.90999984741211,21.09000015258789,21.31999969482422,19501400
2023-10-09,20.90846061706543,22.06999969482422,22.110000610351562,21.56999969482422,21.649999618530273,11145100
2023-10-10,21.72319793701172,22.93000030517578,23.06999969482422,22.399999618530273,22.40999984741211,19050600
2023-10-11,21.855831146240234,23.06999969482422,23.1200008392334,22.770000457763672,22.780000686645508,10132700
2023-10-13,21.31583023071289,22.5,23.030000686645508,22.34000015258789,23.0,9191600
2023-10-16,21.37267303466797,22.559999465942383,22.760000228881836,22.270000457763672,22.68000030517578,12354500
2023-10-17,20.75688362121582,21.90999984741211,22.440000534057617,21.799999237060547,22.280000686645508,9370800
2023-10-18,20.178983688354492,21.299999237060547,21.850000381469727,21.1200008392334,21.75,14283300
2023-10-19,20.529512405395508,21.670000076293945,22.190000534057617,21.3700008392334,21.639999389648438,15828800
2023-10-20,20.434776306152344,21.56999969482422,21.799999237060547,21.329999923706055,21.639999389648438,9386100
2023-10-23,21.249515533447266,22.43000030517578,22.520000457763672,21.280000686645508,21.360000610351562,20670200
2023-10-24,21.060039520263672,22.229999542236328,22.649999618530273,22.1299991607666,22.649999618530273,5667400
2023-10-25,20.889511108398438,22.049999237060547,22.34000015258789,21.950000762939453,22.239999771118164,5940900
2023-10-26,21.57162094116211,22.770000457763672,22.889999389648438,22.020000457763672,22.200000762939453,16064500
2023-10-27,20.93688201904297,22.100000381469727,23.0,22.100000381469727,22.6299991607666,13980700
2023-10-30,20.86109161376953,22.020000457763672,22.31999969482422,21.68000030517578,22.139999389648438,12881900
2023-10-31,21.135828018188477,22.309999465942383,22.530000686645508,21.860000610351562,22.0,19705200
2023-11-01,21.789514541625977,23.0,23.15999984741211,22.219999313354492,22.299999237060547,18741000
2023-11-03,21.91267204284668,23.1299991607666,23.940000534057617,22.93000030517578,23.93000030517578,15266100
2023-11-06,21.91267204284668,23.1299991607666,23.309999465942383,22.969999313354492,23.1299991607666,10524600
2023-11-07,21.694778442382812,22.899999618530273,23.280000686645508,22.790000915527344,23.0,18912100
2023-11-08,21.457935333251953,22.649999618530273,23.030000686645508,22.360000610351562,22.899999618530273,16160000
2023-11-09,21.647409439086914,22.850000381469727,23.040000915527344,22.43000030517578,22.639999389648438,10072000
2023-11-10,21.874778747558594,23.09000015258789,23.549999237060547,22.8799991607666,23.1200008392334,21165000
2023-11-13,21.600040435791016,22.799999237060547,23.190000534057617,22.530000686645508,23.1200008392334,17080400
2023-11-14,22.177936553955078,23.40999984741211,23.59000015258789,22.860000610351562,22.969999313354492,15217100
2023-11-16,22.367412567138672,23.610000610351562,23.709999084472656,23.31999969482422,23.559999465942383,10625500
2023-11-17,22.02635955810547,23.25,23.809999465942383,23.149999618530273,23.700000762939453,16209800
2023-11-20,22.320043563842773,23.559999465942383,23.68000030517578,23.09000015258789,23.3799991607666,10951900
2023-11-21,21.694778442382812,22.899999618530273,23.40999984741211,22.68000030517578,23.360000610351562,28014500
2023-11-22,21.476882934570312,22.670000076293945,23.110000610351562,22.489999771118164,23.059999465942383,26019900
2023-11-23,21.704254150390625,22.90999984741211,23.100000381469727,22.6200008392334,22.780000686645508,6164700
2023-11-24,21.37267303466797,22.559999465942383,22.90999984741211,22.3799991607666,22.770000457763672,11780200
2023-11-27,21.382144927978516,22.56999969482422,22.799999237060547,22.329999923706055,22.729999542236328,6319700
2023-11-28,21.486356735229492,22.68000030517578,22.889999389648438,22.420000076293945,22.6200008392334,10965500
2023-11-29,21.694778442382812,22.899999618530273,23.200000762939453,22.579999923706055,22.670000076293945,12192300
2023-11-30,21.694778442382812,22.899999618530273,23.079999923706055,22.450000762939453,23.010000228881836,23094100
2023-12-01,21.57162094116211,22.770000457763672,23.100000381469727,22.34000015258789,22.920000076293945,14893800
2023-12-04,21.391620635986328,22.579999923706055,22.84000015258789,22.479999542236328,22.649999618530273,7574400
2023-12-05,21.277935028076172,22.459999084472656,22.979999542236328,22.31999969482422,22.59000015258789,14022900
2023-12-06,21.36319923400879,22.549999237060547,22.700000762939453,22.239999771118164,22.450000762939453,7911100
2023-12-07,21.211618423461914,22.389999389648438,22.65999984741211,22.3799991607666,22.649999618530273,5297000
2023-12-08,21.003198623657227,22.170000076293945,22.610000610351562,22.059999465942383,22.389999389648438,9553200
2023-12-11,20.984251022338867,22.149999618530273,22.440000534057617,21.889999389648438,22.260000228881836,6339200
2023-12-12,21.154775619506836,22.329999923706055,22.65999984741211,22.200000762939453,22.229999542236328,8862900
2023-12-13,21.164249420166016,22.34000015258789,22.40999984741211,21.559999465942383,22.309999465942383,42550000
2023-12-14,21.74214744567871,22.950000762939453,23.59000015258789,22.420000076293945,22.459999084472656,25824000
2023-12-15,21.618988037109375,22.81999969482422,23.43000030517578,22.81999969482422,23.229999542236328,23303700
2023-12-18,21.041091918945312,22.209999084472656,22.93000030517578,22.1200008392334,22.729999542236328,23082200
2023-12-19,21.221092224121094,22.399999618530273,22.6299991607666,21.950000762939453,22.139999389648438,13699100
2023-12-20,21.410568237304688,22.600000381469727,22.829999923706055,22.290000915527344,22.3700008392334,7438400
2023-12-21,21.618988037109375,22.81999969482422,22.920000076293945,22.420000076293945,22.420000076293945,9939400
2023-12-22,21.694778442382812,22.899999618530273,22.969999313354492,22.760000228881836,22.809999465942383,4125000
2023-12-26,21.704254150390625,22.90999984741211,23.020000457763672,22.690000534057617,22.920000076293945,3563400
2023-12-27,21.789514541625977,23.0,23.079999923706055,22.729999542236328,22.90999984741211,4046700
2023-12-28,21.74214744567871,22.950000762939453,23.049999237060547,22.780000686645508,22.989999771118164,5017100
2024-01-02,21.078989028930664,22.25,22.700000762939453,22.15999984741211,22.6200008392334,13279700
2024-01-03,21.202144622802734,22.3799991607666,22.6299991607666,22.280000686645508,22.280000686645508,18307700
2024-01-04,21.221092224121094,22.399999618530273,22.8799991607666,22.190000534057617,22.459999084472656,7859600
2024-01-05,21.457935333251953,22.649999618530273,22.739999771118164,22.219999313354492,22.219999313354492,16550600
2024-01-08,22.395832061767578,23.639999389648438,23.75,22.59000015258789,22.649999618530273,10537300
2024-01-09,22.263200759887695,23.5,23.700000762939453,23.309999465942383,23.530000686645508,8395500
2024-01-10,22.556884765625,23.809999465942383,23.920000076293945,23.190000534057617,23.5,9332600
2024-01-11,21.893726348876953,23.110000610351562,23.850000381469727,23.06999969482422,23.65999984741211,9924600
2024-01-12,22.234779357910156,23.469999313354492,23.850000381469727,23.059999465942383,23.059999465942383,9382800
2024-01-15,22.064252853393555,23.290000915527344,23.510000228881836,23.149999618530273,23.459999084472656,3910300
2024-01-16,21.57162094116211,22.770000457763672,23.209999084472656,22.719999313354492,23.100000381469727,10939800
2024-01-17,20.86109161376953,22.020000457763672,22.3799991607666,21.84000015258789,22.3799991607666,26977100
2024-01-18,20.624250411987305,21.770000457763672,22.18000030517578,21.68000030517578,22.170000076293945,9141300
2024-01-19,21.221092224121094,22.399999618530273,22.59000015258789,21.510000228881836,21.81999969482422,17896200
2024-01-22,21.10740852355957,22.280000686645508,22.6200008392334,22.149999618530273,22.5,9350900
2024-01-23,21.73267364501953,22.940000534057617,23.020000457763672,22.149999618530273,22.389999389648438,23394600
2024-01-24,21.32530403137207,22.510000228881836,23.040000915527344,22.489999771118164,22.989999771118164,7963500
2024-01-25,21.268463134765625,22.450000762939453,22.75,22.3700008392334,22.600000381469727,4823600
2024-01-26,21.44845962524414,22.639999389648438,22.829999923706055,22.31999969482422,22.559999465942383,7899100
2024-01-29,21.656885147094727,22.860000610351562,22.889999389648438,22.329999923706055,22.610000610351562,5827500
2024-01-30,21.438987731933594,22.6299991607666,23.100000381469727,22.600000381469727,22.799999237060547,11777500
2024-01-31,21.846355438232422,23.059999465942383,23.579999923706055,22.81999969482422,22.899999618530273,14655700
2024-02-01,21.80846405029297,23.020000457763672,23.229999542236328,22.920000076293945,23.1200008392334,7049400
2024-02-02,21.637937545776367,22.84000015258789,23.200000762939453,22.770000457763672,23.040000915527344,5983200
2024-02-05,21.476882934570312,22.670000076293945,23.09000015258789,22.610000610351562,22.829999923706055,5289500
2024-02-06,21.33477783203125,22.520000457763672,23.18000030517578,22.280000686645508,22.65999984741211,15713500
2024-02-07,22.225305557250977,23.459999084472656,23.579999923706055,22.56999969482422,22.700000762939453,18522800
2024-02-08,22.31056785583496,23.549999237060547,23.600000381469727,23.239999771118164,23.34000015258789,12935700
2024-02-09,22.8221492767334,24.09000015258789,24.549999237060547,23.709999084472656,23.860000610351562,22070400
2024-02-14,22.57583236694336,23.829999923706055,24.040000915527344,23.6200008392334,24.040000915527344,6399600
2024-02-15,22.632673263549805,23.889999389648438,24.0,23.56999969482422,24.0,5588100
2024-02-16,22.19688606262207,23.43000030517578,23.940000534057617,23.020000457763672,23.940000534057617,14352100
2024-02-19,22.016883850097656,23.239999771118164,23.450000762939453,23.1200008392334,23.350000381469727,5571200
2024-02-20,22.121095657348633,23.350000381469727,23.450000762939453,23.040000915527344,23.200000762939453,7374500
2024-02-21,21.780040740966797,22.989999771118164,23.350000381469727,22.780000686645508,23.350000381469727,9063600
2024-02-22,21.685304641723633,22.889999389648438,23.200000762939453,22.75,22.950000762939453,8846900
2024-02-23,21.609516143798828,22.809999465942383,23.1200008392334,22.799999237060547,22.989999771118164,7771500
2024-02-26,21.53372573852539,22.729999542236328,22.950000762939453,22.600000381469727,22.850000381469727,11421500
2024-02-27,21.836883544921875,23.049999237060547,23.049999237060547,22.719999313354492,22.93000030517578,16292000
2024-02-28,21.675830841064453,22.8799991607666,23.06999969482422,22.770000457763672,22.979999542236328,6140700
2024-02-29,21.524250030517578,22.719999313354492,22.75,22.43000030517578,22.670000076293945,9504700
2024-03-01,21.08846092224121,22.260000228881836,22.780000686645508,22.15999984741211,22.739999771118164,10590300
2024-03-04,20.93688201904297,22.100000381469727,22.329999923706055,22.030000686645508,22.260000228881836,7588900
2024-03-05,20.89898681640625,22.059999465942383,22.260000228881836,21.93000030517578,22.139999389648438,8670100
2024-03-06,21.173725128173828,22.350000381469727,22.459999084472656,21.979999542236328,22.059999465942383,10653400
2024-03-07,20.955829620361328,22.1200008392334,22.309999465942383,21.979999542236328,22.239999771118164,3338800
2024-03-08,21.041091918945312,22.209999084472656,22.3799991607666,21.979999542236328,22.0,2878500
2024-03-11,21.031620025634766,22.200000762939453,22.420000076293945,22.059999465942383,22.149999618530273,5835500
2024-03-12,21.135828018188477,22.309999465942383,22.459999084472656,22.030000686645508,22.389999389648438,5400300
2024-03-13,21.003198623657227,22.170000076293945,22.469999313354492,22.09000015258789,22.309999465942383,7160100
2024-03-14,21.031620025634766,22.200000762939453,22.200000762939453,21.760000228881836,22.170000076293945,17514600
2024-03-15,20.89898681640625,22.059999465942383,22.18000030517578,21.920000076293945,22.100000381469727,18254000
2024-03-18,20.889511108398438,22.049999237060547,22.219999313354492,21.799999237060547,22.059999465942383,16261800
2024-03-19,20.86109161376953,22.020000457763672,22.219999313354492,21.899999618530273,22.100000381469727,3780600
2024-03-20,20.93688201904297,22.100000381469727,22.290000915527344,21.850000381469727,22.059999465942383,8205200
2024-03-21,21.031620025634766,22.200000762939453,22.299999237060547,21.899999618530273,22.110000610351562,27925600
2024-03-22,20.7189884185791,21.8700008392334,22.219999313354492,21.8700008392334,22.049999237060547,4888500
2024-03-25,20.690567016601562,21.84000015258789,21.989999771118164,21.75,21.8799991607666,5228500
2024-03-26,20.90846061706543,22.06999969482422,22.299999237060547,21.760000228881836,22.020000457763672,5769600
2024-03-27,21.28740882873535,22.469999313354492,22.540000915527344,22.030000686645508,22.030000686645508,10618600
2024-03-28,21.08846092224121,22.260000228881836,22.690000534057617,22.1299991607666,22.690000534057617,14880300
2024-04-01,20.889511108398438,22.049999237060547,22.299999237060547,21.950000762939453,22.299999237060547,6426700
2024-04-02,21.33477783203125,22.520000457763672,22.520000457763672,21.90999984741211,21.989999771118164,11875400
2024-04-03,21.126354217529297,22.299999237060547,22.579999923706055,22.25,22.40999984741211,19372600
2024-04-04,21.240041732788086,22.420000076293945,22.829999923706055,22.290000915527344,22.350000381469727,7388000
2024-04-05,21.268463134765625,22.450000762939453,22.649999618530273,22.34000015258789,22.34000015258789,5715700
2024-04-08,21.600040435791016,22.799999237060547,22.829999923706055,22.34000015258789,22.520000457763672,6435700
2024-04-09,22.045303344726562,23.270000457763672,23.290000915527344,22.850000381469727,22.850000381469727,13694300
2024-04-10,21.50530433654785,22.700000762939453,23.270000457763672,22.6299991607666,23.15999984741211,14076100
2024-04-11,21.524250030517578,22.719999313354492,22.84000015258789,22.450000762939453,22.520000457763672,7619100
2024-04-12,21.126354217529297,22.299999237060547,22.850000381469727,22.260000228881836,22.649999618530273,14857900
2024-04-15,20.529512405395508,21.670000076293945,22.40999984741211,21.530000686645508,22.299999237060547,15579400
2024-04-16,20.25477409362793,21.3799991607666,21.739999771118164,21.350000381469727,21.510000228881836,19214700
2024-04-17,20.008459091186523,21.1200008392334,21.489999771118164,21.100000381469727,21.3799991607666,8580700
2024-04-18,19.989511489868164,21.100000381469727,21.200000762939453,20.829999923706055,21.079999923706055,9850000
2024-04-19,20.13161849975586,21.25,21.579999923706055,21.010000228881836,21.100000381469727,10744700
2024-04-22,19.980037689208984,21.09000015258789,21.299999237060547,20.979999542236328,21.25,8107500
2024-04-23,19.980037689208984,21.09000015258789,21.110000610351562,20.780000686645508,20.940000534057617,7401400
2024-04-24,19.563194274902344,20.649999618530273,21.049999237060547,20.510000228881836,20.940000534057617,21231200
2024-04-25,19.515827178955078,20.600000381469727,20.809999465942383,20.290000915527344,20.59000015258789,9930400
2024-04-26,19.743194580078125,20.84000015258789,21.049999237060547,20.610000610351562,20.68000030517578,11120200
2024-04-29,19.733722686767578,20.829999923706055,20.940000534057617,20.6299991607666,20.829999923706055,10647300
2024-04-30,19.098983764648438,20.15999984741211,20.799999237060547,20.040000915527344,20.690000534057617,16254700
2024-05-02,19.539066314697266,20.530000686645508,20.6299991607666,20.200000762939453,20.59000015258789,11560800
2024-05-03,19.98638153076172,21.0,21.149999618530273,20.68000030517578,20.809999465942383,11830500
2024-05-06,19.79603385925293,20.799999237060547,21.09000015258789,20.719999313354492,20.899999618530273,9489600
2024-05-07,19.73893165588379,20.739999771118164,21.200000762939453,20.739999771118164,20.829999923706055,9236800
2024-05-08,19.67230987548828,20.670000076293945,20.860000610351562,20.56999969482422,20.600000381469727,8767300
2024-05-09,19.472444534301758,20.459999084472656,20.559999465942383,20.0,20.0,10775000
2024-05-10,19.96734619140625,20.979999542236328,21.440000534057617,20.809999465942383,21.0,17458500
2024-05-13,19.834102630615234,20.84000015258789,21.170000076293945,20.799999237060547,20.979999542236328,8199100
2024-05-14,19.643756866455078,20.639999389648438,20.989999771118164,20.6299991607666,20.799999237060547,5633200
2024-05-15,19.50099754333496,20.489999771118164,20.739999771118164,20.350000381469727,20.68000030517578,10991100
2024-05-16,20.024450302124023,21.040000915527344,21.170000076293945,20.530000686645508,20.700000762939453,9016900
2024-05-17,19.73893165588379,20.739999771118164,20.8700008392334,20.459999084472656,20.8700008392334,9154000
2024-05-20,19.32968521118164,20.309999465942383,20.639999389648438,20.190000534057617,20.600000381469727,9456500
2024-05-21,19.681825637817383,20.68000030517578,20.81999969482422,20.270000457763672,20.270000457763672,8736000
2024-05-22,19.50099754333496,20.489999771118164,20.81999969482422,20.389999389648438,20.540000915527344,9783100
2024-05-23,19.50099754333496,20.489999771118164,20.719999313354492,20.270000457763672,20.350000381469727,12625600
2024-05-24,19.339202880859375,20.31999969482422,20.610000610351562,20.270000457763672,20.479999542236328,8268200
2024-05-27,19.32968521118164,20.309999465942383,20.3799991607666,20.139999389648438,20.209999084472656,2079100
2024-05-28,19.167890548706055,20.139999389648438,20.600000381469727,19.989999771118164,20.5,9972200
2024-05-29,18.796714782714844,19.75,19.989999771118164,19.709999084472656,19.889999389648438,7340400
2024-05-31,18.75864601135254,19.709999084472656,19.829999923706055,19.450000762939453,19.610000610351562,11046300
2024-06-03,18.872854232788086,19.829999923706055,20.06999969482422,19.610000610351562,19.760000228881836,9028300
2024-06-04,18.90140724182129,19.860000610351562,19.979999542236328,19.6299991607666,19.75,6889800
2024-06-05,18.84429931640625,19.799999237060547,20.420000076293945,19.719999313354492,20.270000457763672,9910800
2024-06-06,19.510515213012695,20.5,20.5,19.6299991607666,19.649999618530273,24524700
2024-06-07,18.84429931640625,19.799999237060547,20.420000076293945,19.780000686645508,20.200000762939453,16215700
2024-06-10,18.65395736694336,19.600000381469727,19.84000015258789,19.40999984741211,19.729999542236328,8037700
2024-06-11,19.03464698791504,20.0,20.139999389648438,19.739999771118164,19.8700008392334,13275100
2024-06-12,18.65395736694336,19.600000381469727,20.239999771118164,19.479999542236328,20.1200008392334,12494800
2024-06-13,18.454090118408203,19.389999389648438,19.600000381469727,19.329999923706055,19.600000381469727,9953600
2024-06-14,18.815750122070312,19.770000457763672,19.799999237060547,19.239999771118164,19.329999923706055,9475500
2024-06-17,18.339885711669922,19.270000457763672,19.600000381469727,19.260000228881836,19.530000686645508,6933900
2024-06-18,18.55878257751465,19.5,19.559999465942383,19.15999984741211,19.270000457763672,14428500
2024-06-19,18.596851348876953,19.540000915527344,19.540000915527344,19.219999313354492,19.360000610351562,7186400
2024-06-20,18.65395736694336,19.600000381469727,19.93000030517578,19.260000228881836,19.739999771118164,18847600
2024-06-21,19.082233428955078,20.049999237060547,20.079999923706055,19.549999237060547,19.639999389648438,16798200
2024-06-24,19.282100677490234,20.260000228881836,20.489999771118164,20.049999237060547,20.09000015258789,7677700
2024-06-25,19.358238220214844,20.34000015258789,20.469999313354492,20.100000381469727,20.100000381469727,11046400
2024-06-26,19.605688095092773,20.600000381469727,20.6200008392334,20.040000915527344,20.049999237060547,11216800
2024-06-27,20.072036743164062,21.09000015258789,21.1200008392334,20.540000915527344,20.600000381469727,14283800
2024-06-28,19.71989631652832,20.719999313354492,21.209999084472656,20.540000915527344,20.989999771118164,14621500
2024-07-01,19.605688095092773,20.600000381469727,20.81999969482422,20.459999084472656,20.549999237060547,10526600
2024-07-02,19.69134521484375,20.690000534057617,21.059999465942383,20.6200008392334,20.6200008392334,12111700
2024-07-03,20.129140853881836,21.149999618530273,21.170000076293945,20.700000762939453,20.950000762939453,8030300
2024-07-04,20.319488525390625,21.350000381469727,21.469999313354492,21.139999389648438,21.200000762939453,3681800
2024-07-05,20.46224594116211,21.5,21.520000457763672,21.139999389648438,21.18000030517578,4954500
2024-07-08,20.367074966430664,21.399999618530273,21.5,21.229999542236328,21.450000762939453,10985100
2024-07-09,20.719215393066406,21.770000457763672,21.8799991607666,21.270000457763672,21.270000457763672,6775400
2024-07-10,21.27121925354004,22.350000381469727,22.360000610351562,21.90999984741211,21.940000534057617,19541300
2024-07-11,21.994537353515625,23.110000610351562,23.139999389648438,22.450000762939453,22.450000762939453,14239600
2024-07-12,21.680465698242188,22.780000686645508,23.3799991607666,22.780000686645508,23.100000381469727,10747500
2024-07-15,22.04212188720703,23.15999984741211,23.25,22.700000762939453,22.780000686645508,12879400
2024-07-16,21.709014892578125,22.809999465942383,23.56999969482422,22.809999465942383,23.239999771118164,12138100
2024-07-17,21.64239501953125,22.739999771118164,22.8799991607666,22.56999969482422,22.8799991607666,9882900
2024-07-18,21.556739807128906,22.649999618530273,22.770000457763672,22.399999618530273,22.700000762939453,9993000
2024-07-19,21.47108268737793,22.559999465942383,22.940000534057617,22.530000686645508,22.790000915527344,5186300
2024-07-22,21.575775146484375,22.670000076293945,22.950000762939453,22.469999313354492,22.530000686645508,8987300
2024-07-23,21.290254592895508,22.3700008392334,22.770000457763672,22.25,22.559999465942383,6033100
2024-07-24,21.033287048339844,22.100000381469727,22.309999465942383,21.969999313354492,22.18000030517578,4779700
2024-07-25,21.17604637145996,22.25,22.31999969482422,21.829999923706055,21.959999084472656,6940800
2024-07-26,21.4901180267334,22.579999923706055,22.729999542236328,22.1200008392334,22.239999771118164,5352900
2024-07-29,21.356876373291016,22.440000534057617,22.709999084472656,22.34000015258789,22.6200008392334,4213900
2024-07-30,21.11894416809082,22.190000534057617,22.350000381469727,21.979999542236328,22.260000228881836,5311200
2024-07-31,21.08087158203125,22.149999618530273,22.309999465942383,22.049999237060547,22.059999465942383,7590400
2024-08-01,21.7946720123291,22.899999618530273,22.950000762939453,22.299999237060547,22.3799991607666,14391700
2024-08-02,22.28005599975586,23.40999984741211,23.520000457763672,22.770000457763672,22.889999389648438,17154400
2024-08-05,21.59480857849121,22.690000534057617,23.010000228881836,22.520000457763672,22.84000015258789,15126200
2024-08-06,22.118261337280273,23.239999771118164,23.65999984741211,22.739999771118164,22.799999237060547,15529600
2024-08-07,22.061159133911133,23.18000030517578,23.610000610351562,23.18000030517578,23.399999618530273,5689200
2024-08-08,22.670265197753906,23.81999969482422,23.81999969482422,23.25,23.399999618530273,7908900
2024-08-09,22.441848754882812,23.579999923706055,24.100000381469727,23.219999313354492,23.989999771118164,14337400
2024-08-12,21.851776123046875,22.959999084472656,23.93000030517578,22.860000610351562,23.770000457763672,16722000
2024-08-13,21.956466674804688,23.06999969482422,23.350000381469727,22.889999389648438,23.1299991607666,14484000
2024-08-14,22.251502990722656,23.3799991607666,23.5,22.829999923706055,22.8799991607666,13069200
2024-08-15,22.69881820678711,23.850000381469727,24.399999618530273,23.850000381469727,24.100000381469727,23050400
2024-08-16,22.08019256591797,23.200000762939453,24.079999923706055,23.190000534057617,23.979999542236328,13150700
2024-08-19,22.46088409423828,23.600000381469727,23.670000076293945,23.190000534057617,23.479999542236328,10177200
2024-08-20,22.50847053527832,23.649999618530273,23.780000686645508,23.389999389648438,23.510000228881836,12144600
2024-08-21,22.365711212158203,23.5,23.84000015258789,23.420000076293945,23.84000015258789,10526600
2024-08-22,22.251502990722656,23.3799991607666,23.84000015258789,23.100000381469727,23.610000610351562,13105600
2024-08-23,22.47040367126465,23.610000610351562,23.770000457763672,23.229999542236328,23.399999618530273,8067300
2024-08-26,21.813705444335938,22.920000076293945,23.510000228881836,22.719999313354492,23.43000030517578,13842700
2024-08-27,21.747087478637695,22.850000381469727,23.040000915527344,22.739999771118164,22.799999237060547,7179300
2024-08-28,21.461565017700195,22.549999237060547,22.780000686645508,22.309999465942383,22.770000457763672,16197200
2024-08-29,20.97618293762207,22.040000915527344,22.639999389648438,21.899999618530273,22.540000915527344,10799100
2024-08-30,20.795352935791016,21.850000381469727,21.90999984741211,21.690000534057617,21.860000610351562,17572100
2024-09-02,20.443212509155273,21.479999542236328,21.770000457763672,21.3799991607666,21.700000762939453,10663700
2024-09-03,20.395626068115234,21.43000030517578,21.729999542236328,21.3799991607666,21.639999389648438,27721100
2024-09-04,20.624040603637695,21.670000076293945,21.940000534057617,21.420000076293945,21.540000915527344,16811600
2024-09-05,20.738250732421875,21.790000915527344,21.8799991607666,21.440000534057617,21.68000030517578,12702300
2024-09-06,20.55742073059082,21.600000381469727,21.899999618530273,21.559999465942383,21.56999969482422,14219300
2024-09-09,20.271900177001953,21.299999237060547,21.700000762939453,21.260000228881836,21.59000015258789,6408600
2024-09-10,20.55742073059082,21.600000381469727,21.6200008392334,21.049999237060547,21.329999923706055,14405300
2024-09-11,20.55742073059082,21.600000381469727,21.799999237060547,21.440000534057617,21.540000915527344,21452700
2024-09-12,20.081554412841797,21.100000381469727,21.510000228881836,20.979999542236328,21.43000030517578,10414900
2024-09-13,20.13865852355957,21.15999984741211,21.420000076293945,21.010000228881836,21.25,15107800
2024-09-16,20.09107208251953,21.110000610351562,21.25,21.010000228881836,21.15999984741211,7476500
2024-09-17,19.93879508972168,20.950000762939453,21.139999389648438,20.84000015258789,21.110000610351562,11385300
2024-09-18,19.653274536132812,20.649999618530273,21.049999237060547,20.649999618530273,20.84000015258789,17708700
2024-09-19,19.491479873657227,20.479999542236328,20.760000228881836,20.3799991607666,20.68000030517578,8858100
2024-09-20,18.95850944519043,19.920000076293945,20.440000534057617,19.739999771118164,20.389999389648438,22520400
2024-09-23,18.84429931640625,19.799999237060547,19.959999084472656,19.549999237060547,19.829999923706055,9718200
2024-09-24,19.063201904296875,20.030000686645508,20.170000076293945,19.8700008392334,19.90999984741211,19406700
2024-09-25,18.872854232788086,19.829999923706055,20.239999771118164,19.770000457763672,20.020000457763672,8690600
2024-09-26,19.20595932006836,20.18000030517578,20.389999389648438,19.899999618530273,19.989999771118164,13721700
2024-09-27,19.101268768310547,20.06999969482422,20.350000381469727,20.040000915527344,20.09000015258789,8055400
2024-09-30,19.03464698791504,20.0,20.239999771118164,20.0,20.100000381469727,10589400
2024-10-01,18.90140724182129,19.860000610351562,20.25,19.709999084472656,20.0,19370900
2024-10-02,19.082233428955078,20.049999237060547,20.1200008392334,19.889999389648438,20.040000915527344,11942400
2024-10-03,18.815750122070312,19.770000457763672,19.84000015258789,19.479999542236328,19.610000610351562,21292200
2024-10-04,18.987062454223633,19.950000762939453,19.989999771118164,19.600000381469727,19.600000381469727,7223900
2024-10-07,18.968029022216797,19.93000030517578,20.170000076293945,19.860000610351562,20.100000381469727,6439700
2024-10-08,18.701541900634766,19.649999618530273,19.809999465942383,19.59000015258789,19.780000686645508,10457100
2024-10-09,18.311330795288086,19.239999771118164,19.549999237060547,19.18000030517578,19.5,15516100
2024-10-10,18.339885711669922,19.270000457763672,19.530000686645508,19.15999984741211,19.260000228881836,9842800
2024-10-11,18.206640243530273,19.1299991607666,19.360000610351562,18.969999313354492,19.34000015258789,11185600
2024-10-14,18.178089141845703,19.100000381469727,19.18000030517578,18.93000030517578,19.1299991607666,9679200
2024-10-15,18.178089141845703,19.100000381469727,19.299999237060547,18.979999542236328,19.100000381469727,13938900
2024-10-16,18.320850372314453,19.25,19.3799991607666,18.780000686645508,18.979999542236328,13468400
2024-10-17,18.51119613647461,19.450000762939453,19.450000762939453,18.920000076293945,18.920000076293945,11670900
2024-10-18,18.263744354248047,19.190000534057617,19.5,18.989999771118164,19.5,16260400
2024-10-21,18.225675582885742,19.149999618530273,19.3799991607666,19.030000686645508,19.350000381469727,27629300
2024-10-22,17.987741470336914,18.899999618530273,19.030000686645508,18.729999542236328,19.010000228881836,16351300
2024-10-23,18.082916259765625,19.0,19.06999969482422,18.81999969482422,18.899999618530273,17921900
2024-10-24,18.178089141845703,19.100000381469727,19.170000076293945,18.780000686645508,19.0,13823000
2024-10-25,18.29229736328125,19.219999313354492,19.219999313354492,18.81999969482422,19.0,22295900
2024-10-28,18.84429931640625,19.799999237060547,19.860000610351562,19.43000030517578,19.450000762939453,18662400
2024-10-29,18.93947410583496,19.899999618530273,20.100000381469727,19.739999771118164,19.8700008392334,15548900
2024-10-30,18.825267791748047,19.780000686645508,20.139999389648438,19.780000686645508,19.799999237060547,13460400
2024-10-31,18.93947410583496,19.899999618530273,20.06999969482422,19.709999084472656,19.709999084472656,11654100
2024-11-01,18.51119613647461,19.450000762939453,19.959999084472656,19.329999923706055,19.950000762939453,16370200
2024-11-04,19.472444534301758,20.459999084472656,20.459999084472656,19.540000915527344,19.56999969482422,12974100
2024-11-05,19.481962203979492,20.469999313354492,20.610000610351562,20.190000534057617,20.479999542236328,10429200
2024-11-06,19.700862884521484,20.700000762939453,20.780000686645508,19.899999618530273,19.899999618530273,15020300
2024-11-07,19.12982177734375,20.100000381469727,20.690000534057617,20.030000686645508,20.260000228881836,15678700
2024-11-08,18.51119613647461,19.450000762939453,19.719999313354492,18.860000610351562,19.510000228881836,25591900
2024-11-11,18.76816177368164,19.719999313354492,19.81999969482422,19.209999084472656,19.209999084472656,10037700
2024-11-12,18.996578216552734,19.959999084472656,20.06999969482422,19.610000610351562,19.610000610351562,19037000
2024-11-13,19.11078643798828,20.079999923706055,20.149999618530273,19.770000457763672,19.790000915527344,23789400
2024-11-14,19.139339447021484,20.110000610351562,20.549999237060547,19.829999923706055,20.040000915527344,14210100
2024-11-18,19.196443557739258,20.170000076293945,20.3700008392334,19.889999389648438,19.889999389648438,12407300
2024-11-19,19.42485809326172,20.40999984741211,20.420000076293945,19.8700008392334,19.979999542236328,11688200
2024-11-21,18.948991775512695,19.90999984741211,20.149999618530273,19.889999389648438,20.020000457763672,12943600
2024-11-22,19.186925888061523,20.15999984741211,20.270000457763672,19.93000030517578,20.1200008392334,7077700
2024-11-25,19.358238220214844,20.34000015258789,20.479999542236328,20.1200008392334,20.15999984741211,20681600
2024-11-26,19.777000427246094,20.780000686645508,20.850000381469727,20.280000686645508,20.420000076293945,14171700
2024-11-27,19.263063430786133,20.239999771118164,20.829999923706055,20.170000076293945,20.700000762939453,24394500
2024-11-28,18.482643127441406,19.420000076293945,20.059999465942383,19.270000457763672,20.059999465942383,12290100
2024-11-29,18.51119613647461,19.450000762939453,19.709999084472656,18.739999771118164,19.260000228881836,23318000
2024-12-02,17.94967269897461,18.860000610351562,19.510000228881836,18.860000610351562,19.15999984741211,16243400
2024-12-03,17.85449981689453,18.760000228881836,19.1299991607666,18.600000381469727,18.899999618530273,9870100
2024-12-04,18.349401473999023,19.280000686645508,19.3700008392334,18.59000015258789,18.59000015258789,11663300
2024-12-05,18.76816177368164,19.719999313354492,20.040000915527344,19.520000457763672,19.530000686645508,10765300
2024-12-06,18.273263931274414,19.200000762939453,19.90999984741211,19.110000610351562,19.530000686645508,11268300
2024-12-09,18.206640243530273,19.1299991607666,19.450000762939453,19.049999237060547,19.239999771118164,6283000
2024-12-10,18.634920120239258,19.579999923706055,19.84000015258789,19.239999771118164,19.31999969482422,7494800
2024-12-11,18.90140724182129,19.860000610351562,20.399999618530273,19.489999771118164,19.700000762939453,12673900
2024-12-12,18.435056686401367,19.3700008392334,19.729999542236328,19.260000228881836,19.700000762939453,14438700
2024-12-13,18.092432022094727,19.010000228881836,19.530000686645508,19.010000228881836,19.489999771118164,16330900
2024-12-16,17.6070499420166,18.5,19.09000015258789,18.440000534057617,19.049999237060547,12335200
2024-12-17,17.99725914001465,18.90999984741211,19.010000228881836,18.59000015258789,18.700000762939453,14291900
2024-12-18,17.273942947387695,18.149999618530273,18.93000030517578,18.040000915527344,18.690000534057617,15028100
2024-12-19,17.6070499420166,18.5,18.700000762939453,17.969999313354492,18.190000534057617,10811900
2024-12-20,17.74980926513672,18.649999618530273,18.93000030517578,18.329999923706055,18.489999771118164,24110700
2024-12-23,17.312013626098633,18.190000534057617,18.6299991607666,18.079999923706055,18.559999465942383,16010700
2024-12-26,17.09311294555664,17.959999084472656,18.399999618530273,17.959999084472656,18.260000228881836,9938700
2024-12-27,16.98842430114746,17.850000381469727,18.260000228881836,17.780000686645508,18.110000610351562,8113400
2024-12-30,16.978906631469727,17.84000015258789,17.969999313354492,17.670000076293945,17.81999969482422,6007300
2025-01-02,16.931320190429688,17.790000915527344,17.90999984741211,17.389999389648438,17.760000228881836,9388300
2025-01-03,16.7409725189209,17.59000015258789,17.920000076293945,17.559999465942383,17.770000457763672,5476600
2025-01-06,17.102630615234375,17.969999313354492,18.239999771118164,17.760000228881836,18.239999771118164,8743400
2025-01-07,17.416702270507812,18.299999237060547,18.5,17.889999389648438,17.920000076293945,9538800
2025-01-08,17.131183624267578,18.0,18.15999984741211,17.829999923706055,18.15999984741211,9107900
2025-01-09,16.98842430114746,17.850000381469727,18.040000915527344,17.81999969482422,17.979999542236328,9190600
2025-01-10,16.37931251525879,17.209999084472656,17.850000381469727,17.18000030517578,17.760000228881836,15867400
2025-01-13,16.284141540527344,17.110000610351562,17.40999984741211,17.010000228881836,17.200000762939453,9326300
2025-01-14,16.42690086364746,17.260000228881836,17.459999084472656,16.959999084472656,17.010000228881836,23596600
2025-01-15,16.512557983398438,17.350000381469727,17.469999313354492,16.809999465942383,16.899999618530273,28975200
2025-01-16,16.093795776367188,16.90999984741211,17.649999618530273,16.84000015258789,17.270000457763672,21594200
2025-01-17,16.24607276916504,17.06999969482422,17.290000915527344,16.940000534057617,16.950000762939453,8985100
2025-01-20,16.150897979736328,16.969999313354492,17.170000076293945,16.760000228881836,17.170000076293945,5948800
2025-01-21,16.055727005004883,16.8700008392334,17.059999465942383,16.809999465942383,17.020000457763672,9153300
2025-01-22,16.169933319091797,16.989999771118164,17.049999237060547,16.579999923706055,16.950000762939453,15759400
2025-01-23,15.970070838928223,16.780000686645508,17.18000030517578,16.690000534057617,17.030000686645508,11324800
2025-01-24,15.893932342529297,16.700000762939453,17.09000015258789,16.670000076293945,16.760000228881836,6301200
2025-01-27,16.541109085083008,17.3799991607666,17.459999084472656,16.6299991607666,16.790000915527344,17015200
2025-01-28,16.731456756591797,17.579999923706055,17.729999542236328,17.190000534057617,17.299999237060547,16307800
2025-01-29,17.045528411865234,17.90999984741211,17.90999984741211,17.6299991607666,17.670000076293945,12549700
2025-01-30,17.43573760986328,18.31999969482422,18.399999618530273,17.889999389648438,17.989999771118164,14879900
2025-01-31,17.51187515258789,18.399999618530273,18.510000228881836,18.200000762939453,18.420000076293945,12925600
2025-02-03,17.74980926513672,18.649999618530273,18.649999618530273,18.260000228881836,18.5,17691900
2025-02-04,17.825946807861328,18.729999542236328,19.0,18.459999084472656,18.6200008392334,20176700
2025-02-05,17.5784969329834,18.469999313354492,18.790000915527344,18.450000762939453,18.790000915527344,7394700
2025-02-06,17.959192276000977,18.8700008392334,18.899999618530273,18.219999313354492,18.399999618530273,18351300
2025-02-07,17.559463500976562,18.450000762939453,18.889999389648438,18.31999969482422,18.8799991607666,11831500
2025-02-10,17.540428161621094,18.43000030517578,18.860000610351562,18.309999465942383,18.6200008392334,12360700
2025-02-11,17.864017486572266,18.770000457763672,18.950000762939453,18.219999313354492,18.299999237060547,20393000
2025-02-12,17.673669815063477,18.56999969482422,18.729999542236328,18.3799991607666,18.420000076293945,12885800
2025-02-13,17.883052825927734,18.790000915527344,18.81999969482422,18.43000030517578,18.56999969482422,6900700
2025-02-14,18.777681350708008,19.729999542236328,19.899999618530273,18.899999618530273,18.979999542236328,22834200
2025-02-17,18.435056686401367,19.3700008392334,20.06999969482422,19.34000015258789,19.729999542236328,11420400
2025-02-18,18.101951599121094,19.020000457763672,19.459999084472656,19.020000457763672,19.399999618530273,8719700
2025-02-19,17.74980926513672,18.649999618530273,18.959999084472656,18.43000030517578,18.889999389648438,8364600
2025-02-20,17.597532272338867,18.489999771118164,18.65999984741211,18.3799991607666,18.549999237060547,6345400
2025-02-21,17.197803497314453,18.06999969482422,18.5,17.739999771118164,18.5,26566200
2025-02-24,17.131183624267578,18.0,18.260000228881836,17.860000610351562,18.1299991607666,14206900
2025-02-25,17.11214828491211,17.979999542236328,18.190000534057617,17.84000015258789,18.06999969482422,17814400
2025-02-26,16.560144424438477,17.399999618530273,18.200000762939453,17.3799991607666,18.18000030517578,11325200
2025-02-27,16.607730865478516,17.450000762939453,17.670000076293945,17.329999923706055,17.469999313354492,11911500
2025-02-28,16.112829208374023,16.93000030517578,17.59000015258789,16.93000030517578,17.040000915527344,17088900
2025-03-05,16.626766204833984,17.469999313354492,17.530000686645508,17.0,17.059999465942383,13033800
2025-03-06,17.09311294555664,17.959999084472656,17.979999542236328,17.360000610351562,17.56999969482422,13002600
2025-03-07,17.007457733154297,17.8700008392334,18.110000610351562,17.68000030517578,17.850000381469727,11497400
2025-03-10,16.503040313720703,17.34000015258789,17.860000610351562,17.280000686645508,17.649999618530273,12045900
2025-03-11,16.55062484741211,17.389999389648438,17.469999313354492,17.209999084472656,17.260000228881836,7080300
2025-03-12,16.66483497619629,17.510000228881836,17.559999465942383,17.219999313354492,17.389999389648438,5692400
2025-03-13,16.940837860107422,17.799999237060547,18.1299991607666,17.329999923706055,17.5,16793700
2025-03-14,17.131183624267578,18.0,18.09000015258789,17.649999618530273,18.09000015258789,12174600
2025-03-17,17.28346061706543,18.15999984741211,18.309999465942383,17.969999313354492,18.049999237060547,12419800
2025-03-18,17.178770065307617,18.049999237060547,18.5,17.979999542236328,18.100000381469727,6653000
2025-03-19,17.321529388427734,18.200000762939453,18.399999618530273,17.90999984741211,18.110000610351562,10306900
2025-03-20,17.312013626098633,18.190000534057617,18.5,18.149999618530273,18.239999771118164,6280100
2025-03-21,16.921802520751953,17.780000686645508,18.299999237060547,17.690000534057617,18.170000076293945,10549700
2025-03-24,16.25558853149414,17.079999923706055,17.84000015258789,16.979999542236328,17.84000015258789,12449100
2025-03-25,16.22703742980957,17.049999237060547,17.559999465942383,16.959999084472656,17.09000015258789,9494400
2025-03-26,16.25558853149414,17.079999923706055,17.299999237060547,16.969999313354492,17.139999389648438,6092500
2025-03-27,16.484004974365234,17.31999969482422,17.40999984741211,17.09000015258789,17.15999984741211,8341700
2025-03-28,16.160415649414062,16.979999542236328,17.299999237060547,16.75,17.25,10512600
2025-03-31,15.437098503112793,16.219999313354492,16.6299991607666,16.010000228881836,16.610000610351562,16101600
2025-04-01,15.503721237182617,16.290000915527344,16.56999969482422,15.949999809265137,16.219999313354492,11049300
2025-04-02,16.055727005004883,16.8700008392334,17.020000457763672,16.15999984741211,16.209999084472656,13619500
2025-04-03,16.798076629638672,17.649999618530273,17.760000228881836,16.780000686645508,16.790000915527344,17746400
2025-04-04,16.24607276916504,17.06999969482422,17.6200008392334,17.010000228881836,17.520000457763672,13689600
2025-04-07,16.21752166748047,17.040000915527344,17.479999542236328,16.649999618530273,16.90999984741211,21656100
2025-04-08,16.02717399597168,16.84000015258789,17.360000610351562,16.799999237060547,17.040000915527344,8335300
2025-04-09,16.341245651245117,17.170000076293945,17.3799991607666,16.420000076293945,16.729999542236328,15815900
2025-04-10,16.35076332092285,17.18000030517578,17.479999542236328,16.84000015258789,17.040000915527344,14448600
2025-04-11,16.91228485107422,17.770000457763672,17.899999618530273,17.25,17.25,14529200
2025-04-14,17.5784969329834,18.469999313354492,18.649999618530273,17.93000030517578,18.0,16873700
2025-04-15,17.6070499420166,18.5,18.670000076293945,18.329999923706055,18.450000762939453,8317100
2025-04-16,17.616567611694336,18.510000228881836,18.729999542236328,18.389999389648438,18.510000228881836,8474200
2025-04-17,17.968706130981445,18.8799991607666,18.950000762939453,18.360000610351562,18.450000762939453,10802500
2025-04-22,18.12098503112793,19.040000915527344,19.139999389648438,18.68000030517578,18.75,10222100
2025-04-23,18.454090118408203,19.389999389648438,19.709999084472656,19.209999084472656,19.309999465942383,22979800
2025-04-24,18.968029022216797,19.93000030517578,19.969999313354492,19.280000686645508,19.639999389648438,13549400
2025-04-25,18.73009490966797,19.68000030517578,20.0,19.579999923706055,19.950000762939453,11489500
2025-04-28,18.625402450561523,19.56999969482422,19.799999237060547,19.399999618530273,19.799999237060547,9247000
2025-04-29,18.52071189880371,19.459999084472656,19.90999984741211,19.399999618530273,19.65999984741211,10023500
2025-04-30,18.46360969543457,19.399999618530273,19.65999984741211,19.06999969482422,19.329999923706055,19611800
2025-05-02,18.339885711669922,19.270000457763672,19.34000015258789,19.030000686645508,19.209999084472656,11519900
2025-05-05,17.987741470336914,18.899999618530273,19.3799991607666,18.729999542236328,19.309999465942383,15275200
2025-05-06,18.130502700805664,19.049999237060547,19.06999969482422,18.770000457763672,19.0,11324700
2025-05-07,17.844982147216797,18.75,19.219999313354492,18.639999389648438,19.219999313354492,5639400
2025-05-08,18.282777786254883,19.209999084472656,19.450000762939453,19.079999923706055,19.43000030517578,12535900
2025-05-09,16.98842430114746,17.850000381469727,19.399999618530273,17.850000381469727,19.399999618530273,24979900
2025-05-12,16.4744873046875,17.309999465942383,17.940000534057617,17.280000686645508,17.850000381469727,12028000
2025-05-13,17.26442527770996,18.139999389648438,18.200000762939453,17.389999389648438,17.389999389648438,17210000
2025-05-14,16.798076629638672,17.649999618530273,18.1200008392334,17.649999618530273,18.1200008392334,5966000
2025-05-15,17.026491165161133,17.889999389648438,18.200000762939453,17.540000915527344,17.729999542236328,11786500
2025-05-16,17.34056282043457,18.219999313354492,18.450000762939453,17.700000762939453,17.770000457763672,8348000
2025-05-19,17.292978286743164,18.170000076293945,18.450000762939453,18.0,18.260000228881836,4132600
2025-05-20,17.711742401123047,18.610000610351562,18.729999542236328,17.959999084472656,18.139999389648438,10954700
2025-05-21,17.11214828491211,17.979999542236328,18.649999618530273,17.93000030517578,18.610000610351562,10058400
2025-05-22,17.273942947387695,18.149999618530273,18.760000228881836,17.940000534057617,18.0,14492500
2025-05-23,17.18828773498535,18.059999465942383,18.290000915527344,17.65999984741211,18.149999618530273,4280400
2025-05-26,17.664154052734375,18.559999465942383,18.790000915527344,18.059999465942383,18.059999465942383,6639400
2025-05-27,18.178089141845703,19.100000381469727,19.3700008392334,18.8799991607666,18.8799991607666,26168800
2025-05-28,18.054363250732422,18.969999313354492,19.15999984741211,18.760000228881836,19.100000381469727,3768900
2025-05-29,18.254228591918945,19.18000030517578,19.18000030517578,18.770000457763672,18.979999542236328,5161000
2025-05-30,17.911603927612305,18.81999969482422,19.3700008392334,18.81999969482422,19.200000762939453,17389900
2025-06-02,18.254228591918945,19.18000030517578,19.469999313354492,18.93000030517578,19.040000915527344,8913600
2025-06-03,18.644437789916992,19.59000015258789,19.770000457763672,19.18000030517578,19.18000030517578,7276500
2025-06-04,18.701541900634766,19.649999618530273,20.530000686645508,19.639999389648438,19.799999237060547,18238000
2025-06-05,18.330366134643555,19.260000228881836,19.809999465942383,19.079999923706055,19.649999618530273,10783300
2025-06-06,18.159053802490234,19.079999923706055,19.299999237060547,18.81999969482422,19.239999771118164,9252900
2025-06-09,17.940156936645508,18.850000381469727,19.100000381469727,18.549999237060547,18.8700008392334,8692400
2025-06-10,18.225675582885742,19.149999618530273,19.270000457763672,18.860000610351562,19.200000762939453,17052700
2025-06-11,18.30181312561035,19.229999542236328,19.389999389648438,18.950000762939453,19.040000915527344,21512200
2025-06-12,18.12098503112793,19.040000915527344,19.610000610351562,19.020000457763672,19.450000762939453,15972700
2025-06-13,18.206640243530273,19.1299991607666,19.149999618530273,18.579999923706055,19.0,6428300
2025-06-16,18.53974723815918,19.479999542236328,19.600000381469727,19.170000076293945,19.31999969482422,12471700
2025-06-17,18.37136459350586,18.5,18.899999618530273,18.389999389648438,18.510000228881836,10115200
2025-06-18,18.351503372192383,18.479999542236328,18.639999389648438,18.3799991607666,18.5,13192300
2025-06-20,17.845048904418945,17.969999313354492,18.360000610351562,17.940000534057617,18.219999313354492,13567200
2025-06-23,17.358455657958984,17.479999542236328,17.940000534057617,17.420000076293945,17.920000076293945,10086300
2025-06-24,17.715953826904297,17.84000015258789,17.940000534057617,17.43000030517578,17.600000381469727,10954800
2025-06-25,17.62657928466797,17.75,17.799999237060547,17.549999237060547,17.600000381469727,6302600
2025-06-26,17.745744705200195,17.8700008392334,18.040000915527344,17.6200008392334,17.889999389648438,8305900
2025-06-27,17.83511734008789,17.959999084472656,18.18000030517578,17.610000610351562,17.610000610351562,9680400
2025-06-30,18.401155471801758,18.530000686645508,18.709999084472656,17.81999969482422,17.84000015258789,12763300
2025-07-01,18.550111770629883,18.68000030517578,18.950000762939453,18.56999969482422,18.59000015258789,8951200
2025-07-02,17.994007110595703,18.1200008392334,18.90999984741211,18.010000228881836,18.610000610351562,8984000
2025-07-03,18.51038932800293,18.639999389648438,18.770000457763672,18.170000076293945,18.170000076293945,6967800
2025-07-04,18.450807571411133,18.579999923706055,18.760000228881836,18.299999237060547,18.56999969482422,2687000
2025-07-07,18.172754287719727,18.299999237060547,18.729999542236328,18.25,18.6299991607666,5124700
2025-07-08,18.013866424560547,18.139999389648438,18.40999984741211,17.920000076293945,18.299999237060547,7328100
2025-07-09,17.338594436645508,17.459999084472656,18.18000030517578,17.399999618530273,18.18000030517578,10796700
2025-07-10,17.060543060302734,17.18000030517578,17.350000381469727,16.889999389648438,17.34000015258789,12691800
2025-07-11,17.000961303710938,17.1200008392334,17.190000534057617,16.8700008392334,17.1299991607666,9341200
2025-07-14,17.269081115722656,17.389999389648438,17.489999771118164,17.020000457763672,17.020000457763672,8621600
2025-07-15,17.328664779663086,17.450000762939453,17.889999389648438,17.229999542236328,17.639999389648438,7268000
2025-07-16,16.881793975830078,17.0,17.719999313354492,16.8700008392334,17.450000762939453,17266700
2025-07-17,16.603740692138672,16.719999313354492,17.18000030517578,16.649999618530273,17.0,9174800
2025-07-18,16.46471405029297,16.579999923706055,16.649999618530273,16.40999984741211,16.600000381469727,10443800
2025-07-21,16.4945068359375,16.610000610351562,16.760000228881836,16.43000030517578,16.709999084472656,10891100
2025-07-22,16.673255920410156,16.790000915527344,16.790000915527344,16.469999313354492,16.65999984741211,12352600
2025-07-23,16.971168518066406,17.09000015258789,17.200000762939453,16.6299991607666,16.780000686645508,7142900
2025-07-24,16.63353157043457,16.75,17.079999923706055,16.6299991607666,16.860000610351562,4775400
2025-07-25,16.56402015686035,16.68000030517578,16.940000534057617,16.549999237060547,16.760000228881836,3701400
2025-07-28,16.732837677001953,16.850000381469727,16.889999389648438,16.520000457763672,16.670000076293945,18051800
2025-07-29,16.732837677001953,16.850000381469727,17.040000915527344,16.639999389648438,16.860000610351562,8980400
2025-07-30,16.4945068359375,16.610000610351562,16.950000762939453,16.170000076293945,16.850000381469727,10186800
2025-07-31,16.42499351501465,16.540000915527344,16.690000534057617,16.170000076293945,16.399999618530273,8874900
2025-08-01,16.21645164489746,16.329999923706055,16.920000076293945,16.219999313354492,16.770000457763672,7927800
2025-08-04,16.325687408447266,16.440000534057617,16.75,16.34000015258789,16.579999923706055,5953600
2025-08-05,16.42499351501465,16.540000915527344,16.780000686645508,16.34000015258789,16.34000015258789,5152800
2025-08-06,16.583881378173828,16.700000762939453,16.75,16.450000762939453,16.75,8177800
2025-08-07,16.832141876220703,16.950000762939453,16.989999771118164,16.579999923706055,16.75,9551400
2025-08-08,15.233336448669434,15.34000015258789,16.81999969482422,15.220000267028809,16.81999969482422,34744600
2025-08-11,15.342571258544922,15.449999809265137,15.609999656677246,15.09000015258789,15.34000015258789,16474400
2025-08-12,15.78944206237793,15.899999618530273,16.079999923706055,15.470000267028809,15.520000457763672,13091800
2025-08-13,15.809303283691406,15.920000076293945,16.170000076293945,15.75,15.869999885559082,8050100
2025-08-14,15.92846965789795,16.040000915527344,16.15999984741211,15.619999885559082,15.699999809265137,6785600
2025-08-15,15.84902572631836,15.960000038146973,16.040000915527344,15.649999618530273,15.880000114440918,10546300
2025-08-18,15.749720573425293,15.859999656677246,16.18000030517578,15.84000015258789,15.989999771118164,12380500
2025-08-19,15.322710990905762,15.430000305175781,15.850000381469727,15.359999656677246,15.6899995803833,13198600
2025-08-20,14.846048355102539,14.949999809265137,15.5600004196167,14.800000190734863,15.420000076293945,23391300
2025-08-21,14.577925682067871,14.680000305175781,14.920000076293945,14.430000305175781,14.869999885559082,15759900
2025-08-22,14.965213775634766,15.069999694824219,15.079999923706055,14.529999732971191,14.789999961853027,15427400
2025-08-25,14.50841236114502,14.609999656677246,15.140000343322754,14.539999961853027,15.140000343322754,14078200
2025-08-26,14.498481750488281,14.600000381469727,14.739999771118164,14.460000038146973,14.65999984741211,11002900
2025-08-27,14.478620529174805,14.579999923706055,14.609999656677246,14.220000267028809,14.5,22749900
2025-08-28,14.518342971801758,14.619999885559082,14.869999885559082,14.569999694824219,14.699999809265137,15706400
2025-08-29,14.448829650878906,14.550000190734863,14.779999732971191,14.479999542236328,14.640000343322754,26350500
2025-09-01,14.220428466796875,14.319999694824219,14.729999542236328,14.229999542236328,14.579999923706055,8638800
2025-09-02,14.01188850402832,14.109999656677246,14.489999771118164,14.020000457763672,14.199999809265137,15069800
2025-09-03,14.111193656921387,14.210000038146973,14.399999618530273,14.140000343322754,14.149999618530273,8984600
2025-09-04,14.697091102600098,14.800000190734863,14.880000114440918,14.239999771118164,14.25,16720800
2025-09-05,14.597785949707031,14.699999809265137,15.350000381469727,14.600000381469727,15.220000267028809,17458000
2025-09-08,14.538204193115234,14.640000343322754,15.0,14.489999771118164,14.649999618530273,11534600
2025-09-09,14.42896842956543,14.529999732971191,14.699999809265137,14.4399995803833,14.579999923706055,8382600
2025-09-10,14.50841236114502,14.609999656677246,14.800000190734863,14.420000076293945,14.489999771118164,8001300
2025-09-11,14.895700454711914,15.0,15.079999923706055,14.569999694824219,14.699999809265137,19829400
2025-09-12,14.707021713256836,14.8100004196167,15.100000381469727,14.789999961853027,14.880000114440918,8888300
2025-09-15,14.756673812866211,14.859999656677246,15.039999961853027,14.739999771118164,14.800000190734863,4952900
2025-09-16,14.776535034179688,14.880000114440918,15.09000015258789,14.779999732971191,14.949999809265137,8845300
2025-09-17,15.17375373840332,15.279999732971191,15.399999618530273,14.8100004196167,14.84000015258789,15326500
2025-09-18,14.925491333007812,15.029999732971191,15.3100004196167,14.979999542236328,15.279999732971191,25448200
2025-09-19,14.50841236114502,14.609999656677246,15.100000381469727,14.59000015258789,15.050000190734863,15339600
2025-09-22,14.806325912475586,14.90999984741211,14.949999809265137,14.479999542236328,14.800000190734863,18607100
2025-09-23,15.044656753540039,15.149999618530273,15.350000381469727,14.760000228881836,14.800000190734863,21958200
2025-09-24,15.17375373840332,15.279999732971191,15.399999618530273,15.010000228881836,15.010000228881836,15426700
2025-09-25,15.024796485900879,15.130000114440918,15.449999809265137,15.069999694824219,15.279999732971191,12490000
2025-09-26,15.124100685119629,15.229999542236328,15.319999694824219,14.979999542236328,15.199999809265137,9825600
2025-09-29,15.541180610656738,15.649999618530273,15.670000076293945,15.34000015258789,15.399999618530273,20121600
2025-09-30,15.858956336975098,15.970000267028809,16.049999237060547,15.6899995803833,15.880000114440918,27743800
2025-10-01,15.630555152893066,15.739999771118164,16.110000610351562,15.569999694824219,16.110000610351562,23967300
2025-10-02,15.78944206237793,15.899999618530273,16.049999237060547,15.270000457763672,15.829999923706055,23100700
2025-10-03,15.78944206237793,15.899999618530273,15.989999771118164,15.710000038146973,15.829999923706055,10654300
2025-10-06,15.640485763549805,15.75,16.09000015258789,15.680000305175781,15.890000343322754,11122700
2025-10-07,15.590832710266113,15.699999809265137,15.739999771118164,15.359999656677246,15.59000015258789,14460600
2025-10-08,15.620624542236328,15.729999542236328,15.9399995803833,15.550000190734863,15.699999809265137,17512500
2025-10-09,15.382292747497559,15.489999771118164,15.9399995803833,15.420000076293945,15.789999961853027,17080900
2025-10-10,15.422015190124512,15.529999732971191,15.710000038146973,15.229999542236328,15.59000015258789,12570700
2025-10-13,15.362432479858398,15.470000267028809,15.640000343322754,15.40999984741211,15.529999732971191,12109900
2025-10-14,15.263127326965332,15.369999885559082,15.520000457763672,15.260000228881836,15.5,7826800
2025-10-15,15.471667289733887,15.579999923706055,15.75,15.100000381469727,15.140000343322754,21172300
2025-10-16,14.945353507995605,15.050000190734863,15.5,15.020000457763672,15.380000114440918,17602800
2025-10-17,15.362432479858398,15.470000267028809,15.569999694824219,15.010000228881836,15.09000015258789,18400600
2025-10-20,15.37236213684082,15.479999542236328,15.670000076293945,15.380000114440918,15.510000228881836,13253600
2025-10-21,15.461736679077148,15.569999694824219,15.680000305175781,15.369999885559082,15.390000343322754,14934900
2025-10-22,15.263127326965332,15.369999885559082,15.630000114440918,15.270000457763672,15.630000114440918,11184000
2025-10-23,15.441876411437988,15.550000190734863,15.699999809265137,15.239999771118164,15.539999961853027,12653300
2025-10-24,15.27305793762207,15.380000114440918,15.800000190734863,15.239999771118164,15.75,10360700
2025-10-27,15.451807022094727,15.5600004196167,15.640000343322754,15.3100004196167,15.579999923706055,13689600
2025-10-28,15.69013786315918,15.800000190734863,15.9399995803833,15.489999771118164,15.550000190734863,16809500
2025-10-29,15.531250953674316,15.640000343322754,16.0,15.520000457763672,15.800000190734863,23523900
2025-10-30,15.878816604614258,15.989999771118164,16.1200008392334,15.350000381469727,15.510000228881836,9483200
2025-10-31,15.809303283691406,15.920000076293945,16.149999618530273,15.890000343322754,16.079999923706055,10380200
2025-11-03,15.501459121704102,15.609999656677246,16.030000686645508,15.600000381469727,16.0,5531400
2025-11-04,15.541180610656738,15.649999618530273,15.890000343322754,15.489999771118164,15.520000457763672,15601800
2025-11-05,15.670276641845703,15.779999732971191,15.970000267028809,15.609999656677246,15.649999618530273,12002300
2025-11-06,15.51138973236084,15.619999885559082,15.760000228881836,15.390000343322754,15.729999542236328,15366500
2025-11-07,15.531250953674316,15.640000343322754,15.680000305175781,15.4399995803833,15.609999656677246,12135100
2025-11-10,15.700068473815918,15.8100004196167,15.949999809265137,15.609999656677246,15.739999771118164,14209700
2025-11-11,16.20652198791504,16.31999969482422,16.56999969482422,15.970000267028809,16.049999237060547,24523500
2025-11-12,16.285964965820312,16.399999618530273,16.440000534057617,16.040000915527344,16.399999618530273,29517700
2025-11-13,16.30582618713379,16.420000076293945,16.65999984741211,16.350000381469727,16.350000381469727,15081600
2025-11-14,16.405132293701172,16.520000457763672,16.860000610351562,16.260000228881836,16.440000534057617,21093500
2025-11-17,14.91556167602539,15.020000457763672,16.270000457763672,15.020000457763672,16.0,33891900
2025-11-18,15.302849769592285,15.40999984741211,15.520000457763672,14.869999885559082,14.90999984741211,15569700
2025-11-19,15.580902099609375,15.6899995803833,15.770000457763672,15.289999961853027,15.350000381469727,22493200
2025-11-21,15.223405838012695,15.329999923706055,15.680000305175781,15.149999618530273,15.65999984741211,13457500
2025-11-24,15.143961906433105,15.25,15.539999961853027,15.25,15.359999656677246,10845200
2025-11-25,15.322710990905762,15.430000305175781,15.510000228881836,15.210000038146973,15.270000457763672,4708600
2025-11-26,16.7229061126709,16.84000015258789,17.450000762939453,15.4399995803833,15.520000457763672,51427200
2025-11-27,16.91158676147461,17.030000686645508,17.200000762939453,16.729999542236328,17.010000228881836,15083400
2025-11-28,16.732837677001953,16.850000381469727,17.149999618530273,16.719999313354492,16.959999084472656,8215000
2025-12-01,16.46471405029297,16.579999923706055,16.780000686645508,16.450000762939453,16.75,7161400
2025-12-02,16.712976455688477,16.829999923706055,16.979999542236328,16.489999771118164,16.700000762939453,6534200
2025-12-03,16.554088592529297,16.670000076293945,17.0,16.649999618530273,16.93000030517578,6388000
2025-12-04,16.772558212280273,16.889999389648438,17.1299991607666,16.760000228881836,16.860000610351562,5956500
2025-12-05,16.00791358947754,16.1200008392334,16.969999313354492,15.949999809265137,16.790000915527344,13350400
2025-12-08,15.69013786315918,15.800000190734863,16.229999542236328,15.65999984741211,16.190000534057617,9801000
2025-12-09,15.461736679077148,15.569999694824219,15.75,15.229999542236328,15.6899995803833,7146600
2025-12-10,15.561041831970215,15.670000076293945,15.699999809265137,15.470000267028809,15.579999923706055,3928200
2025-12-11,15.630555152893066,15.739999771118164,16.010000228881836,15.529999732971191,15.550000190734863,4053300
2025-12-12,15.680207252502441,15.789999961853027,16.18000030517578,15.529999732971191,15.550000190734863,10180000
2025-12-15,15.729860305786133,15.84000015258789,15.979999542236328,15.710000038146973,15.979999542236328,101326800
2025-12-16,14.637508392333984,14.739999771118164,15.539999961853027,14.720000267028809,15.369999885559082,19621500
2025-12-17,14.448829650878906,14.550000190734863,14.630000114440918,14.210000038146973,14.59000015258789,16321600
2025-12-18,14.548133850097656,14.649999618530273,14.859999656677246,14.399999618530273,14.399999618530273,8751100
2025-12-19,14.389246940612793,14.489999771118164,14.8100004196167,14.460000038146973,14.609999656677246,8890800
2025-12-22,14.319733619689941,14.420000076293945,14.630000114440918,14.3100004196167,14.479999542236328,100251700
2025-12-23,14.528273582458496,14.630000114440918,14.84000015258789,14.390000343322754,14.460000038146973,5176500
2025-12-26,14.627577781677246,14.729999542236328,14.789999961853027,14.5,14.5,2242500
2025-12-29,14.50841236114502,14.609999656677246,14.800000190734863,14.520000457763672,14.609999656677246,7140100
2025-12-30,14.657369613647461,14.760000228881836,14.8100004196167,14.600000381469727,14.6899995803833,5316200
2026-01-02,14.647439002990723,14.75,14.829999923706055,14.619999885559082,14.779999732971191,3952400
2026-01-05,14.73681354522705,14.84000015258789,14.930000305175781,14.680000305175781,14.789999961853027,3881500
2026-01-06,14.73681354522705,14.84000015258789,15.140000343322754,14.84000015258789,14.899999618530273,7881500
2026-01-07,14.558064460754395,14.65999984741211,14.899999618530273,14.510000228881836,14.800000190734863,6364800
2026-01-08,14.73681354522705,14.84000015258789,14.970000267028809,14.59000015258789,14.670000076293945,8510700
2026-01-09,14.726882934570312,14.829999923706055,15.069999694824219,14.770000457763672,14.859999656677246,10905100
2026-01-12,14.786465644836426,14.890000343322754,15.210000038146973,14.729999542236328,14.729999542236328,14943500
2026-01-13,14.210498809814453,14.3100004196167,14.880000114440918,14.180000305175781,14.779999732971191,14837800
2026-01-14,13.60473918914795,13.699999809265137,14.489999771118164,13.630000114440918,14.430000305175781,19885500
2026-01-15,13.634531021118164,13.729999542236328,13.859999656677246,13.5600004196167,13.859999656677246,11332700
2026-01-16,13.505435943603516,13.600000381469727,13.760000228881836,13.460000038146973,13.75,9407500
2026-01-19,13.445852279663086,13.539999961853027,13.640000343322754,13.390000343322754,13.5600004196167,3841600
2026-01-20,13.306825637817383,13.399999618530273,13.5600004196167,13.3100004196167,13.420000076293945,6610600
2026-01-21,13.952306747436523,14.050000190734863,14.109999656677246,13.520000457763672,13.550000190734863,41176200
2026-01-22,14.121124267578125,14.220000267028809,14.489999771118164,14.0,14.0,16593700
2026-01-23,14.707021713256836,14.8100004196167,14.970000267028809,14.130000114440918,14.220000267028809,14164900
2026-01-26,14.746744155883789,14.850000381469727,14.9399995803833,14.600000381469727,14.869999885559082,9113000
2026-01-27,14.945353507995605,15.050000190734863,15.1899995803833,14.859999656677246,14.949999809265137,16903800
2026-01-28,15.044656753540039,15.149999618530273,15.449999809265137,14.920000076293945,15.100000381469727,18516200
2026-01-29,14.776535034179688,14.880000114440918,15.34000015258789,14.600000381469727,15.34000015258789,13718800
2026-01-30,14.657369613647461,14.760000228881836,14.930000305175781,14.619999885559082,14.8100004196167,12202300
2026-02-02,14.647439002990723,14.75,14.970000267028809,14.630000114440918,14.9399995803833,8858500
2026-02-03,14.965213775634766,15.069999694824219,15.079999923706055,14.770000457763672,14.949999809265137,16327400
2026-02-04,15.163823127746582,15.270000457763672,15.270000457763672,14.869999885559082,15.0,14822600
2026-02-05,15.084379196166992,15.1899995803833,15.399999618530273,15.100000381469727,15.3100004196167,7913100
2026-02-06,15.143961906433105,15.25,15.390000343322754,14.850000381469727,15.109999656677246,11509100
2026-02-09,15.362432479858398,15.470000267028809,15.520000457763672,15.119999885559082,15.319999694824219,7716700
2026-02-10,15.78944206237793,15.899999618530273,16.100000381469727,15.369999885559082,15.470000267028809,20349000
2026-02-11,16.33561897277832,16.450000762939453,16.520000457763672,15.899999618530273,16.059999465942383,17626200
2026-02-12,16.17673110961914,16.290000915527344,16.530000686645508,16.18000030517578,16.270000457763672,10540200
2026-02-13,16.127079010009766,16.239999771118164,16.280000686645508,15.800000190734863,15.859999656677246,8341000
2026-02-18,15.988052368164062,16.100000381469727,16.170000076293945,15.90999984741211,16.079999923706055,7166400
2026-02-19,16.33561897277832,16.450000762939453,16.450000762939453,16.059999465942383,16.1299991607666,5306800
2026-02-20,16.395200729370117,16.510000228881836,16.65999984741211,16.190000534057617,16.270000457763672,7488000
2026-02-23,16.573949813842773,16.690000534057617,16.969999313354492,16.440000534057617,16.600000381469727,14224900
2026-02-24,17.040681838989258,17.15999984741211,17.399999618530273,16.770000457763672,16.770000457763672,22095400
2026-02-25,16.554088592529297,16.670000076293945,17.299999237060547,16.579999923706055,17.299999237060547,8979100
2026-02-26,16.514366149902344,16.6299991607666,16.790000915527344,16.3700008392334,16.709999084472656,8368900
2026-02-27,15.858956336975098,15.970000267028809,16.540000915527344,15.920000076293945,16.530000686645508,14721600
2026-03-02,15.640485763549805,15.75,15.899999618530273,15.5,15.670000076293945,6813500
2026-03-03,15.362432479858398,15.470000267028809,15.569999694824219,14.890000343322754,15.09000015258789,12439600
2026-03-04,15.61069393157959,15.720000267028809,15.84000015258789,15.5600004196167,15.600000381469727,6687800
2026-03-05,15.51138973236084,15.619999885559082,16.09000015258789,15.300000190734863,15.670000076293945,13865800
2026-03-06,15.37236213684082,15.479999542236328,15.720000267028809,15.25,15.399999618530273,11888700
2026-03-09,15.829163551330566,15.9399995803833,16.15999984741211,15.420000076293945,15.510000228881836,15617500
2026-03-10,16.931446075439453,17.049999237060547,17.360000610351562,16.110000610351562,16.360000610351562,21529300
2026-03-11,16.981098175048828,17.100000381469727,17.389999389648438,16.579999923706055,16.81999969482422,7667900
2026-03-12,16.36540985107422,16.479999542236328,16.90999984741211,16.329999923706055,16.610000610351562,12270100
2026-03-13,16.146940231323242,16.260000228881836,16.719999313354492,16.139999389648438,16.6200008392334,7196500
2026-03-16,16.285964965820312,16.399999618530273,16.739999771118164,16.260000228881836,16.56999969482422,7297900
2026-03-17,16.196590423583984,16.309999465942383,16.700000762939453,16.079999923706055,16.40999984741211,6481200
2026-03-18,15.968191146850586,16.079999923706055,16.450000762939453,16.030000686645508,16.200000762939453,10462500
2026-03-19,16.07742691040039,16.190000534057617,16.399999618530273,15.600000381469727,15.819999694824219,9120600
2026-03-20,16.00791358947754,16.1200008392334,16.299999237060547,15.850000381469727,16.190000534057617,11676400
2026-03-23,16.732837677001953,16.850000381469727,16.920000076293945,16.399999618530273,16.43000030517578,8506300
2026-03-24,16.405132293701172,16.520000457763672,16.860000610351562,16.420000076293945,16.75,10964600
2026-03-25,16.4945068359375,16.610000610351562,16.8700008392334,16.479999542236328,16.75,10814800
2026-03-26,15.888747215270996,16.0,16.34000015258789,15.949999809265137,16.270000457763672,10103600
2026-03-27,15.620624542236328,15.729999542236328,16.15999984741211,15.600000381469727,16.0,8719400
2026-03-30,15.491528511047363,15.600000381469727,15.90999984741211,15.5,15.850000381469727,7913700
2026-03-31,16.137008666992188,16.25,16.3700008392334,15.670000076293945,15.789999961853027,10662800
2026-04-01,16.067495346069336,16.18000030517578,16.6200008392334,16.170000076293945,16.399999618530273,15648800
2026-04-02,15.988052368164062,16.100000381469727,16.399999618530273,15.680000305175781,15.789999961853027,10496700
2026-04-06,15.819233894348145,15.930000305175781,16.239999771118164,15.930000305175781,16.239999771118164,6945800
2026-04-07,16.285964965820312,16.399999618530273,16.489999771118164,15.770000457763672,15.899999618530273,14838800
2026-04-08,16.027772903442383,16.139999389648438,17.34000015258789,16.049999237060547,17.270000457763672,17767400
2026-04-09,16.00791358947754,16.1200008392334,16.3799991607666,16.020000457763672,16.280000686645508,11588400
2026-04-10,16.315757751464844,16.43000030517578,16.540000915527344,16.09000015258789,16.270000457763672,20232800
2026-04-13,16.127079010009766,16.239999771118164,16.350000381469727,15.680000305175781,16.350000381469727,18997700
2026-04-14,16.802350997924805,16.920000076293945,17.049999237060547,16.260000228881836,16.329999923706055,15732700
2026-04-15,16.842071533203125,16.959999084472656,17.100000381469727,16.809999465942383,16.850000381469727,10354300
2026-04-16,16.474645614624023,16.59000015258789,17.010000228881836,16.479999542236328,17.010000228881836,54573800
2026-04-17,16.434921264648438,16.549999237060547,17.1299991607666,16.540000915527344,16.979999542236328,15436500
2026-04-20,16.355478286743164,16.469999313354492,16.68000030517578,16.260000228881836,16.649999618530273,9320800
2026-04-22,16.11714744567871,16.229999542236328,16.540000915527344,16.030000686645508,16.420000076293945,10356800
2026-04-23,15.809303283691406,15.920000076293945,16.329999923706055,15.920000076293945,16.010000228881836,16615600
2026-04-24,15.70999813079834,15.819999694824219,16.260000228881836,15.630000114440918,15.989999771118164,20341000
2026-04-27,15.491528511047363,15.600000381469727,16.040000915527344,15.550000190734863,15.819999694824219,5086700
2026-04-28,15.481597900390625,15.59000015258789,15.59000015258789,15.25,15.520000457763672,10514100
2026-04-29,15.470000267028809,15.470000267028809,15.649999618530273,15.260000228881836,15.289999961853027,8816000
2026-04-30,15.729999542236328,15.729999542236328,15.890000343322754,15.510000228881836,15.630000114440918,7122100
2026-05-04,16.239999771118164,16.239999771118164,16.329999923706055,15.720000267028809,15.800000190734863,10799800
2026-05-05,16.290000915527344,16.290000915527344,16.450000762939453,16.010000228881836,16.010000228881836,28875800
2026-05-06,16.690000534057617,16.690000534057617,16.899999618530273,16.31999969482422,16.43000030517578,6505300
2026-05-07,16.290000915527344,16.290000915527344,16.670000076293945,16.15999984741211,16.549999237060547,11188600
2026-05-08,16.93000030517578,16.93000030517578,17.139999389648438,16.420000076293945,16.719999313354492,19970100
2026-05-11,16.18000030517578,16.18000030517578,16.920000076293945,16.030000686645508,16.770000457763672,16680600
2026-05-12,15.75,15.75,16.18000030517578,15.600000381469727,16.06999969482422,14261300
2026-05-13,15.289999961853027,15.289999961853027,15.739999771118164,15.25,15.680000305175781,15996300
2026-05-14,15.270000457763672,15.270000457763672,15.550000190734863,15.210000038146973,15.40999984741211,19687400
2026-05-15,14.970000267028809,14.970000267028809,15.220000267028809,14.800000190734863,15.0,17429300
2026-05-18,14.899999618530273,14.899999618530273,15.170000076293945,14.720000267028809,14.970000267028809,15276200
2026-05-19,14.609999656677246,14.609999656677246,14.84000015258789,14.5,14.779999732971191,10598800
2026-05-20,15.020000457763672,15.020000457763672,15.260000228881836,14.649999618530273,14.739999771118164,21109900
2026-05-21,14.670000076293945,14.670000076293945,14.9399995803833,14.630000114440918,14.920000076293945,12986500
2026-05-22,14.210000038146973,14.210000038146973,14.609999656677246,14.069999694824219,14.600000381469727,14249900
2026-05-25,14.359999656677246,14.359999656677246,14.510000228881836,14.300000190734863,14.420000076293945,4221500
2026-05-26,14.25,14.25,14.260000228881836,13.949999809265137,14.210000038146973,11876500
2026-05-27,14.050000190734863,14.050000190734863,14.449999809265137,13.979999542236328,14.449999809265137,8620900
2026-05-28,13.850000381469727,13.850000381469727,14.130000114440918,13.760000228881836,14.130000114440918,9661600
2026-05-29,13.720000267028809,13.720000267028809,13.90999984741211,13.5600004196167,13.859999656677246,21918900
2026-06-01,13.920000076293945,13.920000076293945,14.100000381469727,13.720000267028809,13.789999961853027,10642800
2026-06-02,14.1899995803833,14.1899995803833,14.369999885559082,13.960000038146973,14.0,8817900
2026-06-03,13.890000343322754,13.890000343322754,14.15999984741211,13.6899995803833,13.84000015258789,11983600
2026-06-05,13.9399995803833,13.9399995803833,14.010000228881836,13.75,13.84000015258789,6473500
2026-06-08,13.520000457763672,13.520000457763672,13.9399995803833,13.420000076293945,13.859999656677246,39303600
2026-06-09,13.489999771118164,13.489999771118164,13.800000190734863,13.420000076293945,13.619999885559082,7767300
2026-06-10,13.300000190734863,13.300000190734863,13.739999771118164,13.300000190734863,13.5,14741100
2026-06-11,13.489999771118164,13.489999771118164,13.609999656677246,13.130000114440918,13.300000190734863,6797200
2026-06-12,13.359999656677246,13.359999656677246,13.609999656677246,13.25,13.359999656677246,5628800
2026-06-15,13.270000457763672,13.270000457763672,13.789999961853027,13.270000457763672,13.59000015258789,8952400
2026-06-16,13.029999732971191,13.029999732971191,13.279999732971191,12.9399995803833,13.25,9629500
2026-06-17,12.449999809265137,12.449999809265137,13.229999542236328,12.449999809265137,13.170000076293945,16995200
2026-06-18,12.329999923706055,12.329999923706055,12.649999618530273,12.319999694824219,12.380000114440918,8340800
2026-06-19,12.449999809265137,12.449999809265137,12.470000267028809,12.15999984741211,12.300000190734863,16088900
2026-06-22,12.470000267028809,12.470000267028809,12.6899995803833,12.380000114440918,12.569999694824219,9530000
2026-06-23,12.899999618530273,12.899999618530273,13.0,12.300000190734863,12.319999694824219,11891500
2026-06-24,12.979999542236328,12.979999542236328,13.119999885559082,12.720000267028809,12.8100004196167,19891100
2026-06-25,13.449999809265137,13.449999809265137,13.510000228881836,13.119999885559082,13.119999885559082,11052800
2026-06-26,13.6899995803833,13.6899995803833,13.8100004196167,13.3100004196167,13.449999809265137,9386500
