Price,Adj Close,Close,High,Low,Open,Volume
Ticker,PETR3.SA,PETR3.SA,PETR3.SA,PETR3.SA,PETR3.SA,PETR3.SA
Date,,,,,,
2021-06-28,8.71159839630127,29.280000686645508,29.559999465942383,29.020000457763672,29.489999771118164,11154700
2021-06-29,8.830611228942871,29.68000030517578,29.760000228881836,29.0,29.31999969482422,18376200
2021-06-30,9.012101173400879,30.290000915527344,30.489999771118164,29.469999313354492,29.600000381469727,38599800
2021-07-01,8.854411125183105,29.760000228881836,30.84000015258789,29.56999969482422,30.540000915527344,14822500
2021-07-02,8.934744834899902,30.030000686645508,30.110000610351562,29.40999984741211,30.110000610351562,10708800
2021-07-05,8.833587646484375,29.690000534057617,29.979999542236328,29.219999313354492,29.709999084472656,9676800
2021-07-06,8.503329277038574,28.579999923706055,29.649999618530273,28.579999923706055,29.40999984741211,26086000
2021-07-07,8.547957420349121,28.729999542236328,28.989999771118164,28.280000686645508,28.989999771118164,15385400
2021-07-08,8.378369331359863,28.15999984741211,28.549999237060547,28.0,28.100000381469727,13636300
2021-07-12,8.464652061462402,28.450000762939453,28.600000381469727,28.0,28.399999618530273,12806700
2021-07-13,8.497381210327148,28.559999465942383,28.68000030517578,28.040000915527344,28.329999923706055,8356500
2021-07-14,8.440850257873535,28.3700008392334,28.989999771118164,28.190000534057617,28.860000610351562,15431200
2021-07-15,8.24150562286377,27.700000762939453,28.389999389648438,27.59000015258789,28.280000686645508,14057500
2021-07-16,8.083817481994629,27.170000076293945,27.959999084472656,26.989999771118164,27.899999618530273,13025200
2021-07-19,7.988608360290527,26.850000381469727,26.93000030517578,26.329999923706055,26.440000534057617,15763200
2021-07-20,8.119522094726562,27.290000915527344,27.56999969482422,26.3700008392334,26.6299991607666,13316700
2021-07-21,8.250432968139648,27.729999542236328,28.0,27.25,27.459999084472656,12603000
2021-07-22,8.262333869934082,27.770000457763672,27.950000762939453,27.389999389648438,27.739999771118164,6989400
2021-07-23,8.15224838256836,27.399999618530273,27.920000076293945,27.270000457763672,27.899999618530273,7828900
2021-07-26,8.315888404846191,27.950000762939453,28.040000915527344,27.299999237060547,27.34000015258789,10639300
2021-07-27,8.280183792114258,27.829999923706055,27.989999771118164,27.530000686645508,27.90999984741211,7616200
2021-07-28,8.431922912597656,28.34000015258789,28.440000534057617,27.690000534057617,28.030000686645508,12508600
2021-07-29,8.399195671081543,28.229999542236328,28.420000076293945,28.0,28.31999969482422,6722500
2021-07-30,8.182001113891602,27.5,28.25,27.479999542236328,28.030000686645508,16455300
2021-08-02,8.104642868041992,27.239999771118164,28.219999313354492,27.239999771118164,27.639999389648438,18167000
2021-08-03,8.24150562286377,27.700000762939453,27.700000762939453,26.65999984741211,27.299999237060547,14480700
2021-08-04,7.943979740142822,26.700000762939453,27.59000015258789,26.440000534057617,27.530000686645508,21499300
2021-08-05,8.708625793457031,29.270000457763672,29.899999618530273,28.540000915527344,29.059999465942383,56764100
2021-08-06,8.661018371582031,29.110000610351562,29.389999389648438,28.799999237060547,29.270000457763672,14207700
2021-08-09,8.580686569213867,28.84000015258789,28.950000762939453,28.350000381469727,28.799999237060547,16383300
2021-08-10,8.583662033081055,28.850000381469727,29.489999771118164,28.829999923706055,29.049999237060547,13708300
2021-08-11,8.717549324035645,29.299999237060547,29.600000381469727,28.610000610351562,28.809999465942383,13417700
2021-08-12,8.765152931213379,29.459999084472656,29.75,29.15999984741211,29.40999984741211,14101100
2021-08-13,8.902016639709473,29.920000076293945,30.049999237060547,29.3700008392334,29.469999313354492,14005900
2021-08-16,8.732426643371582,29.350000381469727,29.780000686645508,28.93000030517578,29.780000686645508,14341000
2021-08-17,8.735547065734863,27.75,28.450000762939453,27.34000015258789,27.40999984741211,20573000
2021-08-18,8.631664276123047,27.420000076293945,28.079999923706055,27.389999389648438,27.829999923706055,15096100
2021-08-19,8.549816131591797,27.15999984741211,27.420000076293945,26.850000381469727,27.010000228881836,13268300
2021-08-20,8.546669960021973,27.149999618530273,27.15999984741211,26.610000610351562,27.0,12420500
2021-08-23,8.833133697509766,28.059999465942383,28.06999969482422,27.299999237060547,27.520000457763672,21931900
2021-08-24,8.933867454528809,28.3799991607666,28.3799991607666,28.049999237060547,28.229999542236328,9774200
2021-08-25,8.955902099609375,28.450000762939453,28.469999313354492,28.100000381469727,28.299999237060547,9107100
2021-08-26,8.883498191833496,28.219999313354492,28.649999618530273,28.15999984741211,28.170000076293945,17813300
2021-08-27,9.154221534729004,29.079999923706055,29.110000610351562,28.3700008392334,28.40999984741211,10210800
2021-08-30,9.040895462036133,28.719999313354492,29.260000228881836,28.65999984741211,28.8799991607666,15703900
2021-08-31,8.789060592651367,27.920000076293945,28.780000686645508,27.729999542236328,28.709999084472656,30637100
2021-09-01,8.741843223571777,27.770000457763672,28.1200008392334,27.110000610351562,28.100000381469727,18159400
2021-09-02,8.590743064880371,27.290000915527344,28.239999771118164,27.290000915527344,27.600000381469727,15610800
2021-09-03,8.593888282775879,27.299999237060547,27.469999313354492,26.979999542236328,27.3700008392334,34286600
2021-09-06,8.615921974182129,27.3700008392334,27.579999923706055,27.030000686645508,27.15999984741211,7621100
2021-09-08,8.137434959411621,25.850000381469727,27.260000228881836,25.770000457763672,27.239999771118164,26766100
2021-09-09,8.212987899780273,26.09000015258789,26.540000915527344,25.079999923706055,26.18000030517578,40726600
2021-09-10,8.206690788269043,26.06999969482422,26.75,26.030000686645508,26.649999618530273,16917300
2021-09-13,8.461674690246582,26.8799991607666,27.06999969482422,26.329999923706055,26.639999389648438,8394200
2021-09-14,8.39871597290039,26.68000030517578,26.8799991607666,26.3700008392334,26.549999237060547,12296700
2021-09-15,8.490006446838379,26.969999313354492,27.299999237060547,26.6200008392334,26.75,12428700
2021-09-16,8.411307334899902,26.719999313354492,26.940000534057617,26.239999771118164,26.8700008392334,9982400
2021-09-17,8.027257919311523,25.5,26.700000762939453,25.5,26.610000610351562,31723100
2021-09-20,7.942263603210449,25.229999542236328,25.239999771118164,24.5,24.84000015258789,20098700
2021-09-21,8.068180084228516,25.6299991607666,25.84000015258789,25.15999984741211,25.479999542236328,11818300
2021-09-22,8.329461097717285,26.459999084472656,26.739999771118164,25.940000534057617,25.940000534057617,12562500
2021-09-23,8.675736427307129,27.559999465942383,27.559999465942383,26.459999084472656,26.459999084472656,14710700
2021-09-24,8.675736427307129,27.559999465942383,27.84000015258789,27.149999618530273,27.350000381469727,12849300
2021-09-27,8.81109619140625,27.989999771118164,28.3799991607666,27.350000381469727,27.690000534057617,19582400
2021-09-28,8.735547065734863,27.75,28.829999923706055,27.610000610351562,27.940000534057617,16663600
2021-09-29,8.867759704589844,28.170000076293945,28.389999389648438,27.549999237060547,28.010000228881836,27541000
2021-09-30,8.861464500427246,28.149999618530273,28.420000076293945,27.889999389648438,28.329999923706055,19250400
2021-10-01,9.028306007385254,28.68000030517578,28.770000457763672,27.889999389648438,27.989999771118164,10554300
2021-10-04,9.248661041259766,29.3799991607666,29.440000534057617,28.3799991607666,28.40999984741211,20216400
2021-10-05,9.402909278869629,29.8700008392334,30.1299991607666,29.489999771118164,29.5,15317400
2021-10-06,9.173110008239746,29.139999389648438,29.75,29.0,29.56999969482422,14920700
2021-10-07,9.191997528076172,29.200000762939453,29.5,28.770000457763672,29.110000610351562,11538500
2021-10-08,9.377727508544922,29.790000915527344,30.229999542236328,29.3799991607666,29.450000762939453,17070200
2021-10-11,9.371432304382324,29.770000457763672,30.5,29.700000762939453,30.149999618530273,14617900
2021-10-13,9.538273811340332,30.299999237060547,30.479999542236328,29.540000915527344,29.649999618530273,17118700
2021-10-14,9.522533416748047,30.25,30.889999389648438,30.040000915527344,30.3799991607666,15841300
2021-10-15,9.494200706481934,30.15999984741211,30.3799991607666,30.0,30.209999084472656,10692300
2021-10-18,9.506792068481445,30.200000762939453,30.450000762939453,29.610000610351562,29.899999618530273,13503600
2021-10-19,9.091263771057129,28.8799991607666,29.989999771118164,28.700000762939453,29.799999237060547,28178500
2021-10-20,9.286437034606934,29.5,29.739999771118164,28.799999237060547,29.09000015258789,17058200
2021-10-21,8.9590482711792,28.459999084472656,29.18000030517578,27.920000076293945,28.790000915527344,33786700
2021-10-22,8.782763481140137,27.899999618530273,28.360000610351562,26.81999969482422,28.100000381469727,43723800
2021-10-25,9.321063995361328,29.610000610351562,29.770000457763672,28.360000610351562,28.40999984741211,38562900
2021-10-26,9.214035034179688,29.270000457763672,29.8799991607666,29.110000610351562,29.200000762939453,15450300
2021-10-27,9.22662353515625,29.309999465942383,29.600000381469727,29.06999969482422,29.399999618530273,16128000
2021-10-28,9.314767837524414,29.59000015258789,29.75,28.809999465942383,29.030000686645508,20121300
2021-10-29,8.71036434173584,27.670000076293945,29.399999618530273,27.459999084472656,29.399999618530273,33651200
2021-11-01,9.034603118896484,28.700000762939453,29.09000015258789,28.09000015258789,28.229999542236328,33225700
2021-11-03,8.650550842285156,27.479999542236328,28.479999542236328,27.479999542236328,28.350000381469727,20517700
2021-11-04,8.395567893981934,26.670000076293945,27.799999237060547,26.540000915527344,27.649999618530273,16393400
2021-11-05,8.401863098144531,26.690000534057617,27.260000228881836,26.579999923706055,26.989999771118164,17509000
2021-11-08,8.540372848510742,27.1299991607666,27.59000015258789,26.559999465942383,26.579999923706055,18249300
2021-11-09,8.672588348388672,27.549999237060547,27.920000076293945,27.110000610351562,27.110000610351562,16727500
2021-11-10,8.600184440612793,27.31999969482422,27.8799991607666,27.1200008392334,27.399999618530273,15039700
2021-11-11,8.600184440612793,27.31999969482422,27.729999542236328,27.190000534057617,27.729999542236328,10208400
2021-11-12,8.757583618164062,27.81999969482422,27.850000381469727,26.920000076293945,27.219999313354492,12622800
2021-11-16,8.88979721069336,28.239999771118164,28.5,27.579999923706055,28.15999984741211,13741500
2021-11-17,8.685178756713867,27.59000015258789,28.3799991607666,27.489999771118164,28.290000915527344,15206200
2021-11-18,8.67888355255127,27.56999969482422,27.809999465942383,27.030000686645508,27.65999984741211,18571600
2021-11-19,8.559260368347168,27.190000534057617,27.3799991607666,26.760000228881836,27.190000534057617,14335200
2021-11-22,8.637961387634277,27.440000534057617,28.200000762939453,27.31999969482422,27.43000030517578,15649900
2021-11-23,9.04404354095459,28.729999542236328,28.889999389648438,27.549999237060547,27.600000381469727,19705200
2021-11-24,9.220330238342285,29.290000915527344,29.290000915527344,28.399999618530273,28.520000457763672,50040000
2021-11-25,9.60123062133789,30.5,30.700000762939453,29.5,29.700000762939453,13080500
2021-11-26,9.1825532913208,29.170000076293945,29.90999984741211,28.729999542236328,29.350000381469727,30868900
2021-11-29,9.494200706481934,30.15999984741211,30.520000457763672,29.40999984741211,30.010000228881836,16259300
2021-11-30,9.48790454864502,30.139999389648438,30.280000686645508,29.559999465942383,30.0,38459400
2021-12-01,9.554010391235352,30.350000381469727,31.260000228881836,30.31999969482422,30.459999084472656,25686900
2021-12-02,10.40736198425293,29.520000457763672,29.600000381469727,26.899999618530273,27.729999542236328,49179200
2021-12-03,10.601265907287598,30.06999969482422,30.1299991607666,29.260000228881836,29.469999313354492,32302000
2021-12-06,10.699978828430176,30.350000381469727,30.700000762939453,30.079999923706055,30.079999923706055,20230300
2021-12-07,10.996126174926758,31.190000534057617,31.329999923706055,30.479999542236328,30.709999084472656,33244600
2021-12-08,10.957344055175781,31.079999923706055,31.93000030517578,31.079999923706055,31.290000915527344,22771400
2021-12-09,10.957344055175781,31.079999923706055,31.280000686645508,30.399999618530273,30.75,12741700
2021-12-10,11.101889610290527,31.489999771118164,32.02000045776367,31.280000686645508,31.280000686645508,9888400
2021-12-13,11.091314315795898,31.459999084472656,31.920000076293945,31.040000915527344,31.399999618530273,20982700
2021-12-14,10.93619155883789,31.020000457763672,31.799999237060547,30.93000030517578,31.799999237060547,13373800
2021-12-15,10.9009370803833,30.920000076293945,31.09000015258789,30.450000762939453,30.969999313354492,18062800
2021-12-16,11.126569747924805,31.559999465942383,32.040000915527344,31.1200008392334,31.200000762939453,26042200
2021-12-17,10.85510540008545,30.790000915527344,31.489999771118164,30.56999969482422,31.190000534057617,24320600
2021-12-20,10.647100448608398,30.200000762939453,30.399999618530273,29.440000534057617,29.93000030517578,28386300
2021-12-21,10.696454048156738,30.34000015258789,30.829999923706055,30.280000686645508,30.510000228881836,10847300
2021-12-22,10.654147148132324,30.219999313354492,30.5,30.0,30.360000610351562,10066300
2021-12-23,10.731709480285645,30.440000534057617,30.68000030517578,30.18000030517578,30.350000381469727,6243500
2021-12-27,10.94324016571045,31.040000915527344,31.229999542236328,30.239999771118164,30.440000534057617,17868100
2021-12-28,10.95029354095459,31.059999465942383,31.469999313354492,31.0,31.260000228881836,8078000
2021-12-29,10.911511421203613,30.950000762939453,31.34000015258789,30.75,31.010000228881836,11460950
2021-12-30,10.823375701904297,30.700000762939453,31.1299991607666,30.549999237060547,30.950000762939453,34157000
2022-01-03,11.112464904785156,31.520000457763672,31.670000076293945,30.760000228881836,30.84000015258789,15578500
2022-01-04,11.25348949432373,31.920000076293945,32.189998626708984,31.280000686645508,31.56999969482422,17337100
2022-01-05,10.791645050048828,30.610000610351562,32.060001373291016,30.559999465942383,32.0,29552100
2022-01-06,10.7810697555542,30.579999923706055,31.43000030517578,30.459999084472656,30.739999771118164,30193600
2022-01-07,10.869206428527832,30.829999923706055,30.989999771118164,30.530000686645508,30.760000228881836,16889100
2022-01-10,10.830425262451172,30.719999313354492,31.059999465942383,30.389999389648438,30.700000762939453,17334600
2022-01-11,11.278165817260742,31.989999771118164,32.09000015258789,30.649999618530273,30.850000381469727,30661100
2022-01-12,11.651870727539062,33.04999923706055,33.25,32.150001525878906,32.18000030517578,25548000
2022-01-13,11.933913230895996,33.849998474121094,34.45000076293945,32.83000183105469,32.849998474121094,32479700
2022-01-14,12.18422794342041,34.560001373291016,34.7400016784668,33.619998931884766,34.06999969482422,28261000
2022-01-17,12.145444869995117,34.45000076293945,34.939998626708984,34.27000045776367,34.41999816894531,7079200
2022-01-18,12.187755584716797,34.56999969482422,34.93000030517578,33.810001373291016,34.529998779296875,14950100
2022-01-19,12.07493782043457,34.25,35.150001525878906,34.25,34.810001373291016,19605900
2022-01-20,12.152497291564941,34.470001220703125,34.84000015258789,34.02000045776367,34.5,18238900
2022-01-21,12.194804191589355,34.59000015258789,34.81999969482422,34.189998626708984,34.25,16277600
2022-01-24,12.215961456298828,34.650001525878906,35.08000183105469,33.369998931884766,34.45000076293945,25099100
2022-01-25,12.6213960647583,35.79999923706055,36.02000045776367,34.119998931884766,34.380001068115234,21039200
2022-01-26,12.991573333740234,36.849998474121094,37.400001525878906,36.0,36.0,22400800
2022-01-27,13.040932655334473,36.9900016784668,37.65999984741211,36.560001373291016,37.16999816894531,27254700
2022-01-28,12.653124809265137,35.88999938964844,37.79999923706055,35.470001220703125,36.849998474121094,24342500
2022-01-31,12.434540748596191,35.27000045776367,36.16999816894531,35.029998779296875,36.04999923706055,22445000
2022-02-01,12.801198959350586,36.310001373291016,36.459999084472656,34.72999954223633,35.15999984741211,19064200
2022-02-02,12.57203483581543,35.65999984741211,36.619998931884766,35.400001525878906,36.61000061035156,11735200
2022-02-03,12.438065528869629,35.279998779296875,35.47999954223633,34.68000030517578,35.470001220703125,16656900
2022-02-04,12.660173416137695,35.90999984741211,36.58000183105469,35.130001068115234,35.5099983215332,25527800
2022-02-07,12.508578300476074,35.47999954223633,35.95000076293945,35.33000183105469,35.86000061035156,20018000
2022-02-08,12.328775405883789,34.970001220703125,35.29999923706055,34.41999816894531,35.22999954223633,16102100
2022-02-09,12.339351654052734,35.0,35.900001525878906,34.72999954223633,35.029998779296875,10506700
2022-02-10,12.55087947845459,35.599998474121094,36.099998474121094,35.04999923706055,35.189998626708984,14021700
2022-02-11,13.11496639251709,37.20000076293945,37.2599983215332,35.58000183105469,35.81999969482422,26448100
2022-02-14,12.776517868041992,36.2400016784668,37.38999938964844,36.0,37.20000076293945,13473300
2022-02-15,12.512102127075195,35.4900016784668,36.04999923706055,34.939998626708984,36.0,14294900
2022-02-16,12.787089347839355,36.27000045776367,37.060001373291016,35.75,35.75,18446000
2022-02-17,12.727156639099121,36.099998474121094,36.58000183105469,35.790000915527344,36.13999938964844,10212000
2022-02-18,12.64607048034668,35.869998931884766,36.18000030517578,35.36000061035156,35.900001525878906,14031600
2022-02-21,12.988049507141113,36.84000015258789,37.08000183105469,35.880001068115234,35.880001068115234,6224000
2022-02-22,12.787089347839355,36.27000045776367,37.63999938964844,35.79999923706055,37.220001220703125,21847400
2022-02-23,12.790616989135742,36.279998779296875,36.79999923706055,36.040000915527344,36.470001220703125,19561500
2022-02-24,12.589665412902832,35.709999084472656,37.650001525878906,34.939998626708984,37.0,23081700
2022-02-25,12.822346687316895,36.369998931884766,36.47999954223633,35.209999084472656,35.599998474121094,20527100
2022-03-02,13.227787017822266,37.52000045776367,38.08000183105469,37.150001525878906,37.970001220703125,16218600
2022-03-03,13.122021675109863,37.220001220703125,37.88999938964844,36.709999084472656,37.59000015258789,15435300
2022-03-04,13.033882141113281,36.970001220703125,37.599998474121094,36.290000915527344,37.150001525878906,18097200
2022-03-07,12.036154747009277,34.13999938964844,37.5,33.7599983215332,37.400001525878906,31859200
2022-03-08,12.230058670043945,34.689998626708984,35.540000915527344,33.540000915527344,34.31999969482422,37221100
2022-03-09,12.226533889770508,34.68000030517578,35.119998931884766,33.93000030517578,34.88999938964844,18729100
2022-03-10,12.568510055541992,35.650001525878906,36.560001373291016,34.79999923706055,36.189998626708984,26817700
2022-03-11,12.272367477416992,34.810001373291016,36.130001068115234,34.599998474121094,35.7400016784668,24275700
2022-03-14,12.117242813110352,34.369998931884766,35.150001525878906,33.72999954223633,34.810001373291016,20240500
2022-03-15,11.891606330871582,33.72999954223633,34.0099983215332,32.7400016784668,33.7599983215332,19469500
2022-03-16,11.902186393737793,33.7599983215332,34.09000015258789,33.16999816894531,33.83000183105469,20123900
2022-03-17,11.588411331176758,32.869998931884766,34.31999969482422,32.0,34.029998779296875,33975100
2022-03-18,11.690653800964355,33.15999984741211,33.54999923706055,32.630001068115234,32.72999954223633,34149500
2022-03-21,12.081988334655762,34.27000045776367,34.540000915527344,33.16999816894531,33.220001220703125,12200800
2022-03-22,12.004426956176758,34.04999923706055,34.619998931884766,33.630001068115234,34.4900016784668,15178400
2022-03-23,12.120767593383789,34.380001068115234,35.040000915527344,33.93000030517578,34.20000076293945,11845600
2022-03-24,12.328775405883789,34.970001220703125,35.15999984741211,34.04999923706055,34.34000015258789,15222400
2022-03-25,12.339351654052734,35.0,35.31999969482422,34.4900016784668,34.84000015258789,13764200
2022-03-28,12.015003204345703,34.08000183105469,34.77000045776367,33.650001525878906,34.7599983215332,18674900
2022-03-29,12.16307544708252,34.5,34.91999816894531,33.900001525878906,34.13999938964844,21261100
2022-03-30,12.378133773803711,35.11000061035156,35.20000076293945,34.45000076293945,34.79999923706055,9334000
2022-03-31,12.423965454101562,35.2400016784668,35.58000183105469,34.59000015258789,34.619998931884766,17115000
2022-04-01,12.420438766479492,35.22999954223633,35.779998779296875,35.029998779296875,35.47999954223633,15174000
2022-04-04,12.293519973754883,34.869998931884766,35.0,34.369998931884766,34.970001220703125,15451000
2022-04-05,12.2794189453125,34.83000183105469,35.4900016784668,34.77000045776367,34.900001525878906,11994100
2022-04-06,12.318199157714844,34.939998626708984,35.36000061035156,34.5099983215332,34.91999816894531,15020900
2022-04-07,12.935165405273438,36.689998626708984,36.77000045776367,34.959999084472656,35.0,15668500
2022-04-08,13.076186180114746,37.09000015258789,37.25,36.38999938964844,36.560001373291016,14064700
2022-04-11,12.903435707092285,36.599998474121094,36.90999984741211,36.369998931884766,36.70000076293945,7072800
2022-04-12,12.917537689208984,36.63999938964844,37.36000061035156,36.4900016784668,37.060001373291016,11454600
2022-04-13,13.234838485717773,37.540000915527344,37.72999954223633,37.0099983215332,37.09000015258789,21697400
2022-04-14,13.303842544555664,34.75,35.150001525878906,34.11000061035156,34.4900016784668,36376800
2022-04-18,13.062651634216309,34.119998931884766,34.84000015258789,33.959999084472656,34.47999954223633,20888700
2022-04-19,13.28852653503418,34.709999084472656,35.06999969482422,34.349998474121094,34.439998626708984,14946200
2022-04-20,13.4454927444458,35.119998931884766,35.18000030517578,34.38999938964844,34.650001525878906,10192200
2022-04-22,12.775517463684082,33.369998931884766,34.70000076293945,33.209999084472656,34.47999954223633,15533100
2022-04-25,12.687460899353027,33.13999938964844,33.47999954223633,32.41999816894531,32.90999984741211,13116200
2022-04-26,12.66832160949707,33.09000015258789,33.77000045776367,32.939998626708984,33.06999969482422,13847200
2022-04-27,12.706605911254883,33.189998626708984,33.7400016784668,33.02000045776367,33.5,7241600
2022-04-28,12.798487663269043,33.43000030517578,33.79999923706055,33.29999923706055,33.29999923706055,6915000
2022-04-29,12.802315711975098,33.439998626708984,35.0,33.439998626708984,34.029998779296875,17172000
2022-05-02,12.572608947753906,32.84000015258789,33.599998474121094,32.150001525878906,33.5,15992700
2022-05-03,12.656835556030273,33.060001373291016,33.41999816894531,32.709999084472656,33.11000061035156,11244200
2022-05-04,13.254073143005371,34.619998931884766,34.619998931884766,33.040000915527344,33.400001525878906,20809800
2022-05-05,13.166020393371582,34.38999938964844,35.0,33.349998474121094,34.5,24557500
2022-05-06,13.663716316223145,35.689998626708984,35.88999938964844,34.34000015258789,35.20000076293945,17397400
2022-05-09,13.116250038146973,34.2599983215332,35.52000045776367,34.119998931884766,35.34000015258789,25131000
2022-05-10,13.28087043762207,34.689998626708984,35.0,34.150001525878906,34.599998474121094,17456300
2022-05-11,13.950851440429688,36.439998626708984,36.86000061035156,34.970001220703125,35.029998779296875,25063600
2022-05-12,14.004448890686035,36.58000183105469,36.75,35.70000076293945,36.52000045776367,28681700
2022-05-13,14.023590087890625,36.630001068115234,37.189998626708984,36.599998474121094,36.720001220703125,19959600
2022-05-16,14.41791820526123,37.65999984741211,37.880001068115234,36.61000061035156,36.7400016784668,21906600
2022-05-17,14.429407119750977,37.689998626708984,38.040000915527344,37.18000030517578,38.0,17808600
2022-05-18,14.103988647460938,36.84000015258789,38.040000915527344,36.540000915527344,37.5099983215332,16176800
2022-05-19,14.222671508789062,37.150001525878906,37.400001525878906,36.459999084472656,36.849998474121094,9932100
2022-05-20,14.421751976013184,37.66999816894531,37.88999938964844,36.959999084472656,37.5,14632500
2022-05-23,14.953903198242188,39.060001373291016,39.279998779296875,37.83000183105469,37.939998626708984,18272800
2022-05-24,14.554289817810059,34.400001525878906,34.810001373291016,33.720001220703125,34.0,18318600
2022-05-25,14.850449562072754,35.099998474121094,35.290000915527344,34.099998474121094,34.43000030517578,18592200
2022-05-26,14.896993637084961,35.209999084472656,35.599998474121094,34.95000076293945,35.06999969482422,11256100
2022-05-27,14.27505111694336,33.7400016784668,35.150001525878906,33.650001525878906,35.150001525878906,20720200
2022-05-30,13.966195106506348,33.0099983215332,34.0,32.04999923706055,34.0,12468200
2022-05-31,14.071964263916016,33.2599983215332,33.7599983215332,32.90999984741211,33.459999084472656,28056100
2022-06-01,14.059272766113281,33.22999954223633,33.52000045776367,32.97999954223633,33.08000183105469,7669200
2022-06-02,13.928116798400879,32.91999816894531,33.31999969482422,32.75,33.20000076293945,9524900
2022-06-03,14.2835111618042,33.7599983215332,33.90999984741211,32.68000030517578,32.90999984741211,13929600
2022-06-06,14.27505111694336,33.7400016784668,34.11000061035156,33.380001068115234,33.88999938964844,9285200
2022-06-07,14.325821876525879,33.86000061035156,34.630001068115234,33.54999923706055,33.54999923706055,10982800
2022-06-08,14.270816802978516,33.72999954223633,34.22999954223633,33.560001373291016,33.7400016784668,7258500
2022-06-09,14.101585388183594,33.33000183105469,33.880001068115234,33.220001220703125,33.7400016784668,11378500
2022-06-10,13.923885345458984,32.90999984741211,33.15999984741211,32.36000061035156,33.11000061035156,14670200
2022-06-13,13.712339401245117,32.40999984741211,32.790000915527344,31.709999084472656,32.439998626708984,21250400
2022-06-14,13.835036277770996,32.70000076293945,33.290000915527344,32.369998931884766,32.599998474121094,14558700
2022-06-15,13.653109550476074,32.27000045776367,33.18000030517578,31.950000762939453,33.099998474121094,20159500
2022-06-17,12.663077354431152,29.93000030517578,31.40999984741211,28.84000015258789,31.100000381469727,37348400
2022-06-20,12.773082733154297,30.190000534057617,30.68000030517578,28.56999969482422,28.790000915527344,10868300
2022-06-21,12.637693405151367,29.8700008392334,30.770000457763672,29.639999389648438,30.649999618530273,23224300
2022-06-22,12.578458786010742,29.729999542236328,30.31999969482422,29.040000915527344,29.360000610351562,13553800
2022-06-23,12.31191349029541,29.100000381469727,30.200000762939453,28.799999237060547,29.770000457763672,14734000
2022-06-24,12.231528282165527,28.90999984741211,29.670000076293945,28.829999923706055,29.510000228881836,15527600
2022-06-27,13.056551933288574,30.860000610351562,31.040000915527344,29.200000762939453,29.200000762939453,17707400
2022-06-28,13.246940612792969,31.309999465942383,31.850000381469727,31.09000015258789,31.690000534057617,12443600
2022-06-29,13.065013885498047,30.8799991607666,31.899999618530273,30.729999542236328,31.59000015258789,10631700
2022-06-30,12.921163558959961,30.540000915527344,30.75,30.110000610351562,30.360000610351562,19935200
2022-07-01,13.162325859069824,31.110000610351562,31.40999984741211,30.0,30.600000381469727,13968700
2022-07-04,13.47541332244873,31.850000381469727,32.130001068115234,31.1200008392334,31.15999984741211,5781000
2022-07-05,12.900009155273438,30.489999771118164,31.5,29.84000015258789,31.5,17539000
2022-07-06,12.7053861618042,30.030000686645508,30.81999969482422,29.280000686645508,30.780000686645508,11767100
2022-07-07,13.081937789916992,30.920000076293945,31.209999084472656,30.610000610351562,30.68000030517578,10338500
2022-07-08,13.200403213500977,31.200000762939453,31.59000015258789,30.959999084472656,31.1299991607666,4878800
2022-07-11,13.191938400268555,31.18000030517578,31.299999237060547,30.6200008392334,30.780000686645508,10408500
2022-07-12,12.933856010437012,30.56999969482422,30.989999771118164,30.3700008392334,30.989999771118164,9506400
2022-07-13,12.988856315612793,30.700000762939453,31.010000228881836,30.31999969482422,30.399999618530273,8369200
2022-07-14,12.57423210144043,29.719999313354492,30.350000381469727,29.56999969482422,30.31999969482422,11563000
2022-07-15,12.823851585388184,30.309999465942383,30.440000534057617,29.729999542236328,29.84000015258789,5827800
2022-07-18,13.251174926757812,31.31999969482422,31.399999618530273,30.719999313354492,30.719999313354492,13368200
2022-07-19,13.39925479888916,31.670000076293945,31.809999465942383,31.040000915527344,31.31999969482422,11651400
2022-07-20,13.51348876953125,31.940000534057617,31.940000534057617,31.440000534057617,31.459999084472656,16825300
2022-07-21,13.365405082702637,31.59000015258789,31.889999389648438,30.600000381469727,31.81999969482422,17144600
2022-07-22,13.509259223937988,31.93000030517578,32.11000061035156,31.450000762939453,31.549999237060547,11108300
2022-07-25,14.093123435974121,33.310001373291016,33.40999984741211,32.34000015258789,32.54999923706055,14075100
2022-07-26,14.296204566955566,33.790000915527344,34.209999084472656,33.369998931884766,33.47999954223633,10807900
2022-07-27,14.389286041259766,34.0099983215332,34.06999969482422,33.20000076293945,34.0,11672500
2022-07-28,14.693910598754883,34.72999954223633,35.13999938964844,33.91999816894531,34.220001220703125,19301100
2022-07-29,15.63740062713623,36.959999084472656,37.380001068115234,35.45000076293945,36.06999969482422,49607100
2022-08-01,15.442779541015625,36.5,36.959999084472656,36.099998474121094,36.939998626708984,21493500
2022-08-02,15.451239585876465,36.52000045776367,37.209999084472656,36.31999969482422,36.4900016784668,14991800
2022-08-03,15.366621017456055,36.31999969482422,37.0099983215332,36.279998779296875,36.83000183105469,12927700
2022-08-04,15.603553771972656,36.880001068115234,37.04999923706055,35.849998474121094,36.459999084472656,11361700
2022-08-05,15.874333381652832,37.52000045776367,37.70000076293945,36.689998626708984,36.70000076293945,14332200
2022-08-08,16.640127182006836,39.33000183105469,39.400001525878906,37.619998931884766,37.619998931884766,24523600
2022-08-09,16.86012840270996,39.849998474121094,40.099998474121094,39.439998626708984,39.7400016784668,16911500
2022-08-10,16.80089569091797,39.709999084472656,40.25,39.27000045776367,40.25,15755100
2022-08-11,16.48358154296875,38.959999084472656,40.5099983215332,38.86000061035156,40.18000030517578,31853400
2022-08-12,17.839994430541992,34.880001068115234,34.900001525878906,31.360000610351562,31.940000534057617,52964400
2022-08-15,17.778615951538086,34.7599983215332,35.27000045776367,33.41999816894531,33.88999938964844,29426900
2022-08-16,17.98320198059082,35.15999984741211,35.38999938964844,34.689998626708984,34.810001373291016,12902900
2022-08-17,18.581621170043945,36.33000183105469,36.380001068115234,34.81999969482422,34.95000076293945,19005700
2022-08-18,18.827123641967773,36.810001373291016,37.22999954223633,36.470001220703125,36.599998474121094,14964500
2022-08-19,18.05992317199707,35.310001373291016,36.54999923706055,35.06999969482422,36.29999923706055,21653900
2022-08-22,18.346343994140625,35.869998931884766,36.11000061035156,34.15999984741211,35.06999969482422,19298900
2022-08-23,19.03683090209961,37.220001220703125,37.31999969482422,35.88999938964844,36.0,19895400
2022-08-24,19.16469955444336,37.470001220703125,37.93000030517578,36.79999923706055,37.41999816894531,16000400
2022-08-25,18.970338821411133,37.09000015258789,38.29999923706055,36.310001373291016,37.869998931884766,19357900
2022-08-26,19.15958023071289,37.459999084472656,37.459999084472656,36.369998931884766,37.209999084472656,12463200
2022-08-29,19.573867797851562,38.27000045776367,38.7599983215332,37.5099983215332,37.619998931884766,21428300
2022-08-30,18.46910285949707,36.11000061035156,37.81999969482422,35.95000076293945,37.70000076293945,22463400
2022-08-31,19.011255264282227,37.16999816894531,37.459999084472656,35.439998626708984,36.0,36015200
2022-09-01,19.353940963745117,37.84000015258789,37.900001525878906,36.650001525878906,37.400001525878906,26204000
2022-09-02,19.072628021240234,37.290000915527344,38.709999084472656,37.16999816894531,38.349998474121094,21607500
2022-09-05,19.031713485717773,37.209999084472656,37.959999084472656,37.06999969482422,37.79999923706055,12457600
2022-09-06,18.3616943359375,35.900001525878906,36.470001220703125,35.34000015258789,36.15999984741211,28334900
2022-09-08,18.177560806274414,35.540000915527344,36.540000915527344,35.209999084472656,36.119998931884766,14310900
2022-09-09,18.146869659423828,35.47999954223633,36.45000076293945,35.45000076293945,36.220001220703125,9017600
2022-09-12,18.07015609741211,35.33000183105469,36.5,35.31999969482422,35.900001525878906,15413700
2022-09-13,17.52288246154785,34.2599983215332,35.310001373291016,34.09000015258789,34.79999923706055,25361200
2022-09-14,17.737701416015625,34.68000030517578,35.189998626708984,34.20000076293945,34.31999969482422,11926000
2022-09-15,17.69678497314453,34.599998474121094,34.880001068115234,34.349998474121094,34.36000061035156,9164700
2022-09-16,17.599605560302734,34.40999984741211,34.58000183105469,34.0,34.16999816894531,34954800
2022-09-19,17.80930519104004,34.81999969482422,35.029998779296875,33.81999969482422,33.900001525878906,24596800
2022-09-20,17.778615951538086,34.7599983215332,35.380001068115234,34.54999923706055,35.189998626708984,21181600
2022-09-21,17.742813110351562,34.689998626708984,35.279998779296875,34.470001220703125,35.04999923706055,16168700
2022-09-22,18.10595703125,35.400001525878906,35.560001373291016,34.75,35.11000061035156,27515600
2022-09-23,16.827289581298828,32.900001525878906,34.810001373291016,32.7400016784668,34.709999084472656,48903800
2022-09-26,16.612472534179688,32.47999954223633,33.209999084472656,32.45000076293945,32.79999923706055,18230500
2022-09-27,16.811941146850586,32.869998931884766,33.060001373291016,32.7400016784668,32.90999984741211,17568400
2022-09-28,16.694305419921875,32.63999938964844,33.0,31.889999389648438,32.869998931884766,17529400
2022-09-29,16.70964813232422,32.66999816894531,32.880001068115234,32.04999923706055,32.310001373291016,24350900
2022-09-30,16.91935157775879,33.08000183105469,33.70000076293945,32.400001525878906,32.5099983215332,28412400
2022-10-03,18.417951583862305,36.0099983215332,36.20000076293945,35.220001220703125,35.36000061035156,46548300
2022-10-04,18.0548095703125,35.29999923706055,36.81999969482422,35.150001525878906,36.79999923706055,26112400
2022-10-05,18.69414520263672,36.54999923706055,36.790000915527344,35.29999923706055,35.5,24446100
2022-10-06,19.24652862548828,37.630001068115234,37.72999954223633,36.599998474121094,36.959999084472656,23327000
2022-10-07,19.149351119995117,37.439998626708984,38.40999984741211,37.189998626708984,37.529998779296875,18217500
2022-10-10,18.97545051574707,37.099998474121094,37.810001373291016,36.880001068115234,37.599998474121094,12316500
2022-10-11,18.791322708129883,36.7400016784668,37.279998779296875,36.29999923706055,36.65999984741211,20992200
2022-10-13,19.37950897216797,37.88999938964844,38.52000045776367,36.09000015258789,36.25,24490200
2022-10-14,19.001028060913086,37.150001525878906,37.91999816894531,37.099998474121094,37.849998474121094,19191500
2022-10-17,18.87827491760254,36.90999984741211,37.599998474121094,36.459999084472656,37.13999938964844,26406000
2022-10-18,19.302791595458984,37.7400016784668,37.7400016784668,36.650001525878906,37.25,18698100
2022-10-19,20.018842697143555,39.13999938964844,39.279998779296875,37.65999984741211,37.79999923706055,21303100
2022-10-20,20.555883407592773,40.189998626708984,40.290000915527344,39.43000030517578,39.65999984741211,27337800
2022-10-21,21.2565975189209,41.560001373291016,42.08000183105469,40.130001068115234,40.43000030517578,32623200
2022-10-24,19.154468536376953,37.45000076293945,40.619998931884766,37.36000061035156,40.349998474121094,33545600
2022-10-25,18.868045806884766,36.88999938964844,37.720001220703125,36.52000045776367,37.40999984741211,24141600
2022-10-26,18.525360107421875,36.220001220703125,36.93000030517578,35.189998626708984,36.54999923706055,25746100
2022-10-27,18.581621170043945,36.33000183105469,36.880001068115234,35.9900016784668,36.56999969482422,25148100
2022-10-28,18.300312042236328,35.779998779296875,36.220001220703125,35.2400016784668,35.93000030517578,27032800
2022-10-31,17.011411666870117,33.2599983215332,34.63999938964844,32.52000045776367,33.310001373291016,55281200
2022-11-01,17.067676544189453,33.369998931884766,33.900001525878906,33.08000183105469,33.540000915527344,34269700
2022-11-03,17.113710403442383,33.459999084472656,33.849998474121094,32.720001220703125,33.11000061035156,24872100
2022-11-04,16.218639373779297,31.709999084472656,34.33000183105469,31.399999618530273,34.20000076293945,29167600
2022-11-07,15.666254997253418,30.6299991607666,31.899999618530273,30.450000762939453,31.389999389648438,27442700
2022-11-08,15.666254997253418,30.6299991607666,30.899999618530273,29.989999771118164,30.3799991607666,19140100
2022-11-09,15.374716758728027,30.059999465942383,31.18000030517578,30.0,30.520000457763672,15928500
2022-11-10,15.185478210449219,29.690000534057617,30.239999771118164,28.920000076293945,29.309999465942383,39818600
2022-11-11,15.702056884765625,30.700000762939453,31.15999984741211,29.280000686645508,29.610000610351562,34866200
2022-11-14,16.13680648803711,31.549999237060547,32.02000045776367,30.959999084472656,31.06999969482422,19816400
2022-11-16,15.957792282104492,31.200000762939453,31.979999542236328,30.8799991607666,31.75,25165000
2022-11-17,15.835041999816895,30.959999084472656,31.290000915527344,30.469999313354492,31.200000762939453,30514800
2022-11-18,15.543503761291504,30.389999389648438,31.389999389648438,30.040000915527344,31.15999984741211,27497600
2022-11-21,15.4872407913208,30.280000686645508,31.290000915527344,29.530000686645508,30.940000534057617,33579600
2022-11-22,15.56136703491211,27.059999465942383,27.059999465942383,25.530000686645508,26.719999313354492,44857900
2022-11-23,15.567120552062988,27.06999969482422,27.40999984741211,26.479999542236328,26.610000610351562,17851100
2022-11-24,16.170940399169922,28.1200008392334,28.40999984741211,26.940000534057617,27.100000381469727,13776300
2022-11-25,15.808646202087402,27.489999771118164,28.079999923706055,27.219999313354492,28.079999923706055,13019700
2022-11-28,16.19969367980957,28.170000076293945,28.3700008392334,27.219999313354492,27.3799991607666,12320700
2022-11-29,16.895526885986328,29.3799991607666,29.959999084472656,28.260000228881836,28.399999618530273,24509100
2022-11-30,17.47634506225586,30.389999389648438,30.479999542236328,29.5,29.549999237060547,29533500
2022-12-01,16.820768356323242,29.25,30.549999237060547,29.25,30.219999313354492,12067600
2022-12-02,17.039297103881836,29.6299991607666,30.450000762939453,29.020000457763672,29.239999771118164,18444400
2022-12-05,16.80927085876465,29.229999542236328,30.389999389648438,29.170000076293945,29.700000762939453,12452000
2022-12-06,16.780513763427734,29.18000030517578,30.0,28.959999084472656,29.5,10532200
2022-12-07,16.527482986450195,28.739999771118164,29.59000015258789,28.719999313354492,29.170000076293945,13339200
2022-12-08,16.170940399169922,28.1200008392334,29.309999465942383,27.950000762939453,28.739999771118164,13407800
2022-12-09,16.13644027709961,28.059999465942383,28.709999084472656,27.799999237060547,28.239999771118164,10363900
2022-12-12,15.699383735656738,27.299999237060547,28.079999923706055,26.610000610351562,28.0,18581300
2022-12-13,15.486607551574707,26.93000030517578,27.709999084472656,26.8799991607666,27.459999084472656,22207900
2022-12-14,13.968429565429688,24.290000915527344,26.360000610351562,23.610000610351562,26.229999542236328,69775500
2022-12-15,14.324969291687012,24.90999984741211,25.440000534057617,23.709999084472656,23.799999237060547,24269200
2022-12-16,14.365225791931152,24.979999542236328,25.049999237060547,24.31999969482422,24.860000610351562,28123600
2022-12-19,14.693012237548828,25.549999237060547,25.639999389648438,24.690000534057617,24.899999618530273,12963900
2022-12-20,15.049558639526367,26.170000076293945,26.34000015258789,25.420000076293945,25.530000686645508,15549900
2022-12-21,15.446351051330566,26.860000610351562,26.860000610351562,25.90999984741211,26.559999465942383,20946900
2022-12-22,15.624625205993652,27.170000076293945,27.719999313354492,26.68000030517578,27.100000381469727,14139200
2022-12-23,16.42397117614746,28.559999465942383,28.600000381469727,27.31999969482422,27.389999389648438,12490700
2022-12-26,16.37221336364746,28.469999313354492,28.639999389648438,28.1200008392334,28.459999084472656,3655300
2022-12-27,16.48147964477539,28.65999984741211,28.75,28.010000228881836,28.700000762939453,15571400
2022-12-28,16.389467239379883,28.5,29.0,28.3700008392334,28.690000534057617,9698400
2022-12-29,16.124935150146484,28.040000915527344,28.729999542236328,27.979999542236328,28.68000030517578,31388400
2023-01-02,15.049558639526367,26.170000076293945,27.299999237060547,25.959999084472656,26.850000381469727,14365400
2023-01-03,14.836779594421387,25.799999237060547,26.549999237060547,25.479999542236328,26.360000610351562,28657500
2023-01-04,15.084060668945312,26.229999542236328,26.899999618530273,25.299999237060547,25.739999771118164,24517300
2023-01-05,15.572869300842285,27.079999923706055,27.34000015258789,26.450000762939453,26.56999969482422,20367800
2023-01-06,15.47510814666748,26.90999984741211,27.729999542236328,26.81999969482422,27.149999618530273,14109900
2023-01-09,15.578618049621582,27.09000015258789,27.309999465942383,26.600000381469727,26.84000015258789,12703400
2023-01-10,15.670632362365723,27.25,27.290000915527344,26.469999313354492,27.06999969482422,8949300
2023-01-11,15.871902465820312,27.600000381469727,27.829999923706055,27.190000534057617,27.25,9587400
2023-01-12,15.958166122436523,27.75,27.829999923706055,27.209999084472656,27.690000534057617,13092100
2023-01-13,15.923659324645996,27.690000534057617,27.860000610351562,27.350000381469727,27.549999237060547,7763200
2023-01-16,15.52686595916748,27.0,27.639999389648438,26.75,27.469999313354492,8501500
2023-01-17,16.619495391845703,28.899999618530273,28.920000076293945,27.149999618530273,27.149999618530273,21291000
2023-01-18,16.406719207763672,28.530000686645508,29.479999542236328,28.399999618530273,29.290000915527344,13955300
2023-01-19,16.964536666870117,29.5,29.540000915527344,28.309999465942383,28.350000381469727,13175800
2023-01-20,17.154308319091797,29.829999923706055,29.940000534057617,28.889999389648438,29.450000762939453,14077700
2023-01-23,17.551109313964844,30.520000457763672,31.219999313354492,29.649999618530273,29.8799991607666,12311000
2023-01-24,17.418840408325195,30.290000915527344,31.489999771118164,30.010000228881836,30.780000686645508,13961700
2023-01-25,17.49359893798828,30.420000076293945,30.469999313354492,29.360000610351562,30.280000686645508,13845800
2023-01-26,17.004789352416992,29.56999969482422,30.56999969482422,28.920000076293945,30.420000076293945,18648100
2023-01-27,16.619495391845703,28.899999618530273,29.59000015258789,28.700000762939453,29.579999923706055,11009000
2023-01-30,16.67125129699707,28.989999771118164,29.31999969482422,28.65999984741211,29.239999771118164,8885900
2023-01-31,16.941532135009766,29.459999084472656,29.540000915527344,28.729999542236328,28.989999771118164,13732300
2023-02-01,16.607995986938477,28.8799991607666,29.8700008392334,28.59000015258789,29.459999084472656,13730800
2023-02-02,15.820148468017578,27.510000228881836,28.969999313354492,27.360000610351562,28.799999237060547,17308900
2023-02-03,16.00992202758789,27.84000015258789,28.43000030517578,27.389999389648438,27.5,13867500
2023-02-06,16.590744018554688,28.850000381469727,29.020000457763672,27.850000381469727,27.850000381469727,9973700
2023-02-07,16.504480361938477,28.700000762939453,29.25,28.420000076293945,28.950000762939453,9641500
2023-02-08,16.83802032470703,29.280000686645508,29.350000381469727,28.729999542236328,28.90999984741211,7466400
2023-02-09,16.83802032470703,29.280000686645508,29.559999465942383,29.079999923706055,29.260000228881836,11087500
2023-02-10,17.298076629638672,30.079999923706055,30.25,29.270000457763672,29.270000457763672,22158500
2023-02-13,17.38433837890625,30.229999542236328,30.350000381469727,29.6200008392334,30.0,11668100
2023-02-14,17.280824661254883,30.049999237060547,30.440000534057617,29.979999542236328,30.229999542236328,9956000
2023-02-15,17.3555850982666,30.18000030517578,30.399999618530273,29.709999084472656,29.829999923706055,13372000
2023-02-16,17.338327407836914,30.149999618530273,30.479999542236328,30.0,30.0,10013900
2023-02-17,17.073802947998047,29.690000534057617,30.1299991607666,29.690000534057617,30.1200008392334,9980100
2023-02-22,16.64824867248535,28.950000762939453,29.43000030517578,28.950000762939453,29.09000015258789,9615800
2023-02-23,17.269319534301758,30.030000686645508,30.31999969482422,28.950000762939453,28.950000762939453,15815200
2023-02-24,17.010541915893555,29.579999923706055,30.170000076293945,29.469999313354492,30.030000686645508,14924500
2023-02-27,17.29232406616211,30.06999969482422,30.420000076293945,29.360000610351562,29.440000534057617,16604500
2023-02-28,16.533235549926758,28.75,30.719999313354492,28.75,30.040000915527344,28691200
2023-03-01,16.533235549926758,28.75,28.8700008392334,27.3799991607666,28.799999237060547,25407100
2023-03-02,16.07893180847168,27.959999084472656,29.18000030517578,27.780000686645508,28.940000534057617,16485500
2023-03-03,16.66550064086914,28.979999542236328,29.030000686645508,27.770000457763672,27.950000762939453,14009500
2023-03-06,16.91278076171875,29.40999984741211,29.469999313354492,28.739999771118164,29.0,12267300
2023-03-07,16.400968551635742,28.520000457763672,29.239999771118164,28.25,29.110000610351562,11875100
2023-03-08,16.65399932861328,28.959999084472656,29.3799991607666,28.5,28.59000015258789,16672600
2023-03-09,16.44697380065918,28.600000381469727,29.739999771118164,28.549999237060547,28.829999923706055,14771700
2023-03-10,16.331960678100586,28.399999618530273,28.93000030517578,28.229999542236328,28.290000915527344,13388000
2023-03-13,15.814399719238281,27.5,28.09000015258789,27.360000610351562,27.940000534057617,10204000
2023-03-14,15.532614707946777,27.010000228881836,28.06999969482422,26.860000610351562,27.6299991607666,9466300
2023-03-15,15.153069496154785,26.350000381469727,26.690000534057617,25.700000762939453,26.600000381469727,19501500
2023-03-16,15.095564842224121,26.25,26.530000686645508,25.969999313354492,26.3700008392334,9928600
2023-03-17,15.158817291259766,26.360000610351562,26.3700008392334,25.700000762939453,26.0,25338900
2023-03-20,14.802277565002441,25.739999771118164,26.649999618530273,25.65999984741211,26.5,11113900
2023-03-21,15.130066871643066,26.309999465942383,26.549999237060547,25.93000030517578,25.940000534057617,7613700
2023-03-22,14.99779987335205,26.079999923706055,26.450000762939453,25.950000762939453,26.31999969482422,7306500
2023-03-23,14.70451545715332,25.56999969482422,26.549999237060547,25.43000030517578,26.18000030517578,16280300
2023-03-24,14.756270408630371,25.65999984741211,25.940000534057617,25.25,25.56999969482422,11495300
2023-03-27,14.980546951293945,26.049999237060547,26.170000076293945,25.610000610351562,26.0,10084900
2023-03-28,15.23933219909668,26.5,26.5,25.940000534057617,26.010000228881836,10928600
2023-03-29,15.400347709655762,26.780000686645508,26.860000610351562,26.309999465942383,26.56999969482422,10947700
2023-03-30,15.572869300842285,27.079999923706055,27.280000686645508,26.6299991607666,27.15999984741211,10036200
2023-03-31,15.233577728271484,26.489999771118164,27.299999237060547,26.309999465942383,27.09000015258789,17018900
2023-04-03,15.958166122436523,27.75,27.770000457763672,26.920000076293945,27.239999771118164,12237600
2023-04-04,15.733888626098633,27.360000610351562,27.989999771118164,27.239999771118164,27.959999084472656,6970600
2023-04-05,15.756892204284668,27.399999618530273,27.600000381469727,26.489999771118164,27.280000686645508,16004500
2023-04-06,15.572869300842285,27.079999923706055,27.469999313354492,26.989999771118164,27.3799991607666,6967800
2023-04-10,15.986915588378906,27.799999237060547,27.81999969482422,27.170000076293945,27.200000762939453,8275300
2023-04-11,16.68850326538086,29.020000457763672,29.079999923706055,27.989999771118164,28.40999984741211,18090400
2023-04-12,16.70000457763672,29.040000915527344,29.399999618530273,28.639999389648438,29.25,16571100
2023-04-13,16.895526885986328,29.3799991607666,29.479999542236328,29.110000610351562,29.219999313354492,9817100
2023-04-14,17.1485595703125,29.81999969482422,29.829999923706055,29.229999542236328,29.309999465942383,8774000
2023-04-17,17.22331428527832,29.950000762939453,30.15999984741211,29.690000534057617,29.729999542236328,10787100
2023-04-18,17.660371780395508,30.709999084472656,30.940000534057617,29.81999969482422,30.040000915527344,15977600
2023-04-19,17.0968017578125,29.729999542236328,30.559999465942383,29.649999618530273,30.510000228881836,18339300
2023-04-20,17.1485595703125,29.81999969482422,30.149999618530273,29.399999618530273,29.84000015258789,7714700
2023-04-24,17.4130916595459,30.280000686645508,30.3799991607666,29.6299991607666,29.75,13865600
2023-04-25,17.32107925415039,30.1200008392334,30.559999465942383,29.780000686645508,30.299999237060547,15626100
2023-04-26,17.073802947998047,29.690000534057617,30.229999542236328,29.670000076293945,30.049999237060547,20280800
2023-04-27,16.619495391845703,28.899999618530273,30.100000381469727,28.739999771118164,29.81999969482422,29553800
2023-04-28,17.06756591796875,26.670000076293945,27.100000381469727,25.8700008392334,26.6200008392334,34127900
2023-05-02,16.306020736694336,25.479999542236328,26.610000610351562,25.329999923706055,26.5,22026800
2023-05-03,16.216428756713867,25.34000015258789,25.75,25.209999084472656,25.31999969482422,13186900
2023-05-04,16.45321273803711,25.709999084472656,26.110000610351562,25.260000228881836,25.6200008392334,11043100
2023-05-05,17.14436149597168,26.790000915527344,26.850000381469727,25.889999389648438,26.0,10892400
2023-05-08,17.42593765258789,27.229999542236328,27.489999771118164,26.979999542236328,27.200000762939453,8232300
2023-05-09,17.56032943725586,27.440000534057617,27.610000610351562,27.0,27.15999984741211,8120900
2023-05-10,17.592327117919922,27.489999771118164,27.760000228881836,27.100000381469727,27.31999969482422,9515100
2023-05-11,18.014698028564453,28.149999618530273,28.450000762939453,26.829999923706055,27.170000076293945,20295300
2023-05-12,18.648252487182617,29.139999389648438,29.81999969482422,28.040000915527344,28.040000915527344,20210400
2023-05-15,18.27707862854004,28.559999465942383,28.959999084472656,28.25,28.719999313354492,18048800
2023-05-16,18.686649322509766,29.200000762939453,29.989999771118164,28.559999465942383,28.559999465942383,31615500
2023-05-17,18.571456909179688,29.020000457763672,29.639999389648438,28.809999465942383,29.530000686645508,24810700
2023-05-18,18.65464973449707,29.149999618530273,29.18000030517578,28.579999923706055,28.93000030517578,22533900
2023-05-19,18.744247436523438,29.290000915527344,29.56999969482422,29.170000076293945,29.5,13250200
2023-05-22,18.462665557861328,28.850000381469727,29.579999923706055,28.75,29.280000686645508,10456900
2023-05-23,18.846635818481445,29.450000762939453,29.729999542236328,28.8700008392334,29.0,10496500
2023-05-24,19.051422119140625,29.770000457763672,29.940000534057617,29.209999084472656,29.299999237060547,7177400
2023-05-25,18.910634994506836,29.549999237060547,29.989999771118164,29.31999969482422,29.989999771118164,10559200
2023-05-26,19.224214553833008,30.040000915527344,30.049999237060547,29.579999923706055,29.8799991607666,9729700
2023-05-29,19.102619171142578,29.850000381469727,30.040000915527344,29.610000610351562,29.8799991607666,3604000
2023-05-30,18.923431396484375,29.56999969482422,29.950000762939453,29.3700008392334,29.790000915527344,17077200
2023-05-31,18.693052291870117,29.209999084472656,29.579999923706055,28.940000534057617,29.209999084472656,18194000
2023-06-01,19.237010955810547,30.059999465942383,30.149999618530273,29.25,29.309999465942383,13359200
2023-06-02,19.46739387512207,30.420000076293945,30.739999771118164,30.229999542236328,30.670000076293945,10518400
2023-06-05,19.5889835357666,30.610000610351562,30.959999084472656,30.389999389648438,30.639999389648438,8046600
2023-06-06,19.985755920410156,31.229999542236328,31.3700008392334,30.31999969482422,30.59000015258789,17378600
2023-06-07,20.606510162353516,32.20000076293945,32.25,31.6299991607666,31.850000381469727,20698700
2023-06-09,21.598440170288086,33.75,33.790000915527344,32.290000915527344,32.400001525878906,18802700
2023-06-12,21.873620986938477,34.18000030517578,34.40999984741211,33.56999969482422,33.75,23844900
2023-06-13,21.88282012939453,32.29999923706055,32.779998779296875,31.989999771118164,32.779998779296875,24903100
2023-06-14,22.82452392578125,33.689998626708984,33.689998626708984,32.349998474121094,32.470001220703125,35323000
2023-06-15,22.485780715942383,33.189998626708984,34.400001525878906,33.06999969482422,33.650001525878906,19891200
2023-06-16,22.621278762817383,33.38999938964844,33.66999816894531,32.84000015258789,33.119998931884766,20498000
2023-06-19,23.18359375,34.220001220703125,34.2400016784668,33.290000915527344,33.38999938964844,5688000
2023-06-20,23.244565963745117,34.310001373291016,34.400001525878906,33.459999084472656,34.08000183105469,20070700
2023-06-21,24.172718048095703,35.68000030517578,35.849998474121094,34.63999938964844,34.72999954223633,17000700
2023-06-22,23.77300453186035,35.09000015258789,35.4900016784668,34.7599983215332,35.34000015258789,13677800
2023-06-23,22.966794967651367,33.900001525878906,34.869998931884766,33.41999816894531,34.81999969482422,11854700
2023-06-26,23.413936614990234,34.560001373291016,34.72999954223633,33.79999923706055,33.79999923706055,12866400
2023-06-27,23.210691452026367,34.2599983215332,34.81999969482422,33.939998626708984,34.61000061035156,12744300
2023-06-28,23.38006019592285,34.5099983215332,34.91999816894531,34.220001220703125,34.290000915527344,10147400
2023-06-29,23.637510299682617,34.88999938964844,34.959999084472656,34.4900016784668,34.650001525878906,11087400
2023-06-30,22.424806594848633,33.099998474121094,34.95000076293945,33.06999969482422,34.95000076293945,19972200
2023-07-03,22.810972213745117,33.66999816894531,33.84000015258789,33.400001525878906,33.40999984741211,10255400
2023-07-04,22.86517333984375,33.75,34.029998779296875,33.529998779296875,33.65999984741211,3080800
2023-07-05,22.858394622802734,33.7400016784668,34.15999984741211,33.31999969482422,33.720001220703125,14131000
2023-07-06,22.56707763671875,33.310001373291016,33.70000076293945,32.93000030517578,33.47999954223633,12623600
2023-07-07,22.445131301879883,33.130001068115234,33.869998931884766,33.06999969482422,33.459999084472656,8279200
2023-07-10,22.445131301879883,33.130001068115234,33.43000030517578,32.779998779296875,32.84000015258789,6997700
2023-07-11,22.268983840942383,32.869998931884766,33.27000045776367,32.75,33.08000183105469,9533900
2023-07-12,22.201234817504883,32.77000045776367,33.540000915527344,32.75,32.869998931884766,12229800
2023-07-13,22.52642822265625,33.25,33.380001068115234,32.779998779296875,32.79999923706055,9831700
2023-07-14,22.052188873291016,32.54999923706055,33.189998626708984,32.41999816894531,33.029998779296875,13967700
2023-07-17,22.058963775634766,32.560001373291016,32.68000030517578,31.440000534057617,32.0,13877200
2023-07-18,21.869264602661133,32.279998779296875,32.779998779296875,32.20000076293945,32.5099983215332,8430200
2023-07-19,21.991212844848633,32.459999084472656,32.599998474121094,32.0,32.150001525878906,11137300
2023-07-20,22.160587310791016,32.709999084472656,32.849998474121094,32.2400016784668,32.459999084472656,12374600
2023-07-21,22.56707763671875,33.310001373291016,33.4900016784668,32.650001525878906,32.83000183105469,16480100
2023-07-24,23.034543991088867,34.0,34.040000915527344,33.400001525878906,33.400001525878906,13992100
2023-07-25,23.44780921936035,34.61000061035156,34.68000030517578,33.79999923706055,34.5,9578200
2023-07-26,23.346187591552734,34.459999084472656,34.75,34.02000045776367,34.54999923706055,15795200
2023-07-27,22.031864166259766,32.52000045776367,34.18000030517578,32.5,34.099998474121094,16105600
2023-07-28,22.404481887817383,33.06999969482422,33.18000030517578,32.5,32.70000076293945,7999800
2023-07-31,23.58330535888672,34.810001373291016,34.83000183105469,33.5,33.5,17508000
2023-08-01,23.0887451171875,34.08000183105469,34.720001220703125,33.36000061035156,34.709999084472656,19080800
2023-08-02,22.926143646240234,33.84000015258789,34.0099983215332,33.27000045776367,33.880001068115234,11669400
2023-08-03,23.251340866088867,34.31999969482422,34.529998779296875,34.060001373291016,34.310001373291016,8498200
2023-08-04,22.275760650634766,32.880001068115234,34.029998779296875,32.25,33.630001068115234,39809800
2023-08-07,22.424806594848633,33.099998474121094,33.34000015258789,32.83000183105469,32.880001068115234,10236000
2023-08-08,22.411258697509766,33.08000183105469,33.31999969482422,32.52000045776367,32.709999084472656,8588100
2023-08-09,22.668701171875,33.459999084472656,33.630001068115234,32.959999084472656,33.11000061035156,13213200
2023-08-10,22.661924362182617,33.45000076293945,33.650001525878906,32.9900016784668,33.20000076293945,13768900
2023-08-11,22.67547607421875,33.470001220703125,34.029998779296875,33.06999969482422,33.41999816894531,10395400
2023-08-14,22.78387451171875,33.630001068115234,33.7400016784668,33.279998779296875,33.400001525878906,7868900
2023-08-15,22.736452102661133,33.560001373291016,35.31999969482422,33.52000045776367,35.13999938964844,15951900
2023-08-16,23.407163619995117,34.54999923706055,34.959999084472656,33.68000030517578,33.68000030517578,22993600
2023-08-17,23.23101806640625,34.290000915527344,35.13999938964844,34.290000915527344,34.709999084472656,11944300
2023-08-18,23.366512298583984,34.4900016784668,34.61000061035156,34.06999969482422,34.33000183105469,7771500
2023-08-21,23.13616943359375,34.150001525878906,35.04999923706055,33.849998474121094,34.599998474121094,9985600
2023-08-22,23.48621940612793,33.5,33.540000915527344,33.130001068115234,33.27000045776367,7482700
2023-08-23,24.82528305053711,35.40999984741211,35.41999816894531,34.06999969482422,34.06999969482422,26164500
2023-08-24,24.76218605041504,35.31999969482422,35.84000015258789,35.06999969482422,35.31999969482422,8234700
2023-08-25,24.565885543823242,35.040000915527344,35.68000030517578,34.720001220703125,35.41999816894531,13843300
2023-08-28,24.818273544311523,35.400001525878906,35.45000076293945,34.869998931884766,35.02000045776367,7399600
2023-08-29,24.90941047668457,35.529998779296875,35.599998474121094,35.20000076293945,35.5,7751700
2023-08-30,24.888381958007812,35.5,35.7400016784668,35.439998626708984,35.68000030517578,5861700
2023-08-31,24.21534538269043,34.540000915527344,35.75,34.13999938964844,35.650001525878906,19146600
2023-09-01,25.02158546447754,35.689998626708984,35.810001373291016,34.68000030517578,34.90999984741211,30483500
2023-09-04,24.678056716918945,35.20000076293945,35.79999923706055,35.13999938964844,35.65999984741211,5697600
2023-09-05,25.81380844116211,36.81999969482422,37.0,35.0,35.060001373291016,24924500
2023-09-06,25.94000244140625,37.0,37.459999084472656,36.72999954223633,36.779998779296875,12259900
2023-09-08,25.736692428588867,36.709999084472656,37.16999816894531,36.5,36.810001373291016,12383900
2023-09-11,25.56142234802246,36.459999084472656,37.0,36.400001525878906,36.709999084472656,13441700
2023-09-12,25.84185218811035,36.86000061035156,37.09000015258789,36.630001068115234,36.65999984741211,6035300
2023-09-13,25.50533676147461,36.380001068115234,36.9900016784668,36.380001068115234,36.86000061035156,10236100
2023-09-14,26.255496978759766,37.45000076293945,37.529998779296875,36.439998626708984,36.439998626708984,11054400
2023-09-15,25.869895935058594,36.900001525878906,37.54999923706055,36.900001525878906,37.400001525878906,20324600
2023-09-18,26.192394256591797,37.36000061035156,38.09000015258789,37.130001068115234,37.209999084472656,11039300
2023-09-19,26.192394256591797,37.36000061035156,37.880001068115234,37.2599983215332,37.43000030517578,13151300
2023-09-20,26.227445602416992,37.40999984741211,37.709999084472656,37.119998931884766,37.36000061035156,8157200
2023-09-21,25.848861694335938,36.869998931884766,37.529998779296875,36.81999969482422,37.04999923706055,14641100
2023-09-22,26.03815269470215,37.13999938964844,37.470001220703125,36.959999084472656,37.119998931884766,7402600
2023-09-25,26.2064208984375,37.380001068115234,37.5,37.09000015258789,37.16999816894531,3931400
2023-09-26,25.484298706054688,36.349998474121094,37.189998626708984,36.349998474121094,36.97999954223633,12779600
2023-09-27,26.43075942993164,37.70000076293945,37.70000076293945,36.810001373291016,36.810001373291016,15546800
2023-09-28,26.29755401611328,37.5099983215332,37.779998779296875,37.310001373291016,37.63999938964844,8603100
2023-09-29,26.56396484375,37.88999938964844,37.88999938964844,37.470001220703125,37.58000183105469,10250400
2023-10-02,26.059186935424805,37.16999816894531,38.06999969482422,36.97999954223633,37.81999969482422,8319100
2023-10-03,25.750709533691406,36.72999954223633,37.220001220703125,36.52000045776367,36.93000030517578,9893500
2023-10-04,24.972509384155273,35.619998931884766,36.58000183105469,35.31999969482422,36.5,20881700
2023-10-05,24.874359130859375,35.47999954223633,35.81999969482422,35.27000045776367,35.58000183105469,8110600
2023-10-06,25.498321533203125,36.369998931884766,36.650001525878906,35.11000061035156,35.11000061035156,11740500
2023-10-09,26.542938232421875,37.86000061035156,38.060001373291016,37.04999923706055,37.099998474121094,11557100
2023-10-10,26.81635284423828,38.25,38.25,37.58000183105469,37.900001525878906,9200100
2023-10-11,26.725217819213867,38.119998931884766,38.220001220703125,37.36000061035156,38.13999938964844,10203300
2023-10-13,27.56651496887207,39.31999969482422,39.4900016784668,38.75,38.779998779296875,14724500
2023-10-16,27.839937210083008,39.709999084472656,39.90999984741211,38.86000061035156,39.45000076293945,11164900
2023-10-17,28.470905303955078,40.61000061035156,40.75,39.54999923706055,39.630001068115234,12072200
2023-10-18,29.136938095092773,41.560001373291016,41.79999923706055,40.88999938964844,40.900001525878906,28701300
2023-10-19,28.926605224609375,41.2599983215332,41.5,40.959999084472656,41.4900016784668,17767100
2023-10-20,28.61112403869629,40.810001373291016,41.86000061035156,40.41999816894531,41.619998931884766,11112900
2023-10-23,26.88646125793457,38.349998474121094,39.689998626708984,38.22999954223633,39.630001068115234,20856700
2023-10-24,27.30010223388672,38.939998626708984,39.15999984741211,38.27000045776367,38.79999923706055,16461100
2023-10-25,27.377216339111328,39.04999923706055,39.279998779296875,38.72999954223633,39.11000061035156,9381200
2023-10-26,27.173906326293945,38.7599983215332,38.970001220703125,38.08000183105469,38.90999984741211,9503400
2023-10-27,26.97760009765625,38.47999954223633,39.630001068115234,38.130001068115234,39.310001373291016,13358800
2023-10-30,26.760269165039062,38.16999816894531,38.869998931884766,37.83000183105469,38.66999816894531,8454300
2023-10-31,26.528913497924805,37.84000015258789,38.2400016784668,37.43000030517578,38.16999816894531,6514700
2023-11-01,26.837387084960938,38.279998779296875,38.72999954223633,37.900001525878906,37.9900016784668,13428200
2023-11-03,27.061729431152344,38.599998474121094,38.9900016784668,38.04999923706055,38.9900016784668,9668700
2023-11-06,26.99162483215332,38.5,39.16999816894531,38.43000030517578,38.90999984741211,10596200
2023-11-07,26.39571189880371,37.650001525878906,38.380001068115234,37.33000183105469,37.9900016784668,15189300
2023-11-08,25.771745681762695,36.7599983215332,37.47999954223633,36.47999954223633,37.439998626708984,11870400
2023-11-09,26.318592071533203,37.540000915527344,37.810001373291016,36.959999084472656,37.060001373291016,14926800
2023-11-10,26.234460830688477,37.41999816894531,37.75,37.189998626708984,37.369998931884766,6068100
2023-11-13,26.8233642578125,38.2599983215332,38.27000045776367,37.41999816894531,37.43000030517578,9389000
2023-11-14,27.1318416595459,38.70000076293945,38.720001220703125,38.099998474121094,38.31999969482422,13648600
2023-11-16,26.585002899169922,37.91999816894531,38.97999954223633,37.720001220703125,38.4900016784668,17294000
2023-11-17,27.706729888916016,39.52000045776367,39.849998474121094,38.150001525878906,38.150001525878906,15523200
2023-11-20,27.615589141845703,39.38999938964844,39.88999938964844,38.709999084472656,39.52000045776367,16363300
2023-11-21,27.3421630859375,39.0,39.220001220703125,38.540000915527344,38.97999954223633,13422400
2023-11-22,27.38667106628418,37.689998626708984,37.689998626708984,36.630001068115234,37.400001525878906,16123400
2023-11-23,27.510202407836914,37.86000061035156,37.86000061035156,37.38999938964844,37.689998626708984,2804600
2023-11-24,27.430273056030273,37.75,38.5099983215332,37.34000015258789,37.70000076293945,11929600
2023-11-27,27.248613357543945,37.5,37.86000061035156,37.0099983215332,37.52000045776367,9476000
2023-11-28,27.502933502197266,37.849998474121094,38.09000015258789,37.5,37.5,7718000
2023-11-29,27.13962173461914,37.349998474121094,38.290000915527344,37.150001525878906,38.150001525878906,8632000
2023-11-30,27.393936157226562,37.70000076293945,38.209999084472656,37.16999816894531,37.560001373291016,15990200
2023-12-01,27.030628204345703,37.20000076293945,37.720001220703125,37.20000076293945,37.599998474121094,7137500
2023-12-04,26.500179290771484,36.470001220703125,37.20000076293945,36.38999938964844,37.04999923706055,10965100
2023-12-05,26.303993225097656,36.20000076293945,36.68000030517578,36.13999938964844,36.599998474121094,13115200
2023-12-06,25.679086685180664,35.34000015258789,36.22999954223633,35.29999923706055,36.04999923706055,11245700
2023-12-07,25.759021759033203,35.45000076293945,36.13999938964844,35.060001373291016,35.54999923706055,9572000
2023-12-08,26.638240814208984,36.65999984741211,36.810001373291016,35.470001220703125,35.70000076293945,9789800
2023-12-11,26.558313369750977,36.54999923706055,36.83000183105469,36.400001525878906,36.599998474121094,5073100
2023-12-12,26.151399612426758,35.9900016784668,36.70000076293945,35.70000076293945,36.4900016784668,5063800
2023-12-13,26.500179290771484,36.470001220703125,36.52000045776367,35.900001525878906,36.08000183105469,13523200
2023-12-14,27.11781883239746,37.31999969482422,37.4900016784668,36.630001068115234,36.900001525878906,14065900
2023-12-15,26.907094955444336,37.029998779296875,37.97999954223633,36.88999938964844,37.369998931884766,11963000
2023-12-18,27.459335327148438,37.790000915527344,38.27000045776367,37.36000061035156,37.5,9104000
2023-12-19,27.6409969329834,38.040000915527344,38.09000015258789,37.52000045776367,37.959999084472656,10195200
2023-12-20,27.691852569580078,38.11000061035156,38.560001373291016,37.95000076293945,38.18000030517578,12856700
2023-12-21,27.691852569580078,38.11000061035156,38.31999969482422,37.79999923706055,38.130001068115234,5735600
2023-12-22,28.062437057495117,38.619998931884766,38.619998931884766,38.11000061035156,38.25,7445200
2023-12-26,28.48387908935547,39.20000076293945,39.2400016784668,38.650001525878906,38.650001525878906,4738700
2023-12-27,28.44028091430664,39.13999938964844,39.33000183105469,38.939998626708984,39.220001220703125,5073800
2023-12-28,28.324024200439453,38.97999954223633,39.16999816894531,38.83000183105469,39.029998779296875,11746400
2024-01-02,28.600143432617188,39.36000061035156,39.630001068115234,39.0,39.0,6743900
2024-01-03,29.573827743530273,40.70000076293945,40.91999816894531,39.34000015258789,39.380001068115234,9800500
2024-01-04,29.09425163269043,40.040000915527344,41.279998779296875,40.040000915527344,40.790000915527344,10680600
2024-01-05,29.34856605529785,40.38999938964844,40.720001220703125,39.97999954223633,40.290000915527344,6858500
2024-01-08,28.803592681884766,39.63999938964844,39.9900016784668,39.0099983215332,39.79999923706055,9800700
2024-01-09,28.64373779296875,39.41999816894531,40.08000183105469,39.33000183105469,39.91999816894531,12493100
2024-01-10,28.360355377197266,39.029998779296875,39.630001068115234,38.88999938964844,39.4900016784668,12142400
2024-01-11,28.65100860595703,39.43000030517578,39.63999938964844,39.0,39.209999084472656,8502900
2024-01-12,28.803592681884766,39.63999938964844,40.06999969482422,39.61000061035156,39.900001525878906,5163800
2024-01-15,29.09425163269043,40.040000915527344,40.040000915527344,39.310001373291016,39.36000061035156,2358000
2024-01-16,28.7745304107666,39.599998474121094,40.25,39.59000015258789,40.0,11899500
2024-01-17,28.534744262695312,39.27000045776367,39.56999969482422,39.13999938964844,39.349998474121094,13086900
2024-01-18,28.324024200439453,38.97999954223633,39.47999954223633,38.83000183105469,39.439998626708984,10013300
2024-01-19,28.30221939086914,38.95000076293945,39.459999084472656,38.59000015258789,39.099998474121094,5920700
2024-01-22,28.367618560791016,39.040000915527344,39.25,38.599998474121094,38.810001373291016,6141100
2024-01-23,28.781797409057617,39.61000061035156,39.84000015258789,38.86000061035156,39.18000030517578,8809700
2024-01-24,28.512948989868164,39.2400016784668,40.060001373291016,39.09000015258789,39.70000076293945,10532200
2024-01-25,29.835412979125977,41.060001373291016,41.150001525878906,39.59000015258789,39.630001068115234,13127900
2024-01-26,30.489376068115234,41.959999084472656,42.34000015258789,40.810001373291016,40.88999938964844,10461500
2024-01-29,30.780027389526367,42.36000061035156,42.560001373291016,41.58000183105469,42.040000915527344,9031900
2024-01-30,30.641965866088867,42.16999816894531,42.7400016784668,42.119998931884766,42.189998626708984,7717800
2024-01-31,30.63470458984375,42.15999984741211,42.93000030517578,42.0,42.16999816894531,13596100
2024-02-01,31.21601104736328,42.959999084472656,43.790000915527344,42.279998779296875,42.599998474121094,18007300
2024-02-02,30.75822639465332,42.33000183105469,43.279998779296875,42.27000045776367,43.0,11798300
2024-02-05,30.75822639465332,42.33000183105469,42.81999969482422,42.02000045776367,42.209999084472656,11064600
2024-02-06,31.223278045654297,42.970001220703125,43.369998931884766,42.41999816894531,42.41999816894531,12996300
2024-02-07,31.521196365356445,43.380001068115234,43.45000076293945,42.75,42.95000076293945,11727300
2024-02-08,31.412202835083008,43.22999954223633,43.619998931884766,43.029998779296875,43.369998931884766,8013000
2024-02-09,31.05614471435547,42.7400016784668,43.540000915527344,42.52000045776367,43.22999954223633,12000000
2024-02-14,30.74370574951172,42.310001373291016,42.65999984741211,42.08000183105469,42.529998779296875,5693300
2024-02-15,31.61565399169922,43.5099983215332,43.5099983215332,42.040000915527344,42.369998931884766,9115100
2024-02-16,32.18968963623047,44.29999923706055,44.310001373291016,43.2400016784668,43.29999923706055,13005700
2024-02-19,32.327754974365234,44.4900016784668,44.5,44.130001068115234,44.290000915527344,3734700
2024-02-20,31.68105125427246,43.599998474121094,44.459999084472656,43.31999969482422,44.41999816894531,17427300
2024-02-21,31.76097869873047,43.709999084472656,44.040000915527344,43.43000030517578,43.599998474121094,7858600
2024-02-22,31.782779693603516,43.7400016784668,43.95000076293945,42.9900016784668,43.900001525878906,9570500
2024-02-23,31.695589065551758,43.619998931884766,43.72999954223633,42.97999954223633,43.66999816894531,13303800
2024-02-26,32.02983093261719,44.08000183105469,44.290000915527344,43.439998626708984,43.599998474121094,6699800
2024-02-27,31.94990348815918,43.970001220703125,44.380001068115234,43.709999084472656,44.380001068115234,8188500
2024-02-28,30.227783203125,41.599998474121094,44.290000915527344,41.25,43.81999969482422,17368700
2024-02-29,29.95167350769043,41.220001220703125,42.400001525878906,40.7400016784668,41.75,18875500
2024-03-01,29.944398880004883,41.209999084472656,41.86000061035156,41.18000030517578,41.380001068115234,9662900
2024-03-04,29.828147888183594,41.04999923706055,41.84000015258789,40.880001068115234,41.310001373291016,8429000
2024-03-05,29.646484375,40.79999923706055,41.189998626708984,40.41999816894531,41.08000183105469,10137400
2024-03-06,30.15512466430664,41.5,41.5,40.900001525878906,41.02000045776367,19565300
2024-03-07,29.98073387145996,41.2599983215332,41.72999954223633,41.119998931884766,41.31999969482422,7828400
2024-03-08,26.870759963989258,36.97999954223633,37.959999084472656,35.470001220703125,36.779998779296875,81532400
2024-03-11,26.354854583740234,36.27000045776367,37.970001220703125,36.13999938964844,36.70000076293945,47244600
2024-03-12,27.154150009155273,37.369998931884766,37.75,36.790000915527344,37.0,27981900
2024-03-13,26.88529396057129,37.0,37.86000061035156,36.939998626708984,37.470001220703125,20288500
2024-03-14,26.703641891479492,36.75,37.56999969482422,36.59000015258789,37.20000076293945,16708500
2024-03-15,26.6455078125,36.66999816894531,37.0,36.45000076293945,36.65999984741211,19056600
2024-03-18,26.870759963989258,36.97999954223633,37.08000183105469,35.849998474121094,36.95000076293945,13273300
2024-03-19,26.572839736938477,36.56999969482422,37.4900016784668,36.209999084472656,36.97999954223633,15143000
2024-03-20,27.125083923339844,37.33000183105469,37.400001525878906,36.25,36.709999084472656,13966700
2024-03-21,26.572839736938477,36.56999969482422,37.70000076293945,36.400001525878906,37.33000183105469,16440400
2024-03-22,26.783567428588867,36.86000061035156,36.959999084472656,36.18000030517578,36.599998474121094,8901300
2024-03-25,27.11781883239746,37.31999969482422,37.540000915527344,36.900001525878906,36.900001525878906,8036500
2024-03-26,26.81989860534668,36.90999984741211,37.439998626708984,36.79999923706055,37.29999923706055,8979800
2024-03-27,27.146883010864258,37.36000061035156,37.369998931884766,36.650001525878906,36.90999984741211,5149800
2024-03-28,27.815380096435547,38.279998779296875,38.33000183105469,37.06999969482422,37.29999923706055,10673600
2024-04-01,28.018836975097656,38.560001373291016,38.70000076293945,38.060001373291016,38.33000183105469,7829200
2024-04-02,28.781797409057617,39.61000061035156,39.689998626708984,38.65999984741211,38.7599983215332,12953900
2024-04-03,28.556543350219727,39.29999923706055,39.81999969482422,39.060001373291016,39.77000045776367,11549700
2024-04-04,28.425745010375977,39.119998931884766,40.83000183105469,38.70000076293945,39.31999969482422,35243500
2024-04-05,28.367618560791016,39.040000915527344,39.5,38.13999938964844,39.02000045776367,14912300
2024-04-08,28.7745304107666,39.599998474121094,39.7400016784668,38.560001373291016,38.900001525878906,11438000
2024-04-09,28.91986083984375,39.79999923706055,39.9900016784668,39.15999984741211,39.93000030517578,9100900
2024-04-10,29.79181671142578,41.0,41.060001373291016,39.70000076293945,39.70000076293945,15627500
2024-04-11,29.522964477539062,40.630001068115234,41.13999938964844,40.630001068115234,40.91999816894531,7219900
2024-04-12,29.283170700073242,40.29999923706055,41.43000030517578,39.970001220703125,41.0,10318000
2024-04-15,29.711889266967773,40.88999938964844,41.029998779296875,40.099998474121094,40.20000076293945,13367800
2024-04-16,29.857210159301758,41.09000015258789,41.369998931884766,40.470001220703125,40.63999938964844,10944200
2024-04-17,29.90081024169922,41.150001525878906,41.470001220703125,41.0,41.189998626708984,10628800
2024-04-18,29.828147888183594,41.04999923706055,41.970001220703125,40.849998474121094,41.29999923706055,10453300
2024-04-19,31.041616439819336,42.720001220703125,42.810001373291016,41.02000045776367,41.20000076293945,18589200
2024-04-22,31.79730796813965,43.7599983215332,43.86000061035156,42.70000076293945,42.95000076293945,13007200
2024-04-23,31.579322814941406,43.459999084472656,43.83000183105469,43.13999938964844,43.54999923706055,14932800
2024-04-24,31.441265106201172,43.27000045776367,43.959999084472656,43.209999084472656,43.5,13343200
2024-04-25,32.15336227416992,44.25,44.45000076293945,43.16999816894531,43.27000045776367,8283500
2024-04-26,32.63829040527344,43.75,43.93000030517578,43.060001373291016,43.220001220703125,8957200
2024-04-29,33.22764587402344,44.540000915527344,44.540000915527344,43.599998474121094,43.66999816894531,10042900
2024-04-30,33.01875305175781,44.2599983215332,44.5,43.779998779296875,44.38999938964844,12677300
2024-05-02,33.14558410644531,44.43000030517578,44.66999816894531,44.0099983215332,44.47999954223633,12134000
2024-05-03,32.64515686035156,42.0099983215332,43.08000183105469,41.54999923706055,43.02000045776367,17852300
2024-05-06,32.808345794677734,42.220001220703125,42.59000015258789,41.90999984741211,42.02000045776367,7648200
2024-05-07,33.60097122192383,43.2400016784668,43.2400016784668,42.25,42.310001373291016,8771400
2024-05-08,33.958431243896484,43.70000076293945,43.900001525878906,42.650001525878906,42.90999984741211,6622700
2024-05-09,34.55677795410156,44.470001220703125,44.619998931884766,43.349998474121094,43.5,8733200
2024-05-10,34.292572021484375,44.130001068115234,44.77000045776367,44.040000915527344,44.5,9667900
2024-05-13,34.30034255981445,44.13999938964844,44.61000061035156,43.970001220703125,44.33000183105469,5067100
2024-05-14,33.36008071899414,42.93000030517578,43.4900016784668,42.380001068115234,43.220001220703125,10972300
2024-05-15,31.09876823425293,40.02000045776367,40.31999969482422,38.81999969482422,39.900001525878906,32787700
2024-05-16,30.53150177001953,39.290000915527344,40.16999816894531,38.81999969482422,40.029998779296875,21712000
2024-05-17,29.972003936767578,38.56999969482422,39.279998779296875,38.369998931884766,39.189998626708984,17885500
2024-05-20,30.073022842407227,38.70000076293945,39.040000915527344,38.5099983215332,38.58000183105469,12221100
2024-05-21,29.847667694091797,38.40999984741211,38.97999954223633,38.40999984741211,38.7400016784668,8906200
2024-05-22,30.127418518066406,38.77000045776367,38.900001525878906,38.220001220703125,38.40999984741211,13541000
2024-05-23,29.87097930908203,38.439998626708984,39.27000045776367,38.380001068115234,38.810001373291016,15076100
2024-05-24,29.76996421813965,38.310001373291016,38.810001373291016,38.2599983215332,38.79999923706055,8994300
2024-05-27,30.073022842407227,38.70000076293945,38.77000045776367,38.38999938964844,38.40999984741211,3062300
2024-05-28,30.6014404296875,39.380001068115234,39.66999816894531,39.02000045776367,39.25,16265200
2024-05-29,30.67137908935547,39.470001220703125,39.630001068115234,38.90999984741211,39.189998626708984,10862200
2024-05-31,31.627187728881836,40.70000076293945,40.97999954223633,39.70000076293945,39.70000076293945,16515400
2024-06-03,31.277498245239258,40.25,40.91999816894531,40.220001220703125,40.70000076293945,9488300
2024-06-04,31.09876823425293,40.02000045776367,40.119998931884766,39.279998779296875,39.93000030517578,11004300
2024-06-05,31.044376373291016,39.95000076293945,40.38999938964844,39.939998626708984,40.130001068115234,7000700
2024-06-06,31.036592483520508,39.939998626708984,40.43000030517578,39.939998626708984,39.9900016784668,8871600
2024-06-07,29.98754119873047,38.59000015258789,39.959999084472656,38.56999969482422,39.900001525878906,18477400
2024-06-10,30.53926658630371,39.29999923706055,39.66999816894531,38.779998779296875,38.84000015258789,7384200
2024-06-11,30.515960693359375,39.27000045776367,39.689998626708984,39.09000015258789,39.529998779296875,17979200
2024-06-12,29.94377899169922,37.5099983215332,38.599998474121094,37.18000030517578,38.54999923706055,19764000
2024-06-13,29.5526180267334,37.02000045776367,37.790000915527344,36.720001220703125,37.47999954223633,10516900
2024-06-14,29.241283416748047,36.630001068115234,37.119998931884766,36.06999969482422,37.08000183105469,12412500
2024-06-17,29.257253646850586,36.650001525878906,36.720001220703125,36.2400016784668,36.4900016784668,20157600
2024-06-18,30.23914909362793,37.880001068115234,37.880001068115234,36.7400016784668,36.79999923706055,12133500
2024-06-19,30.047557830810547,37.63999938964844,38.0099983215332,37.5099983215332,37.810001373291016,5181600
2024-06-20,30.654254913330078,38.400001525878906,38.689998626708984,37.9900016784668,38.209999084472656,9845500
2024-06-21,30.58241081237793,38.310001373291016,38.70000076293945,38.25,38.38999938964844,16702200
2024-06-24,31.1651554107666,39.040000915527344,39.040000915527344,38.209999084472656,38.599998474121094,8306400
2024-06-25,31.05340003967285,38.900001525878906,39.150001525878906,38.68000030517578,39.04999923706055,6615000
2024-06-26,31.213058471679688,39.099998474121094,39.22999954223633,38.599998474121094,38.599998474121094,6959500
2024-06-27,31.84369659423828,39.88999938964844,40.08000183105469,39.5,39.5,7832700
2024-06-28,32.23487091064453,40.380001068115234,40.47999954223633,39.900001525878906,39.900001525878906,7502200
2024-07-01,32.62602996826172,40.869998931884766,41.18000030517578,40.400001525878906,40.52000045776367,6075800
2024-07-02,32.71384048461914,40.97999954223633,41.529998779296875,40.91999816894531,41.04999923706055,7729900
2024-07-03,32.03529357910156,40.130001068115234,41.459999084472656,40.130001068115234,41.060001373291016,11636300
2024-07-04,31.604217529296875,39.59000015258789,40.43000030517578,39.47999954223633,40.310001373291016,6219800
2024-07-05,32.155033111572266,40.279998779296875,40.439998626708984,39.65999984741211,39.790000915527344,21835400
2024-07-08,32.905426025390625,41.220001220703125,41.36000061035156,39.93000030517578,40.34000015258789,13644300
2024-07-09,32.64199447631836,40.88999938964844,41.31999969482422,40.88999938964844,41.2400016784668,8823000
2024-07-10,32.546199798583984,40.77000045776367,41.13999938964844,40.599998474121094,41.13999938964844,9802400
2024-07-11,32.81761932373047,41.11000061035156,41.279998779296875,40.84000015258789,40.90999984741211,6295200
2024-07-12,32.63401412963867,40.880001068115234,41.279998779296875,40.86000061035156,41.20000076293945,4707000
2024-07-15,33.09701156616211,41.459999084472656,41.7599983215332,40.939998626708984,41.0,9383600
2024-07-16,32.92937088012695,41.25,41.4900016784668,40.97999954223633,41.41999816894531,6624000
2024-07-17,33.16885757446289,41.54999923706055,41.66999816894531,41.16999816894531,41.16999816894531,5024400
2024-07-18,33.20876693725586,41.599998474121094,41.79999923706055,41.29999923706055,41.36000061035156,7096100
2024-07-19,33.29658508300781,41.709999084472656,41.86000061035156,41.099998474121094,41.599998474121094,5499400
2024-07-22,32.785682678222656,41.06999969482422,41.79999923706055,41.04999923706055,41.54999923706055,6091300
2024-07-23,32.32267761230469,40.4900016784668,41.08000183105469,40.4900016784668,41.0099983215332,7938000
2024-07-24,32.64998245239258,40.900001525878906,41.29999923706055,40.54999923706055,40.54999923706055,9144600
2024-07-25,32.51426315307617,40.72999954223633,40.880001068115234,40.31999969482422,40.689998626708984,6905700
2024-07-26,32.61005783081055,40.849998474121094,41.18000030517578,40.52000045776367,40.650001525878906,6957100
2024-07-29,31.787822723388672,39.81999969482422,41.0,39.400001525878906,41.0,7725400
2024-07-30,31.556318283081055,39.529998779296875,39.81999969482422,39.34000015258789,39.65999984741211,5542000
2024-07-31,32.41048812866211,40.599998474121094,40.599998474121094,40.0,40.0,8469400
2024-08-01,31.811771392822266,39.849998474121094,41.06999969482422,39.849998474121094,40.939998626708984,7799600
2024-08-02,30.845840454101562,38.63999938964844,39.95000076293945,38.61000061035156,39.91999816894531,8653800
2024-08-05,30.590391159057617,38.31999969482422,38.40999984741211,37.349998474121094,37.900001525878906,9875300
2024-08-06,31.229021072387695,39.119998931884766,39.43000030517578,38.119998931884766,38.54999923706055,6295300
2024-08-07,31.181129455566406,39.060001373291016,39.58000183105469,38.849998474121094,39.5099983215332,5453200
2024-08-08,31.69202423095703,39.70000076293945,39.70000076293945,38.900001525878906,39.25,5094500
2024-08-09,31.420608520507812,39.36000061035156,39.790000915527344,38.31999969482422,39.150001525878906,8716600
2024-08-12,32.29873275756836,40.459999084472656,40.689998626708984,39.77000045776367,39.79999923706055,6756000
2024-08-13,32.13108825683594,40.25,40.75,39.9900016784668,40.75,6945100
2024-08-14,32.71384048461914,40.97999954223633,40.97999954223633,40.209999084472656,40.209999084472656,10860000
2024-08-15,33.04911422729492,41.400001525878906,41.529998779296875,40.939998626708984,41.20000076293945,6086600
2024-08-16,33.176841735839844,41.560001373291016,41.619998931884766,40.939998626708984,41.2599983215332,8366100
2024-08-19,32.9213981628418,41.2400016784668,41.72999954223633,41.2400016784668,41.619998931884766,9357100
2024-08-20,32.80165481567383,41.09000015258789,41.439998626708984,40.56999969482422,41.310001373291016,7499700
2024-08-21,32.51426315307617,40.72999954223633,41.56999969482422,40.66999816894531,41.369998931884766,7868600
2024-08-22,32.59883499145508,39.779998779296875,40.04999923706055,39.369998931884766,40.040000915527344,6460400
2024-08-23,32.279239654541016,39.38999938964844,40.31999969482422,39.38999938964844,40.099998474121094,6372100
2024-08-26,35.171993255615234,42.91999816894531,43.119998931884766,40.29999923706055,40.380001068115234,26481400
2024-08-27,34.688507080078125,42.33000183105469,42.84000015258789,42.220001220703125,42.52000045776367,8170200
2024-08-28,35.4752082824707,43.290000915527344,43.52000045776367,42.0,42.040000915527344,11347800
2024-08-29,35.05726623535156,42.779998779296875,43.59000015258789,42.77000045776367,43.22999954223633,8584600
2024-08-30,35.188385009765625,42.939998626708984,43.349998474121094,42.43000030517578,42.81999969482422,36947400
2024-09-02,35.04087829589844,42.7599983215332,43.2400016784668,42.40999984741211,42.79999923706055,5276000
2024-09-03,34.672115325927734,42.310001373291016,42.5099983215332,41.9900016784668,42.400001525878906,9984700
2024-09-04,34.54099655151367,42.150001525878906,42.59000015258789,42.08000183105469,42.45000076293945,8903000
2024-09-05,34.33613204956055,41.900001525878906,42.58000183105469,41.79999923706055,42.209999084472656,5671500
2024-09-06,33.705135345458984,41.130001068115234,42.06999969482422,41.029998779296875,42.0099983215332,8287800
2024-09-09,34.15584182739258,41.68000030517578,42.02000045776367,41.119998931884766,41.31999969482422,15994900
2024-09-10,33.42650604248047,40.790000915527344,41.630001068115234,40.40999984741211,41.470001220703125,8984700
2024-09-11,33.57401657104492,40.970001220703125,41.27000045776367,40.470001220703125,41.04999923706055,8315700
2024-09-12,33.180667877197266,40.4900016784668,40.9900016784668,40.2400016784668,40.810001373291016,6583300
2024-09-13,33.08232879638672,40.369998931884766,41.16999816894531,40.310001373291016,40.83000183105469,6627900
2024-09-16,33.41012191772461,40.77000045776367,41.310001373291016,40.65999984741211,40.79999923706055,5244000
2024-09-17,33.20524978637695,40.52000045776367,40.70000076293945,40.099998474121094,40.70000076293945,5309200
2024-09-18,32.63161087036133,39.81999969482422,40.31999969482422,39.459999084472656,40.20000076293945,16947900
2024-09-19,32.53327560424805,39.70000076293945,40.290000915527344,39.54999923706055,40.20000076293945,8486400
2024-09-20,32.53327560424805,39.70000076293945,39.959999084472656,39.5099983215332,39.650001525878906,16400900
2024-09-23,32.943016052246094,40.20000076293945,40.66999816894531,39.709999084472656,39.72999954223633,8280000
2024-09-24,33.18886184692383,40.5,40.900001525878906,40.29999923706055,40.720001220703125,9218500
2024-09-25,33.213443756103516,40.529998779296875,41.22999954223633,40.529998779296875,40.970001220703125,9236200
2024-09-26,32.51689147949219,39.68000030517578,40.369998931884766,39.439998626708984,40.29999923706055,18792500
2024-09-27,32.385772705078125,39.52000045776367,39.790000915527344,39.33000183105469,39.709999084472656,8526600
2024-09-30,32.180904388427734,39.27000045776367,39.689998626708984,39.060001373291016,39.63999938964844,8219700
2024-10-01,33.04135513305664,40.31999969482422,40.70000076293945,38.959999084472656,39.2400016784668,11968600
2024-10-02,33.42650604248047,40.790000915527344,41.36000061035156,40.619998931884766,40.90999984741211,6233500
2024-10-03,33.87722396850586,41.34000015258789,41.4900016784668,40.4900016784668,40.650001525878906,8549700
2024-10-04,33.89360427856445,41.36000061035156,41.58000183105469,41.060001373291016,41.45000076293945,5845300
2024-10-07,34.46724319458008,42.060001373291016,42.060001373291016,41.400001525878906,41.599998474121094,7007900
2024-10-08,33.72152328491211,41.150001525878906,41.36000061035156,40.959999084472656,40.97999954223633,7578700
2024-10-09,33.45928955078125,40.83000183105469,41.099998474121094,40.66999816894531,40.95000076293945,7448600
2024-10-10,34.01653289794922,41.5099983215332,41.630001068115234,41.150001525878906,41.150001525878906,5128200
2024-10-11,33.959171295166016,41.439998626708984,41.54999923706055,41.220001220703125,41.38999938964844,4518500
2024-10-14,33.90180969238281,41.369998931884766,41.599998474121094,41.130001068115234,41.2400016784668,5507400
2024-10-15,33.51665496826172,40.900001525878906,41.08000183105469,40.619998931884766,40.869998931884766,6837800
2024-10-16,33.418312072753906,40.779998779296875,41.25,40.72999954223633,41.04999923706055,18678900
2024-10-17,33.262611389160156,40.59000015258789,40.689998626708984,40.36000061035156,40.58000183105469,5131800
2024-10-18,33.08232879638672,40.369998931884766,40.790000915527344,40.09000015258789,40.70000076293945,5814000
2024-10-21,32.47591781616211,39.630001068115234,40.7400016784668,39.630001068115234,40.7400016784668,5830700
2024-10-22,32.32020950317383,39.439998626708984,39.86000061035156,39.31999969482422,39.54999923706055,5602900
2024-10-23,31.861305236816406,38.880001068115234,39.369998931884766,38.810001373291016,39.130001068115234,5052900
2024-10-24,31.967838287353516,39.0099983215332,39.119998931884766,38.720001220703125,39.0,7272300
2024-10-25,32.28743362426758,39.400001525878906,39.619998931884766,38.9900016784668,39.0099983215332,7829100
2024-10-28,32.22187805175781,39.31999969482422,39.380001068115234,38.470001220703125,38.68000030517578,5792000
2024-10-29,32.13993453979492,39.220001220703125,39.599998474121094,39.11000061035156,39.52000045776367,4782500
2024-10-30,31.861305236816406,38.880001068115234,39.58000183105469,38.849998474121094,39.310001373291016,7560600
2024-10-31,32.008811950683594,39.060001373291016,39.119998931884766,38.61000061035156,38.849998474121094,11105200
2024-11-01,31.386001586914062,38.29999923706055,39.310001373291016,38.25,39.2400016784668,8818300
2024-11-04,31.41878318786621,38.34000015258789,38.91999816894531,38.22999954223633,38.79999923706055,6140100
2024-11-05,31.263086318969727,38.150001525878906,38.459999084472656,37.7400016784668,38.349998474121094,7774600
2024-11-06,31.230304718017578,38.11000061035156,38.2400016784668,37.619998931884766,37.83000183105469,7658400
2024-11-07,31.451566696166992,38.380001068115234,38.81999969482422,38.0,38.0099983215332,11429700
2024-11-08,32.025203704833984,39.08000183105469,39.33000183105469,38.459999084472656,38.5,13215800
2024-11-11,32.07436752319336,39.13999938964844,39.279998779296875,38.599998474121094,38.79999923706055,6025500
2024-11-12,32.385772705078125,39.52000045776367,39.880001068115234,39.119998931884766,39.150001525878906,8009500
2024-11-13,32.72175979614258,39.93000030517578,40.13999938964844,39.2599983215332,39.560001373291016,10346100
2024-11-14,33.19705581665039,40.5099983215332,40.66999816894531,39.81999969482422,39.81999969482422,9511600
2024-11-18,34.0493049621582,41.54999923706055,41.630001068115234,40.5,40.5099983215332,10094100
2024-11-19,33.614990234375,41.02000045776367,41.70000076293945,40.880001068115234,41.43000030517578,5127800
2024-11-21,33.67235565185547,41.09000015258789,41.529998779296875,40.77000045776367,41.130001068115234,9886900
2024-11-22,35.43423843383789,43.2400016784668,43.779998779296875,41.77000045776367,41.869998931884766,19316700
2024-11-25,35.09004592895508,42.81999969482422,43.689998626708984,42.650001525878906,43.119998931884766,13020900
2024-11-26,34.909767150878906,42.599998474121094,43.099998474121094,42.470001220703125,42.970001220703125,7271100
2024-11-27,34.79503631591797,42.459999084472656,42.880001068115234,42.220001220703125,42.61000061035156,7842500
2024-11-28,34.21321105957031,41.75,42.77000045776367,41.619998931884766,42.27000045776367,5203000
2024-11-29,34.926151275634766,42.619998931884766,42.97999954223633,41.75,41.75,16837800
2024-12-02,35.01629638671875,42.72999954223633,43.08000183105469,42.38999938964844,42.5099983215332,9768300
2024-12-03,35.05726623535156,42.779998779296875,43.06999969482422,42.45000076293945,42.83000183105469,7008600
2024-12-04,34.721282958984375,42.369998931884766,43.38999938964844,42.189998626708984,42.709999084472656,8402200
2024-12-05,35.2375602722168,43.0,43.16999816894531,42.400001525878906,42.599998474121094,7170000
2024-12-06,34.50822067260742,42.11000061035156,42.84000015258789,41.959999084472656,42.63999938964844,10903900
2024-12-09,35.417842864990234,43.220001220703125,43.33000183105469,42.36000061035156,42.45000076293945,7898700
2024-12-10,35.721046447753906,43.59000015258789,43.77000045776367,43.2599983215332,43.400001525878906,6150700
2024-12-11,35.9750862121582,43.900001525878906,44.0,43.040000915527344,43.63999938964844,13170400
2024-12-12,35.05910110473633,41.27000045776367,42.20000076293945,41.11000061035156,41.95000076293945,10504500
2024-12-13,34.889198303222656,41.06999969482422,41.70000076293945,40.599998474121094,41.66999816894531,7936900
2024-12-16,34.54939651489258,40.66999816894531,41.2599983215332,40.59000015258789,41.119998931884766,7761300
2024-12-17,35.08457946777344,41.29999923706055,41.54999923706055,40.81999969482422,40.81999969482422,15439900
2024-12-18,34.30304718017578,40.380001068115234,41.40999984741211,40.20000076293945,41.150001525878906,18052600
2024-12-19,33.98871994018555,40.0099983215332,40.9900016784668,39.560001373291016,40.70000076293945,13522100
2024-12-20,33.742366790771484,39.720001220703125,40.15999984741211,39.58000183105469,40.09000015258789,21313100
2024-12-23,33.997222900390625,40.02000045776367,40.02000045776367,39.5099983215332,39.84000015258789,9074300
2024-12-26,34.5396614074707,39.279998779296875,39.279998779296875,38.52000045776367,38.79999923706055,8614500
2024-12-27,34.15275955200195,38.84000015258789,39.36000061035156,38.83000183105469,39.36000061035156,9594400
2024-12-30,34.653968811035156,39.40999984741211,39.630001068115234,39.02000045776367,39.02000045776367,7914800
2025-01-02,35.63002014160156,40.52000045776367,40.810001373291016,39.45000076293945,39.54999923706055,11081500
2025-01-03,35.50691604614258,40.380001068115234,40.720001220703125,39.959999084472656,40.4900016784668,16515700
2025-01-06,35.17277145385742,40.0,40.58000183105469,39.880001068115234,40.45000076293945,9440100
2025-01-07,36.15760803222656,41.119998931884766,41.43000030517578,40.099998474121094,40.380001068115234,12535000
2025-01-08,35.814674377441406,40.72999954223633,41.22999954223633,40.45000076293945,41.0,7930200
2025-01-09,35.805885314941406,40.720001220703125,41.13999938964844,40.66999816894531,40.7400016784668,3171600
2025-01-10,35.98174285888672,40.91999816894531,41.7599983215332,40.900001525878906,41.08000183105469,10357700
2025-01-13,36.00812530517578,40.95000076293945,41.630001068115234,40.93000030517578,41.290000915527344,5703800
2025-01-14,36.15760803222656,41.119998931884766,41.15999984741211,40.52000045776367,40.880001068115234,5705900
2025-01-15,36.63243865966797,41.65999984741211,41.65999984741211,41.029998779296875,41.34000015258789,8106600
2025-01-16,36.6060676574707,41.630001068115234,41.68000030517578,41.22999954223633,41.529998779296875,6450900
2025-01-17,36.57967758178711,41.599998474121094,41.93000030517578,41.38999938964844,41.599998474121094,5264200
2025-01-20,36.84347915649414,41.900001525878906,42.0,41.5,41.56999969482422,3191500
2025-01-21,36.535709381103516,41.54999923706055,41.75,41.029998779296875,41.70000076293945,6313900
2025-01-22,36.166404724121094,41.130001068115234,41.869998931884766,41.130001068115234,41.59000015258789,4959900
2025-01-23,35.8322639465332,40.75,41.630001068115234,40.650001525878906,41.13999938964844,5706400
2025-01-24,35.72674560546875,40.630001068115234,40.86000061035156,40.2599983215332,40.75,4553600
2025-01-27,36.122440338134766,41.08000183105469,41.15999984741211,40.43000030517578,40.599998474121094,7749000
2025-01-28,36.034507751464844,40.97999954223633,41.33000183105469,40.45000076293945,41.09000015258789,10420200
2025-01-29,35.67398452758789,40.56999969482422,41.18000030517578,40.459999084472656,41.04999923706055,5538800
2025-01-30,36.377437591552734,41.369998931884766,41.5,40.43000030517578,40.779998779296875,8276500
2025-01-31,36.62364959716797,41.650001525878906,42.400001525878906,41.119998931884766,41.380001068115234,8665700
2025-02-03,36.175201416015625,41.13999938964844,41.75,41.06999969482422,41.650001525878906,8342300
2025-02-04,35.717952728271484,40.619998931884766,41.13999938964844,40.310001373291016,40.900001525878906,8210900
2025-02-05,35.35742950439453,40.209999084472656,40.63999938964844,40.060001373291016,40.63999938964844,7432900
2025-02-06,35.14639663696289,39.970001220703125,40.5,39.84000015258789,40.22999954223633,6065800
2025-02-07,34.908973693847656,39.70000076293945,40.25,39.31999969482422,40.04999923706055,8882300
2025-02-10,35.19915008544922,40.029998779296875,40.29999923706055,39.86000061035156,40.0,5350200
2025-02-11,35.392601013183594,40.25,40.36000061035156,39.7400016784668,40.36000061035156,6814000
2025-02-12,34.57483673095703,39.31999969482422,40.06999969482422,39.18000030517578,39.810001373291016,13940300
2025-02-13,34.67155838012695,39.43000030517578,39.560001373291016,39.029998779296875,39.20000076293945,4389900
2025-02-14,35.92019271850586,40.849998474121094,41.060001373291016,39.58000183105469,39.68000030517578,9946200
2025-02-17,36.324676513671875,41.310001373291016,41.61000061035156,40.900001525878906,41.0,3941000
2025-02-18,37.00175476074219,42.08000183105469,42.189998626708984,41.20000076293945,41.2599983215332,15844000
2025-02-19,37.15123748779297,42.25,42.560001373291016,41.540000915527344,41.709999084472656,10749600
2025-02-20,37.371070861816406,42.5,42.560001373291016,42.099998474121094,42.25,9136600
2025-02-21,37.1600341796875,42.2599983215332,42.65999984741211,42.119998931884766,42.65999984741211,7482100
2025-02-24,36.91382598876953,41.97999954223633,42.33000183105469,41.72999954223633,42.2599983215332,6694900
2025-02-25,36.597267150878906,41.619998931884766,42.279998779296875,41.45000076293945,42.09000015258789,11078400
2025-02-26,36.535709381103516,41.54999923706055,41.9900016784668,41.36000061035156,41.9900016784668,6480000
2025-02-27,34.50448989868164,39.2400016784668,40.08000183105469,37.720001220703125,39.79999923706055,48084000
2025-02-28,34.3374137878418,39.04999923706055,39.59000015258789,38.58000183105469,39.099998474121094,20950000
2025-03-05,32.7546501159668,37.25,38.209999084472656,37.18000030517578,38.209999084472656,11318400
2025-03-06,32.5084342956543,36.970001220703125,37.83000183105469,36.790000915527344,37.5,8828100
2025-03-07,32.90412902832031,37.41999816894531,37.70000076293945,36.91999816894531,36.970001220703125,9512700
2025-03-10,32.84257888793945,37.349998474121094,37.439998626708984,36.689998626708984,37.369998931884766,8816300
2025-03-11,32.16550064086914,36.58000183105469,37.619998931884766,36.310001373291016,37.560001373291016,7496600
2025-03-12,32.27981185913086,36.709999084472656,37.029998779296875,36.43000030517578,36.68000030517578,7368400
2025-03-13,32.5084342956543,36.970001220703125,37.369998931884766,36.4900016784668,36.689998626708984,6799500
2025-03-14,33.774654388427734,38.40999984741211,38.65999984741211,36.93000030517578,37.209999084472656,8459200
2025-03-17,34.557247161865234,39.29999923706055,39.66999816894531,38.36000061035156,38.41999816894531,9473100
2025-03-18,34.5836296081543,39.33000183105469,39.61000061035156,39.099998474121094,39.45000076293945,6025200
2025-03-19,34.750701904296875,39.52000045776367,39.7599983215332,39.22999954223633,39.59000015258789,7237600
2025-03-20,34.908973693847656,39.70000076293945,40.209999084472656,39.20000076293945,39.47999954223633,15920900
2025-03-21,35.47174072265625,40.34000015258789,40.7400016784668,39.70000076293945,39.81999969482422,22722900
2025-03-24,35.38380813598633,40.2400016784668,40.4900016784668,39.97999954223633,40.29999923706055,6505100
2025-03-25,35.72674560546875,40.630001068115234,41.41999816894531,40.099998474121094,40.5,12410500
2025-03-26,36.10485076904297,41.060001373291016,41.459999084472656,40.72999954223633,40.939998626708984,6787500
2025-03-27,36.47416305541992,41.47999954223633,41.72999954223633,40.970001220703125,41.380001068115234,10847700
2025-03-28,36.113643646240234,41.06999969482422,41.7599983215332,40.7400016784668,41.38999938964844,6023900
2025-03-31,35.89381408691406,40.81999969482422,41.43000030517578,40.72999954223633,40.810001373291016,11318300
2025-04-01,36.07847213745117,41.029998779296875,42.20000076293945,40.79999923706055,40.869998931884766,7306800
2025-04-02,35.89381408691406,40.81999969482422,41.099998474121094,40.41999816894531,40.880001068115234,5378700
2025-04-03,34.62759780883789,39.380001068115234,39.90999984741211,38.93000030517578,39.66999816894531,11761500
2025-04-04,33.176719665527344,37.72999954223633,38.25,36.52000045776367,38.04999923706055,22917700
2025-04-07,31.33014678955078,35.630001068115234,37.56999969482422,35.52000045776367,37.20000076293945,28421800
2025-04-08,30.327726364135742,34.4900016784668,36.52000045776367,34.130001068115234,36.13999938964844,18081300
2025-04-09,31.27738380432129,35.56999969482422,35.9900016784668,33.45000076293945,33.70000076293945,29549700
2025-04-10,29.246158599853516,33.2599983215332,35.29999923706055,33.18000030517578,35.209999084472656,16049900
2025-04-11,29.826507568359375,33.91999816894531,34.290000915527344,32.7400016784668,33.560001373291016,19003500
2025-04-14,29.888065338134766,33.9900016784668,34.93000030517578,33.599998474121094,34.75,14919400
2025-04-15,29.33409309387207,33.36000061035156,34.22999954223633,33.2400016784668,34.20000076293945,9799200
2025-04-16,29.079086303710938,33.06999969482422,33.7400016784668,32.880001068115234,33.59000015258789,16459800
2025-04-17,29.84212875366211,33.16999816894531,33.470001220703125,32.47999954223633,32.68000030517578,14425100
2025-04-22,29.68018913269043,32.9900016784668,33.310001373291016,32.45000076293945,32.9900016784668,9723500
2025-04-23,29.46426773071289,32.75,33.56999969482422,32.5,33.45000076293945,15792500
2025-04-24,29.248342514038086,32.5099983215332,32.9900016784668,31.950000762939453,32.95000076293945,12407100
2025-04-25,29.392292022705078,32.66999816894531,32.849998474121094,32.20000076293945,32.5,10241800
2025-04-28,29.20336151123047,32.459999084472656,32.97999954223633,32.40999984741211,32.70000076293945,9107500
2025-04-29,29.284332275390625,32.54999923706055,32.869998931884766,32.16999816894531,32.45000076293945,10594100
2025-04-30,28.834497451782227,32.04999923706055,32.54999923706055,31.860000610351562,32.380001068115234,13204700
2025-05-02,29.4102840423584,32.689998626708984,32.970001220703125,31.90999984741211,32.25,22134800
2025-05-05,28.58258819580078,31.770000457763672,32.599998474121094,31.760000228881836,32.47999954223633,16917100
2025-05-06,29.032424926757812,32.27000045776367,32.63999938964844,32.15999984741211,32.25,9743200
2025-05-07,29.221355438232422,32.47999954223633,32.63999938964844,32.11000061035156,32.439998626708984,9591900
2025-05-08,29.716171264648438,33.029998779296875,33.310001373291016,32.560001373291016,32.81999969482422,11773200
2025-05-09,29.869117736816406,33.20000076293945,33.47999954223633,32.83000183105469,33.47999954223633,5555100
2025-05-12,30.67882537841797,34.099998474121094,34.54999923706055,33.97999954223633,34.0,8806600
2025-05-13,30.8587589263916,34.29999923706055,34.58000183105469,33.709999084472656,34.279998779296875,13202400
2025-05-14,30.660831451416016,34.08000183105469,34.25,33.630001068115234,34.0,7751900
2025-05-15,30.759794235229492,34.189998626708984,34.29999923706055,33.75,33.84000015258789,6386300
2025-05-16,30.723812103271484,34.150001525878906,34.5,33.75,34.189998626708984,9855500
2025-05-19,30.642839431762695,34.060001373291016,34.209999084472656,33.83000183105469,34.040000915527344,5297400
2025-05-20,30.741802215576172,34.16999816894531,34.630001068115234,34.029998779296875,34.099998474121094,6481800
2025-05-21,30.480897903442383,33.880001068115234,34.47999954223633,33.689998626708984,34.18000030517578,7894100
2025-05-22,30.076045989990234,33.43000030517578,33.779998779296875,33.02000045776367,33.779998779296875,10888600
2025-05-23,30.121028900146484,33.47999954223633,33.560001373291016,33.0099983215332,33.380001068115234,7083300
2025-05-26,30.13002586364746,33.4900016784668,33.779998779296875,33.43000030517578,33.75,2558300
2025-05-27,30.41792106628418,33.810001373291016,34.09000015258789,33.66999816894531,33.779998779296875,11891600
2025-05-28,30.040056228637695,33.38999938964844,34.04999923706055,33.38999938964844,34.04999923706055,6204000
2025-05-29,30.00406837463379,33.349998474121094,33.5099983215332,33.0,33.369998931884766,7118800
2025-05-30,29.608211517333984,32.90999984741211,33.34000015258789,32.90999984741211,33.34000015258789,15545300
2025-06-02,29.69818115234375,33.0099983215332,33.70000076293945,32.93000030517578,33.70000076293945,16262500
2025-06-03,29.891693115234375,32.310001373291016,32.34000015258789,31.100000381469727,31.299999237060547,12989200
2025-06-04,29.022048950195312,31.3700008392334,32.599998474121094,31.3700008392334,32.34000015258789,6208700
2025-06-05,28.86477279663086,31.200000762939453,31.760000228881836,31.149999618530273,31.510000228881836,7227900
2025-06-06,29.207075119018555,31.56999969482422,31.850000381469727,31.219999313354492,31.299999237060547,9612200
2025-06-09,28.901779174804688,31.239999771118164,31.479999542236328,30.84000015258789,31.100000381469727,9477200
2025-06-10,29.956453323364258,32.380001068115234,32.5,31.43000030517578,31.510000228881836,12033700
2025-06-11,30.83534812927246,33.33000183105469,33.5,32.41999816894531,32.41999816894531,15665100
2025-06-12,31.68648910522461,34.25,34.36000061035156,32.900001525878906,32.90999984741211,10820700
2025-06-13,32.361854553222656,34.97999954223633,35.779998779296875,34.81999969482422,35.61000061035156,21208800
2025-06-16,32.306339263916016,34.91999816894531,35.75,34.810001373291016,35.150001525878906,12002600
2025-06-17,33.259246826171875,35.95000076293945,36.18000030517578,35.099998474121094,35.099998474121094,12307300
2025-06-18,33.074214935302734,35.75,36.27000045776367,35.540000915527344,36.060001373291016,7821800
2025-06-20,33.22224426269531,35.90999984741211,36.27000045776367,35.56999969482422,35.650001525878906,23960500
2025-06-23,32.287841796875,34.900001525878906,36.52000045776367,34.7400016784668,36.29999923706055,13582300
2025-06-24,31.612476348876953,34.16999816894531,34.810001373291016,33.900001525878906,34.20000076293945,17817000
2025-06-25,31.427448272705078,33.970001220703125,34.400001525878906,33.959999084472656,34.09000015258789,9869200
2025-06-26,31.658735275268555,34.220001220703125,34.349998474121094,34.029998779296875,34.2400016784668,6070400
2025-06-27,31.27016830444336,33.79999923706055,34.16999816894531,33.75,34.04999923706055,6193600
2025-06-30,31.538463592529297,34.09000015258789,34.380001068115234,33.59000015258789,33.689998626708984,11438600
2025-07-01,31.667985916137695,34.22999954223633,34.470001220703125,33.900001525878906,34.130001068115234,4328800
2025-07-02,32.3340950012207,34.95000076293945,35.20000076293945,34.33000183105469,34.43000030517578,8946600
2025-07-03,32.482120513916016,35.11000061035156,35.400001525878906,34.84000015258789,34.93000030517578,6871900
2025-07-04,32.51912307739258,35.150001525878906,35.220001220703125,34.91999816894531,35.04999923706055,2765700
2025-07-07,32.297088623046875,34.90999984741211,35.33000183105469,34.88999938964844,35.150001525878906,9363200
2025-07-08,33.11122512817383,35.790000915527344,35.810001373291016,34.95000076293945,35.189998626708984,19238300
2025-07-09,32.63014221191406,35.27000045776367,35.900001525878906,35.15999984741211,35.900001525878906,10288600
2025-07-10,32.68565368652344,35.33000183105469,35.599998474121094,34.77000045776367,34.810001373291016,10264600
2025-07-11,32.8151741027832,35.470001220703125,35.849998474121094,35.33000183105469,35.36000061035156,6286500
2025-07-14,32.463619232177734,35.09000015258789,35.79999923706055,34.90999984741211,35.5,7061200
2025-07-15,32.09355545043945,34.689998626708984,35.220001220703125,34.650001525878906,35.150001525878906,6347900
2025-07-16,31.816009521484375,34.38999938964844,34.68000030517578,34.18000030517578,34.650001525878906,5767600
2025-07-17,31.593976974487305,34.150001525878906,34.459999084472656,34.0099983215332,34.38999938964844,7868200
2025-07-18,31.12214469909668,33.63999938964844,34.290000915527344,33.09000015258789,34.04999923706055,17222400
2025-07-21,31.20541000366211,33.72999954223633,34.02000045776367,33.380001068115234,33.68000030517578,5642500
2025-07-22,31.529212951660156,34.08000183105469,34.54999923706055,33.61000061035156,33.79999923706055,11698600
2025-07-23,32.23232650756836,34.84000015258789,35.02000045776367,33.970001220703125,33.970001220703125,4535600
2025-07-24,32.26934051513672,34.880001068115234,34.9900016784668,34.599998474121094,34.84000015258789,7159200
2025-07-25,32.417354583740234,35.040000915527344,35.20000076293945,34.869998931884766,34.95000076293945,4859800
2025-07-28,32.39885711669922,35.02000045776367,35.630001068115234,34.540000915527344,35.11000061035156,12200100
2025-07-29,32.92619323730469,35.59000015258789,35.79999923706055,35.0,35.20000076293945,8502400
2025-07-30,33.2962532043457,35.9900016784668,36.130001068115234,35.36000061035156,35.56999969482422,10603400
2025-07-31,33.11122512817383,35.790000915527344,35.959999084472656,35.5,35.5,9052500
2025-08-01,32.6393928527832,35.279998779296875,36.16999816894531,34.95000076293945,36.16999816894531,5713900
2025-08-04,32.52837371826172,35.15999984741211,35.290000915527344,34.93000030517578,35.18000030517578,4631800
2025-08-05,32.787418365478516,35.439998626708984,35.56999969482422,35.029998779296875,35.20000076293945,6160100
2025-08-06,32.71340560913086,35.36000061035156,36.2599983215332,35.15999984741211,35.86000061035156,10981300
2025-08-07,32.944698333740234,35.61000061035156,36.02000045776367,35.43000030517578,35.599998474121094,7068400
2025-08-08,30.32651138305664,32.779998779296875,34.93000030517578,32.779998779296875,34.72999954223633,34670100
2025-08-11,30.465286254882812,32.93000030517578,33.36000061035156,32.869998931884766,33.0,8155500
2025-08-12,30.622560501098633,33.099998474121094,33.56999969482422,32.880001068115234,33.06999969482422,6510700
2025-08-13,30.474536895751953,32.939998626708984,33.13999938964844,32.66999816894531,32.90999984741211,8981900
2025-08-14,30.187742233276367,32.630001068115234,32.869998931884766,32.380001068115234,32.72999954223633,7398900
2025-08-15,30.159984588623047,32.599998474121094,32.619998931884766,32.20000076293945,32.529998779296875,8749600
2025-08-18,30.400524139404297,32.86000061035156,33.099998474121094,32.459999084472656,32.68000030517578,9347900
2025-08-19,29.984207153320312,32.40999984741211,32.869998931884766,32.34000015258789,32.5099983215332,10939200
2025-08-20,30.233999252319336,32.68000030517578,32.83000183105469,32.5099983215332,32.529998779296875,6860200
2025-08-21,30.20624542236328,32.650001525878906,32.849998474121094,32.36000061035156,32.68000030517578,9574800
2025-08-22,31.19043731689453,33.02000045776367,33.02000045776367,32.150001525878906,32.2400016784668,14179900
2025-08-25,31.228219985961914,33.060001373291016,33.34000015258789,32.97999954223633,33.08000183105469,7161500
2025-08-26,31.067638397216797,32.88999938964844,32.939998626708984,32.52000045776367,32.88999938964844,11908700
2025-08-27,31.247112274169922,33.08000183105469,33.189998626708984,32.810001373291016,32.84000015258789,8777400
2025-08-28,31.624948501586914,33.47999954223633,33.650001525878906,33.16999816894531,33.33000183105469,9971400
2025-08-29,31.879987716674805,33.75,33.869998931884766,33.38999938964844,33.439998626708984,11106800
2025-09-01,31.738298416137695,33.599998474121094,34.04999923706055,33.5099983215332,34.04999923706055,3439500
2025-09-02,31.983896255493164,33.86000061035156,33.95000076293945,33.31999969482422,33.31999969482422,5112300
2025-09-03,31.643840789794922,33.5,33.93000030517578,33.209999084472656,33.5,8603900
2025-09-04,31.79497718811035,33.65999984741211,34.0,33.31999969482422,33.31999969482422,7736200
2025-09-05,31.077085494995117,32.900001525878906,33.630001068115234,32.52000045776367,33.619998931884766,14906300
2025-09-08,31.351015090942383,33.189998626708984,33.41999816894531,32.900001525878906,33.150001525878906,7155700
2025-09-09,31.691068649291992,33.54999923706055,33.810001373291016,33.2400016784668,33.33000183105469,12015300
2025-09-10,32.503421783447266,34.40999984741211,34.470001220703125,33.45000076293945,33.56999969482422,12417000
2025-09-11,32.163368225097656,34.04999923706055,34.36000061035156,33.93000030517578,34.2599983215332,7470200
2025-09-12,31.879987716674805,33.75,34.529998779296875,33.70000076293945,34.029998779296875,5744600
2025-09-15,32.34284210205078,34.2400016784668,34.290000915527344,33.56999969482422,33.810001373291016,5569800
2025-09-16,32.28616714477539,34.18000030517578,34.38999938964844,33.900001525878906,34.29999923706055,6493300
2025-09-17,32.53175735473633,34.439998626708984,34.4900016784668,34.02000045776367,34.150001525878906,12977900
2025-09-18,32.28616714477539,34.18000030517578,34.45000076293945,33.63999938964844,34.439998626708984,8971000
2025-09-19,31.813867568969727,33.68000030517578,34.22999954223633,33.380001068115234,34.130001068115234,15727600
2025-09-22,32.1539192199707,34.040000915527344,34.099998474121094,33.349998474121094,33.5,6264100
2025-09-23,33.004051208496094,34.939998626708984,35.099998474121094,34.09000015258789,34.18000030517578,11811300
2025-09-24,33.84474182128906,35.83000183105469,35.84000015258789,35.0099983215332,35.290000915527344,10875100
2025-09-25,33.2496452331543,35.20000076293945,36.02000045776367,35.130001068115234,35.779998779296875,9525200
2025-09-26,33.04183578491211,34.97999954223633,35.7599983215332,34.849998474121094,35.31999969482422,7818900
2025-09-29,32.41840744018555,34.31999969482422,35.279998779296875,34.11000061035156,35.11000061035156,12887100
2025-09-30,31.908323287963867,33.779998779296875,34.41999816894531,33.34000015258789,34.25,23647500
2025-10-01,31.87054443359375,33.7400016784668,33.900001525878906,33.52000045776367,33.77000045776367,9510100
2025-10-02,31.473812103271484,33.31999969482422,33.7400016784668,33.150001525878906,33.7400016784668,9953500
2025-10-03,31.2376651763916,33.06999969482422,33.63999938964844,33.040000915527344,33.40999984741211,7076300
2025-10-06,31.05819320678711,32.880001068115234,33.34000015258789,32.7599983215332,33.310001373291016,9766600
2025-10-07,31.09597396850586,32.91999816894531,32.91999816894531,32.290000915527344,32.75,10257000
2025-10-08,30.78426170349121,32.59000015258789,33.119998931884766,32.470001220703125,33.06999969482422,7646200
2025-10-09,30.368642807006836,32.150001525878906,32.83000183105469,32.08000183105469,32.56999969482422,7071900
2025-10-10,30.141939163208008,31.90999984741211,32.099998474121094,31.739999771118164,32.099998474121094,13162700
2025-10-13,30.425315856933594,32.209999084472656,32.279998779296875,31.90999984741211,32.189998626708984,4739600
2025-10-14,30.406423568725586,32.189998626708984,32.66999816894531,31.90999984741211,31.969999313354492,12550900
2025-10-15,29.981355667114258,31.739999771118164,32.36000061035156,31.6200008392334,32.20000076293945,25664800
2025-10-16,29.745208740234375,31.489999771118164,31.760000228881836,31.389999389648438,31.639999389648438,8110200
2025-10-17,29.886898040771484,31.639999389648438,31.8799991607666,31.34000015258789,31.459999084472656,11956600
2025-10-20,29.811328887939453,31.559999465942383,31.690000534057617,31.190000534057617,31.549999237060547,8129100
2025-10-21,29.499616622924805,31.229999542236328,31.760000228881836,30.959999084472656,31.75,11621900
2025-10-22,29.990802764892578,31.75,31.8799991607666,31.270000457763672,31.68000030517578,8759900
2025-10-23,30.208059310913086,31.979999542236328,32.65999984741211,31.889999389648438,32.40999984741211,12605800
2025-10-24,29.990802764892578,31.75,32.279998779296875,31.610000610351562,32.0099983215332,5149800
2025-10-27,30.1986141204834,31.969999313354492,32.029998779296875,31.5,31.989999771118164,8703900
2025-10-28,30.226953506469727,32.0,32.310001373291016,31.649999618530273,31.8799991607666,14156400
2025-10-29,30.170276641845703,31.940000534057617,32.099998474121094,31.690000534057617,32.099998474121094,9629100
2025-10-30,29.905790328979492,31.65999984741211,32.08000183105469,31.469999313354492,31.799999237060547,9673400
2025-10-31,29.764101028442383,31.510000228881836,31.860000610351562,31.260000228881836,31.729999542236328,8863300
2025-11-03,30.028589248657227,31.790000915527344,32.27000045776367,31.510000228881836,31.81999969482422,9576200
2025-11-04,30.311965942382812,32.09000015258789,32.09000015258789,31.450000762939453,31.610000610351562,9486300
2025-11-05,30.859827041625977,32.66999816894531,32.86000061035156,31.969999313354492,32.09000015258789,15054300
2025-11-06,30.888168334960938,32.70000076293945,33.06999969482422,32.560001373291016,32.7400016784668,12473000
2025-11-07,32.38062286376953,34.279998779296875,34.290000915527344,32.5099983215332,33.0099983215332,19737100
2025-11-10,32.66400146484375,34.58000183105469,34.83000183105469,34.0,34.33000183105469,9396800
2025-11-11,33.4480094909668,35.40999984741211,35.84000015258789,34.72999954223633,34.880001068115234,16377000
2025-11-12,32.44674301147461,34.349998474121094,35.43000030517578,33.97999954223633,35.29999923706055,17882500
2025-11-13,32.73957061767578,34.65999984741211,35.02000045776367,34.38999938964844,34.470001220703125,10467100
2025-11-14,32.99460983276367,34.93000030517578,35.279998779296875,34.630001068115234,34.75,7271400
2025-11-17,33.01350021362305,34.95000076293945,35.22999954223633,34.81999969482422,34.93000030517578,6983900
2025-11-18,33.01350021362305,34.95000076293945,35.119998931884766,34.56999969482422,34.70000076293945,9488000
2025-11-19,32.928489685058594,34.86000061035156,35.060001373291016,34.45000076293945,34.58000183105469,12348600
2025-11-21,32.64510726928711,34.560001373291016,34.790000915527344,34.369998931884766,34.560001373291016,12812000
2025-11-24,32.484527587890625,34.38999938964844,34.790000915527344,34.25,34.529998779296875,21154800
2025-11-25,32.172813415527344,34.060001373291016,34.31999969482422,33.88999938964844,34.16999816894531,7533800
2025-11-26,32.06890869140625,33.95000076293945,34.310001373291016,33.84000015258789,34.119998931884766,10854400
2025-11-27,32.32394790649414,34.220001220703125,34.220001220703125,33.93000030517578,34.0,3335600
2025-11-28,31.53049087524414,33.380001068115234,34.09000015258789,32.959999084472656,33.93000030517578,11126600
2025-12-01,31.728851318359375,33.59000015258789,33.9900016784668,33.20000076293945,33.5,9948900
2025-12-02,31.898881912231445,33.77000045776367,33.900001525878906,33.060001373291016,33.720001220703125,8138300
2025-12-03,32.29560852050781,34.189998626708984,34.34000015258789,33.880001068115234,33.9900016784668,8279700
2025-12-04,32.47508239746094,34.380001068115234,34.5099983215332,34.06999969482422,34.45000076293945,12159000
2025-12-05,31.020408630371094,32.84000015258789,34.72999954223633,32.84000015258789,34.4900016784668,21255300
2025-12-08,31.4360294342041,33.279998779296875,33.689998626708984,33.02000045776367,33.22999954223633,11933000
2025-12-09,31.634395599365234,33.4900016784668,33.560001373291016,32.91999816894531,33.119998931884766,8058000
2025-12-10,31.700515747070312,33.560001373291016,33.619998931884766,33.20000076293945,33.5,5773000
2025-12-11,31.05819320678711,32.880001068115234,33.5099983215332,32.810001373291016,33.5099983215332,11488400
2025-12-12,31.4360294342041,33.279998779296875,33.38999938964844,32.88999938964844,33.0099983215332,11353400
2025-12-15,31.37935447692871,33.220001220703125,33.5099983215332,33.08000183105469,33.470001220703125,14639700
2025-12-16,30.519777297973633,32.310001373291016,33.0,31.979999542236328,33.0,15354600
2025-12-17,30.727584838867188,32.529998779296875,32.619998931884766,32.34000015258789,32.5,17818500
2025-12-18,30.652019500732422,32.45000076293945,32.790000915527344,32.33000183105469,32.4900016784668,11595400
2025-12-19,30.86927604675293,32.68000030517578,32.77000045776367,32.45000076293945,32.5,24659300
2025-12-22,31.020408630371094,32.84000015258789,33.060001373291016,32.65999984741211,32.900001525878906,10828100
2025-12-23,31.148944854736328,32.02000045776367,32.27000045776367,31.84000015258789,32.25,7826500
2025-12-26,31.2462215423584,32.119998931884766,32.13999938964844,31.6299991607666,31.90999984741211,4335800
2025-12-29,31.450511932373047,32.33000183105469,32.459999084472656,32.099998474121094,32.290000915527344,6737700
2025-12-30,31.683979034423828,32.56999969482422,32.68000030517578,32.20000076293945,32.41999816894531,6450700
2026-01-02,31.42132568359375,32.29999923706055,32.619998931884766,31.93000030517578,32.61000061035156,15637900
2026-01-05,30.89601707458496,31.760000228881836,32.33000183105469,31.229999542236328,32.31999969482422,15270700
2026-01-06,30.302610397338867,31.149999618530273,32.029998779296875,31.100000381469727,31.940000534057617,12059600
2026-01-07,30.33179473876953,31.18000030517578,31.299999237060547,30.989999771118164,31.1200008392334,11359800
2026-01-08,31.090576171875,31.959999084472656,31.969999313354492,31.219999313354492,31.219999313354492,9513700
2026-01-09,31.032207489013672,31.899999618530273,32.38999938964844,31.790000915527344,32.06999969482422,11315300
2026-01-12,31.080848693847656,31.950000762939453,32.34000015258789,31.850000381469727,31.899999618530273,7519300
2026-01-13,32.141197204589844,33.040000915527344,33.279998779296875,31.809999465942383,31.959999084472656,16182500
2026-01-14,33.30855178833008,34.2400016784668,34.97999954223633,33.06999969482422,33.2400016784668,32918900
2026-01-15,32.968074798583984,33.88999938964844,34.040000915527344,33.56999969482422,33.880001068115234,12136500
2026-01-16,33.05562210083008,33.97999954223633,34.31999969482422,33.95000076293945,33.959999084472656,10025300
2026-01-19,33.23072814941406,34.15999984741211,34.16999816894531,33.810001373291016,33.810001373291016,3146500
2026-01-20,33.512840270996094,34.45000076293945,34.70000076293945,33.959999084472656,34.189998626708984,7453300
2026-01-21,35.04985427856445,36.029998779296875,36.20000076293945,34.650001525878906,34.75,35463000
2026-01-22,35.29305648803711,36.279998779296875,37.040000915527344,35.779998779296875,35.959999084472656,28591400
2026-01-23,36.693885803222656,37.720001220703125,38.099998474121094,36.810001373291016,36.84000015258789,17951500
2026-01-26,36.820343017578125,37.849998474121094,38.470001220703125,37.650001525878906,38.099998474121094,14262600
2026-01-27,37.85151290893555,38.90999984741211,39.310001373291016,37.900001525878906,38.02000045776367,16515300
2026-01-28,38.950775146484375,40.040000915527344,40.060001373291016,39.310001373291016,39.59000015258789,18425400
2026-01-29,39.20370101928711,40.29999923706055,41.2599983215332,40.04999923706055,40.630001068115234,20796200
2026-01-30,39.2912483215332,40.38999938964844,40.619998931884766,39.7400016784668,40.060001373291016,17280000
2026-02-02,38.51301193237305,39.59000015258789,39.720001220703125,39.08000183105469,39.22999954223633,14946400
2026-02-03,38.98968505859375,40.08000183105469,40.63999938964844,39.41999816894531,39.939998626708984,16026500
2026-02-04,38.76593780517578,39.849998474121094,40.11000061035156,39.43000030517578,39.810001373291016,12352900
2026-02-05,38.21144485473633,39.279998779296875,40.06999969482422,39.119998931884766,39.779998779296875,10896100
2026-02-06,37.812599182128906,38.869998931884766,39.560001373291016,38.709999084472656,39.41999816894531,7385600
2026-02-09,38.58110809326172,39.65999984741211,39.790000915527344,38.810001373291016,38.869998931884766,9529500
2026-02-10,38.775665283203125,39.86000061035156,39.9900016784668,39.18000030517578,39.5099983215332,7600800
2026-02-11,39.943023681640625,41.060001373291016,41.4900016784668,40.189998626708984,40.38999938964844,16009500
2026-02-12,38.70757293701172,39.790000915527344,40.939998626708984,39.470001220703125,40.939998626708984,10140200
2026-02-13,38.620018005371094,39.70000076293945,39.790000915527344,39.16999816894531,39.40999984741211,6709800
2026-02-18,39.04805374145508,40.13999938964844,40.18000030517578,39.70000076293945,39.70000076293945,10902300
2026-02-19,40.06948471069336,41.189998626708984,41.40999984741211,40.34000015258789,40.5,11518600
2026-02-20,39.82628631591797,40.939998626708984,41.220001220703125,40.400001525878906,40.790000915527344,9630200
2026-02-23,40.60452651977539,41.7400016784668,42.43000030517578,40.88999938964844,40.939998626708984,12927000
2026-02-24,41.52867889404297,42.689998626708984,42.77000045776367,41.959999084472656,42.0,10752600
2026-02-25,41.64542007446289,42.810001373291016,43.11000061035156,42.2400016784668,42.900001525878906,6607900
2026-02-26,41.58705139160156,42.75,43.08000183105469,42.13999938964844,42.59000015258789,8695700
2026-02-27,41.56759262084961,42.72999954223633,43.58000183105469,42.529998779296875,42.95000076293945,13279300
2026-03-02,43.49373245239258,44.709999084472656,45.0,43.900001525878906,45.0,16688900
2026-03-03,43.172706604003906,44.380001068115234,45.779998779296875,44.290000915527344,45.040000915527344,26054900
2026-03-04,42.86141586303711,44.060001373291016,44.79999923706055,43.400001525878906,44.540000915527344,10727900
2026-03-05,42.77386474609375,43.970001220703125,44.2599983215332,43.45000076293945,44.099998474121094,13405400
2026-03-06,44.53462219238281,45.779998779296875,47.0,44.72999954223633,45.15999984741211,25315100
2026-03-09,45.47823715209961,46.75,48.2400016784668,46.70000076293945,47.040000915527344,24620400
2026-03-10,45.390682220458984,46.65999984741211,46.959999084472656,45.810001373291016,45.9900016784668,13632000
2026-03-11,47.60865783691406,48.939998626708984,49.04999923706055,47.0099983215332,47.0099983215332,17598700
2026-03-12,48.299346923828125,49.650001525878906,50.31999969482422,48.52000045776367,50.08000183105469,22729300
2026-03-13,48.03668975830078,49.380001068115234,50.099998474121094,48.95000076293945,49.20000076293945,11663100
2026-03-16,48.75655746459961,50.119998931884766,50.61000061035156,49.400001525878906,49.65999984741211,9216500
2026-03-17,49.3499641418457,50.72999954223633,51.779998779296875,50.43000030517578,50.529998779296875,16170000
2026-03-18,50.225486755371094,51.630001068115234,51.939998626708984,50.97999954223633,51.20000076293945,16908500
2026-03-19,50.1671142578125,51.56999969482422,53.209999084472656,51.459999084472656,51.95000076293945,18102600
2026-03-20,48.970577239990234,50.34000015258789,52.18000030517578,49.65999984741211,51.79999923706055,23607500
2026-03-23,49.301326751708984,50.68000030517578,50.93000030517578,48.810001373291016,48.810001373291016,27956200
2026-03-24,50.536781311035156,51.95000076293945,52.650001525878906,50.599998474121094,50.68000030517578,14302700
2026-03-25,50.81888961791992,52.2400016784668,52.2400016784668,51.02000045776367,51.400001525878906,13755000
2026-03-26,51.918148040771484,53.369998931884766,53.959999084472656,52.2400016784668,52.5,12658200
2026-03-27,52.82284927368164,54.29999923706055,54.619998931884766,53.380001068115234,53.84000015258789,13989200
2026-03-30,53.163330078125,54.650001525878906,56.13999938964844,54.380001068115234,54.7599983215332,17779800
2026-03-31,52.443458557128906,53.90999984741211,55.779998779296875,52.63999938964844,55.150001525878906,20490900
2026-04-01,50.5173225402832,51.93000030517578,53.209999084472656,51.13999938964844,52.79999923706055,28287800
2026-04-02,51.655494689941406,53.099998474121094,54.40999984741211,52.7599983215332,53.95000076293945,14827700
2026-04-06,52.248897552490234,53.709999084472656,53.95000076293945,52.7400016784668,53.02000045776367,9873500
2026-04-07,52.10298156738281,53.560001373291016,54.5,53.20000076293945,53.7599983215332,11500200
2026-04-08,49.79745101928711,51.189998626708984,51.279998779296875,48.70000076293945,49.38999938964844,38584900
2026-04-09,51.25664520263672,52.689998626708984,53.45000076293945,51.70000076293945,52.2599983215332,18429600
2026-04-10,52.531009674072266,54.0,54.0,52.349998474121094,52.810001373291016,12758500
2026-04-13,53.46489334106445,54.959999084472656,55.31999969482422,54.61000061035156,55.08000183105469,17585600
2026-04-14,51.091270446777344,52.52000045776367,54.849998474121094,52.150001525878906,54.689998626708984,19903800
2026-04-15,50.09901809692383,51.5,52.59000015258789,51.15999984741211,52.380001068115234,15626300
2026-04-16,52.200260162353516,53.65999984741211,53.959999084472656,51.29999923706055,51.689998626708984,12770200
2026-04-17,49.427791595458984,50.810001373291016,51.439998626708984,49.27000045776367,51.279998779296875,20466700
2026-04-20,50.33249282836914,51.7400016784668,52.31999969482422,51.220001220703125,52.0,9311500
2026-04-22,51.26637268066406,52.70000076293945,52.900001525878906,52.029998779296875,52.66999816894531,14180100
2026-04-23,51.96891784667969,52.75,53.119998931884766,51.95000076293945,52.119998931884766,10415600
2026-04-24,51.46647262573242,52.2400016784668,52.5099983215332,51.369998931884766,52.33000183105469,8963300
2026-04-27,51.643802642822266,52.41999816894531,53.52000045776367,52.2400016784668,52.40999984741211,8445700
2026-04-28,52.0181770324707,52.79999923706055,53.380001068115234,52.5,52.77000045776367,8064700
2026-04-29,53.6634521484375,54.470001220703125,55.0099983215332,53.209999084472656,53.369998931884766,15662800
2026-04-30,53.91960144042969,54.72999954223633,54.72999954223633,53.599998474121094,54.119998931884766,21684800
2026-05-04,53.48611831665039,54.290000915527344,55.189998626708984,54.20000076293945,54.7400016784668,14382800
2026-05-05,52.747222900390625,53.540000915527344,54.20000076293945,53.31999969482422,53.81999969482422,8151400
2026-05-06,50.75713348388672,51.52000045776367,52.220001220703125,51.29999923706055,51.529998779296875,15684800
2026-05-07,49.80149459838867,50.54999923706055,50.86000061035156,49.08000183105469,50.459999084472656,15342700
2026-05-08,49.368011474609375,50.11000061035156,50.779998779296875,49.79999923706055,50.529998779296875,5742400
2026-05-11,50.057647705078125,50.810001373291016,51.09000015258789,49.7400016784668,50.560001373291016,9110500
2026-05-12,49.476383209228516,50.220001220703125,50.779998779296875,49.45000076293945,50.689998626708984,13872700
2026-05-13,48.25474166870117,48.97999954223633,50.400001525878906,48.790000915527344,50.20000076293945,11692100
2026-05-14,48.64881896972656,49.380001068115234,49.88999938964844,48.810001373291016,48.900001525878906,7969300
2026-05-15,49.70297622680664,50.45000076293945,50.5099983215332,49.45000076293945,49.93000030517578,9431900
2026-05-18,51.023136138916016,51.790000915527344,51.790000915527344,49.119998931884766,49.56999969482422,17232600
2026-05-19,50.9049072265625,51.66999816894531,51.7400016784668,50.79999923706055,51.22999954223633,17051600
2026-05-20,48.94437789916992,49.68000030517578,52.15999984741211,49.68000030517578,51.310001373291016,12384700
2026-05-21,49.55519485473633,50.29999923706055,51.2599983215332,49.81999969482422,50.29999923706055,12664900
2026-05-22,49.40742111206055,50.150001525878906,50.150001525878906,49.11000061035156,49.81999969482422,12674000
2026-05-25,47.96903610229492,48.689998626708984,49.25,48.38999938964844,49.040000915527344,5163100
2026-05-26,48.166072845458984,48.88999938964844,49.380001068115234,48.52000045776367,48.720001220703125,10356300
2026-05-27,47.38777160644531,48.099998474121094,48.540000915527344,47.54999923706055,47.630001068115234,10616700
2026-05-28,46.83606719970703,47.540000915527344,48.58000183105469,47.43000030517578,48.380001068115234,5799200
2026-05-29,46.03805923461914,46.72999954223633,47.59000015258789,46.72999954223633,47.15999984741211,23771100
2026-06-01,46.6390266418457,47.34000015258789,48.369998931884766,47.099998474121094,47.29999923706055,13682400
2026-06-02,46.470001220703125,46.470001220703125,46.959999084472656,46.279998779296875,46.849998474121094,7742600
2026-06-03,45.95000076293945,45.95000076293945,46.849998474121094,45.95000076293945,46.5,10466400
2026-06-05,45.709999084472656,45.709999084472656,46.220001220703125,45.4900016784668,45.79999923706055,9357800
2026-06-08,46.040000915527344,46.040000915527344,46.290000915527344,45.720001220703125,46.0,7395000
2026-06-09,46.119998931884766,46.119998931884766,46.43000030517578,45.52000045776367,45.79999923706055,11099400
2026-06-10,46.810001373291016,46.810001373291016,47.4900016784668,45.97999954223633,45.97999954223633,13382400
2026-06-11,46.79999923706055,46.79999923706055,47.56999969482422,46.2400016784668,46.77000045776367,11252000
2026-06-12,46.189998626708984,46.189998626708984,46.720001220703125,45.56999969482422,46.099998474121094,7362100
2026-06-15,43.7400016784668,43.7400016784668,44.970001220703125,43.7400016784668,44.970001220703125,12926500
2026-06-16,43.31999969482422,43.31999969482422,43.650001525878906,42.86000061035156,42.88999938964844,11675000
2026-06-17,43.06999969482422,43.06999969482422,43.650001525878906,42.810001373291016,43.130001068115234,16057100
2026-06-18,43.130001068115234,43.130001068115234,43.34000015258789,41.810001373291016,42.880001068115234,14463100
2026-06-19,43.34000015258789,43.34000015258789,43.349998474121094,42.79999923706055,43.119998931884766,12450300
2026-06-22,43.63999938964844,43.63999938964844,43.720001220703125,42.77000045776367,43.34000015258789,5521900
2026-06-23,43.97999954223633,43.97999954223633,44.310001373291016,43.27000045776367,43.279998779296875,7480300
2026-06-24,42.79999923706055,42.79999923706055,43.40999984741211,42.369998931884766,43.29999923706055,11473400
2026-06-25,42.75,42.75,42.939998626708984,42.09000015258789,42.79999923706055,6704400
2026-06-26,42.25,42.25,42.619998931884766,42.029998779296875,42.369998931884766,8623700
