Price,Adj Close,Close,High,Low,Open,Volume
Ticker,ALOS3.SA,ALOS3.SA,ALOS3.SA,ALOS3.SA,ALOS3.SA,ALOS3.SA
Date,,,,,,
2021-06-28,22.43890953063965,29.170000076293945,30.020000457763672,28.81999969482422,29.459999084472656,2538100
2021-06-29,22.069671630859375,28.690000534057617,29.049999237060547,27.969999313354492,29.0,2195400
2021-06-30,22.33890724182129,29.040000915527344,29.040000915527344,28.0,28.31999969482422,2480600
2021-07-01,21.577354431152344,28.049999237060547,29.149999618530273,28.040000915527344,29.079999923706055,1200400
2021-07-02,21.900434494018555,28.469999313354492,28.719999313354492,28.149999618530273,28.209999084472656,882600
2021-07-05,21.846588134765625,28.399999618530273,28.93000030517578,28.280000686645508,28.84000015258789,922200
2021-07-06,21.300430297851562,27.690000534057617,28.350000381469727,27.690000534057617,28.299999237060547,1168800
2021-07-07,21.51581382751465,27.969999313354492,28.18000030517578,27.690000534057617,27.940000534057617,1117500
2021-07-08,21.385046005249023,27.799999237060547,27.940000534057617,27.280000686645508,27.520000457763672,1189200
2021-07-12,21.86966896057129,28.43000030517578,28.940000534057617,27.600000381469727,27.709999084472656,1762400
2021-07-13,22.308134078979492,29.0,29.18000030517578,28.110000610351562,28.31999969482422,1619400
2021-07-14,22.692758560180664,29.5,29.719999313354492,28.959999084472656,29.040000915527344,2353700
2021-07-15,22.446598052978516,29.18000030517578,29.799999237060547,29.0,29.510000228881836,1326400
2021-07-16,22.138906478881836,28.780000686645508,29.59000015258789,28.770000457763672,29.239999771118164,825000
2021-07-19,21.931203842163086,28.510000228881836,28.84000015258789,27.979999542236328,28.3799991607666,1086600
2021-07-20,22.39275550842285,29.110000610351562,29.360000610351562,28.5,28.579999923706055,1348800
2021-07-21,22.238906860351562,28.90999984741211,29.329999923706055,28.68000030517578,29.100000381469727,697600
2021-07-22,22.354290008544922,29.059999465942383,29.25,28.809999465942383,29.079999923706055,1083900
2021-07-23,22.031208038330078,28.639999389648438,29.290000915527344,28.56999969482422,29.1299991607666,969200
2021-07-26,21.93889808654785,28.520000457763672,29.079999923706055,28.309999465942383,28.5,784400
2021-07-27,21.692737579345703,28.200000762939453,28.670000076293945,27.979999542236328,28.479999542236328,591100
2021-07-28,22.077363967895508,28.700000762939453,28.979999542236328,28.229999542236328,28.43000030517578,2057800
2021-07-29,22.6235294342041,29.40999984741211,29.549999237060547,28.639999389648438,28.690000534057617,1053800
2021-07-30,21.7388973236084,28.260000228881836,29.260000228881836,28.15999984741211,29.260000228881836,1209500
2021-08-02,21.908126831054688,28.479999542236328,29.229999542236328,28.450000762939453,28.700000762939453,1072600
2021-08-03,21.692737579345703,28.200000762939453,28.59000015258789,27.520000457763672,28.469999313354492,1430600
2021-08-04,21.46965980529785,27.90999984741211,28.530000686645508,27.700000762939453,28.06999969482422,671000
2021-08-05,21.092727661132812,27.420000076293945,28.440000534057617,27.209999084472656,28.18000030517578,1050100
2021-08-06,21.285037994384766,27.670000076293945,27.829999923706055,27.31999969482422,27.43000030517578,657600
2021-08-09,21.508121490478516,27.959999084472656,28.34000015258789,27.5,27.520000457763672,1163100
2021-08-10,21.031185150146484,27.34000015258789,28.18000030517578,27.34000015258789,28.09000015258789,818800
2021-08-11,21.031185150146484,27.34000015258789,27.59000015258789,26.540000915527344,27.420000076293945,921600
2021-08-12,20.431175231933594,26.559999465942383,27.329999923706055,26.469999313354492,27.239999771118164,869200
2021-08-13,20.477331161499023,26.6200008392334,26.799999237060547,26.079999923706055,26.5,1472600
2021-08-16,20.06962776184082,26.09000015258789,26.559999465942383,25.600000381469727,26.450000762939453,979100
2021-08-17,19.308076858520508,25.100000381469727,26.040000915527344,24.579999923706055,26.040000915527344,1642500
2021-08-18,19.146530151367188,24.889999389648438,25.309999465942383,24.68000030517578,25.200000762939453,1271800
2021-08-19,19.823471069335938,25.770000457763672,25.899999618530273,24.260000228881836,24.56999969482422,1928500
2021-08-20,19.84654998779297,25.799999237060547,25.93000030517578,25.309999465942383,25.479999542236328,1138200
2021-08-23,19.392698287963867,25.209999084472656,26.0,25.110000610351562,25.940000534057617,956000
2021-08-24,19.94655418395996,25.93000030517578,26.010000228881836,25.270000457763672,25.31999969482422,857200
2021-08-25,19.8619384765625,25.81999969482422,26.270000457763672,25.469999313354492,26.010000228881836,767200
2021-08-26,19.238845825195312,25.010000228881836,25.799999237060547,25.010000228881836,25.700000762939453,822000
2021-08-27,19.654237747192383,25.549999237060547,25.549999237060547,24.860000610351562,25.25,809100
2021-08-30,19.269611358642578,25.049999237060547,25.559999465942383,24.969999313354492,25.450000762939453,700300
2021-08-31,19.308076858520508,25.100000381469727,25.780000686645508,24.969999313354492,25.049999237060547,2117100
2021-09-01,19.146530151367188,24.889999389648438,25.56999969482422,24.889999389648438,25.15999984741211,931600
2021-09-02,18.40036392211914,23.920000076293945,24.850000381469727,23.920000076293945,24.850000381469727,1192300
2021-09-03,18.469600677490234,24.010000228881836,24.280000686645508,23.559999465942383,24.079999923706055,2081000
2021-09-06,18.777297973632812,24.40999984741211,24.40999984741211,23.8700008392334,23.979999542236328,938600
2021-09-08,17.97728157043457,23.3700008392334,24.350000381469727,23.290000915527344,24.350000381469727,1099400
2021-09-09,18.21574592590332,23.68000030517578,23.799999237060547,22.6200008392334,23.3799991607666,2533400
2021-09-10,18.20805549621582,23.670000076293945,24.6299991607666,23.469999313354492,24.020000457763672,1373000
2021-09-13,18.731143951416016,24.350000381469727,24.440000534057617,23.65999984741211,24.09000015258789,2095500
2021-09-14,18.461904525756836,24.0,24.719999313354492,23.860000610351562,24.399999618530273,1046900
2021-09-15,18.161901473999023,23.610000610351562,24.040000915527344,23.43000030517578,24.0,704600
2021-09-16,18.038820266723633,23.450000762939453,23.889999389648438,23.360000610351562,23.399999618530273,729100
2021-09-17,17.77727508544922,23.110000610351562,23.43000030517578,23.079999923706055,23.190000534057617,1299000
2021-09-20,17.98497772216797,23.3799991607666,23.3799991607666,22.5,22.799999237060547,1087000
2021-09-21,18.36959457397461,23.8799991607666,24.020000457763672,23.229999542236328,23.440000534057617,862000
2021-09-22,18.315750122070312,23.809999465942383,24.18000030517578,23.559999465942383,24.079999923706055,1264600
2021-09-23,18.131128311157227,23.56999969482422,24.1299991607666,23.549999237060547,23.920000076293945,805900
2021-09-24,17.877275466918945,23.239999771118164,23.520000457763672,22.8700008392334,23.520000457763672,873700
2021-09-27,17.84651756286621,23.200000762939453,23.440000534057617,22.90999984741211,23.280000686645508,637900
2021-09-28,17.484962463378906,22.729999542236328,23.059999465942383,22.56999969482422,23.059999465942383,1305500
2021-09-29,17.577274322509766,22.850000381469727,23.25,22.639999389648438,22.8700008392334,1259900
2021-09-30,17.477275848388672,22.719999313354492,23.040000915527344,22.479999542236328,22.940000534057617,1177000
2021-10-01,17.69266128540039,23.0,23.15999984741211,22.43000030517578,22.790000915527344,1073800
2021-10-04,17.169572830200195,22.31999969482422,23.049999237060547,22.0,23.049999237060547,1285800
2021-10-05,16.723407745361328,21.739999771118164,22.469999313354492,21.739999771118164,22.3700008392334,1326400
2021-10-06,16.692644119262695,21.700000762939453,21.799999237060547,21.020000457763672,21.489999771118164,2419700
2021-10-07,16.66956329345703,21.670000076293945,22.200000762939453,21.56999969482422,21.940000534057617,1709300
2021-10-08,17.62342643737793,22.90999984741211,23.06999969482422,21.739999771118164,21.809999465942383,2217000
2021-10-11,17.261886596679688,22.440000534057617,22.979999542236328,22.40999984741211,22.90999984741211,777600
2021-10-13,17.915740966796875,23.290000915527344,23.329999923706055,22.360000610351562,22.520000457763672,996500
2021-10-14,17.561891555786133,22.829999923706055,23.440000534057617,22.65999984741211,23.3799991607666,762000
2021-10-15,17.646503448486328,22.940000534057617,23.15999984741211,22.6299991607666,22.899999618530273,891200
2021-10-18,17.877275466918945,23.239999771118164,23.440000534057617,22.5,22.700000762939453,873400
2021-10-19,16.908029556274414,21.979999542236328,23.09000015258789,21.8700008392334,23.0,1288300
2021-10-20,16.80034065246582,21.84000015258789,22.420000076293945,21.799999237060547,22.25,1301500
2021-10-21,15.80801010131836,20.549999237060547,21.549999237060547,20.25,21.489999771118164,2728500
2021-10-22,15.292614936828613,19.8799991607666,20.350000381469727,18.84000015258789,20.31999969482422,3232900
2021-10-25,15.377229690551758,19.989999771118164,20.31999969482422,19.6299991607666,20.100000381469727,2306500
2021-10-26,14.831068992614746,19.280000686645508,19.959999084472656,19.18000030517578,19.889999389648438,1592300
2021-10-27,15.192610740661621,19.75,20.049999237060547,19.350000381469727,19.389999389648438,1595000
2021-10-28,14.877220153808594,19.34000015258789,20.059999465942383,19.260000228881836,19.549999237060547,1525800
2021-10-29,14.754138946533203,19.18000030517578,19.860000610351562,19.1200008392334,19.43000030517578,1790200
2021-11-01,15.26953411102295,19.850000381469727,20.190000534057617,19.329999923706055,19.389999389648438,873600
2021-11-03,15.877240180969238,20.639999389648438,20.850000381469727,19.6200008392334,19.68000030517578,1488600
2021-11-04,15.592617988586426,20.270000457763672,20.889999389648438,20.0,20.610000610351562,1154900
2021-11-05,16.02340316772461,20.829999923706055,20.940000534057617,20.420000076293945,20.420000076293945,1101200
2021-11-08,15.60030746459961,20.280000686645508,20.700000762939453,20.15999984741211,20.520000457763672,937800
2021-11-09,16.115705490112305,20.950000762939453,21.020000457763672,20.360000610351562,20.360000610351562,1233300
2021-11-10,16.400327682495117,21.31999969482422,21.719999313354492,20.700000762939453,20.850000381469727,2952800
2021-11-11,17.231115341186523,22.399999618530273,22.780000686645508,21.5,21.540000915527344,2678100
2021-11-12,17.18496322631836,22.34000015258789,22.540000915527344,21.809999465942383,22.280000686645508,2058900
2021-11-16,16.992643356323242,22.09000015258789,22.649999618530273,21.700000762939453,22.549999237060547,2321200
2021-11-17,16.73110580444336,21.75,22.5,21.290000915527344,22.239999771118164,2009800
2021-11-18,16.908029556274414,21.979999542236328,22.389999389648438,21.719999313354492,21.81999969482422,1120600
2021-11-19,17.192651748657227,22.350000381469727,22.579999923706055,21.889999389648438,22.0,920100
2021-11-22,16.792640686035156,21.829999923706055,22.65999984741211,21.639999389648438,22.469999313354492,1130600
2021-11-23,16.692644119262695,21.700000762939453,21.979999542236328,21.200000762939453,21.950000762939453,836700
2021-11-24,16.71571922302246,21.729999542236328,22.1299991607666,21.450000762939453,21.559999465942383,980400
2021-11-25,17.138805389404297,22.280000686645508,22.469999313354492,21.950000762939453,22.09000015258789,820800
2021-11-26,16.077245712280273,20.899999618530273,21.5,20.6299991607666,21.5,1530800
2021-11-29,16.02340316772461,20.829999923706055,21.5,20.65999984741211,21.5,1072700
2021-11-30,15.81569766998291,20.559999465942383,20.829999923706055,19.860000610351562,20.520000457763672,1447900
2021-12-01,15.092606544494629,19.6200008392334,21.110000610351562,19.510000228881836,20.75,2757900
2021-12-02,15.731083869934082,20.450000762939453,20.459999084472656,19.3700008392334,19.899999618530273,2079600
2021-12-03,16.077245712280273,20.899999618530273,21.559999465942383,20.489999771118164,20.489999771118164,2097100
2021-12-06,16.42340087890625,21.350000381469727,21.600000381469727,20.34000015258789,20.90999984741211,1143700
2021-12-07,15.846468925476074,20.600000381469727,21.68000030517578,20.530000686645508,21.5,1076400
2021-12-08,16.631103515625,21.6200008392334,21.729999542236328,20.360000610351562,20.549999237060547,3980600
2021-12-09,16.25417137145996,21.1299991607666,21.719999313354492,20.8700008392334,21.459999084472656,970900
2021-12-10,17.084957122802734,22.209999084472656,22.25,21.3700008392334,21.399999618530273,1346900
2021-12-13,17.000337600708008,22.100000381469727,22.479999542236328,21.739999771118164,22.290000915527344,2537300
2021-12-14,16.361862182617188,21.270000457763672,22.350000381469727,21.139999389648438,22.110000610351562,814400
2021-12-15,16.538789749145508,21.5,21.639999389648438,20.850000381469727,21.209999084472656,1126400
2021-12-16,16.41571044921875,21.34000015258789,21.739999771118164,21.100000381469727,21.719999313354492,1057000
2021-12-17,16.815715789794922,21.860000610351562,22.110000610351562,20.780000686645508,21.139999389648438,1593700
2021-12-20,16.077245712280273,20.899999618530273,21.68000030517578,20.899999618530273,21.530000686645508,1161400
2021-12-21,16.02340316772461,20.829999923706055,21.149999618530273,20.5,21.010000228881836,1337100
2021-12-22,15.992624282836914,20.790000915527344,21.1299991607666,20.510000228881836,20.600000381469727,893300
2021-12-23,15.731083869934082,20.450000762939453,20.950000762939453,20.43000030517578,20.760000228881836,694500
2021-12-27,15.854164123535156,20.610000610351562,21.31999969482422,20.3700008392334,20.459999084472656,871100
2021-12-28,16.308019638061523,21.200000762939453,21.270000457763672,20.549999237060547,20.81999969482422,1061900
2021-12-29,16.67725372314453,21.68000030517578,22.40999984741211,21.3700008392334,22.260000228881836,3020800
2021-12-30,16.6618709564209,21.65999984741211,21.850000381469727,21.190000534057617,21.850000381469727,1149200
2022-01-03,15.861855506896973,20.6200008392334,21.979999542236328,20.479999542236328,21.8799991607666,1241800
2022-01-04,15.60030746459961,20.280000686645508,20.889999389648438,20.030000686645508,20.889999389648438,867500
2022-01-05,14.738752365112305,19.15999984741211,20.200000762939453,19.100000381469727,20.139999389648438,1310600
2022-01-06,14.515671730041504,18.8700008392334,19.270000457763672,18.559999465942383,19.270000457763672,1455500
2022-01-07,14.33874797821045,18.639999389648438,18.959999084472656,18.329999923706055,18.770000457763672,718600
2022-01-10,13.907968521118164,18.079999923706055,18.5,17.760000228881836,18.5,1501700
2022-01-11,14.138744354248047,18.3799991607666,18.59000015258789,17.719999313354492,17.979999542236328,1274900
2022-01-12,14.892605781555176,19.360000610351562,19.559999465942383,18.350000381469727,18.479999542236328,1050100
2022-01-13,15.084918022155762,19.610000610351562,19.760000228881836,19.18000030517578,19.3700008392334,1082100
2022-01-14,15.431075096130371,20.059999465942383,20.229999542236328,19.31999969482422,20.079999923706055,3891200
2022-01-17,14.961835861206055,19.450000762939453,20.229999542236328,19.360000610351562,20.030000686645508,3008700
2022-01-18,14.88491439819336,19.350000381469727,19.709999084472656,19.219999313354492,19.360000610351562,1086300
2022-01-19,15.346458435058594,19.950000762939453,20.260000228881836,19.520000457763672,19.520000457763672,2013500
2022-01-20,16.13109016418457,20.969999313354492,21.239999771118164,20.020000457763672,20.020000457763672,2411600
2022-01-21,16.300331115722656,21.190000534057617,21.65999984741211,20.809999465942383,20.84000015258789,1840600
2022-01-24,16.223400115966797,21.09000015258789,21.34000015258789,20.81999969482422,21.139999389648438,1307200
2022-01-25,17.015724182128906,22.1200008392334,22.260000228881836,20.81999969482422,20.84000015258789,1387700
2022-01-26,16.838794708251953,21.889999389648438,22.809999465942383,21.770000457763672,22.31999969482422,5032200
2022-01-27,17.07726287841797,22.200000762939453,22.579999923706055,21.780000686645508,22.290000915527344,1927600
2022-01-28,17.031110763549805,22.139999389648438,22.329999923706055,21.770000457763672,22.059999465942383,1150500
2022-01-31,17.438810348510742,22.670000076293945,22.670000076293945,22.010000228881836,22.290000915527344,1189400
2022-02-01,17.246496200561523,22.420000076293945,22.790000915527344,22.209999084472656,22.670000076293945,1229400
2022-02-02,17.008033752441406,22.110000610351562,22.920000076293945,21.90999984741211,22.420000076293945,1133800
2022-02-03,17.11573028564453,22.25,22.790000915527344,21.770000457763672,21.969999313354492,1087000
2022-02-04,16.769563674926758,21.799999237060547,22.350000381469727,21.399999618530273,22.350000381469727,1314200
2022-02-07,16.80802345275879,21.850000381469727,22.079999923706055,21.559999465942383,21.6299991607666,1711800
2022-02-08,16.6387939453125,21.6299991607666,22.1200008392334,21.59000015258789,21.81999969482422,1335100
2022-02-09,17.038799285888672,22.149999618530273,22.350000381469727,21.579999923706055,21.739999771118164,1193100
2022-02-10,16.992643356323242,22.09000015258789,22.579999923706055,21.979999542236328,22.219999313354492,951800
2022-02-11,16.80802345275879,21.850000381469727,22.84000015258789,21.799999237060547,22.209999084472656,1478100
2022-02-14,17.17726707458496,22.329999923706055,22.469999313354492,21.889999389648438,22.1299991607666,1189800
2022-02-15,17.492658615112305,22.739999771118164,23.040000915527344,22.329999923706055,22.43000030517578,862100
2022-02-16,17.577274322509766,22.850000381469727,23.110000610351562,22.670000076293945,22.8700008392334,699500
2022-02-17,17.5234317779541,22.780000686645508,22.979999542236328,22.59000015258789,22.850000381469727,901000
2022-02-18,17.577274322509766,22.850000381469727,23.1200008392334,22.75,22.75,1393100
2022-02-21,16.769563674926758,21.799999237060547,23.09000015258789,21.799999237060547,23.09000015258789,1222900
2022-02-22,17.015724182128906,22.1200008392334,22.559999465942383,22.0,22.0,1268200
2022-02-23,16.96187400817871,22.049999237060547,22.6200008392334,22.049999237060547,22.219999313354492,732800
2022-02-24,17.269573211669922,22.450000762939453,22.729999542236328,20.950000762939453,21.059999465942383,1553700
2022-02-25,17.100343704223633,22.229999542236328,22.719999313354492,21.799999237060547,22.540000915527344,1094900
2022-03-02,16.738792419433594,21.760000228881836,22.229999542236328,21.670000076293945,22.229999542236328,619800
2022-03-03,16.91572380065918,21.989999771118164,22.219999313354492,21.709999084472656,21.709999084472656,772000
2022-03-04,16.51571273803711,21.469999313354492,21.969999313354492,21.25,21.950000762939453,661300
2022-03-07,15.569543838500977,20.239999771118164,21.559999465942383,20.239999771118164,21.200000762939453,1271100
2022-03-08,16.008012771606445,20.809999465942383,21.079999923706055,19.889999389648438,20.450000762939453,1342400
2022-03-09,16.454172134399414,21.389999389648438,21.760000228881836,20.90999984741211,20.90999984741211,979600
2022-03-10,16.246479034423828,21.1200008392334,21.450000762939453,20.649999618530273,21.450000762939453,1001900
2022-03-11,15.838773727416992,20.59000015258789,21.479999542236328,20.350000381469727,21.200000762939453,704200
2022-03-14,15.577237129211426,20.25,20.950000762939453,20.190000534057617,20.729999542236328,1193800
2022-03-15,15.331075668334961,19.93000030517578,20.290000915527344,19.670000076293945,20.059999465942383,919200
2022-03-16,15.300307273864746,19.889999389648438,20.31999969482422,19.540000915527344,20.079999923706055,1221300
2022-03-17,15.277229309082031,19.860000610351562,19.8799991607666,19.190000534057617,19.799999237060547,1817600
2022-03-18,16.015701293945312,20.81999969482422,20.81999969482422,19.489999771118164,19.850000381469727,2937100
2022-03-21,15.884929656982422,20.649999618530273,21.1200008392334,20.389999389648438,20.81999969482422,881300
2022-03-22,16.48494529724121,21.43000030517578,21.450000762939453,20.690000534057617,20.690000534057617,853900
2022-03-23,16.615718841552734,21.600000381469727,21.770000457763672,21.100000381469727,21.459999084472656,613800
2022-03-24,17.35419273376465,22.559999465942383,22.559999465942383,21.40999984741211,21.610000610351562,928400
2022-03-25,17.71573829650879,23.030000686645508,23.219999313354492,22.360000610351562,22.549999237060547,1518700
2022-03-28,17.59265899658203,22.8700008392334,23.15999984741211,22.6299991607666,23.0,907100
2022-03-29,18.23113250732422,23.700000762939453,23.75,22.979999542236328,23.149999618530273,1530200
2022-03-30,17.923433303833008,23.299999237060547,24.309999465942383,23.239999771118164,24.09000015258789,1536900
2022-03-31,17.800352096557617,23.139999389648438,23.700000762939453,23.1299991607666,23.1299991607666,1508300
2022-04-01,18.392677307128906,23.90999984741211,23.93000030517578,23.25,23.280000686645508,1305100
2022-04-04,18.308055877685547,23.799999237060547,23.899999618530273,23.540000915527344,23.899999618530273,799000
2022-04-05,17.861894607543945,23.219999313354492,24.079999923706055,23.200000762939453,23.809999465942383,971900
2022-04-06,17.423425674438477,22.649999618530273,23.059999465942383,22.40999984741211,22.979999542236328,878200
2022-04-07,17.338809967041016,22.540000915527344,22.989999771118164,22.469999313354492,22.469999313354492,1063100
2022-04-08,16.823413848876953,21.8700008392334,22.309999465942383,21.309999465942383,22.309999465942383,1871400
2022-04-11,16.477249145507812,21.420000076293945,21.709999084472656,21.239999771118164,21.700000762939453,848300
2022-04-12,16.34647560119629,21.25,22.020000457763672,21.15999984741211,21.719999313354492,425100
2022-04-13,16.469560623168945,21.40999984741211,21.649999618530273,21.020000457763672,21.5,746800
2022-04-14,16.269556045532227,21.149999618530273,21.440000534057617,21.040000915527344,21.34000015258789,699100
2022-04-18,16.308019638061523,21.200000762939453,21.469999313354492,21.030000686645508,21.15999984741211,980300
2022-04-19,16.44647979736328,21.3799991607666,21.600000381469727,20.760000228881836,21.15999984741211,1648500
2022-04-20,16.89264678955078,21.959999084472656,22.200000762939453,21.600000381469727,21.65999984741211,1866600
2022-04-22,16.400327682495117,21.31999969482422,21.899999618530273,21.31999969482422,21.670000076293945,1091700
2022-04-25,16.292633056640625,21.18000030517578,21.299999237060547,20.520000457763672,21.149999618530273,1226000
2022-04-26,16.161863327026367,21.010000228881836,21.350000381469727,20.84000015258789,21.049999237060547,1217200
2022-04-27,16.115705490112305,20.950000762939453,21.56999969482422,20.8700008392334,21.079999923706055,635600
2022-04-28,16.25417137145996,21.1299991607666,21.309999465942383,20.860000610351562,21.059999465942383,2124900
2022-04-29,16.231094360351562,21.100000381469727,22.3700008392334,20.969999313354492,21.969999313354492,3246900
2022-05-02,15.723390579223633,20.440000534057617,21.350000381469727,20.190000534057617,21.1200008392334,1407500
2022-05-03,15.718631744384766,20.049999237060547,20.6299991607666,19.90999984741211,20.059999465942383,1831100
2022-05-04,15.765670776367188,20.110000610351562,20.139999389648438,19.170000076293945,20.030000686645508,2438800
2022-05-05,15.028738021850586,19.170000076293945,20.139999389648438,18.780000686645508,19.950000762939453,2340900
2022-05-06,14.605395317077637,18.6299991607666,19.190000534057617,18.34000015258789,19.100000381469727,3074500
2022-05-09,14.77786922454834,18.850000381469727,18.850000381469727,18.15999984741211,18.31999969482422,4208600
2022-05-10,14.793546676635742,18.8700008392334,19.190000534057617,18.549999237060547,18.959999084472656,1471000
2022-05-11,14.926825523376465,19.040000915527344,19.270000457763672,18.809999465942383,18.950000762939453,1147300
2022-05-12,15.342326164245605,19.56999969482422,19.56999969482422,18.670000076293945,18.739999771118164,1002800
2022-05-13,15.436403274536133,19.690000534057617,19.899999618530273,19.479999542236328,19.649999618530273,978000
2022-05-16,15.577519416809082,19.8700008392334,19.93000030517578,19.40999984741211,19.670000076293945,939600
2022-05-17,15.773513793945312,20.1200008392334,20.450000762939453,19.969999313354492,20.15999984741211,1194600
2022-05-18,15.16985034942627,19.350000381469727,20.209999084472656,19.15999984741211,20.110000610351562,2286000
2022-05-19,14.973859786987305,19.100000381469727,19.790000915527344,19.100000381469727,19.360000610351562,1316800
2022-05-20,14.903304100036621,19.010000228881836,19.469999313354492,18.90999984741211,19.329999923706055,2023800
2022-05-23,15.263930320739746,19.469999313354492,19.479999542236328,19.020000457763672,19.09000015258789,1959600
2022-05-24,14.903304100036621,19.010000228881836,19.420000076293945,18.68000030517578,19.25,2083300
2022-05-25,14.895464897155762,19.0,19.329999923706055,18.68000030517578,19.010000228881836,1360100
2022-05-26,14.77786922454834,18.850000381469727,19.190000534057617,18.760000228881836,19.030000686645508,1977100
2022-05-27,15.06009578704834,19.209999084472656,19.739999771118164,18.850000381469727,18.860000610351562,2862000
2022-05-30,15.0679349899292,19.219999313354492,19.709999084472656,18.950000762939453,19.290000915527344,1755800
2022-05-31,15.138497352600098,19.309999465942383,19.450000762939453,18.93000030517578,19.3799991607666,2098600
2022-06-01,14.628911018371582,18.65999984741211,19.299999237060547,18.600000381469727,19.299999237060547,1826100
2022-06-02,14.981701850891113,19.110000610351562,19.200000762939453,18.34000015258789,18.719999313354492,1667500
2022-06-03,14.832748413085938,18.920000076293945,19.059999465942383,18.6200008392334,19.0,884700
2022-06-06,14.581876754760742,18.600000381469727,19.25,18.450000762939453,19.25,2662100
2022-06-07,14.472119331359863,18.459999084472656,18.6200008392334,18.0,18.530000686645508,3835800
2022-06-08,14.63675308227539,18.670000076293945,18.760000228881836,18.100000381469727,18.25,2729000
2022-06-09,14.338844299316406,18.290000915527344,18.760000228881836,18.149999618530273,18.670000076293945,1570500
2022-06-10,14.040934562683105,17.90999984741211,18.190000534057617,17.610000610351562,18.190000534057617,5126400
2022-06-13,13.539193153381348,17.270000457763672,17.739999771118164,16.850000381469727,17.6299991607666,5890200
2022-06-14,13.37455940246582,17.059999465942383,17.270000457763672,16.68000030517578,17.270000457763672,3638700
2022-06-15,13.750865936279297,17.540000915527344,17.579999923706055,17.09000015258789,17.270000457763672,3071500
2022-06-17,13.452953338623047,17.15999984741211,17.3700008392334,17.030000686645508,17.15999984741211,3667800
2022-06-20,13.280482292175293,16.940000534057617,17.3799991607666,16.770000457763672,17.06999969482422,1339300
2022-06-21,13.155048370361328,16.780000686645508,17.190000534057617,16.709999084472656,16.940000534057617,1311500
2022-06-22,13.256961822509766,16.90999984741211,17.1299991607666,16.459999084472656,16.59000015258789,749400
2022-06-23,13.170724868774414,16.799999237060547,17.1299991607666,16.799999237060547,17.030000686645508,1166700
2022-06-24,13.108006477355957,16.719999313354492,17.0,16.56999969482422,17.0,1080500
2022-06-27,13.13936710357666,16.760000228881836,16.979999542236328,16.649999618530273,16.799999237060547,1724000
2022-06-28,12.880656242370605,16.43000030517578,17.100000381469727,16.360000610351562,16.8799991607666,1219800
2022-06-29,12.653306007385254,16.139999389648438,16.520000457763672,16.040000915527344,16.520000457763672,981800
2022-06-30,12.551387786865234,16.010000228881836,16.299999237060547,15.800000190734863,16.079999923706055,1175100
2022-07-01,12.84145736694336,16.3799991607666,16.440000534057617,15.859999656677246,16.010000228881836,1169600
2022-07-04,12.896334648132324,16.450000762939453,16.670000076293945,16.260000228881836,16.280000686645508,1192200
2022-07-05,12.927696228027344,16.489999771118164,16.489999771118164,16.06999969482422,16.34000015258789,2028900
2022-07-06,12.87281608581543,16.420000076293945,17.0,16.18000030517578,16.520000457763672,2469000
2022-07-07,13.037450790405273,16.6299991607666,16.969999313354492,16.56999969482422,16.56999969482422,2114800
2022-07-08,13.178564071655273,16.809999465942383,17.030000686645508,16.530000686645508,16.649999618530273,1686100
2022-07-11,12.708182334899902,16.209999084472656,16.65999984741211,16.200000762939453,16.6200008392334,1256000
2022-07-12,12.896334648132324,16.450000762939453,16.600000381469727,16.040000915527344,16.219999313354492,1881200
2022-07-13,12.87281608581543,16.420000076293945,16.700000762939453,16.239999771118164,16.290000915527344,1076800
2022-07-14,12.574908256530762,16.040000915527344,16.309999465942383,15.949999809265137,16.219999313354492,1898500
2022-07-15,12.582746505737305,16.049999237060547,16.209999084472656,15.859999656677246,16.110000610351562,729300
2022-07-18,12.59842300415039,16.06999969482422,16.510000228881836,15.989999771118164,16.149999618530273,1132800
2022-07-19,12.653306007385254,16.139999389648438,16.3799991607666,15.920000076293945,16.110000610351562,1197700
2022-07-20,12.84145736694336,16.3799991607666,16.479999542236328,16.0,16.110000610351562,1454600
2022-07-21,12.998252868652344,16.579999923706055,16.68000030517578,16.229999542236328,16.299999237060547,883200
2022-07-22,13.076648712158203,16.68000030517578,16.940000534057617,16.440000534057617,16.729999542236328,1712600
2022-07-25,13.04529094696045,16.639999389648438,16.90999984741211,16.6299991607666,16.75,582700
2022-07-26,12.8336181640625,16.3700008392334,16.709999084472656,16.209999084472656,16.709999084472656,1287000
2022-07-27,13.225603103637695,16.8700008392334,16.979999542236328,16.399999618530273,16.479999542236328,1130600
2022-07-28,13.382401466369629,17.06999969482422,17.229999542236328,16.8700008392334,16.8700008392334,1400600
2022-07-29,13.225603103637695,16.8700008392334,17.209999084472656,16.690000534057617,17.15999984741211,1391900
2022-08-01,13.437276840209961,17.139999389648438,17.139999389648438,16.610000610351562,16.829999923706055,1604100
2022-08-02,13.288323402404785,16.950000762939453,17.270000457763672,16.860000610351562,17.100000381469727,956800
2022-08-03,13.594069480895996,17.34000015258789,17.450000762939453,16.860000610351562,16.860000610351562,1557900
2022-08-04,14.487798690795898,18.479999542236328,18.6200008392334,17.43000030517578,17.43000030517578,2023500
2022-08-05,14.722987174987793,18.780000686645508,19.030000686645508,18.139999389648438,18.489999771118164,3651000
2022-08-08,14.722987174987793,18.780000686645508,19.06999969482422,18.700000762939453,19.049999237060547,2908500
2022-08-09,14.252604484558105,18.18000030517578,18.920000076293945,17.989999771118164,18.899999618530273,2372400
2022-08-10,14.801384925842285,18.8799991607666,19.06999969482422,18.420000076293945,18.459999084472656,869100
2022-08-11,14.479954719543457,18.469999313354492,19.149999618530273,18.34000015258789,18.649999618530273,2671300
2022-08-12,14.91898250579834,19.030000686645508,19.190000534057617,18.479999542236328,18.479999542236328,1511300
2022-08-15,14.895464897155762,19.0,19.190000534057617,18.75,18.93000030517578,1103700
2022-08-16,14.848426818847656,18.940000534057617,19.389999389648438,18.549999237060547,19.0,2016100
2022-08-17,14.801384925842285,18.8799991607666,18.989999771118164,18.610000610351562,18.790000915527344,1046400
2022-08-18,14.675951957702637,18.719999313354492,19.010000228881836,18.59000015258789,18.84000015258789,1162300
2022-08-19,14.51131534576416,18.510000228881836,18.649999618530273,18.239999771118164,18.649999618530273,1440900
2022-08-22,14.30748462677002,18.25,18.59000015258789,18.079999923706055,18.440000534057617,1553800
2022-08-23,14.409402847290039,18.3799991607666,18.510000228881836,18.100000381469727,18.25,1820000
2022-08-24,14.550515174865723,18.559999465942383,18.799999237060547,18.309999465942383,18.309999465942383,2237200
2022-08-25,14.51131534576416,18.510000228881836,18.75,18.399999618530273,18.729999542236328,1123300
2022-08-26,14.111492156982422,18.0,18.65999984741211,17.940000534057617,18.520000457763672,1692400
2022-08-29,14.05661392211914,17.93000030517578,18.139999389648438,17.670000076293945,17.93000030517578,1311800
2022-08-30,13.774384498596191,17.56999969482422,18.100000381469727,17.549999237060547,17.920000076293945,994200
2022-08-31,13.782222747802734,17.579999923706055,17.700000762939453,17.3700008392334,17.59000015258789,2759300
2022-09-01,13.813583374023438,17.6200008392334,17.709999084472656,17.229999542236328,17.540000915527344,1974400
2022-09-02,14.111492156982422,18.0,18.299999237060547,17.639999389648438,17.709999084472656,2545500
2022-09-05,14.385883331298828,18.350000381469727,18.420000076293945,18.040000915527344,18.040000915527344,2020900
2022-09-06,13.993895530700684,17.850000381469727,18.290000915527344,17.68000030517578,18.260000228881836,1878000
2022-09-08,14.229086875915527,18.149999618530273,18.239999771118164,17.790000915527344,17.90999984741211,2562900
2022-09-09,14.770027160644531,18.84000015258789,18.940000534057617,18.239999771118164,18.270000457763672,3665800
2022-09-12,14.77786922454834,18.850000381469727,19.09000015258789,18.760000228881836,18.969999313354492,1352200
2022-09-13,14.425080299377441,18.399999618530273,18.6299991607666,18.309999465942383,18.510000228881836,7224800
2022-09-14,14.542675971984863,18.549999237060547,18.610000610351562,18.190000534057617,18.43000030517578,1093100
2022-09-15,14.425080299377441,18.399999618530273,18.809999465942383,18.399999618530273,18.549999237060547,1505500
2022-09-16,14.409402847290039,18.3799991607666,18.56999969482422,18.200000762939453,18.280000686645508,2172300
2022-09-19,14.628911018371582,18.65999984741211,18.81999969482422,18.1299991607666,18.270000457763672,1084100
2022-09-20,14.495635032653809,18.489999771118164,18.770000457763672,18.489999771118164,18.65999984741211,1115000
2022-09-21,14.793546676635742,18.8700008392334,19.06999969482422,18.420000076293945,18.5,1133900
2022-09-22,15.24040699005127,19.440000534057617,19.520000457763672,18.790000915527344,19.049999237060547,2629600
2022-09-23,15.506961822509766,19.780000686645508,19.8799991607666,19.170000076293945,19.200000762939453,3491500
2022-09-26,15.209053039550781,19.399999618530273,19.700000762939453,19.3799991607666,19.639999389648438,2084200
2022-09-27,15.326650619506836,19.549999237060547,19.790000915527344,19.420000076293945,19.59000015258789,1746700
2022-09-28,15.593196868896484,19.889999389648438,20.059999465942383,19.479999542236328,19.559999465942383,1443400
2022-09-29,15.232573509216309,19.43000030517578,19.790000915527344,19.229999542236328,19.790000915527344,2062500
2022-09-30,15.60103988647461,19.899999618530273,20.15999984741211,19.25,19.420000076293945,2274500
2022-10-03,16.479084014892578,21.020000457763672,21.229999542236328,20.239999771118164,20.260000228881836,2964000
2022-10-04,16.447725296020508,20.979999542236328,21.3700008392334,20.920000076293945,21.18000030517578,1712900
2022-10-05,16.573162078857422,21.139999389648438,21.440000534057617,20.780000686645508,20.989999771118164,1892900
2022-10-06,16.54180335998535,21.100000381469727,21.440000534057617,21.010000228881836,21.280000686645508,1752200
2022-10-07,16.463411331176758,21.0,21.229999542236328,20.940000534057617,20.959999084472656,2838300
2022-10-10,16.463411331176758,21.0,21.170000076293945,20.84000015258789,21.040000915527344,1470600
2022-10-11,16.48692512512207,21.030000686645508,21.219999313354492,20.860000610351562,20.860000610351562,1109600
2022-10-13,16.353652954101562,20.860000610351562,21.010000228881836,20.459999084472656,20.700000762939453,1321800
2022-10-14,16.102779388427734,20.540000915527344,21.0,20.530000686645508,20.950000762939453,880400
2022-10-17,16.251731872558594,20.729999542236328,21.139999389648438,20.530000686645508,20.709999084472656,912000
2022-10-18,16.314456939697266,20.809999465942383,21.020000457763672,20.6200008392334,20.899999618530273,1422700
2022-10-19,16.345809936523438,20.850000381469727,20.90999984741211,20.360000610351562,20.75,1193800
2022-10-20,16.275253295898438,20.760000228881836,21.06999969482422,20.610000610351562,20.969999313354492,1917400
2022-10-21,16.651559829711914,21.239999771118164,21.540000915527344,20.65999984741211,20.690000534057617,1767200
2022-10-24,16.361495971679688,20.8700008392334,21.219999313354492,20.799999237060547,21.079999923706055,1228400
2022-10-25,16.29877471923828,20.790000915527344,20.979999542236328,20.489999771118164,20.75,1914300
2022-10-26,15.844067573547363,20.209999084472656,20.670000076293945,19.989999771118164,20.559999465942383,2710100
2022-10-27,16.36932945251465,20.8799991607666,21.559999465942383,20.149999618530273,20.149999618530273,1483500
2022-10-28,16.29877471923828,20.790000915527344,21.030000686645508,20.65999984741211,20.719999313354492,805900
2022-10-31,17.035703659057617,21.729999542236328,21.829999923706055,20.200000762939453,20.309999465942383,1537400
2022-11-01,17.114099502563477,21.829999923706055,22.110000610351562,21.5,21.93000030517578,1072900
2022-11-03,17.443374633789062,22.25,22.299999237060547,21.40999984741211,21.549999237060547,2682800
2022-11-04,17.553131103515625,22.389999389648438,22.760000228881836,22.309999465942383,22.559999465942383,1361400
2022-11-07,16.69859504699707,21.299999237060547,22.350000381469727,21.299999237060547,22.280000686645508,1115100
2022-11-08,16.74563980102539,21.360000610351562,21.649999618530273,20.899999618530273,21.139999389648438,726800
2022-11-09,16.533966064453125,21.09000015258789,21.56999969482422,21.059999465942383,21.219999313354492,842700
2022-11-10,15.005218505859375,19.139999389648438,20.81999969482422,19.059999465942383,20.81999969482422,3300900
2022-11-11,14.26044750213623,18.190000534057617,19.68000030517578,17.969999313354492,19.020000457763672,4507700
2022-11-14,14.354523658752441,18.309999465942383,18.760000228881836,18.09000015258789,18.6299991607666,1951800
2022-11-16,13.523515701293945,17.25,18.440000534057617,16.969999313354492,18.309999465942383,3757800
2022-11-17,13.34320068359375,17.020000457763672,17.1200008392334,15.960000038146973,17.06999969482422,6685700
2022-11-18,13.641106605529785,17.399999618530273,18.100000381469727,17.06999969482422,17.65999984741211,3128400
2022-11-21,14.370203971862793,18.329999923706055,18.489999771118164,17.420000076293945,17.5,3554700
2022-11-22,14.150688171386719,18.049999237060547,18.43000030517578,17.8799991607666,18.43000030517578,2834600
2022-11-23,14.001736640930176,17.860000610351562,18.059999465942383,17.59000015258789,18.0,1356700
2022-11-24,14.566192626953125,18.579999923706055,18.719999313354492,17.8799991607666,18.020000457763672,1102800
2022-11-25,13.970376014709473,17.81999969482422,18.56999969482422,17.639999389648438,18.56999969482422,1137000
2022-11-28,13.84494400024414,17.65999984741211,18.010000228881836,17.540000915527344,17.780000686645508,765900
2022-11-29,14.276128768920898,18.209999084472656,18.290000915527344,17.65999984741211,17.719999313354492,671300
2022-11-30,14.040934562683105,17.90999984741211,18.309999465942383,17.399999618530273,18.25,3437800
2022-12-01,13.64894962310791,17.40999984741211,17.920000076293945,17.229999542236328,17.829999923706055,1373900
2022-12-02,13.939017295837402,17.780000686645508,17.899999618530273,17.3700008392334,17.420000076293945,1059500
2022-12-05,13.437276840209961,17.139999389648438,17.690000534057617,17.100000381469727,17.690000534057617,895100
2022-12-06,13.64894962310791,17.40999984741211,17.40999984741211,17.040000915527344,17.219999313354492,993100
2022-12-07,13.633265495300293,17.389999389648438,17.639999389648438,17.260000228881836,17.299999237060547,643800
2022-12-08,13.131525039672852,16.75,17.329999923706055,16.6200008392334,17.329999923706055,2176700
2022-12-09,13.04529094696045,16.639999389648438,17.0,16.5,16.920000076293945,2025100
2022-12-12,12.723860740661621,16.229999542236328,16.729999542236328,15.949999809265137,16.600000381469727,3832400
2022-12-13,12.371072769165039,15.779999732971191,16.520000457763672,15.720000267028809,16.3700008392334,2413800
2022-12-14,12.551387786865234,16.010000228881836,16.219999313354492,15.510000228881836,15.680000305175781,3549200
2022-12-15,12.574908256530762,16.040000915527344,16.399999618530273,15.800000190734863,15.90999984741211,1912500
2022-12-16,12.472989082336426,15.90999984741211,16.079999923706055,15.569999694824219,15.989999771118164,2118900
2022-12-19,12.582746505737305,16.049999237060547,16.25,15.829999923706055,15.970000267028809,2573400
2022-12-20,13.068808555603027,16.670000076293945,16.850000381469727,15.850000381469727,16.030000686645508,2069200
2022-12-21,13.037450790405273,16.6299991607666,16.8700008392334,16.420000076293945,16.719999313354492,1104600
2022-12-22,13.013932228088379,16.600000381469727,16.90999984741211,16.479999542236328,16.68000030517578,1131000
2022-12-23,13.703827857971191,17.479999542236328,17.549999237060547,16.670000076293945,16.700000762939453,4018600
2022-12-26,13.405916213989258,17.100000381469727,17.469999313354492,16.940000534057617,17.469999313354492,1904000
2022-12-27,12.935535430908203,16.5,17.149999618530273,16.3700008392334,17.149999618530273,2055000
2022-12-28,13.4843168258667,17.200000762939453,17.260000228881836,16.290000915527344,16.56999969482422,2988500
2022-12-29,13.335359573364258,17.010000228881836,17.530000686645508,16.719999313354492,17.290000915527344,3732100
2023-01-02,12.7630615234375,16.280000686645508,16.81999969482422,16.100000381469727,16.790000915527344,1984100
2023-01-03,12.214279174804688,15.579999923706055,16.299999237060547,15.529999732971191,16.219999313354492,2013200
2023-01-04,12.33187484741211,15.729999542236328,15.75,15.359999656677246,15.619999885559082,1832100
2023-01-05,12.731701850891113,16.239999771118164,16.299999237060547,15.65999984741211,15.850000381469727,2947300
2023-01-06,13.100166320800781,16.709999084472656,17.0,16.25,16.260000228881836,5178000
2023-01-09,13.421597480773926,17.1200008392334,17.190000534057617,16.450000762939453,16.6299991607666,5586000
2023-01-10,13.84494400024414,17.65999984741211,17.850000381469727,16.690000534057617,17.030000686645508,6114700
2023-01-11,14.338844299316406,18.290000915527344,18.290000915527344,17.649999618530273,18.139999389648438,10414600
2023-01-12,14.111492156982422,18.0,18.3799991607666,17.770000457763672,18.190000534057617,3968000
2023-01-13,13.84494400024414,17.65999984741211,18.059999465942383,17.530000686645508,17.799999237060547,2306500
2023-01-16,13.69598388671875,17.469999313354492,17.719999313354492,17.309999465942383,17.520000457763672,6087200
2023-01-17,13.868459701538086,17.690000534057617,18.0,17.420000076293945,17.540000915527344,2359700
2023-01-18,13.915496826171875,17.75,18.260000228881836,17.600000381469727,17.8799991607666,3904700
2023-01-19,13.89198112487793,17.719999313354492,17.790000915527344,17.290000915527344,17.549999237060547,2531500
2023-01-20,13.641106605529785,17.399999618530273,17.739999771118164,17.219999313354492,17.65999984741211,3030100
2023-01-23,13.641106605529785,17.399999618530273,17.649999618530273,17.229999542236328,17.399999618530273,4695500
2023-01-24,13.876298904418945,17.700000762939453,17.799999237060547,17.260000228881836,17.420000076293945,2260200
2023-01-25,14.103655815124512,17.989999771118164,18.170000076293945,17.420000076293945,17.670000076293945,2582800
2023-01-26,14.197731018066406,18.110000610351562,18.219999313354492,17.8799991607666,18.049999237060547,1733200
2023-01-27,13.931180000305176,17.770000457763672,18.100000381469727,17.600000381469727,18.100000381469727,2538000
2023-01-30,13.978218078613281,17.829999923706055,18.15999984741211,17.65999984741211,17.93000030517578,2805200
2023-01-31,14.119331359863281,18.010000228881836,18.1200008392334,17.829999923706055,17.829999923706055,2347500
2023-02-01,14.03309440612793,17.899999618530273,18.100000381469727,17.739999771118164,17.959999084472656,2664100
2023-02-02,14.252604484558105,18.18000030517578,18.579999923706055,17.729999542236328,17.75,3301600
2023-02-03,13.664629936218262,17.43000030517578,18.040000915527344,17.290000915527344,18.040000915527344,3234800
2023-02-06,14.009577751159668,17.8700008392334,17.979999542236328,17.40999984741211,17.40999984741211,2676600
2023-02-07,13.813583374023438,17.6200008392334,18.049999237060547,17.479999542236328,17.979999542236328,2906500
2023-02-08,14.06445598602295,17.940000534057617,18.010000228881836,17.530000686645508,17.780000686645508,3121600
2023-02-09,13.656789779663086,17.420000076293945,18.020000457763672,17.3700008392334,17.920000076293945,4063500
2023-02-10,13.69598388671875,17.469999313354492,17.610000610351562,17.190000534057617,17.3700008392334,3278800
2023-02-13,13.758706092834473,17.549999237060547,17.920000076293945,17.360000610351562,17.360000610351562,2371100
2023-02-14,13.562710762023926,17.299999237060547,17.84000015258789,17.110000610351562,17.65999984741211,3317200
2023-02-15,13.735186576843262,17.520000457763672,17.93000030517578,17.040000915527344,17.15999984741211,3387700
2023-02-16,13.939017295837402,17.780000686645508,17.950000762939453,17.350000381469727,17.479999542236328,4233200
2023-02-17,14.09581470489502,17.979999542236328,18.1200008392334,17.600000381469727,17.600000381469727,3325800
2023-02-22,13.899819374084473,17.729999542236328,18.09000015258789,17.459999084472656,17.979999542236328,2072500
2023-02-23,13.899819374084473,17.729999542236328,17.829999923706055,17.559999465942383,17.729999542236328,1807900
2023-02-24,13.727347373962402,17.510000228881836,17.850000381469727,17.260000228881836,17.719999313354492,3470800
2023-02-27,13.766544342041016,17.559999465942383,17.719999313354492,17.299999237060547,17.510000228881836,2820200
2023-02-28,13.390237808227539,17.079999923706055,17.549999237060547,16.969999313354492,17.350000381469727,8135200
2023-03-01,12.817937850952148,16.350000381469727,17.1299991607666,16.020000457763672,17.049999237060547,7755600
2023-03-02,12.864977836608887,16.40999984741211,16.8700008392334,16.34000015258789,16.600000381469727,3084400
2023-03-03,12.935535430908203,16.5,16.760000228881836,16.31999969482422,16.75,2740700
2023-03-06,13.233440399169922,16.8799991607666,16.989999771118164,16.420000076293945,16.440000534057617,2784600
2023-03-07,13.233440399169922,16.8799991607666,16.950000762939453,16.59000015258789,16.770000457763672,2736200
2023-03-08,13.750865936279297,17.540000915527344,17.6299991607666,16.780000686645508,16.829999923706055,5143800
2023-03-09,13.750865936279297,17.540000915527344,17.829999923706055,17.350000381469727,17.5,2521900
2023-03-10,13.601911544799805,17.350000381469727,17.579999923706055,17.09000015258789,17.520000457763672,2972600
2023-03-13,13.601911544799805,17.350000381469727,17.610000610351562,17.170000076293945,17.229999542236328,3183000
2023-03-14,13.64894962310791,17.40999984741211,17.670000076293945,17.18000030517578,17.299999237060547,5620700
2023-03-15,13.876298904418945,17.700000762939453,17.8799991607666,17.110000610351562,17.219999313354492,4123900
2023-03-16,13.805742263793945,17.610000610351562,17.799999237060547,17.43000030517578,17.6299991607666,2654700
2023-03-17,13.805742263793945,17.610000610351562,17.719999313354492,17.270000457763672,17.479999542236328,4331200
2023-03-20,13.327518463134766,17.0,17.780000686645508,16.850000381469727,17.639999389648438,4271900
2023-03-21,13.280482292175293,16.940000534057617,17.06999969482422,16.84000015258789,16.93000030517578,2820000
2023-03-22,13.233440399169922,16.8799991607666,17.270000457763672,16.690000534057617,16.93000030517578,2958400
2023-03-23,12.465149879455566,15.899999618530273,16.889999389648438,15.670000076293945,16.790000915527344,6518900
2023-03-24,13.429435729980469,17.1299991607666,17.170000076293945,16.0,16.0,5733200
2023-03-27,13.703827857971191,17.479999542236328,17.549999237060547,17.020000457763672,17.299999237060547,5075000
2023-03-28,13.774384498596191,17.56999969482422,17.65999984741211,17.3700008392334,17.43000030517578,3876700
2023-03-29,13.805742263793945,17.610000610351562,17.719999313354492,17.3700008392334,17.559999465942383,5066700
2023-03-30,14.150688171386719,18.049999237060547,18.549999237060547,17.829999923706055,18.020000457763672,6450100
2023-03-31,13.79790210723877,17.600000381469727,18.139999389648438,17.549999237060547,18.139999389648438,8248500
2023-04-03,13.507832527160645,17.229999542236328,17.68000030517578,17.020000457763672,17.68000030517578,4500300
2023-04-04,13.766544342041016,17.559999465942383,17.940000534057617,17.299999237060547,17.3799991607666,4099000
2023-04-05,13.92333984375,17.760000228881836,17.93000030517578,17.31999969482422,17.700000762939453,4626500
2023-04-06,13.98605728149414,17.84000015258789,18.010000228881836,17.530000686645508,17.670000076293945,2635000
2023-04-10,13.98605728149414,17.84000015258789,18.200000762939453,17.670000076293945,18.0,2770400
2023-04-11,14.338844299316406,18.290000915527344,18.600000381469727,17.989999771118164,17.989999771118164,5346200
2023-04-12,14.385883331298828,18.350000381469727,18.989999771118164,18.329999923706055,18.360000610351562,5027100
2023-04-13,14.605395317077637,18.6299991607666,18.899999618530273,18.260000228881836,18.360000610351562,5791200
2023-04-14,14.597554206848145,18.6200008392334,18.709999084472656,18.170000076293945,18.59000015258789,2592700
2023-04-17,14.487798690795898,18.479999542236328,18.809999465942383,18.299999237060547,18.729999542236328,3242700
2023-04-18,14.37803840637207,18.34000015258789,18.59000015258789,18.18000030517578,18.579999923706055,2858200
2023-04-19,14.189888000488281,18.100000381469727,18.40999984741211,17.90999984741211,18.40999984741211,5889100
2023-04-20,14.425080299377441,18.399999618530273,18.559999465942383,17.8799991607666,18.100000381469727,6713000
2023-04-24,14.276128768920898,18.209999084472656,18.75,18.149999618530273,18.360000610351562,8521200
2023-04-25,14.103655815124512,17.989999771118164,18.239999771118164,17.729999542236328,18.15999984741211,3949400
2023-04-26,13.868459701538086,17.690000534057617,18.040000915527344,17.549999237060547,17.959999084472656,2619500
2023-04-27,14.23692798614502,18.15999984741211,18.329999923706055,17.6200008392334,17.639999389648438,3610600
2023-04-28,14.613231658935547,18.639999389648438,18.690000534057617,18.15999984741211,18.15999984741211,10056200
2023-05-02,14.596308708190918,18.100000381469727,18.299999237060547,17.84000015258789,18.030000686645508,6045000
2023-05-03,14.854366302490234,18.420000076293945,18.6299991607666,18.0,18.239999771118164,5107300
2023-05-04,15.249510765075684,18.90999984741211,19.149999618530273,18.450000762939453,18.549999237060547,8136800
2023-05-05,15.523699760437012,19.25,19.360000610351562,18.799999237060547,19.18000030517578,4968000
2023-05-08,15.217257499694824,18.8700008392334,19.219999313354492,18.770000457763672,19.1299991607666,4185000
2023-05-09,15.314031600952148,18.989999771118164,19.229999542236328,18.780000686645508,18.940000534057617,2825600
2023-05-10,15.636598587036133,19.389999389648438,19.450000762939453,18.889999389648438,19.0,3200000
2023-05-11,15.64466381072998,19.399999618530273,19.489999771118164,19.06999969482422,19.40999984741211,6095200
2023-05-12,15.64466381072998,19.399999618530273,19.489999771118164,18.989999771118164,19.290000915527344,3529500
2023-05-15,15.830141067504883,19.6299991607666,19.739999771118164,19.18000030517578,19.459999084472656,3531100
2023-05-16,15.854329109191895,19.65999984741211,20.31999969482422,19.43000030517578,19.719999313354492,7734100
2023-05-17,16.24141502380371,20.139999389648438,20.280000686645508,19.670000076293945,19.75,6448200
2023-05-18,16.48334312438965,20.440000534057617,20.780000686645508,20.100000381469727,20.309999465942383,7026400
2023-05-19,16.709142684936523,20.719999313354492,21.049999237060547,20.350000381469727,20.59000015258789,11512800
2023-05-22,16.87042999267578,20.920000076293945,21.149999618530273,20.59000015258789,20.790000915527344,3474800
2023-05-23,16.846242904663086,20.889999389648438,21.270000457763672,20.709999084472656,20.709999084472656,4454300
2023-05-24,16.789791107177734,20.81999969482422,21.030000686645508,20.68000030517578,20.729999542236328,2854600
2023-05-25,17.04784393310547,21.139999389648438,21.709999084472656,20.989999771118164,21.09000015258789,4355200
2023-05-26,17.1929988861084,21.31999969482422,21.690000534057617,20.979999542236328,21.31999969482422,3072200
2023-05-29,17.378480911254883,21.549999237060547,21.670000076293945,21.149999618530273,21.329999923706055,2217200
2023-05-30,17.467185974121094,21.65999984741211,21.850000381469727,21.420000076293945,21.700000762939453,4482400
2023-05-31,17.475252151489258,21.670000076293945,22.149999618530273,21.489999771118164,21.709999084472656,6136000
2023-06-01,18.12845230102539,22.479999542236328,22.549999237060547,21.81999969482422,22.030000686645508,12516300
2023-06-02,17.983301162719727,22.299999237060547,23.34000015258789,22.09000015258789,22.700000762939453,7230200
2023-06-05,17.90265464782715,22.200000762939453,22.40999984741211,22.020000457763672,22.329999923706055,2811000
2023-06-06,18.555864334106445,23.010000228881836,23.469999313354492,21.920000076293945,22.0,7888200
2023-06-07,18.386510848999023,22.799999237060547,23.6200008392334,22.799999237060547,23.200000762939453,7015900
2023-06-09,18.321998596191406,22.719999313354492,23.280000686645508,22.389999389648438,22.969999313354492,6627700
2023-06-12,18.620376586914062,23.09000015258789,23.15999984741211,22.700000762939453,22.860000610351562,9133200
2023-06-13,18.321998596191406,22.719999313354492,23.190000534057617,22.549999237060547,23.190000534057617,3641500
2023-06-14,18.692955017089844,23.18000030517578,23.3700008392334,22.530000686645508,22.739999771118164,6981900
2023-06-15,18.749406814575195,23.25,23.420000076293945,22.90999984741211,23.299999237060547,3030000
2023-06-16,18.87036895751953,23.399999618530273,23.899999618530273,23.0,23.18000030517578,9337900
2023-06-19,18.96713638305664,23.520000457763672,23.700000762939453,23.3799991607666,23.40999984741211,2835600
2023-06-20,19.313901901245117,23.950000762939453,24.079999923706055,23.31999969482422,23.399999618530273,4639900
2023-06-21,19.918720245361328,24.700000762939453,24.829999923706055,23.8799991607666,23.940000534057617,6012700
2023-06-22,19.676790237426758,24.399999618530273,24.610000610351562,23.969999313354492,24.479999542236328,3659600
2023-06-23,20.354190826416016,25.239999771118164,25.3799991607666,24.399999618530273,24.440000534057617,5533400
2023-06-26,20.096134185791016,24.920000076293945,25.3700008392334,24.610000610351562,25.360000610351562,3169400
2023-06-27,19.741304397583008,24.479999542236328,25.190000534057617,24.059999465942383,25.06999969482422,4240400
2023-06-28,19.515506744384766,24.200000762939453,24.600000381469727,24.049999237060547,24.309999465942383,3129900
2023-06-29,19.61227798461914,24.31999969482422,24.5,23.8799991607666,24.190000534057617,4549900
2023-06-30,19.878398895263672,24.649999618530273,25.229999542236328,24.610000610351562,24.770000457763672,5791800
2023-07-03,20.24935531616211,25.110000610351562,25.18000030517578,24.559999465942383,24.899999618530273,5485300
2023-07-04,20.12839126586914,24.959999084472656,25.100000381469727,24.719999313354492,25.100000381469727,3049700
2023-07-05,20.459026336669922,25.3700008392334,25.81999969482422,24.690000534057617,24.959999084472656,5127600
2023-07-06,20.19290542602539,25.040000915527344,25.350000381469727,25.0,25.1299991607666,2933700
2023-07-07,20.5396671295166,25.469999313354492,25.770000457763672,25.020000457763672,25.09000015258789,3299400
2023-07-10,20.370319366455078,25.260000228881836,25.549999237060547,25.059999465942383,25.469999313354492,2297500
2023-07-11,20.152585983276367,24.989999771118164,25.229999542236328,24.299999237060547,24.81999969482422,8626600
2023-07-12,20.055810928344727,24.8700008392334,25.31999969482422,24.790000915527344,25.100000381469727,3238200
2023-07-13,20.17677879333496,25.020000457763672,25.299999237060547,24.690000534057617,24.799999237060547,2807300
2023-07-14,19.733240127563477,24.469999313354492,24.940000534057617,24.170000076293945,24.84000015258789,3164400
2023-07-17,19.830015182495117,24.59000015258789,24.68000030517578,24.15999984741211,24.18000030517578,9228800
2023-07-18,19.830015182495117,24.59000015258789,24.84000015258789,24.329999923706055,24.43000030517578,3126000
2023-07-19,19.636474609375,24.350000381469727,24.649999618530273,24.229999542236328,24.5,3351500
2023-07-20,19.442928314208984,24.110000610351562,24.479999542236328,23.56999969482422,24.309999465942383,8541600
2023-07-21,19.813884735107422,24.56999969482422,24.719999313354492,24.190000534057617,24.200000762939453,7743700
2023-07-24,19.959047317504883,24.75,24.969999313354492,24.3799991607666,24.520000457763672,2910800
2023-07-25,20.047746658325195,24.860000610351562,25.540000915527344,24.760000228881836,24.950000762939453,3541600
2023-07-26,20.120328903198242,24.950000762939453,25.030000686645508,24.700000762939453,24.760000228881836,3110200
2023-07-27,19.636474609375,24.350000381469727,24.989999771118164,24.100000381469727,24.950000762939453,5678000
2023-07-28,19.733240127563477,24.469999313354492,24.780000686645508,24.170000076293945,24.739999771118164,3376600
2023-07-31,19.60421371459961,24.309999465942383,24.90999984741211,24.1299991607666,24.5,6334500
2023-08-01,20.01548957824707,24.81999969482422,24.889999389648438,24.0,24.219999313354492,10771600
2023-08-02,19.942914962768555,24.729999542236328,24.950000762939453,24.450000762939453,24.739999771118164,3411700
2023-08-03,19.82195472717285,24.579999923706055,25.700000762939453,24.3799991607666,25.049999237060547,4010700
2023-08-04,19.499378204345703,24.18000030517578,24.6299991607666,24.040000915527344,24.459999084472656,4545700
2023-08-07,19.378416061401367,24.030000686645508,24.299999237060547,23.75,24.260000228881836,1829400
2023-08-08,19.555830001831055,24.25,24.299999237060547,23.270000457763672,23.690000534057617,3404600
2023-08-09,19.620344161987305,24.329999923706055,24.549999237060547,23.81999969482422,24.010000228881836,2833600
2023-08-10,19.507442474365234,24.190000534057617,24.799999237060547,24.190000534057617,24.479999542236328,2893600
2023-08-11,19.846139907836914,24.610000610351562,24.68000030517578,24.059999465942383,24.059999465942383,2956700
2023-08-14,19.45099639892578,24.1200008392334,24.75,24.010000228881836,24.600000381469727,3620400
2023-08-15,19.499378204345703,24.18000030517578,24.610000610351562,24.18000030517578,24.3799991607666,8993800
2023-08-16,18.902626037597656,23.440000534057617,24.3700008392334,23.260000228881836,24.170000076293945,6516100
2023-08-17,18.54779815673828,23.0,23.6200008392334,22.700000762939453,23.479999542236328,6153300
2023-08-18,18.805856704711914,23.31999969482422,23.31999969482422,22.860000610351562,22.950000762939453,3469000
2023-08-21,18.467153549194336,22.899999618530273,23.389999389648438,22.81999969482422,23.260000228881836,5500300
2023-08-22,18.926816940307617,23.469999313354492,23.6200008392334,22.93000030517578,23.100000381469727,4313400
2023-08-23,19.442928314208984,24.110000610351562,24.280000686645508,23.270000457763672,23.469999313354492,8606200
2023-08-24,19.442928314208984,24.110000610351562,24.329999923706055,23.90999984741211,24.079999923706055,4671200
2023-08-25,19.16874122619629,23.770000457763672,24.219999313354492,23.690000534057617,24.100000381469727,2901900
2023-08-28,19.16874122619629,23.770000457763672,23.8799991607666,23.489999771118164,23.760000228881836,2559100
2023-08-29,19.313901901245117,23.950000762939453,24.010000228881836,23.469999313354492,23.81999969482422,2601800
2023-08-30,19.071971893310547,23.649999618530273,24.200000762939453,23.3799991607666,24.110000610351562,4000300
2023-08-31,18.36231803894043,22.770000457763672,23.639999389648438,22.670000076293945,23.579999923706055,6358900
2023-09-01,18.53973388671875,22.989999771118164,23.350000381469727,22.780000686645508,22.959999084472656,5714100
2023-09-04,18.51554298400879,22.959999084472656,23.25,22.81999969482422,22.989999771118164,3126100
2023-09-05,18.42683219909668,22.850000381469727,22.93000030517578,22.40999984741211,22.809999465942383,5794300
2023-09-06,18.176841735839844,22.540000915527344,23.079999923706055,22.43000030517578,22.850000381469727,3214100
2023-09-08,18.225223541259766,22.600000381469727,22.700000762939453,22.3700008392334,22.399999618530273,3051700
2023-09-11,18.636503219604492,23.110000610351562,23.219999313354492,22.600000381469727,22.600000381469727,3669600
2023-09-12,19.18487548828125,23.790000915527344,23.899999618530273,23.1299991607666,23.139999389648438,4077900
2023-09-13,19.313901901245117,23.950000762939453,24.3799991607666,23.75,23.920000076293945,3477800
2023-09-14,19.45099639892578,24.1200008392334,24.25,23.790000915527344,24.010000228881836,4665100
2023-09-15,18.9993953704834,23.559999465942383,24.110000610351562,23.43000030517578,24.110000610351562,8030800
2023-09-18,18.926816940307617,23.469999313354492,23.770000457763672,23.389999389648438,23.559999465942383,2380800
2023-09-19,18.72521209716797,23.219999313354492,23.59000015258789,23.219999313354492,23.469999313354492,4458400
2023-09-20,18.951007843017578,23.5,23.8700008392334,23.329999923706055,23.329999923706055,3013900
2023-09-21,18.467153549194336,22.899999618530273,23.5,22.649999618530273,23.200000762939453,6668100
2023-09-22,18.37844467163086,22.790000915527344,23.200000762939453,22.670000076293945,23.0,2608000
2023-09-25,18.51554298400879,22.959999084472656,22.959999084472656,22.579999923706055,22.690000534057617,3565500
2023-09-26,17.77362632751465,22.040000915527344,22.889999389648438,22.010000228881836,22.81999969482422,4997200
2023-09-27,17.692989349365234,21.940000534057617,22.43000030517578,21.649999618530273,22.309999465942383,6858700
2023-09-28,17.95104217529297,22.260000228881836,22.420000076293945,21.809999465942383,21.850000381469727,3607100
2023-09-29,18.217164993286133,22.59000015258789,22.700000762939453,22.239999771118164,22.559999465942383,4197900
2023-10-02,17.74943733215332,22.010000228881836,22.489999771118164,21.68000030517578,22.489999771118164,4462500
2023-10-03,17.346223831176758,21.510000228881836,22.1200008392334,21.3799991607666,21.799999237060547,4272800
2023-10-04,17.846206665039062,22.1299991607666,22.350000381469727,21.700000762939453,21.889999389648438,8200900
2023-10-05,17.789756774902344,22.059999465942383,22.25,21.709999084472656,22.049999237060547,2920900
2023-10-06,17.894594192504883,22.190000534057617,22.40999984741211,21.3700008392334,21.799999237060547,6624100
2023-10-09,18.354251861572266,22.760000228881836,22.809999465942383,21.739999771118164,22.1200008392334,5817500
2023-10-10,18.991331100463867,23.549999237060547,23.59000015258789,22.8700008392334,22.940000534057617,5928300
2023-10-11,19.297773361206055,23.93000030517578,24.1299991607666,23.719999313354492,23.8799991607666,6494100
2023-10-13,18.84617805480957,23.3700008392334,24.030000686645508,23.170000076293945,23.950000762939453,3437900
2023-10-16,18.975200653076172,23.530000686645508,23.790000915527344,23.219999313354492,23.479999542236328,3790800
2023-10-17,18.733274459838867,23.229999542236328,23.639999389648438,23.149999618530273,23.270000457763672,3988700
2023-10-18,17.73330307006836,21.989999771118164,23.219999313354492,21.899999618530273,23.059999465942383,11425100
2023-10-19,17.709115982055664,21.959999084472656,22.270000457763672,21.809999465942383,22.010000228881836,6984600
2023-10-20,17.75749969482422,22.020000457763672,22.049999237060547,21.360000610351562,21.81999969482422,4902700
2023-10-23,18.434894561767578,22.860000610351562,22.989999771118164,21.809999465942383,21.850000381469727,6903200
2023-10-24,18.813913345336914,23.329999923706055,23.6299991607666,22.959999084472656,23.200000762939453,5887800
2023-10-25,18.813913345336914,23.329999923706055,23.329999923706055,23.329999923706055,23.329999923706055,0
2023-10-26,18.813913345336914,23.329999923706055,23.329999923706055,23.329999923706055,23.329999923706055,0
2023-10-27,18.652629852294922,23.1299991607666,23.989999771118164,22.84000015258789,23.770000457763672,2631400
2023-10-30,18.394577026367188,22.809999465942383,23.200000762939453,22.389999389648438,23.18000030517578,3515900
2023-10-31,18.467153549194336,22.899999618530273,23.09000015258789,22.350000381469727,23.09000015258789,3038600
2023-11-01,18.42683219909668,22.850000381469727,23.290000915527344,22.709999084472656,22.809999465942383,5380300
2023-11-03,19.26551628112793,23.889999389648438,24.100000381469727,23.520000457763672,23.829999923706055,5726200
2023-11-06,19.023588180541992,23.59000015258789,24.149999618530273,23.450000762939453,23.93000030517578,2272300
2023-11-07,19.507442474365234,24.190000534057617,24.459999084472656,23.540000915527344,23.899999618530273,3980700
2023-11-08,19.596149444580078,24.299999237060547,24.6200008392334,24.0,24.0,2851800
2023-11-09,19.378416061401367,24.030000686645508,24.809999465942383,23.780000686645508,24.100000381469727,2389000
2023-11-10,19.918720245361328,24.700000762939453,25.15999984741211,24.209999084472656,24.450000762939453,7574300
2023-11-13,19.878398895263672,24.649999618530273,24.809999465942383,24.3700008392334,24.709999084472656,3828200
2023-11-14,20.394514083862305,25.290000915527344,25.790000915527344,24.5,24.600000381469727,10899900
2023-11-16,20.596118927001953,25.540000915527344,25.700000762939453,25.149999618530273,25.290000915527344,5842700
2023-11-17,20.418710708618164,25.31999969482422,25.709999084472656,25.110000610351562,25.649999618530273,4448300
2023-11-20,20.46709442138672,25.3799991607666,25.5,24.75,25.5,6493300
2023-11-21,20.329998016357422,25.209999084472656,25.3799991607666,24.709999084472656,24.90999984741211,5084700
2023-11-22,20.152585983276367,24.989999771118164,25.8700008392334,24.809999465942383,25.290000915527344,5624400
2023-11-23,20.297746658325195,25.170000076293945,25.670000076293945,24.850000381469727,25.25,3712300
2023-11-24,20.047746658325195,24.860000610351562,25.1200008392334,24.600000381469727,25.100000381469727,2007300
2023-11-27,20.2816162109375,25.149999618530273,25.149999618530273,24.469999313354492,24.920000076293945,3499500
2023-11-28,20.354190826416016,25.239999771118164,25.420000076293945,24.850000381469727,25.1200008392334,2762900
2023-11-29,20.120328903198242,24.950000762939453,25.43000030517578,24.75,25.200000762939453,3122700
2023-11-30,20.628376007080078,25.579999923706055,25.639999389648438,24.940000534057617,24.969999313354492,6751100
2023-12-01,20.531600952148438,25.459999084472656,25.649999618530273,24.889999389648438,25.649999618530273,8730900
2023-12-04,20.442893981933594,25.350000381469727,25.6299991607666,25.030000686645508,25.399999618530273,2945100
2023-12-05,20.523540496826172,25.450000762939453,25.729999542236328,25.239999771118164,25.350000381469727,3506600
2023-12-06,20.152585983276367,24.989999771118164,25.68000030517578,24.809999465942383,25.549999237060547,3838200
2023-12-07,20.33806037902832,25.219999313354492,25.3799991607666,24.959999084472656,24.989999771118164,1801300
2023-12-08,20.144519805908203,24.979999542236328,25.3799991607666,24.75,25.299999237060547,3420800
2023-12-11,20.22516632080078,25.079999923706055,25.360000610351562,24.829999923706055,24.829999923706055,2744800
2023-12-12,20.32193374633789,25.200000762939453,25.350000381469727,24.90999984741211,25.15999984741211,2211700
2023-12-13,21.10416603088379,26.170000076293945,26.350000381469727,24.959999084472656,25.200000762939453,8839100
2023-12-14,21.64447021484375,26.84000015258789,27.149999618530273,26.239999771118164,26.25,5433500
2023-12-15,21.636409759521484,26.829999923706055,26.979999542236328,26.420000076293945,26.81999969482422,3204400
2023-12-18,21.50737953186035,26.670000076293945,27.079999923706055,26.450000762939453,26.809999465942383,2991000
2023-12-19,21.321901321411133,26.440000534057617,26.950000762939453,26.110000610351562,26.709999084472656,3373100
2023-12-20,20.926753997802734,25.950000762939453,26.399999618530273,25.68000030517578,26.399999618530273,3617000
2023-12-21,21.450929641723633,26.600000381469727,26.719999313354492,26.049999237060547,26.149999618530273,4754700
2023-12-22,21.289640426635742,26.399999618530273,26.68000030517578,26.15999984741211,26.579999923706055,4210500
2023-12-26,21.475126266479492,26.6299991607666,26.799999237060547,26.34000015258789,26.40999984741211,3673700
2023-12-27,21.499313354492188,26.65999984741211,26.700000762939453,26.31999969482422,26.6299991607666,3034900
2023-12-28,21.410606384277344,26.549999237060547,26.90999984741211,26.399999618530273,26.65999984741211,4891800
2024-01-02,20.765466690063477,25.75,26.510000228881836,25.559999465942383,26.510000228881836,6747600
2024-01-03,20.765466690063477,25.75,25.829999923706055,25.43000030517578,25.610000610351562,5291200
2024-01-04,20.33806037902832,25.219999313354492,25.739999771118164,25.030000686645508,25.709999084472656,5359000
2024-01-05,20.346126556396484,25.229999542236328,25.6299991607666,25.059999465942383,25.219999313354492,4745600
2024-01-08,20.579986572265625,25.520000457763672,25.56999969482422,25.15999984741211,25.229999542236328,10160400
2024-01-09,20.72514533996582,25.700000762939453,26.049999237060547,25.350000381469727,25.440000534057617,3158300
2024-01-10,20.70095443725586,25.670000076293945,25.829999923706055,25.329999923706055,25.829999923706055,3796000
2024-01-11,20.459026336669922,25.3700008392334,25.600000381469727,25.1200008392334,25.520000457763672,4656900
2024-01-12,20.620311737060547,25.56999969482422,25.59000015258789,25.0,25.290000915527344,3662600
2024-01-15,20.61224365234375,25.559999465942383,25.81999969482422,25.399999618530273,25.579999923706055,1490000
2024-01-16,20.20903778076172,25.059999465942383,25.540000915527344,25.049999237060547,25.270000457763672,3104600
2024-01-17,20.08001136779785,24.899999618530273,25.15999984741211,24.59000015258789,25.010000228881836,3520600
2024-01-18,19.644535064697266,24.360000610351562,25.049999237060547,24.350000381469727,25.010000228881836,4100700
2024-01-19,19.74936866760254,24.489999771118164,24.59000015258789,23.920000076293945,24.559999465942383,4354000
2024-01-22,19.692922592163086,24.420000076293945,24.690000534057617,24.15999984741211,24.549999237060547,4175600
2024-01-23,20.16870880126953,25.010000228881836,25.010000228881836,24.459999084472656,24.459999084472656,3702300
2024-01-24,19.60421371459961,24.309999465942383,25.280000686645508,24.170000076293945,25.25,7274100
2024-01-25,19.910659790039062,24.690000534057617,24.899999618530273,24.290000915527344,24.360000610351562,3342400
2024-01-26,19.854209899902344,24.6200008392334,24.920000076293945,24.530000686645508,24.799999237060547,1390100
2024-01-29,19.60421371459961,24.309999465942383,24.770000457763672,24.309999465942383,24.540000915527344,2427100
2024-01-30,19.41067123413086,24.06999969482422,24.40999984741211,23.579999923706055,24.299999237060547,6547900
2024-01-31,19.79775619506836,24.549999237060547,25.030000686645508,24.15999984741211,24.209999084472656,5680100
2024-02-01,19.894533157348633,24.670000076293945,25.030000686645508,24.399999618530273,24.549999237060547,3301500
2024-02-02,19.741304397583008,24.479999542236328,24.790000915527344,24.06999969482422,24.670000076293945,2813600
2024-02-05,19.60421371459961,24.309999465942383,24.68000030517578,23.979999542236328,24.479999542236328,2884700
2024-02-06,19.813884735107422,24.56999969482422,24.860000610351562,24.270000457763672,24.309999465942383,3778000
2024-02-07,20.01548957824707,24.81999969482422,24.969999313354492,24.420000076293945,24.610000610351562,2513300
2024-02-08,19.523569107055664,24.209999084472656,24.780000686645508,24.079999923706055,24.739999771118164,4396100
2024-02-09,19.321962356567383,23.959999084472656,24.31999969482422,23.799999237060547,24.100000381469727,2916700
2024-02-14,19.03165054321289,23.600000381469727,23.959999084472656,23.450000762939453,23.959999084472656,5028000
2024-02-15,18.983264923095703,23.540000915527344,23.690000534057617,23.489999771118164,23.68000030517578,4689500
2024-02-16,18.926816940307617,23.469999313354492,23.739999771118164,23.100000381469727,23.610000610351562,5171600
2024-02-19,19.080039978027344,23.65999984741211,23.780000686645508,23.25,23.459999084472656,4760100
2024-02-20,19.338090896606445,23.979999542236328,24.149999618530273,23.459999084472656,23.579999923706055,3538300
2024-02-21,19.33003044128418,23.969999313354492,24.139999389648438,23.760000228881836,24.010000228881836,2701100
2024-02-22,19.507442474365234,24.190000534057617,24.25,23.8700008392334,24.1299991607666,3692400
2024-02-23,19.338090896606445,23.979999542236328,24.18000030517578,23.729999542236328,24.18000030517578,3088000
2024-02-26,19.39454460144043,24.049999237060547,24.280000686645508,23.84000015258789,23.850000381469727,2262400
2024-02-27,19.92678451538086,24.709999084472656,24.950000762939453,24.190000534057617,24.200000762939453,5816000
2024-02-28,19.92678451538086,24.709999084472656,24.709999084472656,24.229999542236328,24.670000076293945,4225800
2024-02-29,19.910659790039062,24.690000534057617,24.690000534057617,24.18000030517578,24.559999465942383,4656300
2024-03-01,19.813884735107422,24.56999969482422,24.690000534057617,24.190000534057617,24.690000534057617,2915800
2024-03-04,19.580018997192383,24.280000686645508,24.6299991607666,24.1200008392334,24.600000381469727,1442800
2024-03-05,19.48324966430664,24.15999984741211,24.6299991607666,23.969999313354492,24.420000076293945,3762900
2024-03-06,19.676790237426758,24.399999618530273,24.549999237060547,24.110000610351562,24.15999984741211,2048200
2024-03-07,19.555830001831055,24.25,24.5,24.049999237060547,24.450000762939453,2042000
2024-03-08,19.555830001831055,24.25,24.700000762939453,24.0,24.010000228881836,2647400
2024-03-11,19.45905303955078,24.1299991607666,24.299999237060547,23.920000076293945,24.15999984741211,3758900
2024-03-12,19.733240127563477,24.469999313354492,24.530000686645508,24.020000457763672,24.290000915527344,2641400
2024-03-13,19.80582046508789,24.559999465942383,24.75,24.299999237060547,24.299999237060547,2018000
2024-03-14,19.75743293762207,24.5,24.719999313354492,24.170000076293945,24.420000076293945,4965200
2024-03-15,19.886463165283203,24.65999984741211,24.68000030517578,24.389999389648438,24.6200008392334,3008200
2024-03-18,19.74936866760254,24.489999771118164,24.719999313354492,24.149999618530273,24.68000030517578,2157000
2024-03-19,19.644535064697266,24.360000610351562,24.649999618530273,24.059999465942383,24.579999923706055,2530400
2024-03-20,20.055810928344727,24.8700008392334,24.90999984741211,24.18000030517578,24.329999923706055,3250000
2024-03-21,19.86227035522461,24.6299991607666,24.989999771118164,24.030000686645508,24.979999542236328,4722300
2024-03-22,19.41873550415039,24.079999923706055,24.610000610351562,24.06999969482422,24.40999984741211,3386500
2024-03-25,19.370349884033203,24.020000457763672,24.100000381469727,23.81999969482422,24.100000381469727,2866300
2024-03-26,19.402610778808594,24.059999465942383,24.329999923706055,23.790000915527344,23.959999084472656,1481800
2024-03-27,19.46712303161621,24.139999389648438,24.260000228881836,23.81999969482422,24.0,2531500
2024-03-28,19.28970718383789,23.920000076293945,24.200000762939453,23.899999618530273,23.90999984741211,2894900
2024-04-01,19.09616470336914,23.68000030517578,24.040000915527344,23.59000015258789,23.920000076293945,2320600
2024-04-02,19.104228973388672,23.690000534057617,23.829999923706055,23.329999923706055,23.670000076293945,3750200
2024-04-03,19.21712875366211,23.829999923706055,24.049999237060547,23.280000686645508,23.6299991607666,3378400
2024-04-04,19.25745391845703,23.8799991607666,24.290000915527344,23.760000228881836,23.850000381469727,2867000
2024-04-05,19.209062576293945,23.81999969482422,24.030000686645508,23.549999237060547,23.75,2664200
2024-04-08,19.378416061401367,24.030000686645508,24.139999389648438,23.75,23.81999969482422,2838700
2024-04-09,19.46712303161621,24.139999389648438,24.540000915527344,23.959999084472656,24.09000015258789,2936500
2024-04-10,18.902626037597656,23.440000534057617,24.09000015258789,23.40999984741211,23.959999084472656,4212300
2024-04-11,18.805856704711914,23.31999969482422,23.489999771118164,23.110000610351562,23.350000381469727,7735700
2024-04-12,18.41876983642578,22.84000015258789,23.290000915527344,22.68000030517578,23.290000915527344,6336500
2024-04-15,18.015554428100586,22.34000015258789,22.799999237060547,22.110000610351562,22.799999237060547,7322800
2024-04-16,17.805883407592773,22.079999923706055,22.489999771118164,21.8799991607666,22.200000762939453,9157900
2024-04-17,17.60427474975586,21.829999923706055,22.3799991607666,21.709999084472656,22.219999313354492,6404500
2024-04-18,17.459117889404297,21.649999618530273,22.030000686645508,21.540000915527344,21.899999618530273,3285500
2024-04-19,17.50750732421875,21.709999084472656,21.979999542236328,21.510000228881836,21.600000381469727,5094800
2024-04-22,17.523632049560547,21.729999542236328,21.860000610351562,21.59000015258789,21.690000534057617,2519100
2024-04-23,17.60427474975586,21.829999923706055,21.90999984741211,21.290000915527344,21.56999969482422,3183500
2024-04-24,17.418800354003906,21.600000381469727,21.920000076293945,21.530000686645508,21.860000610351562,4624400
2024-04-25,16.563987731933594,20.540000915527344,21.68000030517578,20.420000076293945,21.65999984741211,15693600
2024-04-26,17.297836303710938,21.450000762939453,21.670000076293945,20.860000610351562,20.899999618530273,9625900
2024-04-29,17.33816146850586,21.5,21.610000610351562,21.350000381469727,21.450000762939453,2023400
2024-04-30,16.838172912597656,20.8799991607666,21.329999923706055,20.450000762939453,21.299999237060547,12147400
2024-05-02,17.272235870361328,20.270000457763672,20.459999084472656,19.899999618530273,20.06999969482422,5473400
2024-05-03,17.885751724243164,20.989999771118164,21.40999984741211,20.540000915527344,20.6299991607666,8253700
2024-05-06,17.83462905883789,20.93000030517578,21.229999542236328,20.799999237060547,21.18000030517578,4547800
2024-05-07,17.96244239807129,21.079999923706055,21.329999923706055,20.969999313354492,21.1299991607666,4227800
2024-05-08,17.99652862548828,21.1200008392334,21.15999984741211,20.760000228881836,20.8799991607666,2887100
2024-05-09,17.544906616210938,20.59000015258789,20.940000534057617,20.360000610351562,20.93000030517578,5228200
2024-05-10,18.064701080322266,21.200000762939453,21.760000228881836,20.920000076293945,21.280000686645508,9096200
2024-05-13,18.20955467224121,21.3700008392334,21.739999771118164,21.15999984741211,21.200000762939453,5743600
2024-05-14,18.20955467224121,21.3700008392334,21.799999237060547,21.280000686645508,21.280000686645508,3130100
2024-05-15,18.85715675354004,22.1299991607666,22.43000030517578,21.3700008392334,21.530000686645508,6588200
2024-05-16,18.78898811340332,22.049999237060547,22.420000076293945,21.889999389648438,22.260000228881836,3086600
2024-05-17,18.652647018432617,21.889999389648438,22.15999984741211,21.75,21.93000030517578,3562300
2024-05-20,18.414064407348633,21.610000610351562,21.889999389648438,21.489999771118164,21.59000015258789,3753800
2024-05-21,18.26068115234375,21.43000030517578,21.790000915527344,21.3799991607666,21.479999542236328,2943200
2024-05-22,18.01357078552246,21.139999389648438,21.329999923706055,20.950000762939453,21.299999237060547,5593100
2024-05-23,17.945398330688477,21.059999465942383,21.190000534057617,20.8799991607666,20.93000030517578,2405300
2024-05-24,18.14990234375,21.299999237060547,21.610000610351562,21.010000228881836,21.09000015258789,3615300
2024-05-27,18.20103645324707,21.360000610351562,21.459999084472656,21.18000030517578,21.200000762939453,1848600
2024-05-28,17.97948455810547,21.100000381469727,22.049999237060547,20.780000686645508,21.75,7027300
2024-05-29,18.064701080322266,21.200000762939453,21.5,20.84000015258789,20.860000610351562,3782000
2024-05-31,17.86871337890625,20.969999313354492,21.270000457763672,20.719999313354492,21.18000030517578,4456100
2024-06-03,18.030611038208008,21.15999984741211,21.5,20.969999313354492,21.389999389648438,3598700
2024-06-04,18.20955467224121,21.3700008392334,21.440000534057617,20.90999984741211,21.040000915527344,3278400
2024-06-05,18.26068115234375,21.43000030517578,21.860000610351562,21.329999923706055,21.709999084472656,5409800
2024-06-06,18.550395965576172,21.770000457763672,22.0,21.280000686645508,21.299999237060547,5768300
2024-06-07,18.192514419555664,21.350000381469727,21.739999771118164,21.1299991607666,21.489999771118164,4740200
2024-06-10,18.005050659179688,21.1299991607666,21.3799991607666,20.90999984741211,21.270000457763672,4727500
2024-06-11,18.098783493041992,21.239999771118164,21.43000030517578,21.1200008392334,21.1200008392334,2430500
2024-06-12,17.860191345214844,20.959999084472656,21.6299991607666,20.729999542236328,21.6299991607666,5382600
2024-06-13,17.655681610107422,20.719999313354492,21.06999969482422,20.5,20.90999984741211,4763300
2024-06-14,17.740896224975586,20.81999969482422,20.989999771118164,20.540000915527344,20.709999084472656,4462300
2024-06-17,17.596033096313477,20.649999618530273,20.8700008392334,20.459999084472656,20.700000762939453,4151400
2024-06-18,17.544906616210938,20.59000015258789,21.010000228881836,20.540000915527344,20.600000381469727,2575400
2024-06-19,17.56195068359375,20.610000610351562,20.670000076293945,20.25,20.530000686645508,2912700
2024-06-20,17.587512969970703,20.639999389648438,21.280000686645508,20.489999771118164,20.799999237060547,4611400
2024-06-21,17.749418258666992,20.829999923706055,21.06999969482422,20.549999237060547,20.59000015258789,6186500
2024-06-24,18.14990234375,21.299999237060547,21.34000015258789,20.799999237060547,20.799999237060547,3344100
2024-06-25,18.132862091064453,21.280000686645508,21.469999313354492,21.059999465942383,21.25,3382000
2024-06-26,17.894277572631836,21.0,21.1299991607666,20.729999542236328,21.049999237060547,3630800
2024-06-27,18.098783493041992,21.239999771118164,21.360000610351562,20.93000030517578,21.0,3833400
2024-06-28,17.99652862548828,21.1200008392334,21.309999465942383,20.899999618530273,21.030000686645508,4046400
2024-07-01,17.96244239807129,21.079999923706055,21.290000915527344,20.899999618530273,20.959999084472656,1991300
2024-07-02,17.69828987121582,20.770000457763672,21.18000030517578,20.709999084472656,20.979999542236328,4843300
2024-07-03,18.098783493041992,21.239999771118164,21.309999465942383,20.950000762939453,20.989999771118164,4139600
2024-07-04,18.618566513061523,21.850000381469727,22.06999969482422,21.469999313354492,21.559999465942383,5584300
2024-07-05,18.91680335998535,22.200000762939453,22.25,21.68000030517578,21.90999984741211,4285900
2024-07-08,18.746379852294922,22.0,22.219999313354492,21.920000076293945,21.979999542236328,2614800
2024-07-09,18.85715675354004,22.1299991607666,22.1299991607666,21.8700008392334,21.8700008392334,2899100
2024-07-10,18.661174774169922,21.899999618530273,22.3799991607666,21.780000686645508,22.25,4609200
2024-07-11,18.661174774169922,21.899999618530273,22.280000686645508,21.780000686645508,22.100000381469727,8939700
2024-07-12,18.83159828186035,22.100000381469727,22.170000076293945,21.65999984741211,21.920000076293945,4382200
2024-07-15,19.06166648864746,22.3700008392334,22.520000457763672,21.940000534057617,22.100000381469727,3361600
2024-07-16,18.984973907470703,22.280000686645508,22.559999465942383,22.18000030517578,22.3700008392334,2489700
2024-07-17,19.078702926635742,22.389999389648438,22.459999084472656,22.110000610351562,22.149999618530273,2613800
2024-07-18,18.47370719909668,21.68000030517578,22.299999237060547,21.530000686645508,22.09000015258789,5024400
2024-07-19,18.482229232788086,21.690000534057617,21.989999771118164,21.450000762939453,21.68000030517578,3236600
2024-07-22,18.942371368408203,22.229999542236328,22.350000381469727,21.600000381469727,21.610000610351562,3555900
2024-07-23,18.669692993164062,21.90999984741211,22.190000534057617,21.760000228881836,22.09000015258789,2956000
2024-07-24,18.4566707611084,21.65999984741211,21.850000381469727,21.469999313354492,21.719999313354492,3030000
2024-07-25,18.269203186035156,21.440000534057617,21.649999618530273,21.329999923706055,21.600000381469727,2983500
2024-07-26,18.465185165405273,21.670000076293945,21.75,21.350000381469727,21.459999084472656,2145500
2024-07-29,18.414064407348633,21.610000610351562,21.799999237060547,21.40999984741211,21.670000076293945,1939000
2024-07-30,18.4566707611084,21.65999984741211,21.760000228881836,21.389999389648438,21.5,2609500
2024-07-31,18.610048294067383,21.84000015258789,22.0,21.65999984741211,21.65999984741211,3729600
2024-08-01,18.754905700683594,22.010000228881836,22.450000762939453,21.989999771118164,22.18000030517578,3646400
2024-08-02,18.77194595336914,22.030000686645508,22.479999542236328,21.8799991607666,22.0,3435300
2024-08-05,18.558917999267578,21.780000686645508,21.889999389648438,21.40999984741211,21.5,2392700
2024-08-06,18.950889587402344,22.239999771118164,22.40999984741211,21.75,21.75,3425800
2024-08-07,19.232086181640625,22.56999969482422,22.729999542236328,22.299999237060547,22.350000381469727,4149400
2024-08-08,19.2832088470459,22.6299991607666,22.799999237060547,22.469999313354492,22.610000610351562,2202100
2024-08-09,19.658132553100586,23.06999969482422,23.290000915527344,22.649999618530273,22.799999237060547,5589000
2024-08-12,19.641098022460938,23.049999237060547,23.3799991607666,23.0,23.3799991607666,3183900
2024-08-13,19.879682540893555,23.329999923706055,23.489999771118164,23.1200008392334,23.170000076293945,3882200
2024-08-14,20.15235710144043,23.649999618530273,23.93000030517578,23.260000228881836,23.610000610351562,6399600
2024-08-15,19.845605850219727,23.290000915527344,23.799999237060547,23.110000610351562,23.68000030517578,4635800
2024-08-16,19.820039749145508,23.260000228881836,23.670000076293945,23.139999389648438,23.3700008392334,3891300
2024-08-19,19.956369400024414,23.420000076293945,23.600000381469727,23.110000610351562,23.479999542236328,4395900
2024-08-20,19.913772583007812,23.3700008392334,23.459999084472656,23.1299991607666,23.3799991607666,3409600
2024-08-21,19.888208389282227,23.34000015258789,23.5,23.170000076293945,23.389999389648438,4057100
2024-08-22,19.666656494140625,23.079999923706055,23.3700008392334,22.899999618530273,23.350000381469727,5713100
2024-08-23,20.3313045501709,23.860000610351562,24.0,23.0,23.059999465942383,6629200
2024-08-26,20.390953063964844,23.93000030517578,24.040000915527344,23.739999771118164,23.93000030517578,2952500
2024-08-27,20.19497299194336,23.700000762939453,23.940000534057617,23.559999465942383,23.940000534057617,6932400
2024-08-28,20.19497299194336,23.700000762939453,23.770000457763672,23.510000228881836,23.600000381469727,4554100
2024-08-29,19.666656494140625,23.079999923706055,23.75,23.020000457763672,23.700000762939453,3915600
2024-08-30,19.43659210205078,22.809999465942383,23.139999389648438,22.59000015258789,22.899999618530273,8604600
2024-09-02,19.2832088470459,22.6299991607666,22.639999389648438,22.170000076293945,22.479999542236328,6485000
2024-09-03,19.42806625366211,22.799999237060547,22.940000534057617,22.549999237060547,22.84000015258789,6008900
2024-09-04,19.862646102905273,23.309999465942383,23.549999237060547,22.8799991607666,22.8799991607666,4948300
2024-09-05,19.82856559753418,23.270000457763672,23.399999618530273,22.940000534057617,23.239999771118164,4371500
2024-09-06,19.649614334106445,23.059999465942383,23.3799991607666,22.920000076293945,23.15999984741211,2503400
2024-09-09,19.55588150024414,22.950000762939453,23.030000686645508,22.799999237060547,22.969999313354492,2683200
2024-09-10,19.55588150024414,22.950000762939453,22.979999542236328,22.68000030517578,22.81999969482422,6103000
2024-09-11,19.58144760131836,22.979999542236328,23.030000686645508,22.59000015258789,22.829999923706055,5391100
2024-09-12,19.419551849365234,22.790000915527344,22.8700008392334,22.6299991607666,22.860000610351562,3696500
2024-09-13,19.46215057373047,22.84000015258789,23.18000030517578,22.700000762939453,22.940000534057617,4305200
2024-09-16,19.777427673339844,23.209999084472656,23.209999084472656,22.850000381469727,22.850000381469727,3242900
2024-09-17,19.58144760131836,22.979999542236328,23.229999542236328,22.850000381469727,23.219999313354492,2940900
2024-09-18,19.71778678894043,23.139999389648438,23.520000457763672,22.68000030517578,22.81999969482422,4830900
2024-09-19,19.51327896118164,22.899999618530273,23.18000030517578,22.81999969482422,23.15999984741211,3660300
2024-09-20,19.044618606567383,22.350000381469727,22.889999389648438,22.239999771118164,22.719999313354492,5708600
2024-09-23,18.899763107299805,22.18000030517578,22.299999237060547,21.90999984741211,22.239999771118164,3155000
2024-09-24,18.959407806396484,22.25,22.510000228881836,22.040000915527344,22.309999465942383,2301900
2024-09-25,18.686737060546875,21.93000030517578,22.3700008392334,21.81999969482422,22.25,3202600
2024-09-26,18.746379852294922,22.0,22.170000076293945,21.75,22.049999237060547,2412400
2024-09-27,18.635608673095703,21.8700008392334,22.15999984741211,21.790000915527344,21.979999542236328,2252900
2024-09-30,18.618566513061523,21.850000381469727,22.049999237060547,21.549999237060547,22.049999237060547,3858100
2024-10-01,18.62708854675293,21.860000610351562,22.09000015258789,21.639999389648438,21.93000030517578,4178400
2024-10-02,18.92532730102539,22.209999084472656,22.469999313354492,22.079999923706055,22.1299991607666,4989700
2024-10-03,18.899763107299805,22.18000030517578,22.190000534057617,21.8700008392334,21.950000762939453,3618700
2024-10-04,19.172435760498047,22.5,22.559999465942383,21.920000076293945,21.920000076293945,5329400
2024-10-07,19.447975158691406,22.6299991607666,22.68000030517578,22.15999984741211,22.610000610351562,5234200
2024-10-08,19.41360092163086,22.59000015258789,22.809999465942383,22.5,22.670000076293945,6666400
2024-10-09,18.9151554107666,22.010000228881836,22.420000076293945,21.799999237060547,22.329999923706055,8931200
2024-10-10,19.052658081054688,22.170000076293945,22.270000457763672,21.84000015258789,21.940000534057617,4813600
2024-10-11,19.00969123840332,22.1200008392334,22.219999313354492,22.020000457763672,22.209999084472656,3214300
2024-10-14,19.18156623840332,22.31999969482422,22.469999313354492,21.8799991607666,22.110000610351562,2902400
2024-10-15,19.327661514282227,22.489999771118164,22.6200008392334,22.31999969482422,22.399999618530273,3320300
2024-10-16,19.362041473388672,22.530000686645508,22.81999969482422,22.360000610351562,22.489999771118164,6791200
2024-10-17,19.310470581054688,22.469999313354492,22.510000228881836,22.110000610351562,22.3799991607666,3172900
2024-10-18,19.233131408691406,22.3799991607666,22.8700008392334,22.350000381469727,22.770000457763672,4734600
2024-10-21,19.362041473388672,22.530000686645508,22.690000534057617,22.290000915527344,22.360000610351562,4811400
2024-10-22,19.05198860168457,21.979999542236328,22.420000076293945,21.81999969482422,22.270000457763672,4037700
2024-10-23,19.05198860168457,21.979999542236328,22.010000228881836,21.719999313354492,21.809999465942383,3601500
2024-10-24,19.156009674072266,22.100000381469727,22.15999984741211,21.770000457763672,22.030000686645508,3760600
2024-10-25,18.982650756835938,21.899999618530273,22.239999771118164,21.860000610351562,22.040000915527344,3149900
2024-10-28,19.190677642822266,22.139999389648438,22.309999465942383,21.899999618530273,21.979999542236328,3088000
2024-10-29,19.0953311920166,22.030000686645508,22.239999771118164,21.8799991607666,22.040000915527344,3012500
2024-10-30,19.182008743286133,22.1299991607666,22.329999923706055,21.90999984741211,22.030000686645508,2440900
2024-10-31,19.173343658447266,22.1200008392334,22.329999923706055,22.100000381469727,22.100000381469727,3923200
2024-11-01,18.687938690185547,21.559999465942383,22.270000457763672,21.549999237060547,22.270000457763672,6163500
2024-11-04,19.294692993164062,22.260000228881836,22.459999084472656,21.739999771118164,21.790000915527344,5090100
2024-11-05,19.39870834350586,22.3799991607666,22.450000762939453,22.1200008392334,22.350000381469727,2913800
2024-11-06,19.190677642822266,22.139999389648438,22.239999771118164,21.65999984741211,22.079999923706055,4887500
2024-11-07,19.08666229248047,22.020000457763672,22.600000381469727,21.809999465942383,21.989999771118164,3723200
2024-11-08,18.835290908813477,21.729999542236328,21.81999969482422,21.549999237060547,21.75,4488900
2024-11-11,18.852628707885742,21.75,21.850000381469727,21.510000228881836,21.670000076293945,2957600
2024-11-12,18.722612380981445,21.600000381469727,21.84000015258789,21.520000457763672,21.559999465942383,3265700
2024-11-13,18.93064308166504,21.84000015258789,21.889999389648438,21.469999313354492,21.510000228881836,8263600
2024-11-14,19.025989532470703,21.950000762939453,22.200000762939453,21.6200008392334,21.639999389648438,3719900
2024-11-18,18.77462387084961,21.65999984741211,21.850000381469727,21.549999237060547,21.790000915527344,3499100
2024-11-19,18.960817337036133,21.68000030517578,21.700000762939453,21.329999923706055,21.559999465942383,2952900
2024-11-21,18.436073303222656,21.079999923706055,21.450000762939453,21.0,21.40999984741211,6683200
2024-11-22,18.759662628173828,21.450000762939453,21.5,20.920000076293945,21.260000228881836,10065300
2024-11-25,18.77715301513672,21.469999313354492,21.68000030517578,21.110000610351562,21.1200008392334,5134900
2024-11-26,19.004545211791992,21.729999542236328,22.0,21.209999084472656,21.600000381469727,5255200
2024-11-27,18.401094436645508,21.040000915527344,21.889999389648438,20.959999084472656,21.8700008392334,6962300
2024-11-28,17.377836227416992,19.8700008392334,21.010000228881836,19.8700008392334,20.93000030517578,10150100
2024-11-29,17.220415115356445,19.690000534057617,19.790000915527344,18.940000534057617,19.280000686645508,12145900
2024-12-02,17.010513305664062,19.450000762939453,19.670000076293945,19.34000015258789,19.56999969482422,4099200
2024-12-03,16.888071060180664,19.309999465942383,19.690000534057617,19.239999771118164,19.43000030517578,5437200
2024-12-04,16.844345092773438,19.260000228881836,19.489999771118164,19.15999984741211,19.34000015258789,4638600
2024-12-05,17.141698837280273,19.600000381469727,19.75,19.520000457763672,19.56999969482422,4611900
2024-12-06,16.931804656982422,19.360000610351562,19.690000534057617,19.18000030517578,19.5,3881600
2024-12-09,16.923053741455078,19.350000381469727,19.469999313354492,19.1299991607666,19.299999237060547,4690400
2024-12-10,17.124210357666016,19.579999923706055,19.709999084472656,19.40999984741211,19.489999771118164,3943800
2024-12-11,17.4827823638916,19.989999771118164,20.3799991607666,19.440000534057617,19.700000762939453,5672200
2024-12-12,16.914308547973633,19.34000015258789,19.770000457763672,19.299999237060547,19.68000030517578,9763500
2024-12-13,16.6694278717041,19.059999465942383,19.459999084472656,19.0,19.40999984741211,7477000
2024-12-16,16.424545288085938,18.780000686645508,19.100000381469727,18.700000762939453,19.06999969482422,3550100
2024-12-17,16.44202995300293,18.799999237060547,19.020000457763672,18.649999618530273,18.899999618530273,5972500
2024-12-18,15.882307052612305,18.15999984741211,18.790000915527344,18.09000015258789,18.790000915527344,9100400
2024-12-19,15.969764709472656,18.260000228881836,18.40999984741211,17.989999771118164,18.229999542236328,5927400
2024-12-20,16.485769271850586,18.850000381469727,19.040000915527344,18.100000381469727,18.100000381469727,5339600
2024-12-23,16.213003158569336,18.420000076293945,18.690000534057617,18.329999923706055,18.489999771118164,3590900
2024-12-26,16.0457706451416,18.229999542236328,18.440000534057617,18.1200008392334,18.34000015258789,3158900
2024-12-27,15.992962837219238,18.170000076293945,18.440000534057617,18.1200008392334,18.440000534057617,2930000
2024-12-30,15.94014835357666,18.110000610351562,18.31999969482422,17.920000076293945,18.1299991607666,5202900
2025-01-02,15.948954582214355,18.1200008392334,18.200000762939453,17.799999237060547,18.040000915527344,7506300
2025-01-03,15.737707138061523,17.8799991607666,18.25,17.780000686645508,18.100000381469727,6080100
2025-01-06,15.948954582214355,18.1200008392334,18.469999313354492,17.920000076293945,18.469999313354492,3643600
2025-01-07,15.966553688049316,18.139999389648438,18.40999984741211,17.979999542236328,18.139999389648438,5884900
2025-01-08,15.552865982055664,17.670000076293945,18.1200008392334,17.6200008392334,18.1200008392334,4415400
2025-01-09,15.62327766418457,17.75,17.860000610351562,17.579999923706055,17.670000076293945,2716100
2025-01-10,15.34162425994873,17.43000030517578,17.799999237060547,17.40999984741211,17.75,5176900
2025-01-13,15.112774848937988,17.170000076293945,17.520000457763672,17.15999984741211,17.43000030517578,3378600
2025-01-14,15.464848518371582,17.56999969482422,17.690000534057617,17.200000762939453,17.219999313354492,6447800
2025-01-15,16.14259147644043,18.34000015258789,18.450000762939453,17.739999771118164,17.850000381469727,10354800
2025-01-16,15.799322128295898,17.950000762939453,18.3799991607666,17.899999618530273,18.34000015258789,4803800
2025-01-17,15.852129936218262,18.010000228881836,18.059999465942383,17.65999984741211,18.049999237060547,3378900
2025-01-20,15.887333869934082,18.049999237060547,18.1200008392334,17.719999313354492,17.850000381469727,3702600
2025-01-21,15.94014835357666,18.110000610351562,18.209999084472656,17.940000534057617,18.049999237060547,2304400
2025-01-22,16.14259147644043,18.34000015258789,18.450000762939453,17.90999984741211,18.34000015258789,5113000
2025-01-23,16.001760482788086,18.18000030517578,18.459999084472656,17.979999542236328,18.40999984741211,4045300
2025-01-24,15.887568473815918,17.959999084472656,18.139999389648438,17.829999923706055,17.889999389648438,3027800
2025-01-27,16.489097595214844,18.639999389648438,18.719999313354492,17.829999923706055,18.0,4683800
2025-01-28,16.52448844909668,18.68000030517578,18.75,18.479999542236328,18.610000610351562,2642400
2025-01-29,16.444869995117188,18.59000015258789,18.93000030517578,18.559999465942383,18.93000030517578,2768500
2025-01-30,17.06409454345703,19.290000915527344,19.389999389648438,18.68000030517578,18.68000030517578,6883000
2025-01-31,16.80756187438965,19.0,19.440000534057617,18.920000076293945,19.440000534057617,5350200
2025-02-03,16.904865264892578,19.110000610351562,19.309999465942383,18.799999237060547,18.850000381469727,3247500
2025-02-04,16.93140411376953,19.139999389648438,19.200000762939453,18.84000015258789,18.969999313354492,3097400
2025-02-05,16.913711547851562,19.1200008392334,19.149999618530273,18.75,19.139999389648438,2382400
2025-02-06,16.9490966796875,19.15999984741211,19.25,19.020000457763672,19.079999923706055,2935200
2025-02-07,16.896018981933594,19.100000381469727,19.34000015258789,19.010000228881836,19.139999389648438,4110700
2025-02-10,17.03755760192871,19.260000228881836,19.549999237060547,19.209999084472656,19.360000610351562,3809900
2025-02-11,17.099477767944336,19.329999923706055,19.540000915527344,19.18000030517578,19.489999771118164,2743200
2025-02-12,16.984477996826172,19.200000762939453,19.290000915527344,18.940000534057617,19.040000915527344,3750400
2025-02-13,16.887174606323242,19.09000015258789,19.18000030517578,18.8700008392334,19.18000030517578,4227800
2025-02-14,17.249862670898438,19.5,19.6200008392334,19.020000457763672,19.09000015258789,7403900
2025-02-17,17.550628662109375,19.84000015258789,20.1299991607666,19.479999542236328,19.549999237060547,4852300
2025-02-18,17.276399612426758,19.530000686645508,19.920000076293945,19.440000534057617,19.850000381469727,3288900
2025-02-19,17.019861221313477,19.239999771118164,19.450000762939453,19.1200008392334,19.360000610351562,4886200
2025-02-20,16.9667911529541,19.18000030517578,19.239999771118164,19.030000686645508,19.15999984741211,2103800
2025-02-21,17.029155731201172,19.15999984741211,19.209999084472656,18.920000076293945,18.93000030517578,2873900
2025-02-24,16.407005310058594,18.459999084472656,19.209999084472656,18.40999984741211,19.190000534057617,4034800
2025-02-25,16.549211502075195,18.6200008392334,18.790000915527344,18.43000030517578,18.489999771118164,2350600
2025-02-26,16.362564086914062,18.40999984741211,18.8700008392334,18.350000381469727,18.8700008392334,3676900
2025-02-27,16.247024536132812,18.280000686645508,18.6299991607666,18.260000228881836,18.5,4777400
2025-02-28,16.078153610229492,18.09000015258789,18.31999969482422,17.790000915527344,18.040000915527344,5505200
2025-03-05,15.82040786743164,17.799999237060547,17.950000762939453,17.610000610351562,17.690000534057617,4855700
2025-03-06,16.113706588745117,18.1299991607666,18.239999771118164,17.719999313354492,17.850000381469727,5760300
2025-03-07,16.309240341186523,18.350000381469727,18.579999923706055,17.8700008392334,18.020000457763672,4078700
2025-03-10,16.2736873626709,18.309999465942383,18.360000610351562,17.989999771118164,17.989999771118164,3042800
2025-03-11,16.087045669555664,18.100000381469727,18.329999923706055,17.920000076293945,18.280000686645508,3385700
2025-03-12,16.202585220336914,18.229999542236328,18.34000015258789,18.059999465942383,18.079999923706055,3261600
2025-03-13,16.451444625854492,18.510000228881836,18.549999237060547,18.020000457763672,18.239999771118164,4199400
2025-03-14,16.958053588867188,19.079999923706055,19.079999923706055,18.3700008392334,18.469999313354492,4896100
2025-03-17,17.286907196044922,19.450000762939453,19.56999969482422,18.959999084472656,19.049999237060547,4102200
2025-03-18,17.402448654174805,19.579999923706055,19.770000457763672,19.43000030517578,19.56999969482422,4167700
2025-03-19,17.50909996032715,19.700000762939453,19.90999984741211,19.530000686645508,19.56999969482422,4621300
2025-03-20,17.26913070678711,19.43000030517578,19.790000915527344,19.350000381469727,19.709999084472656,3340700
2025-03-21,17.473546981811523,19.65999984741211,19.65999984741211,19.200000762939453,19.239999771118164,5651900
2025-03-24,17.198026657104492,19.25,19.65999984741211,19.25,19.450000762939453,2779900
2025-03-25,17.43924331665039,19.520000457763672,19.770000457763672,19.209999084472656,19.209999084472656,2174000
2025-03-26,17.44818115234375,19.530000686645508,19.860000610351562,19.469999313354492,19.739999771118164,3377100
2025-03-27,17.403507232666016,19.479999542236328,19.600000381469727,19.3799991607666,19.5,3207600
2025-03-28,17.189088821411133,19.239999771118164,19.5,19.049999237060547,19.43000030517578,3476900
2025-03-31,17.0908145904541,19.1299991607666,19.350000381469727,19.06999969482422,19.100000381469727,3121700
2025-04-01,17.03721809387207,19.06999969482422,19.329999923706055,18.950000762939453,19.110000610351562,3426900
2025-04-02,17.349905014038086,19.420000076293945,19.510000228881836,18.989999771118164,19.0,4155700
2025-04-03,18.0914306640625,20.25,20.399999618530273,19.25,19.25,8632900
2025-04-04,17.358840942382812,19.43000030517578,19.889999389648438,19.43000030517578,19.889999389648438,3782200
2025-04-07,17.108684539794922,19.149999618530273,19.75,18.959999084472656,19.190000534057617,3652100
2025-04-08,17.14442253112793,19.190000534057617,19.610000610351562,19.0,19.200000762939453,3488200
2025-04-09,17.49285125732422,19.579999923706055,19.93000030517578,18.809999465942383,18.920000076293945,4855500
2025-04-10,17.537521362304688,19.6299991607666,19.6299991607666,19.229999542236328,19.469999313354492,3170800
2025-04-11,17.64472770690918,19.75,19.959999084472656,19.5,19.690000534057617,3495400
2025-04-14,17.921680450439453,20.059999465942383,20.18000030517578,19.780000686645508,19.899999618530273,4476000
2025-04-15,17.868080139160156,20.0,20.049999237060547,19.639999389648438,19.860000610351562,4385500
2025-04-16,17.832340240478516,19.959999084472656,20.1200008392334,19.739999771118164,19.940000534057617,3850100
2025-04-17,18.055692672729492,20.209999084472656,20.389999389648438,19.790000915527344,20.0,4088000
2025-04-22,18.07356071472168,20.229999542236328,20.540000915527344,20.110000610351562,20.209999084472656,3487100
2025-04-23,18.407312393188477,20.5,20.729999542236328,20.329999923706055,20.360000610351562,3456000
2025-04-24,18.937084197998047,21.09000015258789,21.25,20.540000915527344,20.649999618530273,4351900
2025-04-25,18.964021682739258,21.1200008392334,21.270000457763672,20.8799991607666,21.200000762939453,5601000
2025-04-28,18.964021682739258,21.1200008392334,21.3700008392334,20.93000030517578,21.270000457763672,2966600
2025-04-29,19.008914947509766,21.170000076293945,21.459999084472656,21.030000686645508,21.1200008392334,4155400
2025-04-30,19.08972930908203,21.260000228881836,21.479999542236328,21.040000915527344,21.200000762939453,2973700
2025-05-02,19.35012435913086,21.549999237060547,21.84000015258789,21.260000228881836,21.510000228881836,4440900
2025-05-05,19.116668701171875,21.290000915527344,21.690000534057617,21.139999389648438,21.600000381469727,2689500
2025-05-06,19.04483413696289,21.209999084472656,21.510000228881836,21.149999618530273,21.25,1991400
2025-05-07,18.83831024169922,20.979999542236328,21.350000381469727,20.889999389648438,21.34000015258789,1916300
2025-05-08,19.35012435913086,21.549999237060547,21.950000762939453,21.3700008392334,21.43000030517578,4446800
2025-05-09,19.24237632751465,21.43000030517578,21.639999389648438,21.350000381469727,21.479999542236328,3384700
2025-05-12,18.99993896484375,21.15999984741211,21.540000915527344,21.1200008392334,21.440000534057617,3027000
2025-05-13,19.520727157592773,21.739999771118164,21.90999984741211,21.079999923706055,21.15999984741211,5323200
2025-05-14,19.30523109436035,21.5,21.93000030517578,21.31999969482422,21.8799991607666,4642300
2025-05-15,19.60154151916504,21.829999923706055,21.829999923706055,21.399999618530273,21.489999771118164,4751700
2025-05-16,19.55664825439453,21.780000686645508,21.860000610351562,21.399999618530273,21.709999084472656,3302900
2025-05-19,19.817041397094727,22.06999969482422,22.219999313354492,21.690000534057617,21.75,2958100
2025-05-20,19.92479133605957,22.190000534057617,22.209999084472656,21.719999313354492,22.200000762939453,1870600
2025-05-21,19.511751174926758,21.729999542236328,22.190000534057617,21.690000534057617,22.15999984741211,2599300
2025-05-22,19.39501953125,21.600000381469727,21.81999969482422,21.440000534057617,21.709999084472656,4315200
2025-05-23,19.549760818481445,21.670000076293945,21.670000076293945,20.950000762939453,21.34000015258789,3904500
2025-05-26,19.648998260498047,21.780000686645508,21.889999389648438,21.610000610351562,21.65999984741211,1129100
2025-05-27,19.93768882751465,22.100000381469727,22.290000915527344,21.760000228881836,21.899999618530273,4140100
2025-05-28,20.073013305664062,22.25,22.40999984741211,21.889999389648438,22.100000381469727,3834100
2025-05-29,20.1812744140625,22.3700008392334,22.43000030517578,22.079999923706055,22.149999618530273,4026600
2025-05-30,20.04595184326172,22.219999313354492,22.420000076293945,21.889999389648438,22.420000076293945,3791700
2025-06-02,19.93768882751465,22.100000381469727,22.459999084472656,21.920000076293945,22.40999984741211,2309400
2025-06-03,20.100078582763672,22.280000686645508,22.31999969482422,21.920000076293945,22.049999237060547,3286300
2025-06-04,19.99181365966797,22.15999984741211,22.420000076293945,22.010000228881836,22.25,2938200
2025-06-05,19.802366256713867,21.950000762939453,22.18000030517578,21.84000015258789,22.06999969482422,5002900
2025-06-06,19.703126907348633,21.84000015258789,22.030000686645508,21.65999984741211,21.84000015258789,3795400
2025-06-09,19.504655838012695,21.6200008392334,21.809999465942383,21.34000015258789,21.700000762939453,3709300
2025-06-10,19.648998260498047,21.780000686645508,21.899999618530273,21.530000686645508,21.770000457763672,3217900
2025-06-11,19.504655838012695,21.6200008392334,21.84000015258789,21.40999984741211,21.6299991607666,2712200
2025-06-12,19.55878448486328,21.68000030517578,21.68000030517578,21.239999771118164,21.5,3304800
2025-06-13,19.378355026245117,21.479999542236328,21.579999923706055,21.209999084472656,21.399999618530273,3586900
2025-06-16,19.540739059448242,21.65999984741211,21.920000076293945,21.600000381469727,21.780000686645508,3775800
2025-06-17,19.72117042541504,21.860000610351562,21.93000030517578,21.520000457763672,21.670000076293945,6114700
2025-06-18,19.659523010253906,21.690000534057617,21.920000076293945,21.6200008392334,21.649999618530273,4658700
2025-06-20,19.36041831970215,21.360000610351562,21.690000534057617,21.290000915527344,21.56999969482422,6315900
2025-06-23,19.514503479003906,21.530000686645508,21.65999984741211,21.229999542236328,21.360000610351562,3451800
2025-06-24,20.17616844177246,22.260000228881836,22.40999984741211,21.540000915527344,21.540000915527344,5332200
2025-06-25,20.094589233398438,22.170000076293945,22.450000762939453,22.170000076293945,22.260000228881836,4399100
2025-06-26,20.448081970214844,22.559999465942383,22.75,22.219999313354492,22.309999465942383,4191700
2025-06-27,20.439016342163086,22.549999237060547,22.709999084472656,22.270000457763672,22.270000457763672,2319300
2025-06-30,20.593103408813477,22.719999313354492,22.829999923706055,22.40999984741211,22.56999969482422,3569500
2025-07-01,20.73812484741211,22.8799991607666,23.06999969482422,22.770000457763672,22.860000610351562,3733700
2025-07-02,20.30306053161621,22.399999618530273,22.90999984741211,22.34000015258789,22.8799991607666,4944900
2025-07-03,20.52965545654297,22.649999618530273,22.780000686645508,22.239999771118164,22.399999618530273,1637100
2025-07-04,20.710933685302734,22.850000381469727,22.899999618530273,22.450000762939453,22.610000610351562,1858900
2025-07-07,20.266799926757812,22.360000610351562,22.889999389648438,22.139999389648438,22.829999923706055,6469800
2025-07-08,20.248674392700195,22.34000015258789,22.399999618530273,22.1200008392334,22.309999465942383,3229100
2025-07-09,19.904247283935547,21.959999084472656,22.309999465942383,21.850000381469727,22.190000534057617,3789200
2025-07-10,19.804546356201172,21.850000381469727,21.93000030517578,21.489999771118164,21.690000534057617,4065000
2025-07-11,19.614206314086914,21.639999389648438,21.889999389648438,21.56999969482422,21.56999969482422,3299500
2025-07-14,19.614206314086914,21.639999389648438,21.850000381469727,21.5,21.5,2927400
2025-07-15,19.840801239013672,21.889999389648438,22.049999237060547,21.649999618530273,21.649999618530273,7108600
2025-07-16,19.967697143554688,22.030000686645508,22.139999389648438,21.850000381469727,22.049999237060547,6585400
2025-07-17,20.139911651611328,22.219999313354492,22.290000915527344,21.920000076293945,22.190000534057617,4283100
2025-07-18,19.64139747619629,21.670000076293945,22.18000030517578,21.600000381469727,22.06999969482422,7751500
2025-07-21,19.568885803222656,21.59000015258789,21.860000610351562,21.549999237060547,21.780000686645508,3599700
2025-07-22,19.269777297973633,21.260000228881836,21.770000457763672,21.260000228881836,21.690000534057617,6144800
2025-07-23,19.599624633789062,21.520000457763672,21.59000015258789,20.959999084472656,21.06999969482422,2745500
2025-07-24,19.335498809814453,21.229999542236328,21.43000030517578,21.200000762939453,21.360000610351562,2113200
2025-07-25,19.36282730102539,21.260000228881836,21.3700008392334,21.15999984741211,21.200000762939453,1896700
2025-07-28,19.17156410217285,21.049999237060547,21.479999542236328,20.93000030517578,21.260000228881836,3215900
2025-07-29,19.317283630371094,21.209999084472656,21.350000381469727,20.940000534057617,21.09000015258789,3194000
2025-07-30,19.508546829223633,21.420000076293945,21.799999237060547,21.139999389648438,21.149999618530273,4407600
2025-07-31,19.408361434936523,21.309999465942383,21.43000030517578,20.989999771118164,21.290000915527344,4326900
2025-08-01,19.617839813232422,21.540000915527344,21.829999923706055,21.40999984741211,21.65999984741211,6541400
2025-08-04,19.617839813232422,21.540000915527344,21.90999984741211,21.43000030517578,21.8799991607666,2602300
2025-08-05,19.663375854492188,21.59000015258789,21.690000534057617,21.299999237060547,21.549999237060547,5151600
2025-08-06,19.991256713867188,21.950000762939453,21.950000762939453,21.540000915527344,21.700000762939453,3813100
2025-08-07,20.246267318725586,22.229999542236328,22.489999771118164,21.8799991607666,22.0,4548600
2025-08-08,20.337339401245117,22.329999923706055,22.510000228881836,22.09000015258789,22.149999618530273,5849900
2025-08-11,20.419309616088867,22.420000076293945,22.670000076293945,22.170000076293945,22.280000686645508,3817500
2025-08-12,20.792720794677734,22.829999923706055,22.979999542236328,22.440000534057617,22.440000534057617,4174400
2025-08-13,20.701644897460938,22.729999542236328,23.100000381469727,22.56999969482422,22.8799991607666,4568300
2025-08-14,20.82004737854004,22.860000610351562,23.100000381469727,22.18000030517578,22.6200008392334,4340300
2025-08-15,20.82004737854004,22.860000610351562,22.950000762939453,22.68000030517578,22.850000381469727,2545400
2025-08-18,21.09327507019043,23.15999984741211,23.299999237060547,22.860000610351562,22.860000610351562,3121600
2025-08-19,20.66521453857422,22.690000534057617,23.0,22.56999969482422,23.0,3317500
2025-08-20,20.637893676757812,22.65999984741211,22.860000610351562,22.5,22.690000534057617,3746600
2025-08-21,20.574140548706055,22.59000015258789,22.75,22.469999313354492,22.59000015258789,4777300
2025-08-22,21.07931900024414,23.040000915527344,23.059999465942383,22.530000686645508,22.700000762939453,4823800
2025-08-25,21.033571243286133,22.989999771118164,23.350000381469727,22.950000762939453,23.040000915527344,5750000
2025-08-26,20.878034591674805,22.81999969482422,22.979999542236328,22.729999542236328,22.8799991607666,3179700
2025-08-27,21.289743423461914,23.270000457763672,23.31999969482422,22.579999923706055,22.600000381469727,4135600
2025-08-28,21.875280380249023,23.90999984741211,24.31999969482422,23.309999465942383,23.3700008392334,7888100
2025-08-29,21.921022415161133,23.959999084472656,24.09000015258789,23.739999771118164,23.799999237060547,2520900
2025-09-01,21.9301700592041,23.969999313354492,24.139999389648438,23.790000915527344,23.8799991607666,1761600
2025-09-02,21.774641036987305,23.799999237060547,24.0,23.610000610351562,23.690000534057617,2150900
2025-09-03,21.802087783813477,23.829999923706055,23.850000381469727,23.56999969482422,23.81999969482422,2211100
2025-09-04,22.14060401916504,24.200000762939453,24.299999237060547,23.799999237060547,23.8700008392334,3327200
2025-09-05,22.40592384338379,24.489999771118164,24.81999969482422,24.420000076293945,24.450000762939453,3761000
2025-09-08,22.20464515686035,24.270000457763672,24.56999969482422,24.229999542236328,24.5,2260400
2025-09-09,22.10400390625,24.15999984741211,24.299999237060547,24.059999465942383,24.149999618530273,1678100
2025-09-10,22.15889549255371,24.219999313354492,24.479999542236328,24.100000381469727,24.15999984741211,2225700
2025-09-11,22.469961166381836,24.559999465942383,24.649999618530273,24.270000457763672,24.350000381469727,1645900
2025-09-12,22.323583602905273,24.399999618530273,24.56999969482422,24.25,24.350000381469727,1713700
2025-09-15,22.378475189208984,24.459999084472656,24.670000076293945,24.3700008392334,24.43000030517578,3352600
2025-09-16,22.726137161254883,24.84000015258789,24.940000534057617,24.559999465942383,24.760000228881836,2586300
2025-09-17,23.08294677734375,25.229999542236328,25.440000534057617,24.809999465942383,24.809999465942383,4147900
2025-09-18,23.146989822387695,25.299999237060547,25.510000228881836,25.190000534057617,25.239999771118164,3263500
2025-09-19,23.1652889251709,25.31999969482422,25.68000030517578,25.31999969482422,25.450000762939453,4412100
2025-09-22,22.954862594604492,25.09000015258789,25.239999771118164,24.920000076293945,25.190000534057617,2174500
2025-09-23,23.604440689086914,25.799999237060547,25.899999618530273,25.040000915527344,25.25,6120900
2025-09-24,23.44109535217285,25.520000457763672,25.809999465942383,25.440000534057617,25.760000228881836,5363700
2025-09-25,23.395164489746094,25.469999313354492,25.540000915527344,25.219999313354492,25.489999771118164,2939200
2025-09-26,23.431907653808594,25.510000228881836,25.709999084472656,25.440000534057617,25.549999237060547,2028700
2025-09-29,23.75339698791504,25.860000610351562,26.06999969482422,25.739999771118164,25.850000381469727,2320400
2025-09-30,23.725841522216797,25.829999923706055,26.200000762939453,25.799999237060547,26.06999969482422,3073100
2025-10-01,23.523765563964844,25.610000610351562,26.010000228881836,25.479999542236328,25.959999084472656,2655200
2025-10-02,23.1655330657959,25.219999313354492,25.700000762939453,25.110000610351562,25.670000076293945,2339700
2025-10-03,23.147165298461914,25.200000762939453,25.299999237060547,25.010000228881836,25.25,2482600
2025-10-06,22.724634170532227,24.739999771118164,25.239999771118164,24.600000381469727,25.200000762939453,3046400
2025-10-07,22.338848114013672,24.31999969482422,24.649999618530273,24.100000381469727,24.649999618530273,6382300
2025-10-08,22.43070411682129,24.420000076293945,24.420000076293945,24.15999984741211,24.31999969482422,2382300
2025-10-09,22.256179809570312,24.229999542236328,24.540000915527344,24.010000228881836,24.43000030517578,3008100
2025-10-10,22.035728454589844,23.989999771118164,24.34000015258789,23.729999542236328,24.31999969482422,2518300
2025-10-13,22.100027084350586,24.059999465942383,24.239999771118164,23.940000534057617,24.170000076293945,1727200
2025-10-14,21.852022171020508,23.790000915527344,24.020000457763672,23.6299991607666,23.889999389648438,2629000
2025-10-15,22.219436645507812,24.190000534057617,24.190000534057617,23.440000534057617,23.549999237060547,5154600
2025-10-16,21.989805221557617,23.940000534057617,24.100000381469727,23.770000457763672,23.950000762939453,2665100
2025-10-17,22.109214782714844,24.06999969482422,24.100000381469727,23.579999923706055,23.700000762939453,2383600
2025-10-20,22.292922973632812,24.270000457763672,24.489999771118164,24.049999237060547,24.06999969482422,3840000
2025-10-21,22.320476531982422,24.299999237060547,24.5,24.149999618530273,24.31999969482422,2776100
2025-10-22,22.414716720581055,24.299999237060547,24.309999465942383,24.040000915527344,24.270000457763672,2818100
2025-10-23,22.506959915161133,24.399999618530273,24.690000534057617,24.1299991607666,24.540000915527344,2198000
2025-10-24,22.626876831054688,24.530000686645508,24.729999542236328,24.450000762939453,24.520000457763672,2084500
2025-10-27,22.7836856842041,24.700000762939453,24.959999084472656,24.479999542236328,24.790000915527344,3057400
2025-10-28,22.525407791137695,24.420000076293945,24.700000762939453,24.350000381469727,24.700000762939453,2599100
2025-10-29,22.626876831054688,24.530000686645508,24.68000030517578,24.440000534057617,24.440000534057617,2515300
2025-10-30,22.811355590820312,24.729999542236328,24.770000457763672,24.290000915527344,24.450000762939453,1155200
2025-10-31,23.01428985595703,24.950000762939453,25.030000686645508,24.729999542236328,24.799999237060547,5819800
2025-11-03,23.032733917236328,24.969999313354492,25.229999542236328,24.8799991607666,25.190000534057617,5645800
2025-11-04,23.291013717651367,25.25,25.260000228881836,24.799999237060547,24.969999313354492,2383600
2025-11-05,23.936704635620117,25.950000762939453,25.969999313354492,25.1200008392334,25.25,3237100
2025-11-06,24.130413055419922,26.15999984741211,26.219999313354492,25.8799991607666,26.0,2508800
2025-11-07,24.093515396118164,26.1200008392334,26.190000534057617,25.889999389648438,26.1299991607666,1666300
2025-11-10,24.3702392578125,26.420000076293945,26.440000534057617,26.149999618530273,26.25,2964300
2025-11-11,24.73920440673828,26.81999969482422,27.219999313354492,26.540000915527344,26.700000762939453,4018200
2025-11-12,24.988258361816406,27.09000015258789,27.09000015258789,26.579999923706055,26.760000228881836,4495500
2025-11-13,26.132055282592773,28.329999923706055,29.299999237060547,27.969999313354492,28.549999237060547,13538100
2025-11-14,26.57481575012207,28.809999465942383,29.0,28.149999618530273,28.34000015258789,10601400
2025-11-17,25.81843376159668,27.989999771118164,28.889999389648438,27.93000030517578,28.809999465942383,4678200
2025-11-18,25.7261905670166,27.889999389648438,27.950000762939453,27.6299991607666,27.90999984741211,3829800
2025-11-19,25.47865867614746,27.329999923706055,27.469999313354492,27.200000762939453,27.450000762939453,3072700
2025-11-21,25.13372039794922,26.959999084472656,27.270000457763672,26.790000915527344,27.260000228881836,3503000
2025-11-24,25.87952995300293,27.760000228881836,27.760000228881836,26.899999618530273,27.040000915527344,4560300
2025-11-25,26.13123893737793,28.030000686645508,28.139999389648438,27.610000610351562,27.989999771118164,3078000
2025-11-26,26.06597900390625,27.959999084472656,28.600000381469727,27.760000228881836,28.09000015258789,7285000
2025-11-27,26.038015365600586,27.93000030517578,28.020000457763672,27.68000030517578,27.899999618530273,2321400
2025-11-28,26.429563522338867,28.350000381469727,28.479999542236328,27.8700008392334,27.8700008392334,5522200
2025-12-01,26.46685218811035,28.389999389648438,28.799999237060547,28.25,28.389999389648438,8913800
2025-12-02,27.016883850097656,28.979999542236328,29.020000457763672,28.360000610351562,28.549999237060547,4184700
2025-12-03,27.12875747680664,29.100000381469727,29.3799991607666,28.969999313354492,29.110000610351562,3880700
2025-12-04,27.688114166259766,29.700000762939453,29.770000457763672,29.219999313354492,29.290000915527344,5171300
2025-12-05,25.394752502441406,27.239999771118164,29.190000534057617,27.190000534057617,28.520000457763672,37996500
2025-12-08,25.69307518005371,27.559999465942383,27.809999465942383,27.229999542236328,27.75,4806500
2025-12-09,26.075302124023438,27.969999313354492,28.200000762939453,26.770000457763672,27.309999465942383,7478700
2025-12-10,26.438884735107422,28.360000610351562,28.639999389648438,27.93000030517578,28.149999618530273,5997700
2025-12-11,26.718563079833984,28.65999984741211,29.190000534057617,28.209999084472656,28.31999969482422,5363900
2025-12-12,27.17536735534668,29.149999618530273,29.3700008392334,28.68000030517578,28.68000030517578,8254900
2025-12-15,27.399110794067383,29.389999389648438,29.700000762939453,29.229999542236328,29.350000381469727,11022600
2025-12-16,26.401592254638672,28.31999969482422,29.239999771118164,28.209999084472656,29.219999313354492,6472900
2025-12-17,25.888853073120117,27.770000457763672,28.18000030517578,27.420000076293945,28.1200008392334,8103900
2025-12-18,26.01004409790039,27.899999618530273,28.040000915527344,27.5,27.700000762939453,5142400
2025-12-19,26.103273391723633,28.0,28.329999923706055,27.760000228881836,27.84000015258789,5367200
2025-12-22,25.79471206665039,27.3799991607666,27.719999313354492,27.209999084472656,27.709999084472656,5115300
2025-12-23,26.473024368286133,28.100000381469727,28.40999984741211,27.40999984741211,27.479999542236328,8893700
2025-12-26,26.642602920532227,28.280000686645508,28.31999969482422,27.889999389648438,28.100000381469727,2065100
2025-12-29,26.48244857788086,28.110000610351562,28.290000915527344,28.020000457763672,28.139999389648438,2954200
2025-12-30,26.727394104003906,28.3700008392334,28.540000915527344,28.100000381469727,28.350000381469727,3554800
2026-01-02,26.896970748901367,28.549999237060547,28.639999389648438,28.280000686645508,28.639999389648438,7930300
2026-01-05,26.981760025024414,28.639999389648438,28.969999313354492,28.149999618530273,28.399999618530273,3747100
2026-01-06,27.386863708496094,29.06999969482422,29.170000076293945,28.68000030517578,28.760000228881836,4019800
2026-01-07,27.104232788085938,28.770000457763672,29.100000381469727,28.65999984741211,29.100000381469727,3955000
2026-01-08,27.236125946044922,28.90999984741211,29.3799991607666,28.639999389648438,28.809999465942383,7186000
2026-01-09,27.54701805114746,29.239999771118164,29.559999465942383,28.850000381469727,28.90999984741211,6764200
2026-01-12,27.72602081298828,29.43000030517578,29.559999465942383,29.079999923706055,29.139999389648438,3987100
2026-01-13,27.25497055053711,28.93000030517578,29.360000610351562,28.489999771118164,29.350000381469727,4612900
2026-01-14,27.292648315429688,28.969999313354492,29.170000076293945,28.600000381469727,28.979999542236328,3399900
2026-01-15,27.56586265563965,29.260000228881836,29.469999313354492,28.799999237060547,29.110000610351562,3896100
2026-01-16,27.094810485839844,28.760000228881836,29.459999084472656,28.709999084472656,29.350000381469727,5035600
2026-01-19,26.7933406829834,28.440000534057617,28.850000381469727,28.440000534057617,28.850000381469727,2568000
2026-01-20,26.849864959716797,28.5,28.690000534057617,28.200000762939453,28.440000534057617,2288600
2026-01-21,27.452808380126953,29.139999389648438,29.260000228881836,28.65999984741211,28.799999237060547,5690600
2026-01-22,27.978578567504883,29.399999618530273,29.829999923706055,28.950000762939453,29.09000015258789,9860500
2026-01-23,28.330690383911133,29.770000457763672,30.0,29.010000228881836,29.459999084472656,5308000
2026-01-26,28.37826919555664,29.81999969482422,29.940000534057617,29.219999313354492,29.6200008392334,3164000
2026-01-27,29.015878677368164,30.489999771118164,30.719999313354492,29.93000030517578,30.020000457763672,4484800
2026-01-28,29.66300392150879,31.170000076293945,31.31999969482422,30.5,30.559999465942383,5974100
2026-01-29,29.291858673095703,30.780000686645508,31.510000228881836,30.34000015258789,31.170000076293945,6837800
2026-01-30,29.406057357788086,30.899999618530273,31.219999313354492,30.530000686645508,30.700000762939453,6516300
2026-02-02,29.758169174194336,31.270000457763672,31.440000534057617,30.799999237060547,30.899999618530273,5405300
2026-02-03,30.119794845581055,31.649999618530273,31.989999771118164,31.459999084472656,31.489999771118164,9378500
2026-02-04,29.510738372802734,31.010000228881836,31.56999969482422,30.56999969482422,31.549999237060547,5376600
2026-02-05,29.948497772216797,31.469999313354492,31.979999542236328,30.969999313354492,31.010000228881836,5576800
2026-02-06,30.053180694580078,31.579999923706055,31.729999542236328,30.950000762939453,31.5,6134700
2026-02-09,29.98656463623047,31.510000228881836,31.739999771118164,31.350000381469727,31.649999618530273,5221700
2026-02-10,29.777202606201172,31.290000915527344,31.6299991607666,31.06999969482422,31.479999542236328,3837600
2026-02-11,30.015113830566406,31.540000915527344,31.700000762939453,31.290000915527344,31.6200008392334,6022900
2026-02-12,29.643970489501953,31.149999618530273,31.760000228881836,30.889999389648438,31.540000915527344,6992500
2026-02-13,29.187177658081055,30.670000076293945,30.850000381469727,30.18000030517578,30.84000015258789,8374900
2026-02-18,29.434608459472656,30.93000030517578,31.25,30.540000915527344,30.799999237060547,6574200
2026-02-19,30.110279083251953,31.639999389648438,31.639999389648438,30.729999542236328,31.149999618530273,4591400
2026-02-20,30.62174415588379,31.8799991607666,31.889999389648438,30.93000030517578,31.0,4130100
2026-02-23,30.516084671020508,31.770000457763672,31.8700008392334,31.5,31.780000686645508,2860900
2026-02-24,30.775428771972656,32.040000915527344,32.47999954223633,31.799999237060547,31.899999618530273,7035500
2026-02-25,30.86187744140625,32.130001068115234,32.34000015258789,31.8700008392334,32.34000015258789,3699000
2026-02-26,31.582273483276367,32.880001068115234,32.880001068115234,32.099998474121094,32.130001068115234,7988100
2026-02-27,31.39977264404297,32.689998626708984,32.72999954223633,32.25,32.65999984741211,4813600
2026-03-02,30.957927703857422,32.22999954223633,32.5099983215332,31.65999984741211,32.31999969482422,4215300
2026-03-03,30.131872177124023,31.3700008392334,31.8799991607666,30.860000610351562,31.829999923706055,7579700
2026-03-04,30.7562198638916,32.02000045776367,32.189998626708984,31.670000076293945,31.670000076293945,3563100
2026-03-05,29.920555114746094,31.149999618530273,32.09000015258789,31.049999237060547,31.850000381469727,3327900
2026-03-06,29.469104766845703,30.68000030517578,31.270000457763672,30.280000686645508,31.0,4390900
2026-03-09,29.64200210571289,30.860000610351562,31.010000228881836,30.059999465942383,30.760000228881836,4949100
2026-03-10,29.67081642150879,30.889999389648438,31.6200008392334,30.5,31.100000381469727,6939400
2026-03-11,29.036867141723633,30.229999542236328,31.149999618530273,30.0,30.6200008392334,25316900
2026-03-12,28.306859970092773,29.469999313354492,30.139999389648438,29.309999465942383,30.0,8472800
2026-03-13,27.7785701751709,28.920000076293945,29.90999984741211,28.68000030517578,29.610000610351562,8129200
2026-03-16,28.335678100585938,29.5,29.770000457763672,29.200000762939453,29.479999542236328,5895100
2026-03-17,28.383703231811523,29.549999237060547,29.989999771118164,29.350000381469727,29.510000228881836,8107200
2026-03-18,28.556598663330078,29.729999542236328,30.100000381469727,29.31999969482422,29.549999237060547,7420900
2026-03-19,28.5758113861084,29.75,29.959999084472656,28.93000030517578,29.350000381469727,4425100
2026-03-20,27.663305282592773,28.799999237060547,29.75,28.579999923706055,29.68000030517578,5619600
2026-03-23,28.710285186767578,29.889999389648438,30.149999618530273,29.309999465942383,29.31999969482422,4581700
2026-03-24,28.671865463256836,29.850000381469727,30.1200008392334,29.280000686645508,29.719999313354492,3008200
2026-03-25,29.08489227294922,30.280000686645508,30.649999618530273,30.149999618530273,30.399999618530273,13785500
2026-03-26,28.431730270385742,29.600000381469727,30.139999389648438,29.420000076293945,29.889999389648438,4259100
2026-03-27,28.04751968383789,29.200000762939453,29.600000381469727,28.989999771118164,29.600000381469727,8153800
2026-03-30,28.146949768066406,29.010000228881836,29.360000610351562,28.700000762939453,29.209999084472656,3798700
2026-03-31,29.437381744384766,30.34000015258789,30.360000610351562,29.209999084472656,29.440000534057617,6650500
2026-04-01,30.05834197998047,30.979999542236328,31.329999923706055,30.40999984741211,30.5,11168000
2026-04-02,29.398571014404297,30.299999237060547,30.68000030517578,29.850000381469727,30.0,4813500
2026-04-06,29.563514709472656,30.469999313354492,30.68000030517578,30.229999542236328,30.299999237060547,3289000
2026-04-07,29.62173080444336,30.530000686645508,30.65999984741211,30.06999969482422,30.469999313354492,3699100
2026-04-08,30.786029815673828,31.729999542236328,32.33000183105469,31.450000762939453,32.25,6522200
2026-04-09,31.329370498657227,32.290000915527344,32.38999938964844,31.780000686645508,31.989999771118164,3073700
2026-04-10,31.930925369262695,32.90999984741211,33.47999954223633,32.54999923706055,33.0099983215332,8604300
2026-04-13,32.15407943725586,33.13999938964844,33.36000061035156,32.66999816894531,32.9900016784668,12390700
2026-04-14,32.309322357177734,33.29999923706055,33.58000183105469,33.18000030517578,33.25,3838500
2026-04-15,32.571292877197266,33.56999969482422,33.619998931884766,33.06999969482422,33.29999923706055,9195800
2026-04-16,32.280216217041016,33.27000045776367,33.779998779296875,33.04999923706055,33.779998779296875,6622300
2026-04-17,32.7944450378418,33.79999923706055,34.16999816894531,33.4900016784668,34.0,3938800
2026-04-20,32.50336837768555,33.5,33.880001068115234,33.40999984741211,33.79999923706055,6969100
2026-04-22,31.88241195678711,32.86000061035156,33.47999954223633,32.720001220703125,33.47999954223633,3216300
2026-04-23,31.218624114990234,31.889999389648438,32.630001068115234,31.739999771118164,32.56999969482422,4588600
2026-04-24,30.944520950317383,31.610000610351562,31.920000076293945,31.469999313354492,31.8700008392334,3316700
2026-04-27,30.611679077148438,31.270000457763672,31.940000534057617,31.229999542236328,31.940000534057617,2701600
2026-04-28,30.33757209777832,30.989999771118164,31.1299991607666,30.610000610351562,31.0,3330200
2026-04-29,29.485889434814453,30.1200008392334,30.959999084472656,30.06999969482422,30.950000762939453,3819300
2026-04-30,30.004730224609375,30.649999618530273,30.799999237060547,30.200000762939453,30.510000228881836,6773400
2026-05-04,29.59357261657715,30.229999542236328,30.670000076293945,30.200000762939453,30.579999923706055,3199800
2026-05-05,29.701257705688477,30.34000015258789,30.610000610351562,30.1200008392334,30.1299991607666,8069700
2026-05-06,30.552940368652344,31.209999084472656,31.31999969482422,30.489999771118164,30.780000686645508,6090100
2026-05-07,29.652311325073242,30.290000915527344,31.219999313354492,30.09000015258789,31.209999084472656,6525000
2026-05-08,29.71104621887207,30.350000381469727,30.799999237060547,30.260000228881836,30.65999984741211,4026600
2026-05-11,29.172624588012695,29.799999237060547,30.389999389648438,29.549999237060547,30.15999984741211,5201600
2026-05-12,28.78104591369629,29.399999618530273,29.829999923706055,29.200000762939453,29.790000915527344,5269000
2026-05-13,27.85104751586914,28.450000762939453,29.399999618530273,28.209999084472656,29.399999618530273,12413500
2026-05-14,28.262205123901367,28.8700008392334,29.139999389648438,28.610000610351562,28.760000228881836,3839000
2026-05-15,28.13494110107422,28.739999771118164,28.829999923706055,28.110000610351562,28.549999237060547,2462000
2026-05-18,28.037046432495117,28.639999389648438,28.860000610351562,28.350000381469727,28.75,2895000
2026-05-19,27.469257354736328,28.059999465942383,28.479999542236328,27.829999923706055,28.299999237060547,3932300
2026-05-20,28.35159683227539,28.65999984741211,28.969999313354492,27.610000610351562,28.010000228881836,4840500
2026-05-21,28.410951614379883,28.719999313354492,28.829999923706055,28.1299991607666,28.549999237060547,3696600
2026-05-22,27.81740951538086,28.1200008392334,28.709999084472656,27.920000076293945,28.5,4561900
2026-05-25,28.480199813842773,28.790000915527344,28.81999969482422,28.299999237060547,28.649999618530273,6458500
2026-05-26,28.371383666992188,28.68000030517578,28.739999771118164,28.229999542236328,28.6200008392334,6297300
2026-05-27,28.242780685424805,28.549999237060547,29.110000610351562,28.40999984741211,29.100000381469727,1947400
2026-05-28,28.32192039489746,28.6299991607666,28.889999389648438,28.239999771118164,28.559999465942383,3643700
2026-05-29,27.90643882751465,28.209999084472656,28.84000015258789,28.110000610351562,28.65999984741211,7452800
2026-06-01,27.481067657470703,27.780000686645508,28.350000381469727,27.389999389648438,28.110000610351562,10443300
2026-06-02,27.332679748535156,27.6299991607666,27.979999542236328,27.530000686645508,27.829999923706055,8244900
2026-06-03,26.986448287963867,27.280000686645508,27.420000076293945,26.850000381469727,27.420000076293945,7540900
2026-06-05,26.65999984741211,26.950000762939453,27.389999389648438,26.860000610351562,27.290000915527344,6051600
2026-06-08,26.570966720581055,26.860000610351562,27.020000457763672,26.68000030517578,26.950000762939453,4611400
2026-06-09,26.709461212158203,27.0,27.290000915527344,26.81999969482422,27.010000228881836,6899800
2026-06-10,26.39290428161621,26.68000030517578,26.940000534057617,26.520000457763672,26.940000534057617,7818400
2026-06-11,26.90730857849121,27.200000762939453,27.31999969482422,26.3799991607666,26.690000534057617,6905400
2026-06-12,26.77870750427246,27.06999969482422,27.3700008392334,26.780000686645508,27.0,5690600
2026-06-15,26.313764572143555,26.600000381469727,27.68000030517578,26.3700008392334,27.65999984741211,9138600
2026-06-16,26.472043991088867,26.760000228881836,26.760000228881836,26.170000076293945,26.530000686645508,7562900
2026-06-17,26.185163497924805,26.469999313354492,27.559999465942383,26.309999465942383,27.1299991607666,9092700
2026-06-18,26.353334426879883,26.639999389648438,26.90999984741211,26.440000534057617,26.729999542236328,6323100
2026-06-19,26.264301300048828,26.549999237060547,26.889999389648438,26.549999237060547,26.739999771118164,3661200
2026-06-22,26.83806037902832,27.1299991607666,27.15999984741211,26.549999237060547,26.56999969482422,9823100
2026-06-23,26.940000534057617,26.940000534057617,27.040000915527344,26.440000534057617,26.5,5104100
2026-06-24,27.049999237060547,27.049999237060547,27.149999618530273,26.729999542236328,26.860000610351562,5121600
2026-06-25,27.690000534057617,27.690000534057617,27.790000915527344,27.139999389648438,27.15999984741211,6818500
2026-06-26,28.040000915527344,28.040000915527344,28.18000030517578,27.549999237060547,27.719999313354492,2521400
