Price,Adj Close,Close,High,Low,Open,Volume
Ticker,SBSP3.SA,SBSP3.SA,SBSP3.SA,SBSP3.SA,SBSP3.SA,SBSP3.SA
Date,,,,,,
2021-06-28,6.505239963531494,7.3654279708862305,7.3654279708862305,7.272342205047607,7.328581809997559,7615668
2021-06-29,6.325395584106445,7.161802768707275,7.349914073944092,7.1075029373168945,7.315007209777832,16590079
2021-06-30,6.26544713973999,7.09392786026001,7.16762113571167,6.987267017364502,7.1113810539245605,20841117
2021-07-01,6.183233261108398,7.000842094421387,7.165680885314941,6.981449127197266,7.086170196533203,11940443
2021-07-02,6.256883144378662,7.084230899810791,7.1113810539245605,6.942663192749023,7.022173881530762,13037235
2021-07-05,6.224340438842773,7.047385215759277,7.13853120803833,7.024113178253174,7.078413009643555,4378918
2021-07-06,6.102729797363281,6.909695148468018,7.045444965362549,6.876727104187012,7.024113178253174,13491525
2021-07-07,6.203785419464111,7.024113178253174,7.024113178253174,6.830183982849121,6.950419902801514,13661175
2021-07-08,6.071900367736816,6.8747878074646,6.993083953857422,6.849576950073242,6.909695148468018,11640849
2021-07-12,6.232903957366943,7.05708122253418,7.074534893035889,6.867031097412109,6.876727104187012,17468751
2021-07-13,6.198647499084473,7.018294811248779,7.080352783203125,6.952359199523926,6.991145133972168,10348625
2021-07-14,6.344236373901367,7.183135032653809,7.225799083709717,6.996963024139404,7.078413009643555,15097266
2021-07-15,6.217487812042236,7.0396270751953125,7.214163780212402,7.016355991363525,7.161802768707275,12588618
2021-07-16,6.349374771118164,7.188952922821045,7.336338996887207,7.05708122253418,7.06483793258667,23789616
2021-07-19,6.150689125061035,6.963994979858398,7.1327128410339355,6.894180774688721,7.1327128410339355,17870960
2021-07-20,6.186657905578613,7.004720211029053,7.078413009643555,6.91939115524292,6.975631237030029,7945169
2021-07-21,6.097591876983643,6.903876781463623,7.018294811248779,6.861213207244873,7.004720211029053,8921815
2021-07-22,6.212350845336914,7.033810138702393,7.062899112701416,6.882544994354248,6.894180774688721,12091014
2021-07-23,6.121571063995361,6.931026935577393,7.055141925811768,6.8903021812438965,7.020235061645508,8287562
2021-07-26,6.0616230964660645,6.863152027130127,6.9620561599731445,6.836001873016357,6.944602012634277,6597254
2021-07-27,6.073613166809082,6.876727104187012,6.917451858520508,6.795277118682861,6.843759059906006,7121673
2021-07-28,6.19179630279541,7.010538101196289,7.02993106842041,6.865090847015381,6.909695148468018,11815655
2021-07-29,6.123283863067627,6.932966232299805,7.105563163757324,6.876727104187012,6.989205837249756,8254045
2021-07-30,6.073613166809082,6.876727104187012,6.975631237030029,6.841819763183594,6.898058891296387,10441442
2021-08-02,6.135273456573486,6.946540832519531,7.066778182983398,6.863152027130127,6.94848108291626,13271857
2021-08-03,6.143838405609131,6.95623779296875,7.008598804473877,6.797215938568115,6.9620561599731445,9443139
2021-08-04,6.059911251068115,6.861213207244873,6.981449127197266,6.812729835510254,6.903876781463623,8862515
2021-08-05,5.938300609588623,6.723523139953613,6.931026935577393,6.696372985839844,6.915513038635254,12733001
2021-08-06,6.083889961242676,6.888362884521484,6.925209045410156,6.67310094833374,6.706068992614746,15608278
2021-08-09,6.1061553955078125,6.913572788238525,7.0396270751953125,6.8340630531311035,6.8747878074646,9554520
2021-08-10,5.963993072509766,6.752612113952637,6.936844825744629,6.715765953063965,6.913572788238525,11670241
2021-08-11,5.982834815979004,6.773944854736328,6.818548202514648,6.698311805725098,6.764247894287109,13259482
2021-08-12,5.9006195068359375,6.680859088897705,6.77588415145874,6.651769161224365,6.77588415145874,8281890
2021-08-13,5.753317356109619,6.5140790939331055,6.688615798950195,6.4365081787109375,6.678918838500977,17435233
2021-08-16,5.820117950439453,6.589712142944336,6.622680187225342,6.47529411315918,6.479172229766846,11336614
2021-08-17,5.626570224761963,6.370572090148926,6.578075885772705,6.3123931884765625,6.496625900268555,15830524
2021-08-18,5.427884101867676,6.145614147186279,6.376389980316162,6.135918140411377,6.37251091003418,28713064
2021-08-19,5.64712381362915,6.393843173980713,6.426811218261719,6.0602850914001465,6.114584922790527,33842772
2021-08-20,6.260308742523193,7.088109970092773,7.3402180671691895,6.3123931884765625,6.3123931884765625,79781200
2021-08-23,6.1952223777771,7.0144171714782715,7.060959815979004,6.719644069671631,7.0376877784729,34978239
2021-08-24,6.217487812042236,7.0396270751953125,7.1113810539245605,6.927148818969727,7.049324035644531,14463530
2021-08-25,6.202073574066162,7.022173881530762,7.0376877784729,6.880606174468994,7.0357489585876465,11056615
2021-08-26,6.16781759262085,6.9833879470825195,7.1637420654296875,6.954298973083496,6.991145133972168,16427133
2021-08-27,6.340810298919678,7.179255962371826,7.227738857269287,6.979508876800537,7.006659030914307,22581959
2021-08-30,6.279149532318115,7.109442234039307,7.142409801483154,7.0396270751953125,7.121078014373779,7434158
2021-08-31,6.1883697509765625,7.006659030914307,7.124956130981445,6.861213207244873,7.115260124206543,30374495
2021-09-01,6.244894027709961,7.070655822753906,7.155984878540039,6.938784122467041,6.967874050140381,12877383
2021-09-02,6.2500319480896,7.076474189758301,7.136591911315918,6.931026935577393,7.027991771697998,14471264
2021-09-03,6.097591876983643,6.903876781463623,7.084230899810791,6.8592729568481445,7.082292079925537,32930584
2021-09-06,6.097591876983643,6.903876781463623,6.991145133972168,6.865090847015381,6.894180774688721,6473498
2021-09-08,5.761882305145264,6.523776054382324,6.905816078186035,6.523776054382324,6.89224100112915,25519629
2021-09-09,5.871501922607422,6.647891044616699,6.704130172729492,6.44814395904541,6.496625900268555,18785211
2021-09-10,5.8218302726745605,6.59165096282959,6.797215938568115,6.52765417098999,6.647891044616699,11775434
2021-09-13,5.986259460449219,6.777822971343994,6.8340630531311035,6.612983226776123,6.678918838500977,11267517
2021-09-14,6.0102386474609375,6.804973125457764,6.913572788238525,6.737098217010498,6.772005081176758,10724019
2021-09-15,5.982834815979004,6.773944854736328,6.868969917297363,6.669222831726074,6.824366092681885,8764025
2021-09-16,6.011951446533203,6.806911945343018,6.929088115692139,6.69443416595459,6.737098217010498,19408119
2021-09-17,6.041069030761719,6.839879989624023,6.868969917297363,6.742916107177734,6.793336868286133,27685885
2021-09-20,6.150689125061035,6.963994979858398,6.963994979858398,6.740976810455322,6.826304912567139,10216618
2021-09-21,6.181519508361816,6.998901844024658,7.128835201263428,6.913572788238525,6.979508876800537,11869283
2021-09-22,6.356225967407227,7.196710109710693,7.297553062438965,6.967874050140381,7.027991771697998,14378447
2021-09-23,6.383630752563477,7.227738857269287,7.2878570556640625,7.165680885314941,7.214163780212402,10372345
2021-09-24,6.4898247718811035,7.34797477722168,7.390638828277588,7.078413009643555,7.165680885314941,16705070
2021-09-27,6.536070823669434,7.400335788726807,7.479846954345703,7.227738857269287,7.274281978607178,16440540
2021-09-28,6.455568790435791,7.3091888427734375,7.431364059448242,7.282039165496826,7.3402180671691895,12502504
2021-09-29,6.556624412536621,7.423606872558594,7.545783042907715,7.254889011383057,7.3091888427734375,18283481
2021-09-30,6.606295585632324,7.479846954345703,7.842494010925293,7.441061019897461,7.679594039916992,47519417
2021-10-01,6.556624412536621,7.423606872558594,7.524449825286865,7.285916805267334,7.524449825286865,17211440
2021-10-04,6.402472496032715,7.24907112121582,7.42942476272583,7.1850738525390625,7.427485942840576,10988549
2021-10-05,6.309980392456055,7.144349098205566,7.272342205047607,7.080352783203125,7.252949237823486,10662657
2021-10-06,6.286001205444336,7.117198944091797,7.14628791809082,6.9077558517456055,7.074534893035889,15505663
2021-10-07,6.395620822906494,7.241313934326172,7.320825099945068,7.1327128410339355,7.13853120803833,11290206
2021-10-08,6.4863996505737305,7.3440961837768555,7.446878910064697,7.307250022888184,7.3440961837768555,9988184
2021-10-11,6.505239963531494,7.3654279708862305,7.472088813781738,7.196710109710693,7.210285186767578,9441077
2021-10-13,6.659393310546875,7.5399651527404785,7.582629203796387,7.3091888427734375,7.400335788726807,12354512
2021-10-14,6.714202880859375,7.602022171020508,7.605900764465332,7.446878910064697,7.543842792510986,6635928
2021-10-15,6.686797142028809,7.570992946624756,7.6388678550720215,7.514753818511963,7.603960990905762,5734568
2021-10-18,6.6559672355651855,7.536086082458496,7.636929035186768,7.427485942840576,7.510875225067139,11376319
2021-10-19,6.512092113494873,7.373186111450195,7.526390075683594,7.295613765716553,7.450757026672363,10484241
2021-10-20,6.482973575592041,7.3402180671691895,7.53026819229126,7.303370952606201,7.402275085449219,7573900
2021-10-21,6.251744747161865,7.078413009643555,7.2917351722717285,6.967874050140381,7.2917351722717285,16874204
2021-10-22,6.111294269561768,6.91939115524292,7.022173881530762,6.671162128448486,6.896120071411133,24033004
2021-10-25,6.19179630279541,7.010538101196289,7.09974479675293,6.905816078186035,6.923270225524902,13588468
2021-10-26,6.090741157531738,6.896120071411133,6.985326766967773,6.791398048400879,6.915513038635254,15094688
2021-10-27,6.21406364440918,7.0357489585876465,7.20252799987793,6.905816078186035,6.905816078186035,12990827
2021-10-28,6.186657905578613,7.004720211029053,7.136591911315918,6.965933799743652,6.9833879470825195,11868767
2021-10-29,6.029079437255859,6.826304912567139,7.103623867034912,6.826304912567139,7.033810138702393,9809768
2021-11-01,6.119859218597412,6.929088115692139,7.018294811248779,6.841819763183594,6.9077558517456055,7995703
2021-11-03,6.268872261047363,7.097805976867676,7.148228168487549,6.849576950073242,6.851515769958496,14044820
2021-11-04,6.131848335266113,6.942663192749023,7.103623867034912,6.867031097412109,7.076474189758301,9875256
2021-11-05,6.1952223777771,7.0144171714782715,7.123016834259033,6.9620561599731445,6.981449127197266,7204693
2021-11-08,6.102729797363281,6.909695148468018,7.074534893035889,6.847638130187988,6.94848108291626,15021981
2021-11-09,6.203785419464111,7.024113178253174,7.134653091430664,6.901937961578369,6.9116339683532715,8224137
2021-11-10,6.280862331390381,7.1113810539245605,7.204466819763184,6.996963024139404,7.026051998138428,10583762
2021-11-11,6.325395584106445,7.161802768707275,7.282039165496826,7.126895904541016,7.181196212768555,7224288
2021-11-12,6.174668312072754,6.991145133972168,7.223859786987305,6.92133092880249,7.142409801483154,7887932
2021-11-16,6.044495105743408,6.843759059906006,7.010538101196289,6.768126964569092,6.973691940307617,14738372
2021-11-17,5.943439960479736,6.72934103012085,6.9116339683532715,6.657587051391602,6.872848033905029,9983543
2021-11-18,5.8971943855285645,6.676980018615723,6.820487976074219,6.642073154449463,6.7836408615112305,18065876
2021-11-19,5.989686012268066,6.781702041625977,6.828245162963867,6.686676025390625,6.688615798950195,6878285
2021-11-22,5.864649772644043,6.640132904052734,6.803033828735352,6.62655782699585,6.7138261795043945,13188321
2021-11-23,5.893767833709717,6.67310094833374,6.67310094833374,6.5082621574401855,6.628498077392578,10202695
2021-11-24,5.86122465133667,6.636254787445068,6.684737205505371,6.545107841491699,6.572257995605469,8373676
2021-11-25,5.986259460449219,6.777822971343994,6.826304912567139,6.6381940841674805,6.669222831726074,4441828
2021-11-26,5.849235534667969,6.622680187225342,6.715765953063965,6.566440105438232,6.682797908782959,9663323
2021-11-29,5.874927043914795,6.651769161224365,6.692493915557861,6.5819549560546875,6.657587051391602,7980749
2021-11-30,5.768733024597168,6.5315327644348145,6.6343159675598145,6.434568881988525,6.622680187225342,23759708
2021-12-01,5.8166913986206055,6.5858330726623535,6.66534423828125,6.440385818481445,6.525714874267578,13436350
2021-12-02,6.286001205444336,7.117198944091797,7.121078014373779,6.6381940841674805,6.675041198730469,21967817
2021-12-03,6.392194747924805,7.2374348640441895,7.307250022888184,7.123016834259033,7.123016834259033,15177708
2021-12-06,6.476121425628662,7.332459926605225,7.472088813781738,7.260706901550293,7.270402908325195,15058077
2021-12-07,6.50695276260376,7.367368221282959,7.425546169281006,7.28397798538208,7.411971092224121,14993104
2021-12-08,6.602869987487793,7.475967884063721,7.553540229797363,7.363489151000977,7.379003047943115,13149648
2021-12-09,6.558337211608887,7.425546169281006,7.518631935119629,7.353793144226074,7.42942476272583,12744861
2021-12-10,6.61657190322876,7.491481781005859,7.582629203796387,7.441061019897461,7.505056858062744,11533078
2021-12-13,6.714202880859375,7.602022171020508,7.679594039916992,7.4158501625061035,7.4682111740112305,19406056
2021-12-14,6.669669151306152,7.551599979400635,7.7416510581970215,7.545783042907715,7.67571496963501,14850269
2021-12-15,6.786140441894531,7.683472156524658,7.735833168029785,7.4371819496154785,7.563236236572266,15015277
2021-12-16,6.781001567840576,7.677653789520264,7.731954097747803,7.588447093963623,7.683472156524658,10815290
2021-12-17,6.846088409423828,7.751347064971924,7.906490802764893,7.580689907073975,7.594264984130859,37693148
2021-12-20,6.7792887687683105,7.67571496963501,7.764922142028809,7.5612969398498535,7.5923261642456055,9441592
2021-12-21,6.851226329803467,7.75716495513916,7.764922142028809,7.588447093963623,7.687351226806641,10189804
2021-12-22,6.876919269561768,7.7862548828125,7.809525966644287,7.673776149749756,7.774619102478027,9747374
2021-12-23,6.832386493682861,7.735833168029785,7.811464786529541,7.691228866577148,7.751347064971924,10823025
2021-12-27,6.859791278839111,7.766861915588379,7.8347368240356445,7.702865123748779,7.774619102478027,9754077
2021-12-28,6.8580780029296875,7.764922142028809,7.774619102478027,7.669897079467773,7.774619102478027,3790044
2021-12-29,6.825535297393799,7.728075981140137,7.774619102478027,7.667957782745361,7.774619102478027,6277550
2021-12-30,6.8820576667785645,7.792072772979736,7.823101043701172,7.681532859802246,7.735833168029785,10416175
2022-01-03,6.842662811279297,7.747468948364258,7.904551029205322,7.666018962860107,7.850251197814941,10158349
2022-01-04,6.65425443649292,7.534146785736084,7.735833168029785,7.441061019897461,7.735833168029785,18153537
2022-01-05,6.368216037750244,7.210285186767578,7.547721862792969,7.17537784576416,7.545783042907715,13399739
2022-01-06,6.202073574066162,7.022173881530762,7.2354960441589355,7.016355991363525,7.200589179992676,7695594
2022-01-07,6.073613166809082,6.876727104187012,7.004720211029053,6.836001873016357,6.9620561599731445,17949854
2022-01-10,5.957141876220703,6.744854927062988,6.841819763183594,6.647891044616699,6.816608905792236,10232603
2022-01-11,5.962279796600342,6.750672817230225,6.795277118682861,6.663404941558838,6.708008766174316,7893089
2022-01-12,6.042782783508301,6.841819763183594,6.872848033905029,6.682797908782959,6.719644069671631,11217499
2022-01-13,6.037643909454346,6.836001873016357,6.89224100112915,6.752612113952637,6.841819763183594,10542510
2022-01-14,6.013665199279785,6.808852195739746,6.880606174468994,6.779761791229248,6.836001873016357,4884258
2022-01-17,6.065049648284912,6.867031097412109,6.95623779296875,6.793336868286133,6.830183982849121,5498915
2022-01-18,5.97084379196167,6.760368824005127,6.89224100112915,6.740976810455322,6.832122802734375,6114604
2022-01-19,6.11300802230835,6.92133092880249,6.973691940307617,6.795277118682861,6.814670085906982,7952389
2022-01-20,6.166105270385742,6.981449127197266,7.1075029373168945,6.954298973083496,6.960115909576416,8135961
2022-01-21,6.166105270385742,6.981449127197266,7.078413009643555,6.9077558517456055,6.952359199523926,9006897
2022-01-24,6.071900367736816,6.8747878074646,7.0357489585876465,6.777822971343994,6.9116339683532715,8486604
2022-01-25,6.104443073272705,6.9116339683532715,6.915513038635254,6.642073154449463,6.7623090744018555,16431774
2022-01-26,6.205498695373535,7.026051998138428,7.17537784576416,6.8747878074646,6.925209045410156,23023357
2022-01-27,6.3373847007751465,7.17537784576416,7.231616973876953,7.072595119476318,7.126895904541016,16125992
2022-01-28,6.251744747161865,7.078413009643555,7.204466819763184,7.024113178253174,7.128835201263428,14650711
2022-01-31,6.399045467376709,7.245192050933838,7.297553062438965,7.031869888305664,7.062899112701416,13324969
2022-02-01,6.340810298919678,7.179255962371826,7.375124931335449,7.144349098205566,7.278160095214844,13140881
2022-02-02,6.238042831420898,7.062899112701416,7.204466819763184,7.002780914306641,7.1598639488220215,11510905
2022-02-03,6.28428840637207,7.115260124206543,7.152105808258057,6.973691940307617,7.070655822753906,13575576
2022-02-04,6.143838405609131,6.95623779296875,7.13853120803833,6.905816078186035,7.13853120803833,9600413
2022-02-07,6.099305152893066,6.905816078186035,7.000842094421387,6.8592729568481445,6.950419902801514,6405947
2022-02-08,6.133560657501221,6.944602012634277,7.031869888305664,6.797215938568115,6.826304912567139,7393937
2022-02-09,6.131848335266113,6.942663192749023,7.074534893035889,6.899998188018799,7.010538101196289,10193929
2022-02-10,6.1626787185668945,6.977570056915283,7.049324035644531,6.913572788238525,6.929088115692139,6977290
2022-02-11,6.174668312072754,6.991145133972168,7.1075029373168945,6.938784122467041,7.031869888305664,12479300
2022-02-14,6.068474769592285,6.870909214019775,7.043506145477295,6.822426795959473,6.998901844024658,11193779
2022-02-15,6.239755153656006,7.06483793258667,7.070655822753906,6.839879989624023,6.938784122467041,7986422
2022-02-16,6.306554794311523,7.1404709815979,7.192831039428711,7.072595119476318,7.117198944091797,10241885
2022-02-17,6.412749290466309,7.260706901550293,7.31888484954834,7.0396270751953125,7.142409801483154,20327011
2022-02-18,6.481260299682617,7.338277816772461,7.491481781005859,7.218041896820068,7.272342205047607,15329825
2022-02-21,6.710777282714844,7.598143100738525,7.656322002410889,7.342156887054443,7.398396015167236,18035453
2022-02-22,6.80155611038208,7.700925827026367,7.778497219085693,7.574872016906738,7.623353958129883,16275532
2022-02-23,6.803268909454346,7.702865123748779,7.811464786529541,7.667957782745361,7.667957782745361,11745011
2022-02-24,6.888908863067627,7.799829959869385,7.844432830810547,7.497300148010254,7.5612969398498535,14822423
2022-02-25,7.0927324295043945,8.03060531616211,8.17799186706543,7.747468948364258,7.747468948364258,24952928
2022-03-02,7.157818794250488,8.104297637939453,8.158598899841309,7.803708076477051,8.03060531616211,24138197
2022-03-03,7.21434211730957,8.168294906616211,8.24974536895752,8.017029762268066,8.100419998168945,19741746
2022-03-04,7.2605881690979,8.220656394958496,8.24974536895752,8.042241096496582,8.168294906616211,12970201
2022-03-07,7.091019630432129,8.028665542602539,8.207080841064453,7.908430099487305,7.978243827819824,14950305
2022-03-08,7.041349411010742,7.972426891326904,8.081027030944824,7.801768779754639,8.053876876831055,17760610
2022-03-09,7.431869029998779,8.41458511352539,8.432039260864258,7.974366188049316,8.011212348937988,19863440
2022-03-10,7.243460655212402,8.201263427734375,8.338953018188477,8.104297637939453,8.292409896850586,14735794
2022-03-11,7.166383266448975,8.113994598388672,8.245866775512695,8.048059463500977,8.240049362182617,10047484
2022-03-14,7.2674384117126465,8.228412628173828,8.337013244628906,8.086845397949219,8.203202247619629,14339773
2022-03-15,7.318822860717773,8.286591529846191,8.300167083740234,8.108177185058594,8.143083572387695,11916207
2022-03-16,7.413028717041016,8.393253326416016,8.393253326416016,8.191567420959473,8.300167083740234,12103905
2022-03-17,7.5928730964660645,8.596878051757812,8.649238586425781,8.379677772521973,8.416523933410645,19102337
2022-03-18,7.735036373138428,8.757840156555176,8.868378639221191,8.581363677978516,8.583303451538086,27769420
2022-03-21,7.793272018432617,8.823776245117188,8.911044120788574,8.711297035217285,8.744264602661133,15705220
2022-03-22,7.878910541534424,8.920740127563477,8.920740127563477,8.784990310668945,8.810200691223145,11227296
2022-03-23,7.832664489746094,8.868378639221191,8.928497314453125,8.794686317443848,8.866439819335938,9168812
2022-03-24,7.904603958129883,8.949830055236816,8.949830055236816,8.827653884887695,8.916861534118652,16353395
2022-03-25,7.680224418640137,8.695781707763672,8.792746543884277,8.507671356201172,8.701600074768066,19341084
2022-03-28,7.550052642822266,8.548396110534668,8.767536163330078,8.49797534942627,8.67638874053955,17120170
2022-03-29,7.697353363037109,8.715174674987793,8.87613582611084,8.542577743530273,8.670572280883789,16064114
2022-03-30,7.748737812042236,8.773353576660156,8.810200691223145,8.66087532043457,8.71711540222168,13842169
2022-03-31,8.171802520751953,9.252359390258789,9.252359390258789,8.755900382995605,8.75977897644043,38666184
2022-04-01,8.781560897827148,9.942747116088867,10.033892631530762,9.300841331481934,9.324112892150879,53402494
2022-04-04,8.829519271850586,9.997047424316406,10.049407958984375,9.698395729064941,9.923354148864746,24761105
2022-04-05,8.754155158996582,9.911718368530273,10.103708267211914,9.783724784851074,10.014500617980957,17348088
2022-04-06,8.618844985961914,9.758514404296875,9.95244312286377,9.58979606628418,9.847721099853516,16573579
2022-04-07,8.872339248657227,10.04552936553955,10.084315299987793,9.690638542175293,9.715849876403809,30686465
2022-04-08,8.846647262573242,10.016440391540527,10.028076171875,9.843843460083008,9.997047424316406,15191115
2022-04-11,8.791837692260742,9.954381942749023,10.152190208435059,9.85353946685791,9.890385627746582,10189288
2022-04-12,8.651387214660645,9.795360565185547,10.053285598754883,9.774027824401855,10.053285598754883,15789271
2022-04-13,8.697632789611816,9.847721099853516,9.880688667297363,9.71003246307373,9.754634857177734,10937499
2022-04-14,8.611992835998535,9.750757217407227,9.834145545959473,9.677063941955566,9.801177978515625,11647037
2022-04-18,8.600003242492676,9.737181663513184,9.843843460083008,9.665428161621094,9.715849876403809,7995188
2022-04-19,8.269431114196777,9.362898826599121,9.717788696289062,9.295022964477539,9.677063941955566,25435062
2022-04-20,8.110139846801758,9.182543754577637,9.366777420043945,9.103034019470215,9.28726577758789,33353418
2022-04-22,7.94742488861084,8.998311996459961,9.060368537902832,8.947890281677246,9.004130363464355,19950585
2022-04-25,8.002232551574707,9.060368537902832,9.075882911682129,8.889711380004883,8.942071914672852,15008058
2022-04-26,7.904603958129883,8.949830055236816,9.004130363464355,8.874197006225586,8.920740127563477,13841653
2022-04-27,7.909741401672363,8.955647468566895,9.081701278686523,8.852865219116211,9.075882911682129,17123779
2022-04-28,7.930295944213867,8.97891902923584,9.062308311462402,8.852865219116211,8.92267894744873,14782718
2022-04-29,7.785650730133057,8.635663986206055,8.969222068786621,8.635663986206055,8.967283248901367,17451219
2022-05-02,7.838102340698242,8.693842887878418,8.765597343444824,8.548396110534668,8.670572280883789,19264252
2022-05-03,7.811875343322754,8.664753913879395,8.740386009216309,8.608513832092285,8.637603759765625,19920677
2022-05-04,7.9185285568237305,8.783049583435059,8.823776245117188,8.439796447753906,8.583303451538086,33135298
2022-05-05,7.672003269195557,8.509610176086426,8.666692733764648,8.406827926635742,8.620149612426758,19882519
2022-05-06,7.710468769073486,8.552274703979492,8.622089385986328,8.453371047973633,8.525124549865723,21905423
2022-05-09,7.909786701202393,8.773353576660156,8.856743812561035,8.474702835083008,8.51348876953125,25092154
2022-05-10,8.044414520263672,8.92267894744873,9.000250816345215,8.781110763549805,8.794686317443848,15812991
2022-05-11,7.897548198699951,8.75977897644043,8.947890281677246,8.742324829101562,8.92267894744873,11444901
2022-05-12,7.878316402435303,8.738447189331055,8.874197006225586,8.639542579650879,8.689964294433594,16500872
2022-05-13,7.915031433105469,8.77917194366455,8.944011688232422,8.707418441772461,8.783049583435059,13342502
2022-05-16,7.920277118682861,8.784990310668945,8.835411071777344,8.722931861877441,8.767536163330078,14316569
2022-05-17,8.042665481567383,8.920740127563477,9.072005271911621,8.850926399230957,8.862561225891113,23899966
2022-05-18,7.7926435470581055,8.643421173095703,8.920740127563477,8.583303451538086,8.920740127563477,17661605
2022-05-19,8.009446144104004,8.883893966674805,8.895528793334961,8.596878051757812,8.625967979431152,24141291
2022-05-20,8.035672187805176,8.912982940673828,9.130184173583984,8.77917194366455,8.965344429016113,18765101
2022-05-23,8.334650039672852,9.24460220336914,9.327990531921387,8.891651153564453,9.039036750793457,29894423
2022-05-24,8.413328170776367,9.331870079040527,9.355140686035156,9.033219337463379,9.209694862365723,20799349
2022-05-25,8.465780258178711,9.39004898071289,9.438530921936035,9.250419616699219,9.277569770812988,16460135
2022-05-26,8.415075302124023,9.333808898925781,9.393926620483398,9.184483528137207,9.366777420043945,15920247
2022-05-27,8.318913459777832,9.227148056030273,9.343505859375,9.130184173583984,9.29696273803711,19528266
2022-05-30,8.147570610046387,9.037097930908203,9.409441947937012,8.726811408996582,9.256237983703613,37141916
2022-05-31,8.00420093536377,8.87807559967041,9.137941360473633,8.837350845336914,9.031279563903809,49323169
2022-06-01,7.929019927978516,8.794686317443848,8.961464881896973,8.788867950439453,8.88001537322998,27051117
2022-06-02,8.02692985534668,8.903286933898926,8.930437088012695,8.713235855102539,8.874197006225586,18261824
2022-06-03,8.068892478942871,8.949830055236816,9.002189636230469,8.819896697998047,8.819896697998047,11356209
2022-06-06,7.936011791229248,8.80244255065918,9.037097930908203,8.655056953430176,9.035158157348633,16007908
2022-06-07,7.818869113922119,8.672511100769043,8.823776245117188,8.647299766540527,8.80632209777832,12745892
2022-06-08,7.720959186553955,8.563911437988281,8.637603759765625,8.515427589416504,8.620149612426758,7696625
2022-06-09,7.698230266571045,8.538700103759766,8.664753913879395,8.51348876953125,8.525124549865723,10112971
2022-06-10,7.526885986328125,8.348649024963379,8.536760330200195,8.29434871673584,8.4708251953125,11370132
2022-06-13,7.353793144226074,8.156659126281738,8.290470123291016,8.0771484375,8.245866775512695,15351483
2022-06-14,7.359038352966309,8.162476539611816,8.218716621398926,7.989880084991455,8.145024299621582,16095053
2022-06-15,7.448207855224609,8.261381149291992,8.305985450744629,8.137266159057617,8.243927001953125,15826914
2022-06-17,7.191191673278809,7.97630500793457,8.220656394958496,7.951094150543213,8.220656394958496,36494256
2022-06-20,7.199934482574463,7.986001968383789,8.09460163116455,7.772679805755615,8.034483909606934,9244097
2022-06-21,7.063558578491211,7.8347368240356445,8.009272575378418,7.7629828453063965,7.925883769989014,12478268
2022-06-22,7.259379863739014,8.0519380569458,8.156659126281738,7.739712238311768,7.790132999420166,17907055
2022-06-23,7.203431129455566,7.989880084991455,8.152780532836914,7.939458847045898,8.055815696716309,13915391
2022-06-24,7.311831951141357,8.110116004943848,8.170233726501465,7.875462055206299,8.011212348937988,12865523
2022-06-27,7.3887619972229,8.19544506072998,8.245866775512695,7.982122898101807,8.117873191833496,12001290
2022-06-28,7.366032123565674,8.170233726501465,8.46888542175293,8.110116004943848,8.263319969177246,20164581
2022-06-29,7.329315662384033,8.129508972167969,8.228412628173828,8.026726722717285,8.228412628173828,12672154
2022-06-30,7.373026371002197,8.17799186706543,8.17799186706543,7.885159015655518,7.972426891326904,20696734
2022-07-01,7.518143653869629,8.338953018188477,8.406827926635742,7.968547821044922,8.183809280395508,22515955
2022-07-04,7.343303680419922,8.145024299621582,8.319560050964355,8.145024299621582,8.29822826385498,7368670
2022-07-05,7.241896152496338,8.03254508972168,8.232292175292969,7.883218765258789,8.073269844055176,22255035
2022-07-06,7.2611284255981445,8.053876876831055,8.084905624389648,7.900672912597656,7.972426891326904,11457277
2022-07-07,7.395755767822266,8.203202247619629,8.27883529663086,8.05969524383545,8.12175178527832,18500055
2022-07-08,7.437717437744141,8.24974536895752,8.449492454528809,8.174113273620605,8.226473808288574,12200332
2022-07-11,7.420233249664307,8.230352401733398,8.280774116516113,8.108177185058594,8.125631332397461,8673270
2022-07-12,7.47268533706665,8.288531303405762,8.329256057739258,8.160537719726562,8.230352401733398,8022002
2022-07-13,7.42372989654541,8.234230995178223,8.348649024963379,8.218716621398926,8.238109588623047,9793267
2022-07-14,7.401000022888184,8.209019660949707,8.234230995178223,8.1023588180542,8.1023588180542,9139420
2022-07-15,7.554860591888428,8.379677772521973,8.443674087524414,8.061634063720703,8.164416313171387,11733151
2022-07-18,7.42372989654541,8.234230995178223,8.433978080749512,8.22453498840332,8.387434959411621,8257655
2022-07-19,7.449955463409424,8.263319969177246,8.313741683959961,8.146963119506836,8.29434871673584,7720861
2022-07-20,7.413239479064941,8.22259521484375,8.399070739746094,8.172174453735352,8.259442329406738,9519971
2022-07-21,7.409743309020996,8.218716621398926,8.263319969177246,8.127570152282715,8.160537719726562,10858089
2022-07-22,7.614306926727295,8.445613861083984,8.461128234863281,8.207080841064453,8.232292175292969,10409987
2022-07-25,7.654519081115723,8.490217208862305,8.558093070983887,8.439796447753906,8.484399795532227,10544057
2022-07-26,7.582834243774414,8.41070556640625,8.51348876953125,8.377738952636719,8.51348876953125,8831060
2022-07-27,7.677247524261475,8.515427589416504,8.525124549865723,8.397130966186523,8.46888542175293,6494124
2022-07-28,7.815372467041016,8.668631553649902,8.674449920654297,8.465006828308105,8.490217208862305,7683218
2022-07-29,7.8101277351379395,8.662814140319824,8.70353889465332,8.581363677978516,8.668631553649902,8819716
2022-08-01,7.836353302001953,8.691904067993164,8.796625137329102,8.600756645202637,8.62984561920166,11158199
2022-08-02,7.867825031280518,8.726811408996582,8.753960609436035,8.620149612426758,8.689964294433594,5760351
2022-08-03,7.939510345458984,8.80632209777832,8.864500999450684,8.662814140319824,8.746204376220703,13287842
2022-08-04,8.189532279968262,9.083641052246094,9.12436580657959,8.84898567199707,8.84898567199707,13664784
2022-08-05,8.128337860107422,9.015765190124512,9.149577140808105,8.93237590789795,9.089458465576172,10313045
2022-08-08,8.289189338684082,9.19417953491211,9.209694862365723,9.013826370239258,9.0778226852417,13884452
2022-08-09,8.144073486328125,9.033219337463379,9.312477111816406,9.000250816345215,9.221329689025879,16725696
2022-08-10,8.24722957611084,9.147637367248535,9.182543754577637,9.081701278686523,9.172847747802734,10716800
2022-08-11,8.021685600280762,8.897468566894531,9.279508590698242,8.84898567199707,9.201936721801758,13725115
2022-08-12,7.666757583618164,8.503791809082031,8.825715065002441,8.329256057739258,8.784990310668945,32991431
2022-08-15,7.801385879516602,8.653118133544922,8.715174674987793,8.402949333190918,8.48633861541748,20962811
2022-08-16,7.771663188934326,8.620149612426758,8.73262882232666,8.571667671203613,8.670572280883789,9670542
2022-08-17,8.100363731384277,8.984737396240234,8.984737396240234,8.565850257873535,8.571667671203613,17249599
2022-08-18,8.123093605041504,9.009947776794434,9.182543754577637,8.907164573669434,8.984737396240234,9467375
2022-08-19,8.14232349395752,9.031279563903809,9.186423301696777,8.9246187210083,8.936253547668457,18447974
2022-08-22,8.105607986450195,8.990554809570312,9.04873275756836,8.881954193115234,8.957587242126465,9550911
2022-08-23,8.250726699829102,9.15151596069336,9.188362121582031,8.938194274902344,8.990554809570312,14409902
2022-08-24,8.343390464782715,9.254298210144043,9.327990531921387,9.112730026245117,9.112730026245117,15360764
2022-08-25,8.47277545928955,9.397806167602539,9.397806167602539,9.155393600463867,9.281448364257812,22444279
2022-08-26,8.334650039672852,9.24460220336914,9.434652328491211,9.209694862365723,9.434652328491211,12515911
2022-08-29,8.408082008361816,9.326051712036133,9.436592102050781,9.16896915435791,9.178666114807129,12940293
2022-08-30,8.374862670898438,9.289205551147461,9.46374225616455,9.24072265625,9.405563354492188,12146188
2022-08-31,8.593413352966309,9.531617164611816,9.611127853393555,9.322173118591309,9.364837646484375,33697874
2022-09-01,8.567187309265137,9.502528190612793,9.667366981506348,9.39004898071289,9.620823860168457,21781666
2022-09-02,8.633627891540527,9.576221466064453,9.655732154846191,9.407502174377441,9.519981384277344,23137832
2022-09-05,8.824202537536621,9.787603378295898,9.85547924041748,9.56264591217041,9.690638542175293,13615282
2022-09-06,8.584671974182129,9.521920204162598,9.737181663513184,9.446288108825684,9.696456909179688,23190944
2022-09-08,9.014779090881348,9.99898624420166,10.002864837646484,9.611127853393555,9.715849876403809,35141700
2022-09-09,9.273543357849121,10.286001205444336,10.371330261230469,9.99898624420166,10.006743431091309,24086632
2022-09-12,9.126677513122559,10.123101234436035,10.460537910461426,10.095951080322266,10.351937294006348,17956558
2022-09-13,9.020023345947266,10.004803657531738,10.140554428100586,9.913657188415527,10.002864837646484,18704254
2022-09-14,8.960578918457031,9.938867568969727,9.99898624420166,9.861295700073242,9.973774909973145,16320909
2022-09-15,8.58292293548584,9.519981384277344,9.903961181640625,9.403623580932617,9.903961181640625,36193631
2022-09-16,8.234990119934082,9.134061813354492,9.279508590698242,8.808260917663574,9.155393600463867,91416893
2022-09-19,8.422069549560547,9.34156608581543,9.347384452819824,8.895528793334961,9.017704963684082,24849282
2022-09-20,8.373114585876465,9.28726577758789,9.434652328491211,9.12436580657959,9.357081413269043,17562084
2022-09-21,8.234990119934082,9.134061813354492,9.306658744812012,9.083641052246094,9.238783836364746,24161917
2022-09-22,8.310172080993652,9.217452049255371,9.277569770812988,9.029339790344238,9.22520923614502,19193092
2022-09-23,8.112603187561035,8.998311996459961,9.22520923614502,8.92267894744873,9.066186904907227,23314185
2022-09-26,7.7034759521484375,8.54451847076416,8.965344429016113,8.51736831665039,8.9246187210083,29521607
2022-09-27,7.64053201675415,8.474702835083008,8.62984561920166,8.379677772521973,8.62984561920166,41711110
2022-09-28,8.058401107788086,8.938194274902344,9.05067253112793,8.62984561920166,8.697722434997559,40106916
2022-09-29,8.112603187561035,8.998311996459961,9.031279563903809,8.643421173095703,8.903286933898926,28020543
2022-09-30,8.672091484069824,9.618885040283203,9.715849876403809,9.085579872131348,9.085579872131348,54076967
2022-10-03,10.140752792358398,11.24789047241211,11.63187026977539,10.666102409362793,11.09274673461914,134417135
2022-10-04,10.123268127441406,11.228496551513672,11.46509075164795,10.98996353149414,11.298311233520508,46836178
2022-10-05,10.123268127441406,11.228496551513672,11.422426223754883,11.112138748168945,11.18971061706543,24074772
2022-10-06,10.000880241394043,11.09274673461914,11.306069374084473,11.059779167175293,11.234314918518066,24781215
2022-10-07,10.039344787597656,11.135411262512207,11.1664400100708,10.9259672164917,11.052021026611328,42763556
2022-10-10,10.163481712341309,11.273100852966309,11.321582794189453,11.055899620056152,11.180014610290527,16377631
2022-10-11,10.042840957641602,11.139289855957031,11.391397476196289,11.026810646057129,11.275039672851562,27084634
2022-10-13,9.824291229248047,10.896878242492676,11.052021026611328,10.633133888244629,11.015174865722656,58445573
2022-10-14,9.5637788772583,10.607924461364746,10.933725357055664,10.530351638793945,10.896878242492676,35042180
2022-10-17,9.812051773071289,10.883302688598633,11.050082206726074,10.627317428588867,10.666102409362793,29539654
2022-10-18,9.861006736755371,10.937602996826172,11.081110954284668,10.683555603027344,11.081110954284668,20215115
2022-10-19,9.93269157409668,11.01711368560791,11.102442741394043,10.883302688598633,10.937602996826172,13744195
2022-10-20,9.902968406677246,10.984146118164062,11.148985862731934,10.82706356048584,11.112138748168945,18189633
2022-10-21,10.270134925842285,11.391397476196289,11.476725578308105,10.867789268493652,10.9007568359375,34569326
2022-10-24,10.221179008483887,11.33709716796875,11.379761695861816,11.148985862731934,11.278919219970703,17069120
2022-10-25,10.128514289855957,11.234314918518066,11.397214889526367,11.180014610290527,11.354551315307617,16450338
2022-10-26,9.939684867858887,11.024870872497559,11.20910358428955,10.902695655822754,11.032629013061523,23838087
2022-10-27,10.163481712341309,11.273100852966309,11.391397476196289,11.04814338684082,11.116018295288086,30417295
2022-10-28,10.410006523132324,11.546541213989258,11.635747909545898,11.148985862731934,11.257585525512695,33552976
2022-10-31,10.507918357849121,11.65514087677002,11.96348762512207,11.321582794189453,11.829676628112793,66301535
2022-11-01,10.539388656616211,11.690048217773438,11.849069595336914,11.459273338317871,11.676472663879395,26966034
2022-11-03,10.490433692932129,11.635747909545898,11.688109397888184,11.41079044342041,11.463150978088379,12579336
2022-11-04,10.429239273071289,11.567873001098633,11.866523742675781,11.51163387298584,11.765681266784668,14997230
2022-11-07,10.161733627319336,11.271161079406738,11.534905433654785,11.181954383850098,11.399154663085938,20443033
2022-11-08,10.210689544677734,11.325462341308594,11.381701469421387,11.024870872497559,11.2168607711792,17432140
2022-11-09,10.08480453491211,11.185832977294922,11.453454971313477,11.053960800170898,11.29055404663086,15244743
2022-11-10,9.689663887023926,10.747552871704102,11.141228675842285,10.666102409362793,11.110199928283691,29342675
2022-11-11,9.895976066589355,10.976388931274414,11.226557731628418,10.735917091369629,10.860032081604004,34103177
2022-11-14,10.109281539916992,11.212983131408691,11.3196439743042,10.94536018371582,11.102442741394043,19341084
2022-11-16,9.965912818908691,11.053960800170898,11.300251007080078,10.920149803161621,11.214921951293945,28679546
2022-11-17,9.635462760925293,10.687435150146484,10.860032081604004,10.36357307434082,10.840639114379883,40974759
2022-11-18,9.652947425842285,10.706828117370605,10.821246147155762,10.602106094360352,10.799914360046387,20785942
2022-11-21,10.35930347442627,11.490301132202148,11.525209426879883,10.912391662597656,10.92790699005127,39532479
2022-11-22,10.291115760803223,11.414669036865234,11.680352210998535,11.360368728637695,11.55817699432373,25719703
2022-11-23,10.315593719482422,11.441819190979004,11.4825439453125,11.294432640075684,11.443758010864258,15405626
2022-11-24,10.574357032775879,11.72883415222168,11.818041801452637,11.50969409942627,11.55623722076416,15294245
2022-11-25,10.506170272827148,11.653202056884766,11.96348762512207,11.40885066986084,11.62799072265625,22732013
2022-11-28,10.520157814025879,11.668716430664062,11.787013053894043,11.492240905761719,11.707502365112305,15884667
2022-11-29,10.462459564208984,11.604719161987305,11.713319778442383,11.432123184204102,11.647383689880371,16509122
2022-11-30,10.5411376953125,11.691987991333008,11.691987991333008,11.459273338317871,11.596961975097656,37349208
2022-12-01,10.530648231506348,11.680352210998535,11.818041801452637,11.519391059875488,11.614416122436523,10725051
2022-12-02,10.62506103515625,11.785074234008789,11.96348762512207,11.548480033874512,11.752105712890625,12435469
2022-12-05,10.355806350708008,11.486422538757324,11.788951873779297,11.424365043640137,11.75792407989502,10910686
2022-12-06,9.890728950500488,10.97057056427002,11.635747909545898,10.817366600036621,11.53878402709961,45010253
2022-12-07,10.04633903503418,11.143168449401855,11.242072105407715,10.906575202941895,10.906575202941895,16388459
2022-12-08,9.847021102905273,10.922088623046875,11.143168449401855,10.664162635803223,11.096625328063965,25896571
2022-12-09,9.75085735321045,10.815427780151367,11.07335376739502,10.735917091369629,10.929845809936523,18776961
2022-12-12,9.518319129943848,10.557501792907715,10.943421363830566,10.423690795898438,10.80185317993164,29002860
2022-12-13,9.441390037536621,10.472172737121582,10.796034812927246,10.377147674560547,10.557501792907715,31318655
2022-12-14,9.623224258422852,10.673859596252441,10.693252563476562,10.26272964477539,10.365511894226074,37120774
2022-12-15,9.673928260803223,10.730098724365234,10.922088623046875,10.505141258239746,10.590470314025879,15508241
2022-12-16,9.402925491333008,10.429509162902832,10.815427780151367,10.212307929992676,10.730098724365234,74877863
2022-12-19,9.572521209716797,10.617620468139648,10.65252685546875,10.33642292022705,10.33642292022705,13055283
2022-12-20,9.83128547668457,10.904635429382324,11.034567832946777,10.46247673034668,10.592409133911133,22590725
2022-12-21,9.703651428222656,10.763067245483398,11.015174865722656,10.673859596252441,10.904635429382324,19134823
2022-12-22,9.93793773651123,11.022932052612305,11.302189826965332,10.953118324279785,11.083049774169922,31233572
2022-12-23,10.159985542297363,11.269222259521484,11.370064735412598,10.904635429382324,10.94536018371582,11865158
2022-12-26,10.051583290100098,11.148985862731934,11.222679138183594,11.02099323272705,11.156743049621582,4440797
2022-12-27,9.874995231628418,10.953118324279785,11.211043357849121,10.832881927490234,11.197467803955078,8568077
2022-12-28,10.025358200073242,11.11989688873291,11.203286170959473,10.861970901489258,11.032629013061523,13200181
2022-12-29,9.99388599395752,11.084988594055176,11.265342712402344,10.943421363830566,11.199407577514648,16535936
2023-01-02,9.345227241516113,10.365511894226074,10.968631744384766,10.24527645111084,10.92790699005127,15419549
2023-01-03,9.256059646606445,10.266608238220215,10.701009750366211,10.18709659576416,10.571077346801758,19619536
2023-01-04,9.327743530273438,10.346118927001953,10.470233917236328,10.181280136108398,10.338361740112305,10222805
2023-01-05,9.560280799865723,10.604044914245605,10.683555603027344,10.309272766113281,10.408177375793457,17999357
2023-01-06,9.60399055480957,10.65252685546875,10.737855911254883,10.541988372802734,10.60598373413086,8596438
2023-01-09,9.621475219726562,10.671919822692871,10.817366600036621,10.47992992401123,10.623437881469727,11627958
2023-01-10,9.64945125579834,10.702948570251465,10.747552871704102,10.510958671569824,10.510958671569824,9837613
2023-01-11,9.761347770690918,10.82706356048584,10.856152534484863,10.596287727355957,10.689373970031738,19310145
2023-01-12,9.645954132080078,10.69906997680664,10.966692924499512,10.621499061584473,10.815427780151367,24426962
2023-01-13,9.5637788772583,10.607924461364746,10.722341537475586,10.53617000579834,10.588530540466309,10155771
2023-01-16,9.590004920959473,10.63701343536377,10.695192337036133,10.441144943237305,10.683555603027344,8693381
2023-01-17,9.677425384521484,10.733978271484375,10.792156219482422,10.596287727355957,10.664162635803223,29954239
2023-01-18,9.64945125579834,10.702948570251465,10.856152534484863,10.648649215698242,10.7979736328125,23747848
2023-01-19,9.675676345825195,10.732037544250488,10.817366600036621,10.60986328125,10.615680694580078,9928368
2023-01-20,9.371453285217285,10.394601821899414,10.757248878479004,10.258851051330566,10.716524124145508,24710055
2023-01-23,9.159897804260254,10.159947395324707,10.452779769897461,10.07461929321289,10.38684368133545,23954625
2023-01-24,9.411667823791504,10.439205169677734,10.439205169677734,10.165764808654785,10.220065116882324,16257484
2023-01-25,9.53580379486084,10.576894760131836,10.576894760131836,10.322848320007324,10.410116195678711,15048279
2023-01-26,9.45188045501709,10.483809471130371,10.658345222473145,10.415933609008789,10.607924461364746,9322992
2023-01-27,9.371453285217285,10.394601821899414,10.590470314025879,10.31702995300293,10.565258979797363,12042542
2023-01-30,9.45188045501709,10.483809471130371,10.675799369812012,10.39072322845459,10.415933609008789,10506414
2023-01-31,9.7316255569458,10.794095993041992,10.832881927490234,10.540047645568848,10.540047645568848,23035733
2023-02-01,9.721135139465332,10.78246021270752,10.943421363830566,10.633133888244629,10.737855911254883,15438112
2023-02-02,9.740367889404297,10.803791999816895,10.980267524719238,10.704888343811035,10.749491691589355,13987582
2023-02-03,9.353968620300293,10.375208854675293,10.778580665588379,10.326725959777832,10.768884658813477,15693360
2023-02-06,9.357466697692871,10.379087448120117,10.394601821899414,10.119221687316895,10.394601821899414,13649830
2023-02-07,9.034010887145996,10.020318031311035,10.456659317016602,9.966017723083496,10.456659317016602,16871110
2023-02-08,9.187871932983398,10.1909761428833,10.284062385559082,10.02613639831543,10.084315299987793,19704619
2023-02-09,9.105695724487305,10.099828720092773,10.402359008789062,10.030014991760254,10.208430290222168,49164863
2023-02-10,9.266549110412598,10.278244018554688,10.320908546447754,10.037772178649902,10.037772178649902,9284834
2023-02-13,9.353968620300293,10.375208854675293,10.43338680267334,10.220065116882324,10.272425651550293,9692715
2023-02-14,9.528809547424316,10.569137573242188,10.815427780151367,10.36357307434082,10.388784408569336,24616207
2023-02-15,9.511324882507324,10.549744606018066,10.792156219482422,10.43338680267334,10.510958671569824,19272502
2023-02-16,9.623224258422852,10.673859596252441,10.685495376586914,10.322848320007324,10.460537910461426,15265369
2023-02-17,9.62497329711914,10.675799369812012,10.817366600036621,10.571077346801758,10.623437881469727,16170338
2023-02-22,9.332989692687988,10.351937294006348,10.660284996032715,10.24333667755127,10.604044914245605,11240703
2023-02-23,9.215846061706543,10.222004890441895,10.425629615783691,10.125040054321289,10.410116195678711,13098598
2023-02-24,9.212347984313965,10.21812629699707,10.31702995300293,10.140554428100586,10.24333667755127,10880262
2023-02-27,9.329492568969727,10.348058700561523,10.413994789123535,10.173521995544434,10.222004890441895,12322026
2023-02-28,9.047999382019043,10.035833358764648,10.425629615783691,10.02613639831543,10.346118927001953,30549302
2023-03-01,9.105695724487305,10.099828720092773,10.282122611999512,9.956321716308594,10.27436637878418,18100941
2023-03-02,9.06898021697998,10.059103965759277,10.286001205444336,10.02419662475586,10.05522632598877,10108846
2023-03-03,8.990302085876465,9.97183609008789,10.132797241210938,9.938867568969727,10.064922332763672,5466429
2023-03-06,9.01128101348877,9.995107650756836,10.092071533203125,9.797300338745117,9.991229057312012,10968954
2023-03-07,9.074225425720215,10.064922332763672,10.107586860656738,9.921415328979492,9.931111335754395,6653976
2023-03-08,9.294524192810059,10.309272766113281,10.326725959777832,10.064922332763672,10.128918647766113,15520101
2023-03-09,9.1144380569458,10.109525680541992,10.355815887451172,9.995107650756836,10.299575805664062,16112070
2023-03-10,8.883647918701172,9.85353946685791,10.094011306762695,9.743000030517578,10.035833358764648,15331888
2023-03-13,9.053244590759277,10.041650772094727,10.111465454101562,9.684821128845215,9.783724784851074,23503429
2023-03-14,9.17563247680664,10.177400588989258,10.26272964477539,10.014500617980957,10.028076171875,10438348
2023-03-15,9.331241607666016,10.349998474121094,10.423690795898438,9.97183609008789,10.068800926208496,13296093
2023-03-16,9.353968620300293,10.375208854675293,10.483809471130371,10.249155044555664,10.357754707336426,15521648
2023-03-17,9.047999382019043,10.035833358764648,10.28987979888916,9.960200309753418,10.278244018554688,27653914
2023-03-20,8.825952529907227,9.789543151855469,10.016440391540527,9.727484703063965,9.973774909973145,11743980
2023-03-21,8.644118309020996,9.58785629272461,9.822510719299316,9.518041610717773,9.822510719299316,16992804
2023-03-22,8.672091484069824,9.618885040283203,9.774027824401855,9.512224197387695,9.58979606628418,15407173
2023-03-23,8.429064750671387,9.349324226379395,9.73524284362793,9.201936721801758,9.680941581726074,13848872
2023-03-24,8.273454666137695,9.176727294921875,9.364837646484375,8.726811408996582,9.349324226379395,39404082
2023-03-27,8.504244804382324,9.43271255493164,9.500588417053223,9.174786567687988,9.2155122756958,20737470
2023-03-28,8.684329986572266,9.63245964050293,9.71003246307373,9.36095905303955,9.409441947937012,17810113
2023-03-29,8.722797393798828,9.675125122070312,9.719728469848633,9.465681076049805,9.63245964050293,16925253
2023-03-30,8.906377792358398,9.87874984741211,10.006743431091309,9.704214096069336,9.820570945739746,15356639
2023-03-31,8.848679542541504,9.814752578735352,9.934989929199219,9.704214096069336,9.890385627746582,10304278
2023-04-03,8.81196403503418,9.774027824401855,9.919474601745605,9.646035194396973,9.861295700073242,22116325
2023-04-04,8.880152702331543,9.849660873413086,9.977654457092285,9.785663604736328,9.867114067077637,8792386
2023-04-05,8.719298362731934,9.671245574951172,9.832206726074219,9.500588417053223,9.832206726074219,27599771
2023-04-06,8.776996612548828,9.73524284362793,9.841903686523438,9.649913787841797,9.669306755065918,9757171
2023-04-10,8.614394187927246,9.554887771606445,9.812813758850098,9.41719913482666,9.783724784851074,30893757
2023-04-11,8.916868209838867,9.890385627746582,10.002864837646484,9.692578315734863,9.744938850402832,20735408
2023-04-12,8.981560707092285,9.962140083312988,10.09788990020752,9.85547924041748,9.909778594970703,13975207
2023-04-13,8.974565505981445,9.954381942749023,10.037772178649902,9.845782279968262,10.006743431091309,11100446
2023-04-14,8.677337646484375,9.624703407287598,9.917535781860352,9.578160285949707,9.900081634521484,31678064
2023-04-17,8.56019401550293,9.494770050048828,9.640216827392578,9.345444679260254,9.63633918762207,18283481
2023-04-18,8.315418243408203,9.223270416259766,9.547130584716797,9.223270416259766,9.547130584716797,15218960
2023-04-19,8.411580085754395,9.329931259155273,9.366777420043945,9.06812572479248,9.201936721801758,18869778
2023-04-20,8.488509178161621,9.41525936126709,9.438530921936035,9.24460220336914,9.3687162399292,18574309
2023-04-24,8.509490013122559,9.438530921936035,9.593673706054688,9.347384452819824,9.399744987487793,21042221
2023-04-25,8.53046989440918,9.461801528930664,9.512224197387695,9.291145324707031,9.349324226379395,20029996
2023-04-26,8.380107879638672,9.295022964477539,9.527737617492676,9.289205551147461,9.407502174377441,20283696
2023-04-27,8.117847442626953,9.004130363464355,9.320234298706055,8.903286933898926,9.295022964477539,31868340
2023-04-28,8.065396308898926,8.945951461791992,9.054551124572754,8.788867950439453,9.054551124572754,26701504
2023-05-02,7.99814510345459,8.625967979431152,8.82959270477295,8.523184776306152,8.728750228881836,13240402
2023-05-03,7.933411598205566,8.556153297424316,8.649238586425781,8.490217208862305,8.552274703979492,12067294
2023-05-04,8.294839859008789,8.945951461791992,9.002189636230469,8.637603759765625,8.649238586425781,20995297
2023-05-05,8.242691993713379,8.889711380004883,9.042915344238281,8.734567642211914,8.988615036010742,20924137
2023-05-08,8.262472152709961,8.911044120788574,9.002189636230469,8.761717796325684,8.969222068786621,15933138
2023-05-09,8.296636581420898,8.947890281677246,9.05067253112793,8.87807559967041,8.87807559967041,6990697
2023-05-10,8.632890701293945,9.310538291931152,9.357081413269043,8.885832786560059,8.897468566894531,25911525
2023-05-11,8.713808059692383,9.397806167602539,9.541313171386719,9.213573455810547,9.213573455810547,20107859
2023-05-12,9.346752166748047,10.080435752868652,10.173521995544434,9.541313171386719,9.696456909179688,47194041
2023-05-15,9.416881561279297,10.156068801879883,10.305394172668457,10.082375526428223,10.119221687316895,12106483
2023-05-16,9.156149864196777,9.874872207641602,10.18709659576416,9.841903686523438,10.103708267211914,14513548
2023-05-17,9.091415405273438,9.80505657196045,10.078496932983398,9.756574630737305,9.940807342529297,9387964
2023-05-18,9.168736457824707,9.888446807861328,9.919474601745605,9.686759948730469,9.793420791625977,14859035
2023-05-19,9.17593002319336,9.896203994750977,9.995107650756836,9.82444953918457,9.872932434082031,17815269
2023-05-22,9.141763687133789,9.859356880187988,10.006743431091309,9.797300338745117,9.983471870422363,5456632
2023-05-23,9.077032089233398,9.789543151855469,10.006743431091309,9.690638542175293,9.80699634552002,6695744
2023-05-24,8.996115684509277,9.702275276184082,9.80699634552002,9.638278007507324,9.717788696289062,9709731
2023-05-25,9.229873657226562,9.954381942749023,9.962140083312988,9.729425430297852,9.89814281463623,12509207
2023-05-26,9.61827278137207,10.373269081115723,10.454719543457031,10.004803657531738,10.02419662475586,33907229
2023-05-29,9.51937484741211,10.266608238220215,10.413994789123535,10.220065116882324,10.413994789123535,7404250
2023-05-30,9.44205379486084,10.183218955993652,10.425629615783691,10.138614654541016,10.3441801071167,11115915
2023-05-31,9.449247360229492,10.1909761428833,10.332544326782227,10.090132713317871,10.258851051330566,29750041
2023-06-01,9.404294967651367,10.142494201660156,10.239458084106445,9.923354148864746,10.220065116882324,13362096
2023-06-02,9.549942970275879,10.299575805664062,10.441144943237305,10.159947395324707,10.272425651550293,14524892
2023-06-05,9.393505096435547,10.130858421325684,10.367451667785645,10.05522632598877,10.357754707336426,10667298
2023-06-06,9.665024757385254,10.423690795898438,10.464415550231934,10.169644355773926,10.169644355773926,10475475
2023-06-07,9.585906028747559,10.338361740112305,10.67967700958252,10.305394172668457,10.569137573242188,13665815
2023-06-09,9.79628849029541,10.565258979797363,10.644769668579102,10.342241287231445,10.404297828674316,13388395
2023-06-12,9.835848808288574,10.607924461364746,10.737855911254883,10.460537910461426,10.685495376586914,13816386
2023-06-13,9.659629821777344,10.41787338256836,10.683555603027344,10.355815887451172,10.646710395812988,9060010
2023-06-14,9.670418739318848,10.429509162902832,10.584651947021484,10.291818618774414,10.470233917236328,24802873
2023-06-15,9.600292205810547,10.353877067565918,10.48962688446045,10.256912231445312,10.48962688446045,15581464
2023-06-16,9.668621063232422,10.427570343017578,10.557501792907715,10.258851051330566,10.320908546447754,25648027
2023-06-19,9.81606674194336,10.586590766906738,10.660284996032715,10.425629615783691,10.43532657623291,6053757
2023-06-20,9.968911170959473,10.751431465148926,10.778580665588379,10.503202438354492,10.586590766906738,12037901
2023-06-21,9.997681617736816,10.78246021270752,10.84451675415039,10.594348907470703,10.751431465148926,10039749
2023-06-22,9.817866325378418,10.588530540466309,10.753371238708496,10.514838218688965,10.710705757141113,9209033
2023-06-23,10.02645206451416,10.813488960266113,10.877485275268555,10.53617000579834,10.549744606018066,9459640
2023-06-26,9.871811866760254,10.646710395812988,10.87166690826416,10.646710395812988,10.807670593261719,11258235
2023-06-27,9.931150436401367,10.710705757141113,10.887182235717773,10.586590766906738,10.712644577026367,10131019
2023-06-28,9.837646484375,10.60986328125,10.792156219482422,10.60986328125,10.792156219482422,9609695
2023-06-29,9.986892700195312,10.770824432373047,10.811549186706543,10.619559288024902,10.664162635803223,6418839
2023-06-30,10.172100067138672,10.97057056427002,11.18971061706543,10.819306373596191,10.819306373596191,20156846
2023-07-03,10.139734268188477,10.935664176940918,11.084988594055176,10.869728088378906,10.92790699005127,21448555
2023-07-04,9.986892700195312,10.770824432373047,10.995781898498535,10.658345222473145,10.960874557495117,6592614
2023-07-05,10.069607734680176,10.860032081604004,10.964753150939941,10.668042182922363,10.763067245483398,12269429
2023-07-06,9.896985054016113,10.673859596252441,10.807670593261719,10.569137573242188,10.807670593261719,13743679
2023-07-07,10.069607734680176,10.860032081604004,10.97057056427002,10.642830848693848,10.722341537475586,11263392
2023-07-10,10.069607734680176,10.860032081604004,10.984146118164062,10.819306373596191,10.82706356048584,13552888
2023-07-11,9.889793395996094,10.666102409362793,10.780521392822266,10.470233917236328,10.780521392822266,19191029
2023-07-12,9.896985054016113,10.673859596252441,10.850335121154785,10.646710395812988,10.763067245483398,14238705
2023-07-13,9.979700088500977,10.763067245483398,10.887182235717773,10.65640640258789,10.666102409362793,9771094
2023-07-14,9.805279731750488,10.574955940246582,10.813488960266113,10.553624153137207,10.813488960266113,17566725
2023-07-17,9.745941162109375,10.510958671569824,10.60598373413086,10.452779769897461,10.574955940246582,11117978
2023-07-18,9.789095878601074,10.557501792907715,10.619559288024902,10.382966041564941,10.493504524230957,10540447
2023-07-19,9.740547180175781,10.505141258239746,10.658345222473145,10.377147674560547,10.557501792907715,18682596
2023-07-20,9.693795204162598,10.454719543457031,10.547805786132812,10.33642292022705,10.501262664794922,8503621
2023-07-21,9.931150436401367,10.710705757141113,10.792156219482422,10.412055015563965,10.501262664794922,12946996
2023-07-24,9.981497764587402,10.765006065368652,10.838699340820312,10.627317428588867,10.718462944030762,8009626
2023-07-25,10.030047416687012,10.817366600036621,11.01905345916748,10.817366600036621,10.97445011138916,7838945
2023-07-26,10.118155479431152,10.912391662597656,10.92790699005127,10.710705757141113,10.823184967041016,9359604
2023-07-27,10.15591812133789,10.953118324279785,11.003539085388184,10.786338806152344,10.995781898498535,15299917
2023-07-28,10.193679809570312,10.993843078613281,11.100503921508789,10.887182235717773,10.953118324279785,15243711
2023-07-31,10.44721794128418,11.26728343963623,11.273100852966309,10.988024711608887,11.112138748168945,16259031
2023-08-01,10.01566219329834,10.80185317993164,11.261465072631836,10.6350736618042,11.261465072631836,38467142
2023-08-02,9.940141677856445,10.720402717590332,10.953118324279785,10.714585304260254,10.7727632522583,10301185
2023-08-03,9.638051986694336,10.394601821899414,10.803791999816895,10.355815887451172,10.749491691589355,16513247
2023-08-04,9.576915740966797,10.328665733337402,10.431447982788086,10.26272964477539,10.382966041564941,11738823
2023-08-07,9.562530517578125,10.313151359558105,10.373269081115723,10.208430290222168,10.328665733337402,10071719
2023-08-08,9.668621063232422,10.427570343017578,10.499322891235352,10.103708267211914,10.105647087097168,13454914
2023-08-09,9.585906028747559,10.338361740112305,10.400420188903809,10.21812629699707,10.400420188903809,7403219
2023-08-10,9.558934211730957,10.309272766113281,10.50901985168457,10.287940979003906,10.287940979003906,11278346
2023-08-11,10.09837818145752,10.891059875488281,10.933725357055664,10.476052284240723,10.512898445129395,35886302
2023-08-14,10.100175857543945,10.892999649047852,10.991903305053711,10.710705757141113,10.860032081604004,19321489
2023-08-15,9.848434448242188,10.621499061584473,10.904635429382324,10.621499061584473,10.8755464553833,7531616
2023-08-16,10.393272399902344,11.20910358428955,11.41079044342041,10.730098724365234,10.765006065368652,52511447
2023-08-17,10.5281343460083,11.354551315307617,11.519391059875488,11.214921951293945,11.273100852966309,28090672
2023-08-18,10.76009464263916,11.604719161987305,11.606658935546875,11.098564147949219,11.354551315307617,19408635
2023-08-21,10.513748168945312,11.33903694152832,11.61247730255127,11.306069374084473,11.55817699432373,7820897
2023-08-22,10.743911743164062,11.587265968322754,11.670655250549316,11.39333724975586,11.43988037109375,12045120
2023-08-23,10.618041038513184,11.451515197753906,11.721076965332031,11.41273021697998,11.60084056854248,10290356
2023-08-24,10.643216133117676,11.478666305541992,11.707502365112305,11.379761695861816,11.571751594543457,11739854
2023-08-25,10.598261833190918,11.430183410644531,11.55817699432373,11.308008193969727,11.499998092651367,11226265
2023-08-28,10.614444732666016,11.447636604309082,11.513572692871094,11.354551315307617,11.418547630310059,8733602
2023-08-29,10.618041038513184,11.451515197753906,11.536844253540039,11.29249382019043,11.4825439453125,11008659
2023-08-30,10.56409740447998,11.39333724975586,11.593084335327148,11.36424732208252,11.505816459655762,7381561
2023-08-31,10.414851188659668,11.232376098632812,11.381701469421387,11.18971061706543,11.33709716796875,10993190
2023-09-01,10.558701515197754,11.387518882751465,11.428243637084961,11.168378829956055,11.259526252746582,8741336
2023-09-04,10.58207893371582,11.41273021697998,11.441819190979004,11.30994701385498,11.406911849975586,4069527
2023-09-05,10.531729698181152,11.358428955078125,11.45539379119873,11.20910358428955,11.333218574523926,10574480
2023-09-06,10.404062271118164,11.22074031829834,11.490301132202148,11.22074031829834,11.333218574523926,8604173
2023-09-08,10.371696472167969,11.185832977294922,11.240133285522461,11.083049774169922,11.22074031829834,7952904
2023-09-11,10.609050750732422,11.441819190979004,11.527148246765137,11.20910358428955,11.278919219970703,13081066
2023-09-12,10.695362091064453,11.534905433654785,11.567873001098633,11.370064735412598,11.474786758422852,10646672
2023-09-13,10.80324935913086,11.651262283325195,11.682291030883789,11.46509075164795,11.58144760131836,10230025
2023-09-14,11.024420738220215,11.889795303344727,12.002273559570312,11.645444869995117,11.678413391113281,17798253
2023-09-15,10.792462348937988,11.639627456665039,11.984821319580078,11.515512466430664,11.887855529785156,24929208
2023-09-18,10.891359329223633,11.746288299560547,11.866523742675781,11.614416122436523,11.614416122436523,8505168
2023-09-19,10.93271541595459,11.79089069366455,11.936338424682617,11.7482271194458,11.891735076904297,12915026
2023-09-20,10.87157917022705,11.724955558776855,11.883976936340332,11.626051902770996,11.779255867004395,13336829
2023-09-21,11.092750549316406,11.96348762512207,12.091482162475586,11.571751594543457,11.58338737487793,26889717
2023-09-22,11.029815673828125,11.895612716674805,12.130267143249512,11.837433815002441,12.002273559570312,12967622
2023-09-25,11.031615257263184,11.897553443908691,11.955731391906738,11.765681266784668,11.909188270568848,6712761
2023-09-26,10.79066276550293,11.637686729431152,11.924702644348145,11.60278034210205,11.887855529785156,14931742
2023-09-27,10.598261833190918,11.430183410644531,11.730772972106934,11.331278800964355,11.639627456665039,21511980
2023-09-28,10.655802726745605,11.492240905761719,11.548480033874512,11.372005462646484,11.387518882751465,12094107
2023-09-29,10.97407341003418,11.835494995117188,11.938278198242188,11.732712745666504,11.79089069366455,21062847
2023-10-02,10.878771781921387,11.732712745666504,12.074028015136719,11.67453384399414,11.84713077545166,17775048
2023-10-03,10.806846618652344,11.65514087677002,11.79089069366455,11.616354942321777,11.690048217773438,16520982
2023-10-04,10.939908981323242,11.798648834228516,11.885916709899902,11.596961975097656,11.629929542541504,16019252
2023-10-05,10.878771781921387,11.732712745666504,11.965428352355957,11.65514087677002,11.798648834228516,9880928
2023-10-06,10.823030471801758,11.672595024108887,11.711380958557129,11.445697784423828,11.608597755432129,11188622
2023-10-09,11.013633728027344,11.87816047668457,11.87816047668457,11.560115814208984,11.560115814208984,8102959
2023-10-10,11.234803199768066,12.116691589355469,12.12057113647461,11.89367389678955,11.905309677124023,12076575
2023-10-11,11.179061889648438,12.056573867797852,12.145782470703125,11.916945457458496,12.075966835021973,17747719
2023-10-13,11.019026756286621,11.883976936340332,12.184568405151367,11.866523742675781,12.12057113647461,10871496
2023-10-16,11.294142723083496,12.180688858032227,12.250503540039062,11.889795303344727,12.122509956359863,30160500
2023-10-17,11.017229080200195,11.882038116455078,12.176810264587402,11.841313362121582,12.118632316589355,21830653
2023-10-18,10.70075511932373,11.540722846984863,11.866523742675781,11.494179725646973,11.83161735534668,27140324
2023-10-19,10.858991622924805,11.711380958557129,11.955731391906738,11.519391059875488,11.523268699645996,22348884
2023-10-20,10.6881685256958,11.527148246765137,11.72883415222168,11.527148246765137,11.633809089660645,27965368
2023-10-23,10.993852615356445,11.856826782226562,11.967367172241211,11.52908706665039,11.624112129211426,23266229
2023-10-24,10.916533470153809,11.773438453674316,11.949913024902344,11.75598430633545,11.926642417907715,7639903
2023-10-25,10.80145263671875,11.649323463439941,11.821920394897461,11.626051902770996,11.79089069366455,8948113
2023-10-26,10.965083122253418,11.825798988342285,11.835494995117188,11.693926811218262,11.709441184997559,12401436
2023-10-27,10.709745407104492,11.550418853759766,11.907249450683594,11.546541213989258,11.81998062133789,13628689
2023-10-30,10.53532600402832,11.36230754852295,11.690048217773438,11.308008193969727,11.560115814208984,15593324
2023-10-31,10.495767593383789,11.3196439743042,11.441819190979004,11.26728343963623,11.441819190979004,7317621
2023-11-01,10.68277359008789,11.521329879760742,11.5853271484375,11.327401161193848,11.36230754852295,18438177
2023-11-03,10.948899269104004,11.808344841003418,11.8510103225708,11.614416122436523,11.754044532775879,10716800
2023-11-06,10.896753311157227,11.752105712890625,11.924702644348145,11.622173309326172,11.852949142456055,10035108
2023-11-07,10.986660957336426,11.849069595336914,11.916945457458496,11.678413391113281,11.752105712890625,10458974
2023-11-08,10.95609188079834,11.816102027893066,11.986760139465332,11.672595024108887,11.818041801452637,9467890
2023-11-09,10.990257263183594,11.852949142456055,11.928581237792969,11.608597755432129,11.814163208007812,13288874
2023-11-10,10.99205493927002,11.854887962341309,11.955731391906738,11.732712745666504,11.955731391906738,11101477
2023-11-13,11.141301155090332,12.015849113464355,12.054635047912598,11.742408752441406,11.742408752441406,8554155
2023-11-14,11.389445304870605,12.283472061157227,12.357165336608887,11.982880592346191,11.996456146240234,17929744
2023-11-16,11.639387130737305,12.553032875061035,12.62866497039795,12.221413612365723,12.291229248046875,15019918
2023-11-17,11.626800537109375,12.539458274841309,12.642239570617676,12.463826179504395,12.634483337402344,8461337
2023-11-20,11.583643913269043,12.492915153503418,12.539458274841309,12.362981796264648,12.539458274841309,6748856
2023-11-21,11.686138153076172,12.60345458984375,12.60539436340332,12.421160697937012,12.489035606384277,6067164
2023-11-22,11.867752075195312,12.799323081970215,12.86913776397705,12.634483337402344,12.634483337402344,17673465
2023-11-23,12.180627822875977,13.136759757995605,13.16972827911377,12.74696159362793,12.789627075195312,14231486
2023-11-24,12.283122062683105,13.247299194335938,13.278327941894531,13.026220321655273,13.144516944885254,11681586
2023-11-27,12.171636581420898,13.127062797546387,13.400503158569336,13.107669830322266,13.353960037231445,15510304
2023-11-28,12.169839859008789,13.125123977661133,13.319052696228027,13.06888484954834,13.127062797546387,12307587
2023-11-29,12.016997337341309,12.960284233093262,13.237603187561035,12.909863471984863,13.146455764770508,14788906
2023-11-30,12.148262023925781,13.101852416992188,13.222088813781738,12.942831039428711,13.049491882324219,14875020
2023-12-01,12.346057891845703,13.31517505645752,13.31517505645752,12.983555793762207,13.167787551879883,14074212
2023-12-04,12.223784446716309,13.183302879333496,13.37723159790039,13.181363105773926,13.35783863067627,9554004
2023-12-05,12.223784446716309,13.183302879333496,13.381110191345215,13.134819984436035,13.293842315673828,11292268
2023-12-06,12.405396461486816,13.379171371459961,13.379171371459961,13.218210220336914,13.262813568115234,12766002
2023-12-07,12.216590881347656,13.175545692443848,13.416017532348633,13.047552108764648,13.369475364685059,31333093
2023-12-08,12.166242599487305,13.121245384216309,13.243420600891113,12.991312980651855,13.21627140045166,10722988
2023-12-11,12.398204803466797,13.371414184570312,13.38886833190918,13.02234172821045,13.121245384216309,12643793
2023-12-12,12.448551177978516,13.425713539123535,13.509103775024414,13.225967407226562,13.371414184570312,7165503
2023-12-13,12.847740173339844,13.856237411499023,13.945444107055664,13.4586820602417,13.474196434020996,22482953
2023-12-14,12.82076644897461,13.827146530151367,14.083133697509766,13.691396713256836,13.947383880615234,12821693
2023-12-15,12.797390937805176,13.801937103271484,14.017197608947754,13.724365234375,13.817450523376465,15370562
2023-12-18,12.984397888183594,14.003623008728027,14.063740730285645,13.741819381713867,13.95901870727539,11429947
2023-12-19,13.086893081665039,14.114163398742676,14.273184776306152,13.947383880615234,14.055983543395996,14970931
2023-12-20,13.054525375366211,14.079255104064941,14.30809211730957,14.005561828613281,14.021077156066895,14206219
2023-12-21,13.349422454833984,14.397298812866211,14.502020835876465,14.119979858398438,14.244094848632812,16748900
2023-12-22,13.46450424194336,14.521413803100586,14.664920806884766,14.339119911193848,14.395359992980957,23393080
2023-12-26,13.33323860168457,14.37984561920166,14.661043167114258,14.327485084533691,14.608681678771973,9311648
2023-12-27,13.460907936096191,14.517535209655762,14.577652931213379,14.251852035522461,14.35269546508789,6682337
2023-12-28,13.552611351013184,14.616438865661621,14.616438865661621,14.439964294433594,14.517535209655762,8153493
2024-01-02,13.23973560333252,14.27900218963623,14.612561225891113,14.152948379516602,14.612561225891113,8716070
2024-01-03,13.210965156555176,14.247974395751953,14.364331245422363,14.199490547180176,14.263487815856934,6703479
2024-01-04,13.05632495880127,14.081194877624512,14.257670402526855,13.966775894165039,14.253791809082031,7205724
2024-01-05,13.00957202911377,14.030773162841797,14.147130966186523,13.966775894165039,14.040470123291016,6891176
2024-01-08,13.173203468322754,14.20724868774414,14.20724868774414,13.935748100280762,13.972594261169434,6563221
2024-01-09,13.207368850708008,14.244094848632812,14.28869915008545,14.009441375732422,14.102526664733887,6142965
2024-01-10,13.442926406860352,14.49814224243164,14.513656616210938,14.224701881408691,14.23439884185791,9414778
2024-01-11,13.77198600769043,14.853033065795898,15.013994216918945,14.368209838867188,14.459357261657715,33170878
2024-01-12,13.852901458740234,14.940300941467285,15.043083190917969,14.666860580444336,14.854971885681152,9503471
2024-01-15,13.899653434753418,14.990721702575684,15.087686538696289,14.91702938079834,14.932543754577637,6939648
2024-01-16,13.701857566833496,14.777400016784668,15.0159330368042,14.777400016784668,14.932543754577637,12127625
2024-01-17,13.779179573059082,14.860790252685547,14.907333374023438,14.6998291015625,14.775461196899414,15682016
2024-01-18,13.620942115783691,14.690132141113281,14.94611930847168,14.630014419555664,14.87242603302002,12793332
2024-01-19,13.665894508361816,14.738614082336426,14.84333610534668,14.546625137329102,14.719222068786621,24239265
2024-01-22,13.696462631225586,14.771581649780273,14.87048625946045,14.618377685546875,14.738614082336426,16008939
2024-01-23,13.892461776733398,14.982965469360352,14.994601249694824,14.6998291015625,14.779339790344238,22201923
2024-01-24,13.737821578979492,14.81618595123291,15.174955368041992,14.765765190124512,15.029507637023926,7999313
2024-01-25,13.861892700195312,14.949996948242188,14.986844062805176,14.74443244934082,14.8627290725708,12607181
2024-01-26,13.852901458740234,14.940300941467285,15.066354751586914,14.839458465576172,14.938361167907715,8608814
2024-01-29,13.951800346374512,15.046961784362793,15.105140686035156,14.866607666015625,14.940300941467285,9940744
2024-01-30,14.056093215942383,15.159440994262695,15.184652328491211,15.045022964477539,15.083807945251465,18042156
2024-01-31,14.18016529083252,15.293251991271973,15.562812805175781,15.186591148376465,15.204044342041016,19044584
2024-02-01,14.178367614746094,15.291313171386719,15.361126899719238,15.013994216918945,15.322340965270996,13735429
2024-02-02,14.158587455749512,15.269980430603027,15.361126899719238,15.083807945251465,15.204044342041016,14548612
2024-02-05,14.25029182434082,15.368884086608887,15.394095420837402,15.085747718811035,15.269980430603027,8662442
2024-02-06,14.440895080566406,15.574448585510254,15.61711311340332,15.357248306274414,15.491060256958008,7630106
2024-02-07,14.451684951782227,15.586085319519043,15.828495979309082,15.485241889953613,15.551177978515625,12274070
2024-02-08,14.199943542480469,15.314583778381348,15.655899047851562,15.266101837158203,15.626810073852539,11962616
2024-02-09,14.347393035888672,15.47360610961914,15.578328132629395,15.192408561706543,15.301009178161621,7743034
2024-02-14,14.20354175567627,15.318463325500488,15.33785629272461,15.097382545471191,15.256404876708984,11030832
2024-02-15,14.509225845336914,15.648141860961914,16.231868743896484,15.390215873718262,15.514330863952637,69592427
2024-02-16,14.644085884094238,15.793588638305664,15.8886137008667,15.479424476623535,15.644264221191406,11871346
2024-02-19,14.723203659057617,15.878917694091797,15.933218002319336,15.727652549743652,15.863404273986816,5683519
2024-02-20,14.644085884094238,15.793588638305664,15.985578536987305,15.7005033493042,15.853707313537598,11797092
2024-02-21,14.329411506652832,15.45421314239502,15.822677612304688,15.256404876708984,15.799407005310059,19121416
2024-02-22,14.525409698486328,15.665596008300781,15.822677612304688,15.485241889953613,15.487180709838867,14351117
2024-02-23,14.419318199157715,15.551177978515625,15.712139129638672,15.448394775390625,15.665596008300781,8374708
2024-02-26,14.431905746459961,15.564752578735352,15.7354097366333,15.52596664428711,15.558935165405273,9901038
2024-02-27,14.320420265197754,15.444517135620117,15.679170608520508,15.275797843933105,15.628748893737793,19909333
2024-02-28,14.30423641204834,15.42706298828125,15.504634857177734,15.209861755371094,15.397974014282227,13218745
2024-02-29,14.234108924865723,15.351430892944336,15.425124168395996,15.188529968261719,15.407670021057129,13915391
2024-03-01,14.325814247131348,15.450333595275879,15.531785011291504,15.250587463378906,15.35336971282959,10978752
2024-03-04,14.309632301330566,15.432881355285645,15.541481018066406,15.256404876708984,15.475544929504395,14814173
2024-03-05,14.239502906799316,15.357248306274414,15.508513450622559,15.240891456604004,15.508513450622559,16343082
2024-03-06,14.341998100280762,15.467787742614746,15.539542198181152,15.351430892944336,15.432881355285645,11989430
2024-03-07,14.329411506652832,15.45421314239502,15.45421314239502,15.266101837158203,15.440637588500977,10337280
2024-03-08,14.417518615722656,15.549238204956055,15.595781326293945,15.314583778381348,15.415427207946777,16374537
2024-03-11,14.043506622314453,15.145866394042969,15.541481018066406,15.141986846923828,15.463909149169922,17854974
2024-03-12,13.858296394348145,14.94611930847168,15.219558715820312,14.909272193908691,15.213741302490234,15706251
2024-03-13,13.813343048095703,14.897636413574219,15.054718971252441,14.829760551452637,14.880183219909668,14304193
2024-03-14,13.754005432128906,14.833640098571777,14.971328735351562,14.725038528442383,14.924785614013672,15169457
2024-03-15,13.755803108215332,14.835578918457031,14.938361167907715,14.74249267578125,14.853033065795898,12353481
2024-03-18,13.667694091796875,14.740553855895996,14.866607666015625,14.69594955444336,14.833640098571777,22561332
2024-03-19,13.914039611816406,15.006237030029297,15.083807945251465,14.777400016784668,14.777400016784668,14400104
2024-03-20,14.106441497802734,15.213741302490234,15.231193542480469,14.94611930847168,15.004297256469727,12402983
2024-03-21,14.158587455749512,15.269980430603027,15.357248306274414,15.145866394042969,15.225377082824707,17468235
2024-03-22,14.439096450805664,15.572509765625,16.094179153442383,15.409608840942383,15.708259582519531,28535164
2024-03-25,14.557775497436523,15.7005033493042,15.714077949523926,15.386338233947754,15.572509765625,15072515
2024-03-26,14.764561653137207,15.923521995544434,16.030183792114258,15.605478286743164,15.684988975524902,17825582
2024-03-27,14.976741790771484,16.15235710144043,16.20277976989746,15.729592323303223,16.003032684326172,18306170
2024-03-28,15.230281829833984,16.425798416137695,16.606151580810547,16.183387756347656,16.20083999633789,22022992
2024-04-01,15.08642864227295,16.270654678344727,16.425798416137695,16.115510940551758,16.425798416137695,12070387
2024-04-02,14.751975059509277,15.909947395324707,16.231868743896484,15.783892631530762,16.096118927001953,17844146
2024-04-03,15.010906219482422,16.1892032623291,16.226051330566406,15.768378257751465,15.927399635314941,15834649
2024-04-04,15.167346954345703,16.35792350769043,16.60227394104004,16.193082809448242,16.193082809448242,25532521
2024-04-05,15.133179664611816,16.321075439453125,16.373437881469727,16.167871475219727,16.266775131225586,8669145
2024-04-08,15.194317817687988,16.387012481689453,16.522762298583984,16.270654678344727,16.379255294799805,11063319
2024-04-09,15.277031898498535,16.476219177246094,16.561548233032227,16.340469360351562,16.387012481689453,12892337
2024-04-10,15.068449020385742,16.251262664794922,16.515005111694336,16.214414596557617,16.464584350585938,15362311
2024-04-11,14.81131362915039,15.973942756652832,16.24738311767578,15.950672149658203,16.227989196777344,8493823
2024-04-12,14.537995338439941,15.679170608520508,15.96230697631836,15.584145545959473,15.96230697631836,12848507
2024-04-15,14.502032279968262,15.640384674072266,15.681110382080078,15.502695083618164,15.67335319519043,12177127
2024-04-16,14.390547752380371,15.520149230957031,15.613235473632812,15.407670021057129,15.514330863952637,13156867
2024-04-17,14.644085884094238,15.793588638305664,15.8886137008667,15.50075626373291,15.556995391845703,17148531
2024-04-18,14.883238792419434,16.051515579223633,16.385072708129883,15.820738792419434,16.34822654724121,41844148
2024-04-19,15.192519187927246,16.385072708129883,16.385072708129883,15.921582221984863,16.039878845214844,35077244
2024-04-22,14.886835098266602,16.05539321899414,16.464584350585938,16.05539321899414,16.288108825683594,20423438
2024-04-23,14.942577362060547,16.115510940551758,16.387012481689453,15.871161460876465,15.999154090881348,11426338
2024-04-24,14.82390022277832,15.987518310546875,16.169811248779297,15.896370887756348,16.10969352722168,11978601
2024-04-25,14.84727668762207,16.01272964477539,16.096118927001953,15.902189254760742,15.987518310546875,16941239
2024-04-26,15.061468124389648,15.960368156433105,16.045696258544922,15.86534309387207,15.999154090881348,15455644
2024-04-29,15.072447776794434,15.972003936767578,16.070907592773438,15.904129028320312,15.960368156433105,6999979
2024-04-30,14.790617942810059,15.67335319519043,16.041818618774414,15.665596008300781,15.960368156433105,11233999
2024-05-02,14.693623542785645,15.57056999206543,15.783892631530762,15.3068265914917,15.7005033493042,35326304
2024-05-03,14.786957740783691,15.669473648071289,15.900250434875488,15.576388359069824,15.805225372314453,19067273
2024-05-06,14.59480094909668,15.465848922729492,15.754802703857422,15.465848922729492,15.566692352294922,14379994
2024-05-07,14.66617202758789,15.541481018066406,15.694684982299805,15.485241889953613,15.562812805175781,16628753
2024-05-08,14.671663284301758,15.5472993850708,15.741228103637695,15.436758995056152,15.741228103637695,11668694
2024-05-09,14.501466751098633,15.366945266723633,15.463909149169922,15.110958099365234,15.438698768615723,15463895
2024-05-10,14.349571228027344,15.205984115600586,15.386338233947754,15.112897872924805,15.37082290649414,25998670
2024-05-13,14.360550880432129,15.217618942260742,15.374702453613281,15.140048027038574,15.250587463378906,9881444
2024-05-14,14.45937442779541,15.322340965270996,15.382458686828613,15.221497535705566,15.271920204162598,8219496
2024-05-15,14.49780559539795,15.363065719604492,15.372762680053711,15.221497535705566,15.285494804382324,13192962
2024-05-16,14.59296989440918,15.463909149169922,15.640384674072266,15.343672752380371,15.382458686828613,14439810
2024-05-17,14.377021789550781,15.23507308959961,15.434820175170898,15.225377082824707,15.405731201171875,14686291
2024-05-20,14.239767074584961,15.08962631225586,15.244770050048828,15.019811630249023,15.050840377807617,15518554
2024-05-21,14.087870597839355,14.928665161132812,15.145866394042969,14.794854164123535,15.1187162399292,15660358
2024-05-22,13.7163667678833,14.534989356994629,14.856910705566406,14.482627868652344,14.847214698791504,21041190
2024-05-23,13.791399955749512,14.614500045776367,14.633893013000488,14.366271018981934,14.486507415771484,13664269
2024-05-24,13.837151527404785,14.662981986999512,14.812308311462402,14.558259963989258,14.647467613220215,11048880
2024-05-27,13.738327026367188,14.558259963989258,14.686253547668457,14.502020835876465,14.668800354003906,8028189
2024-05-28,13.657805442810059,14.472931861877441,14.645527839660645,14.36239242553711,14.581531524658203,21860045
2024-05-29,13.668784141540527,14.484566688537598,14.583471298217773,14.354635238647461,14.486507415771484,17246505
2024-05-31,13.516888618469238,14.32360553741455,14.447720527648926,14.189794540405273,14.416691780090332,48114995
2024-06-03,13.460156440734863,14.263487815856934,14.500082015991211,14.218884468078613,14.428327560424805,21010766
2024-06-04,13.665125846862793,14.48068904876709,14.62419605255127,14.201431274414062,14.273184776306152,34367191
2024-06-05,14.276368141174316,15.128412246704102,15.355308532714844,14.393421173095703,14.474870681762695,44012466
2024-06-06,14.150094032287598,14.994601249694824,15.3843994140625,14.953875541687012,14.953875541687012,27349679
2024-06-07,13.588260650634766,14.399237632751465,14.920907974243164,14.333303451538086,14.901515007019043,33120344
2024-06-10,13.743818283081055,14.564078330993652,14.583471298217773,14.313909530639648,14.333303451538086,8625315
2024-06-11,13.835321426391602,14.661043167114258,14.719222068786621,14.552441596984863,14.659104347229004,21965238
2024-06-12,13.38878345489502,14.18785572052002,14.758007049560547,14.16264533996582,14.74637222290039,26145631
2024-06-13,13.628523826599121,14.441903114318848,14.513656616210938,14.127737998962402,14.265426635742188,17752360
2024-06-14,13.725517272949219,14.544685363769531,14.610621452331543,14.25960922241211,14.35075569152832,21807965
2024-06-17,13.601073265075684,14.412814140319824,14.573775291442871,14.395359992980957,14.509778022766113,9839160
2024-06-18,13.196626663208008,13.984230041503906,14.364331245422363,13.889204978942871,14.364331245422363,23246119
2024-06-19,13.198456764221191,13.98616886138916,13.98616886138916,13.590554237365723,13.984230041503906,21680083
2024-06-20,13.187477111816406,13.974534034729004,14.257670402526855,13.873689651489258,14.023015975952148,18410848
2024-06-21,13.698066711425781,14.515596389770508,14.651346206665039,14.16070556640625,14.2809419631958,38760548
2024-06-24,14.261727333068848,15.112897872924805,15.112897872924805,14.651346206665039,14.684313774108887,28711517
2024-06-25,14.203165054321289,15.050840377807617,15.33785629272461,14.990721702575684,15.1187162399292,22255035
2024-06-26,13.954276084899902,14.787096977233887,15.122593879699707,14.77352237701416,14.932543754577637,25214363
2024-06-27,13.562640190124512,14.372088432312012,14.922846794128418,14.098648071289062,14.311969757080078,69529002
2024-06-28,13.720026969909668,14.538866996765137,14.633893013000488,14.03271198272705,14.156826972961426,45640380
2024-07-01,14.301989555358887,15.155562400817871,15.339795112609863,14.298395156860352,14.35269546508789,56353572
2024-07-02,14.247086524963379,15.097382545471191,15.359188079833984,15.013994216918945,15.149744033813477,31915780
2024-07-03,14.759506225585938,15.640384674072266,15.725713729858398,15.122593879699707,15.16525936126709,19606129
2024-07-04,14.951663970947266,15.844011306762695,16.125207901000977,15.723774909973145,15.723774909973145,31412503
2024-07-05,15.02120590209961,15.917703628540039,15.96424674987793,15.727652549743652,15.876978874206543,31552245
2024-07-08,15.20970344543457,16.117450714111328,16.290048599243164,15.942914009094238,15.989457130432129,19899536
2024-07-09,15.421989440917969,16.3424072265625,16.483976364135742,16.150419235229492,16.150419235229492,29924847
2024-07-10,15.57388687133789,16.50337028503418,16.619726181030273,16.237686157226562,16.359861373901367,26073440
2024-07-11,15.432971954345703,16.35404396057129,16.677906036376953,16.257080078125,16.58094024658203,24622910
2024-07-12,15.217023849487305,16.125207901000977,16.396709442138672,16.09999656677246,16.29974365234375,31455303
2024-07-15,14.946174621582031,15.8381929397583,16.193082809448242,15.8381929397583,16.154296875,16452400
2024-07-16,14.924213409423828,15.814921379089355,15.902189254760742,15.630688667297363,15.750925064086914,37793184
2024-07-17,15.226174354553223,16.134904861450195,16.31138038635254,15.708259582519531,15.708259582519531,31693018
2024-07-18,15.010225296020508,15.906067848205566,16.251262664794922,15.857585906982422,16.028242111206055,33196660
2024-07-19,15.537285804748535,16.464584350585938,16.50337028503418,15.628748893737793,15.669473648071289,242371512
2024-07-22,15.921602249145508,16.871835708618164,17.193756103515625,16.425798416137695,16.460704803466797,106639463
2024-07-23,16.221731185913086,17.189878463745117,17.189878463745117,16.39089012145996,16.79620361328125,121061226
2024-07-24,16.3242130279541,17.298479080200195,17.298479080200195,16.72832679748535,17.098731994628906,69245909
2024-07-25,15.87035846710205,16.817535400390625,17.290721893310547,16.817535400390625,17.135578155517578,34347080
2024-07-26,15.88499927520752,16.833049774169922,16.8737735748291,16.542156219482422,16.716691970825195,22287521
2024-07-29,15.84107780456543,16.78650665283203,16.881532669067383,16.627483367919922,16.79426383972168,14392885
2024-07-30,15.985652923583984,16.93971061706543,17.03473663330078,16.7011775970459,16.767112731933594,40557596
2024-07-31,16.148527145385742,17.112306594848633,17.302358627319336,16.951345443725586,16.9765567779541,28614574
2024-08-01,16.40290641784668,17.381868362426758,17.546707153320312,17.17824363708496,17.17824363708496,25206113
2024-08-02,16.344343185424805,17.31981086730957,17.47301483154297,17.23448371887207,17.43423080444336,16545733
2024-08-05,16.21807289123535,17.18600082397461,17.236421585083008,16.924196243286133,17.025039672851562,14651227
2024-08-06,16.40656852722168,17.3857479095459,17.42259407043457,17.18212127685547,17.193756103515625,20335262
2024-08-07,16.816503524780273,17.820148468017578,17.837602615356445,17.414836883544922,17.453622817993164,35139122
2024-08-08,16.955591201782227,17.9675350189209,18.09164810180664,17.727062225341797,17.773605346679688,31040202
2024-08-09,17.81205940246582,18.8751220703125,18.92942237854004,18.277820587158203,18.520233154296875,53686618
2024-08-12,17.780948638916016,18.84215545654297,19.045780181884766,18.615257263183594,19.003116607666016,21273233
2024-08-13,17.95480728149414,19.02638816833496,19.086505889892578,18.83245849609375,19.005056381225586,27890599
2024-08-14,18.201866149902344,19.288192749023438,19.350250244140625,18.890636444091797,18.9274845123291,21315001
2024-08-15,18.051799774169922,19.129169464111328,19.31728172302246,19.043840408325195,19.307584762573242,25781065
2024-08-16,18.062782287597656,19.140806198120117,19.290130615234375,19.065174102783203,19.284313201904297,23630795
2024-08-19,17.843170166015625,18.908090591430664,19.27849578857422,18.747129440307617,19.239709854125977,30204330
2024-08-20,18.223827362060547,19.311464309692383,19.32503890991211,18.867366790771484,18.894515991210938,26549387
2024-08-21,18.200037002563477,19.286252975463867,19.377399444580078,19.197044372558594,19.295949935913086,11665600
2024-08-22,17.835851669311523,18.900333404541016,19.292070388793945,18.861547470092773,19.200923919677734,17943151
2024-08-23,17.715068817138672,18.772340774536133,19.043840408325195,18.714162826538086,18.946876525878906,13435835
2024-08-26,17.641864776611328,18.69476890563965,19.07293128967285,18.673437118530273,18.813066482543945,29538107
2024-08-27,17.605262756347656,18.655982971191406,18.78591537475586,18.560958862304688,18.714162826538086,12638636
2024-08-28,17.632715225219727,18.685073852539062,18.718040466308594,18.535747528076172,18.655982971191406,23985564
2024-08-29,17.457027435302734,18.4989013671875,18.685073852539062,18.20025062561035,18.55320167541504,17862194
2024-08-30,17.336244583129883,18.370906829833984,18.413572311401367,18.169221878051758,18.326303482055664,50780402
2024-09-02,17.268531799316406,18.29915428161621,18.39417839050293,18.064498901367188,18.33793830871582,14125777
2024-09-03,17.330753326416016,18.365089416503906,18.52992820739746,18.237096786499023,18.332122802734375,13382207
2024-09-04,17.491798400878906,18.535747528076172,18.623014450073242,18.275882720947266,18.429086685180664,15799585
2024-09-05,17.455198287963867,18.49696159362793,18.582290649414062,18.38836097717285,18.52992820739746,13504932
2024-09-06,17.33990478515625,18.374786376953125,18.53962516784668,18.268125534057617,18.425207138061523,10542510
2024-09-09,17.347225189208984,18.382543563842773,18.392240524291992,18.211885452270508,18.392240524291992,12389061
2024-09-10,17.61441421508789,18.665679931640625,18.844093322753906,18.293336868286133,18.293336868286133,21432570
2024-09-11,17.336244583129883,18.370906829833984,18.67731475830078,18.272003173828125,18.570653915405273,14062868
2024-09-12,17.274023056030273,18.30497169494629,18.39417839050293,18.182796478271484,18.29915428161621,26148210
2024-09-13,17.29964256286621,18.332122802734375,18.471750259399414,18.328243255615234,18.45235824584961,22221518
2024-09-16,17.660167694091797,18.714162826538086,18.714162826538086,18.289457321166992,18.289457321166992,16453947
2024-09-17,17.603431701660156,18.654043197631836,18.78203773498535,18.520233154296875,18.675376892089844,11586190
2024-09-18,17.581472396850586,18.63077163696289,18.78591537475586,18.524110794067383,18.562896728515625,11681070
2024-09-19,17.380165100097656,18.417449951171875,18.749069213867188,18.417449951171875,18.63465118408203,11639302
2024-09-20,17.32343292236328,18.357332229614258,18.467872619628906,18.186674118041992,18.33987808227539,28703782
2024-09-23,17.13310432434082,18.1556453704834,18.3612117767334,18.05092430114746,18.29527473449707,11709946
2024-09-24,16.966567993164062,17.979169845581055,18.322425842285156,17.86087417602539,18.130435943603516,17602820
2024-09-25,16.763431549072266,17.76390838623047,17.998563766479492,17.66500473022461,17.988866806030273,12613369
2024-09-26,16.717679977416992,17.71542739868164,17.996623992919922,17.628158569335938,17.996623992919922,25831599
2024-09-27,16.485261917114258,17.46913719177246,17.80269432067871,17.383808135986328,17.699913024902344,27669384
2024-09-30,16.543825149536133,17.53119468688965,17.540891647338867,17.304296493530273,17.482711791992188,17469782
2024-10-01,16.476110458374023,17.459440231323242,17.674701690673828,17.436168670654297,17.540891647338867,11669726
2024-10-02,16.490751266479492,17.47495460510254,17.744516372680664,17.447805404663086,17.744516372680664,13388395
2024-10-03,16.236371994018555,17.205392837524414,17.31787109375,17.104549407958984,17.296539306640625,22143139
2024-10-04,16.126569747924805,17.08903694152832,17.201515197753906,17.03473663330078,17.08515739440918,12547881
2024-10-07,16.377286911010742,17.354719161987305,17.62234115600586,17.333385467529297,17.502105712890625,14964744
2024-10-08,16.529184341430664,17.51568031311035,17.529254913330078,17.41871452331543,17.426471710205078,15466989
2024-10-09,16.27846336364746,17.249996185302734,17.504043579101562,17.191818237304688,17.395444869995117,17970996
2024-10-10,16.227222442626953,17.195697784423828,17.23060417175293,17.090974807739258,17.153032302856445,13415724
2024-10-11,16.122909545898438,17.08515739440918,17.240299224853516,16.974618911743164,17.13751792907715,14105667
2024-10-14,16.472450256347656,17.455562591552734,17.46719741821289,17.143335342407227,17.166606903076172,19896442
2024-10-15,16.67192840576172,17.66694450378418,17.76972770690918,17.488529205322266,17.52149772644043,17812691
2024-10-16,16.836633682250977,17.841480255126953,17.897720336914062,17.5583438873291,17.670822143554688,21056144
2024-10-17,16.944608688354492,17.95589828491211,17.979169845581055,17.608766555786133,17.789119720458984,16732915
2024-10-18,16.67009925842285,17.66500473022461,18.05092430114746,17.66500473022461,18.027652740478516,54364185
2024-10-21,16.86225700378418,17.86863136291504,17.963655471801758,17.647552490234375,17.6766414642334,12962981
2024-10-22,16.666440963745117,17.6611270904541,17.81627082824707,17.61264419555664,17.686336517333984,11244828
2024-10-23,16.49624252319336,17.48077392578125,17.653369903564453,17.41095733642578,17.490468978881836,11775434
2024-10-24,16.600555419921875,17.591312408447266,17.62428092956543,17.300418853759766,17.492408752441406,11797607
2024-10-25,16.708528518676758,17.705730438232422,17.895780563354492,17.48077392578125,17.630098342895508,12117827
2024-10-28,16.787221908569336,17.789119720458984,17.973352432250977,17.730941772460938,17.787181854248047,12193113
2024-10-29,16.851274490356445,17.85699462890625,18.023773193359375,17.773605346679688,17.85893440246582,9877318
2024-10-30,16.964738845825195,17.977230072021484,18.068378448486328,17.824026107788086,17.824026107788086,11600628
2024-10-31,16.851274490356445,17.85699462890625,17.96947479248047,17.831783294677734,17.901599884033203,17687387
2024-11-01,16.358983993530273,17.335325241088867,17.922931671142578,17.335325241088867,17.85893440246582,15719143
2024-11-04,16.741470336914062,17.740638732910156,17.80657386779785,17.42841148376465,17.482711791992188,12006962
2024-11-05,16.714019775390625,17.7115478515625,17.76972770690918,17.451683044433594,17.732879638671875,11388179
2024-11-06,16.734149932861328,17.732879638671875,17.96947479248047,17.348901748657227,17.416776657104492,12964528
2024-11-07,16.49624252319336,17.48077392578125,17.99468421936035,17.453622817993164,17.707670211791992,10706487
2024-11-08,16.35532569885254,17.33144760131836,17.43035125732422,17.201515197753906,17.259693145751953,17589929
2024-11-11,16.84761619567871,17.853116989135742,17.899660110473633,17.32562828063965,17.36635398864746,17777627
2024-11-12,17.48630714416504,18.52992820739746,18.63271141052246,17.86669158935547,17.996623992919922,31898248
2024-11-13,17.294151306152344,18.326303482055664,18.685073852539062,18.20606803894043,18.597803115844727,25162798
2024-11-14,17.625394821166992,18.67731475830078,18.828580856323242,18.273942947387695,18.332122802734375,16688569
2024-11-18,17.561342239379883,18.609439849853516,18.719980239868164,18.465932846069336,18.54350471496582,18513462
2024-11-19,17.95297622680664,19.02444839477539,19.100080490112305,18.58616828918457,18.611379623413086,18277294
2024-11-21,17.715068817138672,18.772340774536133,19.06905174255371,18.560958862304688,18.83827781677246,19558174
2024-11-22,17.940166473388672,19.010873794555664,19.010873794555664,18.747129440307617,18.869304656982422,28020027
2024-11-25,17.874282836914062,18.941059112548828,19.255224227905273,18.904212951660156,19.12141227722168,33142517
2024-11-26,18.099382400512695,19.17959213256836,19.27849578857422,18.941059112548828,19.0806884765625,16805622
2024-11-27,17.76264762878418,18.82276153564453,19.36964225769043,18.725797653198242,19.198984146118164,27157857
2024-11-28,17.193498611450195,18.219642639160156,18.77621841430664,18.116859436035156,18.749069213867188,25122062
2024-11-29,17.015981674194336,18.031530380249023,18.173099517822266,17.581615447998047,18.11298179626465,34448148
2024-12-02,16.7597713470459,17.76003074645996,18.023773193359375,17.7115478515625,17.897720336914062,16506544
2024-12-03,17.045259475708008,18.062559127807617,18.239036560058594,17.692155838012695,17.727062225341797,17957074
2024-12-04,16.746959686279297,17.7464542388916,18.132373809814453,17.6766414642334,18.039289474487305,18734161
2024-12-05,17.12029457092285,18.142070770263672,18.365089416503906,17.783302307128906,17.783302307128906,20072795
2024-12-06,16.664608001708984,17.65918731689453,18.2080078125,17.56998062133789,18.163402557373047,21004063
2024-12-09,16.666440963745117,17.6611270904541,17.824026107788086,17.504043579101562,17.694095611572266,17008273
2024-12-10,16.80918312072754,17.81239128112793,17.893842697143555,17.589372634887695,17.81239128112793,12005931
2024-12-11,16.93362808227539,17.944263458251953,18.215763092041016,17.5738582611084,17.938444137573242,18198399
2024-12-12,16.41937828063965,17.399322509765625,17.924869537353516,17.304296493530273,17.783302307128906,17500206
2024-12-13,16.362648010253906,17.339204788208008,17.51955795288086,17.217029571533203,17.47301483154297,20357435
2024-12-16,16.287614822387695,17.259693145751953,17.459440231323242,17.102611541748047,17.308176040649414,24122728
2024-12-17,16.578596115112305,17.56804084777832,17.672761917114258,17.215089797973633,17.296539306640625,45014378
2024-12-18,16.086305618286133,17.046371459960938,17.579675674438477,16.908681869506836,17.459440231323242,48174295
2024-12-19,15.95637321472168,16.908681869506836,17.18600082397461,16.852441787719727,17.067703247070312,27783343
2024-12-20,15.852057456970215,16.798141479492188,16.997888565063477,16.662391662597656,16.817535400390625,45790951
2024-12-23,16.17780876159668,17.143335342407227,17.56998062133789,16.714752197265625,16.74966049194336,39716052
2024-12-26,16.207090377807617,17.17436408996582,17.53119468688965,17.098731994628906,17.149154663085938,13405411
2024-12-27,16.157678604125977,17.12200355529785,17.383808135986328,17.12200355529785,17.350839614868164,14389791
2024-12-30,16.19611167907715,17.162729263305664,17.22478675842285,17.017282485961914,17.14139747619629,21400084
2025-01-02,16.190622329711914,17.156911849975586,17.27326774597168,16.955224990844727,17.114246368408203,15344264
2025-01-03,15.905130386352539,16.854381561279297,17.22672462463379,16.755477905273438,17.149154663085938,15646436
2025-01-06,16.117416381835938,17.07933807373047,17.249996185302734,16.904802322387695,17.044431686401367,12299337
2025-01-07,16.33153533935547,17.306236267089844,17.306236267089844,17.100671768188477,17.209272384643555,15802678
2025-01-08,15.939901351928711,16.89122772216797,17.22284698486328,16.877653121948242,17.12588119506836,16794793
2025-01-09,16.091796875,17.052188873291016,17.13945770263672,16.877653121948242,16.89510726928711,6775154
2025-01-10,16.02957534790039,16.98625373840332,17.149154663085938,16.852441787719727,17.065763473510742,16052254
2025-01-13,16.133886337280273,17.096792221069336,17.135578155517578,16.93971061706543,16.93971061706543,11895581
2025-01-14,16.157678604125977,17.12200355529785,17.356658935546875,16.811716079711914,16.997888565063477,27733840
2025-01-15,16.964738845825195,17.977230072021484,18.01601791381836,17.22866439819336,17.405139923095703,33205942
2025-01-16,16.66094970703125,17.655309677124023,17.965595245361328,17.494348526000977,17.96171760559082,13252778
2025-01-17,17.019643783569336,18.035409927368164,18.142070770263672,17.5738582611084,17.686336517333984,24110352
2025-01-20,17.12029457092285,18.142070770263672,18.363149642944336,17.886083602905273,17.953960418701172,12326667
2025-01-21,17.295982360839844,18.328243255615234,18.53962516784668,18.05674171447754,18.116859436035156,15842384
2025-01-22,17.202648162841797,18.229339599609375,18.479507446289062,18.142070770263672,18.462053298950195,13666331
2025-01-23,17.019643783569336,18.035409927368164,18.3961181640625,17.96171760559082,18.365089416503906,8633050
2025-01-24,16.98303985595703,17.996623992919922,18.126556396484375,17.855056762695312,17.855056762695312,5769633
2025-01-27,17.48630714416504,18.52992820739746,18.572593688964844,17.986928939819336,18.122678756713867,12480331
2025-01-28,17.306962966918945,18.33987808227539,18.557079315185547,18.262306213378906,18.52992820739746,11277314
2025-01-29,16.995849609375,18.01019859313965,18.520233154296875,18.000503540039062,18.479507446289062,13427584
2025-01-30,17.50094985961914,18.54544448852539,18.710283279418945,18.00632095336914,18.00632095336914,15807319
2025-01-31,17.306962966918945,18.33987808227539,18.644346237182617,18.289457321166992,18.644346237182617,12791785
2025-02-03,17.603431701660156,18.654043197631836,18.654043197631836,18.215763092041016,18.227399826049805,12503020
2025-02-04,17.859642028808594,18.92554473876953,18.92554473876953,18.5493221282959,18.619136810302734,16497778
2025-02-05,17.9053955078125,18.974027633666992,18.995359420776367,18.73161506652832,18.849912643432617,14789937
2025-02-06,17.892581939697266,18.960451126098633,19.02250862121582,18.762643814086914,18.890636444091797,12163205
2025-02-07,17.66199493408203,18.716100692749023,19.117534637451172,18.59198760986328,18.910030364990234,11500076
2025-02-10,17.780948638916016,18.84215545654297,18.94493865966797,18.68313217163086,18.894515991210938,11574330
2025-02-11,17.94382667541504,19.014751434326172,19.117534637451172,18.844093322753906,18.906152725219727,13211526
2025-02-12,17.76264762878418,18.82276153564453,18.9779052734375,18.628833770751953,18.752948760986328,18000388
2025-02-13,18.08474349975586,19.164077758789062,19.197044372558594,18.706405639648438,18.706405639648438,11543906
2025-02-14,18.5935001373291,19.703201293945312,19.703201293945312,19.158260345458984,19.198984146118164,15337560
2025-02-17,18.426965713500977,19.52672576904297,19.76137924194336,19.454971313476562,19.703201293945312,10978236
2025-02-18,18.30984115600586,19.402610778808594,19.635324478149414,19.27267837524414,19.57326889038086,12940808
2025-02-19,18.1213436126709,19.202863693237305,19.36770248413086,19.084566116333008,19.27267837524414,10164021
2025-02-20,18.051799774169922,19.129169464111328,19.290130615234375,18.93136215209961,19.111717224121094,10298091
2025-02-21,18.035329818725586,19.111717224121094,19.28043556213379,18.898395538330078,19.195106506347656,7294932
2025-02-24,17.757158279418945,18.816944122314453,19.257164001464844,18.764583587646484,19.257164001464844,9746343
2025-02-25,17.91637420654297,18.98566246032715,19.230012893676758,18.79949188232422,18.964330673217773,17769376
2025-02-26,17.623565673828125,18.675376892089844,19.140806198120117,18.584228515625,19.109777450561523,11668694
2025-02-27,17.535720825195312,18.582290649414062,18.83051872253418,18.5338077545166,18.73161506652832,10630686
2025-02-28,17.381996154785156,18.419389724731445,18.68313217163086,18.30109214782715,18.52992820739746,23416284
2025-03-05,17.2227783203125,18.25067138671875,18.44654083251953,18.072256088256836,18.38448143005371,13614250
2025-03-06,17.231929779052734,18.26036834716797,18.485326766967773,18.15176773071289,18.363149642944336,15949124
2025-03-07,17.603431701660156,18.654043197631836,18.77621841430664,18.025712966918945,18.074195861816406,16969599
2025-03-10,17.722389221191406,18.78009796142578,18.88482093811035,18.48920440673828,18.535747528076172,17303226
2025-03-11,17.557682037353516,18.605562210083008,18.772340774536133,18.415510177612305,18.708343505859375,16056895
2025-03-12,17.52657127380371,18.572593688964844,18.857669830322266,18.479507446289062,18.601682662963867,12753111
2025-03-13,17.8962459564209,18.964330673217773,19.005056381225586,18.25261116027832,18.681194305419922,18339687
2025-03-14,18.172584533691406,19.257164001464844,19.27267837524414,18.811126708984375,19.166017532348633,20069701
2025-03-17,18.41049575805664,19.5092716217041,19.548057556152344,19.152442932128906,19.352188110351562,25971856
2025-03-18,18.350101470947266,19.445274353027344,19.549997329711914,19.288192749023438,19.5092716217041,13731819
2025-03-19,18.78565788269043,19.90682601928711,20.023183822631836,19.398731231689453,19.584903717041016,43775266
2025-03-20,18.653892517089844,19.767196655273438,19.9882755279541,19.67217254638672,19.9029483795166,33955185
2025-03-21,18.54775047302246,19.65471839904785,19.846708297729492,19.394853591918945,19.846708297729492,28349013
2025-03-24,18.08108139038086,19.160198211669922,19.741985321044922,19.12529182434082,19.741985321044922,25408249
2025-03-25,18.68500518798828,19.8001651763916,20.071666717529297,19.433639526367188,19.47048568725586,27054211
2025-03-26,18.589839935302734,19.699321746826172,19.89712905883789,19.66441535949707,19.893251419067383,12548913
2025-03-27,19.034547805786133,20.170570373535156,20.263656616210938,19.850587844848633,19.95530891418457,22618570
2025-03-28,18.846050262451172,19.970823287963867,20.250080108642578,19.879676818847656,20.168630599975586,9605054
2025-03-31,18.666702270507812,19.780771255493164,19.990215301513672,19.6120548248291,19.844768524169922,14377416
2025-04-01,18.730754852294922,19.84864616394043,19.877737045288086,19.50733184814453,19.633386611938477,15294245
2025-04-02,18.70513343811035,19.821496963500977,19.994094848632812,19.7128963470459,19.84864616394043,12276648
2025-04-03,19.31637954711914,20.469221115112305,20.63212013244629,19.76137924194336,19.825376510620117,17667277
2025-04-04,18.92291259765625,20.05227279663086,20.416860580444336,19.86416244506836,20.362560272216797,19172982
2025-04-07,18.639251708984375,19.75168228149414,20.168630599975586,19.590721130371094,20.00960922241211,14503235
2025-04-08,18.591670989990234,19.701261520385742,20.11045265197754,19.586843490600586,19.802104949951172,13371378
2025-04-09,18.853370666503906,19.978580474853516,20.168630599975586,19.375459671020508,19.619810104370117,19488561
2025-04-10,19.215723037719727,20.362560272216797,20.362560272216797,19.924280166625977,20.029001235961914,26318890
2025-04-11,19.585399627685547,20.754297256469727,20.864835739135742,20.385831832885742,20.459524154663086,19152871
2025-04-14,19.837947845458984,21.02191925048828,21.12858009338379,20.72714614868164,21.012222290039062,14556863
2025-04-15,19.84343910217285,21.02773666381836,21.095611572265625,20.812475204467773,20.942407608032227,15386547
2025-04-16,19.636640548706055,20.808597564697266,21.000587463378906,20.63405990600586,20.950164794921875,18332468
2025-04-17,19.949581146240234,21.140216827392578,21.184818267822266,20.694177627563477,20.723268508911133,11582065
2025-04-22,20.128931045532227,21.33026695251465,21.388444900512695,20.899742126464844,20.932710647583008,20014526
2025-04-23,20.608407974243164,21.838359832763672,21.919811248779297,21.341901779174805,21.429170608520508,24582174
2025-04-24,21.03481101989746,22.29021453857422,22.363908767700195,21.89459991455078,21.95665740966797,20512130
2025-04-25,21.115333557128906,22.37554359436035,22.43760108947754,22.206825256347656,22.301851272583008,20418797
2025-04-28,21.11899757385254,22.379423141479492,22.466690063476562,22.214582443237305,22.301851272583008,20681264
2025-04-29,21.031152725219727,22.28633689880371,22.58304786682129,22.197128295898438,22.47638702392578,24054661
2025-04-30,21.54193878173828,22.086589813232422,22.15252685546875,21.623098373413086,21.640552520751953,40481280
2025-05-02,21.562744140625,22.107921600341797,22.133132934570312,21.85387420654297,22.014835357666016,17661089
2025-05-05,21.451147079467773,21.99350357055664,22.158344268798828,21.81315040588379,22.158344268798828,16516341
2025-05-06,21.698930740356445,22.24755096435547,22.317365646362305,21.977989196777344,22.010957717895508,32658835
2025-05-07,21.85592269897461,22.408512115478516,22.542322158813477,22.0575008392334,22.301851272583008,25147844
2025-05-08,21.980758666992188,22.5365047454834,23.031024932861328,22.49384117126465,22.883638381958008,38705373
2025-05-09,22.116943359375,22.67613410949707,22.994178771972656,22.503536224365234,22.590805053710938,24564641
2025-05-12,21.470064163208008,22.012897491455078,22.705223083496094,21.834482192993164,22.689708709716797,26545777
2025-05-13,21.58544158935547,22.131193161010742,22.301851272583008,21.41365623474121,22.107921600341797,31168084
2025-05-14,21.58355140686035,22.129253387451172,22.354211807250977,21.985746383666992,22.010957717895508,17292913
2025-05-15,21.9410400390625,22.49578094482422,22.49578094482422,22.18937110900879,22.29215431213379,10536838
2025-05-16,21.99778175354004,22.553958892822266,22.557838439941406,22.233976364135742,22.406572341918945,16757666
2025-05-19,22.05830955505371,22.616016387939453,22.716859817504883,22.460872650146484,22.522930145263672,6593645
2025-05-20,22.569005966186523,23.139625549316406,23.21137809753418,22.546201705932617,22.662559509277344,20527600
2025-05-21,22.35338020324707,22.918546676635742,23.21719741821289,22.82546043395996,23.141563415527344,21361925
2025-05-22,21.93536376953125,22.489961624145508,22.899152755737305,22.464752197265625,22.883638381958008,16154869
2025-05-23,22.14153480529785,22.701345443725586,22.73237419128418,22.022592544555664,22.303789138793945,9975292
2025-05-26,22.408231735229492,22.97478485107422,23.135746002197266,22.711042404174805,22.747888565063477,5598952
2025-05-27,22.497129440307617,23.06593132019043,23.434396743774414,22.97090721130371,23.281192779541016,9838644
2025-05-28,22.181255340576172,22.742069244384766,23.129928588867188,22.742069244384766,23.083385467529297,11906926
2025-05-29,22.508480072021484,23.07756805419922,23.232711791992188,22.742069244384766,22.742069244384766,15047248
2025-05-30,22.20206069946289,22.763402938842773,23.203622817993164,22.546201705932617,23.203622817993164,28273212
2025-06-02,21.85592269897461,22.408512115478516,22.97090721130371,22.33675765991211,22.765342712402344,7794599
2025-06-03,21.9561710357666,22.511295318603516,22.598562240600586,22.232036590576172,22.447298049926758,12044089
2025-06-04,21.67055892944336,22.218461990356445,22.670316696166992,22.09628677368164,22.54426383972168,12173002
2025-06-05,21.76323890686035,22.313486099243164,22.402694702148438,22.04392433166504,22.323183059692383,9625680
2025-06-06,21.744327545166016,22.29409408569336,22.410451889038086,22.08271026611328,22.319305419921875,10043874
2025-06-09,21.39629364013672,21.93726348876953,22.38718032836914,21.716184616088867,22.14864730834961,13578155
2025-06-10,21.761350631713867,22.311548233032227,22.49772071838379,22.063318252563477,22.13701057434082,17733796
2025-06-11,21.827550888061523,22.379423141479492,22.569473266601562,22.13895034790039,22.214582443237305,12414843
2025-06-12,21.910776138305664,22.464752197265625,22.49578094482422,22.09434700012207,22.23979377746582,14926070
2025-06-13,21.77269744873047,22.323183059692383,22.49384117126465,22.14282989501953,22.14670753479004,12287993
2025-06-16,21.87105369567871,22.424026489257812,22.62959098815918,22.414329528808594,22.606319427490234,17630150
2025-06-17,22.090465545654297,22.648984909057617,22.648984909057617,22.24755096435547,22.356151580810547,20035152
2025-06-18,21.931581497192383,22.486083984375,22.780855178833008,22.48414421081543,22.62959098815918,9988699
2025-06-20,21.874835968017578,22.42790412902832,22.546201705932617,22.24949073791504,22.546201705932617,19422042
2025-06-23,21.56842041015625,22.113740921020508,22.377483367919922,21.970232009887695,22.369726181030273,11664053
2025-06-24,21.734867095947266,22.28439712524414,22.503536224365234,22.010957717895508,22.18549346923828,11447479
2025-06-25,21.502216339111328,22.04586410522461,22.24949073791504,21.943082809448242,22.0419864654541,9134779
2025-06-26,21.782154083251953,22.3328800201416,22.350332260131836,22.00320053100586,22.18743324279785,9018757
2025-06-27,21.761350631713867,22.311548233032227,22.38330078125,22.1951904296875,22.243671417236328,8240638
2025-06-30,22.53306770324707,23.1027774810791,23.238529205322266,22.160282135009766,22.206825256347656,17586835
2025-07-01,22.79976463317871,23.376218795776367,23.523605346679688,23.131868362426758,23.203622817993164,12492707
2025-07-02,21.79350471496582,22.34451675415039,23.424701690673828,22.301851272583008,23.424701690673828,24147994
2025-07-03,22.196388244628906,22.757585525512695,22.97672462463379,22.43760108947754,22.43760108947754,9996950
2025-07-04,22.2852840423584,22.848730087280273,22.895273208618164,22.63153076171875,22.792491912841797,3958146
2025-07-07,21.884294509887695,22.43760108947754,22.916606903076172,22.369726181030273,22.747888565063477,9601444
2025-07-08,21.627056121826172,22.173858642578125,22.233976364135742,21.9547176361084,22.20488739013672,15899621
2025-07-09,21.468170166015625,22.010957717895508,22.311548233032227,21.923688888549805,22.206825256347656,10666266
2025-07-10,21.186344146728516,21.722003936767578,21.818967819213867,21.334144592285156,21.818967819213867,21627486
2025-07-11,21.114465713500977,21.6483097076416,21.84417724609375,21.485408782958984,21.590131759643555,8011173
2025-07-14,21.065288543701172,21.597888946533203,21.70842742919922,21.506742477416992,21.588191986083984,14343383
2025-07-15,21.120140075683594,21.65412712097168,21.776302337646484,21.400081634521484,21.70454978942871,11556798
2025-07-16,21.25632667541504,21.79375648498535,21.90235710144043,21.516437530517578,21.588191986083984,10170725
2025-07-17,21.277132034301758,21.815088272094727,21.830602645874023,21.597888946533203,21.729759216308594,16905143
2025-07-18,20.934778213500977,21.46407699584961,21.875207901000977,21.402019500732422,21.578495025634766,19013129
2025-07-21,21.035024642944336,21.56686019897461,21.617280960083008,21.361295700073242,21.487348556518555,8427304
2025-07-22,20.823179244995117,21.349658966064453,21.753032684326172,21.26626968383789,21.595949172973633,12707218
2025-07-23,20.98395538330078,21.51449966430664,21.60370635986328,21.091733932495117,21.361295700073242,13665300
2025-07-24,20.6113338470459,21.132457733154297,21.30893325805664,21.095611572265625,21.225543975830078,9705606
2025-07-25,20.32383155822754,20.83768653869629,21.36711311340332,20.785324096679688,21.343841552734375,9710247
2025-07-28,20.22736930847168,20.73878288269043,20.92689323425293,20.517702102661133,20.769811630249023,13691082
2025-07-29,20.221691131591797,20.73296356201172,20.996707916259766,20.614667892456055,20.88422966003418,7898245
2025-07-30,20.609445571899414,21.13051986694336,21.33026695251465,20.63405990600586,20.73490333557129,15703673
2025-07-31,20.486499786376953,21.004465103149414,21.054887771606445,20.663150787353516,20.897804260253906,12040995
2025-08-01,20.592422485351562,21.113065719604492,21.584312438964844,20.97149658203125,21.27596664428711,20806568
2025-08-04,20.537569046020508,21.056825637817383,21.403959274291992,20.862897872924805,21.332204818725586,6518875
2025-08-05,20.352205276489258,20.866775512695312,21.177061080932617,20.756235122680664,20.93659019470215,18105066
2025-08-06,20.688886642456055,21.21196937561035,21.235240936279297,20.860958099365234,21.02385711669922,14092776
2025-08-07,21.087987899780273,21.62116050720215,21.768545150756836,21.12858009338379,21.334144592285156,19043553
2025-08-08,21.106901168823242,21.640552520751953,21.910114288330078,21.539709091186523,21.720064163208008,16616378
2025-08-11,20.98963165283203,21.52031707763672,21.56298065185547,21.151851654052734,21.535831451416016,12583461
2025-08-12,23.21588897705078,23.8028621673584,23.981277465820312,22.49578094482422,22.546201705932617,46575774
2025-08-13,22.6597957611084,23.232711791992188,23.925037384033203,23.232711791992188,23.734987258911133,25230864
2025-08-14,22.27015495300293,22.83321762084961,23.50421142578125,22.808006286621094,22.934059143066406,13732850
2025-08-15,22.026153564453125,22.58304786682129,22.941816329956055,22.507415771484375,22.839035034179688,11415509
2025-08-18,22.589813232421875,23.16095733642578,23.22495460510254,22.57529067993164,22.62765121459961,9963432
2025-08-19,21.79539680480957,22.346454620361328,22.740131378173828,22.28245735168457,22.49578094482422,13709130
2025-08-20,21.861595153808594,22.414329528808594,22.513233184814453,22.228158950805664,22.424026489257812,9592163
2025-08-21,22.05263328552246,22.610197067260742,22.86618423461914,22.377483367919922,22.418209075927734,9421482
2025-08-22,22.495241165161133,23.063993453979492,23.16095733642578,22.546201705932617,22.672256469726562,10820962
2025-08-25,22.580354690551758,23.151260375976562,23.422761917114258,23.151260375976562,23.26955795288086,7058763
2025-08-26,22.137752532958984,22.697467803955078,23.143503189086914,22.404634475708008,23.129928588867188,14743013
2025-08-27,22.71464729309082,23.288949966430664,23.3083438873291,22.796369552612305,22.903030395507812,10391424
2025-08-28,22.911361694335938,23.490636825561523,23.818376541137695,23.37040138244629,23.636083602905273,11185012
2025-08-29,23.16860008239746,23.754379272460938,23.934734344482422,23.59535789489746,23.795106887817383,26143569
2025-09-01,23.002153396606445,23.583723068237305,23.785409927368164,23.420822143554688,23.51778793334961,8049847
2025-09-02,22.835702896118164,23.41306495666504,23.65935516357422,23.292829513549805,23.46348762512207,13373956
2025-09-03,22.84137725830078,23.418882369995117,23.47124481201172,23.294767379760742,23.389793395996094,13122834
2025-09-04,22.998369216918945,23.579843521118164,23.721412658691406,23.3587646484375,23.41306495666504,19604067
2025-09-05,23.618772506713867,24.215932846069336,24.33616828918457,23.719472885131836,23.754379272460938,13214104
2025-09-08,23.64903450012207,24.246959686279297,24.371074676513672,24.027820587158203,24.27798843383789,12483425
2025-09-09,23.414491653442383,24.006488800048828,24.603790283203125,24.006488800048828,24.32453155517578,12842834
2025-09-10,23.618772506713867,24.215932846069336,24.34392547607422,23.946369171142578,24.047212600708008,9670542
2025-09-11,23.908166885375977,24.512643814086914,24.667787551879883,24.215932846069336,24.274110794067383,11812561
2025-09-12,23.724693298339844,24.32453155517578,24.400163650512695,23.963823318481445,24.221750259399414,9170359
2025-09-15,24.033002853393555,24.640636444091797,24.764751434326172,24.456403732299805,24.541732788085938,9615883
2025-09-16,23.927080154418945,24.53203582763672,24.82292938232422,24.318714141845703,24.72596549987793,10907076
2025-09-17,24.055702209472656,24.663908004760742,24.789962768554688,24.446706771850586,24.53203582763672,22734076
2025-09-18,24.469932556152344,25.088613510131836,25.29805564880371,24.619304656982422,24.67942237854004,60721662
2025-09-19,24.867141723632812,25.495864868164062,25.707246780395508,25.127399444580078,25.17394256591797,24033004
2025-09-22,24.505870819091797,25.125459671020508,25.513317108154297,24.82292938232422,25.429927825927734,18919281
2025-09-23,25.001436233520508,25.633554458618164,25.633554458618164,25.129337310791016,25.170063018798828,14186624
2025-09-24,24.80093765258789,25.427988052368164,25.726640701293945,25.2592716217041,25.720821380615234,10647187
2025-09-25,24.449127197265625,25.06728172302246,25.422170639038086,25.02655601501465,25.31938934326172,16709195
2025-09-26,24.284568786621094,24.898561477661133,25.245695114135742,24.807416915893555,25.21078872680664,11315988
2025-09-29,24.677993774414062,25.30193519592285,25.30193519592285,24.77056884765625,24.77056884765625,16185292
2025-09-30,24.999544143676758,25.631614685058594,25.674278259277344,25.358173370361328,25.385324478149414,12717015
2025-10-01,24.806615829467773,25.433807373046875,25.831361770629883,25.239877700805664,25.68979263305664,18682596
2025-10-02,24.072725296020508,24.68136215209961,25.424110412597656,24.68136215209961,25.375627517700195,15760395
2025-10-03,24.131359100341797,24.741479873657227,24.86171531677246,24.594093322753906,24.7279052734375,10829212
2025-10-06,24.08596420288086,24.694936752319336,25.012981414794922,24.52815818786621,25.012981414794922,8211762
2025-10-07,23.607423782348633,24.204296112060547,24.72014808654785,24.03557777404785,24.53203582763672,10855511
2025-10-08,23.427734375,24.020063400268555,24.42731475830078,23.85134506225586,24.351682662963867,9612789
2025-10-09,23.325593948364258,23.915342330932617,24.200416564941406,23.721412658691406,24.14223861694336,11524312
2025-10-10,23.11564064025879,23.70008087158203,24.130603790283203,23.610872268676758,23.99097442626953,18193242
2025-10-13,23.365314483642578,23.956066131591797,24.022003173828125,23.781530380249023,23.85328483581543,16416305
2025-10-14,23.6112060546875,24.208175659179688,24.404043197631836,23.85134506225586,23.861040115356445,13987067
2025-10-15,23.947885513305664,24.553367614746094,24.559186935424805,23.861040115356445,24.03363800048828,24151088
2025-10-16,24.399948120117188,25.01685905456543,25.088613510131836,24.276050567626953,24.34198570251465,17928197
2025-10-17,24.37914276123047,24.995527267456055,25.222423553466797,24.892744064331055,24.892744064331055,19683477
2025-10-20,24.64394760131836,25.26702880859375,25.427988052368164,25.088613510131836,25.16036605834961,9983543
2025-10-21,24.632598876953125,25.25539207458496,25.495864868164062,25.125459671020508,25.19721221923828,12308619
2025-10-22,24.608009338378906,25.230180740356445,25.559860229492188,25.183637619018555,25.49974250793457,12900072
2025-10-23,24.712038040161133,25.336841583251953,25.530771255493164,25.224363327026367,25.346538543701172,10264573
2025-10-24,25.17734146118164,25.813907623291016,25.924448013305664,25.30387306213379,25.44544219970703,13891156
2025-10-27,24.974952697753906,25.606403350830078,26.258005142211914,25.379507064819336,25.94771957397461,11125197
2025-10-28,24.93712615966797,25.567617416381836,25.676218032836914,25.379507064819336,25.606403350830078,9538019
2025-10-29,24.82552719116211,25.45319938659668,25.7382755279541,25.439624786376953,25.59670639038086,7246461
2025-10-30,24.942800521850586,25.573436737060547,25.773183822631836,25.294178009033203,25.385324478149414,9686011
2025-10-31,24.93523406982422,25.5656795501709,25.775121688842773,25.387264251708984,25.751850128173828,9308554
2025-11-03,25.213279724121094,25.850753784179688,25.877904891967773,25.552104949951172,25.84687614440918,10403799
2025-11-04,25.271915435791016,25.910871505737305,26.066015243530273,25.69948959350586,25.84493637084961,8972864
2025-11-05,25.773155212402344,26.424785614013672,26.5760498046875,25.79257583618164,25.910871505737305,16016674
2025-11-06,25.803417205810547,26.455812454223633,26.845611572265625,26.397634506225586,26.605138778686523,18755819
2025-11-07,25.933929443359375,26.589624404907227,26.60901641845703,26.265762329101562,26.391817092895508,10708550
2025-11-10,25.913124084472656,26.56829261779785,26.868881225585938,26.37630271911621,26.8165225982666,11752230
2025-11-11,26.037960052490234,26.696285247802734,27.00075340270996,26.009775161743164,26.31618309020996,42070520
2025-11-12,26.74725914001465,27.423519134521484,27.423519134521484,26.56635284423828,26.76222038269043,21445977
2025-11-13,26.62242317199707,27.2955265045166,27.780349731445312,27.01432991027832,27.371158599853516,30708122
2025-11-14,27.066919326782227,27.75126075744629,27.852102279663086,27.2955265045166,27.2955265045166,24400664
2025-11-17,26.31032943725586,26.975542068481445,27.78810691833496,26.929000854492188,27.75126075744629,21510433
2025-11-18,25.73910903930664,26.389877319335938,27.088022232055664,26.364667892456055,26.975542068481445,16977850
2025-11-19,25.850704193115234,26.504295349121094,26.740888595581055,26.215341567993164,26.269641876220703,14760545
2025-11-21,25.928255081176758,26.58380699157715,26.717618942260742,26.31618309020996,26.570232391357422,14167545
2025-11-24,26.59783363342285,27.270315170288086,27.270315170288086,26.545021057128906,26.581867218017578,21688849
2025-11-25,26.60161781311035,27.274194717407227,27.599994659423828,27.02402687072754,27.479759216308594,10395549
2025-11-26,26.760501861572266,27.437095642089844,27.720230102539062,27.318798065185547,27.376977920532227,13349205
2025-11-27,26.83048439025879,27.508848190307617,27.654294967651367,27.408004760742188,27.473941802978516,6337881
2025-11-28,26.66781997680664,27.342069625854492,27.63878059387207,27.060871124267578,27.63878059387207,10766819
2025-12-01,26.429494857788086,27.097719192504883,27.39636993408203,27.01626968383789,27.243165969848633,14033991
2025-12-02,27.214454650878906,27.902524948120117,28.057668685913086,27.11129379272461,27.188865661621094,37049098
2025-12-03,26.817245483398438,27.49527359008789,27.9956111907959,27.380855560302734,27.916099548339844,14366071
2025-12-04,27.133119583129883,27.819135665893555,27.867618560791016,27.524362564086914,27.59417724609375,11424275
2025-12-05,25.992563247680664,26.649742126464844,28.216690063476562,26.434480667114258,27.848224639892578,30107388
2025-12-08,25.949060440063477,26.605138778686523,26.948392868041992,26.203704833984375,26.85918617248535,16879876
2025-12-09,25.788284301757812,26.440298080444336,26.692407608032227,25.920568466186523,26.333637237548828,12025010
2025-12-10,25.536720275878906,26.182373046875,26.614835739135742,25.94771957397461,26.442237854003906,15056014
2025-12-11,25.442148208618164,26.08540916442871,26.38212013244629,25.94771957397461,26.151344299316406,12246740
2025-12-12,25.88475227355957,26.539203643798828,26.634227752685547,26.126134872436523,26.18043327331543,11324239
2025-12-15,26.29141616821289,26.95615005493164,27.10547637939453,26.533384323120117,26.698225021362305,15141097
2025-12-16,25.3002872467041,25.93996238708496,26.589624404907227,25.93996238708496,26.587684631347656,17076855
2025-12-17,25.290830612182617,25.930265426635742,26.19400978088379,25.44544219970703,25.69561004638672,27351742
2025-12-18,25.59346580505371,26.24055290222168,26.399574279785156,25.734397888183594,25.79257583618164,13021766
2025-12-19,25.788284301757812,26.440298080444336,26.932878494262695,25.970991134643555,25.970991134643555,47124428
2025-12-22,25.81855010986328,26.471328735351562,26.517871856689453,25.99232292175293,26.461631774902344,10950906
2025-12-23,26.675386428833008,27.34982681274414,27.390552520751953,26.500417709350586,26.601259231567383,34426491
2025-12-26,26.620698928833008,26.766910552978516,27.06043815612793,26.34958267211914,27.05644416809082,10566482
2025-12-29,26.295015335083008,26.439437866210938,26.930646896362305,26.2896785736084,26.707006454467773,11592631
2025-12-30,26.4896297454834,26.635122299194336,26.756925582885742,26.447423934936523,26.756925582885742,11105849
2026-01-02,26.42608070373535,26.571224212646484,26.8367977142334,26.35956573486328,26.73296546936035,15218459
2026-01-05,26.06663703918457,26.209806442260742,26.567230224609375,26.04007911682129,26.567230224609375,13385513
2026-01-06,25.911739349365234,26.054058074951172,26.73296546936035,25.97618293762207,26.50932502746582,12496083
2026-01-07,25.758827209472656,25.900304794311523,26.22178840637207,25.696632385253906,26.082012176513672,12696906
2026-01-08,26.106355667114258,26.24974250793457,26.26771354675293,25.78449249267578,25.918275833129883,13774638
2026-01-09,26.114299774169922,26.25773048400879,26.557247161865234,26.16787338256836,26.357568740844727,13731068
2026-01-12,25.272287368774414,25.41109275817871,26.20381736755371,25.26932144165039,26.20381736755371,19292006
2026-01-13,24.720212936401367,24.855985641479492,25.41109275817871,24.80007553100586,25.259336471557617,25455913
2026-01-14,24.813549041748047,24.9498348236084,25.097597122192383,24.548480987548828,24.987773895263672,15440315
2026-01-15,24.678510665893555,24.814054489135742,25.107580184936523,24.60838508605957,25.10558319091797,26252192
2026-01-16,24.557369232177734,24.692249298095703,24.814054489135742,24.21701431274414,24.784101486206055,25969738
2026-01-19,24.62489128112793,24.760141372680664,24.844005584716797,24.574438095092773,24.65031623840332,8000358
2026-01-20,25.387466430664062,25.526905059814453,25.656696319580078,24.634342193603516,24.75814437866211,20602112
2026-01-21,25.979259490966797,26.1219482421875,26.251739501953125,25.62075424194336,25.73856544494629,22735540
2026-01-22,26.823257446289062,26.9705810546875,27.19821548461914,26.34958267211914,26.357568740844727,29439315
2026-01-23,27.633495330810547,27.78527069091797,28.08678436279297,26.898698806762695,27.256122589111328,22000860
2026-01-26,27.58384895324707,27.7353515625,28.092775344848633,27.282081604003906,27.75931167602539,14604973
2026-01-27,27.901588439941406,28.05483627319336,28.583984375,27.976961135864258,28.1147403717041,18690038
2026-01-28,28.151811599731445,28.306432723999023,28.432228088378906,27.833194732666016,28.24652862548828,14721660
2026-01-29,27.728818893432617,27.88111686706543,28.500120162963867,27.62153434753418,28.500120162963867,12378895
2026-01-30,28.044572830200195,28.198604583740234,28.33238983154297,27.9030818939209,27.9030818939209,18879843
2026-02-02,28.50529670715332,28.6618595123291,28.823598861694336,28.226560592651367,28.422245025634766,11902630
2026-02-03,28.90048599243164,29.059219360351562,29.52247428894043,28.905466079711914,28.9354190826416,16160473
2026-02-04,28.503311157226562,28.659862518310547,29.147077560424805,28.354354858398438,28.979347229003906,13234771
2026-02-05,28.79523468017578,28.95339012145996,29.350751876831055,28.741731643676758,28.741731643676758,12541657
2026-02-06,28.56686019897461,28.7237606048584,29.15306854248047,28.498123168945312,28.71577262878418,13726561
2026-02-09,29.436674118041992,29.598352432250977,29.698190689086914,28.645885467529297,28.743728637695312,9728135
2026-02-10,29.978818893432617,30.143474578857422,30.22933578491211,29.25290870666504,29.452587127685547,19530389
2026-02-11,30.39585304260254,30.56279945373535,31.002092361450195,30.13349151611328,30.446985244750977,14713147
2026-02-12,30.310461044311523,30.476938247680664,30.948179244995117,30.35313606262207,30.413040161132812,28156753
2026-02-13,30.284643173217773,30.450979232788086,30.618709564208984,29.452587127685547,29.772071838378906,11622179
2026-02-18,30.211166381835938,30.377098083496094,30.728532791137695,30.0915584564209,30.50289535522461,13784654
2026-02-19,30.48918914794922,30.656648635864258,31.006086349487305,30.259288787841797,30.512880325317383,13517225
2026-02-20,30.403797149658203,30.57078742980957,30.78044891357422,30.135486602783203,30.458967208862305,15235987
2026-02-23,30.225067138671875,30.391075134277344,30.710561752319336,30.223346710205078,30.490915298461914,9630478
2026-02-24,30.5825252532959,30.750497817993164,30.792430877685547,30.231332778930664,30.578773498535156,16829548
2026-02-25,31.154457092285156,31.325571060180664,31.43339729309082,30.772462844848633,30.950176239013672,13189698
2026-02-26,30.876436233520508,31.046022415161133,31.698970794677734,30.73452377319336,31.50128936767578,13507209
2026-02-27,30.560680389404297,30.728532791137695,31.048017501831055,30.37110710144043,30.750497817993164,22599321
2026-03-02,30.366065979003906,30.532848358154297,30.768468856811523,29.816001892089844,29.839963912963867,11525524
2026-03-03,29.428730010986328,29.590364456176758,29.853940963745117,28.913454055786133,29.458576202392578,21236131
2026-03-04,30.064210891723633,30.22933578491211,30.48492431640625,29.79203987121582,29.931814193725586,18392560
2026-03-05,29.025596618652344,29.185016632080078,30.10553550720215,29.02128028869629,29.835969924926758,10546951
2026-03-06,28.74757194519043,28.905466079711914,29.302827835083008,28.60594940185547,29.1810245513916,13990485
2026-03-09,28.99382209777832,29.15306854248047,29.34476089477539,28.23255157470703,28.913454055786133,15064211
2026-03-10,29.412843704223633,29.574390411376953,29.925825119018555,29.06720733642578,29.534454345703125,11098337
2026-03-11,29.3532657623291,29.51448631286621,29.90985107421875,29.109140396118164,29.173036575317383,9005473
2026-03-12,28.644309997558594,28.8016357421875,29.161056518554688,28.649879455566406,28.663856506347656,15515937
2026-03-13,28.823036193847656,28.98134422302246,29.448593139648438,28.727752685546875,29.137094497680664,19034592
2026-03-16,28.918359756469727,29.077190399169922,29.520477294921875,28.873519897460938,29.276870727539062,9960508
2026-03-17,29.688880920410156,29.851943969726562,30.15146255493164,29.077190399169922,29.264888763427734,25262602
2026-03-18,29.242055892944336,29.402666091918945,29.885889053344727,29.402666091918945,29.67223358154297,23017994
2026-03-19,30.34819221496582,30.514877319335938,30.514877319335938,28.775676727294922,29.043245315551758,13390521
2026-03-20,29.700000762939453,29.700000762939453,30.384000778198242,29.423999786376953,30.09600067138672,29660500
2026-03-23,30.507999420166016,30.507999420166016,30.95599937438965,30.176000595092773,30.17799949645996,14220500
2026-03-24,30.54199981689453,30.54199981689453,30.718000411987305,29.979999542236328,30.413999557495117,11357500
2026-03-25,31.266000747680664,31.266000747680664,31.384000778198242,30.77199935913086,31.0,12032500
2026-03-26,30.56800079345703,30.56800079345703,31.195999145507812,30.399999618530273,30.892000198364258,11691500
2026-03-27,30.224000930786133,30.224000930786133,30.65399932861328,30.055999755859375,30.3700008392334,11820000
2026-03-30,30.81999969482422,30.81999969482422,31.058000564575195,30.3799991607666,30.503999710083008,16078500
2026-03-31,31.648000717163086,31.648000717163086,31.974000930786133,31.003999710083008,31.350000381469727,20027000
2026-04-01,31.22599983215332,31.22599983215332,31.979999542236328,31.059999465942383,31.979999542236328,19023000
2026-04-02,31.520000457763672,31.520000457763672,31.604000091552734,30.479999542236328,30.479999542236328,11161500
2026-04-06,31.20400047302246,31.20400047302246,31.67799949645996,31.079999923706055,31.676000595092773,8208500
2026-04-07,31.350000381469727,31.350000381469727,31.444000244140625,30.809999465942383,31.100000381469727,9244000
2026-04-08,32.215999603271484,32.215999603271484,32.53799819946289,31.715999603271484,31.715999603271484,16804500
2026-04-09,33.279998779296875,33.279998779296875,33.56800079345703,32.27799987792969,32.400001525878906,15988000
2026-04-10,34.099998474121094,34.099998474121094,34.34600067138672,33.1619987487793,33.599998474121094,21059000
2026-04-13,33.69599914550781,33.69599914550781,33.96200180053711,33.400001525878906,33.939998626708984,25782500
2026-04-14,33.79399871826172,33.79399871826172,34.17399978637695,33.72600173950195,33.72999954223633,18616000
2026-04-15,34.097999572753906,34.097999572753906,34.14400100708008,33.470001220703125,33.7599983215332,25150500
2026-04-16,33.58000183105469,33.58000183105469,34.15599822998047,33.4119987487793,34.12799835205078,15760000
2026-04-17,33.736000061035156,33.736000061035156,34.28799819946289,33.61000061035156,34.0620002746582,60905500
2026-04-20,35.20800018310547,35.20800018310547,35.29800033569336,33.64799880981445,33.875999450683594,22489500
2026-04-22,34.57600021362305,34.57600021362305,35.183998107910156,34.4640007019043,35.0,18242500
2026-04-23,34.417999267578125,34.417999267578125,35.31800079345703,34.36399841308594,34.36399841308594,15128500
2026-04-24,34.46200180053711,34.46200180053711,34.99599838256836,34.38199996948242,34.64799880981445,38136000
2026-04-27,33.97200012207031,33.97200012207031,34.540000915527344,33.92399978637695,34.400001525878906,9450000
2026-04-28,33.400001525878906,33.400001525878906,33.66600036621094,32.95800018310547,33.66600036621094,12319000
2026-04-29,32.9900016784668,32.9900016784668,33.88999938964844,32.79999923706055,33.400001525878906,9484100
2026-04-30,33.150001525878906,33.150001525878906,33.619998931884766,33.02000045776367,33.220001220703125,12468200
2026-05-04,32.84000015258789,32.84000015258789,33.63999938964844,32.66999816894531,33.18000030517578,14908400
2026-05-05,33.290000915527344,33.290000915527344,33.369998931884766,32.349998474121094,32.529998779296875,12156900
2026-05-06,32.869998931884766,32.869998931884766,33.70000076293945,32.31999969482422,33.540000915527344,16700300
2026-05-07,31.65999984741211,31.65999984741211,32.83000183105469,31.559999465942383,32.36000061035156,14443800
2026-05-08,31.1299991607666,31.1299991607666,32.150001525878906,30.969999313354492,32.040000915527344,13556100
2026-05-11,30.420000076293945,30.420000076293945,31.1299991607666,30.360000610351562,30.739999771118164,12445700
2026-05-12,29.549999237060547,29.549999237060547,30.389999389648438,29.440000534057617,30.31999969482422,15932400
2026-05-13,29.100000381469727,29.100000381469727,29.84000015258789,29.06999969482422,29.75,33428300
2026-05-14,29.520000457763672,29.520000457763672,29.770000457763672,29.100000381469727,29.100000381469727,13431400
2026-05-15,29.030000686645508,29.030000686645508,29.239999771118164,28.700000762939453,28.979999542236328,15759800
2026-05-18,29.15999984741211,29.15999984741211,29.3799991607666,28.84000015258789,28.989999771118164,9288000
2026-05-19,28.540000915527344,28.540000915527344,29.149999618530273,28.459999084472656,28.600000381469727,12289200
2026-05-20,29.149999618530273,29.149999618530273,29.440000534057617,28.3700008392334,28.719999313354492,20170300
2026-05-21,28.6200008392334,28.6200008392334,29.010000228881836,28.389999389648438,28.81999969482422,11822100
2026-05-22,28.459999084472656,28.459999084472656,28.540000915527344,27.969999313354492,28.299999237060547,11035800
2026-05-25,29.100000381469727,29.100000381469727,29.100000381469727,28.59000015258789,28.860000610351562,7623100
2026-05-26,28.770000457763672,28.770000457763672,29.059999465942383,28.440000534057617,29.0,16071400
2026-05-27,28.559999465942383,28.559999465942383,29.18000030517578,28.520000457763672,29.1299991607666,11753300
2026-05-28,28.15999984741211,28.15999984741211,28.93000030517578,28.15999984741211,28.549999237060547,15289700
2026-05-29,27.950000762939453,27.950000762939453,28.450000762939453,27.520000457763672,28.1200008392334,28279900
2026-06-01,27.280000686645508,27.280000686645508,28.030000686645508,27.280000686645508,27.959999084472656,10347400
2026-06-02,27.690000534057617,27.690000534057617,27.950000762939453,27.389999389648438,27.520000457763672,14159800
2026-06-03,27.229999542236328,27.229999542236328,27.93000030517578,27.020000457763672,27.170000076293945,24893300
2026-06-05,27.34000015258789,27.34000015258789,27.68000030517578,26.709999084472656,27.010000228881836,16867800
2026-06-08,27.270000457763672,27.270000457763672,27.670000076293945,27.1299991607666,27.469999313354492,13517100
2026-06-09,27.690000534057617,27.690000534057617,27.920000076293945,27.34000015258789,27.700000762939453,14678200
2026-06-10,27.520000457763672,27.520000457763672,28.1200008392334,27.489999771118164,27.600000381469727,14446000
2026-06-11,27.850000381469727,27.850000381469727,28.040000915527344,27.270000457763672,27.360000610351562,13557300
2026-06-12,27.540000915527344,27.540000915527344,28.139999389648438,27.540000915527344,27.549999237060547,11033900
2026-06-15,27.8700008392334,27.8700008392334,28.450000762939453,27.770000457763672,27.969999313354492,17643000
2026-06-16,27.799999237060547,27.799999237060547,28.489999771118164,27.799999237060547,28.329999923706055,17023500
2026-06-17,27.459999084472656,27.459999084472656,28.209999084472656,27.280000686645508,27.670000076293945,12813600
2026-06-18,26.899999618530273,26.899999618530273,27.6299991607666,26.809999465942383,27.34000015258789,14742000
2026-06-19,26.959999084472656,26.959999084472656,27.229999542236328,26.850000381469727,26.969999313354492,16536700
2026-06-22,27.90999984741211,27.90999984741211,28.049999237060547,27.059999465942383,27.06999969482422,19070400
2026-06-23,28.15999984741211,28.15999984741211,28.420000076293945,27.549999237060547,27.56999969482422,13227500
2026-06-24,28.469999313354492,28.469999313354492,28.729999542236328,28.049999237060547,28.110000610351562,17000200
2026-06-25,28.899999618530273,28.899999618530273,29.329999923706055,28.56999969482422,28.56999969482422,15848700
2026-06-26,29.600000381469727,29.600000381469727,29.81999969482422,28.899999618530273,28.899999618530273,18288700
