Price,Adj Close,Close,High,Low,Open,Volume
Ticker,AURE3.SA,AURE3.SA,AURE3.SA,AURE3.SA,AURE3.SA,AURE3.SA
Date,,,,,,
2022-03-28,12.757231712341309,16.399999618530273,16.799999237060547,15.460000038146973,16.799999237060547,5237900
2022-03-29,12.912808418273926,16.600000381469727,16.989999771118164,16.219999313354492,16.389999389648438,4714100
2022-03-30,12.383851051330566,15.920000076293945,16.770000457763672,15.819999694824219,16.6200008392334,4408600
2022-03-31,12.438302040100098,15.989999771118164,16.489999771118164,15.5,15.960000038146973,3876100
2022-04-01,12.516090393066406,16.09000015258789,16.649999618530273,15.829999923706055,15.989999771118164,4252000
2022-04-04,12.422744750976562,15.970000267028809,16.3700008392334,15.859999656677246,16.1299991607666,2842400
2022-04-05,12.158265113830566,15.630000114440918,16.06999969482422,15.5,15.90999984741211,3624900
2022-04-06,12.430522918701172,15.979999542236328,16.0,15.449999809265137,15.510000228881836,2914800
2022-04-07,12.446081161499023,16.0,16.350000381469727,15.6899995803833,15.84000015258789,3223900
2022-04-08,12.60943603515625,16.209999084472656,16.399999618530273,15.859999656677246,15.859999656677246,2049800
2022-04-11,12.37607192993164,15.90999984741211,16.579999923706055,15.90999984741211,16.190000534057617,2119500
2022-04-12,12.243833541870117,15.739999771118164,16.25,15.699999809265137,16.049999237060547,2267700
2022-04-13,12.103814125061035,15.5600004196167,16.139999389648438,15.539999961853027,15.930000305175781,4421300
2022-04-14,12.111592292785645,15.569999694824219,15.899999618530273,15.489999771118164,15.529999732971191,2077400
2022-04-18,12.453859329223633,16.010000228881836,16.010000228881836,15.329999923706055,15.5600004196167,3931100
2022-04-19,12.103814125061035,15.5600004196167,16.200000762939453,15.430000305175781,15.989999771118164,3118100
2022-04-20,12.057141304016113,15.5,15.699999809265137,15.369999885559082,15.520000457763672,2798400
2022-04-22,12.220495223999023,15.710000038146973,15.859999656677246,15.170000076293945,15.449999809265137,11382300
2022-04-25,12.39162826538086,15.930000305175781,15.930000305175781,15.300000190734863,15.579999923706055,2683100
2022-04-26,11.956016540527344,15.369999885559082,15.989999771118164,15.25,15.850000381469727,2627000
2022-04-27,12.057141304016113,15.5,15.510000228881836,15.210000038146973,15.489999771118164,2401400
2022-04-28,11.909343719482422,15.3100004196167,15.539999961853027,14.779999732971191,15.539999961853027,3489600
2022-04-29,11.403721809387207,14.65999984741211,15.380000114440918,14.65999984741211,15.380000114440918,10427400
2022-05-02,11.170357704162598,14.359999656677246,14.75,14.09000015258789,14.6899995803833,2883200
2022-05-03,11.27148151397705,14.489999771118164,14.600000381469727,14.15999984741211,14.34000015258789,1672900
2022-05-04,11.694457054138184,14.930000305175781,14.930000305175781,14.09000015258789,14.3100004196167,4400300
2022-05-05,11.287147521972656,14.40999984741211,14.84000015258789,14.229999542236328,14.829999923706055,3065700
2022-05-06,11.122658729553223,14.199999809265137,14.4399995803833,14.109999656677246,14.40999984741211,2813300
2022-05-09,11.075660705566406,14.140000343322754,14.210000038146973,13.800000190734863,14.039999961853027,1545300
2022-05-10,11.122658729553223,14.199999809265137,14.369999885559082,13.979999542236328,14.1899995803833,2338900
2022-05-11,11.067828178405762,14.130000114440918,14.539999961853027,14.0600004196167,14.199999809265137,1595100
2022-05-12,11.153989791870117,14.239999771118164,14.399999618530273,13.859999656677246,14.039999961853027,1884700
2022-05-13,11.326312065124512,14.460000038146973,14.529999732971191,14.1899995803833,14.279999732971191,1333500
2022-05-16,11.279315948486328,14.399999618530273,14.569999694824219,14.1899995803833,14.270000457763672,2419100
2022-05-17,11.561297416687012,14.760000228881836,15.0,14.5,14.5,1389700
2022-05-18,11.106992721557617,14.180000305175781,14.800000190734863,14.09000015258789,14.699999809265137,1959900
2022-05-19,11.224485397338867,14.329999923706055,14.369999885559082,14.010000228881836,14.1899995803833,2127500
2022-05-20,11.106992721557617,14.180000305175781,14.479999542236328,13.869999885559082,14.479999542236328,1777400
2022-05-23,11.208819389343262,14.3100004196167,14.600000381469727,14.25,14.279999732971191,1184600
2022-05-24,11.216651916503906,14.319999694824219,14.329999923706055,14.050000190734863,14.15999984741211,792900
2022-05-25,11.326312065124512,14.460000038146973,14.550000190734863,14.220000267028809,14.270000457763672,821700
2022-05-26,11.255815505981445,14.369999885559082,14.609999656677246,14.3100004196167,14.470000267028809,1248800
2022-05-27,11.114824295043945,14.1899995803833,14.579999923706055,14.1899995803833,14.380000114440918,2224600
2022-05-30,11.099160194396973,14.170000076293945,14.390000343322754,14.079999923706055,14.239999771118164,1940200
2022-05-31,10.93466854095459,13.960000038146973,14.3100004196167,13.819999694824219,14.260000228881836,9431500
2022-06-01,10.731014251708984,13.699999809265137,13.970000267028809,13.609999656677246,13.970000267028809,6323900
2022-06-02,10.864173889160156,13.869999885559082,14.029999732971191,13.640000343322754,13.729999542236328,3275400
2022-06-03,10.7780122756958,13.760000228881836,13.859999656677246,13.5600004196167,13.770000457763672,2685000
2022-06-06,10.613521575927734,13.550000190734863,13.930000305175781,13.350000381469727,13.8100004196167,3175000
2022-06-07,10.856340408325195,13.859999656677246,13.890000343322754,13.449999809265137,13.520000457763672,2760900
2022-06-08,11.122658729553223,14.199999809265137,14.289999961853027,13.710000038146973,13.770000457763672,2847500
2022-06-09,11.03649616241455,14.09000015258789,14.170000076293945,13.869999885559082,14.130000114440918,1365200
2022-06-10,10.480363845825195,13.380000114440918,14.029999732971191,13.270000457763672,14.029999732971191,4538500
2022-06-13,10.018224716186523,12.789999961853027,13.289999961853027,12.59000015258789,13.289999961853027,7473300
2022-06-14,10.39420223236084,13.270000457763672,13.369999885559082,12.789999961853027,12.789999961853027,4085600
2022-06-15,10.840675354003906,13.84000015258789,13.850000381469727,13.329999923706055,13.470000267028809,3153700
2022-06-17,10.456865310668945,13.350000381469727,13.789999961853027,13.3100004196167,13.720000267028809,8202900
2022-06-20,10.597857475280762,13.529999732971191,13.65999984741211,13.239999771118164,13.369999885559082,1649800
2022-06-21,10.6370210647583,13.579999923706055,13.680000305175781,13.430000305175781,13.649999618530273,1455700
2022-06-22,10.738847732543945,13.710000038146973,13.829999923706055,13.319999694824219,13.449999809265137,1196200
2022-06-23,10.6370210647583,13.579999923706055,13.90999984741211,13.470000267028809,13.890000343322754,3444100
2022-06-24,10.48819637298584,13.390000343322754,13.670000076293945,13.3100004196167,13.670000076293945,807500
2022-06-27,10.456865310668945,13.350000381469727,13.470000267028809,13.1899995803833,13.399999618530273,1661400
2022-06-28,10.613521575927734,13.550000190734863,13.869999885559082,13.369999885559082,13.4399995803833,5362200
2022-06-29,10.684017181396484,13.640000343322754,13.640000343322754,13.449999809265137,13.569999694824219,1613700
2022-06-30,10.668352127075195,13.619999885559082,13.850000381469727,13.390000343322754,13.449999809265137,2634600
2022-07-01,10.684017181396484,13.640000343322754,13.84000015258789,13.460000038146973,13.6899995803833,2696600
2022-07-04,10.65268611907959,13.600000381469727,13.770000457763672,13.4399995803833,13.640000343322754,1437100
2022-07-05,10.621355056762695,13.5600004196167,13.5600004196167,13.399999618530273,13.510000228881836,1722600
2022-07-06,10.676185607910156,13.630000114440918,13.680000305175781,13.399999618530273,13.5,1826800
2022-07-07,11.044329643249512,14.100000381469727,14.25,13.5600004196167,13.770000457763672,2931100
2022-07-08,11.153989791870117,14.239999771118164,14.4399995803833,14.050000190734863,14.050000190734863,1922000
2022-07-11,11.106992721557617,14.180000305175781,14.279999732971191,13.829999923706055,14.119999885559082,1881000
2022-07-12,11.14615535736084,14.229999542236328,14.329999923706055,14.039999961853027,14.180000305175781,1673000
2022-07-13,11.17748737335205,14.270000457763672,14.34000015258789,14.0600004196167,14.279999732971191,2559400
2022-07-14,10.911170959472656,13.930000305175781,14.270000457763672,13.850000381469727,14.100000381469727,1968500
2022-07-15,10.809342384338379,13.800000190734863,14.020000457763672,13.539999961853027,14.010000228881836,2342600
2022-07-18,10.731014251708984,13.699999809265137,14.050000190734863,13.520000457763672,13.800000190734863,1463400
2022-07-19,11.091326713562012,14.15999984741211,14.15999984741211,13.770000457763672,13.880000114440918,2890800
2022-07-20,11.279315948486328,14.399999618530273,14.5,14.109999656677246,14.149999618530273,2285400
2022-07-21,11.247983932495117,14.359999656677246,14.399999618530273,14.119999885559082,14.329999923706055,1092700
2022-07-22,11.365476608276367,14.510000228881836,14.520000457763672,14.210000038146973,14.390000343322754,1975500
2022-07-25,11.232317924499512,14.34000015258789,14.619999885559082,14.260000228881836,14.579999923706055,1962700
2022-07-26,11.27148151397705,14.390000343322754,14.529999732971191,14.260000228881836,14.289999961853027,1661400
2022-07-27,11.240150451660156,14.350000381469727,14.670000076293945,14.239999771118164,14.40999984741211,3096400
2022-07-28,10.9660005569458,14.0,14.470000267028809,13.819999694824219,14.4399995803833,2911900
2022-07-29,11.114824295043945,14.1899995803833,14.470000267028809,13.430000305175781,14.0,13059200
2022-08-01,10.950334548950195,13.979999542236328,14.3100004196167,13.770000457763672,14.119999885559082,3205600
2022-08-02,10.864173889160156,13.869999885559082,14.130000114440918,13.6899995803833,13.960000038146973,2371400
2022-08-03,10.88767147064209,13.899999618530273,14.069999694824219,13.670000076293945,13.829999923706055,3133200
2022-08-04,11.067828178405762,14.130000114440918,14.369999885559082,13.90999984741211,13.960000038146973,5742400
2022-08-05,10.9660005569458,14.0,14.260000228881836,13.960000038146973,14.260000228881836,1948700
2022-08-08,10.973834037780762,14.010000228881836,14.180000305175781,13.880000114440918,14.079999923706055,2949000
2022-08-09,10.926836013793945,13.949999809265137,14.119999885559082,13.630000114440918,14.020000457763672,1743500
2022-08-10,11.05216121673584,14.109999656677246,14.260000228881836,13.899999618530273,13.949999809265137,2933600
2022-08-11,10.895503997802734,13.90999984741211,14.180000305175781,13.829999923706055,14.119999885559082,1665400
2022-08-12,11.08349323272705,14.149999618530273,14.210000038146973,13.770000457763672,13.90999984741211,2648400
2022-08-15,11.216651916503906,14.319999694824219,14.4399995803833,13.949999809265137,14.039999961853027,3450900
2022-08-16,11.044329643249512,14.100000381469727,14.420000076293945,13.970000267028809,14.369999885559082,1185300
2022-08-17,11.240150451660156,14.350000381469727,14.369999885559082,13.930000305175781,14.029999732971191,4396400
2022-08-18,11.200986862182617,14.300000190734863,14.520000457763672,14.170000076293945,14.399999618530273,2180500
2022-08-19,11.114824295043945,14.1899995803833,14.25,14.020000457763672,14.25,1667800
2022-08-22,11.059995651245117,14.119999885559082,14.329999923706055,14.020000457763672,14.119999885559082,1703300
2022-08-23,11.224485397338867,14.329999923706055,14.390000343322754,14.029999732971191,14.029999732971191,2361000
2022-08-24,11.106992721557617,14.180000305175781,14.550000190734863,14.170000076293945,14.329999923706055,2116800
2022-08-25,11.044329643249512,14.100000381469727,14.329999923706055,13.979999542236328,14.3100004196167,2435800
2022-08-26,11.05216121673584,14.109999656677246,14.270000457763672,13.989999771118164,14.109999656677246,1356300
2022-08-29,11.114824295043945,14.1899995803833,14.3100004196167,13.960000038146973,14.069999694824219,3615600
2022-08-30,11.012998580932617,14.0600004196167,14.25,13.960000038146973,14.1899995803833,1284900
2022-08-31,12.039101600646973,15.369999885559082,15.420000076293945,14.0,14.069999694824219,16560000
2022-09-01,11.655292510986328,14.880000114440918,15.520000457763672,14.579999923706055,15.5,4716400
2022-09-02,11.741453170776367,14.989999771118164,15.0600004196167,14.760000228881836,14.989999771118164,3674700
2022-09-05,11.858945846557617,15.140000343322754,15.220000267028809,14.819999694824219,15.020000457763672,1899700
2022-09-06,11.584797859191895,14.789999961853027,15.199999809265137,14.680000305175781,15.1899995803833,1316500
2022-09-08,11.435972213745117,14.600000381469727,14.859999656677246,14.520000457763672,14.84000015258789,2598100
2022-09-09,11.31847858428955,14.449999809265137,14.699999809265137,14.260000228881836,14.699999809265137,2426300
2022-09-12,11.41247272491455,14.569999694824219,14.869999885559082,14.5,14.550000190734863,2097200
2022-09-13,11.240150451660156,14.350000381469727,14.600000381469727,14.260000228881836,14.430000305175781,1768400
2022-09-14,11.208819389343262,14.3100004196167,14.579999923706055,14.079999923706055,14.300000190734863,1856400
2022-09-15,11.224485397338867,14.329999923706055,14.390000343322754,14.1899995803833,14.25,1523500
2022-09-16,11.169655799865723,14.260000228881836,14.5,14.079999923706055,14.329999923706055,3523100
2022-09-19,11.287147521972656,14.40999984741211,14.600000381469727,14.1899995803833,14.1899995803833,1858600
2022-09-20,11.13049030303955,14.210000038146973,14.5,14.149999618530273,14.40999984741211,1310600
2022-09-21,11.091326713562012,14.15999984741211,14.34000015258789,13.960000038146973,14.210000038146973,2825100
2022-09-22,11.232317924499512,14.34000015258789,14.350000381469727,14.119999885559082,14.289999961853027,1855600
2022-09-23,11.200986862182617,14.300000190734863,14.430000305175781,14.140000343322754,14.300000190734863,2444100
2022-09-26,11.005165100097656,14.050000190734863,14.3100004196167,13.899999618530273,14.300000190734863,1884300
2022-09-27,10.903338432312012,13.920000076293945,14.100000381469727,13.75,14.100000381469727,2130200
2022-09-28,10.74668025970459,13.720000267028809,14.09000015258789,13.6899995803833,13.989999771118164,4249200
2022-09-29,10.70751667022705,13.670000076293945,13.829999923706055,13.59000015258789,13.649999618530273,2222600
2022-09-30,10.613521575927734,13.550000190734863,13.720000267028809,13.529999732971191,13.670000076293945,4019300
2022-10-03,11.200986862182617,14.300000190734863,14.300000190734863,13.569999694824219,13.720000267028809,2250700
2022-10-04,11.114824295043945,14.1899995803833,14.460000038146973,14.140000343322754,14.3100004196167,2406500
2022-10-05,10.973834037780762,14.010000228881836,14.3100004196167,13.859999656677246,14.3100004196167,5244200
2022-10-06,10.98949909210205,14.029999732971191,14.199999809265137,13.899999618530273,14.079999923706055,3101100
2022-10-07,11.028664588928223,14.079999923706055,14.239999771118164,13.970000267028809,14.020000457763672,7588600
2022-10-10,11.075660705566406,14.140000343322754,14.5,14.0600004196167,14.140000343322754,2000500
2022-10-11,11.224485397338867,14.329999923706055,14.449999809265137,14.039999961853027,14.100000381469727,1834300
2022-10-13,10.911170959472656,13.930000305175781,14.300000190734863,13.880000114440918,14.199999809265137,3739400
2022-10-14,10.825008392333984,13.819999694824219,14.25,13.819999694824219,14.010000228881836,3601200
2022-10-17,11.153989791870117,14.239999771118164,14.300000190734863,13.770000457763672,13.869999885559082,6971700
2022-10-18,11.27148151397705,14.390000343322754,14.520000457763672,14.130000114440918,14.3100004196167,2646800
2022-10-19,11.020830154418945,14.069999694824219,14.460000038146973,14.039999961853027,14.40999984741211,2951600
2022-10-20,10.832841873168945,13.829999923706055,14.020000457763672,13.270000457763672,13.5,7194300
2022-10-21,11.169655799865723,14.260000228881836,14.260000228881836,13.729999542236328,13.729999542236328,9489900
2022-10-24,11.247983932495117,14.359999656677246,14.619999885559082,14.180000305175781,14.180000305175781,2219500
2022-10-25,11.388975143432617,14.539999961853027,14.6899995803833,14.279999732971191,14.350000381469727,2935500
2022-10-26,11.341978073120117,14.479999542236328,14.619999885559082,14.300000190734863,14.600000381469727,4386900
2022-10-27,11.357643127441406,14.5,14.850000381469727,14.390000343322754,14.59000015258789,4207900
2022-10-28,11.490801811218262,14.670000076293945,14.859999656677246,14.329999923706055,14.460000038146973,2887600
2022-10-31,11.686623573303223,14.920000076293945,14.970000267028809,14.25,14.34000015258789,2644000
2022-11-01,11.569131851196289,14.770000457763672,15.069999694824219,14.489999771118164,14.90999984741211,3576300
2022-11-03,11.686623573303223,14.920000076293945,15.0,14.510000228881836,14.680000305175781,2959500
2022-11-04,11.670957565307617,14.899999618530273,15.15999984741211,14.869999885559082,15.0,2161500
2022-11-07,11.200986862182617,14.300000190734863,14.880000114440918,14.199999809265137,14.819999694824219,3276500
2022-11-08,11.122658729553223,14.199999809265137,14.390000343322754,14.069999694824219,14.1899995803833,2450400
2022-11-09,11.122658729553223,14.199999809265137,14.319999694824219,14.100000381469727,14.229999542236328,1977800
2022-11-10,10.70751667022705,13.670000076293945,14.180000305175781,13.399999618530273,14.100000381469727,4341400
2022-11-11,10.79367733001709,13.779999732971191,13.859999656677246,13.449999809265137,13.770000457763672,3291200
2022-11-14,10.832841873168945,13.829999923706055,14.0,13.680000305175781,13.970000267028809,1203700
2022-11-16,10.903338432312012,13.920000076293945,13.920000076293945,13.529999732971191,13.869999885559082,5270300
2022-11-17,10.74668025970459,13.720000267028809,13.789999961853027,13.40999984741211,13.649999618530273,5834900
2022-11-18,10.785845756530762,13.770000457763672,14.029999732971191,13.5,13.800000190734863,3568700
2022-11-21,11.279315948486328,14.399999618530273,14.460000038146973,13.800000190734863,13.84000015258789,4939800
2022-11-22,10.848508834838867,13.850000381469727,14.579999923706055,13.789999961853027,14.420000076293945,3523700
2022-11-23,10.56652545928955,13.489999771118164,13.8100004196167,13.430000305175781,13.800000190734863,4669400
2022-11-24,10.950334548950195,13.979999542236328,14.15999984741211,13.489999771118164,13.489999771118164,1852400
2022-11-25,10.832841873168945,13.829999923706055,14.09000015258789,13.680000305175781,13.979999542236328,1631500
2022-11-28,10.973834037780762,14.010000228881836,14.170000076293945,13.640000343322754,13.84000015258789,4990000
2022-11-29,11.169655799865723,14.260000228881836,14.380000114440918,14.039999961853027,14.0600004196167,1705300
2022-11-30,10.832841873168945,13.829999923706055,14.3100004196167,13.649999618530273,14.3100004196167,4586400
2022-12-01,10.926836013793945,13.949999809265137,14.069999694824219,13.649999618530273,13.739999771118164,1944500
2022-12-02,10.80151081085205,13.789999961853027,14.15999984741211,13.779999732971191,13.949999809265137,1109200
2022-12-05,10.51952838897705,13.430000305175781,13.789999961853027,13.40999984741211,13.760000228881836,1355000
2022-12-06,10.47253131866455,13.369999885559082,13.510000228881836,13.300000190734863,13.430000305175781,1647500
2022-12-07,10.65268611907959,13.600000381469727,13.789999961853027,13.3100004196167,13.3100004196167,2865300
2022-12-08,11.263649940490723,14.380000114440918,15.079999923706055,14.239999771118164,15.0,12105700
2022-12-09,11.17748737335205,14.270000457763672,14.770000457763672,14.100000381469727,14.420000076293945,7204400
2022-12-12,11.005165100097656,14.050000190734863,14.380000114440918,13.720000267028809,14.270000457763672,4004300
2022-12-13,11.08349323272705,14.149999618530273,14.430000305175781,14.039999961853027,14.050000190734863,3594700
2022-12-14,10.997333526611328,14.039999961853027,14.220000267028809,13.710000038146973,14.0600004196167,3892800
2022-12-15,11.05216121673584,14.109999656677246,14.270000457763672,13.869999885559082,13.979999542236328,3824700
2022-12-16,11.247983932495117,14.359999656677246,14.359999656677246,13.920000076293945,14.100000381469727,3365900
2022-12-19,11.373310089111328,14.520000457763672,14.710000038146973,14.279999732971191,14.34000015258789,3838800
2022-12-20,11.279315948486328,14.399999618530273,14.760000228881836,14.260000228881836,14.5,4148100
2022-12-21,11.584797859191895,14.789999961853027,15.010000228881836,14.239999771118164,14.59000015258789,6348400
2022-12-22,11.631793975830078,14.850000381469727,15.0,14.6899995803833,14.8100004196167,2577900
2022-12-23,11.788451194763184,15.050000190734863,15.4399995803833,14.779999732971191,14.90999984741211,5656000
2022-12-26,11.5769624710083,14.779999732971191,15.100000381469727,14.699999809265137,15.029999732971191,1646600
2022-12-27,11.529967308044434,14.720000267028809,14.819999694824219,14.479999542236328,14.819999694824219,1633000
2022-12-28,11.584797859191895,14.789999961853027,14.930000305175781,14.680000305175781,14.779999732971191,2005900
2022-12-29,11.537798881530762,14.729999542236328,14.979999542236328,14.649999618530273,14.84000015258789,2424800
2023-01-02,11.341978073120117,14.479999542236328,14.640000343322754,14.270000457763672,14.539999961853027,1018800
2023-01-03,11.138323783874512,14.220000267028809,14.460000038146973,14.119999885559082,14.430000305175781,1562800
2023-01-04,11.357643127441406,14.5,14.5,14.0,14.260000228881836,2937400
2023-01-05,11.41247272491455,14.569999694824219,14.569999694824219,14.149999618530273,14.4399995803833,4358300
2023-01-06,11.420306205749512,14.579999923706055,14.729999542236328,14.449999809265137,14.569999694824219,2864500
2023-01-09,11.232317924499512,14.34000015258789,14.600000381469727,14.270000457763672,14.510000228881836,1567200
2023-01-10,11.114824295043945,14.1899995803833,14.279999732971191,13.649999618530273,14.149999618530273,5832500
2023-01-11,11.498635292053223,14.680000305175781,14.829999923706055,14.130000114440918,14.15999984741211,4499200
2023-01-12,11.796283721923828,15.0600004196167,15.289999961853027,14.680000305175781,14.680000305175781,5662900
2023-01-13,11.584797859191895,14.789999961853027,15.050000190734863,14.609999656677246,15.0,2269100
2023-01-16,11.788451194763184,15.050000190734863,15.069999694824219,14.550000190734863,14.670000076293945,3279700
2023-01-17,11.749286651611328,15.0,15.239999771118164,14.819999694824219,15.079999923706055,2676600
2023-01-18,11.41247272491455,14.569999694824219,15.180000305175781,14.569999694824219,15.15999984741211,3532000
2023-01-19,11.663125991821289,14.890000343322754,14.920000076293945,14.399999618530273,14.479999542236328,1847800
2023-01-20,11.584797859191895,14.789999961853027,14.920000076293945,14.65999984741211,14.880000114440918,2012100
2023-01-23,11.522134780883789,14.710000038146973,14.869999885559082,14.489999771118164,14.800000190734863,1770800
2023-01-24,11.686623573303223,14.920000076293945,15.069999694824219,14.460000038146973,14.720000267028809,5839900
2023-01-25,11.890277862548828,15.180000305175781,15.40999984741211,14.84000015258789,14.90999984741211,10764800
2023-01-26,11.968605995178223,15.279999732971191,15.4399995803833,15.0600004196167,15.210000038146973,8143300
2023-01-27,11.984271049499512,15.300000190734863,15.619999885559082,15.220000267028809,15.279999732971191,4160800
2023-01-30,11.843279838562012,15.119999885559082,15.289999961853027,15.0,15.149999618530273,3859300
2023-01-31,12.070433616638184,15.40999984741211,15.5,15.100000381469727,15.119999885559082,5446800
2023-02-01,12.078267097473145,15.420000076293945,15.569999694824219,15.239999771118164,15.430000305175781,3741600
2023-02-02,12.039101600646973,15.369999885559082,15.569999694824219,15.130000114440918,15.40999984741211,3404900
2023-02-03,11.921608924865723,15.220000267028809,15.539999961853027,15.069999694824219,15.319999694824219,3073100
2023-02-06,11.913776397705078,15.210000038146973,15.270000457763672,15.010000228881836,15.220000267028809,3421200
2023-02-07,11.600462913513184,14.8100004196167,15.350000381469727,14.670000076293945,15.350000381469727,5199600
2023-02-08,11.710123062133789,14.949999809265137,15.050000190734863,14.739999771118164,14.920000076293945,3697100
2023-02-09,11.663125991821289,14.890000343322754,15.050000190734863,14.75,14.949999809265137,2260100
2023-02-10,11.725789070129395,14.970000267028809,15.170000076293945,14.84000015258789,14.84000015258789,6075300
2023-02-13,11.796283721923828,15.0600004196167,15.15999984741211,14.850000381469727,14.989999771118164,2704300
2023-02-14,11.717954635620117,14.960000038146973,15.170000076293945,14.699999809265137,15.039999961853027,2141000
2023-02-15,11.757119178771973,15.010000228881836,15.229999542236328,14.850000381469727,14.890000343322754,3961900
2023-02-16,11.890277862548828,15.180000305175781,15.289999961853027,14.779999732971191,15.020000457763672,4461000
2023-02-17,11.725789070129395,14.970000267028809,15.489999771118164,14.75,15.25,9428300
2023-02-22,11.717954635620117,14.960000038146973,15.260000228881836,14.890000343322754,15.1899995803833,6185800
2023-02-23,11.678791046142578,14.90999984741211,15.130000114440918,14.829999923706055,15.0600004196167,3218000
2023-02-24,11.678791046142578,14.90999984741211,15.1899995803833,14.699999809265137,14.970000267028809,4705500
2023-02-27,11.647459983825684,14.869999885559082,15.140000343322754,14.760000228881836,14.979999542236328,3412900
2023-02-28,11.592629432678223,14.800000190734863,15.100000381469727,14.739999771118164,14.899999618530273,7018700
2023-03-01,11.529967308044434,14.720000267028809,14.880000114440918,14.449999809265137,14.8100004196167,8005300
2023-03-02,11.537798881530762,14.729999542236328,14.90999984741211,14.630000114440918,14.729999542236328,2250800
2023-03-03,11.537798881530762,14.729999542236328,14.869999885559082,14.630000114440918,14.729999542236328,1727100
2023-03-06,11.475136756896973,14.649999618530273,14.8100004196167,14.399999618530273,14.729999542236328,5313400
2023-03-07,11.616127967834473,14.829999923706055,14.84000015258789,14.539999961853027,14.720000267028809,3776700
2023-03-08,11.631793975830078,14.850000381469727,14.859999656677246,14.65999984741211,14.84000015258789,2946500
2023-03-09,11.5769624710083,14.779999732971191,14.9399995803833,14.699999809265137,14.84000015258789,2514900
2023-03-10,11.5769624710083,14.779999732971191,14.850000381469727,14.609999656677246,14.779999732971191,3626000
2023-03-13,11.663125991821289,14.890000343322754,14.989999771118164,14.630000114440918,14.710000038146973,3223500
2023-03-14,11.757119178771973,15.010000228881836,15.100000381469727,14.859999656677246,14.930000305175781,2520000
2023-03-15,11.749286651611328,15.0,15.180000305175781,14.829999923706055,14.960000038146973,4602600
2023-03-16,11.670957565307617,14.899999618530273,15.079999923706055,14.859999656677246,15.079999923706055,5495800
2023-03-17,11.404642105102539,14.5600004196167,14.890000343322754,14.520000457763672,14.890000343322754,6196900
2023-03-20,11.31847858428955,14.449999809265137,14.699999809265137,14.359999656677246,14.619999885559082,2892000
2023-03-21,11.341978073120117,14.479999542236328,14.579999923706055,14.399999618530273,14.510000228881836,2410300
2023-03-22,11.334144592285156,14.470000267028809,14.630000114440918,14.319999694824219,14.510000228881836,3006300
2023-03-23,11.185320854187012,14.279999732971191,14.649999618530273,14.119999885559082,14.550000190734863,4422500
2023-03-24,11.302813529968262,14.430000305175781,14.550000190734863,14.1899995803833,14.3100004196167,3265300
2023-03-27,11.287147521972656,14.40999984741211,14.579999923706055,14.289999961853027,14.550000190734863,2288800
2023-03-28,11.420306205749512,14.579999923706055,14.619999885559082,14.369999885559082,14.4399995803833,3302900
2023-03-29,11.365476608276367,14.510000228881836,14.649999618530273,14.289999961853027,14.600000381469727,2326000
2023-03-30,11.404642105102539,14.5600004196167,14.6899995803833,14.199999809265137,14.579999923706055,3320400
2023-03-31,11.490801811218262,14.670000076293945,14.829999923706055,14.430000305175781,14.59000015258789,5155800
2023-04-03,11.341978073120117,14.479999542236328,14.789999961853027,14.359999656677246,14.789999961853027,6471200
2023-04-04,11.435972213745117,14.600000381469727,14.680000305175781,14.359999656677246,14.5,5230100
2023-04-05,11.490801811218262,14.670000076293945,14.770000457763672,14.399999618530273,14.75,4689800
2023-04-06,11.537798881530762,14.729999542236328,14.890000343322754,14.649999618530273,14.670000076293945,4653400
2023-04-10,11.717954635620117,14.960000038146973,15.130000114440918,14.630000114440918,14.729999542236328,3430500
2023-04-11,11.764952659606934,15.020000457763672,15.34000015258789,14.949999809265137,15.100000381469727,2622300
2023-04-12,11.804117202758789,15.069999694824219,15.34000015258789,15.0,15.100000381469727,2987000
2023-04-13,11.913776397705078,15.210000038146973,15.319999694824219,15.029999732971191,15.100000381469727,3337400
2023-04-14,11.976439476013184,15.289999961853027,15.449999809265137,15.109999656677246,15.34000015258789,3392800
2023-04-17,12.054768562316895,15.390000343322754,15.5,15.180000305175781,15.3100004196167,4936300
2023-04-18,11.968605995178223,15.279999732971191,15.529999732971191,15.25,15.5,3259600
2023-04-19,12.039101600646973,15.369999885559082,15.399999618530273,15.149999618530273,15.279999732971191,3098200
2023-04-20,12.093932151794434,15.4399995803833,15.5,15.329999923706055,15.399999618530273,4813100
2023-04-24,12.109599113464355,15.460000038146973,15.539999961853027,15.359999656677246,15.449999809265137,2389300
2023-04-25,12.062600135803223,15.399999618530273,15.5,15.279999732971191,15.470000267028809,2381100
2023-04-26,11.999938011169434,15.319999694824219,15.479999542236328,15.260000228881836,15.449999809265137,2471700
2023-04-27,12.078267097473145,15.420000076293945,15.4399995803833,15.260000228881836,15.34000015258789,2919600
2023-04-28,12.360249519348145,15.779999732971191,15.899999618530273,15.34000015258789,15.470000267028809,8419400
2023-05-02,12.391581535339355,15.819999694824219,16.149999618530273,15.640000343322754,16.0,5999300
2023-05-03,12.289752960205078,15.6899995803833,15.9399995803833,15.680000305175781,15.9399995803833,6661600
2023-05-04,12.336750984191895,15.75,15.880000114440918,15.649999618530273,15.869999885559082,8184400
2023-05-05,12.509897232055664,14.449999809265137,14.550000190734863,14.039999961853027,14.260000228881836,9400800
2023-05-08,12.111659049987793,13.989999771118164,14.539999961853027,13.920000076293945,14.489999771118164,5826000
2023-05-09,12.03374195098877,13.899999618530273,14.180000305175781,13.770000457763672,13.979999542236328,4392900
2023-05-10,11.869253158569336,13.710000038146973,13.920000076293945,13.510000228881836,13.880000114440918,5308900
2023-05-11,12.059715270996094,13.930000305175781,13.989999771118164,13.5600004196167,13.619999885559082,3678200
2023-05-12,12.085686683654785,13.960000038146973,14.149999618530273,13.859999656677246,13.90999984741211,3087800
2023-05-15,12.1376314163208,14.020000457763672,14.119999885559082,13.869999885559082,14.0,2991300
2023-05-16,12.120316505432129,14.0,14.210000038146973,13.960000038146973,14.069999694824219,2907500
2023-05-17,11.981799125671387,13.84000015258789,14.140000343322754,13.800000190734863,14.010000228881836,4330800
2023-05-18,11.981799125671387,13.84000015258789,13.930000305175781,13.65999984741211,13.880000114440918,4680600
2023-05-19,12.094345092773438,13.970000267028809,14.069999694824219,13.789999961853027,13.859999656677246,2962700
2023-05-22,12.27614974975586,14.180000305175781,14.25,13.989999771118164,13.989999771118164,2382100
2023-05-23,12.23286247253418,14.130000114440918,14.489999771118164,14.130000114440918,14.15999984741211,5482600
2023-05-24,12.250176429748535,14.149999618530273,14.210000038146973,14.069999694824219,14.170000076293945,1846000
2023-05-25,12.293464660644531,14.199999809265137,14.319999694824219,14.100000381469727,14.1899995803833,2204600
2023-05-26,12.23286247253418,14.130000114440918,14.380000114440918,14.029999732971191,14.289999961853027,2542300
2023-05-29,12.284805297851562,14.1899995803833,14.260000228881836,14.050000190734863,14.050000190734863,1431900
2023-05-30,12.267492294311523,14.170000076293945,14.300000190734863,14.149999618530273,14.289999961853027,1829100
2023-05-31,12.189576148986816,14.079999923706055,14.220000267028809,14.050000190734863,14.180000305175781,3816500
2023-06-01,12.241519927978516,14.140000343322754,14.210000038146973,14.050000190734863,14.170000076293945,2308800
2023-06-02,12.172261238098145,14.0600004196167,14.25,13.949999809265137,14.220000267028809,5725100
2023-06-05,12.068371772766113,13.9399995803833,14.09000015258789,13.829999923706055,14.0600004196167,3442900
2023-06-06,12.328093528747559,14.239999771118164,14.34000015258789,13.949999809265137,13.960000038146973,7376500
2023-06-07,12.22420597076416,14.119999885559082,14.399999618530273,14.109999656677246,14.300000190734863,3154600
2023-06-09,12.371379852294922,14.289999961853027,14.350000381469727,14.170000076293945,14.199999809265137,4999400
2023-06-12,12.457953453063965,14.390000343322754,14.390000343322754,14.15999984741211,14.300000190734863,2572800
2023-06-13,12.310778617858887,14.220000267028809,14.4399995803833,14.199999809265137,14.399999618530273,1312000
2023-06-14,12.423324584960938,14.350000381469727,14.59000015258789,14.210000038146973,14.279999732971191,3034600
2023-06-15,12.466611862182617,14.399999618530273,14.430000305175781,14.279999732971191,14.390000343322754,1266000
2023-06-16,12.622443199157715,14.579999923706055,14.819999694824219,14.369999885559082,14.399999618530273,5319000
2023-06-19,12.613785743713379,14.569999694824219,14.789999961853027,14.3100004196167,14.789999961853027,3301400
2023-06-20,12.72633171081543,14.699999809265137,14.899999618530273,14.609999656677246,14.65999984741211,3568000
2023-06-21,12.864849090576172,14.859999656677246,14.90999984741211,14.600000381469727,14.729999542236328,5022600
2023-06-22,12.786934852600098,14.770000457763672,14.84000015258789,14.609999656677246,14.770000457763672,2039700
2023-06-23,12.942767143249512,14.949999809265137,15.100000381469727,14.739999771118164,14.800000190734863,2959500
2023-06-26,12.71767520904541,14.6899995803833,15.029999732971191,14.630000114440918,14.949999809265137,2677600
2023-06-27,12.501240730285645,14.4399995803833,14.829999923706055,14.319999694824219,14.75,3014700
2023-06-28,12.423324584960938,14.350000381469727,14.649999618530273,14.300000190734863,14.449999809265137,2551100
2023-06-29,12.27614974975586,14.180000305175781,14.470000267028809,14.15999984741211,14.40999984741211,3297900
2023-06-30,12.406009674072266,14.329999923706055,14.460000038146973,14.100000381469727,14.229999542236328,5359300
2023-07-03,12.362723350524902,14.279999732971191,14.449999809265137,14.140000343322754,14.40999984741211,3408900
2023-07-04,12.34540843963623,14.260000228881836,14.329999923706055,14.130000114440918,14.3100004196167,2230100
2023-07-05,12.440638542175293,14.369999885559082,14.489999771118164,14.140000343322754,14.210000038146973,5051100
2023-07-06,12.328093528747559,14.239999771118164,14.420000076293945,14.149999618530273,14.359999656677246,2081000
2023-07-07,12.34540843963623,14.260000228881836,14.420000076293945,14.15999984741211,14.350000381469727,2149700
2023-07-10,12.388694763183594,14.3100004196167,14.390000343322754,14.220000267028809,14.300000190734863,1514600
2023-07-11,12.34540843963623,14.260000228881836,14.319999694824219,14.130000114440918,14.3100004196167,1919200
2023-07-12,12.388694763183594,14.3100004196167,14.390000343322754,14.1899995803833,14.289999961853027,1842800
2023-07-13,12.440638542175293,14.369999885559082,14.460000038146973,14.260000228881836,14.40999984741211,1737300
2023-07-14,12.380038261413574,14.300000190734863,14.420000076293945,14.25,14.420000076293945,1319400
2023-07-17,12.362723350524902,14.279999732971191,14.369999885559082,14.15999984741211,14.15999984741211,2622200
2023-07-18,12.362723350524902,14.279999732971191,14.350000381469727,14.1899995803833,14.270000457763672,1790100
2023-07-19,12.336750984191895,14.25,14.40999984741211,14.1899995803833,14.270000457763672,1653800
2023-07-20,12.27614974975586,14.180000305175781,14.25,14.109999656677246,14.239999771118164,1301000
2023-07-21,12.388694763183594,14.3100004196167,14.3100004196167,14.119999885559082,14.180000305175781,2631400
2023-07-24,12.34540843963623,14.260000228881836,14.350000381469727,14.229999542236328,14.350000381469727,1347200
2023-07-25,12.172261238098145,14.0600004196167,14.40999984741211,14.050000190734863,14.34000015258789,2710400
2023-07-26,12.14628791809082,14.029999732971191,14.180000305175781,14.0,14.100000381469727,3015500
2023-07-27,12.085686683654785,13.960000038146973,14.119999885559082,13.899999618530273,14.069999694824219,2852900
2023-07-28,12.120316505432129,14.0,14.119999885559082,13.930000305175781,14.029999732971191,1506100
2023-07-31,12.120316505432129,14.0,14.100000381469727,13.979999542236328,14.100000381469727,1549400
2023-08-01,12.128973960876465,14.010000228881836,14.300000190734863,13.960000038146973,14.0,5884200
2023-08-02,12.22420597076416,14.119999885559082,14.130000114440918,14.010000228881836,14.020000457763672,1697600
2023-08-03,11.999113082885742,13.859999656677246,14.229999542236328,13.84000015258789,14.199999809265137,4459000
2023-08-04,11.999113082885742,13.859999656677246,14.109999656677246,13.850000381469727,13.979999542236328,2248000
2023-08-07,11.990456581115723,13.850000381469727,13.960000038146973,13.819999694824219,13.90999984741211,2425500
2023-08-08,12.085686683654785,13.960000038146973,14.039999961853027,13.779999732971191,13.850000381469727,2176400
2023-08-09,11.999113082885742,13.859999656677246,14.0,13.779999732971191,14.0,2190900
2023-08-10,11.955827713012695,13.8100004196167,13.970000267028809,13.729999542236328,13.880000114440918,2835300
2023-08-11,11.921197891235352,13.770000457763672,13.829999923706055,13.670000076293945,13.829999923706055,2472600
2023-08-14,11.9125394821167,13.760000228881836,13.819999694824219,13.65999984741211,13.770000457763672,1369900
2023-08-15,11.860594749450684,13.699999809265137,13.859999656677246,13.6899995803833,13.760000228881836,2713800
2023-08-16,11.687448501586914,13.5,13.760000228881836,13.449999809265137,13.729999542236328,3946200
2023-08-17,11.713420867919922,13.529999732971191,13.609999656677246,13.470000267028809,13.550000190734863,2345000
2023-08-18,11.77402114868164,13.600000381469727,13.640000343322754,13.460000038146973,13.529999732971191,3061800
2023-08-21,11.739392280578613,13.5600004196167,13.699999809265137,13.5600004196167,13.600000381469727,2113200
2023-08-22,11.799994468688965,13.630000114440918,13.710000038146973,13.550000190734863,13.619999885559082,2231700
2023-08-23,11.877909660339355,13.720000267028809,13.739999771118164,13.619999885559082,13.699999809265137,2615000
2023-08-24,11.973140716552734,13.829999923706055,13.859999656677246,13.739999771118164,13.75,2322800
2023-08-25,11.938511848449707,13.789999961853027,13.9399995803833,13.710000038146973,13.829999923706055,2887000
2023-08-28,11.964483261108398,13.819999694824219,13.859999656677246,13.680000305175781,13.8100004196167,2184700
2023-08-29,12.120316505432129,14.0,14.0,13.829999923706055,13.84000015258789,1776800
2023-08-30,12.111659049987793,13.989999771118164,14.09000015258789,13.930000305175781,14.0600004196167,1998700
2023-08-31,11.782679557800293,13.609999656677246,14.0,13.609999656677246,14.0,3236500
2023-09-01,12.042399406433105,13.90999984741211,13.90999984741211,13.739999771118164,13.75,3740800
2023-09-04,12.016427993774414,13.880000114440918,13.920000076293945,13.649999618530273,13.920000076293945,2040600
2023-09-05,11.921197891235352,13.770000457763672,13.9399995803833,13.760000228881836,13.90999984741211,3869600
2023-09-06,11.955827713012695,13.8100004196167,13.890000343322754,13.649999618530273,13.789999961853027,2473500
2023-09-08,11.929853439331055,13.779999732971191,13.949999809265137,13.729999542236328,13.789999961853027,3462800
2023-09-11,12.03374195098877,13.899999618530273,13.899999618530273,13.739999771118164,13.789999961853027,2563700
2023-09-12,12.068371772766113,13.9399995803833,14.039999961853027,13.84000015258789,13.899999618530273,2215400
2023-09-13,12.068371772766113,13.9399995803833,14.09000015258789,13.899999618530273,13.949999809265137,1684100
2023-09-14,12.215546607971191,14.109999656677246,14.149999618530273,13.970000267028809,13.970000267028809,2498700
2023-09-15,12.198232650756836,14.09000015258789,14.1899995803833,14.020000457763672,14.140000343322754,2121800
2023-09-18,12.059715270996094,13.930000305175781,14.140000343322754,13.859999656677246,14.109999656677246,3188500
2023-09-19,12.03374195098877,13.899999618530273,14.029999732971191,13.800000190734863,13.979999542236328,2994000
2023-09-20,12.068371772766113,13.9399995803833,14.029999732971191,13.829999923706055,13.960000038146973,2998000
2023-09-21,11.955827713012695,13.8100004196167,13.899999618530273,13.720000267028809,13.890000343322754,4405700
2023-09-22,11.955827713012695,13.8100004196167,13.979999542236328,13.779999732971191,13.890000343322754,2812600
2023-09-25,11.808650970458984,13.640000343322754,13.829999923706055,13.640000343322754,13.8100004196167,3691700
2023-09-26,11.834623336791992,13.670000076293945,13.9399995803833,13.609999656677246,13.640000343322754,7795500
2023-09-27,11.851938247680664,13.6899995803833,13.789999961853027,13.520000457763672,13.789999961853027,2884900
2023-09-28,11.782679557800293,13.609999656677246,13.699999809265137,13.550000190734863,13.6899995803833,2404900
2023-09-29,11.886567115783691,13.729999542236328,13.760000228881836,13.630000114440918,13.649999618530273,1669400
2023-10-02,11.886567115783691,13.729999542236328,13.8100004196167,13.670000076293945,13.75,1979500
2023-10-03,11.808650970458984,13.640000343322754,13.760000228881836,13.579999923706055,13.699999809265137,2809600
2023-10-04,11.77402114868164,13.600000381469727,13.699999809265137,13.569999694824219,13.640000343322754,4367600
2023-10-05,11.739392280578613,13.5600004196167,13.6899995803833,13.40999984741211,13.609999656677246,4163300
2023-10-06,11.678791046142578,13.489999771118164,13.520000457763672,13.420000076293945,13.5,3573900
2023-10-09,11.9125394821167,13.760000228881836,13.779999732971191,13.420000076293945,13.420000076293945,4118900
2023-10-10,12.085686683654785,13.960000038146973,14.050000190734863,13.760000228881836,13.779999732971191,3643400
2023-10-11,12.094345092773438,13.970000267028809,14.079999923706055,13.869999885559082,13.970000267028809,3458500
2023-10-13,12.025086402893066,13.890000343322754,14.09000015258789,13.890000343322754,13.970000267028809,4555500
2023-10-16,11.981799125671387,13.84000015258789,14.0,13.84000015258789,13.930000305175781,3983600
2023-10-17,11.955827713012695,13.8100004196167,13.979999542236328,13.729999542236328,13.829999923706055,5165000
2023-10-18,11.661476135253906,13.470000267028809,13.8100004196167,13.470000267028809,13.8100004196167,13737300
2023-10-19,11.670132637023926,13.479999542236328,13.579999923706055,13.430000305175781,13.470000267028809,3066300
2023-10-20,11.765364646911621,13.59000015258789,13.760000228881836,13.479999542236328,13.479999542236328,6261200
2023-10-23,11.722077369689941,13.539999961853027,13.75,13.539999961853027,13.600000381469727,3068100
2023-10-24,11.635502815246582,13.4399995803833,13.649999618530273,13.34000015258789,13.640000343322754,3637500
2023-10-25,11.531615257263184,13.319999694824219,13.5600004196167,13.300000190734863,13.449999809265137,3309700
2023-10-26,11.678791046142578,13.489999771118164,13.550000190734863,13.34000015258789,13.34000015258789,2627000
2023-10-27,11.479671478271484,13.260000228881836,13.539999961853027,13.260000228881836,13.489999771118164,2748900
2023-10-30,11.49698543548584,13.279999732971191,13.449999809265137,13.25,13.369999885559082,4549600
2023-10-31,11.618188858032227,13.420000076293945,13.470000267028809,13.3100004196167,13.3100004196167,3290000
2023-11-01,11.661476135253906,13.470000267028809,13.569999694824219,13.029999732971191,13.350000381469727,7182500
2023-11-03,11.964483261108398,13.819999694824219,13.890000343322754,13.460000038146973,13.569999694824219,4830800
2023-11-06,12.025086402893066,13.890000343322754,13.949999809265137,13.649999618530273,13.800000190734863,2982900
2023-11-07,11.938511848449707,13.789999961853027,13.949999809265137,13.789999961853027,13.890000343322754,2619100
2023-11-08,11.81730842590332,13.649999618530273,13.819999694824219,13.550000190734863,13.789999961853027,5488500
2023-11-09,11.69610595703125,13.510000228881836,13.65999984741211,13.40999984741211,13.640000343322754,3055900
2023-11-10,11.782679557800293,13.609999656677246,13.699999809265137,13.510000228881836,13.510000228881836,3430000
2023-11-13,11.990456581115723,13.850000381469727,13.880000114440918,13.5600004196167,13.609999656677246,2941400
2023-11-14,12.189576148986816,14.079999923706055,14.149999618530273,13.699999809265137,13.699999809265137,3963500
2023-11-16,12.492583274841309,14.430000305175781,14.430000305175781,14.010000228881836,14.010000228881836,6741500
2023-11-17,12.250176429748535,14.149999618530273,14.420000076293945,14.029999732971191,14.420000076293945,3124800
2023-11-20,12.085686683654785,13.960000038146973,14.130000114440918,13.850000381469727,14.100000381469727,3248400
2023-11-21,11.973140716552734,13.829999923706055,13.970000267028809,13.760000228881836,13.960000038146973,2713400
2023-11-22,12.466611862182617,14.399999618530273,14.949999809265137,14.369999885559082,14.800000190734863,20875500
2023-11-23,12.56184196472168,14.510000228881836,14.75,14.399999618530273,14.75,9122900
2023-11-24,12.544527053833008,14.489999771118164,14.65999984741211,14.420000076293945,14.529999732971191,8121100
2023-11-27,12.544527053833008,14.489999771118164,14.569999694824219,14.430000305175781,14.5600004196167,6177700
2023-11-28,12.639759063720703,14.600000381469727,14.75,14.520000457763672,14.529999732971191,5941200
2023-11-29,12.56184196472168,14.510000228881836,14.729999542236328,14.510000228881836,14.699999809265137,5869600
2023-11-30,12.71767520904541,14.6899995803833,14.6899995803833,14.539999961853027,14.59000015258789,4162000
2023-12-01,12.864849090576172,14.859999656677246,14.979999542236328,14.680000305175781,14.699999809265137,6458300
2023-12-04,12.899478912353516,14.899999618530273,15.0,14.859999656677246,14.949999809265137,7048400
2023-12-05,13.159200668334961,15.199999809265137,15.25,14.930000305175781,14.970000267028809,6696500
2023-12-06,13.072627067565918,15.100000381469727,15.329999923706055,15.069999694824219,15.260000228881836,5861300
2023-12-07,13.115914344787598,15.149999618530273,15.1899995803833,14.989999771118164,15.140000343322754,6196000
2023-12-08,12.92545223236084,14.930000305175781,15.199999809265137,14.859999656677246,15.199999809265137,10990100
2023-12-11,12.800335884094238,13.300000190734863,13.399999618530273,12.819999694824219,13.130000114440918,13765600
2023-12-12,12.607850074768066,13.100000381469727,13.300000190734863,13.100000381469727,13.289999961853027,4893200
2023-12-13,12.713717460632324,13.210000038146973,13.270000457763672,12.970000267028809,13.100000381469727,6022600
2023-12-14,12.944700241088867,13.449999809265137,13.489999771118164,13.210000038146973,13.210000038146973,5480800
2023-12-15,12.983198165893555,13.489999771118164,13.489999771118164,13.390000343322754,13.449999809265137,3224500
2023-12-18,12.848457336425781,13.350000381469727,13.600000381469727,13.350000381469727,13.489999771118164,3314300
2023-12-19,12.867706298828125,13.369999885559082,13.449999809265137,13.289999961853027,13.380000114440918,4780200
2023-12-20,12.886955261230469,13.390000343322754,13.460000038146973,13.300000190734863,13.369999885559082,3699400
2023-12-21,12.829208374023438,13.329999923706055,13.399999618530273,13.270000457763672,13.399999618530273,3368300
2023-12-22,12.829208374023438,13.329999923706055,13.350000381469727,13.25,13.329999923706055,2899500
2023-12-26,12.819584846496582,13.319999694824219,13.380000114440918,13.260000228881836,13.350000381469727,3358500
2023-12-27,12.886955261230469,13.390000343322754,13.390000343322754,13.25,13.319999694824219,3456400
2023-12-28,12.80996036529541,13.3100004196167,13.390000343322754,13.260000228881836,13.390000343322754,3487000
2024-01-02,12.800335884094238,13.300000190734863,13.40999984741211,13.220000267028809,13.3100004196167,5209500
2024-01-03,12.92545223236084,13.430000305175781,13.5,13.25,13.300000190734863,5616300
2024-01-04,12.829208374023438,13.329999923706055,13.489999771118164,13.260000228881836,13.449999809265137,3371900
2024-01-05,12.99282169342041,13.5,13.569999694824219,13.279999732971191,13.34000015258789,4673500
2024-01-08,13.012070655822754,13.520000457763672,13.609999656677246,13.390000343322754,13.460000038146973,3738800
2024-01-09,12.963949203491211,13.470000267028809,13.479999542236328,13.380000114440918,13.460000038146973,3815700
2024-01-10,12.896578788757324,13.399999618530273,13.520000457763672,13.329999923706055,13.470000267028809,3627100
2024-01-11,12.848457336425781,13.350000381469727,13.449999809265137,13.239999771118164,13.449999809265137,4814200
2024-01-12,12.771464347839355,13.270000457763672,13.390000343322754,13.239999771118164,13.350000381469727,4041800
2024-01-15,12.80996036529541,13.3100004196167,13.350000381469727,13.239999771118164,13.270000457763672,1955800
2024-01-16,12.713717460632324,13.210000038146973,13.359999656677246,13.15999984741211,13.3100004196167,4024500
2024-01-17,12.752214431762695,13.25,13.279999732971191,13.100000381469727,13.199999809265137,3642900
2024-01-18,12.559727668762207,13.050000190734863,13.270000457763672,13.0,13.260000228881836,6534900
2024-01-19,12.588601112365723,13.079999923706055,13.100000381469727,13.0,13.079999923706055,4877400
2024-01-22,12.617473602294922,13.109999656677246,13.149999618530273,13.0600004196167,13.100000381469727,4490300
2024-01-23,12.636722564697266,13.130000114440918,13.199999809265137,13.079999923706055,13.140000343322754,2538600
2024-01-24,12.790712356567383,13.289999961853027,13.329999923706055,13.140000343322754,13.149999618530273,3333600
2024-01-25,12.742589950561523,13.239999771118164,13.350000381469727,13.229999542236328,13.289999961853027,2729100
2024-01-26,12.69446849822998,13.1899995803833,13.319999694824219,13.140000343322754,13.289999961853027,2783300
2024-01-29,12.588601112365723,13.079999923706055,13.239999771118164,13.069999694824219,13.199999809265137,3775900
2024-01-30,12.51160717010498,13.0,13.130000114440918,13.0,13.079999923706055,3463200
2024-01-31,12.684844017028809,13.180000305175781,13.289999961853027,13.020000457763672,13.069999694824219,3755000
2024-02-01,12.434612274169922,12.920000076293945,13.220000267028809,12.920000076293945,13.180000305175781,5048800
2024-02-02,12.37686538696289,12.859999656677246,13.029999732971191,12.850000381469727,12.970000267028809,4354400
2024-02-05,12.37686538696289,12.859999656677246,12.949999809265137,12.819999694824219,12.890000343322754,3478100
2024-02-06,12.473109245300293,12.960000038146973,12.960000038146973,12.859999656677246,12.890000343322754,3139500
2024-02-07,12.588601112365723,13.079999923706055,13.15999984741211,12.949999809265137,12.949999809265137,4180100
2024-02-08,12.37686538696289,12.859999656677246,13.289999961853027,12.859999656677246,13.15999984741211,9381200
2024-02-09,12.482734680175781,12.970000267028809,13.119999885559082,12.850000381469727,12.850000381469727,4943200
2024-02-14,12.405739784240723,12.890000343322754,13.020000457763672,12.880000114440918,12.979999542236328,3077800
2024-02-15,12.501982688903809,12.989999771118164,13.079999923706055,12.899999618530273,12.949999809265137,4740900
2024-02-16,12.550104141235352,13.039999961853027,13.0600004196167,12.9399995803833,12.970000267028809,3140300
2024-02-19,12.771464347839355,13.270000457763672,13.359999656677246,13.020000457763672,13.029999732971191,4786000
2024-02-20,12.444236755371094,12.930000305175781,13.270000457763672,12.920000076293945,13.270000457763672,8501200
2024-02-21,12.569353103637695,13.0600004196167,13.0600004196167,12.90999984741211,12.989999771118164,4507600
2024-02-22,12.473109245300293,12.960000038146973,13.109999656677246,12.960000038146973,13.0600004196167,5259000
2024-02-23,12.415363311767578,12.899999618530273,13.039999961853027,12.899999618530273,13.010000228881836,4574300
2024-02-26,12.357617378234863,12.84000015258789,12.970000267028809,12.819999694824219,12.9399995803833,6964500
2024-02-27,12.540478706359863,13.029999732971191,13.039999961853027,12.850000381469727,12.90999984741211,6701500
2024-02-28,12.473109245300293,12.960000038146973,13.199999809265137,12.9399995803833,13.09000015258789,5949400
2024-02-29,12.347992897033691,12.829999923706055,13.020000457763672,12.829999923706055,12.989999771118164,5720400
2024-03-01,12.367242813110352,12.850000381469727,12.930000305175781,12.84000015258789,12.869999885559082,6803000
2024-03-04,12.108969688415527,12.1899995803833,12.449999809265137,12.1899995803833,12.449999809265137,6936300
2024-03-05,12.099037170410156,12.180000305175781,12.3100004196167,12.149999618530273,12.220000267028809,4003900
2024-03-06,12.128837585449219,12.210000038146973,12.279999732971191,12.180000305175781,12.199999809265137,4458500
2024-03-07,12.059303283691406,12.140000343322754,12.229999542236328,12.079999923706055,12.210000038146973,3181800
2024-03-08,12.069235801696777,12.149999618530273,12.229999542236328,12.09000015258789,12.109999656677246,2935000
2024-03-11,11.950033187866211,12.029999732971191,12.170000076293945,11.989999771118164,12.149999618530273,3360500
2024-03-12,11.781163215637207,11.859999656677246,12.079999923706055,11.859999656677246,12.069999694824219,3748300
2024-03-13,11.751362800598145,11.829999923706055,11.9399995803833,11.75,11.899999618530273,6864800
2024-03-14,11.950033187866211,12.029999732971191,12.09000015258789,11.779999732971191,11.880000114440918,8274600
2024-03-15,11.870565414428711,11.949999809265137,12.140000343322754,11.890000343322754,12.020000457763672,9847900
2024-03-18,11.781163215637207,11.859999656677246,12.010000228881836,11.850000381469727,12.010000228881836,2462600
2024-03-19,11.830831527709961,11.90999984741211,11.970000267028809,11.789999961853027,11.899999618530273,2845600
2024-03-20,11.94010066986084,12.020000457763672,12.0600004196167,11.890000343322754,11.920000076293945,2379700
2024-03-21,11.950033187866211,12.029999732971191,12.109999656677246,11.970000267028809,12.029999732971191,1929500
2024-03-22,11.870565414428711,11.949999809265137,12.079999923706055,11.90999984741211,12.0600004196167,2266600
2024-03-25,11.771230697631836,11.850000381469727,12.0,11.84000015258789,11.960000038146973,2264900
2024-03-26,11.701695442199707,11.779999732971191,11.880000114440918,11.729999542236328,11.880000114440918,5291100
2024-03-27,11.751362800598145,11.829999923706055,11.90999984741211,11.75,11.789999961853027,2631100
2024-03-28,11.820898056030273,11.899999618530273,11.949999809265137,11.8100004196167,11.850000381469727,2792300
2024-04-01,11.870565414428711,11.949999809265137,12.010000228881836,11.850000381469727,11.949999809265137,5322200
2024-04-02,11.950033187866211,12.029999732971191,12.069999694824219,11.899999618530273,11.949999809265137,2593300
2024-04-03,11.989768028259277,12.069999694824219,12.079999923706055,11.9399995803833,12.029999732971191,2476400
2024-04-04,12.01956844329834,12.100000381469727,12.140000343322754,12.050000190734863,12.069999694824219,2172100
2024-04-05,11.94010066986084,12.020000457763672,12.119999885559082,11.989999771118164,12.100000381469727,2046700
2024-04-08,11.97983455657959,12.0600004196167,12.09000015258789,11.9399995803833,12.039999961853027,1869700
2024-04-09,12.099037170410156,12.180000305175781,12.229999542236328,12.0600004196167,12.09000015258789,2620200
2024-04-10,11.94010066986084,12.020000457763672,12.180000305175781,11.970000267028809,12.180000305175781,3506700
2024-04-11,11.900365829467773,11.979999542236328,12.039999961853027,11.930000305175781,12.010000228881836,2230800
2024-04-12,11.850698471069336,11.930000305175781,12.039999961853027,11.90999984741211,11.979999542236328,1969600
2024-04-15,11.751362800598145,11.829999923706055,12.0,11.760000228881836,11.930000305175781,7131500
2024-04-16,11.522892951965332,11.600000381469727,11.770000457763672,11.260000228881836,11.75,14513900
2024-04-17,11.671895027160645,11.75,11.800000190734863,11.59000015258789,11.710000038146973,8522100
2024-04-18,11.711628913879395,11.789999961853027,11.960000038146973,11.720000267028809,11.75,4323100
2024-04-19,11.731496810913086,11.8100004196167,11.880000114440918,11.729999542236328,11.800000190734863,6594100
2024-04-22,11.671895027160645,11.75,11.829999923706055,11.649999618530273,11.819999694824219,3030700
2024-04-23,11.751362800598145,11.829999923706055,11.90999984741211,11.680000305175781,11.729999542236328,4262300
2024-04-24,11.493091583251953,11.569999694824219,11.920000076293945,11.569999694824219,11.84000015258789,3333100
2024-04-25,11.244752883911133,11.319999694824219,11.609999656677246,11.319999694824219,11.609999656677246,3502900
2024-04-26,11.40368938446045,11.479999542236328,11.630000114440918,11.369999885559082,11.380000114440918,4980900
2024-04-29,11.522892951965332,11.600000381469727,11.680000305175781,11.489999771118164,11.510000228881836,2083900
2024-04-30,11.512958526611328,11.59000015258789,11.619999885559082,11.520000457763672,11.619999885559082,3907000
2024-05-02,11.40368938446045,11.479999542236328,11.65999984741211,11.25,11.640000343322754,20553600
2024-05-03,11.602360725402832,11.680000305175781,11.760000228881836,11.520000457763672,11.520000457763672,15131500
2024-05-06,11.572559356689453,11.649999618530273,11.880000114440918,11.640000343322754,11.710000038146973,5841900
2024-05-07,11.632161140441895,11.710000038146973,11.859999656677246,11.609999656677246,11.6899995803833,6138900
2024-05-08,11.562626838684082,11.640000343322754,11.789999961853027,11.550000190734863,11.770000457763672,3975900
2024-05-09,11.731496810913086,11.8100004196167,11.869999885559082,11.550000190734863,11.640000343322754,5625300
2024-05-10,11.751362800598145,11.829999923706055,11.930000305175781,11.729999542236328,11.850000381469727,4068600
2024-05-13,11.810964584350586,11.890000343322754,11.960000038146973,11.800000190734863,11.819999694824219,2245400
2024-05-14,11.910299301147461,11.989999771118164,12.069999694824219,11.850000381469727,11.890000343322754,6982000
2024-05-15,11.950033187866211,12.029999732971191,12.109999656677246,11.90999984741211,12.0,2607400
2024-05-16,11.751362800598145,11.829999923706055,11.930000305175781,11.319999694824219,11.5,24775500
2024-05-17,11.671895027160645,11.75,12.020000457763672,11.729999542236328,11.850000381469727,8555000
2024-05-20,11.791097640991211,11.869999885559082,11.989999771118164,11.739999771118164,11.779999732971191,5573200
2024-05-21,11.950033187866211,12.029999732971191,12.029999732971191,11.869999885559082,11.899999618530273,5034400
2024-05-22,11.950033187866211,12.029999732971191,12.15999984741211,12.0,12.050000190734863,10861400
2024-05-23,12.009634971618652,12.09000015258789,12.100000381469727,12.010000228881836,12.039999961853027,2570600
2024-05-24,12.069235801696777,12.149999618530273,12.239999771118164,12.079999923706055,12.09000015258789,3250100
2024-05-27,12.178504943847656,12.260000228881836,12.3100004196167,12.130000114440918,12.149999618530273,2881900
2024-05-28,12.079169273376465,12.15999984741211,12.4399995803833,12.109999656677246,12.34000015258789,5100000
2024-05-29,11.959967613220215,12.039999961853027,12.140000343322754,11.970000267028809,12.140000343322754,4985800
2024-05-31,11.860631942749023,11.9399995803833,12.0600004196167,11.930000305175781,12.0,3697200
2024-06-03,12.039435386657715,12.119999885559082,12.180000305175781,11.930000305175781,11.979999542236328,5556100
2024-06-04,12.049368858337402,12.130000114440918,12.220000267028809,12.069999694824219,12.119999885559082,2832100
2024-06-05,12.238105773925781,12.319999694824219,12.380000114440918,12.130000114440918,12.149999618530273,6639500
2024-06-06,12.377175331115723,12.460000038146973,12.550000190734863,12.289999961853027,12.350000381469727,4252200
2024-06-07,12.01956844329834,12.100000381469727,12.449999809265137,12.020000457763672,12.430000305175781,6379000
2024-06-10,12.128837585449219,12.210000038146973,12.260000228881836,12.010000228881836,12.180000305175781,4736300
2024-06-11,12.168571472167969,12.25,12.359999656677246,12.210000038146973,12.239999771118164,4032900
2024-06-12,11.999701499938965,12.079999923706055,12.350000381469727,12.079999923706055,12.300000190734863,3965300
2024-06-13,12.029501914978027,12.109999656677246,12.199999809265137,12.039999961853027,12.09000015258789,3273000
2024-06-14,12.099037170410156,12.180000305175781,12.239999771118164,12.100000381469727,12.109999656677246,8492900
2024-06-17,12.049368858337402,12.130000114440918,12.25,12.109999656677246,12.199999809265137,2677800
2024-06-18,12.198371887207031,12.279999732971191,12.289999961853027,12.079999923706055,12.109999656677246,3254600
2024-06-19,12.108969688415527,12.1899995803833,12.239999771118164,11.989999771118164,12.210000038146973,2672200
2024-06-20,12.128837585449219,12.210000038146973,12.300000190734863,12.130000114440918,12.1899995803833,2453900
2024-06-21,12.18843936920166,12.270000457763672,12.329999923706055,12.170000076293945,12.199999809265137,3587800
2024-06-24,12.257973670959473,12.34000015258789,12.420000076293945,12.210000038146973,12.270000457763672,2343600
2024-06-25,12.178504943847656,12.260000228881836,12.380000114440918,12.260000228881836,12.369999885559082,2041100
2024-06-26,12.158638000488281,12.239999771118164,12.3100004196167,12.170000076293945,12.3100004196167,2292500
2024-06-27,12.18843936920166,12.270000457763672,12.350000381469727,12.1899995803833,12.25,2774700
2024-06-28,12.257973670959473,12.34000015258789,12.449999809265137,12.270000457763672,12.270000457763672,3746100
2024-07-01,12.257973670959473,12.34000015258789,12.5,12.329999923706055,12.369999885559082,2679400
2024-07-02,12.108969688415527,12.1899995803833,12.4399995803833,12.180000305175781,12.34000015258789,3791000
2024-07-03,12.128837585449219,12.210000038146973,12.34000015258789,12.210000038146973,12.25,2265800
2024-07-04,12.26790714263916,12.350000381469727,12.40999984741211,12.270000457763672,12.289999961853027,1433700
2024-07-05,12.26790714263916,12.350000381469727,12.430000305175781,12.270000457763672,12.390000343322754,1833200
2024-07-08,12.257973670959473,12.34000015258789,12.40999984741211,12.210000038146973,12.380000114440918,2888000
2024-07-09,12.317573547363281,12.399999618530273,12.460000038146973,12.300000190734863,12.319999694824219,3745100
2024-07-10,12.327507972717285,12.40999984741211,12.5600004196167,12.390000343322754,12.4399995803833,3023400
2024-07-11,12.367241859436035,12.449999809265137,12.569999694824219,12.399999618530273,12.40999984741211,2692900
2024-07-12,12.397042274475098,12.479999542236328,12.539999961853027,12.380000114440918,12.5,1898300
2024-07-15,12.397042274475098,12.479999542236328,12.510000228881836,12.40999984741211,12.479999542236328,1253800
2024-07-16,12.416909217834473,12.5,12.579999923706055,12.4399995803833,12.470000267028809,2113500
2024-07-17,12.357308387756348,12.4399995803833,12.550000190734863,12.420000076293945,12.5,1841400
2024-07-18,12.337441444396973,12.420000076293945,12.520000457763672,12.369999885559082,12.5,2719000
2024-07-19,12.26790714263916,12.350000381469727,12.479999542236328,12.25,12.369999885559082,2376700
2024-07-22,12.387109756469727,12.470000267028809,12.520000457763672,12.3100004196167,12.350000381469727,1935600
2024-07-23,12.218238830566406,12.300000190734863,12.479999542236328,12.300000190734863,12.479999542236328,1486200
2024-07-24,12.079169273376465,12.15999984741211,12.319999694824219,12.130000114440918,12.279999732971191,1846100
2024-07-25,11.959967613220215,12.039999961853027,12.239999771118164,12.020000457763672,12.149999618530273,2152600
2024-07-26,11.969901084899902,12.050000190734863,12.130000114440918,12.010000228881836,12.130000114440918,1725600
2024-07-29,11.860631942749023,11.9399995803833,12.100000381469727,11.920000076293945,12.050000190734863,1916200
2024-07-30,11.761297225952148,11.84000015258789,11.949999809265137,11.829999923706055,11.949999809265137,2457200
2024-07-31,11.801031112670898,11.880000114440918,11.949999809265137,11.819999694824219,11.850000381469727,3204200
2024-08-01,12.26790714263916,12.350000381469727,12.359999656677246,11.890000343322754,11.920000076293945,5073000
2024-08-02,11.711628913879395,11.789999961853027,12.279999732971191,11.789999961853027,12.199999809265137,5996300
2024-08-05,11.58249282836914,11.65999984741211,11.6899995803833,11.279999732971191,11.5,6031900
2024-08-06,11.532825469970703,11.609999656677246,11.789999961853027,11.539999961853027,11.630000114440918,4916500
2024-08-07,11.383822441101074,11.460000038146973,11.6899995803833,11.460000038146973,11.609999656677246,3309400
2024-08-08,11.373888969421387,11.449999809265137,11.539999961853027,11.40999984741211,11.489999771118164,2874200
2024-08-09,11.46329116821289,11.539999961853027,11.609999656677246,11.460000038146973,11.489999771118164,4051800
2024-08-12,11.483158111572266,11.5600004196167,11.670000076293945,11.5,11.600000381469727,2480800
2024-08-13,11.54275894165039,11.619999885559082,11.760000228881836,11.59000015258789,11.630000114440918,4076500
2024-08-14,11.562626838684082,11.640000343322754,11.699999809265137,11.5600004196167,11.619999885559082,5347400
2024-08-15,11.50302505493164,11.579999923706055,11.770000457763672,11.5,11.649999618530273,5697600
2024-08-16,11.453356742858887,11.529999732971191,11.6899995803833,11.529999732971191,11.619999885559082,4025800
2024-08-19,11.552692413330078,11.630000114440918,11.680000305175781,11.5600004196167,11.5600004196167,1721200
2024-08-20,11.46329116821289,11.539999961853027,11.680000305175781,11.539999961853027,11.680000305175781,2565600
2024-08-21,11.453356742858887,11.529999732971191,11.619999885559082,11.470000267028809,11.579999923706055,4346600
2024-08-22,11.46329116821289,11.539999961853027,11.609999656677246,11.479999542236328,11.609999656677246,3064500
2024-08-23,11.512958526611328,11.59000015258789,11.649999618530273,11.479999542236328,11.5600004196167,3139200
2024-08-26,11.473224639892578,11.550000190734863,11.609999656677246,11.5,11.609999656677246,3677000
2024-08-27,11.3639554977417,11.4399995803833,11.600000381469727,11.4399995803833,11.550000190734863,3243300
2024-08-28,11.383822441101074,11.460000038146973,11.479999542236328,11.380000114440918,11.449999809265137,2536200
2024-08-29,11.284486770629883,11.359999656677246,11.479999542236328,11.359999656677246,11.479999542236328,3856200
2024-08-30,11.314288139343262,11.390000343322754,11.539999961853027,11.350000381469727,11.399999618530273,10712600
2024-09-02,11.32422161102295,11.399999618530273,11.470000267028809,11.359999656677246,11.449999809265137,5681100
2024-09-03,11.32422161102295,11.399999618530273,11.5,11.380000114440918,11.40999984741211,3035400
2024-09-04,11.354022026062012,11.430000305175781,11.449999809265137,11.34000015258789,11.399999618530273,8013000
2024-09-05,11.264620780944824,11.34000015258789,11.430000305175781,11.25,11.430000305175781,6197700
2024-09-06,11.274554252624512,11.350000381469727,11.40999984741211,11.319999694824219,11.359999656677246,5641400
2024-09-09,11.09575080871582,11.170000076293945,11.399999618530273,11.109999656677246,11.350000381469727,5731400
2024-09-10,11.075882911682129,11.149999618530273,11.170000076293945,11.0600004196167,11.170000076293945,6570600
2024-09-11,10.986481666564941,11.0600004196167,11.220000267028809,11.0,11.210000038146973,5125500
2024-09-12,10.986481666564941,11.0600004196167,11.130000114440918,11.020000457763672,11.0600004196167,2617900
2024-09-13,11.036149024963379,11.109999656677246,11.170000076293945,11.0600004196167,11.119999885559082,3690600
2024-09-16,11.026216506958008,11.100000381469727,11.15999984741211,11.069999694824219,11.140000343322754,3197700
2024-09-17,10.996415138244629,11.069999694824219,11.140000343322754,11.029999732971191,11.109999656677246,3963800
2024-09-18,10.916946411132812,10.989999771118164,11.100000381469727,10.960000038146973,11.069999694824219,4385100
2024-09-19,10.787810325622559,10.859999656677246,11.029999732971191,10.819999694824219,11.0,5444700
2024-09-20,10.529540061950684,10.600000381469727,10.920000076293945,10.600000381469727,10.899999618530273,6264800
2024-09-23,10.529540061950684,10.600000381469727,10.680000305175781,10.529999732971191,10.649999618530273,3807000
2024-09-24,10.40040397644043,10.470000267028809,10.729999542236328,10.449999809265137,10.609999656677246,3885800
2024-09-25,10.251399993896484,10.319999694824219,10.520000457763672,10.319999694824219,10.489999771118164,3809000
2024-09-26,10.3308687210083,10.399999618530273,10.479999542236328,10.319999694824219,10.359999656677246,4454000
2024-09-27,10.37060260772705,10.4399995803833,10.5600004196167,10.399999618530273,10.399999618530273,4300600
2024-09-30,10.390469551086426,10.460000038146973,10.510000228881836,10.369999885559082,10.5,3934900
2024-10-01,10.4103364944458,10.479999542236328,10.539999961853027,10.380000114440918,10.460000038146973,3620500
2024-10-02,10.36067008972168,10.430000305175781,10.640000343322754,10.430000305175781,10.5600004196167,3567400
2024-10-03,10.29113483428955,10.359999656677246,10.430000305175781,10.279999732971191,10.420000076293945,4849200
2024-10-04,10.271267890930176,10.34000015258789,10.359999656677246,10.260000228881836,10.319999694824219,4351200
2024-10-07,10.171932220458984,10.239999771118164,10.399999618530273,10.199999809265137,10.380000114440918,5940100
2024-10-08,10.15206527709961,10.220000267028809,10.289999961853027,10.199999809265137,10.210000038146973,3933600
2024-10-09,10.022929191589355,10.09000015258789,10.25,10.039999961853027,10.25,5855700
2024-10-10,10.052729606628418,10.119999885559082,10.149999618530273,10.069999694824219,10.109999656677246,2431900
2024-10-11,9.99312973022461,10.0600004196167,10.149999618530273,10.029999732971191,10.149999618530273,3301300
2024-10-14,10.08253002166748,10.149999618530273,10.210000038146973,10.0600004196167,10.0600004196167,3961500
2024-10-15,10.102397918701172,10.170000076293945,10.210000038146973,10.079999923706055,10.170000076293945,5096000
2024-10-16,10.211666107177734,10.279999732971191,10.300000190734863,10.069999694824219,10.180000305175781,15464100
2024-10-17,10.251399993896484,10.319999694824219,10.350000381469727,10.130000114440918,10.239999771118164,4409000
2024-10-18,10.3308687210083,10.399999618530273,10.4399995803833,10.239999771118164,10.34000015258789,9776200
2024-10-21,10.191800117492676,10.260000228881836,10.479999542236328,10.260000228881836,10.399999618530273,5157600
2024-10-22,10.132198333740234,10.199999809265137,10.239999771118164,10.069999694824219,10.239999771118164,4745600
2024-10-23,10.092464447021484,10.15999984741211,10.220000267028809,10.09000015258789,10.170000076293945,2906900
2024-10-24,10.191800117492676,10.260000228881836,10.3100004196167,10.130000114440918,10.1899995803833,6272200
2024-10-25,10.311001777648926,10.380000114440918,10.40999984741211,10.210000038146973,10.260000228881836,7372700
2024-10-28,10.271267890930176,10.34000015258789,10.520000457763672,10.34000015258789,10.40999984741211,5440400
2024-10-29,10.29113483428955,10.359999656677246,10.4399995803833,10.25,10.319999694824219,6135500
2024-10-30,10.37060260772705,10.4399995803833,10.609999656677246,10.350000381469727,10.350000381469727,7598800
2024-10-31,10.181865692138672,10.25,10.760000228881836,10.25,10.5,12756100
2024-11-01,10.15206527709961,10.220000267028809,10.300000190734863,10.079999923706055,10.239999771118164,7024700
2024-11-04,10.3308687210083,10.399999618530273,10.399999618530273,10.199999809265137,10.270000457763672,8096700
2024-11-05,10.3308687210083,10.399999618530273,10.4399995803833,10.3100004196167,10.399999618530273,5077100
2024-11-06,10.181865692138672,10.25,10.319999694824219,10.15999984741211,10.300000190734863,4374600
2024-11-07,10.08253002166748,10.149999618530273,10.34000015258789,10.100000381469727,10.199999809265137,5037600
2024-11-08,10.102397918701172,10.170000076293945,10.239999771118164,10.029999732971191,10.100000381469727,5265200
2024-11-11,9.96332836151123,10.029999732971191,10.199999809265137,10.029999732971191,10.170000076293945,4401900
2024-11-12,9.893794059753418,9.960000038146973,10.050000190734863,9.920000076293945,10.050000190734863,6804100
2024-11-13,9.903727531433105,9.970000267028809,10.020000457763672,9.899999618530273,9.979999542236328,5189900
2024-11-14,9.913660049438477,9.979999542236328,10.0600004196167,9.930000305175781,9.960000038146973,4347800
2024-11-18,9.734857559204102,9.800000190734863,10.050000190734863,9.789999961853027,9.989999771118164,5255400
2024-11-19,9.824258804321289,9.890000343322754,9.9399995803833,9.770000457763672,9.8100004196167,4198700
2024-11-21,9.665322303771973,9.729999542236328,9.920000076293945,9.729999542236328,9.899999618530273,7340100
2024-11-22,9.873926162719727,9.9399995803833,9.9399995803833,9.770000457763672,9.789999961853027,7271100
2024-11-25,10.311001777648926,10.380000114440918,10.380000114440918,9.899999618530273,9.899999618530273,10240800
2024-11-26,10.499738693237305,10.569999694824219,10.680000305175781,10.350000381469727,10.380000114440918,5813400
2024-11-27,10.07259750366211,10.140000343322754,10.649999618530273,10.140000343322754,10.600000381469727,9375200
2024-11-28,9.734857559204102,9.800000190734863,10.1899995803833,9.800000190734863,10.15999984741211,6542500
2024-11-29,9.794458389282227,9.859999656677246,9.90999984741211,9.680000305175781,9.880000114440918,5351200
2024-12-02,9.466651916503906,9.529999732971191,9.9399995803833,9.520000457763672,9.899999618530273,9381300
2024-12-03,9.556053161621094,9.619999885559082,9.760000228881836,9.520000457763672,9.550000190734863,7476000
2024-12-04,9.436851501464844,9.5,10.050000190734863,9.460000038146973,9.75,10498700
2024-12-05,9.526253700256348,9.59000015258789,9.710000038146973,9.529999732971191,9.579999923706055,4841300
2024-12-06,9.397117614746094,9.460000038146973,9.630000114440918,9.34000015258789,9.600000381469727,6596400
2024-12-09,9.357382774353027,9.420000076293945,9.529999732971191,9.34000015258789,9.460000038146973,3640200
2024-12-10,9.526253700256348,9.59000015258789,9.609999656677246,9.399999618530273,9.4399995803833,3885000
2024-12-11,9.506385803222656,9.569999694824219,9.640000343322754,9.319999694824219,9.5600004196167,6332200
2024-12-12,9.089177131652832,9.149999618530273,9.510000228881836,9.149999618530273,9.510000228881836,6744100
2024-12-13,9.049443244934082,9.109999656677246,9.220000267028809,9.100000381469727,9.149999618530273,6286600
2024-12-16,8.969975471496582,9.029999732971191,9.149999618530273,8.989999771118164,9.119999885559082,4436700
2024-12-17,9.049443244934082,9.109999656677246,9.170000076293945,9.0,9.029999732971191,6062600
2024-12-18,8.721636772155762,8.779999732971191,9.079999923706055,8.75,9.079999923706055,5618400
2024-12-19,8.890506744384766,8.949999809265137,9.100000381469727,8.779999732971191,8.779999732971191,8722800
2024-12-20,8.930241584777832,8.989999771118164,8.989999771118164,8.859999656677246,8.949999809265137,7729000
2024-12-23,8.71170425415039,8.770000457763672,8.979999542236328,8.729999542236328,8.979999542236328,4777800
2024-12-26,8.622302055358887,8.680000305175781,8.84000015258789,8.640000343322754,8.770000457763672,3112800
2024-12-27,8.642168998718262,8.699999809265137,8.770000457763672,8.670000076293945,8.680000305175781,3940600
2024-12-30,8.71170425415039,8.770000457763672,8.789999961853027,8.630000114440918,8.729999542236328,5677500
2025-01-02,8.542834281921387,8.600000381469727,8.800000190734863,8.470000267028809,8.779999732971191,7626700
2025-01-03,8.364030838012695,8.420000076293945,8.630000114440918,8.399999618530273,8.600000381469727,9696300
2025-01-06,8.373964309692383,8.430000305175781,8.609999656677246,8.399999618530273,8.479999542236328,6310100
2025-01-07,8.304429054260254,8.359999656677246,8.489999771118164,8.3100004196167,8.430000305175781,11778800
2025-01-08,8.085891723632812,8.140000343322754,8.350000381469727,8.069999694824219,8.34000015258789,5275400
2025-01-09,7.946822166442871,8.0,8.1899995803833,8.0,8.130000114440918,4320400
2025-01-10,7.827620029449463,7.880000114440918,8.069999694824219,7.820000171661377,8.0,6277600
2025-01-13,7.718350887298584,7.769999980926514,7.940000057220459,7.769999980926514,7.900000095367432,6244300
2025-01-14,7.748151779174805,7.800000190734863,7.849999904632568,7.710000038146973,7.769999980926514,6660700
2025-01-15,7.8772873878479,7.929999828338623,7.989999771118164,7.829999923706055,7.860000133514404,5075900
2025-01-16,7.708417892456055,7.760000228881836,7.960000038146973,7.760000228881836,7.960000038146973,4358100
2025-01-17,7.72828483581543,7.78000020980835,7.829999923706055,7.710000038146973,7.829999923706055,5126600
2025-01-20,7.718350887298584,7.769999980926514,7.789999961853027,7.659999847412109,7.78000020980835,6091700
2025-01-21,7.738217830657959,7.789999961853027,7.840000152587891,7.670000076293945,7.78000020980835,3968800
2025-01-22,7.817686080932617,7.869999885559082,7.880000114440918,7.699999809265137,7.800000190734863,5250200
2025-01-23,7.628949165344238,7.679999828338623,7.900000095367432,7.679999828338623,7.889999866485596,5544000
2025-01-24,7.54948091506958,7.599999904632568,7.760000228881836,7.579999923706055,7.690000057220459,4444600
2025-01-27,7.91702127456665,7.96999979019165,7.96999979019165,7.550000190734863,7.610000133514404,14940400
2025-01-28,7.748151779174805,7.800000190734863,7.980000019073486,7.769999980926514,7.980000019073486,5662200
2025-01-29,7.72828483581543,7.78000020980835,7.889999866485596,7.730000019073486,7.889999866485596,6012200
2025-01-30,8.066024780273438,8.119999885559082,8.15999984741211,7.78000020980835,7.78000020980835,7537200
2025-01-31,8.056090354919434,8.109999656677246,8.260000228881836,8.050000190734863,8.119999885559082,4561600
2025-02-03,8.056090354919434,8.109999656677246,8.140000343322754,8.010000228881836,8.119999885559082,3907700
2025-02-04,8.066024780273438,8.119999885559082,8.149999618530273,7.820000171661377,8.0600004196167,6030400
2025-02-05,8.304429054260254,8.359999656677246,8.380000114440918,7.980000019073486,8.069999694824219,6042500
2025-02-06,8.254761695861816,8.3100004196167,8.350000381469727,8.220000267028809,8.329999923706055,3336300
2025-02-07,8.085891723632812,8.140000343322754,8.369999885559082,8.130000114440918,8.350000381469727,5399500
2025-02-10,8.016356468200684,8.069999694824219,8.3100004196167,8.050000190734863,8.149999618530273,2701400
2025-02-11,8.304429054260254,8.359999656677246,8.380000114440918,8.0,8.0600004196167,5827300
2025-02-12,8.145492553710938,8.199999809265137,8.300000190734863,8.119999885559082,8.279999732971191,4359000
2025-02-13,8.244828224182129,8.300000190734863,8.329999923706055,8.119999885559082,8.199999809265137,2217900
2025-02-14,8.413698196411133,8.470000267028809,8.569999694824219,8.289999961853027,8.300000190734863,4658400
2025-02-17,8.761370658874512,8.819999694824219,9.020000457763672,8.430000305175781,8.470000267028809,11875300
2025-02-18,8.671969413757324,8.729999542236328,8.960000038146973,8.680000305175781,8.819999694824219,3835100
2025-02-19,8.602435111999512,8.65999984741211,8.800000190734863,8.619999885559082,8.670000076293945,3364000
2025-02-20,8.79117202758789,8.850000381469727,8.899999618530273,8.609999656677246,8.65999984741211,5309200
2025-02-21,8.761370658874512,8.819999694824219,8.9399995803833,8.770000457763672,8.880000114440918,4857800
2025-02-24,8.622302055358887,8.680000305175781,8.9399995803833,8.680000305175781,8.819999694824219,4395000
2025-02-25,8.383896827697754,8.4399995803833,8.59000015258789,8.0600004196167,8.470000267028809,9448200
2025-02-26,8.016356468200684,8.069999694824219,8.479999542236328,7.929999828338623,8.470000267028809,9493700
2025-02-27,7.907088279724121,7.960000038146973,8.15999984741211,7.940000057220459,8.020000457763672,7887700
2025-02-28,7.738217830657959,7.789999961853027,8.1899995803833,7.789999961853027,7.960000038146973,7881300
2025-03-05,7.817686080932617,7.869999885559082,7.909999847412109,7.690000057220459,7.820000171661377,7436200
2025-03-06,7.837553024291992,7.889999866485596,7.989999771118164,7.769999980926514,7.900000095367432,7298600
2025-03-07,7.996490001678467,8.050000190734863,8.140000343322754,7.829999923706055,7.849999904632568,5692100
2025-03-10,7.708417892456055,7.760000228881836,7.909999847412109,7.679999828338623,7.880000114440918,9860500
2025-03-11,7.450145721435547,7.5,7.789999961853027,7.5,7.78000020980835,7379500
2025-03-12,7.390544891357422,7.440000057220459,7.579999923706055,7.420000076293945,7.519999980926514,7344500
2025-03-13,7.470012664794922,7.519999980926514,7.570000171661377,7.389999866485596,7.460000038146973,5171300
2025-03-14,7.539547920227051,7.590000152587891,7.760000228881836,7.480000019073486,7.519999980926514,9254700
2025-03-17,7.758085250854492,7.809999942779541,7.820000171661377,7.539999961853027,7.610000133514404,5610800
2025-03-18,7.76801872253418,7.820000171661377,7.880000114440918,7.630000114440918,7.820000171661377,3748900
2025-03-19,7.678617000579834,7.730000019073486,7.869999885559082,7.690000057220459,7.820000171661377,9627300
2025-03-20,7.748151779174805,7.800000190734863,7.840000152587891,7.710000038146973,7.75,6264800
2025-03-21,7.867353916168213,7.920000076293945,8.0,7.769999980926514,7.78000020980835,8664700
2025-03-24,7.668683052062988,7.71999979019165,7.940000057220459,7.71999979019165,7.889999866485596,6871700
2025-03-25,7.718350887298584,7.769999980926514,7.829999923706055,7.679999828338623,7.710000038146973,5300100
2025-03-26,7.758085250854492,7.809999942779541,7.909999847412109,7.75,7.789999961853027,3121200
2025-03-27,7.738217830657959,7.789999961853027,7.869999885559082,7.769999980926514,7.840000152587891,4488100
2025-03-28,7.72828483581543,7.78000020980835,7.860000133514404,7.75,7.789999961853027,4840200
2025-03-31,7.390544891357422,7.440000057220459,7.769999980926514,7.440000057220459,7.769999980926514,10869100
2025-04-01,7.370677471160889,7.420000076293945,7.590000152587891,7.389999866485596,7.440000057220459,4292400
2025-04-02,7.340877056121826,7.389999866485596,7.539999961853027,7.389999866485596,7.429999828338623,4802700
2025-04-03,7.897154331207275,7.949999809265137,8.010000228881836,7.340000152587891,7.340000152587891,10705800
2025-04-04,7.599148750305176,7.650000095367432,7.840000152587891,7.630000114440918,7.800000190734863,4665300
2025-04-07,7.450145721435547,7.5,7.699999809265137,7.380000114440918,7.619999885559082,5197900
2025-04-08,7.470012664794922,7.519999980926514,7.650000095367432,7.449999809265137,7.519999980926514,5613200
2025-04-09,7.658750057220459,7.710000038146973,7.889999866485596,7.400000095367432,7.519999980926514,6219300
2025-04-10,7.619015693664551,7.670000076293945,7.769999980926514,7.599999904632568,7.670000076293945,3848100
2025-04-11,7.817686080932617,7.869999885559082,7.909999847412109,7.679999828338623,7.71999979019165,4186600
2025-04-14,7.837553024291992,7.889999866485596,8.010000228881836,7.75,7.920000076293945,5922600
2025-04-15,7.827620029449463,7.880000114440918,7.96999979019165,7.730000019073486,7.829999923706055,4375700
2025-04-16,7.758085250854492,7.809999942779541,7.880000114440918,7.730000019073486,7.849999904632568,3909100
2025-04-17,7.847486972808838,7.900000095367432,7.989999771118164,7.710000038146973,7.75,4089900
2025-04-22,8.006423950195312,8.0600004196167,8.140000343322754,7.829999923706055,7.900000095367432,3183900
2025-04-23,8.284562110900879,8.34000015258789,8.460000038146973,8.100000381469727,8.100000381469727,5637400
2025-04-24,8.522966384887695,8.579999923706055,8.670000076293945,8.34000015258789,8.34000015258789,4542900
2025-04-25,8.869999885559082,8.869999885559082,8.949999809265137,8.579999923706055,8.630000114440918,6096600
2025-04-28,8.850000381469727,8.850000381469727,9.09000015258789,8.850000381469727,8.869999885559082,9068300
2025-04-29,8.789999961853027,8.789999961853027,9.029999732971191,8.760000228881836,8.770000457763672,6724700
2025-04-30,8.930000305175781,8.930000305175781,8.930000305175781,8.720000267028809,8.770000457763672,7757500
2025-05-02,8.989999771118164,8.989999771118164,9.010000228881836,8.8100004196167,8.869999885559082,3777100
2025-05-05,8.930000305175781,8.930000305175781,9.069999694824219,8.8100004196167,8.989999771118164,3316800
2025-05-06,8.800000190734863,8.800000190734863,9.079999923706055,8.75,8.930000305175781,5313200
2025-05-07,8.699999809265137,8.699999809265137,8.899999618530273,8.699999809265137,8.779999732971191,5518500
2025-05-08,9.3100004196167,9.3100004196167,9.890000343322754,9.3100004196167,9.329999923706055,9586000
2025-05-09,9.229999542236328,9.229999542236328,9.4399995803833,9.039999961853027,9.3100004196167,4201500
2025-05-12,9.140000343322754,9.140000343322754,9.34000015258789,9.0,9.25,6013000
2025-05-13,9.380000114440918,9.380000114440918,9.460000038146973,9.130000114440918,9.140000343322754,4674400
2025-05-14,9.520000457763672,9.520000457763672,9.680000305175781,9.319999694824219,9.390000343322754,5792000
2025-05-15,9.449999809265137,9.449999809265137,9.760000228881836,9.34000015258789,9.510000228881836,5618800
2025-05-16,9.460000038146973,9.460000038146973,9.479999542236328,9.279999732971191,9.359999656677246,4174600
2025-05-19,9.520000457763672,9.520000457763672,9.569999694824219,9.350000381469727,9.420000076293945,2537900
2025-05-20,9.569999694824219,9.569999694824219,9.579999923706055,9.369999885559082,9.5,4219600
2025-05-21,9.449999809265137,9.449999809265137,9.619999885559082,9.380000114440918,9.520000457763672,4662500
2025-05-22,9.390000343322754,9.390000343322754,9.5600004196167,9.34000015258789,9.420000076293945,6576900
2025-05-23,9.479999542236328,9.479999542236328,9.520000457763672,9.170000076293945,9.319999694824219,3023200
2025-05-26,9.630000114440918,9.630000114440918,9.670000076293945,9.4399995803833,9.470000267028809,1919400
2025-05-27,9.819999694824219,9.819999694824219,9.930000305175781,9.680000305175781,9.699999809265137,7743100
2025-05-28,9.850000381469727,9.850000381469727,9.869999885559082,9.6899995803833,9.850000381469727,2527400
2025-05-29,9.899999618530273,9.899999618530273,9.899999618530273,9.65999984741211,9.789999961853027,5418600
2025-05-30,9.880000114440918,9.880000114440918,10.050000190734863,9.789999961853027,9.899999618530273,7198200
2025-06-02,9.859999656677246,9.859999656677246,10.0600004196167,9.859999656677246,9.930000305175781,5133700
2025-06-03,10.010000228881836,10.010000228881836,10.039999961853027,9.800000190734863,9.800000190734863,2635700
2025-06-04,10.079999923706055,10.079999923706055,10.270000457763672,10.0,10.010000228881836,4150600
2025-06-05,9.899999618530273,9.899999618530273,10.109999656677246,9.770000457763672,10.09000015258789,5671700
2025-06-06,9.899999618530273,9.899999618530273,9.970000267028809,9.8100004196167,9.84000015258789,2551300
2025-06-09,9.890000343322754,9.890000343322754,10.050000190734863,9.65999984741211,9.819999694824219,4831000
2025-06-10,9.979999542236328,9.979999542236328,10.109999656677246,9.9399995803833,9.949999809265137,3135100
2025-06-11,9.829999923706055,9.829999923706055,9.979999542236328,9.729999542236328,9.960000038146973,3885100
2025-06-12,9.920000076293945,9.920000076293945,9.979999542236328,9.75,9.760000228881836,2709900
2025-06-13,10.020000457763672,10.020000457763672,10.069999694824219,9.760000228881836,9.880000114440918,2913500
2025-06-16,10.210000038146973,10.210000038146973,10.260000228881836,10.029999732971191,10.029999732971191,2689100
2025-06-17,10.069999694824219,10.069999694824219,10.399999618530273,9.960000038146973,10.199999809265137,3636300
2025-06-18,10.0600004196167,10.0600004196167,10.170000076293945,10.0,10.050000190734863,3262400
2025-06-20,9.800000190734863,9.800000190734863,10.020000457763672,9.779999732971191,10.010000228881836,7732200
2025-06-23,9.890000343322754,9.890000343322754,9.989999771118164,9.600000381469727,9.779999732971191,5652100
2025-06-24,10.170000076293945,10.170000076293945,10.239999771118164,9.859999656677246,9.890000343322754,8231800
2025-06-25,9.9399995803833,9.9399995803833,10.170000076293945,9.9399995803833,10.0600004196167,4434000
2025-06-26,9.920000076293945,9.920000076293945,10.079999923706055,9.920000076293945,9.989999771118164,2130800
2025-06-27,9.979999542236328,9.979999542236328,10.069999694824219,9.8100004196167,9.890000343322754,2877200
2025-06-30,10.170000076293945,10.170000076293945,10.180000305175781,9.899999618530273,9.899999618530273,2386900
2025-07-01,10.069999694824219,10.069999694824219,10.199999809265137,10.039999961853027,10.09000015258789,1880200
2025-07-02,9.699999809265137,9.699999809265137,10.079999923706055,9.699999809265137,10.069999694824219,4341000
2025-07-03,9.890000343322754,9.890000343322754,10.010000228881836,9.710000038146973,9.75,3337600
2025-07-04,9.800000190734863,9.800000190734863,9.930000305175781,9.65999984741211,9.930000305175781,2262100
2025-07-07,9.569999694824219,9.569999694824219,9.829999923706055,9.449999809265137,9.829999923706055,3690900
2025-07-08,9.59000015258789,9.59000015258789,9.619999885559082,9.350000381469727,9.609999656677246,3490400
2025-07-09,9.449999809265137,9.449999809265137,9.619999885559082,9.40999984741211,9.619999885559082,2222400
2025-07-10,9.34000015258789,9.34000015258789,9.359999656677246,9.130000114440918,9.3100004196167,5435100
2025-07-11,9.109999656677246,9.109999656677246,9.399999618530273,9.039999961853027,9.289999961853027,5649600
2025-07-14,9.119999885559082,9.119999885559082,9.25,9.010000228881836,9.0600004196167,2365600
2025-07-15,9.140000343322754,9.140000343322754,9.239999771118164,9.0600004196167,9.140000343322754,2005500
2025-07-16,9.0,9.0,9.170000076293945,8.930000305175781,9.140000343322754,5161800
2025-07-17,8.989999771118164,8.989999771118164,9.039999961853027,8.779999732971191,9.010000228881836,5932800
2025-07-18,8.9399995803833,8.9399995803833,9.100000381469727,8.829999923706055,8.899999618530273,5129600
2025-07-21,9.050000190734863,9.050000190734863,9.0600004196167,8.920000076293945,8.930000305175781,2595300
2025-07-22,9.420000076293945,9.420000076293945,9.4399995803833,9.039999961853027,9.050000190734863,4161900
2025-07-23,9.720000267028809,9.720000267028809,9.869999885559082,9.479999542236328,9.529999732971191,7672500
2025-07-24,9.760000228881836,9.760000228881836,9.869999885559082,9.59000015258789,9.680000305175781,3171300
2025-07-25,9.600000381469727,9.600000381469727,9.800000190734863,9.5600004196167,9.800000190734863,2533300
2025-07-28,9.319999694824219,9.319999694824219,9.65999984741211,9.319999694824219,9.550000190734863,1868300
2025-07-29,9.220000267028809,9.220000267028809,9.460000038146973,9.220000267028809,9.329999923706055,2049400
2025-07-30,9.4399995803833,9.4399995803833,9.550000190734863,9.229999542236328,9.229999542236328,3018000
2025-07-31,9.270000457763672,9.270000457763672,9.359999656677246,9.130000114440918,9.3100004196167,4124700
2025-08-01,9.649999618530273,9.649999618530273,9.850000381469727,9.359999656677246,9.359999656677246,5896800
2025-08-04,9.729999542236328,9.729999542236328,9.800000190734863,9.630000114440918,9.640000343322754,1686800
2025-08-05,9.5600004196167,9.5600004196167,9.850000381469727,9.529999732971191,9.739999771118164,3118000
2025-08-06,9.850000381469727,9.850000381469727,9.880000114440918,9.5600004196167,9.65999984741211,2787000
2025-08-07,9.920000076293945,9.920000076293945,10.020000457763672,9.720000267028809,9.850000381469727,4191000
2025-08-08,9.739999771118164,9.739999771118164,9.9399995803833,9.529999732971191,9.720000267028809,6188300
2025-08-11,9.600000381469727,9.600000381469727,9.770000457763672,9.470000267028809,9.720000267028809,4487300
2025-08-12,9.6899995803833,9.6899995803833,9.859999656677246,9.640000343322754,9.640000343322754,2296200
2025-08-13,9.640000343322754,9.640000343322754,9.829999923706055,9.5600004196167,9.680000305175781,2938000
2025-08-14,9.819999694824219,9.819999694824219,9.84000015258789,9.550000190734863,9.550000190734863,4413700
2025-08-15,9.949999809265137,9.949999809265137,10.020000457763672,9.760000228881836,9.760000228881836,7314100
2025-08-18,10.420000076293945,10.420000076293945,10.5,9.90999984741211,9.920000076293945,5918600
2025-08-19,10.359999656677246,10.359999656677246,10.510000228881836,10.239999771118164,10.25,8277300
2025-08-20,10.779999732971191,10.779999732971191,10.779999732971191,10.220000267028809,10.350000381469727,6603700
2025-08-21,10.5,10.5,11.020000457763672,10.5,10.770000457763672,7876300
2025-08-22,10.529999732971191,10.529999732971191,10.710000038146973,10.390000343322754,10.5,5245800
2025-08-25,10.720000267028809,10.720000267028809,10.850000381469727,10.460000038146973,10.539999961853027,3067100
2025-08-26,10.829999923706055,10.829999923706055,10.84000015258789,10.569999694824219,10.6899995803833,5520800
2025-08-27,10.649999618530273,10.649999618530273,10.930000305175781,10.510000228881836,10.800000190734863,4646600
2025-08-28,10.6899995803833,10.6899995803833,10.899999618530273,10.65999984741211,10.680000305175781,4261500
2025-08-29,10.859999656677246,10.859999656677246,10.970000267028809,10.59000015258789,10.710000038146973,7149800
2025-09-01,10.529999732971191,10.529999732971191,10.819999694824219,10.390000343322754,10.8100004196167,7688200
2025-09-02,10.119999885559082,10.119999885559082,10.520000457763672,10.039999961853027,10.420000076293945,5839400
2025-09-03,10.119999885559082,10.119999885559082,10.210000038146973,10.010000228881836,10.130000114440918,4857000
2025-09-04,10.420000076293945,10.420000076293945,10.4399995803833,10.119999885559082,10.119999885559082,2318000
2025-09-05,10.779999732971191,10.779999732971191,10.819999694824219,10.380000114440918,10.470000267028809,3200300
2025-09-08,10.800000190734863,10.800000190734863,10.90999984741211,10.699999809265137,10.739999771118164,2249900
2025-09-09,10.649999618530273,10.649999618530273,10.819999694824219,10.4399995803833,10.800000190734863,2416600
2025-09-10,10.520000457763672,10.520000457763672,10.84000015258789,10.5,10.609999656677246,2798200
2025-09-11,10.649999618530273,10.649999618530273,10.859999656677246,10.510000228881836,10.550000190734863,3054800
2025-09-12,10.710000038146973,10.710000038146973,10.829999923706055,10.579999923706055,10.579999923706055,2378500
2025-09-15,11.010000228881836,11.010000228881836,11.069999694824219,10.710000038146973,10.710000038146973,2151700
2025-09-16,10.960000038146973,10.960000038146973,11.149999618530273,10.880000114440918,11.029999732971191,3034200
2025-09-17,11.0600004196167,11.0600004196167,11.140000343322754,10.880000114440918,10.970000267028809,3001600
2025-09-18,10.770000457763672,10.770000457763672,11.050000190734863,10.770000457763672,11.050000190734863,2372400
2025-09-19,10.699999809265137,10.699999809265137,10.859999656677246,10.550000190734863,10.800000190734863,9258800
2025-09-22,10.569999694824219,10.569999694824219,10.739999771118164,10.4399995803833,10.670000076293945,4240200
2025-09-23,10.640000343322754,10.640000343322754,10.760000228881836,10.539999961853027,10.539999961853027,3134900
2025-09-24,10.630000114440918,10.630000114440918,10.6899995803833,10.520000457763672,10.59000015258789,3476600
2025-09-25,10.399999618530273,10.399999618530273,10.640000343322754,10.289999961853027,10.630000114440918,5521100
2025-09-26,10.369999885559082,10.369999885559082,10.460000038146973,10.270000457763672,10.4399995803833,4531000
2025-09-29,10.319999694824219,10.319999694824219,10.520000457763672,10.270000457763672,10.449999809265137,4683800
2025-09-30,10.270000457763672,10.270000457763672,10.449999809265137,10.149999618530273,10.350000381469727,4523600
2025-10-01,10.079999923706055,10.079999923706055,10.300000190734863,10.020000457763672,10.229999542236328,5712500
2025-10-02,10.09000015258789,10.09000015258789,10.180000305175781,9.949999809265137,10.0600004196167,3089900
2025-10-03,10.369999885559082,10.369999885559082,10.550000190734863,10.029999732971191,10.09000015258789,7764300
2025-10-06,10.420000076293945,10.420000076293945,10.489999771118164,10.279999732971191,10.380000114440918,3800300
2025-10-07,10.140000343322754,10.140000343322754,10.350000381469727,10.0600004196167,10.329999923706055,3882800
2025-10-08,10.369999885559082,10.369999885559082,10.710000038146973,10.279999732971191,10.420000076293945,8055800
2025-10-09,10.729999542236328,10.729999542236328,10.800000190734863,10.270000457763672,10.430000305175781,6104900
2025-10-10,10.649999618530273,10.649999618530273,11.029999732971191,10.390000343322754,10.720000267028809,6816400
2025-10-13,10.739999771118164,10.739999771118164,10.789999961853027,10.5600004196167,10.710000038146973,4453100
2025-10-14,10.460000038146973,10.460000038146973,10.770000457763672,10.460000038146973,10.680000305175781,1959000
2025-10-15,10.550000190734863,10.550000190734863,10.5600004196167,10.350000381469727,10.399999618530273,3341000
2025-10-16,10.760000228881836,10.760000228881836,10.850000381469727,10.399999618530273,10.550000190734863,4114600
2025-10-17,10.930000305175781,10.930000305175781,11.210000038146973,10.699999809265137,10.779999732971191,8187000
2025-10-20,10.800000190734863,10.800000190734863,10.979999542236328,10.770000457763672,10.899999618530273,3969600
2025-10-21,11.0,11.0,11.0,10.75,10.800000190734863,2481900
2025-10-22,11.420000076293945,11.420000076293945,11.420000076293945,10.960000038146973,11.0,5571000
2025-10-23,11.649999618530273,11.649999618530273,11.710000038146973,11.319999694824219,11.390000343322754,5251400
2025-10-24,11.449999809265137,11.449999809265137,11.800000190734863,11.300000190734863,11.649999618530273,3863300
2025-10-27,11.770000457763672,11.770000457763672,11.829999923706055,11.479999542236328,11.5,5962000
2025-10-28,11.050000190734863,11.050000190734863,11.819999694824219,11.050000190734863,11.699999809265137,9406400
2025-10-29,10.720000267028809,10.720000267028809,11.100000381469727,10.420000076293945,11.0600004196167,16868400
2025-10-30,10.630000114440918,10.630000114440918,11.170000076293945,10.630000114440918,10.720000267028809,9945200
2025-10-31,10.989999771118164,10.989999771118164,11.149999618530273,10.609999656677246,10.779999732971191,10336500
2025-11-03,10.829999923706055,10.829999923706055,11.079999923706055,10.789999961853027,11.029999732971191,3318000
2025-11-04,11.109999656677246,11.109999656677246,11.149999618530273,10.760000228881836,10.800000190734863,3215200
2025-11-05,11.600000381469727,11.600000381469727,11.600000381469727,11.050000190734863,11.109999656677246,6148000
2025-11-06,11.670000076293945,11.670000076293945,11.770000457763672,11.3100004196167,11.5,7844600
2025-11-07,11.329999923706055,11.329999923706055,11.640000343322754,11.25,11.640000343322754,3664600
2025-11-10,11.550000190734863,11.550000190734863,11.579999923706055,11.260000228881836,11.329999923706055,2843800
2025-11-11,11.529999732971191,11.529999732971191,11.699999809265137,11.319999694824219,11.59000015258789,5005700
2025-11-12,11.449999809265137,11.449999809265137,11.550000190734863,11.25,11.470000267028809,4634200
2025-11-13,11.279999732971191,11.279999732971191,11.5600004196167,10.449999809265137,11.199999809265137,15468000
2025-11-14,11.170000076293945,11.170000076293945,11.449999809265137,11.149999618530273,11.25,4834200
2025-11-17,11.09000015258789,11.09000015258789,11.210000038146973,10.989999771118164,11.119999885559082,3020000
2025-11-18,11.600000381469727,11.600000381469727,11.90999984741211,11.0600004196167,11.0600004196167,19366200
2025-11-19,11.569999694824219,11.569999694824219,11.789999961853027,11.470000267028809,11.550000190734863,5811000
2025-11-21,11.800000190734863,11.800000190734863,11.880000114440918,11.369999885559082,11.479999542236328,7266800
2025-11-24,12.069999694824219,12.069999694824219,12.1899995803833,11.729999542236328,11.800000190734863,6302400
2025-11-25,11.890000343322754,11.890000343322754,12.170000076293945,11.75,12.069999694824219,4141500
2025-11-26,12.170000076293945,12.170000076293945,12.229999542236328,11.869999885559082,11.890000343322754,3369800
2025-11-27,12.359999656677246,12.359999656677246,12.390000343322754,12.050000190734863,12.09000015258789,4332100
2025-11-28,12.270000457763672,12.270000457763672,12.399999618530273,12.079999923706055,12.350000381469727,4337100
2025-12-01,12.220000267028809,12.220000267028809,12.289999961853027,12.050000190734863,12.229999542236328,4167400
2025-12-02,12.640000343322754,12.640000343322754,12.699999809265137,12.15999984741211,12.220000267028809,5807100
2025-12-03,12.859999656677246,12.859999656677246,12.859999656677246,12.600000381469727,12.640000343322754,4199700
2025-12-04,12.890000343322754,12.890000343322754,12.989999771118164,12.739999771118164,12.890000343322754,7124600
2025-12-05,12.199999809265137,12.199999809265137,12.989999771118164,12.180000305175781,12.789999961853027,5644900
2025-12-08,12.239999771118164,12.239999771118164,12.520000457763672,12.229999542236328,12.260000228881836,8459100
2025-12-09,12.289999961853027,12.289999961853027,12.399999618530273,11.779999732971191,12.180000305175781,3519000
2025-12-10,12.210000038146973,12.210000038146973,12.390000343322754,12.170000076293945,12.210000038146973,2103000
2025-12-11,12.329999923706055,12.329999923706055,12.350000381469727,11.869999885559082,12.140000343322754,3339200
2025-12-12,12.260000228881836,12.260000228881836,12.449999809265137,12.15999984741211,12.260000228881836,2056600
2025-12-15,12.40999984741211,12.40999984741211,12.4399995803833,12.279999732971191,12.34000015258789,2916800
2025-12-16,12.149999618530273,12.149999618530273,12.260000228881836,12.020000457763672,12.210000038146973,3622000
2025-12-17,12.010000228881836,12.010000228881836,12.109999656677246,11.899999618530273,12.029999732971191,2843000
2025-12-18,12.079999923706055,12.079999923706055,12.1899995803833,11.850000381469727,11.90999984741211,2193100
2025-12-19,11.979999542236328,11.979999542236328,12.180000305175781,11.979999542236328,12.050000190734863,3125700
2025-12-22,11.800000190734863,11.800000190734863,12.050000190734863,11.6899995803833,11.979999542236328,3172000
2025-12-23,11.930000305175781,11.930000305175781,11.979999542236328,11.800000190734863,11.8100004196167,2764800
2025-12-26,11.9399995803833,11.9399995803833,12.039999961853027,11.829999923706055,11.880000114440918,1661900
2025-12-29,11.800000190734863,11.800000190734863,11.949999809265137,11.75,11.880000114440918,4395300
2025-12-30,11.869999885559082,11.869999885559082,11.960000038146973,11.8100004196167,11.8100004196167,2157900
2026-01-02,11.630000114440918,11.630000114440918,12.0,11.630000114440918,11.949999809265137,5718600
2026-01-05,11.779999732971191,11.779999732971191,11.899999618530273,11.619999885559082,11.630000114440918,2209200
2026-01-06,11.899999618530273,11.899999618530273,12.130000114440918,11.819999694824219,11.819999694824219,3634300
2026-01-07,11.529999732971191,11.529999732971191,12.050000190734863,11.529999732971191,11.899999618530273,2232400
2026-01-08,11.520000457763672,11.520000457763672,11.720000267028809,11.479999542236328,11.550000190734863,1612000
2026-01-09,11.619999885559082,11.619999885559082,11.779999732971191,11.489999771118164,11.529999732971191,1858200
2026-01-12,11.619999885559082,11.619999885559082,11.699999809265137,11.489999771118164,11.550000190734863,1812900
2026-01-13,11.65999984741211,11.65999984741211,11.6899995803833,11.420000076293945,11.529999732971191,3225600
2026-01-14,11.550000190734863,11.550000190734863,11.880000114440918,11.539999961853027,11.699999809265137,2895500
2026-01-15,11.729999542236328,11.729999542236328,11.859999656677246,11.5600004196167,11.579999923706055,2736000
2026-01-16,11.539999961853027,11.539999961853027,11.920000076293945,11.539999961853027,11.729999542236328,7072200
2026-01-19,11.5,11.5,11.680000305175781,11.5,11.520000457763672,1878900
2026-01-20,11.430000305175781,11.430000305175781,11.550000190734863,11.380000114440918,11.5,2721700
2026-01-21,11.75,11.75,11.75,11.510000228881836,11.539999961853027,3138800
2026-01-22,11.930000305175781,11.930000305175781,12.300000190734863,11.720000267028809,11.75,6382100
2026-01-23,11.899999618530273,11.899999618530273,12.050000190734863,11.770000457763672,11.920000076293945,9982800
2026-01-26,11.789999961853027,11.789999961853027,12.119999885559082,11.699999809265137,11.949999809265137,3408300
2026-01-27,11.470000267028809,11.470000267028809,12.079999923706055,11.470000267028809,11.9399995803833,7379500
2026-01-28,11.6899995803833,11.6899995803833,11.75,11.40999984741211,11.529999732971191,5414400
2026-01-29,11.319999694824219,11.319999694824219,11.84000015258789,11.170000076293945,11.739999771118164,8247300
2026-01-30,11.260000228881836,11.260000228881836,11.359999656677246,11.220000267028809,11.300000190734863,6353700
2026-02-02,11.15999984741211,11.15999984741211,11.279999732971191,11.029999732971191,11.25,5147400
2026-02-03,11.170000076293945,11.170000076293945,11.359999656677246,11.119999885559082,11.229999542236328,4700900
2026-02-04,10.960000038146973,10.960000038146973,11.220000267028809,10.859999656677246,11.119999885559082,3252100
2026-02-05,10.949999809265137,10.949999809265137,11.100000381469727,10.90999984741211,10.960000038146973,2742500
2026-02-06,11.399999618530273,11.399999618530273,11.430000305175781,10.9399995803833,11.0,5444800
2026-02-09,11.460000038146973,11.460000038146973,11.720000267028809,11.380000114440918,11.4399995803833,7957700
2026-02-10,11.550000190734863,11.550000190734863,11.680000305175781,11.380000114440918,11.460000038146973,6494400
2026-02-11,11.710000038146973,11.710000038146973,11.770000457763672,11.529999732971191,11.600000381469727,3636300
2026-02-12,11.819999694824219,11.819999694824219,12.0,11.579999923706055,11.710000038146973,6185800
2026-02-13,11.640000343322754,11.640000343322754,11.829999923706055,11.550000190734863,11.699999809265137,3094600
2026-02-18,11.619999885559082,11.619999885559082,11.84000015258789,11.579999923706055,11.579999923706055,2768000
2026-02-19,11.770000457763672,11.770000457763672,11.819999694824219,11.529999732971191,11.699999809265137,2208200
2026-02-20,11.720000267028809,11.720000267028809,11.850000381469727,11.449999809265137,11.680000305175781,2903400
2026-02-23,11.829999923706055,11.829999923706055,11.859999656677246,11.539999961853027,11.6899995803833,3202200
2026-02-24,11.930000305175781,11.930000305175781,12.020000457763672,11.850000381469727,11.869999885559082,2595500
2026-02-25,11.729999542236328,11.729999542236328,12.029999732971191,11.649999618530273,11.930000305175781,2996200
2026-02-26,12.210000038146973,12.210000038146973,12.210000038146973,11.729999542236328,11.729999542236328,6731400
2026-02-27,11.859999656677246,11.859999656677246,12.270000457763672,11.800000190734863,12.239999771118164,3646900
2026-03-02,11.649999618530273,11.649999618530273,11.869999885559082,11.600000381469727,11.739999771118164,5193800
2026-03-03,11.5600004196167,11.5600004196167,11.670000076293945,11.210000038146973,11.579999923706055,5938000
2026-03-04,12.039999961853027,12.039999961853027,12.130000114440918,11.550000190734863,11.600000381469727,6016000
2026-03-05,11.550000190734863,11.550000190734863,12.15999984741211,11.550000190734863,11.970000267028809,6941800
2026-03-06,11.5,11.5,11.630000114440918,11.350000381469727,11.5,3425700
2026-03-09,11.6899995803833,11.6899995803833,11.800000190734863,11.359999656677246,11.380000114440918,3376200
2026-03-10,12.15999984741211,12.15999984741211,12.239999771118164,11.670000076293945,11.680000305175781,4455600
2026-03-11,11.90999984741211,11.90999984741211,12.210000038146973,11.829999923706055,11.970000267028809,3235400
2026-03-12,11.680000305175781,11.680000305175781,11.859999656677246,11.640000343322754,11.729999542236328,3096200
2026-03-13,11.65999984741211,11.65999984741211,11.890000343322754,11.65999984741211,11.729999542236328,4650600
2026-03-16,11.880000114440918,11.880000114440918,12.0,11.720000267028809,11.789999961853027,2934600
2026-03-17,11.779999732971191,11.779999732971191,12.010000228881836,11.75,11.850000381469727,3095700
2026-03-18,11.579999923706055,11.579999923706055,11.869999885559082,11.579999923706055,11.729999542236328,3219200
2026-03-19,11.84000015258789,11.84000015258789,11.979999542236328,11.350000381469727,11.5,3349700
2026-03-20,11.300000190734863,11.300000190734863,11.869999885559082,11.25,11.850000381469727,3134900
2026-03-23,11.829999923706055,11.829999923706055,11.890000343322754,11.399999618530273,11.460000038146973,2081000
2026-03-24,11.65999984741211,11.65999984741211,11.760000228881836,11.520000457763672,11.739999771118164,2065900
2026-03-25,11.90999984741211,11.90999984741211,11.989999771118164,11.729999542236328,11.760000228881836,2298500
2026-03-26,11.529999732971191,11.529999732971191,11.880000114440918,11.489999771118164,11.760000228881836,3238500
2026-03-27,11.460000038146973,11.460000038146973,11.649999618530273,11.4399995803833,11.529999732971191,1994800
2026-03-30,11.630000114440918,11.630000114440918,11.739999771118164,11.479999542236328,11.569999694824219,1881400
2026-03-31,11.9399995803833,11.9399995803833,11.960000038146973,11.649999618530273,11.699999809265137,2910500
2026-04-01,12.029999732971191,12.029999732971191,12.180000305175781,11.90999984741211,11.960000038146973,3625600
2026-04-02,12.569999694824219,12.569999694824219,12.569999694824219,11.779999732971191,11.789999961853027,5528500
2026-04-06,12.529999732971191,12.529999732971191,12.569999694824219,12.390000343322754,12.569999694824219,3777500
2026-04-07,12.550000190734863,12.550000190734863,12.5600004196167,12.3100004196167,12.489999771118164,4360300
2026-04-08,13.229999542236328,13.229999542236328,13.260000228881836,12.6899995803833,12.6899995803833,7883900
2026-04-09,13.899999618530273,13.899999618530273,13.899999618530273,13.15999984741211,13.199999809265137,6911800
2026-04-10,13.899999618530273,13.899999618530273,13.989999771118164,13.4399995803833,13.649999618530273,5502300
2026-04-13,13.760000228881836,13.760000228881836,13.90999984741211,13.399999618530273,13.859999656677246,5305800
2026-04-14,13.960000038146973,13.960000038146973,14.119999885559082,13.609999656677246,13.630000114440918,3517800
2026-04-15,14.25,14.25,14.25,13.84000015258789,13.899999618530273,5165000
2026-04-16,14.3100004196167,14.3100004196167,14.420000076293945,14.050000190734863,14.279999732971191,6076200
2026-04-17,14.449999809265137,14.449999809265137,14.569999694824219,14.3100004196167,14.3100004196167,9059400
2026-04-20,14.609999656677246,14.609999656677246,14.65999984741211,14.300000190734863,14.399999618530273,3090800
2026-04-22,14.140000343322754,14.140000343322754,14.609999656677246,14.0,14.600000381469727,2345500
2026-04-23,14.0,14.0,14.149999618530273,13.800000190734863,14.069999694824219,2663000
2026-04-24,14.069999694824219,14.069999694824219,14.119999885559082,13.899999618530273,13.930000305175781,2788000
2026-04-27,13.819999694824219,13.819999694824219,14.319999694824219,13.819999694824219,14.100000381469727,2476800
2026-04-28,13.920000076293945,13.920000076293945,13.949999809265137,13.5,13.699999809265137,2246300
2026-04-29,13.739999771118164,13.739999771118164,13.859999656677246,13.640000343322754,13.75,2813000
2026-04-30,13.890000343322754,13.890000343322754,14.09000015258789,13.770000457763672,13.770000457763672,3652300
2026-05-04,13.869999885559082,13.869999885559082,14.199999809265137,13.800000190734863,13.819999694824219,2571000
2026-05-05,13.9399995803833,13.9399995803833,14.079999923706055,13.800000190734863,13.819999694824219,3298800
2026-05-06,14.020000457763672,14.020000457763672,14.149999618530273,13.9399995803833,14.0,3236600
2026-05-07,13.829999923706055,13.829999923706055,14.140000343322754,13.329999923706055,13.649999618530273,6309700
2026-05-08,13.779999732971191,13.779999732971191,14.140000343322754,13.699999809265137,13.9399995803833,2971000
2026-05-11,13.329999923706055,13.329999923706055,13.899999618530273,13.329999923706055,13.649999618530273,2624400
2026-05-12,13.0600004196167,13.0600004196167,13.399999618530273,12.970000267028809,13.3100004196167,3176300
2026-05-13,12.65999984741211,12.65999984741211,13.119999885559082,12.600000381469727,13.039999961853027,3865200
2026-05-14,12.710000038146973,12.710000038146973,12.880000114440918,12.539999961853027,12.739999771118164,2596700
2026-05-15,12.649999618530273,12.649999618530273,12.649999618530273,12.270000457763672,12.489999771118164,2472800
2026-05-18,12.420000076293945,12.420000076293945,12.890000343322754,12.350000381469727,12.489999771118164,3228100
2026-05-19,12.279999732971191,12.279999732971191,12.5600004196167,12.09000015258789,12.420000076293945,4356100
2026-05-20,12.600000381469727,12.600000381469727,12.850000381469727,12.319999694824219,12.319999694824219,3571800
2026-05-21,12.640000343322754,12.640000343322754,12.6899995803833,12.3100004196167,12.529999732971191,2065100
2026-05-22,12.449999809265137,12.449999809265137,12.569999694824219,12.329999923706055,12.40999984741211,1361400
2026-05-25,12.550000190734863,12.550000190734863,12.640000343322754,12.430000305175781,12.510000228881836,1318800
2026-05-26,12.5,12.5,12.65999984741211,12.380000114440918,12.520000457763672,1460100
2026-05-27,12.399999618530273,12.399999618530273,12.680000305175781,12.289999961853027,12.640000343322754,3061300
2026-05-28,12.399999618530273,12.399999618530273,12.569999694824219,12.300000190734863,12.390000343322754,1299400
2026-05-29,12.369999885559082,12.369999885559082,12.529999732971191,12.170000076293945,12.420000076293945,3330300
2026-06-01,12.0600004196167,12.0600004196167,12.390000343322754,11.920000076293945,12.369999885559082,3977600
2026-06-02,12.270000457763672,12.270000457763672,12.449999809265137,12.0,12.050000190734863,2905900
2026-06-03,11.970000267028809,11.970000267028809,12.15999984741211,11.930000305175781,12.100000381469727,2986000
2026-06-05,11.770000457763672,11.770000457763672,12.0600004196167,11.739999771118164,11.979999542236328,2387500
2026-06-08,11.640000343322754,11.640000343322754,11.779999732971191,11.619999885559082,11.710000038146973,1996400
2026-06-09,11.8100004196167,11.8100004196167,12.029999732971191,11.670000076293945,11.670000076293945,2194600
2026-06-10,11.579999923706055,11.579999923706055,11.789999961853027,11.579999923706055,11.739999771118164,3087100
2026-06-11,11.75,11.75,11.84000015258789,11.34000015258789,11.579999923706055,4224400
2026-06-12,11.789999961853027,11.789999961853027,11.920000076293945,11.609999656677246,11.619999885559082,2577200
2026-06-15,11.779999732971191,11.779999732971191,12.229999542236328,11.779999732971191,11.899999618530273,2722000
2026-06-16,11.460000038146973,11.460000038146973,11.779999732971191,11.460000038146973,11.779999732971191,2150800
2026-06-17,11.180000305175781,11.180000305175781,11.680000305175781,11.15999984741211,11.569999694824219,4525600
2026-06-18,11.210000038146973,11.210000038146973,11.369999885559082,11.170000076293945,11.1899995803833,2818400
2026-06-19,11.289999961853027,11.289999961853027,11.329999923706055,11.210000038146973,11.210000038146973,1476100
2026-06-22,11.300000190734863,11.300000190734863,11.520000457763672,11.229999542236328,11.229999542236328,2926000
2026-06-23,11.359999656677246,11.359999656677246,11.470000267028809,11.15999984741211,11.289999961853027,2007800
2026-06-24,11.180000305175781,11.180000305175781,11.399999618530273,11.15999984741211,11.3100004196167,2189200
2026-06-25,11.40999984741211,11.40999984741211,11.4399995803833,11.210000038146973,11.210000038146973,2157600
2026-06-26,11.550000190734863,11.550000190734863,11.670000076293945,11.420000076293945,11.420000076293945,2728200
