Price,Adj Close,Close,High,Low,Open,Volume
Ticker,B3SA3.SA,B3SA3.SA,B3SA3.SA,B3SA3.SA,B3SA3.SA,B3SA3.SA
Date,,,,,,
2021-06-28,13.97880744934082,16.989999771118164,16.989999771118164,16.600000381469727,16.790000915527344,36045000
2021-06-29,14.019944190979004,17.040000915527344,17.110000610351562,16.850000381469727,16.93000030517578,27393100
2021-06-30,14.015485763549805,16.81999969482422,16.889999389648438,16.700000762939453,16.809999465942383,28469500
2021-07-01,13.59885311126709,16.31999969482422,16.829999923706055,16.239999771118164,16.700000762939453,45110000
2021-07-02,13.682181358337402,16.420000076293945,16.559999465942383,16.270000457763672,16.5,48691100
2021-07-05,13.423869132995605,16.110000610351562,16.399999618530273,16.110000610351562,16.31999969482422,15995600
2021-07-06,13.265546798706055,15.920000076293945,16.18000030517578,15.8100004196167,16.079999923706055,43574800
2021-07-07,13.5571928024292,16.270000457763672,16.290000915527344,15.920000076293945,16.059999465942383,23039400
2021-07-08,13.457198143005371,16.149999618530273,16.280000686645508,15.899999618530273,16.0,24676800
2021-07-12,13.92382526397705,16.709999084472656,16.75,16.209999084472656,16.25,29528000
2021-07-13,14.123810768127441,16.950000762939453,17.110000610351562,16.540000915527344,16.6200008392334,22787600
2021-07-14,14.26546573638916,17.1200008392334,17.25,17.040000915527344,17.139999389648438,53575300
2021-07-15,14.165472030639648,17.0,17.139999389648438,16.860000610351562,17.049999237060547,19767400
2021-07-16,13.823837280273438,16.59000015258789,17.040000915527344,16.540000915527344,17.040000915527344,30526700
2021-07-19,13.673848152160645,16.40999984741211,16.639999389648438,16.239999771118164,16.25,20942600
2021-07-20,13.682181358337402,16.420000076293945,16.559999465942383,16.010000228881836,16.260000228881836,30151000
2021-07-21,13.62385368347168,16.350000381469727,16.450000762939453,16.1200008392334,16.420000076293945,28883500
2021-07-22,13.74884033203125,16.5,16.6299991607666,16.260000228881836,16.299999237060547,38644100
2021-07-23,13.62385368347168,16.350000381469727,16.610000610351562,16.209999084472656,16.579999923706055,17963400
2021-07-26,13.673848152160645,16.40999984741211,16.479999542236328,16.219999313354492,16.280000686645508,14004700
2021-07-27,13.415534973144531,16.100000381469727,16.450000762939453,15.9399995803833,16.450000762939453,20774700
2021-07-28,13.19888973236084,15.84000015258789,16.290000915527344,15.59000015258789,16.209999084472656,60049400
2021-07-29,13.17388916015625,15.8100004196167,15.979999542236328,15.680000305175781,15.899999618530273,36601400
2021-07-30,12.707262992858887,15.25,16.049999237060547,15.25,15.670000076293945,46173900
2021-08-02,13.015569686889648,15.619999885559082,16.0,15.489999771118164,15.5,35301900
2021-08-03,13.34054183959961,16.010000228881836,16.079999923706055,15.470000267028809,15.640000343322754,41170800
2021-08-04,13.28221321105957,15.9399995803833,16.040000915527344,15.710000038146973,15.9399995803833,34095900
2021-08-05,13.090564727783203,15.710000038146973,16.280000686645508,15.710000038146973,16.059999465942383,24646000
2021-08-06,13.248882293701172,15.899999618530273,16.079999923706055,15.59000015258789,15.760000228881836,17494800
2021-08-09,13.1405611038208,15.770000457763672,16.059999465942383,15.680000305175781,15.869999885559082,17725500
2021-08-10,12.923910140991211,15.510000228881836,15.850000381469727,15.430000305175781,15.850000381469727,21423000
2021-08-11,12.540609359741211,15.050000190734863,15.569999694824219,15.050000190734863,15.489999771118164,48341300
2021-08-12,11.574026107788086,13.890000343322754,14.680000305175781,13.850000381469727,14.489999771118164,83053200
2021-08-13,12.198970794677734,14.640000343322754,14.720000267028809,13.670000076293945,14.100000381469727,83802900
2021-08-16,11.649019241333008,13.979999542236328,14.609999656677246,13.970000267028809,14.5,43295000
2021-08-17,11.515695571899414,13.819999694824219,14.109999656677246,13.539999961853027,13.960000038146973,38061000
2021-08-18,11.28238296508789,13.539999961853027,14.15999984741211,13.449999809265137,13.9399995803833,49187200
2021-08-19,11.815672874450684,14.180000305175781,14.220000267028809,13.399999618530273,13.40999984741211,35059300
2021-08-20,11.8323392868042,14.199999809265137,14.289999961853027,13.850000381469727,13.899999618530273,31296800
2021-08-23,11.374042510986328,13.649999618530273,14.300000190734863,13.59000015258789,14.239999771118164,36205000
2021-08-24,11.582357406616211,13.899999618530273,14.199999809265137,13.699999809265137,13.850000381469727,33260300
2021-08-25,11.65735149383545,13.989999771118164,13.989999771118164,13.699999809265137,13.850000381469727,20126000
2021-08-26,11.382373809814453,13.65999984741211,13.949999809265137,13.619999885559082,13.949999809265137,28614800
2021-08-27,11.615687370300293,13.9399995803833,13.9399995803833,13.699999809265137,13.75,23793100
2021-08-30,11.415705680847168,13.699999809265137,13.8100004196167,13.600000381469727,13.800000190734863,22561400
2021-08-31,11.72401237487793,14.069999694824219,14.069999694824219,13.680000305175781,13.75,48739900
2021-09-01,12.023985862731934,14.430000305175781,14.550000190734863,14.170000076293945,14.199999809265137,52051300
2021-09-02,11.72401237487793,14.069999694824219,14.329999923706055,13.960000038146973,14.289999961853027,47149900
2021-09-03,11.707347869873047,14.050000190734863,14.199999809265137,13.739999771118164,14.199999809265137,51109700
2021-09-06,11.932328224182129,14.319999694824219,14.350000381469727,13.930000305175781,14.029999732971191,14605300
2021-09-08,10.932411193847656,13.119999885559082,14.180000305175781,13.069999694824219,14.130000114440918,63466700
2021-09-09,11.357375144958496,13.630000114440918,13.800000190734863,13.149999618530273,13.149999618530273,58011400
2021-09-10,11.507364273071289,13.8100004196167,14.279999732971191,13.710000038146973,13.8100004196167,60589600
2021-09-13,11.8323392868042,14.199999809265137,14.390000343322754,13.930000305175781,14.109999656677246,36232300
2021-09-14,11.774007797241211,14.130000114440918,14.399999618530273,14.100000381469727,14.239999771118164,28742600
2021-09-15,11.707347869873047,14.050000190734863,14.239999771118164,13.789999961853027,14.239999771118164,26496700
2021-09-16,11.76567554473877,14.119999885559082,14.15999984741211,13.84000015258789,13.90999984741211,42661400
2021-09-17,11.815672874450684,14.180000305175781,14.229999542236328,13.949999809265137,14.020000457763672,70010200
2021-09-20,11.399039268493652,13.680000305175781,13.979999542236328,13.550000190734863,13.9399995803833,45113100
2021-09-21,11.290717124938965,13.550000190734863,13.84000015258789,13.550000190734863,13.800000190734863,67286600
2021-09-22,11.873998641967773,14.25,14.4399995803833,13.539999961853027,13.75,108149000
2021-09-23,11.590690612792969,13.90999984741211,14.229999542236328,13.739999771118164,14.199999809265137,53091800
2021-09-24,11.565692901611328,13.880000114440918,13.890000343322754,13.640000343322754,13.75,44537200
2021-09-27,11.399039268493652,13.680000305175781,13.989999771118164,13.470000267028809,13.899999618530273,44348800
2021-09-28,10.782425880432129,12.9399995803833,13.649999618530273,12.890000343322754,13.649999618530273,59678700
2021-09-29,10.624105453491211,12.75,13.020000457763672,12.65999984741211,12.920000076293945,44155500
2021-09-30,10.61577320098877,12.739999771118164,13.0,12.5600004196167,12.670000076293945,41870800
2021-10-01,11.024069786071777,13.229999542236328,13.390000343322754,12.800000190734863,12.8100004196167,59150700
2021-10-04,10.332466125488281,12.399999618530273,13.119999885559082,12.329999923706055,13.109999656677246,56757200
2021-10-05,10.1241455078125,12.149999618530273,12.579999923706055,12.149999618530273,12.569999694824219,30677800
2021-10-06,10.182475090026855,12.220000267028809,12.260000228881836,11.720000267028809,11.899999618530273,61558800
2021-10-07,10.215806007385254,12.260000228881836,12.539999961853027,12.170000076293945,12.239999771118164,38495700
2021-10-08,10.407456398010254,12.489999771118164,12.850000381469727,12.25,12.25,46120200
2021-10-11,10.107479095458984,12.130000114440918,12.550000190734863,11.949999809265137,12.430000305175781,60596300
2021-10-13,10.70743179321289,12.850000381469727,12.970000267028809,12.100000381469727,12.199999809265137,127162500
2021-10-14,10.607439994812012,12.729999542236328,13.130000114440918,12.65999984741211,13.010000228881836,46378200
2021-10-15,10.95741081237793,13.149999618530273,13.260000228881836,12.729999542236328,12.75,65203700
2021-10-18,10.765759468078613,12.920000076293945,13.1899995803833,12.850000381469727,13.170000076293945,40108700
2021-10-19,10.432455062866211,12.520000457763672,12.920000076293945,12.359999656677246,12.829999923706055,82966200
2021-10-20,10.949079513549805,13.140000343322754,13.270000457763672,12.670000076293945,12.720000267028809,82492500
2021-10-21,10.840753555297852,13.010000228881836,13.1899995803833,12.640000343322754,12.850000381469727,90673900
2021-10-22,10.515780448913574,12.619999885559082,12.949999809265137,12.210000038146973,12.949999809265137,75684300
2021-10-25,10.740760803222656,12.890000343322754,13.050000190734863,12.600000381469727,12.649999618530273,33953800
2021-10-26,10.1241455078125,12.149999618530273,12.710000038146973,12.140000343322754,12.649999618530273,52824000
2021-10-27,10.099149703979492,12.119999885559082,12.430000305175781,12.050000190734863,12.149999618530273,42613500
2021-10-28,10.032487869262695,12.039999961853027,12.279999732971191,11.800000190734863,12.0,33972100
2021-10-29,9.924163818359375,11.90999984741211,12.3100004196167,11.850000381469727,12.199999809265137,25194500
2021-11-01,9.982492446899414,11.979999542236328,12.149999618530273,11.869999885559082,11.949999809265137,23616800
2021-11-03,9.99915885925293,12.0,12.149999618530273,11.630000114440918,11.960000038146973,60895800
2021-11-04,9.949161529541016,11.9399995803833,12.020000457763672,11.770000457763672,11.920000076293945,25384000
2021-11-05,10.307463645935059,12.369999885559082,12.479999542236328,12.020000457763672,12.079999923706055,34580400
2021-11-08,10.199140548706055,12.239999771118164,12.300000190734863,12.069999694824219,12.260000228881836,19849400
2021-11-09,10.532445907592773,12.640000343322754,12.800000190734863,12.220000267028809,12.279999732971191,32675500
2021-11-10,10.557445526123047,12.670000076293945,12.880000114440918,12.5,12.5600004196167,41159000
2021-11-11,10.95741081237793,13.149999618530273,13.210000038146973,12.829999923706055,12.850000381469727,48066000
2021-11-12,10.87408447265625,13.050000190734863,13.289999961853027,12.890000343322754,13.1899995803833,37965000
2021-11-16,10.624105453491211,12.75,13.390000343322754,12.670000076293945,12.960000038146973,45374400
2021-11-17,10.54910945892334,12.65999984741211,13.020000457763672,12.399999618530273,12.869999885559082,54681400
2021-11-18,10.390789985656738,12.470000267028809,12.859999656677246,12.3100004196167,12.760000228881836,40061500
2021-11-19,10.390789985656738,12.470000267028809,12.75,12.359999656677246,12.5600004196167,37670500
2021-11-22,10.08248519897461,12.100000381469727,12.6899995803833,12.029999732971191,12.529999732971191,21141000
2021-11-23,9.982492446899414,11.979999542236328,12.1899995803833,11.710000038146973,12.149999618530273,44404300
2021-11-24,10.157478332519531,12.1899995803833,12.270000457763672,11.680000305175781,11.819999694824219,24597700
2021-11-25,10.307463645935059,12.369999885559082,12.470000267028809,12.170000076293945,12.1899995803833,14066600
2021-11-26,9.815839767456055,11.779999732971191,12.0600004196167,11.699999809265137,12.0,20776900
2021-11-29,9.582524299621582,11.5,11.880000114440918,11.210000038146973,11.850000381469727,54291200
2021-11-30,9.257552146911621,11.109999656677246,11.489999771118164,10.960000038146973,11.430000305175781,63350400
2021-12-01,9.174226760864258,11.010000228881836,11.510000228881836,10.989999771118164,11.289999961853027,34282100
2021-12-02,9.549196243286133,11.460000038146973,11.609999656677246,11.170000076293945,11.279999732971191,39238000
2021-12-03,9.690850257873535,11.630000114440918,11.880000114440918,11.420000076293945,11.449999809265137,32305400
2021-12-06,9.815839767456055,11.779999732971191,12.020000457763672,11.640000343322754,11.75,33061100
2021-12-07,10.040820121765137,12.050000190734863,12.319999694824219,11.90999984741211,12.010000228881836,37919100
2021-12-08,10.099149703979492,12.119999885559082,12.270000457763672,11.9399995803833,12.069999694824219,38567900
2021-12-09,9.757513046264648,11.710000038146973,12.09000015258789,11.619999885559082,12.029999732971191,33872800
2021-12-10,10.315797805786133,12.380000114440918,12.619999885559082,11.949999809265137,12.0,41867200
2021-12-13,10.1241455078125,12.149999618530273,12.479999542236328,12.149999618530273,12.4399995803833,33946900
2021-12-14,10.08248519897461,12.100000381469727,12.4399995803833,12.029999732971191,12.329999923706055,27329200
2021-12-15,10.049154281616211,12.0600004196167,12.239999771118164,11.880000114440918,12.239999771118164,67091300
2021-12-16,10.057486534118652,12.069999694824219,12.539999961853027,11.989999771118164,12.119999885559082,45439000
2021-12-17,10.257469177246094,12.3100004196167,12.399999618530273,11.899999618530273,11.949999809265137,53507900
2021-12-20,9.89916706085205,11.880000114440918,12.119999885559082,11.649999618530273,12.0600004196167,27057700
2021-12-21,9.594904899597168,11.369999885559082,11.859999656677246,11.279999732971191,11.829999923706055,27019000
2021-12-22,9.704608917236328,11.5,11.670000076293945,11.329999923706055,11.390000343322754,25447000
2021-12-23,9.60334587097168,11.380000114440918,11.529999732971191,11.300000190734863,11.510000228881836,38242300
2021-12-27,9.544271469116211,11.3100004196167,11.550000190734863,11.1899995803833,11.5,26053300
2021-12-28,9.417691230773926,11.15999984741211,11.329999923706055,11.100000381469727,11.329999923706055,15521100
2021-12-29,9.350181579589844,11.079999923706055,11.239999771118164,10.989999771118164,11.180000305175781,13617300
2021-12-30,9.400812149047852,11.140000343322754,11.289999961853027,11.050000190734863,11.149999618530273,17778000
2022-01-03,9.086986541748047,10.720000267028809,11.40999984741211,10.710000038146973,11.1899995803833,31212300
2022-01-04,9.281949996948242,10.949999809265137,11.010000228881836,10.619999885559082,10.760000228881836,42526400
2022-01-05,9.086986541748047,10.720000267028809,10.930000305175781,10.619999885559082,10.869999885559082,29393700
2022-01-06,9.307378768920898,10.979999542236328,10.979999542236328,10.579999923706055,10.600000381469727,55641200
2022-01-07,9.527775764465332,11.239999771118164,11.260000228881836,10.880000114440918,10.90999984741211,40712800
2022-01-10,9.47691535949707,11.180000305175781,11.25,10.970000267028809,11.100000381469727,24753100
2022-01-11,9.50234317779541,11.210000038146973,11.210000038146973,10.850000381469727,11.029999732971191,49955600
2022-01-12,9.841410636901855,11.609999656677246,11.640000343322754,11.140000343322754,11.270000457763672,51902800
2022-01-13,9.824457168579102,11.59000015258789,11.729999542236328,11.460000038146973,11.470000267028809,41573700
2022-01-14,10.358489036560059,12.220000267028809,12.289999961853027,11.5600004196167,11.630000114440918,58924300
2022-01-17,10.47715950012207,12.359999656677246,12.59000015258789,12.109999656677246,12.199999809265137,34504100
2022-01-18,10.43477725982666,12.3100004196167,12.399999618530273,12.039999961853027,12.350000381469727,27785000
2022-01-19,10.392396926879883,12.260000228881836,12.489999771118164,12.25,12.4399995803833,28462100
2022-01-20,11.231586456298828,13.25,13.319999694824219,12.279999732971191,12.329999923706055,86698700
2022-01-21,11.562173843383789,13.640000343322754,13.880000114440918,13.149999618530273,13.229999542236328,80553900
2022-01-24,11.070527076721191,13.0600004196167,13.529999732971191,12.84000015258789,13.489999771118164,87684000
2022-01-25,11.290921211242676,13.319999694824219,13.5600004196167,12.880000114440918,12.899999618530273,71382800
2022-01-26,11.680849075317383,13.779999732971191,14.100000381469727,13.5,13.5,71973700
2022-01-27,12.257264137268066,14.460000038146973,14.520000457763672,13.8100004196167,13.920000076293945,83843000
2022-01-28,12.494608879089355,14.739999771118164,14.770000457763672,14.0600004196167,14.289999961853027,80767700
2022-01-31,12.392889022827148,14.619999885559082,14.8100004196167,14.449999809265137,14.640000343322754,52205200
2022-02-01,12.087726593017578,14.260000228881836,14.65999984741211,14.149999618530273,14.619999885559082,35998000
2022-02-02,11.977531433105469,14.130000114440918,14.59000015258789,13.970000267028809,14.270000457763672,26420000
2022-02-03,11.98600959777832,14.140000343322754,14.369999885559082,14.029999732971191,14.109999656677246,24431600
2022-02-04,11.977531433105469,14.130000114440918,14.220000267028809,13.880000114440918,14.0600004196167,22866500
2022-02-07,11.613035202026367,13.699999809265137,14.199999809265137,13.600000381469727,14.130000114440918,32879200
2022-02-08,11.485885620117188,13.550000190734863,13.729999542236328,13.350000381469727,13.649999618530273,44067800
2022-02-09,12.002962112426758,14.15999984741211,14.25,13.670000076293945,13.710000038146973,39200100
2022-02-10,11.952101707458496,14.100000381469727,14.329999923706055,13.819999694824219,14.15999984741211,31062500
2022-02-11,11.799522399902344,13.920000076293945,14.3100004196167,13.739999771118164,14.300000190734863,36193800
2022-02-14,11.969056129455566,14.119999885559082,14.479999542236328,13.960000038146973,14.170000076293945,37045800
2022-02-15,12.375936508178711,14.600000381469727,15.130000114440918,14.239999771118164,14.4399995803833,43238600
2022-02-16,12.367459297180176,14.59000015258789,14.850000381469727,14.3100004196167,14.75,30914200
2022-02-17,12.036870956420898,14.199999809265137,14.729999542236328,14.140000343322754,14.619999885559082,39058000
2022-02-18,12.09620475769043,14.270000457763672,14.710000038146973,14.25,14.3100004196167,36694100
2022-02-21,11.926671981811523,14.069999694824219,14.569999694824219,13.970000267028809,14.350000381469727,21087500
2022-02-22,12.197924613952637,14.390000343322754,14.739999771118164,14.229999542236328,14.25,37226200
2022-02-23,12.367459297180176,14.59000015258789,14.9399995803833,14.390000343322754,14.390000343322754,44694100
2022-02-24,12.460702896118164,14.699999809265137,14.890000343322754,13.859999656677246,13.989999771118164,44249600
2022-02-25,12.35898208618164,14.579999923706055,14.890000343322754,14.470000267028809,14.550000190734863,57772500
2022-03-02,12.138590812683105,14.319999694824219,14.829999923706055,14.279999732971191,14.5,44776400
2022-03-03,12.520036697387695,14.770000457763672,14.819999694824219,14.180000305175781,14.260000228881836,24918400
2022-03-04,12.240307807922363,14.4399995803833,14.770000457763672,14.210000038146973,14.699999809265137,30019500
2022-03-07,11.782570838928223,13.899999618530273,14.3100004196167,13.770000457763672,14.270000457763672,39736100
2022-03-08,11.545221328735352,13.619999885559082,14.15999984741211,13.369999885559082,13.770000457763672,76144000
2022-03-09,11.697803497314453,13.800000190734863,14.069999694824219,13.699999809265137,13.8100004196167,62423800
2022-03-10,11.282445907592773,13.3100004196167,13.720000267028809,13.140000343322754,13.720000267028809,37166900
2022-03-11,11.240063667297363,13.260000228881836,13.600000381469727,13.140000343322754,13.430000305175781,35109900
2022-03-14,11.240063667297363,13.260000228881836,13.520000457763672,13.119999885559082,13.270000457763672,25198400
2022-03-15,11.273968696594238,13.300000190734863,13.510000228881836,13.170000076293945,13.210000038146973,32409100
2022-03-16,11.528268814086914,13.600000381469727,13.789999961853027,13.3100004196167,13.350000381469727,46566300
2022-03-17,11.782570838928223,13.899999618530273,13.930000305175781,13.449999809265137,13.720000267028809,37616600
2022-03-18,11.960577964782715,14.109999656677246,14.229999542236328,12.800000190734863,13.829999923706055,93450400
2022-03-21,11.765615463256836,13.880000114440918,14.270000457763672,13.649999618530273,14.0,29506800
2022-03-22,12.401366233825684,14.630000114440918,14.670000076293945,14.0600004196167,14.09000015258789,48585100
2022-03-23,12.51156234741211,14.760000228881836,15.079999923706055,14.420000076293945,14.630000114440918,35617600
2022-03-24,12.621759414672852,14.890000343322754,14.899999618530273,14.489999771118164,14.739999771118164,32405300
2022-03-25,12.992018699645996,15.140000343322754,15.380000114440918,14.75,14.75,43115300
2022-03-28,12.949110984802246,15.09000015258789,15.369999885559082,15.050000190734863,15.180000305175781,36224300
2022-03-29,13.3352689743042,15.539999961853027,15.819999694824219,15.25,15.510000228881836,39583800
2022-03-30,13.446824073791504,15.670000076293945,15.800000190734863,15.460000038146973,15.529999732971191,44860300
2022-03-31,13.481151580810547,15.710000038146973,15.8100004196167,15.529999732971191,15.770000457763672,27882200
2022-04-01,13.764331817626953,16.040000915527344,16.18000030517578,15.760000228881836,15.789999961853027,32532800
2022-04-04,13.850142478942871,16.139999389648438,16.190000534057617,15.84000015258789,16.010000228881836,35608100
2022-04-05,13.584124565124512,15.829999923706055,16.329999923706055,15.829999923706055,16.079999923706055,107169600
2022-04-06,13.618450164794922,15.869999885559082,16.100000381469727,15.460000038146973,15.699999809265137,46479100
2022-04-07,13.601287841796875,15.850000381469727,16.010000228881836,15.600000381469727,15.699999809265137,37641900
2022-04-08,13.38675594329834,15.600000381469727,15.829999923706055,15.5,15.649999618530273,23854100
2022-04-11,12.768905639648438,14.880000114440918,15.550000190734863,14.75,15.4399995803833,44122200
2022-04-12,12.314099311828613,14.350000381469727,15.229999542236328,14.220000267028809,15.130000114440918,74508900
2022-04-13,12.365588188171387,14.40999984741211,14.600000381469727,14.220000267028809,14.460000038146973,50627300
2022-04-14,12.434235572814941,14.489999771118164,14.489999771118164,14.180000305175781,14.430000305175781,32502300
2022-04-18,12.459981918334961,14.520000457763672,14.6899995803833,14.350000381469727,14.5,18488500
2022-04-19,12.477143287658691,14.539999961853027,14.59000015258789,14.220000267028809,14.369999885559082,27972000
2022-04-20,12.605862617492676,14.6899995803833,14.890000343322754,14.470000267028809,14.5,24264800
2022-04-22,12.32267951965332,14.359999656677246,14.890000343322754,14.260000228881836,14.539999961853027,31907300
2022-04-25,12.116730690002441,14.119999885559082,14.390000343322754,14.020000457763672,14.239999771118164,30535100
2022-04-26,11.679083824157715,13.609999656677246,14.130000114440918,13.59000015258789,14.020000457763672,45217300
2022-04-27,11.593273162841797,13.510000228881836,13.90999984741211,13.380000114440918,13.770000457763672,55728100
2022-04-28,11.653342247009277,13.579999923706055,13.819999694824219,13.4399995803833,13.520000457763672,30824100
2022-04-29,11.413068771362305,13.300000190734863,13.760000228881836,13.270000457763672,13.649999618530273,36218200
2022-05-02,10.984003067016602,12.800000190734863,13.529999732971191,12.539999961853027,13.239999771118164,67966900
2022-05-03,10.769474029541016,12.550000190734863,12.869999885559082,12.470000267028809,12.800000190734863,26941300
2022-05-04,10.855284690856934,12.649999618530273,12.720000267028809,12.109999656677246,12.430000305175781,44906500
2022-05-05,10.400479316711426,12.119999885559082,12.539999961853027,11.930000305175781,12.510000228881836,37977600
2022-05-06,10.100137710571289,11.770000457763672,12.100000381469727,11.680000305175781,11.970000267028809,35093000
2022-05-09,10.07439136505127,11.739999771118164,11.970000267028809,11.510000228881836,11.6899995803833,28656000
2022-05-10,9.928508758544922,11.569999694824219,11.850000381469727,11.40999984741211,11.819999694824219,32022300
2022-05-11,9.688236236572266,11.289999961853027,11.720000267028809,11.289999961853027,11.510000228881836,28501400
2022-05-12,10.211691856384277,11.899999618530273,12.0,11.180000305175781,11.180000305175781,57392200
2022-05-13,9.842697143554688,11.470000267028809,11.829999923706055,11.4399995803833,11.829999923706055,62235900
2022-05-16,9.842697143554688,11.470000267028809,11.470000267028809,11.470000267028809,11.470000267028809,0
2022-05-17,10.211691856384277,11.899999618530273,11.949999809265137,11.779999732971191,11.880000114440918,36755200
2022-05-18,9.911348342895508,11.550000190734863,11.819999694824219,11.470000267028809,11.720000267028809,45745200
2022-05-19,10.13446044921875,11.8100004196167,11.829999923706055,11.539999961853027,11.579999923706055,41572300
2022-05-20,10.331831932067871,12.039999961853027,12.229999542236328,11.84000015258789,11.930000305175781,70264100
2022-05-23,10.383316993713379,12.100000381469727,12.199999809265137,12.020000457763672,12.079999923706055,36324700
2022-05-24,10.314667701721191,12.020000457763672,12.050000190734863,11.779999732971191,12.0,36095300
2022-05-25,10.2202730178833,11.90999984741211,12.050000190734863,11.609999656677246,11.90999984741211,41659600
2022-05-26,10.649337768554688,12.40999984741211,12.449999809265137,11.899999618530273,11.899999618530273,59361700
2022-05-27,10.898192405700684,12.699999809265137,12.880000114440918,12.319999694824219,12.470000267028809,42111400
2022-05-30,10.984003067016602,12.800000190734863,13.119999885559082,12.699999809265137,12.819999694824219,26840000
2022-05-31,10.958261489868164,12.770000457763672,12.960000038146973,12.630000114440918,12.829999923706055,123018500
2022-06-01,10.726568222045898,12.5,12.829999923706055,12.489999771118164,12.770000457763672,23587800
2022-06-02,11.061237335205078,12.890000343322754,12.989999771118164,12.59000015258789,12.59000015258789,24931700
2022-06-03,10.872448921203613,12.670000076293945,12.920000076293945,12.59000015258789,12.850000381469727,16458000
2022-06-06,10.5377779006958,12.279999732971191,12.789999961853027,12.220000267028809,12.770000457763672,19795100
2022-06-07,10.203109741210938,11.890000343322754,12.25,11.8100004196167,12.170000076293945,37891200
2022-06-08,10.11729621887207,11.789999961853027,12.050000190734863,11.739999771118164,11.800000190734863,24974600
2022-06-09,10.254599571228027,11.949999809265137,12.15999984741211,11.760000228881836,11.779999732971191,27231900
2022-06-10,10.005743026733398,11.65999984741211,11.9399995803833,11.649999618530273,11.800000190734863,26284500
2022-06-13,9.902767181396484,11.539999961853027,11.680000305175781,11.3100004196167,11.489999771118164,36960800
2022-06-14,9.85986042022705,11.489999771118164,11.619999885559082,11.380000114440918,11.529999732971191,27288400
2022-06-15,9.962837219238281,11.609999656677246,11.800000190734863,11.449999809265137,11.710000038146973,31751100
2022-06-17,9.825535774230957,11.449999809265137,11.489999771118164,11.170000076293945,11.399999618530273,49425100
2022-06-20,9.911348342895508,11.550000190734863,11.619999885559082,11.289999961853027,11.460000038146973,12751100
2022-06-21,9.85986042022705,11.489999771118164,11.770000457763672,11.399999618530273,11.600000381469727,21414500
2022-06-22,9.997160911560059,11.649999618530273,11.670000076293945,11.350000381469727,11.479999542236328,27175500
2022-06-23,9.937093734741211,11.579999923706055,11.899999618530273,11.550000190734863,11.630000114440918,28228200
2022-06-24,9.954255104064941,11.600000381469727,11.819999694824219,11.539999961853027,11.739999771118164,19104100
2022-06-27,9.954255104064941,11.600000381469727,11.760000228881836,11.510000228881836,11.680000305175781,20702300
2022-06-28,9.671072959899902,11.270000457763672,11.819999694824219,11.180000305175781,11.640000343322754,26200200
2022-06-29,9.50678825378418,10.949999809265137,11.300000190734863,10.890000343322754,11.279999732971191,23510100
2022-06-30,9.515469551086426,10.960000038146973,11.079999923706055,10.619999885559082,10.630000114440918,53291500
2022-07-01,9.715155601501465,11.1899995803833,11.3100004196167,10.729999542236328,10.75,27211900
2022-07-04,9.619654655456543,11.079999923706055,11.350000381469727,11.020000457763672,11.109999656677246,11748300
2022-07-05,9.784612655639648,11.270000457763672,11.34000015258789,10.9399995803833,11.0,26123700
2022-07-06,9.64570140838623,11.109999656677246,11.430000305175781,10.90999984741211,11.229999542236328,50471100
2022-07-07,9.862750053405762,11.359999656677246,11.420000076293945,11.15999984741211,11.289999961853027,23833400
2022-07-08,9.932208061218262,11.4399995803833,11.529999732971191,11.319999694824219,11.390000343322754,20410600
2022-07-11,9.350513458251953,10.770000457763672,11.220000267028809,10.6899995803833,11.210000038146973,45053000
2022-07-12,9.150826454162598,10.539999961853027,10.819999694824219,10.420000076293945,10.819999694824219,37587600
2022-07-13,8.925094604492188,10.279999732971191,10.609999656677246,10.229999542236328,10.420000076293945,64624500
2022-07-14,8.925094604492188,10.279999732971191,10.359999656677246,9.710000038146973,10.069999694824219,72406700
2022-07-15,8.70804500579834,10.029999732971191,10.329999923706055,9.979999542236328,10.210000038146973,66586300
2022-07-18,8.916411399841309,10.270000457763672,10.4399995803833,10.020000457763672,10.09000015258789,39197600
2022-07-19,8.864320755004883,10.210000038146973,10.5,10.130000114440918,10.270000457763672,47346400
2022-07-20,9.150826454162598,10.539999961853027,10.59000015258789,10.140000343322754,10.1899995803833,62025800
2022-07-21,9.558880805969238,11.010000228881836,11.069999694824219,10.510000228881836,10.5600004196167,54553200
2022-07-22,9.307103157043457,10.720000267028809,11.180000305175781,10.619999885559082,11.079999923706055,50276200
2022-07-25,9.315783500671387,10.729999542236328,10.789999961853027,10.489999771118164,10.789999961853027,30968000
2022-07-26,9.315783500671387,10.729999542236328,10.850000381469727,10.649999618530273,10.720000267028809,34753400
2022-07-27,9.446016311645508,10.880000114440918,10.930000305175781,10.619999885559082,10.869999885559082,32123300
2022-07-28,9.775930404663086,11.260000228881836,11.369999885559082,10.739999771118164,10.75,26345100
2022-07-29,9.628335952758789,11.09000015258789,11.359999656677246,11.050000190734863,11.359999656677246,26771200
2022-08-01,9.437332153320312,10.869999885559082,11.119999885559082,10.710000038146973,11.020000457763672,26237600
2022-08-02,9.376559257507324,10.800000190734863,10.989999771118164,10.670000076293945,10.899999618530273,29130100
2022-08-03,9.689111709594727,11.15999984741211,11.199999809265137,10.680000305175781,10.789999961853027,29172900
2022-08-04,10.331579208374023,11.899999618530273,12.0,11.25,11.25,59880700
2022-08-05,10.479172706604004,12.069999694824219,12.1899995803833,11.619999885559082,11.9399995803833,32183700
2022-08-08,10.809087753295898,12.449999809265137,12.600000381469727,12.029999732971191,12.15999984741211,42688100
2022-08-09,10.635445594787598,12.25,12.680000305175781,12.170000076293945,12.520000457763672,42042800
2022-08-10,10.739631652832031,12.369999885559082,12.699999809265137,12.270000457763672,12.630000114440918,45312100
2022-08-11,10.548628807067871,12.149999618530273,12.529999732971191,11.989999771118164,12.4399995803833,34195200
2022-08-12,11.373417854309082,13.100000381469727,13.100000381469727,12.329999923706055,12.420000076293945,59351200
2022-08-15,11.46023941040039,13.199999809265137,13.279999732971191,12.829999923706055,13.100000381469727,21740700
2022-08-16,11.390782356262207,13.119999885559082,13.210000038146973,12.890000343322754,13.130000114440918,23841700
2022-08-17,11.173733711242676,12.869999885559082,13.15999984741211,12.8100004196167,13.0,49940200
2022-08-18,11.156366348266602,12.850000381469727,12.930000305175781,12.630000114440918,12.869999885559082,17097000
2022-08-19,10.861181259155273,12.510000228881836,12.84000015258789,12.270000457763672,12.699999809265137,41620300
2022-08-22,10.678857803344727,12.300000190734863,12.520000457763672,12.270000457763672,12.449999809265137,28907700
2022-08-23,10.791723251342773,12.430000305175781,12.479999542236328,12.079999923706055,12.300000190734863,30905000
2022-08-24,10.817769050598145,12.460000038146973,12.6899995803833,12.279999732971191,12.399999618530273,25584600
2022-08-25,11.0869140625,12.770000457763672,12.819999694824219,12.479999542236328,12.569999694824219,17673600
2022-08-26,10.791723251342773,12.430000305175781,12.850000381469727,12.390000343322754,12.819999694824219,21823200
2022-08-29,10.713586807250977,12.34000015258789,12.59000015258789,12.279999732971191,12.460000038146973,20187300
2022-08-30,10.583357810974121,12.1899995803833,12.569999694824219,12.010000228881836,12.470000267028809,25350200
2022-08-31,10.28817081451416,11.850000381469727,12.319999694824219,11.850000381469727,12.170000076293945,51605400
2022-09-01,10.505218505859375,12.100000381469727,12.109999656677246,11.65999984741211,11.760000228881836,45098300
2022-09-02,10.974047660827637,12.640000343322754,12.979999542236328,12.079999923706055,12.119999885559082,76178400
2022-09-05,11.156366348266602,12.850000381469727,12.960000038146973,12.569999694824219,12.640000343322754,27073800
2022-09-06,10.756997108459473,12.390000343322754,12.619999885559082,12.239999771118164,12.600000381469727,45033200
2022-09-08,11.286599159240723,13.0,13.039999961853027,12.329999923706055,12.399999618530273,55191000
2022-09-09,11.243188858032227,12.949999809265137,13.220000267028809,12.880000114440918,13.050000190734863,25300300
2022-09-12,11.503647804260254,13.25,13.329999923706055,12.9399995803833,12.949999809265137,28719300
2022-09-13,11.182412147521973,12.880000114440918,13.1899995803833,12.779999732971191,13.0,20298200
2022-09-14,11.095595359802246,12.779999732971191,13.020000457763672,12.699999809265137,12.819999694824219,22001400
2022-09-15,10.904592514038086,12.5600004196167,12.880000114440918,12.449999809265137,12.75,23504300
2022-09-16,10.748315811157227,12.380000114440918,12.649999618530273,12.1899995803833,12.4399995803833,71825800
2022-09-19,11.477604866027832,13.220000267028809,13.350000381469727,12.039999961853027,12.199999809265137,57616200
2022-09-20,11.842247009277344,13.640000343322754,13.819999694824219,13.199999809265137,13.210000038146973,56083600
2022-09-21,11.564423561096191,13.319999694824219,13.729999542236328,13.270000457763672,13.699999809265137,36774800
2022-09-22,11.668606758117676,13.4399995803833,13.600000381469727,13.119999885559082,13.449999809265137,56032400
2022-09-23,11.697325706481934,13.390000343322754,13.390000343322754,13.010000228881836,13.029999732971191,48607100
2022-09-26,11.243061065673828,12.869999885559082,13.270000457763672,12.819999694824219,13.229999542236328,21406800
2022-09-27,11.138229370117188,12.75,12.859999656677246,12.569999694824219,12.619999885559082,65114400
2022-09-28,11.225587844848633,12.850000381469727,12.9399995803833,12.449999809265137,12.760000228881836,51750700
2022-09-29,11.00719165802002,12.600000381469727,12.6899995803833,12.220000267028809,12.550000190734863,43982600
2022-09-30,11.400304794311523,13.050000190734863,13.180000305175781,12.359999656677246,12.380000114440918,60495600
2022-10-03,12.125381469726562,13.880000114440918,14.279999732971191,13.630000114440918,14.09000015258789,87509200
2022-10-04,12.649534225463867,14.479999542236328,15.15999984741211,14.119999885559082,14.649999618530273,71455800
2022-10-05,12.867931365966797,14.729999542236328,14.970000267028809,14.010000228881836,14.300000190734863,65316100
2022-10-06,12.955288887023926,14.829999923706055,14.989999771118164,14.5600004196167,14.800000190734863,38746900
2022-10-07,12.929082870483398,14.800000190734863,14.949999809265137,14.640000343322754,14.819999694824219,15926100
2022-10-10,12.96402645111084,14.84000015258789,14.920000076293945,14.619999885559082,14.890000343322754,23633600
2022-10-11,12.535969734191895,14.350000381469727,14.8100004196167,14.210000038146973,14.800000190734863,35328900
2022-10-13,12.142854690551758,13.899999618530273,14.260000228881836,13.65999984741211,14.0,75195100
2022-10-14,12.134119987487793,13.890000343322754,14.220000267028809,13.65999984741211,14.020000457763672,61172000
2022-10-17,12.361251831054688,14.149999618530273,14.420000076293945,13.819999694824219,14.0,32624700
2022-10-18,12.230212211608887,14.0,14.40999984741211,13.84000015258789,14.390000343322754,48479200
2022-10-19,12.448606491088867,14.25,14.3100004196167,13.850000381469727,14.109999656677246,31144700
2022-10-20,12.230212211608887,14.0,14.430000305175781,13.869999885559082,14.34000015258789,68817500
2022-10-21,12.780573844909668,14.630000114440918,14.8100004196167,13.949999809265137,14.0,76677800
2022-10-24,12.265156745910645,14.039999961853027,14.520000457763672,13.9399995803833,14.399999618530273,39162400
2022-10-25,12.099176406860352,13.850000381469727,14.239999771118164,13.770000457763672,13.880000114440918,39314700
2022-10-26,11.513874053955078,13.180000305175781,13.8100004196167,13.109999656677246,13.65999984741211,58938700
2022-10-27,12.125381469726562,13.880000114440918,14.430000305175781,13.149999618530273,13.3100004196167,57273000
2022-10-28,12.387457847595215,14.180000305175781,14.25,13.609999656677246,13.779999732971191,53816500
2022-10-31,13.13874340057373,15.039999961853027,15.130000114440918,13.890000343322754,14.130000114440918,93369800
2022-11-01,13.208629608154297,15.119999885559082,15.4399995803833,14.699999809265137,15.020000457763672,43955100
2022-11-03,13.435761451721191,15.380000114440918,15.5,14.829999923706055,14.949999809265137,38761200
2022-11-04,13.627952575683594,15.600000381469727,15.979999542236328,15.430000305175781,15.5,35021800
2022-11-07,13.365876197814941,15.300000190734863,15.600000381469727,15.199999809265137,15.40999984741211,63757400
2022-11-08,13.392083168029785,15.329999923706055,15.65999984741211,15.170000076293945,15.260000228881836,62326600
2022-11-09,13.313460350036621,15.239999771118164,15.489999771118164,14.829999923706055,15.199999809265137,98960200
2022-11-10,11.627437591552734,13.3100004196167,14.949999809265137,13.100000381469727,14.899999618530273,131426800
2022-11-11,10.98972225189209,12.579999923706055,13.220000267028809,12.319999694824219,12.800000190734863,80262500
2022-11-14,10.89362621307373,12.470000267028809,12.8100004196167,12.350000381469727,12.699999809265137,46911100
2022-11-16,10.832475662231445,12.399999618530273,12.640000343322754,12.229999542236328,12.460000038146973,98671500
2022-11-17,10.177284240722656,11.649999618530273,12.109999656677246,11.279999732971191,12.029999732971191,276369600
2022-11-18,10.369475364685059,11.869999885559082,12.289999961853027,11.699999809265137,11.949999809265137,94746800
2022-11-21,10.52672004699707,12.050000190734863,12.420000076293945,11.850000381469727,12.039999961853027,69352000
2022-11-22,10.474303245544434,11.989999771118164,12.329999923706055,11.640000343322754,12.0600004196167,61014900
2022-11-23,10.474303245544434,11.989999771118164,12.300000190734863,11.649999618530273,11.699999809265137,34017900
2022-11-24,11.05960750579834,12.65999984741211,12.829999923706055,12.109999656677246,12.140000343322754,42778100
2022-11-25,10.52672004699707,12.050000190734863,12.449999809265137,11.90999984741211,12.350000381469727,38771600
2022-11-28,10.552926063537598,12.079999923706055,12.289999961853027,11.979999542236328,12.100000381469727,27142700
2022-11-29,10.963513374328613,12.550000190734863,12.9399995803833,12.149999618530273,12.369999885559082,53449900
2022-11-30,11.120757102966309,12.729999542236328,12.829999923706055,12.300000190734863,12.489999771118164,57073600
2022-12-01,10.841211318969727,12.40999984741211,12.65999984741211,12.180000305175781,12.529999732971191,44924700
2022-12-02,11.094550132751465,12.699999809265137,13.050000190734863,12.4399995803833,12.479999542236328,46834800
2022-12-05,10.6140775680542,12.149999618530273,12.670000076293945,12.020000457763672,12.460000038146973,35793100
2022-12-06,10.640286445617676,12.180000305175781,12.3100004196167,11.979999542236328,12.25,41261300
2022-12-07,10.701435089111328,12.25,12.479999542236328,12.0600004196167,12.100000381469727,35864200
2022-12-08,10.255908966064453,11.739999771118164,12.300000190734863,11.5600004196167,12.119999885559082,75114300
2022-12-09,10.255908966064453,11.739999771118164,12.020000457763672,11.609999656677246,11.84000015258789,34385300
2022-12-12,10.002567291259766,11.449999809265137,11.890000343322754,10.979999542236328,11.710000038146973,51820600
2022-12-13,9.950153350830078,11.390000343322754,12.029999732971191,11.279999732971191,11.59000015258789,79422100
2022-12-14,10.290848731994629,11.779999732971191,11.949999809265137,11.029999732971191,11.34000015258789,82829500
2022-12-15,10.072453498840332,11.529999732971191,12.020000457763672,11.399999618530273,11.489999771118164,43791700
2022-12-16,9.923944473266602,11.359999656677246,11.640000343322754,11.199999809265137,11.5,52477600
2022-12-19,10.561661720275879,12.09000015258789,12.210000038146973,11.390000343322754,11.40999984741211,51014700
2022-12-20,11.024662017822266,12.619999885559082,12.8100004196167,11.90999984741211,11.960000038146973,85870300
2022-12-21,10.972249984741211,12.5600004196167,12.979999542236328,12.430000305175781,12.699999809265137,33432500
2022-12-22,10.762587547302246,12.319999694824219,12.680000305175781,12.149999618530273,12.539999961853027,28640400
2022-12-23,11.685338020324707,13.350000381469727,13.390000343322754,12.319999694824219,12.34000015258789,55312400
2022-12-26,11.746609687805176,13.420000076293945,13.5,13.130000114440918,13.359999656677246,26468100
2022-12-27,11.33521556854248,12.949999809265137,13.479999542236328,12.84000015258789,13.460000038146973,51364200
2022-12-28,11.729103088378906,13.399999618530273,13.510000228881836,12.779999732971191,13.029999732971191,46427100
2022-12-29,11.56279468536377,13.210000038146973,13.649999618530273,13.09000015258789,13.470000267028809,54262600
2023-01-02,10.774685859680176,12.25,13.039999961853027,12.069999694824219,12.789999961853027,36463300
2023-01-03,10.414064407348633,11.84000015258789,12.4399995803833,11.640000343322754,12.1899995803833,55579600
2023-01-04,10.493226051330566,11.930000305175781,12.270000457763672,11.770000457763672,12.100000381469727,46600300
2023-01-05,10.81866455078125,12.300000190734863,12.380000114440918,11.920000076293945,12.029999732971191,42701200
2023-01-06,11.073739051818848,12.59000015258789,12.739999771118164,12.239999771118164,12.25,18701800
2023-01-09,10.924212455749512,12.420000076293945,12.609999656677246,12.119999885559082,12.5,29615300
2023-01-10,11.3112211227417,12.859999656677246,12.989999771118164,12.25,12.3100004196167,37173200
2023-01-11,11.830168724060059,13.449999809265137,13.5600004196167,12.850000381469727,12.850000381469727,45058400
2023-01-12,11.759800910949707,13.369999885559082,13.649999618530273,13.09000015258789,13.5,42650900
2023-01-13,11.575093269348145,13.15999984741211,13.279999732971191,12.920000076293945,13.010000228881836,34712800
2023-01-16,11.390382766723633,12.949999809265137,13.199999809265137,12.819999694824219,13.15999984741211,23945400
2023-01-17,11.443157196044922,13.010000228881836,13.140000343322754,12.670000076293945,13.0,55634500
2023-01-18,11.50472640991211,13.079999923706055,13.630000114440918,12.930000305175781,13.260000228881836,58779100
2023-01-19,11.407976150512695,12.970000267028809,13.069999694824219,12.569999694824219,12.899999618530273,37781400
2023-01-20,11.232062339782715,12.770000457763672,13.0,12.699999809265137,12.899999618530273,37915700
2023-01-23,11.12651252746582,12.649999618530273,12.880000114440918,12.529999732971191,12.800000190734863,28339700
2023-01-24,11.293631553649902,12.84000015258789,12.890000343322754,12.630000114440918,12.739999771118164,21956100
2023-01-25,11.531112670898438,13.109999656677246,13.260000228881836,12.720000267028809,12.84000015258789,22445500
2023-01-26,11.539910316467285,13.119999885559082,13.380000114440918,12.829999923706055,13.15999984741211,23534800
2023-01-27,11.179287910461426,12.710000038146973,13.210000038146973,12.640000343322754,13.109999656677246,28137500
2023-01-30,11.320018768310547,12.869999885559082,12.899999618530273,12.649999618530273,12.789999961853027,29716000
2023-01-31,11.399178504943848,12.960000038146973,13.220000267028809,12.800000190734863,12.9399995803833,34369400
2023-02-01,11.35520076751709,12.90999984741211,13.0600004196167,12.510000228881836,12.989999771118164,42421600
2023-02-02,11.434361457824707,13.0,13.289999961853027,12.739999771118164,12.739999771118164,37601000
2023-02-03,10.651546478271484,12.109999656677246,13.029999732971191,12.039999961853027,12.949999809265137,75213900
2023-02-06,10.651546478271484,12.109999656677246,12.149999618530273,11.729999542236328,11.989999771118164,30877600
2023-02-07,10.458044052124023,11.890000343322754,12.079999923706055,11.4399995803833,12.0,59353900
2023-02-08,10.660344123840332,12.119999885559082,12.359999656677246,11.890000343322754,11.890000343322754,36033200
2023-02-09,10.2469482421875,11.649999618530273,12.3100004196167,11.520000457763672,12.149999618530273,42040900
2023-02-10,10.37888240814209,11.800000190734863,11.880000114440918,11.520000457763672,11.520000457763672,34782700
2023-02-13,10.484429359436035,11.920000076293945,11.989999771118164,11.600000381469727,11.819999694824219,39949600
2023-02-14,10.062238693237305,11.4399995803833,11.970000267028809,11.359999656677246,11.930000305175781,48546800
2023-02-15,10.194172859191895,11.59000015258789,11.789999961853027,11.140000343322754,11.4399995803833,68664200
2023-02-16,10.000666618347168,11.369999885559082,11.390000343322754,10.859999656677246,11.300000190734863,75635800
2023-02-17,9.701615333557129,11.029999732971191,11.300000190734863,11.029999732971191,11.210000038146973,37832300
2023-02-22,9.543292999267578,10.850000381469727,10.869999885559082,10.550000190734863,10.800000190734863,34110900
2023-02-23,9.48172378540039,10.779999732971191,10.989999771118164,10.640000343322754,10.850000381469727,66824000
2023-02-24,9.16993522644043,10.390000343322754,10.819999694824219,10.369999885559082,10.739999771118164,36878600
2023-02-27,9.319974899291992,10.5600004196167,10.670000076293945,10.260000228881836,10.399999618530273,41493800
2023-02-28,9.311147689819336,10.550000190734863,10.739999771118164,10.430000305175781,10.5,41801300
2023-03-01,9.26701831817627,10.5,10.670000076293945,10.329999923706055,10.619999885559082,45694100
2023-03-02,9.346450805664062,10.59000015258789,10.9399995803833,10.449999809265137,10.510000228881836,74473100
2023-03-03,9.28467082977295,10.520000457763672,10.770000457763672,10.449999809265137,10.699999809265137,47367600
2023-03-06,9.673002243041992,10.960000038146973,11.079999923706055,10.619999885559082,10.680000305175781,38810600
2023-03-07,9.752434730529785,11.050000190734863,11.3100004196167,10.920000076293945,10.989999771118164,39682500
2023-03-08,10.281977653503418,11.649999618530273,11.710000038146973,11.100000381469727,11.149999618530273,74476900
2023-03-09,10.220197677612305,11.579999923706055,11.829999923706055,11.529999732971191,11.600000381469727,51003900
2023-03-10,9.937775611877441,11.260000228881836,11.600000381469727,11.180000305175781,11.579999923706055,49231100
2023-03-13,10.017206192016602,11.350000381469727,11.460000038146973,10.930000305175781,11.130000114440918,49440600
2023-03-14,10.096637725830078,11.4399995803833,11.779999732971191,11.329999923706055,11.380000114440918,50264800
2023-03-15,10.184895515441895,11.539999961853027,11.699999809265137,11.130000114440918,11.300000190734863,50275800
2023-03-16,10.467317581176758,11.859999656677246,11.960000038146973,11.470000267028809,11.5,66584200
2023-03-17,9.973077774047852,11.300000190734863,11.699999809265137,11.289999961853027,11.640000343322754,80769000
2023-03-20,9.867169380187988,11.180000305175781,11.5,11.029999732971191,11.319999694824219,34346700
2023-03-21,9.858342170715332,11.170000076293945,11.4399995803833,11.140000343322754,11.140000343322754,42280200
2023-03-22,9.743606567382812,11.039999961853027,11.430000305175781,11.039999961853027,11.25,64613000
2023-03-23,9.19641399383545,10.420000076293945,11.140000343322754,10.270000457763672,11.0600004196167,83232200
2023-03-24,9.319974899291992,10.5600004196167,10.75,10.34000015258789,10.539999961853027,44383700
2023-03-27,9.346450805664062,10.59000015258789,10.84000015258789,10.5,10.5600004196167,69951100
2023-03-28,9.425880432128906,10.680000305175781,10.819999694824219,10.380000114440918,10.619999885559082,97342300
2023-03-29,9.346202850341797,10.529999732971191,10.720000267028809,10.220000267028809,10.699999809265137,65619500
2023-03-30,9.585848808288574,10.800000190734863,11.069999694824219,10.649999618530273,10.75,72194000
2023-03-31,9.186440467834473,10.350000381469727,10.850000381469727,10.130000114440918,10.8100004196167,107873700
2023-04-03,9.390583038330078,10.579999923706055,10.680000305175781,10.1899995803833,10.350000381469727,50036600
2023-04-04,9.612478256225586,10.829999923706055,10.960000038146973,10.670000076293945,10.710000038146973,36717700
2023-04-05,9.57697582244873,10.789999961853027,10.90999984741211,10.619999885559082,10.859999656677246,37293000
2023-04-06,9.49709415435791,10.699999809265137,10.949999809265137,10.630000114440918,10.850000381469727,29384200
2023-04-10,9.683484077453613,10.90999984741211,10.930000305175781,10.760000228881836,10.800000190734863,34926800
2023-04-11,10.322540283203125,11.630000114440918,11.65999984741211,11.010000228881836,11.0600004196167,69830300
2023-04-12,10.52668285369873,11.859999656677246,12.300000190734863,11.720000267028809,11.739999771118164,91951300
2023-04-13,10.420174598693848,11.739999771118164,11.829999923706055,11.329999923706055,11.800000190734863,43949700
2023-04-14,10.62431812286377,11.970000267028809,12.010000228881836,11.5,11.5600004196167,28644400
2023-04-17,10.668697357177734,12.020000457763672,12.079999923706055,11.880000114440918,12.0,28178600
2023-04-18,10.553312301635742,11.890000343322754,12.100000381469727,11.739999771118164,12.079999923706055,27824800
2023-04-19,10.28703784942627,11.59000015258789,11.829999923706055,11.520000457763672,11.729999542236328,39349300
2023-04-20,10.349167823791504,11.65999984741211,11.75,11.460000038146973,11.649999618530273,43532000
2023-04-24,10.437926292419434,11.760000228881836,11.979999542236328,11.529999732971191,11.729999542236328,36709200
2023-04-25,10.473428726196289,11.800000190734863,11.880000114440918,11.5,11.600000381469727,23753500
2023-04-26,9.985261917114258,11.25,11.819999694824219,11.210000038146973,11.800000190734863,43132700
2023-04-27,10.189403533935547,11.479999542236328,11.520000457763672,11.149999618530273,11.270000457763672,31864200
2023-04-28,10.366920471191406,11.680000305175781,11.770000457763672,11.350000381469727,11.5,34079100
2023-05-02,10.056266784667969,11.329999923706055,11.640000343322754,11.25,11.640000343322754,29412600
2023-05-03,10.216031074523926,11.510000228881836,11.640000343322754,11.279999732971191,11.300000190734863,24304700
2023-05-04,10.500054359436035,11.829999923706055,12.039999961853027,11.489999771118164,11.609999656677246,34923200
2023-05-05,11.085858345031738,12.489999771118164,12.6899995803833,11.960000038146973,11.960000038146973,55158000
2023-05-08,11.041479110717773,12.4399995803833,12.779999732971191,12.350000381469727,12.609999656677246,39099200
2023-05-09,11.147990226745605,12.5600004196167,12.720000267028809,12.300000190734863,12.369999885559082,29485100
2023-05-10,11.139113426208496,12.550000190734863,12.729999542236328,12.479999542236328,12.489999771118164,29982900
2023-05-11,11.343255996704102,12.779999732971191,12.84000015258789,12.359999656677246,12.4399995803833,41535400
2023-05-12,11.387635231018066,12.829999923706055,13.319999694824219,12.75,13.100000381469727,45257700
2023-05-15,11.53852367401123,13.0,13.09000015258789,12.770000457763672,12.90999984741211,26238500
2023-05-16,11.369884490966797,12.8100004196167,13.260000228881836,12.75,13.0,52790600
2023-05-17,11.82254695892334,13.319999694824219,13.420000076293945,12.920000076293945,12.949999809265137,75038500
2023-05-18,11.97343635559082,13.489999771118164,13.59000015258789,13.199999809265137,13.270000457763672,34511600
2023-05-19,12.035567283630371,13.5600004196167,13.829999923706055,13.350000381469727,13.600000381469727,58067000
2023-05-22,11.884678840637207,13.390000343322754,13.829999923706055,13.3100004196167,13.520000457763672,23668700
2023-05-23,11.724913597106934,13.210000038146973,13.520000457763672,13.039999961853027,13.470000267028809,59858100
2023-05-24,11.414263725280762,12.859999656677246,13.09000015258789,12.720000267028809,13.039999961853027,41907700
2023-05-25,11.698287963867188,13.180000305175781,13.539999961853027,12.970000267028809,13.130000114440918,61049000
2023-05-26,12.1243257522583,13.65999984741211,13.779999732971191,13.350000381469727,13.5,39033400
2023-05-29,12.008938789367676,13.529999732971191,13.710000038146973,13.449999809265137,13.649999618530273,13634900
2023-05-30,11.849177360534668,13.350000381469727,13.789999961853027,13.289999961853027,13.699999809265137,32065000
2023-05-31,11.82254695892334,13.319999694824219,13.579999923706055,13.130000114440918,13.369999885559082,70207400
2023-06-01,12.692376136779785,14.300000190734863,14.420000076293945,13.380000114440918,13.449999809265137,62415600
2023-06-02,12.798885345458984,14.420000076293945,14.6899995803833,14.260000228881836,14.5,44298200
2023-06-05,12.834389686584473,14.460000038146973,14.5600004196167,14.15999984741211,14.460000038146973,38760200
2023-06-06,12.790008544921875,14.40999984741211,14.699999809265137,14.260000228881836,14.510000228881836,57545900
2023-06-07,13.08290958404541,14.739999771118164,14.9399995803833,14.460000038146973,14.600000381469727,52360700
2023-06-09,13.047408103942871,14.699999809265137,15.229999542236328,14.6899995803833,14.949999809265137,34786500
2023-06-12,13.224922180175781,14.899999618530273,15.029999732971191,14.710000038146973,14.710000038146973,24345700
2023-06-13,12.96752643585205,14.609999656677246,14.930000305175781,14.479999542236328,14.90999984741211,39692100
2023-06-14,13.508946418762207,15.220000267028809,15.260000228881836,14.609999656677246,14.699999809265137,62913200
2023-06-15,13.056283950805664,14.710000038146973,15.34000015258789,14.670000076293945,15.140000343322754,53533200
2023-06-16,12.976400375366211,14.619999885559082,14.859999656677246,14.520000457763672,14.609999656677246,68342600
2023-06-19,13.136164665222168,14.800000190734863,14.84000015258789,14.5600004196167,14.609999656677246,42441300
2023-06-20,13.074033737182617,14.729999542236328,14.930000305175781,14.479999542236328,14.8100004196167,47421200
2023-06-21,12.99415397644043,14.640000343322754,14.8100004196167,14.529999732971191,14.699999809265137,30520800
2023-06-22,12.603617668151855,14.199999809265137,14.600000381469727,14.109999656677246,14.59000015258789,49202600
2023-06-23,12.80776309967041,14.430000305175781,14.539999961853027,14.020000457763672,14.100000381469727,31737600
2023-06-26,12.470481872558594,14.050000190734863,14.4399995803833,13.880000114440918,14.289999961853027,29644200
2023-06-27,12.479357719421387,14.0600004196167,14.319999694824219,13.729999542236328,14.199999809265137,35632400
2023-06-28,12.484148025512695,13.949999809265137,14.180000305175781,13.819999694824219,13.949999809265137,22922900
2023-06-29,13.101643562316895,14.640000343322754,14.779999732971191,13.979999542236328,13.979999542236328,42656500
2023-06-30,13.074798583984375,14.609999656677246,14.960000038146973,14.539999961853027,14.8100004196167,38902400
2023-07-03,13.361170768737793,14.930000305175781,14.979999542236328,14.649999618530273,14.649999618530273,22343500
2023-07-04,13.191134452819824,14.739999771118164,14.989999771118164,14.6899995803833,14.989999771118164,10252000
2023-07-05,13.1821870803833,14.729999542236328,15.0,14.59000015258789,14.729999542236328,39425800
2023-07-06,12.689979553222656,14.180000305175781,14.729999542236328,14.109999656677246,14.59000015258789,43151400
2023-07-07,12.851065635681152,14.359999656677246,14.579999923706055,14.0600004196167,14.199999809265137,47396100
2023-07-10,12.600488662719727,14.079999923706055,14.350000381469727,13.930000305175781,14.329999923706055,25239000
2023-07-11,12.466249465942383,13.930000305175781,14.079999923706055,13.539999961853027,13.989999771118164,32768300
2023-07-12,12.75262451171875,14.25,14.569999694824219,14.210000038146973,14.210000038146973,37836700
2023-07-13,13.030050277709961,14.5600004196167,14.729999542236328,14.25,14.25,25340200
2023-07-14,12.931609153747559,14.449999809265137,14.600000381469727,14.1899995803833,14.5,32317300
2023-07-17,13.056897163391113,14.59000015258789,14.649999618530273,14.140000343322754,14.260000228881836,16540300
2023-07-18,13.164289474487305,14.710000038146973,14.800000190734863,14.399999618530273,14.40999984741211,22752800
2023-07-19,13.06584644317627,14.600000381469727,14.760000228881836,14.460000038146973,14.75,22543400
2023-07-20,13.074798583984375,14.609999656677246,14.800000190734863,14.550000190734863,14.699999809265137,27346100
2023-07-21,13.575950622558594,15.170000076293945,15.329999923706055,14.640000343322754,14.710000038146973,36324700
2023-07-24,13.513307571411133,15.100000381469727,15.300000190734863,14.890000343322754,15.210000038146973,35365600
2023-07-25,13.414867401123047,14.989999771118164,15.520000457763672,14.880000114440918,15.430000305175781,33907800
2023-07-26,13.379068374633789,14.949999809265137,15.029999732971191,14.699999809265137,14.829999923706055,16803100
2023-07-27,13.06584644317627,14.600000381469727,15.1899995803833,14.539999961853027,15.0,18122100
2023-07-28,13.173238754272461,14.720000267028809,14.920000076293945,14.5600004196167,14.850000381469727,20678900
2023-07-31,13.334322929382324,14.899999618530273,15.149999618530273,14.8100004196167,14.819999694824219,20469500
2023-08-01,13.191134452819824,14.739999771118164,14.869999885559082,14.579999923706055,14.789999961853027,29131900
2023-08-02,13.21798324584961,14.770000457763672,14.869999885559082,14.460000038146973,14.739999771118164,14511700
2023-08-03,13.307475090026855,14.869999885559082,15.319999694824219,14.779999732971191,14.930000305175781,32157800
2023-08-04,13.164289474487305,14.710000038146973,15.069999694824219,14.609999656677246,14.699999809265137,18993900
2023-08-07,13.092695236206055,14.630000114440918,14.789999961853027,14.550000190734863,14.6899995803833,17176300
2023-08-08,12.967406272888184,14.489999771118164,14.649999618530273,14.239999771118164,14.449999809265137,25580600
2023-08-09,12.797370910644531,14.300000190734863,14.630000114440918,14.270000457763672,14.300000190734863,37477400
2023-08-10,12.770524978637695,14.270000457763672,14.489999771118164,14.15999984741211,14.329999923706055,31159500
2023-08-11,12.707878112792969,14.199999809265137,14.4399995803833,13.960000038146973,14.199999809265137,29388400
2023-08-14,12.627334594726562,14.109999656677246,14.229999542236328,13.920000076293945,14.119999885559082,30624900
2023-08-15,12.546792984008789,14.020000457763672,14.210000038146973,13.920000076293945,14.210000038146973,27479400
2023-08-16,12.358860969543457,13.8100004196167,14.149999618530273,13.760000228881836,14.050000190734863,25879800
2023-08-17,12.018791198730469,13.430000305175781,13.930000305175781,13.399999618530273,13.850000381469727,32134200
2023-08-18,12.224621772766113,13.65999984741211,13.8100004196167,13.289999961853027,13.390000343322754,25224400
2023-08-21,12.0635347366333,13.479999542236328,13.65999984741211,13.449999809265137,13.550000190734863,16772100
2023-08-22,12.403604507446289,13.859999656677246,13.869999885559082,13.539999961853027,13.630000114440918,20905700
2023-08-23,12.707878112792969,14.199999809265137,14.210000038146973,13.819999694824219,13.859999656677246,30804700
2023-08-24,12.25146770477295,13.6899995803833,14.140000343322754,13.619999885559082,14.09000015258789,30727700
2023-08-25,12.072484016418457,13.489999771118164,13.770000457763672,13.359999656677246,13.649999618530273,28332000
2023-08-28,12.108282089233398,13.529999732971191,13.640000343322754,13.369999885559082,13.529999732971191,25801600
2023-08-29,12.14407730102539,13.569999694824219,13.710000038146973,13.369999885559082,13.640000343322754,40507700
2023-08-30,11.830855369567871,13.220000267028809,13.640000343322754,13.170000076293945,13.59000015258789,30929000
2023-08-31,11.571329116821289,12.930000305175781,13.149999618530273,12.84000015258789,13.149999618530273,42215000
2023-09-01,11.616073608398438,12.979999542236328,13.100000381469727,12.640000343322754,12.859999656677246,52408300
2023-09-04,11.687668800354004,13.0600004196167,13.239999771118164,12.960000038146973,13.010000228881836,19274900
2023-09-05,11.428142547607422,12.770000457763672,13.0,12.699999809265137,12.960000038146973,34042400
2023-09-06,11.222311019897461,12.539999961853027,12.850000381469727,12.529999732971191,12.760000228881836,27071200
2023-09-08,11.222311019897461,12.539999961853027,12.619999885559082,12.359999656677246,12.470000267028809,31896700
2023-09-11,11.55342960357666,12.90999984741211,12.970000267028809,12.579999923706055,12.640000343322754,32550700
2023-09-12,11.777161598205566,13.15999984741211,13.239999771118164,12.84000015258789,12.920000076293945,29782800
2023-09-13,11.821906089782715,13.210000038146973,13.430000305175781,13.050000190734863,13.229999542236328,28936200
2023-09-14,11.902451515197754,13.300000190734863,13.380000114440918,13.0,13.210000038146973,27146800
2023-09-15,11.812957763671875,13.199999809265137,13.390000343322754,13.1899995803833,13.319999694824219,36593100
2023-09-18,11.705564498901367,13.079999923706055,13.34000015258789,13.020000457763672,13.279999732971191,15670500
2023-09-19,11.56238079071045,12.920000076293945,13.149999618530273,12.8100004196167,13.079999923706055,21640500
2023-09-20,11.750312805175781,13.130000114440918,13.350000381469727,12.970000267028809,12.970000267028809,30619100
2023-09-21,11.26705551147461,12.59000015258789,12.989999771118164,12.569999694824219,12.84000015258789,40628500
2023-09-22,11.127809524536133,12.329999923706055,12.630000114440918,12.319999694824219,12.539999961853027,29941600
2023-09-25,11.136833190917969,12.34000015258789,12.479999542236328,12.3100004196167,12.4399995803833,30433600
2023-09-26,10.893159866333008,12.069999694824219,12.319999694824219,11.989999771118164,12.199999809265137,51265700
2023-09-27,10.857059478759766,12.029999732971191,12.289999961853027,11.880000114440918,12.109999656677246,44300700
2023-09-28,11.019509315490723,12.210000038146973,12.260000228881836,11.970000267028809,12.0600004196167,31834700
2023-09-29,11.09170913696289,12.289999961853027,12.489999771118164,12.130000114440918,12.420000076293945,23002700
2023-10-02,10.829984664916992,12.0,12.270000457763672,11.850000381469727,12.180000305175781,26431000
2023-10-03,10.369709968566895,11.489999771118164,11.960000038146973,11.329999923706055,11.880000114440918,51682100
2023-10-04,10.703632354736328,11.859999656677246,11.890000343322754,11.510000228881836,11.619999885559082,32895300
2023-10-05,10.586307525634766,11.729999542236328,12.0,11.539999961853027,11.850000381469727,25192200
2023-10-06,10.685585021972656,11.84000015258789,11.930000305175781,11.399999618530273,11.510000228881836,52568200
2023-10-09,10.631433486938477,11.779999732971191,11.880000114440918,11.5600004196167,11.75,34445400
2023-10-10,10.875109672546387,12.050000190734863,12.170000076293945,11.789999961853027,11.789999961853027,43373800
2023-10-11,10.857059478759766,12.029999732971191,12.130000114440918,11.90999984741211,12.119999885559082,25967000
2023-10-13,10.468985557556152,11.600000381469727,11.9399995803833,11.550000190734863,11.9399995803833,31360700
2023-10-16,10.595335960388184,11.739999771118164,11.880000114440918,11.649999618530273,11.670000076293945,18822000
2023-10-17,10.171160697937012,11.270000457763672,11.609999656677246,11.199999809265137,11.5600004196167,78125700
2023-10-18,10.044811248779297,11.130000114440918,11.34000015258789,11.029999732971191,11.149999618530273,71398700
2023-10-19,9.927485466003418,11.0,11.289999961853027,10.989999771118164,11.199999809265137,45432400
2023-10-20,10.062859535217285,11.149999618530273,11.210000038146973,10.949999809265137,10.979999542236328,40978900
2023-10-23,10.207261085510254,11.3100004196167,11.420000076293945,11.010000228881836,11.0600004196167,29667800
2023-10-24,10.468985557556152,11.600000381469727,11.720000267028809,11.3100004196167,11.399999618530273,54908300
2023-10-25,10.414834022521973,11.539999961853027,11.829999923706055,11.489999771118164,11.539999961853027,71753900
2023-10-26,10.586307525634766,11.729999542236328,11.789999961853027,11.520000457763672,11.65999984741211,45057800
2023-10-27,10.10798454284668,11.199999809265137,11.75,11.140000343322754,11.699999809265137,39597000
2023-10-30,9.99968433380127,11.079999923706055,11.369999885559082,11.039999961853027,11.300000190734863,39671100
2023-10-31,10.01773738861084,11.100000381469727,11.289999961853027,11.020000457763672,11.100000381469727,37086000
2023-11-01,10.423860549926758,11.550000190734863,11.649999618530273,11.130000114440918,11.140000343322754,44636800
2023-11-03,11.019509315490723,12.210000038146973,12.3100004196167,11.829999923706055,11.850000381469727,66501900
2023-11-06,11.046584129333496,12.239999771118164,12.34000015258789,12.050000190734863,12.329999923706055,33391600
2023-11-07,11.245134353637695,12.460000038146973,12.680000305175781,12.170000076293945,12.279999732971191,48835200
2023-11-08,11.254158020019531,12.470000267028809,12.630000114440918,12.3100004196167,12.579999923706055,28362600
2023-11-09,11.154885292053223,12.359999656677246,12.6899995803833,12.279999732971191,12.59000015258789,25942900
2023-11-10,11.696380615234375,12.960000038146973,12.989999771118164,12.34000015258789,12.359999656677246,36346300
2023-11-13,11.218058586120605,12.430000305175781,12.569999694824219,12.279999732971191,12.550000190734863,42165300
2023-11-14,11.42563247680664,12.65999984741211,12.970000267028809,12.359999656677246,12.5,45235100
2023-11-16,11.660284042358398,12.920000076293945,13.029999732971191,12.569999694824219,12.65999984741211,39109300
2023-11-17,11.488807678222656,12.729999542236328,13.029999732971191,12.729999542236328,13.0,44472400
2023-11-20,11.831758499145508,13.109999656677246,13.220000267028809,12.779999732971191,12.829999923706055,23900400
2023-11-21,11.588083267211914,12.84000015258789,13.100000381469727,12.800000190734863,13.020000457763672,25672000
2023-11-22,11.750534057617188,13.020000457763672,13.289999961853027,12.960000038146973,13.100000381469727,33864800
2023-11-23,11.885908126831055,13.170000076293945,13.229999542236328,13.010000228881836,13.069999694824219,7965100
2023-11-24,11.660284042358398,12.920000076293945,13.149999618530273,12.850000381469727,13.149999618530273,20559200
2023-11-27,11.660284042358398,12.920000076293945,13.0600004196167,12.680000305175781,12.989999771118164,27004700
2023-11-28,11.93103313446045,13.220000267028809,13.420000076293945,12.850000381469727,12.890000343322754,35096600
2023-11-29,11.958106994628906,13.25,13.449999809265137,13.1899995803833,13.359999656677246,57656100
2023-11-30,12.00323486328125,13.300000190734863,13.449999809265137,13.069999694824219,13.390000343322754,43356300
2023-12-01,12.210807800292969,13.529999732971191,13.5600004196167,13.180000305175781,13.329999923706055,28188700
2023-12-04,12.219832420349121,13.539999961853027,13.640000343322754,13.399999618530273,13.449999809265137,45646100
2023-12-05,12.1386079788208,13.449999809265137,13.539999961853027,13.25,13.25,40133100
2023-12-06,11.940056800842285,13.229999542236328,13.600000381469727,13.149999618530273,13.550000190734863,41140900
2023-12-07,11.994208335876465,13.289999961853027,13.399999618530273,13.15999984741211,13.279999732971191,19636000
2023-12-08,12.219832420349121,13.539999961853027,13.720000267028809,13.170000076293945,13.289999961853027,31813900
2023-12-11,12.571805953979492,13.930000305175781,13.930000305175781,13.479999542236328,13.5,39856100
2023-12-12,12.49960708618164,13.850000381469727,14.0,13.800000190734863,14.0,44275900
2023-12-13,13.02305793762207,14.430000305175781,14.5600004196167,13.609999656677246,13.789999961853027,64190500
2023-12-14,13.384055137634277,14.829999923706055,15.130000114440918,14.550000190734863,14.600000381469727,69818600
2023-12-15,13.239654541015625,14.670000076293945,14.949999809265137,14.5,14.899999618530273,52175400
2023-12-18,13.302830696105957,14.739999771118164,14.949999809265137,14.609999656677246,14.65999984741211,22756700
2023-12-19,13.131357192993164,14.550000190734863,14.90999984741211,14.520000457763672,14.75,30892100
2023-12-20,12.788405418395996,14.170000076293945,14.649999618530273,14.15999984741211,14.510000228881836,34277600
2023-12-21,13.0772066116333,14.489999771118164,14.569999694824219,14.300000190734863,14.479999542236328,29293900
2023-12-22,13.095254898071289,14.510000228881836,14.649999618530273,14.380000114440918,14.489999771118164,28239600
2023-12-26,13.230630874633789,14.65999984741211,14.739999771118164,14.520000457763672,14.579999923706055,10881600
2023-12-27,13.158430099487305,14.579999923706055,14.729999542236328,14.470000267028809,14.609999656677246,16243800
2023-12-28,13.131357192993164,14.550000190734863,14.670000076293945,14.449999809265137,14.520000457763672,20491200
2024-01-02,12.877370834350586,14.170000076293945,14.399999618530273,14.020000457763672,14.3100004196167,30729000
2024-01-03,12.841019630432129,14.130000114440918,14.279999732971191,13.979999542236328,14.180000305175781,43928000
2024-01-04,12.468421936035156,13.720000267028809,14.119999885559082,13.670000076293945,14.109999656677246,41789500
2024-01-05,12.695615768432617,13.970000267028809,14.069999694824219,13.640000343322754,13.670000076293945,39303900
2024-01-08,12.977335929870605,14.279999732971191,14.3100004196167,13.850000381469727,13.859999656677246,27469900
2024-01-09,12.77740478515625,14.0600004196167,14.140000343322754,13.930000305175781,14.069999694824219,30342700
2024-01-10,12.650175094604492,13.920000076293945,14.180000305175781,13.899999618530273,14.050000190734863,20165800
2024-01-11,12.677438735961914,13.949999809265137,14.050000190734863,13.65999984741211,13.9399995803833,23289000
2024-01-12,12.813755989074707,14.100000381469727,14.239999771118164,13.960000038146973,14.0,24421600
2024-01-15,12.841019630432129,14.130000114440918,14.149999618530273,13.989999771118164,14.100000381469727,13922400
2024-01-16,12.704702377319336,13.979999542236328,14.170000076293945,13.899999618530273,14.0,36138100
2024-01-17,12.477507591247559,13.729999542236328,14.0,13.710000038146973,13.970000267028809,26273900
2024-01-18,12.586563110351562,13.850000381469727,13.9399995803833,13.699999809265137,13.869999885559082,30560300
2024-01-19,12.532034873962402,13.789999961853027,13.960000038146973,13.539999961853027,13.850000381469727,36625000
2024-01-22,12.250313758850098,13.479999542236328,13.850000381469727,13.369999885559082,13.789999961853027,22740300
2024-01-23,12.477507591247559,13.729999542236328,13.819999694824219,13.5,13.579999923706055,30925900
2024-01-24,12.386631965637207,13.630000114440918,14.039999961853027,13.630000114440918,13.930000305175781,20000600
2024-01-25,12.204877853393555,13.430000305175781,13.75,13.420000076293945,13.630000114440918,24605800
2024-01-26,12.014031410217285,13.220000267028809,13.420000076293945,13.180000305175781,13.239999771118164,36744500
2024-01-29,12.00494384765625,13.210000038146973,13.319999694824219,13.09000015258789,13.25,19832000
2024-01-30,11.814101219177246,13.0,13.260000228881836,12.930000305175781,13.260000228881836,31869100
2024-01-31,11.895890235900879,13.09000015258789,13.359999656677246,13.010000228881836,13.020000457763672,29470800
2024-02-01,12.077645301818848,13.289999961853027,13.289999961853027,12.979999542236328,13.109999656677246,38297200
2024-02-02,11.96859359741211,13.170000076293945,13.369999885559082,12.979999542236328,13.260000228881836,52712700
2024-02-05,11.877716064453125,13.069999694824219,13.260000228881836,12.960000038146973,13.170000076293945,23037300
2024-02-06,12.00494384765625,13.210000038146973,13.380000114440918,13.079999923706055,13.100000381469727,39654300
2024-02-07,12.204877853393555,13.430000305175781,13.430000305175781,13.039999961853027,13.210000038146973,31385600
2024-02-08,11.95950698852539,13.15999984741211,13.5,13.119999885559082,13.489999771118164,30911000
2024-02-09,12.032206535339355,13.239999771118164,13.329999923706055,13.069999694824219,13.109999656677246,76235100
2024-02-14,11.686871528625488,12.859999656677246,13.1899995803833,12.829999923706055,13.100000381469727,37596000
2024-02-15,11.532381057739258,12.6899995803833,12.970000267028809,12.65999984741211,12.970000267028809,44655800
2024-02-16,11.568731307983398,12.729999542236328,12.789999961853027,12.600000381469727,12.75,66965300
2024-02-19,11.532381057739258,12.6899995803833,12.770000457763672,12.569999694824219,12.710000038146973,14486700
2024-02-20,11.759574890136719,12.9399995803833,12.989999771118164,12.609999656677246,12.609999656677246,47432000
2024-02-21,11.641433715820312,12.8100004196167,12.9399995803833,12.739999771118164,12.899999618530273,36621400
2024-02-22,11.496027946472168,12.649999618530273,12.930000305175781,12.640000343322754,12.930000305175781,27702400
2024-02-23,11.314271926879883,12.449999809265137,12.729999542236328,12.109999656677246,12.609999656677246,62080800
2024-02-26,11.341536521911621,12.479999542236328,12.579999923706055,12.430000305175781,12.449999809265137,31223700
2024-02-27,11.586906433105469,12.75,12.8100004196167,12.569999694824219,12.670000076293945,42297000
2024-02-28,11.492717742919922,12.579999923706055,12.649999618530273,12.369999885559082,12.59000015258789,25756200
2024-02-29,11.721111297607422,12.829999923706055,12.890000343322754,12.489999771118164,12.5600004196167,68497700
2024-03-01,11.34654712677002,12.420000076293945,12.760000228881836,12.420000076293945,12.520000457763672,69636300
2024-03-04,11.236919403076172,12.300000190734863,12.4399995803833,12.260000228881836,12.420000076293945,32530100
2024-03-05,11.136425018310547,12.1899995803833,12.40999984741211,12.109999656677246,12.390000343322754,41616100
2024-03-06,11.191239356994629,12.25,12.359999656677246,12.140000343322754,12.279999732971191,64366000
2024-03-07,11.25518798828125,12.319999694824219,12.399999618530273,12.109999656677246,12.239999771118164,43360500
2024-03-08,11.383089065551758,12.460000038146973,12.569999694824219,12.180000305175781,12.229999542236328,62540000
2024-03-11,11.492717742919922,12.579999923706055,12.720000267028809,12.359999656677246,12.359999656677246,34745900
2024-03-12,11.71197509765625,12.819999694824219,12.899999618530273,12.640000343322754,12.739999771118164,44590800
2024-03-13,11.657161712646484,12.760000228881836,12.960000038146973,12.729999542236328,12.739999771118164,32177000
2024-03-14,11.428768157958984,12.510000228881836,12.760000228881836,12.40999984741211,12.710000038146973,39623100
2024-03-15,11.264325141906738,12.329999923706055,12.59000015258789,12.3100004196167,12.470000267028809,46402500
2024-03-18,11.291731834411621,12.359999656677246,12.489999771118164,12.239999771118164,12.369999885559082,17929500
2024-03-19,11.246052742004395,12.3100004196167,12.460000038146973,12.180000305175781,12.399999618530273,21266300
2024-03-20,11.648024559020996,12.75,12.829999923706055,12.279999732971191,12.3100004196167,30160800
2024-03-21,11.328274726867676,12.399999618530273,12.779999732971191,12.399999618530273,12.770000457763672,34768100
2024-03-22,10.962847709655762,12.0,12.329999923706055,12.0,12.239999771118164,60130400
2024-03-25,10.871489524841309,11.899999618530273,12.109999656677246,11.899999618530273,11.979999542236328,43172300
2024-03-26,10.871489524841309,11.899999618530273,12.079999923706055,11.829999923706055,11.899999618530273,54494400
2024-03-27,11.02973747253418,12.020000457763672,12.020000457763672,11.779999732971191,11.819999694824219,22829000
2024-03-28,11.002204895019531,11.989999771118164,12.130000114440918,11.930000305175781,11.979999542236328,20303900
2024-04-01,10.800331115722656,11.770000457763672,12.109999656677246,11.729999542236328,12.0600004196167,48653200
2024-04-02,10.763626098632812,11.729999542236328,11.850000381469727,11.619999885559082,11.819999694824219,61624700
2024-04-03,10.73609733581543,11.699999809265137,11.779999732971191,11.510000228881836,11.760000228881836,61062600
2024-04-04,10.974678993225098,11.960000038146973,12.239999771118164,11.90999984741211,11.989999771118164,72579200
2024-04-05,11.011384010314941,12.0,12.199999809265137,11.90999984741211,12.130000114440918,45683100
2024-04-08,11.130671501159668,12.130000114440918,12.199999809265137,12.0,12.149999618530273,33474500
2024-04-09,11.369253158569336,12.390000343322754,12.40999984741211,11.979999542236328,12.130000114440918,37588600
2024-04-10,10.974678993225098,11.960000038146973,12.319999694824219,11.899999618530273,12.289999961853027,50523500
2024-04-11,10.993029594421387,11.979999542236328,12.0600004196167,11.829999923706055,11.9399995803833,37532200
2024-04-12,10.745275497436523,11.710000038146973,11.989999771118164,11.710000038146973,11.90999984741211,38489000
2024-04-15,10.534223556518555,11.479999542236328,11.770000457763672,11.34000015258789,11.720000267028809,51176300
2024-04-16,10.396580696105957,11.329999923706055,11.460000038146973,11.149999618530273,11.34000015258789,49107500
2024-04-17,10.313995361328125,11.239999771118164,11.489999771118164,11.140000343322754,11.369999885559082,48295800
2024-04-18,10.222233772277832,11.140000343322754,11.380000114440918,11.050000190734863,11.199999809265137,39453700
2024-04-19,10.258938789367676,11.180000305175781,11.329999923706055,11.119999885559082,11.140000343322754,39339300
2024-04-22,10.341524124145508,11.270000457763672,11.34000015258789,11.170000076293945,11.199999809265137,31325900
2024-04-23,10.176353454589844,11.09000015258789,11.239999771118164,11.039999961853027,11.149999618530273,44050500
2024-04-24,10.038710594177246,10.9399995803833,11.100000381469727,10.890000343322754,11.079999923706055,45024900
2024-04-25,9.937773704528809,10.829999923706055,10.9399995803833,10.75,10.90999984741211,32548600
2024-04-26,10.29564380645752,11.220000267028809,11.270000457763672,10.869999885559082,10.970000267028809,60635700
2024-04-29,10.222233772277832,11.140000343322754,11.3100004196167,11.09000015258789,11.199999809265137,43235700
2024-04-30,9.901068687438965,10.789999961853027,11.079999923706055,10.569999694824219,11.079999923706055,84850200
2024-05-02,10.148825645446777,11.0600004196167,11.119999885559082,10.800000190734863,10.979999542236328,45228600
2024-05-03,10.451639175415039,11.390000343322754,11.609999656677246,11.25,11.34000015258789,90899800
2024-05-06,10.561752319335938,11.510000228881836,11.579999923706055,11.34000015258789,11.359999656677246,42966900
2024-05-07,10.625984191894531,11.579999923706055,11.770000457763672,11.579999923706055,11.729999542236328,34889000
2024-05-08,10.708571434020996,11.670000076293945,11.710000038146973,11.470000267028809,11.520000457763672,31077900
2024-05-09,10.286466598510742,11.210000038146973,11.510000228881836,11.079999923706055,11.460000038146973,68966400
2024-05-10,10.038710594177246,10.9399995803833,11.4399995803833,10.920000076293945,11.149999618530273,118753800
2024-05-13,10.30482006072998,11.229999542236328,11.289999961853027,10.920000076293945,10.949999809265137,77187400
2024-05-14,10.525046348571777,11.470000267028809,11.600000381469727,11.289999961853027,11.300000190734863,67138300
2024-05-15,10.561752319335938,11.510000228881836,11.720000267028809,11.470000267028809,11.5,41176000
2024-05-16,10.625984191894531,11.579999923706055,11.670000076293945,11.449999809265137,11.600000381469727,32593500
2024-05-17,10.479166030883789,11.420000076293945,11.609999656677246,11.3100004196167,11.520000457763672,40678300
2024-05-20,10.488343238830566,11.430000305175781,11.5,11.170000076293945,11.270000457763672,44273000
2024-05-21,10.469990730285645,11.40999984741211,11.5,11.279999732971191,11.279999732971191,33561200
2024-05-22,10.148825645446777,11.0600004196167,11.380000114440918,11.050000190734863,11.289999961853027,57305300
2024-05-23,10.19470500946045,11.109999656677246,11.260000228881836,10.930000305175781,11.050000190734863,54028500
2024-05-24,10.222233772277832,11.140000343322754,11.220000267028809,11.010000228881836,11.079999923706055,26333100
2024-05-27,10.185531616210938,11.100000381469727,11.239999771118164,11.020000457763672,11.149999618530273,14463100
2024-05-28,10.158000946044922,11.069999694824219,11.260000228881836,11.029999732971191,11.210000038146973,39515600
2024-05-29,9.983654022216797,10.880000114440918,11.140000343322754,10.850000381469727,10.989999771118164,61738900
2024-05-31,9.81848430633545,10.699999809265137,10.880000114440918,10.699999809265137,10.880000114440918,74029300
2024-06-03,9.809307098388672,10.6899995803833,10.850000381469727,10.65999984741211,10.739999771118164,38467100
2024-06-04,9.827658653259277,10.710000038146973,10.819999694824219,10.640000343322754,10.699999809265137,23975600
2024-06-05,9.855189323425293,10.739999771118164,10.8100004196167,10.649999618530273,10.710000038146973,33540500
2024-06-06,10.167179107666016,11.079999923706055,11.149999618530273,10.720000267028809,10.739999771118164,37945300
2024-06-07,9.864364624023438,10.75,10.989999771118164,10.729999542236328,10.899999618530273,29214600
2024-06-10,9.625783920288086,10.489999771118164,10.770000457763672,10.489999771118164,10.75,31506500
2024-06-11,9.680841445922852,10.550000190734863,10.649999618530273,10.5,10.579999923706055,46968400
2024-06-12,9.543198585510254,10.399999618530273,10.729999542236328,10.270000457763672,10.699999809265137,53011400
2024-06-13,9.249561309814453,10.079999923706055,10.390000343322754,10.050000190734863,10.3100004196167,80030000
2024-06-14,9.515669822692871,10.369999885559082,10.420000076293945,10.050000190734863,10.100000381469727,33385900
2024-06-17,9.690017700195312,10.5600004196167,10.569999694824219,10.289999961853027,10.300000190734863,36269600
2024-06-18,9.7358980178833,10.609999656677246,10.710000038146973,10.460000038146973,10.5,39203100
2024-06-19,9.67677116394043,10.460000038146973,10.539999961853027,10.289999961853027,10.4399995803833,31571600
2024-06-20,9.547253608703613,10.319999694824219,10.649999618530273,10.300000190734863,10.609999656677246,35005600
2024-06-21,9.612011909484863,10.390000343322754,10.4399995803833,10.279999732971191,10.329999923706055,52259900
2024-06-24,9.723026275634766,10.510000228881836,10.670000076293945,10.380000114440918,10.470000267028809,25130500
2024-06-25,9.547253608703613,10.319999694824219,10.479999542236328,10.279999732971191,10.470000267028809,33772800
2024-06-26,9.454742431640625,10.220000267028809,10.279999732971191,10.069999694824219,10.140000343322754,47855200
2024-06-27,9.621262550354004,10.399999618530273,10.430000305175781,10.1899995803833,10.229999542236328,24010200
2024-06-28,9.473243713378906,10.239999771118164,10.430000305175781,10.140000343322754,10.390000343322754,25537700
2024-07-01,9.68602180480957,10.470000267028809,10.520000457763672,10.1899995803833,10.229999542236328,48451600
2024-07-02,9.667518615722656,10.449999809265137,10.550000190734863,10.40999984741211,10.489999771118164,44061200
2024-07-03,9.649017333984375,10.430000305175781,10.630000114440918,10.420000076293945,10.59000015258789,53846200
2024-07-04,9.787784576416016,10.579999923706055,10.649999618530273,10.460000038146973,10.489999771118164,42220000
2024-07-05,9.732277870178223,10.520000457763672,10.640000343322754,10.399999618530273,10.640000343322754,24797300
2024-07-08,9.889548301696777,10.6899995803833,10.760000228881836,10.430000305175781,10.430000305175781,45874000
2024-07-09,9.824790000915527,10.619999885559082,10.739999771118164,10.5600004196167,10.680000305175781,23203400
2024-07-10,9.926552772521973,10.729999542236328,10.729999542236328,10.630000114440918,10.699999809265137,44543000
2024-07-11,10.2225923538208,11.050000190734863,11.109999656677246,10.729999542236328,10.84000015258789,60570000
2024-07-12,10.648148536682129,11.510000228881836,11.520000457763672,11.029999732971191,11.050000190734863,69549900
2024-07-15,10.60189151763916,11.460000038146973,11.5600004196167,11.430000305175781,11.5,25362600
2024-07-16,10.620394706726074,11.479999542236328,11.6899995803833,11.449999809265137,11.449999809265137,27642600
2024-07-17,10.629645347595215,11.489999771118164,11.5600004196167,11.399999618530273,11.510000228881836,32806900
2024-07-18,10.333606719970703,11.170000076293945,11.510000228881836,11.130000114440918,11.420000076293945,46897800
2024-07-19,10.333606719970703,11.170000076293945,11.359999656677246,11.149999618530273,11.220000267028809,25877800
2024-07-22,10.444620132446289,11.289999961853027,11.4399995803833,11.130000114440918,11.180000305175781,17799800
2024-07-23,10.34285831451416,11.180000305175781,11.319999694824219,11.170000076293945,11.289999961853027,20302200
2024-07-24,10.204089164733887,11.029999732971191,11.15999984741211,11.029999732971191,11.109999656677246,18716400
2024-07-25,10.083824157714844,10.899999618530273,11.0600004196167,10.819999694824219,10.970000267028809,16615700
2024-07-26,10.130080223083496,10.949999809265137,11.039999961853027,10.8100004196167,10.880000114440918,19124000
2024-07-29,10.037568092346191,10.850000381469727,10.979999542236328,10.819999694824219,10.949999809265137,16649600
2024-07-30,9.954306602478027,10.760000228881836,10.84000015258789,10.680000305175781,10.779999732971191,21917500
2024-07-31,10.037568092346191,10.850000381469727,10.859999656677246,10.670000076293945,10.779999732971191,32559100
2024-08-01,10.056069374084473,10.869999885559082,11.260000228881836,10.770000457763672,10.869999885559082,46829600
2024-08-02,10.046817779541016,10.859999656677246,11.079999923706055,10.760000228881836,10.899999618530273,51921800
2024-08-05,10.046817779541016,10.859999656677246,10.869999885559082,10.430000305175781,10.470000267028809,39632900
2024-08-06,10.074573516845703,10.890000343322754,11.069999694824219,10.609999656677246,10.979999542236328,31887700
2024-08-07,10.305852890014648,11.140000343322754,11.170000076293945,10.920000076293945,10.979999542236328,26401800
2024-08-08,10.500127792358398,11.350000381469727,11.359999656677246,11.09000015258789,11.149999618530273,25036600
2024-08-09,11.119961738586426,12.020000457763672,12.130000114440918,11.609999656677246,11.710000038146973,57161200
2024-08-12,11.286482810974121,12.199999809265137,12.289999961853027,12.039999961853027,12.09000015258789,43079700
2024-08-13,11.693534851074219,12.640000343322754,12.640000343322754,12.239999771118164,12.289999961853027,42332500
2024-08-14,11.749042510986328,12.699999809265137,12.800000190734863,12.520000457763672,12.649999618530273,44443400
2024-08-15,11.758294105529785,12.710000038146973,12.829999923706055,12.609999656677246,12.699999809265137,25924400
2024-08-16,11.554768562316895,12.489999771118164,12.920000076293945,12.40999984741211,12.800000190734863,32001400
2024-08-19,11.83230209350586,12.789999961853027,12.90999984741211,12.550000190734863,12.609999656677246,31024400
2024-08-20,11.934065818786621,12.899999618530273,13.020000457763672,12.760000228881836,12.770000457763672,47554300
2024-08-21,11.98957347869873,12.960000038146973,12.960000038146973,12.829999923706055,12.960000038146973,55896700
2024-08-22,11.60102367401123,12.539999961853027,12.960000038146973,12.5,12.890000343322754,43486300
2024-08-23,11.786046981811523,12.739999771118164,12.850000381469727,12.539999961853027,12.649999618530273,58243700
2024-08-26,11.841554641723633,12.800000190734863,12.850000381469727,12.699999809265137,12.800000190734863,29501300
2024-08-27,11.702786445617676,12.649999618530273,12.829999923706055,12.619999885559082,12.800000190734863,39600600
2024-08-28,11.749042510986328,12.699999809265137,12.760000228881836,12.5600004196167,12.569999694824219,30210200
2024-08-29,11.60102367401123,12.539999961853027,12.670000076293945,12.430000305175781,12.600000381469727,39235500
2024-08-30,11.73054027557373,12.680000305175781,12.699999809265137,12.369999885559082,12.430000305175781,118454800
2024-09-02,11.499260902404785,12.430000305175781,12.640000343322754,12.369999885559082,12.59000015258789,15680500
2024-09-03,11.240226745605469,12.149999618530273,12.520000457763672,12.119999885559082,12.449999809265137,38221000
2024-09-04,11.610275268554688,12.550000190734863,12.770000457763672,12.119999885559082,12.119999885559082,44741500
2024-09-05,11.647279739379883,12.59000015258789,12.600000381469727,12.430000305175781,12.529999732971191,18944700
2024-09-06,11.314234733581543,12.229999542236328,12.550000190734863,12.220000267028809,12.510000228881836,27784200
2024-09-09,11.378995895385742,12.300000190734863,12.329999923706055,12.210000038146973,12.229999542236328,13782900
2024-09-10,11.50851058959961,12.4399995803833,12.460000038146973,12.170000076293945,12.220000267028809,70072700
2024-09-11,11.221722602844238,12.130000114440918,12.25,11.84000015258789,12.1899995803833,62897400
2024-09-12,11.147714614868164,12.050000190734863,12.279999732971191,11.9399995803833,12.149999618530273,47159100
2024-09-13,11.221722602844238,12.130000114440918,12.380000114440918,12.09000015258789,12.149999618530273,64866300
2024-09-16,11.249476432800293,12.15999984741211,12.239999771118164,12.100000381469727,12.199999809265137,24753700
2024-09-17,11.341989517211914,12.260000228881836,12.260000228881836,12.029999732971191,12.130000114440918,18077800
2024-09-18,11.221722602844238,12.130000114440918,12.380000114440918,12.09000015258789,12.180000305175781,42205300
2024-09-19,11.101458549499512,12.0,12.260000228881836,12.0,12.220000267028809,51993800
2024-09-20,10.73140811920166,11.600000381469727,12.0600004196167,11.569999694824219,12.0,55541400
2024-09-23,10.361360549926758,11.199999809265137,11.550000190734863,11.1899995803833,11.550000190734863,58376700
2024-09-24,10.40761661529541,11.25,11.420000076293945,11.170000076293945,11.359999656677246,84784300
2024-09-25,10.067667961120605,10.789999961853027,11.25,10.729999542236328,11.180000305175781,117931300
2024-09-26,10.123651504516602,10.850000381469727,10.970000267028809,10.760000228881836,10.859999656677246,167073900
2024-09-27,10.01168441772461,10.729999542236328,10.949999809265137,10.680000305175781,10.84000015258789,64574600
2024-09-30,9.993023872375488,10.710000038146973,10.800000190734863,10.59000015258789,10.680000305175781,60955500
2024-10-01,9.993023872375488,10.710000038146973,10.930000305175781,10.710000038146973,10.859999656677246,38491000
2024-10-02,10.207626342773438,10.9399995803833,10.979999542236328,10.779999732971191,10.899999618530273,61962200
2024-10-03,10.002354621887207,10.720000267028809,10.84000015258789,10.670000076293945,10.789999961853027,41875600
2024-10-04,10.030345916748047,10.75,10.760000228881836,10.649999618530273,10.699999809265137,42988300
2024-10-07,9.843734741210938,10.550000190734863,10.8100004196167,10.460000038146973,10.800000190734863,50239800
2024-10-08,9.983694076538086,10.699999809265137,10.779999732971191,10.630000114440918,10.65999984741211,46497200
2024-10-09,9.965032577514648,10.680000305175781,10.739999771118164,10.579999923706055,10.609999656677246,45895200
2024-10-10,10.030345916748047,10.75,10.829999923706055,10.699999809265137,10.710000038146973,37701700
2024-10-11,9.974361419677734,10.6899995803833,10.75,10.539999961853027,10.720000267028809,25480900
2024-10-14,10.151642799377441,10.880000114440918,10.979999542236328,10.65999984741211,10.6899995803833,35854800
2024-10-15,10.1143217086792,10.84000015258789,11.0,10.789999961853027,10.899999618530273,30199500
2024-10-16,10.24494743347168,10.979999542236328,11.010000228881836,10.75,10.850000381469727,41240600
2024-10-17,10.002354621887207,10.720000267028809,10.880000114440918,10.630000114440918,10.84000015258789,23156000
2024-10-18,9.93703842163086,10.649999618530273,10.819999694824219,10.59000015258789,10.779999732971191,30999400
2024-10-21,10.123651504516602,10.850000381469727,10.850000381469727,10.670000076293945,10.670000076293945,26633900
2024-10-22,9.899718284606934,10.609999656677246,10.8100004196167,10.550000190734863,10.739999771118164,29304400
2024-10-23,9.909049987792969,10.619999885559082,10.619999885559082,10.460000038146973,10.520000457763672,39674300
2024-10-24,10.05833625793457,10.779999732971191,10.779999732971191,10.510000228881836,10.619999885559082,34038300
2024-10-25,9.993023872375488,10.710000038146973,10.800000190734863,10.630000114440918,10.75,26411000
2024-10-28,10.16097354888916,10.890000343322754,10.949999809265137,10.770000457763672,10.779999732971191,29203800
2024-10-29,10.104990005493164,10.829999923706055,10.920000076293945,10.770000457763672,10.880000114440918,26229700
2024-10-30,10.05833625793457,10.779999732971191,10.869999885559082,10.720000267028809,10.850000381469727,26539600
2024-10-31,9.909049987792969,10.619999885559082,10.75,10.569999694824219,10.739999771118164,28075100
2024-11-01,9.72243881225586,10.420000076293945,10.649999618530273,10.329999923706055,10.649999618530273,33123200
2024-11-04,10.13298225402832,10.859999656677246,10.880000114440918,10.510000228881836,10.529999732971191,39785000
2024-11-05,10.235618591308594,10.970000267028809,10.979999542236328,10.619999885559082,10.720000267028809,28896400
2024-11-06,9.93703842163086,10.649999618530273,10.760000228881836,10.529999732971191,10.710000038146973,37995800
2024-11-07,9.993023872375488,10.710000038146973,11.010000228881836,10.489999771118164,10.600000381469727,55293600
2024-11-08,9.619803428649902,10.3100004196167,10.550000190734863,10.210000038146973,10.479999542236328,58652500
2024-11-11,9.479844093322754,10.15999984741211,10.270000457763672,10.069999694824219,10.25,66155900
2024-11-12,9.619803428649902,10.3100004196167,10.350000381469727,10.069999694824219,10.149999618530273,55851700
2024-11-13,9.545156478881836,10.229999542236328,10.359999656677246,10.079999923706055,10.329999923706055,73712300
2024-11-14,9.582480430603027,10.270000457763672,10.319999694824219,10.079999923706055,10.1899995803833,86415300
2024-11-18,9.330554962158203,10.0,10.180000305175781,9.9399995803833,10.130000114440918,88368100
2024-11-19,9.349215507507324,10.020000457763672,10.09000015258789,9.970000267028809,10.010000228881836,53425300
2024-11-21,9.162604331970215,9.819999694824219,9.920000076293945,9.800000190734863,9.890000343322754,67659300
2024-11-22,9.349215507507324,10.020000457763672,10.020000457763672,9.829999923706055,9.960000038146973,59138800
2024-11-25,9.461183547973633,10.140000343322754,10.1899995803833,9.970000267028809,10.039999961853027,85622700
2024-11-26,9.498504638671875,10.180000305175781,10.25,10.029999732971191,10.1899995803833,52418300
2024-11-27,9.106620788574219,9.760000228881836,10.1899995803833,9.760000228881836,10.130000114440918,57603000
2024-11-28,8.537457466125488,9.149999618530273,9.819999694824219,9.149999618530273,9.770000457763672,65340600
2024-11-29,8.640092849731445,9.260000228881836,9.34000015258789,8.989999771118164,9.199999809265137,81908200
2024-12-02,8.742729187011719,9.369999885559082,9.420000076293945,9.140000343322754,9.199999809265137,78340300
2024-12-03,8.826704978942871,9.460000038146973,9.489999771118164,9.3100004196167,9.399999618530273,39449100
2024-12-04,8.929340362548828,9.569999694824219,9.640000343322754,9.399999618530273,9.40999984741211,35039100
2024-12-05,9.12528133392334,9.779999732971191,9.850000381469727,9.670000076293945,9.710000038146973,54294600
2024-12-06,9.265241622924805,9.930000305175781,10.199999809265137,9.800000190734863,9.890000343322754,128262700
2024-12-09,9.330554962158203,10.0,10.109999656677246,9.899999618530273,9.920000076293945,61349800
2024-12-10,9.479844093322754,10.15999984741211,10.15999984741211,9.970000267028809,10.100000381469727,73907300
2024-12-11,9.694445610046387,10.390000343322754,10.619999885559082,10.039999961853027,10.149999618530273,90179100
2024-12-12,9.591809272766113,10.279999732971191,10.350000381469727,10.100000381469727,10.260000228881836,97737700
2024-12-13,9.535825729370117,10.220000267028809,10.470000267028809,10.170000076293945,10.25,149204900
2024-12-16,9.442521095275879,10.119999885559082,10.5,10.100000381469727,10.289999961853027,89670800
2024-12-17,9.442521095275879,10.119999885559082,10.289999961853027,10.0,10.119999885559082,67956300
2024-12-18,9.199925422668457,9.859999656677246,10.0600004196167,9.789999961853027,10.010000228881836,83174900
2024-12-19,9.31189250946045,9.979999542236328,10.109999656677246,9.800000190734863,9.869999885559082,58258000
2024-12-20,9.582480430603027,10.270000457763672,10.359999656677246,9.9399995803833,9.979999542236328,63902800
2024-12-23,9.573148727416992,10.260000228881836,10.359999656677246,10.140000343322754,10.15999984741211,37011700
2024-12-26,9.638461112976074,10.329999923706055,10.399999618530273,10.15999984741211,10.1899995803833,30737700
2024-12-27,9.666454315185547,10.359999656677246,10.5,10.34000015258789,10.399999618530273,44639700
2024-12-30,9.629132270812988,10.319999694824219,10.399999618530273,10.220000267028809,10.350000381469727,38408700
2025-01-02,9.57658576965332,10.199999809265137,10.329999923706055,10.149999618530273,10.319999694824219,29510200
2025-01-03,9.482698440551758,10.100000381469727,10.279999732971191,10.039999961853027,10.15999984741211,42817300
2025-01-06,9.745584487915039,10.380000114440918,10.4399995803833,10.15999984741211,10.25,39587600
2025-01-07,9.679864883422852,10.3100004196167,10.5600004196167,10.279999732971191,10.420000076293945,60452900
2025-01-08,9.670475006103516,10.300000190734863,10.359999656677246,10.210000038146973,10.229999542236328,38515300
2025-01-09,9.57658576965332,10.199999809265137,10.300000190734863,9.9399995803833,10.210000038146973,54212100
2025-01-10,9.201034545898438,9.800000190734863,10.1899995803833,9.800000190734863,10.15999984741211,36793100
2025-01-13,9.191645622253418,9.789999961853027,9.890000343322754,9.729999542236328,9.8100004196167,30436900
2025-01-14,9.238590240478516,9.84000015258789,9.930000305175781,9.710000038146973,9.789999961853027,39132200
2025-01-15,9.858250617980957,10.5,10.510000228881836,9.930000305175781,9.970000267028809,53092400
2025-01-16,9.642308235168457,10.270000457763672,10.479999542236328,10.180000305175781,10.460000038146973,26640800
2025-01-17,9.717419624328613,10.350000381469727,10.420000076293945,10.180000305175781,10.289999961853027,30748300
2025-01-20,9.689251899719238,10.319999694824219,10.460000038146973,10.199999809265137,10.199999809265137,11418100
2025-01-21,9.73619556427002,10.369999885559082,10.479999542236328,10.199999809265137,10.329999923706055,25403800
2025-01-22,9.79252815246582,10.430000305175781,10.5,10.329999923706055,10.479999542236328,47319900
2025-01-23,9.717419624328613,10.350000381469727,10.5,10.289999961853027,10.430000305175781,36718200
2025-01-24,9.73619556427002,10.369999885559082,10.399999618530273,10.260000228881836,10.350000381469727,45091300
2025-01-27,9.91458511352539,10.5600004196167,10.5600004196167,10.289999961853027,10.34000015258789,52771300
2025-01-28,9.905195236206055,10.550000190734863,10.609999656677246,10.430000305175781,10.5600004196167,45701800
2025-01-29,9.905195236206055,10.550000190734863,10.619999885559082,10.5,10.609999656677246,43636900
2025-01-30,10.412189483642578,11.09000015258789,11.170000076293945,10.5600004196167,10.5600004196167,98412200
2025-01-31,10.506078720092773,11.1899995803833,11.3100004196167,11.039999961853027,11.09000015258789,60632400
2025-02-03,10.477912902832031,11.15999984741211,11.380000114440918,11.069999694824219,11.199999809265137,42468600
2025-02-04,10.393412590026855,11.069999694824219,11.25,11.010000228881836,11.180000305175781,40751400
2025-02-05,10.318303108215332,10.989999771118164,11.09000015258789,10.890000343322754,11.079999923706055,36082500
2025-02-06,10.534244537353516,11.220000267028809,11.260000228881836,10.920000076293945,10.9399995803833,26547400
2025-02-07,10.290136337280273,10.960000038146973,11.260000228881836,10.90999984741211,11.210000038146973,34977500
2025-02-10,10.42158031463623,11.100000381469727,11.180000305175781,10.979999542236328,11.079999923706055,25229800
2025-02-11,10.49669075012207,11.180000305175781,11.329999923706055,11.109999656677246,11.199999809265137,29425200
2025-02-12,10.36524772644043,11.039999961853027,11.109999656677246,10.90999984741211,11.010000228881836,43189900
2025-02-13,10.48730182647705,11.170000076293945,11.239999771118164,10.979999542236328,10.989999771118164,21988200
2025-02-14,10.881630897521973,11.59000015258789,11.649999618530273,11.270000457763672,11.300000190734863,46583100
2025-02-17,10.872241973876953,11.579999923706055,11.710000038146973,11.510000228881836,11.649999618530273,36112100
2025-02-18,10.815911293029785,11.520000457763672,11.729999542236328,11.399999618530273,11.59000015258789,58285600
2025-02-19,10.675077438354492,11.369999885559082,11.4399995803833,11.25,11.399999618530273,38104400
2025-02-20,10.599967002868652,11.289999961853027,11.430000305175781,11.15999984741211,11.369999885559082,44076800
2025-02-21,10.534244537353516,11.220000267028809,11.300000190734863,10.9399995803833,11.039999961853027,94029400
2025-02-24,10.177469253540039,10.84000015258789,11.25,10.800000190734863,11.229999542236328,58518400
2025-02-25,10.13991641998291,10.800000190734863,10.9399995803833,10.729999542236328,10.880000114440918,76158600
2025-02-26,9.989694595336914,10.640000343322754,10.869999885559082,10.609999656677246,10.850000381469727,40355500
2025-02-27,10.046027183532715,10.699999809265137,10.869999885559082,10.630000114440918,10.640000343322754,32846300
2025-02-28,9.764362335205078,10.399999618530273,10.670000076293945,10.34000015258789,10.619999885559082,57805500
2025-03-05,9.886418342590332,10.529999732971191,10.579999923706055,10.170000076293945,10.229999542236328,46942500
2025-03-06,9.989694595336914,10.640000343322754,10.6899995803833,10.4399995803833,10.5,39802700
2025-03-07,10.046027183532715,10.699999809265137,10.84000015258789,10.520000457763672,10.600000381469727,41638200
2025-03-10,9.830084800720215,10.470000267028809,10.59000015258789,10.369999885559082,10.550000190734863,33483600
2025-03-11,9.764362335205078,10.399999618530273,10.510000228881836,10.34000015258789,10.489999771118164,26354600
2025-03-12,9.858250617980957,10.5,10.520000457763672,10.350000381469727,10.399999618530273,39894000
2025-03-13,10.891018867492676,11.600000381469727,11.630000114440918,10.930000305175781,10.979999542236328,111595000
2025-03-14,12.083398818969727,12.869999885559082,12.899999618530273,11.699999809265137,11.729999542236328,126026800
2025-03-17,11.660901069641113,12.420000076293945,12.869999885559082,12.40999984741211,12.869999885559082,89758000
2025-03-18,11.30412769317627,12.039999961853027,12.40999984741211,11.90999984741211,12.380000114440918,112067000
2025-03-19,11.59518051147461,12.350000381469727,12.4399995803833,12.0,12.180000305175781,41690500
2025-03-20,11.64212417602539,12.399999618530273,12.489999771118164,12.239999771118164,12.300000190734863,42754900
2025-03-21,11.792346000671387,12.5600004196167,12.569999694824219,12.329999923706055,12.520000457763672,46789800
2025-03-24,11.64212417602539,12.399999618530273,12.5600004196167,12.319999694824219,12.5600004196167,40560200
2025-03-25,11.632736206054688,12.390000343322754,12.600000381469727,12.3100004196167,12.470000267028809,25375500
2025-03-26,11.682588577270508,12.380000114440918,12.609999656677246,12.319999694824219,12.399999618530273,22029800
2025-03-27,11.692024230957031,12.390000343322754,12.479999542236328,12.3100004196167,12.40999984741211,27455400
2025-03-28,11.550474166870117,12.239999771118164,12.449999809265137,12.069999694824219,12.300000190734863,20197500
2025-03-31,11.456109046936035,12.140000343322754,12.289999961853027,12.0,12.140000343322754,29378400
2025-04-01,11.569348335266113,12.260000228881836,12.34000015258789,11.989999771118164,12.010000228881836,22267700
2025-04-02,11.720335006713867,12.420000076293945,12.4399995803833,12.1899995803833,12.270000457763672,20422100
2025-04-03,12.012869834899902,12.729999542236328,12.869999885559082,12.359999656677246,12.359999656677246,57239000
2025-04-04,11.371177673339844,12.050000190734863,12.5,12.039999961853027,12.420000076293945,38448800
2025-04-07,11.276811599731445,11.949999809265137,12.25,11.619999885559082,11.859999656677246,50560500
2025-04-08,11.078640937805176,11.739999771118164,12.170000076293945,11.649999618530273,12.020000457763672,35507800
2025-04-09,11.484418869018555,12.170000076293945,12.25,11.600000381469727,11.619999885559082,71372100
2025-04-10,11.191882133483887,11.859999656677246,12.170000076293945,11.75,12.15999984741211,37053200
2025-04-11,11.267374038696289,11.9399995803833,12.0,11.710000038146973,11.949999809265137,46094000
2025-04-14,11.484418869018555,12.170000076293945,12.25,11.9399995803833,12.229999542236328,35402500
2025-04-15,11.569348335266113,12.260000228881836,12.350000381469727,12.0600004196167,12.079999923706055,30452400
2025-04-16,11.380615234375,12.0600004196167,12.220000267028809,12.0,12.149999618530273,48582300
2025-04-17,11.493854522705078,12.180000305175781,12.25,11.960000038146973,12.010000228881836,16597800
2025-04-22,11.720335006713867,12.420000076293945,12.489999771118164,12.09000015258789,12.100000381469727,24950100
2025-04-23,11.937376976013184,12.649999618530273,12.84000015258789,12.529999732971191,12.529999732971191,34484400
2025-04-24,12.522452354431152,13.270000457763672,13.300000190734863,12.680000305175781,12.699999809265137,57242400
2025-04-25,12.635690689086914,13.390000343322754,13.4399995803833,13.039999961853027,13.109999656677246,37617800
2025-04-28,12.664000511169434,13.420000076293945,13.680000305175781,13.359999656677246,13.430000305175781,34401500
2025-04-29,12.48470401763916,13.229999542236328,13.59000015258789,13.229999542236328,13.319999694824219,46192900
2025-04-30,12.730057716369629,13.489999771118164,13.489999771118164,13.130000114440918,13.180000305175781,60556100
2025-05-02,12.560197830200195,13.3100004196167,13.479999542236328,13.260000228881836,13.40999984741211,35156600
2025-05-05,12.465831756591797,13.210000038146973,13.329999923706055,13.149999618530273,13.300000190734863,21723000
2025-05-06,12.418648719787598,13.15999984741211,13.220000267028809,13.069999694824219,13.199999809265137,38505300
2025-05-07,12.409210205078125,13.149999618530273,13.25,12.949999809265137,13.239999771118164,32650800
2025-05-08,13.447244644165039,14.25,14.529999732971191,13.460000038146973,13.479999542236328,206214600
2025-05-09,13.711470603942871,14.529999732971191,14.619999885559082,14.199999809265137,14.300000190734863,87134400
2025-05-12,13.551047325134277,14.359999656677246,14.59000015258789,14.260000228881836,14.510000228881836,71564100
2025-05-13,14.107809066772461,14.949999809265137,15.010000228881836,14.649999618530273,14.710000038146973,58164100
2025-05-14,13.82470989227295,14.649999618530273,15.109999656677246,14.479999542236328,14.890000343322754,47283900
2025-05-15,13.93795108795166,14.770000457763672,14.869999885559082,14.539999961853027,14.640000343322754,43622900
2025-05-16,13.93795108795166,14.770000457763672,14.899999618530273,14.609999656677246,14.640000343322754,24313700
2025-05-19,13.985133171081543,14.819999694824219,14.859999656677246,14.65999984741211,14.770000457763672,20967500
2025-05-20,14.107809066772461,14.949999809265137,14.949999809265137,14.649999618530273,14.829999923706055,23985800
2025-05-21,13.683160781860352,14.5,14.899999618530273,14.449999809265137,14.869999885559082,39859700
2025-05-22,13.532174110412598,14.34000015258789,14.619999885559082,14.210000038146973,14.569999694824219,42796000
2025-05-23,13.579358100891113,14.390000343322754,14.390000343322754,13.829999923706055,14.0600004196167,32278300
2025-05-26,13.522737503051758,14.329999923706055,14.470000267028809,14.199999809265137,14.470000267028809,12763500
2025-05-27,13.569920539855957,14.380000114440918,14.609999656677246,14.380000114440918,14.609999656677246,30670400
2025-05-28,13.494426727294922,14.300000190734863,14.4399995803833,14.149999618530273,14.390000343322754,31459400
2025-05-29,13.305694580078125,14.100000381469727,14.239999771118164,13.899999618530273,14.100000381469727,48897400
2025-05-30,13.164144515991211,13.949999809265137,14.1899995803833,13.760000228881836,14.149999618530273,82246300
2025-06-02,12.937664985656738,13.710000038146973,14.170000076293945,13.539999961853027,14.15999984741211,45794000
2025-06-03,13.381187438964844,14.180000305175781,14.1899995803833,13.649999618530273,13.649999618530273,44178300
2025-06-04,13.164144515991211,13.949999809265137,14.170000076293945,13.880000114440918,13.899999618530273,32415100
2025-06-05,12.814987182617188,13.579999923706055,13.949999809265137,13.5,13.819999694824219,44559500
2025-06-06,12.805550575256348,13.569999694824219,13.65999984741211,13.529999732971191,13.529999732971191,24936300
2025-06-09,12.418648719787598,13.15999984741211,13.369999885559082,13.069999694824219,13.199999809265137,80451800
2025-06-10,12.399774551391602,13.140000343322754,13.399999618530273,13.050000190734863,13.300000190734863,32255300
2025-06-11,12.494140625,13.239999771118164,13.430000305175781,12.899999618530273,13.069999694824219,61925500
2025-06-12,12.248786926269531,12.979999542236328,13.09000015258789,12.800000190734863,12.869999885559082,66355600
2025-06-13,12.314845085144043,13.050000190734863,13.100000381469727,12.699999809265137,12.75,52654600
2025-06-16,12.71118450164795,13.470000267028809,13.619999885559082,13.279999732971191,13.300000190734863,31235100
2025-06-17,12.767805099487305,13.529999732971191,13.630000114440918,13.449999809265137,13.59000015258789,29313700
2025-06-18,13.013157844543457,13.789999961853027,13.800000190734863,13.449999809265137,13.489999771118164,55485100
2025-06-20,12.852733612060547,13.619999885559082,13.699999809265137,13.4399995803833,13.600000381469727,52205800
2025-06-23,12.645127296447754,13.399999618530273,13.630000114440918,13.279999732971191,13.619999885559082,32994200
2025-06-24,12.828080177307129,13.520000457763672,13.680000305175781,13.359999656677246,13.479999542236328,23573800
2025-06-25,12.913474082946777,13.609999656677246,13.670000076293945,13.399999618530273,13.40999984741211,20218100
2025-06-26,13.378396987915039,14.100000381469727,14.199999809265137,13.600000381469727,13.720000267028809,33383200
2025-06-27,13.39737319946289,14.119999885559082,14.25,13.949999809265137,13.979999542236328,20422900
2025-06-30,13.833830833435059,14.579999923706055,14.600000381469727,14.039999961853027,14.0600004196167,34139300
2025-07-01,13.757925987243652,14.5,14.729999542236328,14.369999885559082,14.630000114440918,29418200
2025-07-02,13.710484504699707,14.449999809265137,14.65999984741211,14.1899995803833,14.489999771118164,43698400
2025-07-03,13.871784210205078,14.619999885559082,14.829999923706055,14.460000038146973,14.470000267028809,28673500
2025-07-04,13.95717716217041,14.710000038146973,14.850000381469727,14.510000228881836,14.510000228881836,7653900
2025-07-07,13.900248527526855,14.649999618530273,14.789999961853027,14.550000190734863,14.739999771118164,60133400
2025-07-08,13.843318939208984,14.59000015258789,14.640000343322754,14.430000305175781,14.609999656677246,32968400
2025-07-09,13.738947868347168,14.479999542236328,14.550000190734863,14.329999923706055,14.489999771118164,43324400
2025-07-10,13.368908882141113,14.09000015258789,14.300000190734863,13.84000015258789,14.270000457763672,54593600
2025-07-11,13.027332305908203,13.729999542236328,14.050000190734863,13.520000457763672,13.989999771118164,24753200
2025-07-14,12.913474082946777,13.609999656677246,13.670000076293945,13.40999984741211,13.670000076293945,16998500
2025-07-15,13.027332305908203,13.729999542236328,13.850000381469727,13.489999771118164,13.739999771118164,28427600
2025-07-16,12.97989273071289,13.680000305175781,13.8100004196167,13.569999694824219,13.770000457763672,21195700
2025-07-17,13.036820411682129,13.739999771118164,13.75,13.539999961853027,13.680000305175781,19252700
2025-07-18,12.306227684020996,12.970000267028809,13.569999694824219,12.949999809265137,13.390000343322754,110000600
2025-07-21,12.429574012756348,13.100000381469727,13.199999809265137,12.970000267028809,13.050000190734863,27833400
2025-07-22,12.401108741760254,13.069999694824219,13.239999771118164,13.029999732971191,13.149999618530273,17304600
2025-07-23,12.704732894897461,13.390000343322754,13.5,13.0600004196167,13.069999694824219,20683700
2025-07-24,12.4485502243042,13.119999885559082,13.25,13.050000190734863,13.220000267028809,20520300
2025-07-25,12.401108741760254,13.069999694824219,13.220000267028809,13.0600004196167,13.0600004196167,20299900
2025-07-28,12.050044059753418,12.699999809265137,13.1899995803833,12.579999923706055,13.140000343322754,22762200
2025-07-29,12.05953311920166,12.710000038146973,12.800000190734863,12.59000015258789,12.699999809265137,17195600
2025-07-30,12.09748649597168,12.75,12.869999885559082,12.520000457763672,12.59000015258789,22210300
2025-07-31,11.936186790466309,12.579999923706055,12.75,12.489999771118164,12.550000190734863,24010500
2025-08-01,11.945673942565918,12.59000015258789,12.90999984741211,12.420000076293945,12.710000038146973,22196200
2025-08-04,12.031068801879883,12.680000305175781,12.90999984741211,12.609999656677246,12.800000190734863,29274800
2025-08-05,11.936186790466309,12.579999923706055,12.8100004196167,12.5600004196167,12.710000038146973,16600500
2025-08-06,12.069023132324219,12.720000267028809,12.84000015258789,12.569999694824219,12.739999771118164,21662300
2025-08-07,12.249297142028809,12.90999984741211,12.989999771118164,12.600000381469727,12.699999809265137,43471800
2025-08-08,12.220832824707031,12.880000114440918,13.0600004196167,12.770000457763672,12.899999618530273,30494500
2025-08-11,12.106973648071289,12.760000228881836,12.9399995803833,12.670000076293945,12.930000305175781,21690500
2025-08-12,12.002603530883789,12.649999618530273,12.930000305175781,12.630000114440918,12.760000228881836,34054800
2025-08-13,12.050044059753418,12.699999809265137,12.779999732971191,12.569999694824219,12.640000343322754,34558200
2025-08-14,12.19236946105957,12.850000381469727,13.149999618530273,12.579999923706055,12.579999923706055,25411600
2025-08-15,12.477014541625977,13.149999618530273,13.15999984741211,12.770000457763672,12.770000457763672,25879800
2025-08-18,12.486504554748535,13.15999984741211,13.380000114440918,13.140000343322754,13.149999618530273,17580500
2025-08-19,11.888745307922363,12.529999732971191,13.079999923706055,12.479999542236328,13.050000190734863,37944900
2025-08-20,11.698981285095215,12.329999923706055,12.569999694824219,12.220000267028809,12.529999732971191,45171200
2025-08-21,11.623075485229492,12.25,12.390000343322754,12.119999885559082,12.149999618530273,26879900
2025-08-22,11.917210578918457,12.5600004196167,12.680000305175781,12.270000457763672,12.350000381469727,34681400
2025-08-25,11.907722473144531,12.550000190734863,12.779999732971191,12.510000228881836,12.600000381469727,21521500
2025-08-26,11.803350448608398,12.4399995803833,12.569999694824219,12.380000114440918,12.550000190734863,18756700
2025-08-27,12.021581649780273,12.670000076293945,12.670000076293945,12.390000343322754,12.449999809265137,23148600
2025-08-28,12.36315631866455,13.029999732971191,13.300000190734863,12.670000076293945,12.779999732971191,44836800
2025-08-29,12.315714836120605,12.979999542236328,13.270000457763672,12.970000267028809,13.180000305175781,27571700
2025-09-01,12.315714836120605,12.979999542236328,13.170000076293945,12.890000343322754,12.949999809265137,13726300
2025-09-02,12.09748649597168,12.75,12.90999984741211,12.630000114440918,12.819999694824219,15369600
2025-09-03,12.287250518798828,12.949999809265137,13.140000343322754,12.649999618530273,12.739999771118164,28385800
2025-09-04,12.420085906982422,13.09000015258789,13.15999984741211,12.920000076293945,12.960000038146973,19819200
2025-09-05,12.695243835449219,13.380000114440918,13.640000343322754,13.319999694824219,13.329999923706055,24940400
2025-09-08,12.467527389526367,13.140000343322754,13.430000305175781,13.109999656677246,13.380000114440918,16580600
2025-09-09,12.3441801071167,13.010000228881836,13.210000038146973,12.970000267028809,13.119999885559082,17176500
2025-09-10,12.306227684020996,12.970000267028809,13.239999771118164,12.949999809265137,12.960000038146973,27909700
2025-09-11,12.4485502243042,13.119999885559082,13.329999923706055,12.989999771118164,13.079999923706055,28319200
2025-09-12,12.287250518798828,12.949999809265137,13.15999984741211,12.880000114440918,13.0,25530500
2025-09-15,12.68575668334961,13.369999885559082,13.550000190734863,13.029999732971191,13.09000015258789,29161000
2025-09-16,12.790125846862793,13.479999542236328,13.529999732971191,13.380000114440918,13.460000038146973,19723200
2025-09-17,13.017843246459961,13.720000267028809,14.039999961853027,13.430000305175781,13.449999809265137,39739900
2025-09-18,13.027332305908203,13.729999542236328,13.770000457763672,13.550000190734863,13.649999618530273,33594400
2025-09-19,12.960914611816406,13.65999984741211,13.960000038146973,13.65999984741211,13.729999542236328,41804900
2025-09-22,12.809103012084961,13.5,13.670000076293945,13.359999656677246,13.59000015258789,52882400
2025-09-23,12.657291412353516,13.34000015258789,13.619999885559082,13.3100004196167,13.539999961853027,41427400
2025-09-24,12.56976318359375,13.170000076293945,13.34000015258789,13.09000015258789,13.34000015258789,37274300
2025-09-25,12.359789848327637,12.949999809265137,13.1899995803833,12.890000343322754,13.140000343322754,33539200
2025-09-26,12.617484092712402,13.220000267028809,13.289999961853027,12.930000305175781,13.010000228881836,37061500
2025-09-29,12.789280891418457,13.399999618530273,13.5600004196167,13.3100004196167,13.399999618530273,27585100
2025-09-30,12.789280891418457,13.399999618530273,13.569999694824219,13.260000228881836,13.539999961853027,31215100
2025-10-01,12.493409156799316,13.09000015258789,13.5600004196167,13.09000015258789,13.550000190734863,32626800
2025-10-02,12.254802703857422,12.84000015258789,13.180000305175781,12.84000015258789,13.0600004196167,28021800
2025-10-03,12.168905258178711,12.75,12.930000305175781,12.6899995803833,12.850000381469727,14804900
2025-10-06,12.063920021057129,12.640000343322754,12.829999923706055,12.579999923706055,12.779999732971191,13687600
2025-10-07,11.682148933410645,12.239999771118164,12.579999923706055,12.15999984741211,12.520000457763672,33534000
2025-10-08,12.083006858825684,12.65999984741211,12.6899995803833,12.260000228881836,12.279999732971191,43464100
2025-10-09,12.207082748413086,12.789999961853027,13.039999961853027,12.670000076293945,12.670000076293945,28855700
2025-10-10,12.025742530822754,12.600000381469727,12.880000114440918,12.4399995803833,12.850000381469727,27120300
2025-10-13,12.130727767944336,12.710000038146973,12.8100004196167,12.640000343322754,12.770000457763672,19134300
2025-10-14,11.978020668029785,12.550000190734863,12.729999542236328,12.520000457763672,12.65999984741211,21740700
2025-10-15,12.063920021057129,12.640000343322754,12.880000114440918,12.329999923706055,12.380000114440918,44926600
2025-10-16,12.025742530822754,12.600000381469727,12.729999542236328,12.420000076293945,12.569999694824219,33516100
2025-10-17,11.987565040588379,12.5600004196167,12.710000038146973,12.5,12.550000190734863,38344100
2025-10-20,12.083006858825684,12.65999984741211,12.800000190734863,12.539999961853027,12.640000343322754,19391000
2025-10-21,11.768046379089355,12.329999923706055,12.630000114440918,12.329999923706055,12.600000381469727,17862400
2025-10-22,11.88257884979248,12.449999809265137,12.630000114440918,12.300000190734863,12.399999618530273,42120000
2025-10-23,12.016197204589844,12.59000015258789,12.6899995803833,12.460000038146973,12.550000190734863,25108500
2025-10-24,11.930298805236816,12.5,12.979999542236328,12.5,12.770000457763672,26019700
2025-10-27,11.958931922912598,12.529999732971191,12.779999732971191,12.479999542236328,12.630000114440918,15181600
2025-10-28,12.054374694824219,12.630000114440918,12.760000228881836,12.449999809265137,12.489999771118164,20963800
2025-10-29,12.063920021057129,12.640000343322754,12.789999961853027,12.550000190734863,12.699999809265137,20173700
2025-10-30,12.025742530822754,12.600000381469727,12.75,12.40999984741211,12.5,14072300
2025-10-31,12.083006858825684,12.65999984741211,12.760000228881836,12.640000343322754,12.729999542236328,17872900
2025-11-03,12.254802703857422,12.84000015258789,12.9399995803833,12.680000305175781,12.789999961853027,27192300
2025-11-04,12.254802703857422,12.84000015258789,12.90999984741211,12.550000190734863,12.800000190734863,38086200
2025-11-05,12.598395347595215,13.199999809265137,13.25,12.789999961853027,12.84000015258789,32733700
2025-11-06,12.502954483032227,13.100000381469727,13.25,13.029999732971191,13.25,33002800
2025-11-07,12.388422012329102,12.979999542236328,13.149999618530273,12.930000305175781,13.079999923706055,21686600
2025-11-10,12.522042274475098,13.119999885559082,13.119999885559082,12.880000114440918,13.029999732971191,37328100
2025-11-11,12.913355827331543,13.529999732971191,13.649999618530273,13.170000076293945,13.229999542236328,66621000
2025-11-12,13.476466178894043,14.119999885559082,14.220000267028809,13.579999923706055,13.619999885559082,73999300
2025-11-13,13.810514450073242,14.470000267028809,14.5600004196167,14.050000190734863,14.0600004196167,66538000
2025-11-14,13.781881332397461,14.4399995803833,14.600000381469727,14.329999923706055,14.449999809265137,34127600
2025-11-17,13.514642715454102,14.15999984741211,14.579999923706055,14.020000457763672,14.380000114440918,39319600
2025-11-18,13.409656524658203,14.050000190734863,14.289999961853027,13.989999771118164,14.069999694824219,56692100
2025-11-19,13.218770980834961,13.850000381469727,14.0600004196167,13.779999732971191,14.050000190734863,34599400
2025-11-21,13.256949424743652,13.890000343322754,13.890000343322754,13.59000015258789,13.8100004196167,28389800
2025-11-24,13.342845916748047,13.979999542236328,14.100000381469727,13.850000381469727,13.880000114440918,39046200
2025-11-25,13.524187088012695,14.170000076293945,14.220000267028809,13.899999618530273,13.970000267028809,21263100
2025-11-26,14.039576530456543,14.710000038146973,14.720000267028809,14.15999984741211,14.170000076293945,35623400
2025-11-27,14.058664321899414,14.729999542236328,14.779999732971191,14.539999961853027,14.609999656677246,30241300
2025-11-28,14.278182029724121,14.960000038146973,15.109999656677246,14.720000267028809,14.720000267028809,31855300
2025-12-01,14.211373329162598,14.890000343322754,15.050000190734863,14.779999732971191,14.9399995803833,25552400
2025-12-02,14.4118013381958,15.100000381469727,15.170000076293945,14.699999809265137,14.90999984741211,56471500
2025-12-03,14.11592960357666,14.789999961853027,15.220000267028809,14.720000267028809,15.199999809265137,33323800
2025-12-04,14.335448265075684,15.020000457763672,15.140000343322754,14.84000015258789,14.890000343322754,41656800
2025-12-05,13.371479988098145,14.010000228881836,15.079999923706055,13.84000015258789,15.020000457763672,63305600
2025-12-08,13.69598388671875,14.350000381469727,14.5,14.079999923706055,14.119999885559082,42127300
2025-12-09,13.476466178894043,14.119999885559082,14.239999771118164,13.890000343322754,14.130000114440918,29507300
2025-12-10,13.562363624572754,14.210000038146973,14.319999694824219,14.010000228881836,14.170000076293945,23459000
2025-12-11,13.648262023925781,14.300000190734863,14.550000190734863,14.0600004196167,14.140000343322754,23197900
2025-12-12,13.676895141601562,14.329999923706055,14.65999984741211,14.229999542236328,14.369999885559082,30560500
2025-12-15,13.753249168395996,14.40999984741211,14.609999656677246,14.40999984741211,14.539999961853027,38100400
2025-12-16,13.094696998596191,13.720000267028809,14.300000190734863,13.670000076293945,14.300000190734863,60275300
2025-12-17,12.646117210388184,13.25,13.720000267028809,13.069999694824219,13.699999809265137,132381000
2025-12-18,12.693838119506836,13.300000190734863,13.399999618530273,13.130000114440918,13.15999984741211,38525400
2025-12-19,12.779736518859863,13.390000343322754,13.449999809265137,13.210000038146973,13.220000267028809,39377400
2025-12-22,12.63657283782959,13.239999771118164,13.449999809265137,13.1899995803833,13.390000343322754,25118500
2025-12-23,12.913355827331543,13.529999732971191,13.630000114440918,13.239999771118164,13.279999732971191,26819000
2025-12-26,13.094696998596191,13.720000267028809,13.829999923706055,13.40999984741211,13.529999732971191,24322100
2025-12-29,13.161505699157715,13.789999961853027,13.829999923706055,13.59000015258789,13.59000015258789,24699600
2025-12-30,13.256949424743652,13.890000343322754,14.039999961853027,13.819999694824219,13.829999923706055,24758000
2026-01-02,13.178906440734863,13.430000305175781,13.720000267028809,13.350000381469727,13.59000015258789,25030000
2026-01-05,13.689183235168457,13.949999809265137,14.039999961853027,13.489999771118164,13.5,26006500
2026-01-06,14.228900909423828,14.5,14.569999694824219,14.020000457763672,14.050000190734863,31323200
2026-01-07,14.01301383972168,14.279999732971191,14.609999656677246,14.100000381469727,14.489999771118164,28359300
2026-01-08,14.111144065856934,14.380000114440918,14.430000305175781,14.119999885559082,14.359999656677246,74915400
2026-01-09,14.189648628234863,14.460000038146973,14.8100004196167,14.350000381469727,14.399999618530273,51883500
2026-01-12,14.219087600708008,14.489999771118164,14.640000343322754,14.289999961853027,14.4399995803833,30178100
2026-01-13,14.04245376586914,14.3100004196167,14.449999809265137,14.229999542236328,14.359999656677246,26056900
2026-01-14,14.454599380493164,14.729999542236328,14.779999732971191,14.3100004196167,14.420000076293945,43356400
2026-01-15,14.837308883666992,15.119999885559082,15.199999809265137,14.630000114440918,14.789999961853027,51505100
2026-01-16,14.95506477355957,15.239999771118164,15.3100004196167,15.0,15.0,46183300
2026-01-19,14.817683219909668,15.100000381469727,15.270000457763672,14.930000305175781,15.180000305175781,17187300
2026-01-20,14.395722389221191,14.670000076293945,15.220000267028809,14.4399995803833,15.0600004196167,126606100
2026-01-21,15.210204124450684,15.5,15.65999984741211,14.859999656677246,15.0,81358100
2026-01-22,15.327960014343262,15.619999885559082,15.989999771118164,15.289999961853027,15.600000381469727,56650300
2026-01-23,15.524221420288086,15.819999694824219,16.139999389648438,15.329999923706055,15.65999984741211,46608800
2026-01-26,15.386838912963867,15.680000305175781,15.90999984741211,15.350000381469727,15.869999885559082,41590300
2026-01-27,15.857864379882812,16.15999984741211,16.25,15.789999961853027,15.850000381469727,53356200
2026-01-28,16.20132064819336,16.510000228881836,16.600000381469727,16.059999465942383,16.239999771118164,48570900
2026-01-29,16.36814308166504,16.68000030517578,16.81999969482422,16.219999313354492,16.68000030517578,118557100
2026-01-30,15.848050117492676,16.149999618530273,16.899999618530273,16.040000915527344,16.68000030517578,55423600
2026-02-02,16.044313430786133,16.350000381469727,16.610000610351562,16.239999771118164,16.260000228881836,35903500
2026-02-03,16.14244270324707,16.450000762939453,16.780000686645508,16.25,16.59000015258789,42608900
2026-02-04,15.4751558303833,15.770000457763672,16.440000534057617,15.649999618530273,16.31999969482422,35678700
2026-02-05,15.955994606018066,16.260000228881836,16.280000686645508,15.829999923706055,15.899999618530273,53976900
2026-02-06,16.721412658691406,17.040000915527344,17.09000015258789,16.3799991607666,16.450000762939453,62490400
2026-02-09,17.29056739807129,17.6200008392334,17.700000762939453,16.920000076293945,17.049999237060547,24451100
2026-02-10,17.123746871948242,17.450000762939453,17.6299991607666,17.079999923706055,17.31999969482422,55278200
2026-02-11,16.966737747192383,17.290000915527344,17.68000030517578,17.139999389648438,17.600000381469727,46555200
2026-02-12,17.035429000854492,17.360000610351562,17.489999771118164,17.110000610351562,17.190000534057617,39912500
2026-02-13,17.133556365966797,17.459999084472656,17.610000610351562,17.079999923706055,17.18000030517578,38407300
2026-02-18,17.2807559967041,17.610000610351562,17.75,17.459999084472656,17.479999542236328,38351500
2026-02-19,17.418136596679688,17.75,17.950000762939453,17.489999771118164,17.600000381469727,33377000
2026-02-20,17.741966247558594,18.079999923706055,18.190000534057617,17.450000762939453,17.540000915527344,28265400
2026-02-23,17.526081085205078,17.860000610351562,17.979999542236328,17.65999984741211,17.850000381469727,33070600
2026-02-24,17.879348754882812,18.219999313354492,18.31999969482422,17.799999237060547,17.8700008392334,33547600
2026-02-25,17.800844192504883,18.139999389648438,18.540000915527344,18.06999969482422,18.219999313354492,29596100
2026-02-26,17.614397048950195,17.950000762939453,18.360000610351562,17.84000015258789,18.149999618530273,24570400
2026-02-27,17.565330505371094,17.899999618530273,18.360000610351562,17.829999923706055,18.049999237060547,50947300
2026-03-02,18.144302368164062,18.489999771118164,18.6299991607666,17.489999771118164,17.56999969482422,33357000
2026-03-03,17.212064743041992,17.540000915527344,17.8700008392334,17.1299991607666,17.760000228881836,70126200
2026-03-04,17.820472717285156,18.15999984741211,18.280000686645508,17.739999771118164,17.899999618530273,36341300
2026-03-05,17.231689453125,17.559999465942383,18.270000457763672,17.43000030517578,18.149999618530273,71248600
2026-03-06,16.91767120361328,17.239999771118164,17.5,16.8799991607666,17.450000762939453,38256800
2026-03-09,16.99617576599121,17.31999969482422,17.540000915527344,16.579999923706055,17.239999771118164,37855700
2026-03-10,17.771406173706055,18.110000610351562,18.579999923706055,17.3700008392334,17.59000015258789,53328400
2026-03-11,17.653650283813477,17.989999771118164,18.420000076293945,17.799999237060547,17.899999618530273,23407700
2026-03-12,16.81954002380371,17.139999389648438,17.790000915527344,17.0,17.790000915527344,42337300
2026-03-13,16.564401626586914,16.8799991607666,17.600000381469727,16.850000381469727,17.34000015258789,19622000
2026-03-16,17.025615692138672,17.350000381469727,17.600000381469727,17.110000610351562,17.549999237060547,23771800
2026-03-17,17.27094268798828,17.600000381469727,18.100000381469727,17.219999313354492,17.270000457763672,30507800
2026-03-18,16.799917221069336,17.1200008392334,17.579999923706055,17.110000610351562,17.260000228881836,23216900
2026-03-19,16.603654861450195,16.920000076293945,17.149999618530273,16.3799991607666,16.59000015258789,59021100
2026-03-20,15.88730525970459,16.190000534057617,16.770000457763672,15.949999809265137,16.700000762939453,46586300
2026-03-23,16.937297821044922,17.260000228881836,17.43000030517578,16.65999984741211,16.770000457763672,38247900
2026-03-24,17.0550537109375,17.3799991607666,17.3799991607666,16.860000610351562,16.969999313354492,21699800
2026-03-25,17.663463592529297,18.0,18.309999465942383,17.780000686645508,17.850000381469727,44334400
2026-03-26,17.437763214111328,17.770000457763672,18.25,17.579999923706055,17.68000030517578,23557400
2026-03-27,16.88823127746582,17.209999084472656,17.81999969482422,17.209999084472656,17.610000610351562,42461100
2026-03-30,16.721412658691406,17.040000915527344,17.600000381469727,16.899999618530273,17.440000534057617,38391500
2026-03-31,18.05598258972168,18.399999618530273,18.489999771118164,17.31999969482422,17.520000457763672,54051300
2026-04-01,18.247465133666992,18.520000457763672,19.0,18.350000381469727,18.540000915527344,47320500
2026-04-02,18.316434860229492,18.59000015258789,18.719999313354492,17.760000228881836,17.979999542236328,27826400
2026-04-06,18.158788681030273,18.43000030517578,18.739999771118164,18.350000381469727,18.610000610351562,21583600
2026-04-07,17.784379959106445,18.049999237060547,18.309999465942383,17.790000915527344,18.239999771118164,42624300
2026-04-08,18.434667587280273,18.709999084472656,19.309999465942383,18.700000762939453,19.190000534057617,60763700
2026-04-09,18.8780460357666,19.15999984741211,19.280000686645508,18.670000076293945,18.860000610351562,40108400
2026-04-10,19.222896575927734,19.510000228881836,19.739999771118164,19.209999084472656,19.389999389648438,37802100
2026-04-13,18.97657585144043,19.260000228881836,19.40999984741211,18.809999465942383,19.399999618530273,67037700
2026-04-14,19.39039421081543,19.68000030517578,19.739999771118164,19.079999923706055,19.299999237060547,35228400
2026-04-15,19.54804039001465,19.84000015258789,19.8700008392334,19.549999237060547,19.68000030517578,39081700
2026-04-16,19.488924026489258,19.780000686645508,20.1200008392334,19.459999084472656,19.90999984741211,35870100
2026-04-17,19.144073486328125,19.43000030517578,20.329999923706055,19.40999984741211,20.200000762939453,45139000
2026-04-20,18.96672248840332,19.25,19.469999313354492,19.110000610351562,19.360000610351562,41040100
2026-04-22,18.789371490478516,19.06999969482422,19.18000030517578,18.899999618530273,19.149999618530273,24812000
2026-04-23,18.74995994567871,19.030000686645508,19.190000534057617,18.649999618530273,19.079999923706055,18613800
2026-04-24,18.700695037841797,18.979999542236328,19.06999969482422,18.649999618530273,19.06999969482422,41679200
2026-04-27,18.444520950317383,18.719999313354492,19.040000915527344,18.68000030517578,18.940000534057617,18924800
2026-04-28,18.2573184967041,18.530000686645508,18.540000915527344,18.06999969482422,18.399999618530273,24781800
2026-04-29,17.61688232421875,17.8799991607666,18.540000915527344,17.739999771118164,18.25,43626800
2026-04-30,17.76467514038086,18.030000686645508,18.270000457763672,17.8799991607666,18.1200008392334,23750100
2026-05-04,17.607030868530273,17.8700008392334,18.219999313354492,17.729999542236328,17.989999771118164,29385800
2026-05-05,17.744970321655273,18.010000228881836,18.059999465942383,17.729999542236328,17.920000076293945,20019200
2026-05-06,18.089818954467773,18.360000610351562,18.59000015258789,18.1299991607666,18.3700008392334,34599300
2026-05-07,17.518354415893555,17.780000686645508,18.489999771118164,17.709999084472656,18.309999465942383,26262200
2026-05-08,17.666147232055664,17.93000030517578,18.360000610351562,17.8700008392334,18.209999084472656,28496100
2026-05-11,17.33115005493164,17.59000015258789,18.049999237060547,17.43000030517578,17.709999084472656,28393600
2026-05-12,17.04541778564453,17.299999237060547,17.670000076293945,17.219999313354492,17.3799991607666,19014600
2026-05-13,16.395130157470703,16.639999389648438,17.350000381469727,16.459999084472656,17.209999084472656,70172800
2026-05-14,16.680862426757812,16.93000030517578,16.959999084472656,16.579999923706055,16.950000762939453,30947500
2026-05-15,16.454248428344727,16.700000762939453,16.84000015258789,16.450000762939453,16.530000686645508,23708600
2026-05-18,16.473953247070312,16.719999313354492,16.920000076293945,16.5,16.700000762939453,31340200
2026-05-19,15.656167030334473,15.890000343322754,16.290000915527344,15.8100004196167,16.290000915527344,63506400
2026-05-20,16.542922973632812,16.790000915527344,17.079999923706055,15.970000267028809,16.06999969482422,57502900
2026-05-21,16.76953887939453,17.020000457763672,17.149999618530273,16.510000228881836,16.600000381469727,26356400
2026-05-22,16.41483497619629,16.65999984741211,17.040000915527344,16.559999465942383,17.0,31892100
2026-05-25,17.006006240844727,17.260000228881836,17.43000030517578,16.780000686645508,16.920000076293945,16994700
2026-05-26,16.690715789794922,16.940000534057617,17.260000228881836,16.790000915527344,17.260000228881836,38370900
2026-05-27,16.237483978271484,16.479999542236328,17.280000686645508,16.479999542236328,17.149999618530273,22460000
2026-05-28,16.257190704345703,16.5,16.68000030517578,16.110000610351562,16.549999237060547,21661300
2026-05-29,16.257190704345703,16.5,16.639999389648438,16.219999313354492,16.530000686645508,48006500
2026-06-01,16.0108699798584,16.25,16.469999313354492,16.0,16.399999618530273,49561100
2026-06-02,16.040428161621094,16.280000686645508,16.65999984741211,16.280000686645508,16.420000076293945,38626900
2026-06-03,15.29161262512207,15.520000457763672,16.15999984741211,15.460000038146973,15.859999656677246,41255400
2026-06-05,15.18323040008545,15.40999984741211,15.680000305175781,15.260000228881836,15.430000305175781,30092100
2026-06-08,14.996026992797852,15.220000267028809,15.399999618530273,15.069999694824219,15.399999618530273,42510200
2026-06-09,15.163525581359863,15.390000343322754,15.529999732971191,15.140000343322754,15.34000015258789,48003700
2026-06-10,14.89749813079834,15.119999885559082,15.279999732971191,14.899999618530273,15.210000038146973,66313600
2026-06-11,15.212788581848145,15.4399995803833,15.520000457763672,14.949999809265137,15.079999923706055,76637700
2026-06-12,15.005879402160645,15.229999542236328,15.579999923706055,15.130000114440918,15.199999809265137,46559500
2026-06-15,14.917203903198242,15.140000343322754,15.779999732971191,15.109999656677246,15.5600004196167,38898400
2026-06-16,14.81867504119873,15.039999961853027,15.180000305175781,14.859999656677246,15.020000457763672,26364300
2026-06-17,14.395002365112305,14.609999656677246,15.25,14.5,15.25,48934200
2026-06-18,14.119123458862305,14.329999923706055,14.720000267028809,14.210000038146973,14.630000114440918,39787400
2026-06-19,14.197946548461914,14.40999984741211,14.5600004196167,14.260000228881836,14.319999694824219,70356900
2026-06-22,14.483678817749023,14.699999809265137,14.859999656677246,14.529999732971191,14.569999694824219,86034900
2026-06-23,14.503384590148926,14.720000267028809,14.989999771118164,14.4399995803833,14.4399995803833,65885100
2026-06-24,14.808822631835938,15.029999732971191,15.109999656677246,14.600000381469727,14.600000381469727,57903500
2026-06-25,14.609999656677246,14.609999656677246,15.069999694824219,14.609999656677246,14.9399995803833,47483000
2026-06-26,14.920000076293945,14.920000076293945,15.050000190734863,14.399999618530273,14.569999694824219,58172200
