Price,Adj Close,Close,High,Low,Open,Volume
Ticker,PSSA3.SA,PSSA3.SA,PSSA3.SA,PSSA3.SA,PSSA3.SA,PSSA3.SA
Date,,,,,,
2021-06-28,20.5034236907959,26.540000915527344,26.540000915527344,25.864999771118164,25.9950008392334,2498000
2021-06-29,20.499563217163086,26.53499984741211,26.549999237060547,26.014999389648438,26.53499984741211,2315400
2021-06-30,20.65407371520996,26.735000610351562,26.985000610351562,26.225000381469727,26.350000381469727,2455400
2021-07-01,20.939918518066406,27.104999542236328,27.59000015258789,26.770000457763672,27.024999618530273,3234800
2021-07-02,20.80472183227539,26.93000030517578,27.415000915527344,26.850000381469727,27.225000381469727,3603800
2021-07-05,20.84334373474121,26.979999542236328,27.100000381469727,26.65999984741211,26.850000381469727,1028400
2021-07-06,20.499563217163086,26.53499984741211,26.950000762939453,26.389999389648438,26.829999923706055,1222800
2021-07-07,20.766088485717773,26.8799991607666,26.920000076293945,26.40999984741211,26.665000915527344,1915000
2021-07-08,20.287111282348633,26.260000228881836,26.575000762939453,25.940000534057617,26.450000762939453,2188600
2021-07-12,20.526599884033203,26.56999969482422,26.604999542236328,26.010000228881836,26.299999237060547,1567600
2021-07-13,20.54591178894043,26.594999313354492,26.7549991607666,26.25,26.53499984741211,1647200
2021-07-14,20.472524642944336,26.5,26.7549991607666,26.190000534057617,26.614999771118164,1990600
2021-07-15,20.325740814208984,26.309999465942383,26.549999237060547,26.03499984741211,26.280000686645508,2147200
2021-07-16,20.05148696899414,25.954999923706055,26.325000762939453,25.920000076293945,26.30500030517578,2046200
2021-07-19,20.229169845581055,26.184999465942383,26.184999465942383,25.55500030517578,25.875,2542800
2021-07-20,20.484111785888672,26.514999389648438,26.614999771118164,25.959999084472656,26.184999465942383,2303200
2021-07-21,19.970367431640625,25.850000381469727,26.520000457763672,25.684999465942383,26.514999389648438,1965800
2021-07-22,19.819721221923828,25.655000686645508,25.899999618530273,25.524999618530273,25.850000381469727,1545400
2021-07-23,19.958778381347656,25.834999084472656,26.049999237060547,25.639999389648438,25.674999237060547,1605800
2021-07-26,19.93173599243164,25.799999237060547,25.975000381469727,25.604999542236328,25.84000015258789,1447800
2021-07-27,19.788818359375,25.614999771118164,25.920000076293945,25.454999923706055,25.850000381469727,1732200
2021-07-28,19.98581886291504,25.8700008392334,26.03499984741211,25.625,25.844999313354492,1764200
2021-07-29,20.097837448120117,26.014999389648438,26.219999313354492,25.760000228881836,25.8700008392334,1479400
2021-07-30,20.22370147705078,25.829999923706055,26.03499984741211,25.6200008392334,25.7450008392334,5548400
2021-08-02,21.155420303344727,27.020000457763672,27.225000381469727,25.94499969482422,26.0,3858000
2021-08-03,21.0927791595459,26.940000534057617,27.149999618530273,26.665000915527344,27.0,3444000
2021-08-04,20.920528411865234,26.719999313354492,26.94499969482422,26.475000381469727,26.94499969482422,2367600
2021-08-05,20.748281478881836,26.5,27.174999237060547,26.315000534057617,26.950000762939453,3254000
2021-08-06,20.740447998046875,26.489999771118164,26.670000076293945,26.139999389648438,26.540000915527344,2338200
2021-08-09,20.924442291259766,26.725000381469727,27.024999618530273,26.469999313354492,26.469999313354492,1488200
2021-08-10,20.72870445251465,26.475000381469727,26.989999771118164,26.334999084472656,26.96500015258789,2075400
2021-08-11,21.601699829101562,27.59000015258789,27.59000015258789,26.46500015258789,26.56999969482422,5297400
2021-08-12,21.75046157836914,27.780000686645508,28.28499984741211,27.549999237060547,27.579999923706055,4058600
2021-08-13,21.86399269104004,27.924999237060547,27.969999313354492,27.239999771118164,27.774999618530273,3172800
2021-08-16,22.255464553833008,28.424999237060547,28.94499969482422,27.635000228881836,28.059999465942383,7027000
2021-08-17,21.589956283569336,27.575000762939453,28.684999465942383,27.059999465942383,28.684999465942383,7483200
2021-08-18,22.525583267211914,28.770000457763672,28.989999771118164,27.684999465942383,27.780000686645508,4763600
2021-08-19,22.88182830810547,29.225000381469727,29.325000762939453,28.315000534057617,28.459999084472656,3364600
2021-08-20,22.91705894470215,29.270000457763672,29.43000030517578,28.90999984741211,29.040000915527344,2099000
2021-08-23,22.80744743347168,29.1299991607666,29.684999465942383,28.950000762939453,29.440000534057617,4593200
2021-08-24,22.760469436645508,29.06999969482422,29.280000686645508,28.809999465942383,29.149999618530273,3164000
2021-08-25,22.498180389404297,28.735000610351562,28.975000381469727,28.40999984741211,28.950000762939453,2962400
2021-08-26,22.45120620727539,28.674999237060547,28.875,28.399999618530273,28.725000381469727,1608000
2021-08-27,22.701751708984375,28.9950008392334,29.145000457763672,28.514999389648438,28.735000610351562,1974800
2021-08-30,22.639118194580078,28.915000915527344,29.125,28.610000610351562,28.9950008392334,2106000
2021-08-31,22.3807373046875,28.584999084472656,29.1200008392334,28.139999389648438,28.799999237060547,4324200
2021-09-01,22.134109497070312,28.270000457763672,28.65999984741211,27.975000381469727,28.575000762939453,4013600
2021-09-02,21.758291244506836,27.790000915527344,28.139999389648438,27.579999923706055,28.110000610351562,2427800
2021-09-03,21.32766342163086,27.239999771118164,27.899999618530273,26.729999542236328,27.75,4467200
2021-09-06,21.425533294677734,27.364999771118164,27.530000686645508,27.030000686645508,27.18000030517578,1355200
2021-09-08,20.59560203552246,26.30500030517578,27.385000228881836,26.184999465942383,27.31999969482422,2899400
2021-09-09,20.748281478881836,26.5,26.5,25.81999969482422,26.420000076293945,2751800
2021-09-10,20.865724563598633,26.649999618530273,27.065000534057617,26.469999313354492,26.875,1694600
2021-09-13,20.732622146606445,26.479999542236328,26.915000915527344,26.280000686645508,26.80500030517578,2384400
2021-09-14,20.51731300354004,26.204999923706055,26.739999771118164,26.030000686645508,26.43000030517578,2389000
2021-09-15,20.13365936279297,25.71500015258789,26.204999923706055,25.459999084472656,26.1200008392334,4669400
2021-09-16,20.36463165283203,26.010000228881836,26.010000228881836,25.299999237060547,25.329999923706055,3057600
2021-09-17,20.431182861328125,26.094999313354492,26.094999313354492,25.565000534057617,25.905000686645508,4870800
2021-09-20,19.847881317138672,25.350000381469727,25.735000610351562,25.114999771118164,25.735000610351562,3292000
2021-09-21,20.024045944213867,25.575000762939453,25.934999465942383,25.299999237060547,25.510000228881836,3318000
2021-09-22,20.239362716674805,25.850000381469727,25.985000610351562,25.549999237060547,25.799999237060547,2828000
2021-09-23,20.168895721435547,25.760000228881836,26.200000762939453,25.760000228881836,25.979999542236328,1869400
2021-09-24,20.145402908325195,25.729999542236328,25.899999618530273,25.459999084472656,25.614999771118164,1989800
2021-09-27,20.125831604003906,25.704999923706055,25.940000534057617,25.520000457763672,25.770000457763672,1869600
2021-09-28,19.789161682128906,25.274999618530273,25.71500015258789,25.06999969482422,25.575000762939453,2866200
2021-09-29,19.64431381225586,25.09000015258789,25.540000915527344,25.09000015258789,25.309999465942383,1983600
2021-09-30,19.36244773864746,24.729999542236328,25.415000915527344,24.729999542236328,25.264999389648438,3165800
2021-10-01,19.425085067749023,24.809999465942383,24.850000381469727,24.420000076293945,24.565000534057617,4045600
2021-10-04,19.061012268066406,24.344999313354492,24.80500030517578,23.809999465942383,24.799999237060547,2470200
2021-10-05,19.154970169067383,24.46500015258789,24.575000762939453,23.899999618530273,24.510000228881836,3014400
2021-10-06,18.485544204711914,23.610000610351562,24.290000915527344,23.40999984741211,24.110000610351562,4327800
2021-10-07,18.00794219970703,23.0,23.78499984741211,22.864999771118164,23.75,5869200
2021-10-08,18.465967178344727,23.584999084472656,23.709999084472656,23.100000381469727,23.149999618530273,3135800
2021-10-11,17.820032119750977,22.760000228881836,23.635000228881836,22.71500015258789,23.604999542236328,2518400
2021-10-13,18.109724044799805,23.1299991607666,23.1299991607666,22.704999923706055,22.844999313354492,2149000
2021-10-14,17.694759368896484,22.600000381469727,23.270000457763672,22.350000381469727,23.270000457763672,3050800
2021-10-15,17.953136444091797,22.93000030517578,22.96500015258789,22.520000457763672,22.635000228881836,2164800
2021-10-18,18.082321166992188,23.094999313354492,23.239999771118164,22.6200008392334,22.815000534057617,1738200
2021-10-19,18.305463790893555,23.3799991607666,23.5,22.959999084472656,23.040000915527344,4886400
2021-10-20,18.571666717529297,23.719999313354492,24.049999237060547,23.434999465942383,23.5049991607666,3334800
2021-10-21,18.72825813293457,23.920000076293945,24.68000030517578,23.1200008392334,23.639999389648438,7102500
2021-10-22,18.642139434814453,23.809999465942383,24.239999771118164,22.690000534057617,23.899999618530273,5536600
2021-10-25,18.853530883789062,24.079999923706055,24.579999923706055,23.889999389648438,24.110000610351562,2454100
2021-10-26,18.415081024169922,23.520000457763672,24.170000076293945,23.43000030517578,24.06999969482422,1579700
2021-10-27,18.6186466217041,23.780000686645508,24.139999389648438,23.459999084472656,23.709999084472656,1674900
2021-10-28,18.532522201538086,23.670000076293945,24.110000610351562,23.510000228881836,23.75,3859900
2021-10-29,18.27414321899414,23.34000015258789,23.950000762939453,23.280000686645508,23.950000762939453,1951700
2021-11-01,18.541410446166992,23.399999618530273,23.65999984741211,22.93000030517578,23.270000457763672,1932100
2021-11-03,18.8345890045166,23.770000457763672,24.049999237060547,23.1200008392334,23.260000228881836,2775500
2021-11-04,18.699886322021484,23.600000381469727,24.030000686645508,23.43000030517578,23.889999389648438,1694400
2021-11-05,19.103992462158203,24.110000610351562,24.389999389648438,23.770000457763672,23.770000457763672,1344100
2021-11-08,19.088144302368164,24.09000015258789,24.579999923706055,23.940000534057617,24.25,2072300
2021-11-09,19.468482971191406,24.56999969482422,24.959999084472656,24.190000534057617,24.389999389648438,2333400
2021-11-10,19.737890243530273,24.90999984741211,25.18000030517578,24.530000686645508,24.56999969482422,2070800
2021-11-11,19.531871795654297,24.649999618530273,24.889999389648438,23.979999542236328,24.889999389648438,3932100
2021-11-12,19.58733367919922,24.719999313354492,24.8700008392334,24.469999313354492,24.510000228881836,2263100
2021-11-16,19.452634811401367,24.549999237060547,24.81999969482422,24.25,24.600000381469727,2171800
2021-11-17,19.15945816040039,24.18000030517578,25.0,24.110000610351562,24.709999084472656,2763300
2021-11-18,18.882131576538086,23.829999923706055,24.360000610351562,23.610000610351562,24.260000228881836,1427900
2021-11-19,18.19277000427246,22.959999084472656,23.8700008392334,22.959999084472656,23.829999923706055,2561000
2021-11-22,17.519262313842773,22.110000610351562,23.030000686645508,22.049999237060547,23.030000686645508,4257600
2021-11-23,17.73319435119629,22.3799991607666,22.530000686645508,21.950000762939453,22.209999084472656,1904900
2021-11-24,17.844125747680664,22.520000457763672,22.65999984741211,22.100000381469727,22.229999542236328,1124200
2021-11-25,18.652345657348633,23.540000915527344,23.549999237060547,22.520000457763672,22.520000457763672,1605400
2021-11-26,18.137306213378906,22.889999389648438,23.139999389648438,22.670000076293945,23.0,1704500
2021-11-29,18.105607986450195,22.850000381469727,23.030000686645508,22.520000457763672,23.030000686645508,2216300
2021-11-30,17.63811683654785,22.260000228881836,22.739999771118164,22.049999237060547,22.719999313354492,2239100
2021-12-01,17.194387435913086,21.700000762939453,22.729999542236328,21.540000915527344,22.309999465942383,3631100
2021-12-02,17.859975814819336,22.540000915527344,22.6299991607666,21.780000686645508,21.920000076293945,2297400
2021-12-03,17.796585083007812,22.459999084472656,22.90999984741211,22.209999084472656,22.600000381469727,2284600
2021-12-06,17.72527503967285,22.3700008392334,22.68000030517578,22.229999542236328,22.530000686645508,1527600
2021-12-07,17.550954818725586,22.149999618530273,22.559999465942383,21.940000534057617,22.5,1821700
2021-12-08,17.392480850219727,21.950000762939453,22.170000076293945,21.260000228881836,22.100000381469727,3817300
2021-12-09,17.131000518798828,21.6200008392334,21.940000534057617,21.440000534057617,21.940000534057617,2355000
2021-12-10,17.218158721923828,21.729999542236328,21.969999313354492,21.6200008392334,21.799999237060547,1977900
2021-12-13,16.996295928955078,21.450000762939453,22.09000015258789,21.360000610351562,21.770000457763672,2244000
2021-12-14,16.65557861328125,21.020000457763672,21.81999969482422,21.020000457763672,21.510000228881836,1827200
2021-12-15,17.115150451660156,21.600000381469727,21.760000228881836,21.010000228881836,21.1299991607666,1810800
2021-12-16,16.956676483154297,21.399999618530273,21.950000762939453,21.299999237060547,21.65999984741211,1521300
2021-12-17,16.62388038635254,20.979999542236328,21.389999389648438,20.920000076293945,21.389999389648438,1348100
2021-12-20,16.497100830078125,20.81999969482422,21.079999923706055,20.600000381469727,21.040000915527344,830600
2021-12-21,16.409942626953125,20.709999084472656,21.0,20.489999771118164,21.0,1215900
2021-12-22,16.322782516479492,20.600000381469727,20.799999237060547,20.479999542236328,20.75,1046500
2021-12-23,16.560487747192383,20.899999618530273,21.020000457763672,20.309999465942383,20.510000228881836,2401600
2021-12-27,16.63973045349121,21.0,21.18000030517578,20.90999984741211,20.90999984741211,530300
2021-12-28,16.544645309448242,20.8799991607666,21.25,20.770000457763672,21.139999389648438,521800
2021-12-29,16.53672218322754,20.8700008392334,20.93000030517578,20.520000457763672,20.93000030517578,960300
2021-12-30,16.576339721679688,20.920000076293945,21.100000381469727,20.549999237060547,20.90999984741211,3010600
2022-01-03,15.910747528076172,20.079999923706055,21.43000030517578,20.079999923706055,21.420000076293945,1503200
2022-01-04,15.728506088256836,19.850000381469727,20.190000534057617,19.6200008392334,20.1200008392334,3087000
2022-01-05,15.284784317016602,19.290000915527344,19.979999542236328,19.290000915527344,19.8700008392334,3365000
2022-01-06,15.134230613708496,19.100000381469727,19.43000030517578,19.0,19.389999389648438,2025100
2022-01-07,15.300623893737793,19.309999465942383,19.43000030517578,18.920000076293945,19.18000030517578,2350500
2022-01-10,15.126307487487793,19.09000015258789,19.610000610351562,18.90999984741211,19.360000610351562,2245500
2022-01-11,15.110456466674805,19.06999969482422,19.229999542236328,18.739999771118164,19.1299991607666,2353800
2022-01-12,15.371943473815918,19.399999618530273,19.520000457763672,19.020000457763672,19.15999984741211,1863000
2022-01-13,15.43532943725586,19.479999542236328,19.700000762939453,19.3700008392334,19.399999618530273,1118200
2022-01-14,15.34024429321289,19.360000610351562,19.5,19.18000030517578,19.450000762939453,1228700
2022-01-17,15.364013671875,19.389999389648438,19.700000762939453,19.260000228881836,19.40999984741211,2146900
2022-01-18,14.959906578063965,18.8799991607666,19.350000381469727,18.780000686645508,19.239999771118164,3527700
2022-01-19,15.292703628540039,19.299999237060547,19.450000762939453,18.90999984741211,18.90999984741211,2516900
2022-01-20,15.379865646362305,19.40999984741211,19.639999389648438,19.15999984741211,19.420000076293945,2187700
2022-01-21,15.316474914550781,19.329999923706055,19.420000076293945,19.1299991607666,19.40999984741211,1689200
2022-01-24,14.81728458404541,18.700000762939453,19.610000610351562,18.6299991607666,19.309999465942383,2198300
2022-01-25,14.959906578063965,18.8799991607666,19.040000915527344,18.530000686645508,18.65999984741211,2694800
2022-01-26,15.276856422424316,19.280000686645508,19.559999465942383,18.75,19.030000686645508,3042300
2022-01-27,15.83944034576416,19.989999771118164,20.149999618530273,19.34000015258789,19.350000381469727,2384100
2022-01-28,15.6809663772583,19.790000915527344,20.280000686645508,19.739999771118164,20.0,1508600
2022-01-31,15.712655067443848,19.829999923706055,20.219999313354492,19.709999084472656,19.889999389648438,3820000
2022-02-01,15.799814224243164,19.940000534057617,20.190000534057617,19.65999984741211,19.93000030517578,2156300
2022-02-02,15.712655067443848,19.829999923706055,20.139999389648438,19.709999084472656,20.0,1431600
2022-02-03,15.673043251037598,19.780000686645508,20.09000015258789,19.649999618530273,19.850000381469727,1704500
2022-02-04,15.197617530822754,19.18000030517578,19.790000915527344,19.059999465942383,19.790000915527344,2321100
2022-02-07,15.712655067443848,19.829999923706055,19.979999542236328,19.190000534057617,19.3700008392334,2521800
2022-02-08,16.275239944458008,20.540000915527344,20.670000076293945,19.440000534057617,19.649999618530273,4089200
2022-02-09,16.893285751342773,21.31999969482422,21.31999969482422,20.549999237060547,20.549999237060547,4240800
2022-02-10,16.726890563964844,21.110000610351562,21.549999237060547,20.93000030517578,21.3700008392334,3650600
2022-02-11,16.86159324645996,21.280000686645508,21.520000457763672,20.940000534057617,21.170000076293945,3707900
2022-02-14,16.86951446533203,21.290000915527344,21.5,21.09000015258789,21.270000457763672,2312000
2022-02-15,16.758583068847656,21.149999618530273,21.540000915527344,20.959999084472656,21.540000915527344,3104300
2022-02-16,17.170616149902344,21.670000076293945,21.920000076293945,21.170000076293945,21.209999084472656,3033200
2022-02-17,17.131000518798828,21.6200008392334,21.979999542236328,21.389999389648438,21.68000030517578,3662600
2022-02-18,17.05968475341797,21.530000686645508,21.8799991607666,21.450000762939453,21.700000762939453,976100
2022-02-21,16.774433135986328,21.170000076293945,21.690000534057617,21.170000076293945,21.540000915527344,1227300
2022-02-22,16.71896743774414,21.100000381469727,21.479999542236328,21.030000686645508,21.190000534057617,1410600
2022-02-23,16.66350555419922,21.030000686645508,21.360000610351562,21.010000228881836,21.25,1080100
2022-02-24,16.520875930786133,20.850000381469727,21.030000686645508,20.219999313354492,20.56999969482422,2002800
2022-02-25,16.62388038635254,20.979999542236328,21.200000762939453,20.770000457763672,20.90999984741211,1546500
2022-03-02,16.584264755249023,20.93000030517578,21.079999923706055,20.670000076293945,20.979999542236328,1229800
2022-03-03,16.806123733520508,21.209999084472656,21.3799991607666,20.770000457763672,20.920000076293945,1233900
2022-03-04,16.465410232543945,20.780000686645508,21.280000686645508,20.610000610351562,21.280000686645508,2469000
2022-03-07,15.459098815917969,19.510000228881836,20.729999542236328,19.5,20.729999542236328,2746000
2022-03-08,15.554182052612305,19.6299991607666,20.020000457763672,19.3700008392334,19.690000534057617,2294100
2022-03-09,16.219770431518555,20.469999313354492,20.489999771118164,19.649999618530273,19.81999969482422,1935100
2022-03-10,15.40363597869873,19.440000534057617,20.34000015258789,19.360000610351562,20.34000015258789,3567200
2022-03-11,15.379865646362305,19.40999984741211,19.75,19.260000228881836,19.489999771118164,1630800
2022-03-14,15.245162010192871,19.239999771118164,19.829999923706055,19.239999771118164,19.450000762939453,1165500
2022-03-15,15.371943473815918,19.399999618530273,19.579999923706055,19.110000610351562,19.239999771118164,1662200
2022-03-16,15.514565467834473,19.579999923706055,19.729999542236328,19.31999969482422,19.479999542236328,834100
2022-03-17,15.570032119750977,19.649999618530273,19.739999771118164,19.530000686645508,19.59000015258789,1281200
2022-03-18,15.847358703613281,20.0,20.0,19.459999084472656,19.649999618530273,2997800
2022-03-21,15.918672561645508,20.09000015258789,20.700000762939453,19.860000610351562,20.049999237060547,2752300
2022-03-22,16.196002960205078,20.440000534057617,20.84000015258789,20.15999984741211,20.15999984741211,1527700
2022-03-23,16.029605865478516,20.229999542236328,20.75,20.049999237060547,20.510000228881836,1779300
2022-03-24,16.10091781616211,20.31999969482422,20.43000030517578,20.06999969482422,20.229999542236328,2218400
2022-03-25,16.528799057006836,20.860000610351562,21.15999984741211,20.25,20.350000381469727,1630600
2022-03-28,16.51295280456543,20.84000015258789,21.15999984741211,20.579999923706055,21.049999237060547,1578000
2022-03-29,16.845741271972656,21.260000228881836,21.450000762939453,20.770000457763672,20.950000762939453,2321800
2022-03-30,16.821975708007812,21.229999542236328,21.5,21.020000457763672,21.34000015258789,1307300
2022-03-31,16.726890563964844,21.110000610351562,21.5,21.06999969482422,21.18000030517578,1811900
2022-04-01,16.92724609375,20.90999984741211,21.040000915527344,20.200000762939453,20.979999542236328,3348400
2022-04-04,16.870580673217773,20.84000015258789,21.18000030517578,20.6200008392334,21.0,1857700
2022-04-05,16.692487716674805,20.6200008392334,20.8799991607666,20.40999984741211,20.84000015258789,2208800
2022-04-06,16.57105255126953,20.469999313354492,20.649999618530273,20.200000762939453,20.600000381469727,1110600
2022-04-07,16.70867919921875,20.639999389648438,20.829999923706055,20.420000076293945,20.510000228881836,2682200
2022-04-08,17.251060485839844,21.309999465942383,21.459999084472656,20.520000457763672,20.579999923706055,1687600
2022-04-11,17.493919372558594,21.610000610351562,22.040000915527344,21.190000534057617,21.329999923706055,3385600
2022-04-12,17.340106964111328,21.420000076293945,21.979999542236328,21.420000076293945,21.649999618530273,2820300
2022-04-13,16.894866943359375,20.8700008392334,21.790000915527344,20.829999923706055,21.6299991607666,2493200
2022-04-14,16.854389190673828,20.81999969482422,21.149999618530273,20.350000381469727,20.760000228881836,1362800
2022-04-18,17.105344772338867,21.1299991607666,21.280000686645508,20.81999969482422,20.81999969482422,1545100
2022-04-19,17.064865112304688,21.079999923706055,21.3700008392334,20.959999084472656,21.18000030517578,1294600
2022-04-20,17.064865112304688,21.079999923706055,21.31999969482422,20.860000610351562,21.079999923706055,1192000
2022-04-22,16.8220157623291,20.780000686645508,21.3700008392334,20.729999542236328,20.950000762939453,1259700
2022-04-25,16.846296310424805,20.809999465942383,20.940000534057617,20.40999984741211,20.649999618530273,1658600
2022-04-26,16.635818481445312,20.549999237060547,21.09000015258789,20.389999389648438,20.809999465942383,1276200
2022-04-27,16.409151077270508,20.270000457763672,20.850000381469727,20.110000610351562,20.81999969482422,1492300
2022-04-28,16.668201446533203,20.59000015258789,20.690000534057617,20.190000534057617,20.329999923706055,1255800
2022-04-29,16.473913192749023,20.350000381469727,20.8700008392334,20.280000686645508,20.719999313354492,3248500
2022-05-02,16.328197479248047,20.170000076293945,20.559999465942383,19.8799991607666,20.280000686645508,2138300
2022-05-03,16.22296142578125,20.040000915527344,20.309999465942383,20.040000915527344,20.1299991607666,1200100
2022-05-04,16.530580520629883,20.420000076293945,20.450000762939453,19.850000381469727,19.950000762939453,1809500
2022-05-05,16.295818328857422,20.1299991607666,20.290000915527344,19.780000686645508,20.290000915527344,1995300
2022-05-06,16.17438316345215,19.979999542236328,20.350000381469727,19.899999618530273,20.06999969482422,947400
2022-05-09,15.640095710754395,19.31999969482422,19.739999771118164,19.010000228881836,19.670000076293945,3908900
2022-05-10,15.300095558166504,18.899999618530273,19.610000610351562,18.739999771118164,19.479999542236328,1962100
2022-05-11,14.6767578125,18.1299991607666,18.959999084472656,18.09000015258789,18.940000534057617,2410400
2022-05-12,15.54295539855957,19.200000762939453,19.239999771118164,18.040000915527344,18.100000381469727,2180700
2022-05-13,16.044864654541016,19.81999969482422,20.030000686645508,19.110000610351562,19.25,2260400
2022-05-16,16.312007904052734,20.149999618530273,20.149999618530273,19.549999237060547,19.8700008392334,1247000
2022-05-17,16.741056442260742,20.68000030517578,20.950000762939453,20.209999084472656,20.299999237060547,1226300
2022-05-18,16.59534454345703,20.5,20.8799991607666,20.3799991607666,20.670000076293945,1764600
2022-05-19,16.117721557617188,19.90999984741211,20.6299991607666,19.760000228881836,20.510000228881836,2582900
2022-05-20,16.33629608154297,20.18000030517578,20.18000030517578,19.809999465942383,19.989999771118164,2071800
2022-05-23,16.498197555541992,20.3799991607666,20.469999313354492,20.110000610351562,20.280000686645508,1145100
2022-05-24,16.457721710205078,20.329999923706055,20.520000457763672,20.059999465942383,20.190000534057617,1403900
2022-05-25,16.41724395751953,20.280000686645508,20.450000762939453,20.010000228881836,20.440000534057617,1312500
2022-05-26,16.627723693847656,20.540000915527344,20.690000534057617,20.25,20.270000457763672,1162400
2022-05-27,16.64391326904297,20.559999465942383,20.8799991607666,20.459999084472656,20.56999969482422,826000
2022-05-30,16.71677017211914,20.649999618530273,20.850000381469727,20.56999969482422,20.639999389648438,498000
2022-05-31,16.789628982543945,20.739999771118164,21.09000015258789,20.540000915527344,20.649999618530273,891900
2022-06-01,17.072967529296875,21.09000015258789,21.229999542236328,20.389999389648438,20.75,2136100
2022-06-02,16.724864959716797,20.65999984741211,21.360000610351562,20.510000228881836,21.299999237060547,1120400
2022-06-03,16.239151000976562,20.059999465942383,20.610000610351562,19.959999084472656,20.520000457763672,1459700
2022-06-06,15.834383010864258,19.559999465942383,20.219999313354492,19.360000610351562,20.1200008392334,1869900
2022-06-07,15.640095710754395,19.31999969482422,19.610000610351562,19.18000030517578,19.389999389648438,673400
2022-06-08,15.445812225341797,19.079999923706055,19.360000610351562,18.899999618530273,19.25,1104900
2022-06-09,15.51057243347168,19.15999984741211,19.450000762939453,18.860000610351562,19.079999923706055,985800
2022-06-10,15.162476539611816,18.729999542236328,19.079999923706055,18.719999313354492,19.010000228881836,1059800
2022-06-13,15.138191223144531,18.700000762939453,18.950000762939453,18.479999542236328,18.690000534057617,1399200
2022-06-14,14.992474555969238,18.520000457763672,18.809999465942383,18.5,18.809999465942383,1259500
2022-06-15,15.17056941986084,18.739999771118164,18.979999542236328,18.56999969482422,18.719999313354492,832900
2022-06-17,14.992474555969238,18.520000457763672,18.68000030517578,18.209999084472656,18.68000030517578,1921300
2022-06-20,15.00866413116455,18.540000915527344,18.850000381469727,18.309999465942383,18.670000076293945,1054200
2022-06-21,15.421524047851562,19.049999237060547,19.43000030517578,18.510000228881836,18.610000610351562,2073600
2022-06-22,15.2272367477417,18.809999465942383,19.219999313354492,18.729999542236328,18.90999984741211,1444200
2022-06-23,15.113903999328613,18.670000076293945,19.079999923706055,18.559999465942383,18.809999465942383,909400
2022-06-24,14.830568313598633,18.31999969482422,18.8700008392334,18.31999969482422,18.81999969482422,1071300
2022-06-27,14.862950325012207,18.360000610351562,18.56999969482422,18.270000457763672,18.5,998000
2022-06-28,14.781996726989746,18.260000228881836,18.600000381469727,18.059999465942383,18.5,1408700
2022-06-29,14.701045036315918,18.15999984741211,18.350000381469727,18.010000228881836,18.309999465942383,1097700
2022-06-30,14.377230644226074,17.760000228881836,18.09000015258789,17.600000381469727,18.059999465942383,3219800
2022-07-01,14.579612731933594,18.010000228881836,18.09000015258789,17.6200008392334,17.75,1591200
2022-07-04,14.433897972106934,17.829999923706055,18.18000030517578,17.700000762939453,18.030000686645508,707800
2022-07-05,14.871045112609863,18.3700008392334,18.40999984741211,17.6299991607666,17.739999771118164,1844300
2022-07-06,14.660569190979004,18.110000610351562,18.510000228881836,17.950000762939453,18.3700008392334,831500
2022-07-07,14.701045036315918,18.15999984741211,18.31999969482422,18.1200008392334,18.260000228881836,781600
2022-07-08,14.636282920837402,18.079999923706055,18.299999237060547,17.979999542236328,18.25,610800
2022-07-11,14.514852523803711,17.93000030517578,18.0,17.760000228881836,17.989999771118164,749600
2022-07-12,14.692947387695312,18.149999618530273,18.31999969482422,17.850000381469727,17.959999084472656,871600
2022-07-13,14.288183212280273,17.649999618530273,18.149999618530273,17.649999618530273,18.059999465942383,1408400
2022-07-14,14.34485149383545,17.719999313354492,17.8700008392334,17.469999313354492,17.68000030517578,1486500
2022-07-15,14.23151969909668,17.579999923706055,17.790000915527344,17.5,17.790000915527344,1026900
2022-07-18,14.352945327758789,17.729999542236328,18.079999923706055,17.559999465942383,17.65999984741211,687700
2022-07-19,14.2558012008667,17.610000610351562,17.809999465942383,17.3700008392334,17.799999237060547,1862400
2022-07-20,14.733424186706543,18.200000762939453,18.280000686645508,17.549999237060547,17.549999237060547,1155700
2022-07-21,14.660569190979004,18.110000610351562,18.229999542236328,17.75,18.1200008392334,1274300
2022-07-22,14.919615745544434,18.43000030517578,18.5,17.84000015258789,18.1299991607666,2011800
2022-07-25,14.879141807556152,18.3799991607666,18.850000381469727,18.200000762939453,18.56999969482422,2028600
2022-07-26,14.692947387695312,18.149999618530273,18.469999313354492,18.010000228881836,18.40999984741211,1327200
2022-07-27,14.919615745544434,18.43000030517578,18.510000228881836,18.149999618530273,18.280000686645508,1409900
2022-07-28,15.122000694274902,18.68000030517578,18.75,18.280000686645508,18.479999542236328,752100
2022-07-29,14.911520957946777,18.420000076293945,18.719999313354492,18.280000686645508,18.709999084472656,1177900
2022-08-01,14.992474555969238,18.520000457763672,18.6200008392334,18.299999237060547,18.43000030517578,1048700
2022-08-02,15.194854736328125,18.770000457763672,18.8700008392334,18.469999313354492,18.520000457763672,1243100
2022-08-03,15.656289100646973,19.34000015258789,19.3700008392334,18.790000915527344,18.850000381469727,1716400
2022-08-04,15.785812377929688,19.5,19.8700008392334,19.389999389648438,19.43000030517578,1643300
2022-08-05,16.214862823486328,20.030000686645508,20.110000610351562,18.59000015258789,19.25,4297000
2022-08-08,17.348201751708984,21.43000030517578,21.6299991607666,19.950000762939453,20.049999237060547,4117900
2022-08-09,17.599157333374023,21.739999771118164,21.850000381469727,21.34000015258789,21.34000015258789,2482500
2022-08-10,17.510108947753906,21.6299991607666,21.760000228881836,21.270000457763672,21.469999313354492,2742800
2022-08-11,17.251060485839844,21.309999465942383,21.799999237060547,21.139999389648438,21.780000686645508,1815500
2022-08-12,17.37248992919922,21.459999084472656,21.479999542236328,20.8700008392334,21.309999465942383,1736400
2022-08-15,17.720582962036133,21.889999389648438,22.1200008392334,21.25,21.290000915527344,1914300
2022-08-16,17.445344924926758,21.549999237060547,21.969999313354492,21.34000015258789,21.8799991607666,1383900
2022-08-17,17.2834415435791,21.350000381469727,21.559999465942383,20.940000534057617,21.299999237060547,1873500
2022-08-18,16.603435516357422,20.510000228881836,21.350000381469727,20.350000381469727,21.31999969482422,3147900
2022-08-19,16.781532287597656,20.729999542236328,20.90999984741211,20.270000457763672,20.440000534057617,3779600
2022-08-22,16.91914939880371,20.899999618530273,20.959999084472656,20.469999313354492,20.649999618530273,1382700
2022-08-23,17.048677444458008,21.059999465942383,21.059999465942383,20.690000534057617,20.969999313354492,1453100
2022-08-24,17.40487289428711,21.5,21.549999237060547,20.899999618530273,21.079999923706055,2627800
2022-08-25,17.882492065429688,22.09000015258789,22.15999984741211,21.690000534057617,21.729999542236328,2705600
2022-08-26,17.842016220092773,22.040000915527344,22.290000915527344,21.81999969482422,22.190000534057617,2061000
2022-08-29,18.133445739746094,22.399999618530273,22.479999542236328,21.84000015258789,21.979999542236328,1901500
2022-08-30,17.90677833557129,22.1200008392334,22.600000381469727,22.1200008392334,22.399999618530273,8227000
2022-08-31,17.584659576416016,21.110000610351562,21.729999542236328,21.110000610351562,21.700000762939453,2575700
2022-09-01,18.092792510986328,21.719999313354492,21.760000228881836,20.690000534057617,20.979999542236328,2923300
2022-09-02,18.22606658935547,21.8799991607666,22.299999237060547,21.809999465942383,21.829999923706055,2512500
2022-09-05,18.234397888183594,21.889999389648438,22.290000915527344,21.850000381469727,22.030000686645508,1381700
2022-09-06,17.909526824951172,21.5,21.829999923706055,21.209999084472656,21.760000228881836,1884000
2022-09-08,17.634639739990234,21.170000076293945,21.690000534057617,21.1299991607666,21.450000762939453,2168200
2022-09-09,18.176084518432617,21.81999969482422,22.06999969482422,21.18000030517578,21.190000534057617,1923200
2022-09-12,18.134441375732422,21.770000457763672,22.09000015258789,21.649999618530273,21.959999084472656,1158200
2022-09-13,18.084457397460938,21.709999084472656,21.790000915527344,21.420000076293945,21.479999542236328,1862600
2022-09-14,18.525949478149414,22.239999771118164,22.360000610351562,21.219999313354492,21.649999618530273,2599400
2022-09-15,18.767520904541016,22.530000686645508,22.68000030517578,22.1299991607666,22.239999771118164,5310100
2022-09-16,18.792510986328125,22.559999465942383,22.81999969482422,22.1299991607666,22.31999969482422,2512500
2022-09-19,18.82582664489746,22.600000381469727,22.760000228881836,22.420000076293945,22.540000915527344,1594900
2022-09-20,19.07573127746582,22.899999618530273,23.1200008392334,22.540000915527344,22.540000915527344,1429500
2022-09-21,18.600919723510742,22.329999923706055,22.989999771118164,22.329999923706055,22.8700008392334,1580000
2022-09-22,18.809171676635742,22.579999923706055,22.68000030517578,22.010000228881836,22.549999237060547,1360500
2022-09-23,18.409330368041992,22.100000381469727,22.489999771118164,21.860000610351562,22.389999389648438,1374000
2022-09-26,17.884540557861328,21.469999313354492,21.899999618530273,21.3799991607666,21.899999618530273,727100
2022-09-27,17.742929458618164,21.299999237060547,21.299999237060547,21.1200008392334,21.1200008392334,1628700
2022-09-28,17.709611892700195,21.260000228881836,21.56999969482422,21.030000686645508,21.309999465942383,1990400
2022-09-29,17.67629051208496,21.219999313354492,21.31999969482422,20.850000381469727,21.049999237060547,1331300
2022-09-30,17.601318359375,21.1299991607666,21.3799991607666,20.90999984741211,21.1299991607666,1415800
2022-10-03,18.109451293945312,21.739999771118164,21.860000610351562,21.239999771118164,21.399999618530273,2107100
2022-10-04,18.026147842407227,21.639999389648438,22.299999237060547,21.3799991607666,21.959999084472656,1598200
2022-10-05,17.91786003112793,21.510000228881836,22.010000228881836,21.40999984741211,21.65999984741211,1388800
2022-10-06,17.826229095458984,21.399999618530273,21.809999465942383,21.34000015258789,21.559999465942383,1414500
2022-10-07,17.867883682250977,21.450000762939453,21.65999984741211,21.09000015258789,21.299999237060547,2740100
2022-10-10,17.95951271057129,21.559999465942383,21.860000610351562,21.420000076293945,21.68000030517578,1404100
2022-10-11,17.9511775970459,21.549999237060547,21.729999542236328,21.309999465942383,21.510000228881836,1820000
2022-10-13,18.24273109436035,21.899999618530273,22.229999542236328,21.110000610351562,21.299999237060547,2741300
2022-10-14,18.092792510986328,21.719999313354492,22.100000381469727,21.670000076293945,21.959999084472656,950600
2022-10-17,18.45098304748535,22.149999618530273,22.3700008392334,21.670000076293945,21.799999237060547,1276400
2022-10-18,18.725872039794922,22.479999542236328,22.479999542236328,22.010000228881836,22.389999389648438,1658800
2022-10-19,18.29271125793457,21.959999084472656,22.489999771118164,21.790000915527344,22.489999771118164,1945300
2022-10-20,18.317699432373047,21.989999771118164,22.170000076293945,21.540000915527344,22.09000015258789,3069100
2022-10-21,18.600919723510742,22.329999923706055,22.459999084472656,21.850000381469727,21.950000762939453,2227700
2022-10-24,18.24273109436035,21.899999618530273,22.219999313354492,21.850000381469727,22.040000915527344,1298500
2022-10-25,18.0511417388916,21.670000076293945,21.899999618530273,21.260000228881836,21.889999389648438,2402500
2022-10-26,17.767919540405273,21.329999923706055,21.8700008392334,21.139999389648438,21.5,2483600
2022-10-27,18.392669677734375,22.079999923706055,22.280000686645508,21.260000228881836,21.3700008392334,1903100
2022-10-28,18.667560577392578,22.40999984741211,22.530000686645508,22.0,22.079999923706055,1543300
2022-10-31,19.358949661254883,23.239999771118164,23.290000915527344,21.860000610351562,22.100000381469727,3542900
2022-11-01,19.57448959350586,23.40999984741211,23.700000762939453,22.8700008392334,23.389999389648438,2623500
2022-11-03,20.65313720703125,24.700000762939453,24.770000457763672,23.43000030517578,23.520000457763672,6498900
2022-11-04,20.65313720703125,24.700000762939453,25.020000457763672,24.610000610351562,24.739999771118164,3070100
2022-11-07,20.143081665039062,24.09000015258789,24.770000457763672,23.950000762939453,24.520000457763672,2348700
2022-11-08,20.117990493774414,24.059999465942383,24.09000015258789,23.6299991607666,23.979999542236328,1131200
2022-11-09,19.992572784423828,23.90999984741211,24.43000030517578,23.770000457763672,23.940000534057617,2214800
2022-11-10,18.679798126220703,22.34000015258789,23.8799991607666,22.010000228881836,23.75,4683500
2022-11-11,19.022624969482422,22.75,23.100000381469727,22.030000686645508,22.049999237060547,3675900
2022-11-14,18.69652557373047,22.360000610351562,23.229999542236328,22.139999389648438,23.200000762939453,2799600
2022-11-16,18.5627384185791,22.200000762939453,22.56999969482422,21.899999618530273,22.1299991607666,2773800
2022-11-17,18.353694915771484,21.950000762939453,22.3700008392334,21.520000457763672,21.969999313354492,3096900
2022-11-18,18.153017044067383,21.709999084472656,22.559999465942383,21.40999984741211,22.190000534057617,1622700
2022-11-21,18.71324348449707,22.3799991607666,22.510000228881836,21.760000228881836,21.90999984741211,1462900
2022-11-22,18.64635467529297,22.299999237060547,22.709999084472656,22.1200008392334,22.40999984741211,1412200
2022-11-23,19.081157684326172,22.81999969482422,23.06999969482422,22.1200008392334,22.170000076293945,1770500
2022-11-24,19.666465759277344,23.520000457763672,23.68000030517578,22.8799991607666,22.969999313354492,1443200
2022-11-25,19.390535354614258,23.190000534057617,23.670000076293945,23.059999465942383,23.479999542236328,1843400
2022-11-28,19.674833297729492,23.530000686645508,23.610000610351562,22.90999984741211,23.020000457763672,2238000
2022-11-29,19.80861473083496,23.690000534057617,24.190000534057617,23.459999084472656,23.6299991607666,1487400
2022-11-30,20.2434139251709,24.209999084472656,24.209999084472656,23.549999237060547,23.770000457763672,2378900
2022-12-01,20.042736053466797,23.969999313354492,24.5,23.969999313354492,24.059999465942383,1460900
2022-12-02,19.934038162231445,23.84000015258789,24.059999465942383,23.459999084472656,23.969999313354492,2344200
2022-12-05,19.415618896484375,23.219999313354492,23.84000015258789,23.1299991607666,23.68000030517578,1324300
2022-12-06,19.398897171020508,23.200000762939453,23.829999923706055,22.84000015258789,23.420000076293945,3879300
2022-12-07,19.223302841186523,22.989999771118164,23.34000015258789,22.700000762939453,23.079999923706055,1836000
2022-12-08,18.955732345581055,22.670000076293945,23.219999313354492,22.549999237060547,22.809999465942383,1202400
2022-12-09,19.056068420410156,22.790000915527344,22.950000762939453,22.43000030517578,22.670000076293945,1391700
2022-12-12,18.51256561279297,22.139999389648438,22.780000686645508,21.920000076293945,22.690000534057617,2086300
2022-12-13,17.684768676757812,21.149999618530273,22.209999084472656,21.100000381469727,22.139999389648438,3164400
2022-12-14,17.442283630371094,20.860000610351562,20.93000030517578,20.450000762939453,20.920000076293945,6125100
2022-12-15,17.634597778320312,21.09000015258789,21.579999923706055,20.799999237060547,20.8700008392334,4516400
2022-12-16,17.659687042236328,21.1200008392334,21.280000686645508,20.860000610351562,20.860000610351562,4216100
2022-12-19,17.87708854675293,21.3799991607666,21.56999969482422,21.020000457763672,21.020000457763672,2306900
2022-12-20,18.4791202545166,22.100000381469727,22.450000762939453,21.290000915527344,21.350000381469727,3747300
2022-12-21,18.763418197631836,22.440000534057617,22.6299991607666,22.110000610351562,22.15999984741211,1724000
2022-12-22,19.081157684326172,22.81999969482422,22.959999084472656,22.440000534057617,22.479999542236328,2489000
2022-12-23,19.13968849182129,22.889999389648438,23.360000610351562,22.520000457763672,22.950000762939453,1765600
2022-12-26,18.821945190429688,22.510000228881836,23.010000228881836,22.450000762939453,22.84000015258789,752200
2022-12-27,19.114604949951172,22.860000610351562,22.920000076293945,22.389999389648438,22.579999923706055,1054700
2022-12-28,19.607934951782227,23.450000762939453,23.5,22.709999084472656,22.979999542236328,1132700
2022-12-29,19.35708999633789,23.149999618530273,23.649999618530273,23.110000610351562,23.530000686645508,1349800
2023-01-02,18.930644989013672,22.639999389648438,23.700000762939453,22.5,23.700000762939453,2282600
2023-01-03,18.57110023498535,22.209999084472656,22.84000015258789,22.06999969482422,22.639999389648438,1009900
2023-01-04,18.6296329498291,22.280000686645508,22.770000457763672,22.049999237060547,22.270000457763672,1583500
2023-01-05,18.81358528137207,22.5,22.600000381469727,22.110000610351562,22.3700008392334,1999900
2023-01-06,19.06443214416504,22.799999237060547,22.8799991607666,22.280000686645508,22.5,1881700
2023-01-09,19.240026473999023,23.010000228881836,23.170000076293945,22.489999771118164,22.690000534057617,1770700
2023-01-10,19.683191299438477,23.540000915527344,23.639999389648438,22.690000534057617,22.93000030517578,1501600
2023-01-11,19.750083923339844,23.6200008392334,23.75,23.329999923706055,23.520000457763672,1624300
2023-01-12,19.59957504272461,23.440000534057617,23.739999771118164,23.350000381469727,23.520000457763672,1268300
2023-01-13,19.457427978515625,23.270000457763672,23.43000030517578,23.06999969482422,23.270000457763672,928300
2023-01-16,19.373809814453125,23.170000076293945,23.360000610351562,23.030000686645508,23.09000015258789,473800
2023-01-17,19.566125869750977,23.399999618530273,23.649999618530273,23.209999084472656,23.25,1118500
2023-01-18,20.042736053466797,23.969999313354492,24.059999465942383,23.440000534057617,23.579999923706055,1772400
2023-01-19,19.858783721923828,23.75,23.989999771118164,23.639999389648438,23.850000381469727,1090100
2023-01-20,19.541040420532227,23.3700008392334,23.969999313354492,23.34000015258789,23.829999923706055,813800
2023-01-23,19.398897171020508,23.200000762939453,23.6200008392334,23.1200008392334,23.360000610351562,829600
2023-01-24,19.724994659423828,23.59000015258789,23.75,23.229999542236328,23.229999542236328,1488900
2023-01-25,19.94240379333496,23.850000381469727,24.09000015258789,23.43000030517578,23.549999237060547,2240700
2023-01-26,20.260141372680664,24.229999542236328,24.360000610351562,23.75,23.899999618530273,1446600
2023-01-27,20.31867218017578,24.299999237060547,24.360000610351562,23.989999771118164,24.200000762939453,1142100
2023-01-30,20.82036590576172,24.899999618530273,25.06999969482422,24.34000015258789,24.360000610351562,3939400
2023-01-31,21.65652847290039,25.899999618530273,26.389999389648438,24.84000015258789,24.889999389648438,4215500
2023-02-01,21.288616180419922,25.459999084472656,25.809999465942383,25.190000534057617,25.809999465942383,3096800
2023-02-02,21.263530731201172,25.43000030517578,25.829999923706055,25.25,25.329999923706055,1214700
2023-02-03,21.079574584960938,25.209999084472656,25.469999313354492,24.950000762939453,25.350000381469727,2076300
2023-02-06,21.21336555480957,25.3700008392334,25.549999237060547,25.030000686645508,25.239999771118164,1712300
2023-02-07,21.32206153869629,25.5,25.729999542236328,24.969999313354492,25.399999618530273,2693600
2023-02-08,21.606359481811523,25.84000015258789,26.110000610351562,25.309999465942383,25.690000534057617,2313800
2023-02-09,21.21336555480957,25.3700008392334,26.100000381469727,25.219999313354492,26.09000015258789,1275200
2023-02-10,22.24184226989746,26.600000381469727,26.899999618530273,25.780000686645508,26.030000686645508,4710700
2023-02-13,22.492685317993164,26.899999618530273,27.649999618530273,26.729999542236328,26.799999237060547,3512100
2023-02-14,22.492685317993164,26.899999618530273,27.020000457763672,26.579999923706055,26.850000381469727,1809500
2023-02-15,22.392349243164062,26.780000686645508,27.110000610351562,26.649999618530273,26.899999618530273,1443700
2023-02-16,23.044553756713867,27.559999465942383,27.670000076293945,26.690000534057617,26.729999542236328,2411500
2023-02-17,23.32048225402832,27.889999389648438,27.989999771118164,27.360000610351562,27.389999389648438,2040500
2023-02-22,22.325454711914062,26.700000762939453,28.0,26.610000610351562,27.889999389648438,2294500
2023-02-23,22.634830474853516,27.06999969482422,27.309999465942383,25.579999923706055,26.709999084472656,6203300
2023-02-24,22.60974884033203,27.040000915527344,27.149999618530273,26.75,27.030000686645508,2126400
2023-02-27,22.450878143310547,26.850000381469727,27.06999969482422,26.639999389648438,27.040000915527344,1711900
2023-02-28,22.133136749267578,26.469999313354492,27.06999969482422,26.43000030517578,26.850000381469727,2857700
2023-03-01,21.832122802734375,26.110000610351562,26.43000030517578,25.639999389648438,26.43000030517578,2635500
2023-03-02,21.940818786621094,26.239999771118164,26.780000686645508,25.989999771118164,26.100000381469727,1561100
2023-03-03,21.57291030883789,25.799999237060547,26.280000686645508,25.65999984741211,26.25,1692400
2023-03-06,21.823760986328125,26.100000381469727,26.229999542236328,25.75,25.799999237060547,1517300
2023-03-07,22.074604034423828,26.399999618530273,26.459999084472656,25.920000076293945,26.100000381469727,1434300
2023-03-08,22.367263793945312,26.75,26.889999389648438,26.290000915527344,26.450000762939453,1433300
2023-03-09,22.467599868774414,26.8700008392334,27.030000686645508,26.600000381469727,26.739999771118164,2793500
2023-03-10,21.882291793823242,26.170000076293945,26.8700008392334,26.06999969482422,26.8700008392334,2126200
2023-03-13,21.15483283996582,25.299999237060547,25.8700008392334,25.170000076293945,25.860000610351562,3082700
2023-03-14,20.845449447631836,24.93000030517578,25.43000030517578,24.760000228881836,25.219999313354492,1787400
2023-03-15,20.870534896850586,24.959999084472656,25.059999465942383,24.43000030517578,24.579999923706055,1787000
2023-03-16,20.72002410888672,24.780000686645508,25.1299991607666,24.68000030517578,25.010000228881836,1410500
2023-03-17,20.51935386657715,24.540000915527344,24.739999771118164,24.290000915527344,24.68000030517578,2382400
2023-03-20,20.092910766601562,24.030000686645508,24.540000915527344,23.90999984741211,24.540000915527344,2286000
2023-03-21,20.051097869873047,23.979999542236328,24.09000015258789,23.700000762939453,23.969999313354492,996400
2023-03-22,20.260141372680664,24.229999542236328,24.3700008392334,23.979999542236328,24.030000686645508,1342600
2023-03-23,20.168161392211914,24.1200008392334,25.110000610351562,23.770000457763672,24.229999542236328,2628900
2023-03-24,20.176525115966797,24.1299991607666,24.360000610351562,23.799999237060547,24.110000610351562,2238200
2023-03-27,19.967487335205078,23.8799991607666,24.489999771118164,23.729999542236328,24.31999969482422,1615100
2023-03-28,20.10963249206543,24.049999237060547,24.110000610351562,23.510000228881836,23.8799991607666,2064300
2023-03-29,19.800254821777344,23.68000030517578,24.280000686645508,23.079999923706055,24.149999618530273,2592800
2023-03-30,19.791893005371094,23.670000076293945,23.850000381469727,23.399999618530273,23.690000534057617,1668800
2023-03-31,19.666465759277344,23.520000457763672,24.0,23.299999237060547,23.739999771118164,1684400
2023-04-03,19.030986785888672,22.760000228881836,23.450000762939453,22.610000610351562,23.350000381469727,3228400
2023-04-04,19.57448959350586,23.40999984741211,23.450000762939453,22.790000915527344,22.799999237060547,2560300
2023-04-05,19.31528091430664,23.100000381469727,23.639999389648438,23.0,23.579999923706055,981400
2023-04-06,19.557767868041992,23.389999389648438,23.520000457763672,23.049999237060547,23.049999237060547,969300
2023-04-10,19.733362197875977,23.600000381469727,23.729999542236328,23.299999237060547,23.549999237060547,1245200
2023-04-11,19.83370018005371,23.719999313354492,24.049999237060547,23.540000915527344,23.600000381469727,2465400
2023-04-12,19.934038162231445,23.84000015258789,24.15999984741211,23.6200008392334,23.790000915527344,1439500
2023-04-13,20.017656326293945,23.940000534057617,24.239999771118164,23.639999389648438,23.889999389648438,1418500
2023-04-14,20.226694107055664,24.190000534057617,24.190000534057617,23.549999237060547,23.889999389648438,1175200
2023-04-17,20.293590545654297,24.270000457763672,24.459999084472656,24.1299991607666,24.209999084472656,2554200
2023-04-18,20.310312271118164,24.290000915527344,24.690000534057617,24.200000762939453,24.450000762939453,3260600
2023-04-19,20.561159133911133,24.59000015258789,24.729999542236328,24.059999465942383,24.1200008392334,3536800
2023-04-20,20.36884117126465,24.360000610351562,24.65999984741211,24.15999984741211,24.610000610351562,3352600
2023-04-24,20.527713775634766,24.549999237060547,24.850000381469727,24.309999465942383,24.360000610351562,1899200
2023-04-25,20.510986328125,24.530000686645508,24.780000686645508,24.43000030517578,24.56999969482422,1500500
2023-04-26,20.82872772216797,24.90999984741211,24.969999313354492,24.3799991607666,24.450000762939453,987500
2023-04-27,21.046127319335938,25.170000076293945,25.290000915527344,24.81999969482422,24.90999984741211,1423900
2023-04-28,21.01268196105957,25.1299991607666,25.40999984741211,24.81999969482422,25.18000030517578,2062400
2023-05-02,20.669858932495117,24.719999313354492,25.309999465942383,24.510000228881836,25.100000381469727,1652200
2023-05-03,20.218332290649414,24.18000030517578,24.81999969482422,24.1200008392334,24.690000534057617,1779200
2023-05-04,19.649744033813477,23.5,24.34000015258789,23.31999969482422,24.190000534057617,2713600
2023-05-05,19.967487335205078,23.8799991607666,24.079999923706055,23.440000534057617,23.59000015258789,2752400
2023-05-08,19.724994659423828,23.59000015258789,24.1299991607666,23.360000610351562,23.950000762939453,2131300
2023-05-09,19.658103942871094,23.510000228881836,23.700000762939453,23.360000610351562,23.579999923706055,4980400
2023-05-10,19.959123611450195,23.8700008392334,23.8700008392334,23.450000762939453,23.579999923706055,3649800
2023-05-11,19.959123611450195,23.8700008392334,24.170000076293945,23.760000228881836,23.940000534057617,2898900
2023-05-12,18.847034454345703,22.540000915527344,24.209999084472656,22.40999984741211,24.079999923706055,6530300
2023-05-15,19.18149757385254,22.940000534057617,23.010000228881836,22.139999389648438,22.600000381469727,5771800
2023-05-16,19.16477394104004,22.920000076293945,23.6200008392334,22.790000915527344,22.989999771118164,4474800
2023-05-17,19.114604949951172,22.860000610351562,23.100000381469727,22.670000076293945,22.940000534057617,3269600
2023-05-18,18.81358528137207,22.5,22.90999984741211,22.3799991607666,22.84000015258789,3659900
2023-05-19,19.114604949951172,22.860000610351562,23.059999465942383,22.420000076293945,22.549999237060547,2605000
2023-05-22,19.189857482910156,22.950000762939453,23.309999465942383,22.860000610351562,23.079999923706055,2440600
2023-05-23,19.30691909790039,23.09000015258789,23.530000686645508,22.75,23.110000610351562,2852700
2023-05-24,19.398897171020508,23.200000762939453,23.25,22.81999969482422,23.200000762939453,1776100
2023-05-25,19.64138412475586,23.489999771118164,23.81999969482422,23.200000762939453,23.399999618530273,2416400
2023-05-26,19.515958786010742,23.34000015258789,23.8799991607666,23.329999923706055,23.8799991607666,2380600
2023-05-29,19.900590896606445,23.799999237060547,24.09000015258789,23.229999542236328,23.43000030517578,1544000
2023-05-30,19.984210968017578,23.899999618530273,24.079999923706055,23.639999389648438,23.93000030517578,2399700
2023-05-31,19.992572784423828,23.90999984741211,24.079999923706055,23.520000457763672,24.040000915527344,2641100
2023-06-01,19.875511169433594,23.770000457763672,24.059999465942383,23.43000030517578,23.950000762939453,7300900
2023-06-02,19.975847244262695,23.889999389648438,24.139999389648438,23.559999465942383,23.770000457763672,2306500
2023-06-05,20.06782341003418,24.0,24.079999923706055,23.729999542236328,23.889999389648438,1989600
2023-06-06,20.251779556274414,24.219999313354492,24.329999923706055,23.860000610351562,24.100000381469727,2081100
2023-06-07,21.59800148010254,25.829999923706055,25.829999923706055,24.350000381469727,24.399999618530273,5474400
2023-06-09,22.6599178314209,27.100000381469727,27.389999389648438,26.270000457763672,26.270000457763672,5826100
2023-06-12,22.200031280517578,26.549999237060547,27.299999237060547,26.520000457763672,27.030000686645508,2852700
2023-06-13,22.375621795654297,26.760000228881836,27.270000457763672,26.6200008392334,26.68000030517578,2417400
2023-06-14,22.67664337158203,27.1200008392334,27.479999542236328,26.760000228881836,26.760000228881836,2803500
2023-06-15,22.726810455322266,27.18000030517578,27.399999618530273,27.020000457763672,27.1299991607666,1681300
2023-06-16,22.810426712036133,27.280000686645508,27.329999923706055,26.959999084472656,27.1299991607666,2595700
2023-06-19,23.027830123901367,27.540000915527344,27.920000076293945,27.309999465942383,27.399999618530273,1083900
2023-06-20,22.8438720703125,27.31999969482422,27.579999923706055,27.190000534057617,27.5,1735600
2023-06-21,23.128170013427734,27.65999984741211,27.65999984741211,27.149999618530273,27.31999969482422,1485500
2023-06-22,23.03618812561035,27.549999237060547,27.639999389648438,27.270000457763672,27.549999237060547,1169800
2023-06-23,23.195056915283203,27.739999771118164,27.860000610351562,27.489999771118164,27.700000762939453,1008400
2023-06-26,23.30375862121582,27.8700008392334,28.040000915527344,27.489999771118164,27.739999771118164,1357900
2023-06-27,23.621501922607422,28.25,28.280000686645508,27.770000457763672,27.90999984741211,1377500
2023-06-28,23.696758270263672,28.34000015258789,28.68000030517578,28.149999618530273,28.149999618530273,1997600
2023-06-29,23.964326858520508,28.65999984741211,28.8700008392334,28.450000762939453,28.6200008392334,3713200
2023-06-30,24.006507873535156,28.1200008392334,28.5,27.65999984741211,28.219999313354492,3547800
2023-07-03,24.450439453125,28.639999389648438,29.100000381469727,28.200000762939453,28.3799991607666,2513400
2023-07-04,24.595571517944336,28.809999465942383,28.8700008392334,28.469999313354492,28.510000228881836,712300
2023-07-05,24.612646102905273,28.829999923706055,28.969999313354492,28.309999465942383,28.850000381469727,1633900
2023-07-06,24.544349670410156,28.75,28.889999389648438,28.280000686645508,28.719999313354492,2073100
2023-07-07,24.69801902770996,28.93000030517578,29.1200008392334,28.690000534057617,28.899999618530273,1409100
2023-07-10,25.03950309753418,29.329999923706055,29.700000762939453,28.940000534057617,29.0,2974200
2023-07-11,24.885835647583008,29.149999618530273,29.3700008392334,28.639999389648438,29.260000228881836,2648700
2023-07-12,24.97974395751953,29.260000228881836,29.3799991607666,29.110000610351562,29.3799991607666,1576600
2023-07-13,24.757780075073242,29.0,29.479999542236328,28.899999618530273,29.43000030517578,1594900
2023-07-14,24.416290283203125,28.600000381469727,29.100000381469727,28.3799991607666,28.90999984741211,1553200
2023-07-17,24.680946350097656,28.90999984741211,29.040000915527344,28.5,28.790000915527344,1906900
2023-07-18,24.680946350097656,28.90999984741211,29.079999923706055,28.709999084472656,28.829999923706055,5041400
2023-07-19,24.29676628112793,28.459999084472656,29.0,28.440000534057617,29.0,821800
2023-07-20,24.356529235839844,28.530000686645508,28.799999237060547,28.43000030517578,28.459999084472656,2003900
2023-07-21,24.860227584838867,29.1200008392334,29.1200008392334,28.6299991607666,28.719999313354492,2399500
2023-07-24,24.732168197631836,28.969999313354492,29.209999084472656,28.719999313354492,29.110000610351562,3715500
2023-07-25,24.92852020263672,29.200000762939453,29.3700008392334,28.969999313354492,29.1200008392334,4310700
2023-07-26,24.774850845336914,29.020000457763672,29.209999084472656,28.790000915527344,29.170000076293945,1337300
2023-07-27,24.64679527282715,28.8700008392334,29.239999771118164,28.8700008392334,29.020000457763672,2420500
2023-07-28,25.005353927612305,29.290000915527344,29.290000915527344,28.8799991607666,28.8799991607666,905700
2023-07-31,24.44190216064453,28.6299991607666,29.649999618530273,28.6299991607666,29.520000457763672,1975700
2023-08-01,24.02358055114746,28.139999389648438,28.600000381469727,28.079999923706055,28.600000381469727,2256800
2023-08-02,23.99797248840332,28.110000610351562,28.219999313354492,27.700000762939453,27.920000076293945,2142000
2023-08-03,23.639408111572266,27.690000534057617,28.56999969482422,27.59000015258789,28.110000610351562,2243100
2023-08-04,23.647947311401367,27.700000762939453,28.1200008392334,27.639999389648438,27.639999389648438,2160700
2023-08-07,23.758930206298828,27.829999923706055,28.170000076293945,27.709999084472656,27.709999084472656,1495000
2023-08-08,23.55403709411621,27.59000015258789,27.829999923706055,27.520000457763672,27.709999084472656,1298500
2023-08-09,23.45159149169922,27.469999313354492,27.649999618530273,27.170000076293945,27.600000381469727,1246900
2023-08-10,23.443052291870117,27.459999084472656,27.579999923706055,27.329999923706055,27.469999313354492,1442900
2023-08-11,24.160179138183594,28.299999237060547,28.8700008392334,27.780000686645508,28.399999618530273,4185100
2023-08-14,23.690631866455078,27.75,28.239999771118164,27.229999542236328,28.219999313354492,2730000
2023-08-15,23.340612411499023,27.34000015258789,27.799999237060547,27.229999542236328,27.700000762939453,1670000
2023-08-16,23.024734497070312,26.969999313354492,27.479999542236328,26.809999465942383,27.309999465942383,1498600
2023-08-17,23.22109031677246,27.200000762939453,27.31999969482422,26.709999084472656,26.969999313354492,1796500
2023-08-18,23.494281768798828,27.520000457763672,27.540000915527344,26.959999084472656,27.200000762939453,1385000
2023-08-21,22.7088623046875,26.600000381469727,27.09000015258789,26.31999969482422,27.020000457763672,3086200
2023-08-22,22.666173934936523,26.549999237060547,26.729999542236328,26.329999923706055,26.6200008392334,1658900
2023-08-23,22.74300765991211,26.639999389648438,26.81999969482422,26.360000610351562,26.549999237060547,1617500
2023-08-24,23.144254684448242,27.110000610351562,27.239999771118164,26.399999618530273,26.639999389648438,4334500
2023-08-25,23.1015682220459,27.059999465942383,27.1200008392334,26.549999237060547,27.100000381469727,1799400
2023-08-28,23.016197204589844,26.959999084472656,27.059999465942383,26.420000076293945,27.030000686645508,1270000
2023-08-29,23.058881759643555,27.010000228881836,27.1299991607666,26.700000762939453,26.950000762939453,1515400
2023-08-30,22.657636642456055,26.540000915527344,27.010000228881836,26.540000915527344,26.969999313354492,1228400
2023-08-31,22.28200340270996,26.100000381469727,26.760000228881836,26.030000686645508,26.75,1430400
2023-09-01,22.28200340270996,26.100000381469727,26.459999084472656,25.729999542236328,26.170000076293945,2501100
2023-09-04,22.205167770385742,26.010000228881836,26.190000534057617,25.899999618530273,26.020000457763672,393700
2023-09-05,22.205167770385742,26.010000228881836,26.1200008392334,25.639999389648438,25.920000076293945,1440900
2023-09-06,22.22224235534668,26.030000686645508,26.229999542236328,25.729999542236328,26.010000228881836,1456300
2023-09-08,22.299074172973633,26.1200008392334,26.209999084472656,25.68000030517578,26.0,1396600
2023-09-11,22.717395782470703,26.610000610351562,26.6299991607666,26.110000610351562,26.110000610351562,1112100
2023-09-12,22.794233322143555,26.700000762939453,26.809999465942383,26.389999389648438,26.600000381469727,1458600
2023-09-13,23.093029022216797,27.049999237060547,27.09000015258789,26.6299991607666,26.770000457763672,1775900
2023-09-14,23.07596206665039,27.030000686645508,27.290000915527344,26.81999969482422,27.110000610351562,1273700
2023-09-15,23.297924041748047,27.290000915527344,27.290000915527344,26.6200008392334,27.1200008392334,2162700
2023-09-18,23.07596206665039,27.030000686645508,27.329999923706055,26.8799991607666,27.299999237060547,1086700
2023-09-19,23.22109031677246,27.200000762939453,27.329999923706055,26.860000610351562,27.0,1586200
2023-09-20,23.289386749267578,27.280000686645508,27.5,26.959999084472656,27.200000762939453,1618800
2023-09-21,23.18694305419922,27.15999984741211,27.360000610351562,26.829999923706055,27.110000610351562,2149700
2023-09-22,23.084497451782227,27.040000915527344,27.280000686645508,26.690000534057617,27.229999542236328,1363600
2023-09-25,23.169864654541016,27.139999389648438,27.31999969482422,26.90999984741211,27.110000610351562,1615200
2023-09-26,22.888139724731445,26.809999465942383,27.229999542236328,26.729999542236328,27.1200008392334,1423200
2023-09-27,22.623485565185547,26.5,26.950000762939453,26.209999084472656,26.940000534057617,1656700
2023-09-28,22.905214309692383,26.829999923706055,27.0,26.34000015258789,26.549999237060547,1320200
2023-09-29,22.655805587768555,26.290000915527344,26.84000015258789,26.18000030517578,26.75,987600
2023-10-02,22.56962776184082,26.190000534057617,26.5,25.75,26.270000457763672,930900
2023-10-03,22.483449935913086,26.09000015258789,26.360000610351562,25.920000076293945,26.1200008392334,1149800
2023-10-04,22.655805587768555,26.290000915527344,26.3700008392334,25.90999984741211,26.030000686645508,885800
2023-10-05,22.802303314208984,26.459999084472656,26.6200008392334,26.139999389648438,26.34000015258789,933800
2023-10-06,22.84539222717285,26.510000228881836,26.809999465942383,26.010000228881836,26.309999465942383,1294200
2023-10-09,22.76783561706543,26.420000076293945,26.59000015258789,26.1299991607666,26.450000762939453,847600
2023-10-10,22.638565063476562,26.270000457763672,26.780000686645508,26.270000457763672,26.479999542236328,975600
2023-10-11,22.578245162963867,26.200000762939453,26.299999237060547,26.1200008392334,26.299999237060547,732800
2023-10-13,22.259395599365234,25.829999923706055,26.280000686645508,25.469999313354492,26.190000534057617,1163400
2023-10-16,22.362804412841797,25.950000762939453,26.15999984741211,25.739999771118164,25.899999618530273,783400
2023-10-17,22.207685470581055,25.770000457763672,26.1200008392334,25.770000457763672,25.81999969482422,705800
2023-10-18,21.93191909790039,25.450000762939453,25.829999923706055,25.260000228881836,25.790000915527344,1982100
2023-10-19,21.957775115966797,25.479999542236328,25.790000915527344,25.049999237060547,25.489999771118164,886100
2023-10-20,21.888832092285156,25.399999618530273,25.770000457763672,25.329999923706055,25.399999618530273,974900
2023-10-23,21.802656173706055,25.299999237060547,25.559999465942383,25.0,25.399999618530273,1286700
2023-10-24,21.992244720458984,25.520000457763672,25.8700008392334,25.350000381469727,25.510000228881836,1524200
2023-10-25,22.380041122436523,25.969999313354492,26.219999313354492,25.5,25.5,1092500
2023-10-26,22.18182945251465,25.739999771118164,26.06999969482422,25.709999084472656,25.979999542236328,799400
2023-10-27,21.768186569213867,25.260000228881836,25.899999618530273,25.260000228881836,25.84000015258789,850500
2023-10-30,21.768186569213867,25.260000228881836,25.510000228881836,25.06999969482422,25.309999465942383,838500
2023-10-31,21.725095748901367,25.209999084472656,25.389999389648438,24.860000610351562,25.31999969482422,1573700
2023-11-01,22.06980323791504,25.610000610351562,25.68000030517578,25.06999969482422,25.209999084472656,1804900
2023-11-03,22.41451072692871,26.010000228881836,26.059999465942383,25.540000915527344,25.700000762939453,1150500
2023-11-06,22.88848114013672,26.559999465942383,26.59000015258789,25.940000534057617,26.0,1087600
2023-11-07,23.284893035888672,27.020000457763672,27.389999389648438,26.450000762939453,26.5,2673200
2023-11-08,23.129777908325195,26.84000015258789,27.100000381469727,26.690000534057617,26.989999771118164,1146800
2023-11-09,22.966035842895508,26.649999618530273,27.079999923706055,26.59000015258789,26.989999771118164,2354500
2023-11-10,23.63821792602539,27.43000030517578,27.489999771118164,26.829999923706055,26.950000762939453,5000800
2023-11-13,23.75886344909668,27.56999969482422,27.68000030517578,27.34000015258789,27.43000030517578,1200500
2023-11-14,23.939834594726562,27.780000686645508,28.100000381469727,27.540000915527344,27.56999969482422,2226100
2023-11-16,24.275922775268555,28.170000076293945,28.260000228881836,27.700000762939453,27.799999237060547,2214500
2023-11-17,23.448627471923828,27.209999084472656,28.239999771118164,27.1299991607666,28.079999923706055,2282400
2023-11-20,23.500333786010742,27.270000457763672,27.469999313354492,27.030000686645508,27.209999084472656,1225600
2023-11-21,23.388301849365234,27.139999389648438,27.3799991607666,26.860000610351562,27.290000915527344,1605700
2023-11-22,23.724393844604492,27.530000686645508,27.549999237060547,27.030000686645508,27.1299991607666,973700
2023-11-23,24.051864624023438,27.90999984741211,28.200000762939453,27.3700008392334,27.43000030517578,1037100
2023-11-24,23.836421966552734,27.65999984741211,27.979999542236328,27.290000915527344,27.90999984741211,1097900
2023-11-27,23.931217193603516,27.770000457763672,27.8799991607666,27.260000228881836,27.59000015258789,1281500
2023-11-28,24.13804054260254,28.010000228881836,28.170000076293945,27.639999389648438,27.75,1041500
2023-11-29,23.87950897216797,27.709999084472656,28.18000030517578,27.59000015258789,28.049999237060547,2131600
2023-11-30,24.129423141479492,28.0,28.1200008392334,27.600000381469727,27.65999984741211,1195800
2023-12-01,24.551685333251953,28.489999771118164,28.489999771118164,27.6200008392334,28.15999984741211,1801100
2023-12-04,24.73265838623047,28.700000762939453,28.739999771118164,28.209999084472656,28.389999389648438,1439500
2023-12-05,24.81883430480957,28.799999237060547,29.209999084472656,28.549999237060547,28.639999389648438,1834500
2023-12-06,24.663719177246094,28.6200008392334,28.90999984741211,28.520000457763672,28.799999237060547,1106700
2023-12-07,24.6033935546875,28.549999237060547,28.860000610351562,28.389999389648438,28.6299991607666,1518800
2023-12-08,24.25006675720215,28.139999389648438,28.549999237060547,28.1200008392334,28.549999237060547,2431500
2023-12-11,24.241451263427734,28.1299991607666,28.420000076293945,27.889999389648438,28.040000915527344,2259600
2023-12-12,24.34486198425293,28.25,28.459999084472656,28.020000457763672,28.190000534057617,843700
2023-12-13,24.491361618041992,28.420000076293945,28.420000076293945,27.690000534057617,28.25,1534900
2023-12-14,24.37933349609375,28.290000915527344,28.790000915527344,28.149999618530273,28.43000030517578,1672600
2023-12-15,24.887773513793945,28.8799991607666,28.8799991607666,28.190000534057617,28.25,2121500
2023-12-18,24.680952072143555,28.639999389648438,28.93000030517578,28.290000915527344,28.8799991607666,1374400
2023-12-19,24.594778060913086,28.540000915527344,28.84000015258789,28.3700008392334,28.6299991607666,1239500
2023-12-20,24.405187606811523,28.31999969482422,28.639999389648438,27.760000228881836,28.520000457763672,2183600
2023-12-21,24.646480560302734,28.600000381469727,28.639999389648438,28.239999771118164,28.399999618530273,1879500
2023-12-22,25.034276962280273,29.049999237060547,29.149999618530273,28.600000381469727,28.6200008392334,1312200
2023-12-26,24.99118995666504,29.0,29.209999084472656,28.770000457763672,29.049999237060547,1075500
2023-12-27,25.335893630981445,29.399999618530273,29.399999618530273,28.829999923706055,29.049999237060547,887000
2023-12-28,25.222002029418945,28.739999771118164,29.040000915527344,28.690000534057617,28.760000228881836,748600
2024-01-02,25.064035415649414,28.559999465942383,28.739999771118164,28.440000534057617,28.739999771118164,1002600
2024-01-03,25.178123474121094,28.690000534057617,28.950000762939453,28.5,28.559999465942383,628300
2024-01-04,24.967498779296875,28.450000762939453,28.690000534057617,28.200000762939453,28.690000534057617,758700
2024-01-05,25.064035415649414,28.559999465942383,28.610000610351562,28.190000534057617,28.450000762939453,908100
2024-01-08,25.125465393066406,28.6299991607666,28.809999465942383,28.31999969482422,28.559999465942383,831900
2024-01-09,24.97627067565918,28.459999084472656,28.68000030517578,28.290000915527344,28.6299991607666,1092500
2024-01-10,24.634014129638672,28.06999969482422,28.5,27.889999389648438,28.5,1691800
2024-01-11,24.405839920043945,27.809999465942383,28.190000534057617,27.510000228881836,28.190000534057617,1949600
2024-01-12,24.1337833404541,27.5,28.020000457763672,27.280000686645508,27.809999465942383,2704300
2024-01-15,24.397064208984375,27.799999237060547,27.989999771118164,27.149999618530273,27.5,1355100
2024-01-16,23.931941986083984,27.270000457763672,27.739999771118164,27.020000457763672,27.739999771118164,2495100
2024-01-17,23.73009490966797,27.040000915527344,27.309999465942383,26.829999923706055,27.229999542236328,2424400
2024-01-18,24.08991050720215,27.450000762939453,27.450000762939453,27.0,27.280000686645508,1434600
2024-01-19,24.30930519104004,27.700000762939453,27.809999465942383,27.350000381469727,27.450000762939453,1319400
2024-01-22,24.265426635742188,27.649999618530273,27.84000015258789,27.489999771118164,27.700000762939453,972200
2024-01-23,24.063579559326172,27.420000076293945,27.579999923706055,27.200000762939453,27.469999313354492,1972000
2024-01-24,24.160114288330078,27.530000686645508,27.610000610351562,27.06999969482422,27.469999313354492,1143100
2024-01-25,23.791526794433594,27.110000610351562,27.600000381469727,27.110000610351562,27.600000381469727,1055700
2024-01-26,23.537025451660156,26.81999969482422,27.290000915527344,26.780000686645508,27.1200008392334,1675600
2024-01-29,23.589679718017578,26.8799991607666,27.020000457763672,26.729999542236328,26.899999618530273,1377700
2024-01-30,23.282522201538086,26.530000686645508,26.989999771118164,26.389999389648438,26.989999771118164,903500
2024-01-31,23.414159774780273,26.68000030517578,26.950000762939453,26.389999389648438,26.520000457763672,996200
2024-02-01,23.51069450378418,26.790000915527344,27.040000915527344,26.549999237060547,26.68000030517578,1183800
2024-02-02,23.589679718017578,26.8799991607666,27.030000686645508,26.6299991607666,26.799999237060547,1336700
2024-02-05,23.73009490966797,27.040000915527344,27.09000015258789,26.770000457763672,26.889999389648438,1404900
2024-02-06,24.11623191833496,27.479999542236328,27.5,27.059999465942383,27.059999465942383,1038900
2024-02-07,24.265426635742188,27.649999618530273,27.780000686645508,27.43000030517578,27.479999542236328,3205500
2024-02-08,23.247417449951172,26.489999771118164,27.719999313354492,26.200000762939453,27.700000762939453,3030700
2024-02-09,23.38783073425293,26.649999618530273,26.860000610351562,26.399999618530273,26.520000457763672,2927100
2024-02-14,22.73841667175293,25.90999984741211,26.649999618530273,25.579999923706055,26.639999389648438,1873200
2024-02-15,22.957813262939453,26.15999984741211,26.450000762939453,25.809999465942383,25.8799991607666,2383800
2024-02-16,22.92270851135254,26.1200008392334,26.399999618530273,25.739999771118164,26.15999984741211,2538300
2024-02-19,22.817398071289062,26.0,26.1299991607666,25.81999969482422,26.040000915527344,932300
2024-02-20,23.06312370300293,26.280000686645508,26.489999771118164,25.920000076293945,25.959999084472656,1458600
2024-02-21,23.09822654724121,26.31999969482422,26.389999389648438,26.15999984741211,26.329999923706055,1659000
2024-02-22,23.37027931213379,26.6299991607666,26.729999542236328,26.170000076293945,26.34000015258789,1444000
2024-02-23,23.47559356689453,26.75,26.979999542236328,26.610000610351562,26.639999389648438,1774600
2024-02-26,23.431713104248047,26.700000762939453,26.93000030517578,26.649999618530273,26.75,1424200
2024-02-27,24.16889190673828,27.540000915527344,27.719999313354492,26.770000457763672,26.829999923706055,2511800
2024-02-28,25.608142852783203,29.18000030517578,29.440000534057617,27.84000015258789,27.850000381469727,7607900
2024-02-29,25.064035415649414,28.559999465942383,29.170000076293945,28.309999465942383,29.170000076293945,2542600
2024-03-01,25.107913970947266,28.610000610351562,28.639999389648438,28.25,28.56999969482422,2157900
2024-03-04,25.011381149291992,28.5,28.850000381469727,28.309999465942383,28.739999771118164,1887900
2024-03-05,25.222002029418945,28.739999771118164,28.739999771118164,28.350000381469727,28.5,1014700
2024-03-06,25.65201759338379,29.229999542236328,29.440000534057617,28.549999237060547,28.739999771118164,2566200
2024-03-07,27.09127426147461,30.8700008392334,30.8799991607666,30.040000915527344,30.200000762939453,3401300
2024-03-08,27.293115615844727,31.100000381469727,31.25,30.239999771118164,30.719999313354492,2126600
2024-03-11,27.17025375366211,30.959999084472656,31.299999237060547,30.709999084472656,31.110000610351562,1157400
2024-03-12,27.345773696899414,31.15999984741211,31.31999969482422,30.479999542236328,31.0,1476700
2024-03-13,26.924531936645508,30.68000030517578,31.170000076293945,30.600000381469727,31.15999984741211,1369000
2024-03-14,27.056167602539062,30.829999923706055,31.010000228881836,30.600000381469727,30.790000915527344,1378400
2024-03-15,26.985958099365234,30.75,31.020000457763672,30.600000381469727,30.899999618530273,1322600
2024-03-18,27.161479949951172,30.950000762939453,31.1200008392334,30.520000457763672,30.75,1447400
2024-03-19,27.530071258544922,31.3700008392334,31.450000762939453,30.899999618530273,30.950000762939453,1664200
2024-03-20,27.731914520263672,31.600000381469727,31.850000381469727,31.479999542236328,31.479999542236328,2134700
2024-03-21,27.486186981201172,31.31999969482422,31.739999771118164,31.020000457763672,31.739999771118164,1262100
2024-03-22,27.161479949951172,30.950000762939453,31.290000915527344,30.790000915527344,31.25,711600
2024-03-25,27.14392852783203,30.93000030517578,31.200000762939453,30.760000228881836,30.950000762939453,722300
2024-03-26,27.336997985839844,31.149999618530273,31.40999984741211,30.940000534057617,30.940000534057617,981700
2024-03-27,27.68803596496582,31.549999237060547,31.690000534057617,31.1200008392334,31.25,1361000
2024-03-28,27.451086044311523,31.280000686645508,31.6299991607666,31.209999084472656,31.520000457763672,1027600
2024-04-01,27.427047729492188,30.860000610351562,31.100000381469727,30.729999542236328,30.889999389648438,1382700
2024-04-02,27.72922706604004,31.200000762939453,31.34000015258789,30.729999542236328,30.75,1572700
2024-04-03,27.898088455200195,31.389999389648438,31.450000762939453,30.84000015258789,31.200000762939453,1359000
2024-04-04,27.995853424072266,31.5,31.889999389648438,31.239999771118164,31.31999969482422,1194400
2024-04-05,27.818099975585938,31.299999237060547,31.700000762939453,31.209999084472656,31.5,951800
2024-04-08,27.826988220214844,31.309999465942383,31.5,31.020000457763672,31.5,943100
2024-04-09,27.684785842895508,31.149999618530273,31.520000457763672,30.8700008392334,31.399999618530273,966300
2024-04-10,27.533695220947266,30.979999542236328,31.270000457763672,30.90999984741211,31.139999389648438,1419400
2024-04-11,27.551475524902344,31.0,31.079999923706055,30.6200008392334,30.979999542236328,1328800
2024-04-12,27.23151969909668,30.639999389648438,31.18000030517578,30.450000762939453,30.899999618530273,1647200
2024-04-15,27.00933074951172,30.389999389648438,30.75,30.31999969482422,30.43000030517578,2253700
2024-04-16,26.564952850341797,29.889999389648438,30.299999237060547,29.850000381469727,30.190000534057617,1621000
2024-04-17,26.40497589111328,29.709999084472656,30.149999618530273,29.610000610351562,29.899999618530273,1743200
2024-04-18,26.33387565612793,29.6299991607666,29.850000381469727,29.389999389648438,29.709999084472656,1293200
2024-04-19,26.324987411499023,29.6200008392334,29.84000015258789,29.40999984741211,29.540000915527344,2073600
2024-04-22,26.2450008392334,29.530000686645508,29.889999389648438,29.3700008392334,29.719999313354492,1020900
2024-04-23,25.99614715576172,29.25,29.520000457763672,29.15999984741211,29.479999542236328,2079800
2024-04-24,26.342761993408203,29.639999389648438,29.860000610351562,29.1200008392334,29.25,2072900
2024-04-25,26.609392166137695,29.940000534057617,30.09000015258789,29.540000915527344,29.649999618530273,2578400
2024-04-26,26.92934226989746,30.299999237060547,30.43000030517578,29.950000762939453,29.950000762939453,2454600
2024-04-29,26.716041564941406,30.059999465942383,30.40999984741211,29.719999313354492,30.399999618530273,1794800
2024-04-30,26.627166748046875,29.959999084472656,30.219999313354492,29.8799991607666,30.0,1417700
2024-05-02,26.547178268432617,29.8700008392334,30.209999084472656,29.6200008392334,30.209999084472656,2063300
2024-05-03,26.609392166137695,29.940000534057617,30.229999542236328,29.780000686645508,30.110000610351562,3242800
2024-05-06,26.484962463378906,29.799999237060547,30.149999618530273,29.709999084472656,29.770000457763672,1484600
2024-05-07,26.191675186157227,29.469999313354492,29.920000076293945,29.190000534057617,29.90999984741211,3329200
2024-05-08,26.209449768066406,29.489999771118164,29.739999771118164,29.260000228881836,29.3700008392334,6264100
2024-05-09,25.56954574584961,28.770000457763672,29.489999771118164,28.690000534057617,29.489999771118164,2643000
2024-05-10,25.356243133544922,28.530000686645508,29.100000381469727,28.530000686645508,28.799999237060547,1526900
2024-05-13,24.974075317382812,28.100000381469727,28.649999618530273,28.100000381469727,28.479999542236328,1535500
2024-05-14,25.391794204711914,28.56999969482422,28.56999969482422,28.059999465942383,28.100000381469727,2330300
2024-05-15,27.77366065979004,31.25,31.479999542236328,29.3799991607666,29.6299991607666,8888900
2024-05-16,27.471485137939453,30.90999984741211,31.700000762939453,30.600000381469727,31.09000015258789,2633700
2024-05-17,27.844764709472656,31.329999923706055,31.56999969482422,30.760000228881836,30.829999923706055,5261500
2024-05-20,27.72922706604004,31.200000762939453,31.639999389648438,30.950000762939453,31.360000610351562,1801400
2024-05-21,27.782550811767578,31.260000228881836,31.350000381469727,30.899999618530273,31.200000762939453,999500
2024-05-22,26.662715911865234,30.0,31.110000610351562,29.889999389648438,31.100000381469727,2254300
2024-05-23,26.840469360351562,30.200000762939453,30.200000762939453,29.489999771118164,30.0,3784900
2024-05-24,27.062658309936523,30.450000762939453,30.540000915527344,30.209999084472656,30.299999237060547,1433300
2024-05-27,26.92934226989746,30.299999237060547,30.579999923706055,29.969999313354492,30.450000762939453,1031100
2024-05-28,26.742706298828125,30.09000015258789,30.670000076293945,29.950000762939453,30.670000076293945,1369500
2024-05-29,26.92045783996582,30.290000915527344,30.399999618530273,29.889999389648438,30.18000030517578,1389600
2024-05-31,26.97378158569336,30.350000381469727,31.09000015258789,30.149999618530273,30.829999923706055,2845700
2024-06-03,26.787141799926758,30.139999389648438,30.530000686645508,29.530000686645508,30.3799991607666,1727800
2024-06-04,26.804916381835938,30.15999984741211,30.309999465942383,29.770000457763672,30.020000457763672,1173600
2024-06-05,26.680492401123047,30.020000457763672,30.40999984741211,29.940000534057617,30.190000534057617,814200
2024-06-06,26.769367218017578,30.1200008392334,30.350000381469727,29.780000686645508,30.020000457763672,1331900
2024-06-07,26.591615676879883,29.920000076293945,30.1200008392334,29.700000762939453,30.110000610351562,935600
2024-06-10,26.484962463378906,29.799999237060547,29.989999771118164,29.549999237060547,29.920000076293945,1045300
2024-06-11,26.742706298828125,30.09000015258789,30.1299991607666,29.709999084472656,29.739999771118164,1370800
2024-06-12,26.298324584960938,29.59000015258789,30.229999542236328,29.489999771118164,30.149999618530273,1209700
2024-06-13,26.360536575317383,29.65999984741211,29.709999084472656,29.260000228881836,29.34000015258789,1361200
2024-06-14,26.33387565612793,29.6299991607666,29.75,29.219999313354492,29.75,1477700
2024-06-17,26.111684799194336,29.3799991607666,29.860000610351562,29.299999237060547,29.700000762939453,1171900
2024-06-18,25.99614715576172,29.25,29.5,29.0,29.5,2557500
2024-06-19,26.04947280883789,29.309999465942383,29.3799991607666,29.040000915527344,29.239999771118164,1397600
2024-06-20,26.218338012695312,29.5,29.579999923706055,29.18000030517578,29.329999923706055,1661500
2024-06-21,26.440526962280273,29.75,29.860000610351562,29.420000076293945,29.5,2156000
2024-06-24,27.000442504882812,30.3799991607666,30.670000076293945,29.68000030517578,29.8700008392334,2023000
2024-06-25,27.062658309936523,30.450000762939453,30.5,30.079999923706055,30.5,595800
2024-06-26,27.1693058013916,30.56999969482422,30.56999969482422,30.15999984741211,30.5,1885600
2024-06-27,27.489259719848633,30.93000030517578,30.93000030517578,30.5,30.65999984741211,1498000
2024-06-28,27.507036209106445,30.950000762939453,31.15999984741211,30.81999969482422,31.020000457763672,979000
2024-07-01,27.1693058013916,30.56999969482422,30.790000915527344,30.40999984741211,30.700000762939453,833600
2024-07-02,27.000442504882812,30.3799991607666,30.6299991607666,30.049999237060547,30.610000610351562,1667600
2024-07-03,26.716041564941406,30.059999465942383,30.479999542236328,30.030000686645508,30.290000915527344,1032400
2024-07-04,26.787141799926758,30.139999389648438,30.469999313354492,30.010000228881836,30.059999465942383,695300
2024-07-05,26.573841094970703,29.899999618530273,30.329999923706055,29.729999542236328,30.229999542236328,1208800
2024-07-08,26.298324584960938,29.59000015258789,29.899999618530273,29.3799991607666,29.899999618530273,1442300
2024-07-09,26.12946128845215,29.399999618530273,29.59000015258789,29.299999237060547,29.59000015258789,1207800
2024-07-10,26.165010452270508,29.440000534057617,29.6299991607666,29.170000076293945,29.350000381469727,1044600
2024-07-11,26.280550003051758,29.56999969482422,29.600000381469727,29.309999465942383,29.450000762939453,3028500
2024-07-12,27.284847259521484,30.700000762939453,30.850000381469727,29.600000381469727,29.610000610351562,2389200
2024-07-15,27.329280853271484,30.75,30.899999618530273,30.31999969482422,30.65999984741211,1056700
2024-07-16,27.222633361816406,30.6299991607666,30.950000762939453,30.6299991607666,30.739999771118164,1281800
2024-07-17,27.41815757751465,30.850000381469727,30.860000610351562,30.6299991607666,30.6299991607666,852200
2024-07-18,27.489259719848633,30.93000030517578,31.030000686645508,30.670000076293945,31.0,2444800
2024-07-19,26.938232421875,30.309999465942383,31.059999465942383,30.239999771118164,31.049999237060547,915500
2024-07-22,27.018218994140625,30.399999618530273,30.399999618530273,30.170000076293945,30.299999237060547,1194400
2024-07-23,26.840469360351562,30.200000762939453,30.649999618530273,30.0,30.469999313354492,1098700
2024-07-24,26.662715911865234,30.0,30.25,29.959999084472656,30.15999984741211,759400
2024-07-25,26.75159454345703,30.100000381469727,30.350000381469727,29.90999984741211,30.010000228881836,943200
2024-07-26,26.849355697631836,30.209999084472656,30.3799991607666,30.030000686645508,30.260000228881836,2533700
2024-07-29,26.902679443359375,30.270000457763672,30.280000686645508,29.969999313354492,30.209999084472656,1027100
2024-07-30,26.867130279541016,30.229999542236328,30.290000915527344,30.010000228881836,30.270000457763672,1142500
2024-07-31,27.195972442626953,30.600000381469727,30.75,30.200000762939453,30.200000762939453,4638000
2024-08-01,27.41815757751465,30.850000381469727,30.959999084472656,30.649999618530273,30.700000762939453,1539000
2024-08-02,27.33816909790039,30.760000228881836,30.950000762939453,30.510000228881836,30.600000381469727,1800100
2024-08-05,27.240407943725586,30.649999618530273,30.649999618530273,30.149999618530273,30.389999389648438,1110600
2024-08-06,27.329280853271484,30.75,30.889999389648438,30.3799991607666,30.510000228881836,1032400
2024-08-07,27.311511993408203,30.729999542236328,30.940000534057617,30.540000915527344,30.68000030517578,816500
2024-08-08,27.391496658325195,30.81999969482422,30.829999923706055,30.299999237060547,30.5,1407700
2024-08-09,27.71145248413086,31.18000030517578,31.18000030517578,30.549999237060547,30.700000762939453,1521300
2024-08-12,27.995853424072266,31.5,31.6200008392334,30.81999969482422,31.010000228881836,1326000
2024-08-13,29.186786651611328,32.84000015258789,33.150001525878906,32.09000015258789,32.27000045776367,2678100
2024-08-14,29.204561233520508,32.86000061035156,33.09000015258789,32.56999969482422,32.88999938964844,1718400
2024-08-15,29.355649948120117,33.029998779296875,33.209999084472656,32.709999084472656,32.849998474121094,1472100
2024-08-16,29.097915649414062,32.7400016784668,33.47999954223633,32.619998931884766,33.029998779296875,1114500
2024-08-19,29.1956729888916,32.849998474121094,32.900001525878906,32.439998626708984,32.70000076293945,1056200
2024-08-20,29.355649948120117,33.029998779296875,33.310001373291016,32.79999923706055,32.79999923706055,1056200
2024-08-21,29.54228973388672,33.2400016784668,33.40999984741211,32.90999984741211,33.029998779296875,1079000
2024-08-22,29.6578311920166,33.369998931884766,33.439998626708984,33.02000045776367,33.22999954223633,1209700
2024-08-23,30.342172622680664,34.13999938964844,34.45000076293945,33.439998626708984,33.45000076293945,1810000
2024-08-26,30.217744827270508,34.0,34.13999938964844,33.77000045776367,34.13999938964844,802600
2024-08-27,30.119985580444336,33.88999938964844,34.31999969482422,33.810001373291016,33.970001220703125,1200900
2024-08-28,30.102201461791992,33.869998931884766,33.93000030517578,33.529998779296875,33.849998474121094,854300
2024-08-29,30.013328552246094,33.77000045776367,33.86000061035156,33.33000183105469,33.7599983215332,1241500
2024-08-30,30.27107048034668,34.060001373291016,34.060001373291016,33.5,33.7599983215332,1297100
2024-09-02,30.919864654541016,34.790000915527344,34.93000030517578,33.81999969482422,34.0,1570500
2024-09-03,30.87542152404785,34.7400016784668,35.060001373291016,34.59000015258789,34.650001525878906,1442700
2024-09-04,30.96430015563965,34.84000015258789,35.040000915527344,34.5,34.79999923706055,1687900
2024-09-05,31.115392684936523,35.0099983215332,35.029998779296875,34.540000915527344,34.900001525878906,1052100
2024-09-06,30.697675704956055,34.540000915527344,35.0099983215332,34.290000915527344,35.0,737600
2024-09-09,30.502145767211914,34.31999969482422,34.619998931884766,34.2599983215332,34.540000915527344,746800
2024-09-10,30.67100715637207,34.5099983215332,34.779998779296875,33.70000076293945,34.2599983215332,1500900
2024-09-11,30.555469512939453,34.380001068115234,34.779998779296875,34.189998626708984,34.5,1275400
2024-09-12,30.848764419555664,34.709999084472656,34.709999084472656,34.029998779296875,34.31999969482422,1278800
2024-09-13,31.026512145996094,34.90999984741211,35.09000015258789,34.7400016784668,34.79999923706055,1883600
2024-09-16,31.053173065185547,34.939998626708984,35.029998779296875,34.72999954223633,34.84000015258789,783600
2024-09-17,30.857646942138672,34.720001220703125,34.939998626708984,34.38999938964844,34.88999938964844,909300
2024-09-18,31.81751251220703,35.79999923706055,36.18000030517578,34.619998931884766,34.810001373291016,2524200
2024-09-19,31.639755249023438,35.599998474121094,36.18000030517578,35.45000076293945,35.75,1798600
2024-09-20,31.61309051513672,35.56999969482422,36.7400016784668,35.4900016784668,36.439998626708984,3639300
2024-09-23,31.835285186767578,35.81999969482422,36.0,35.22999954223633,35.439998626708984,2459000
2024-09-24,31.924156188964844,35.91999816894531,36.099998474121094,35.400001525878906,35.83000183105469,1876100
2024-09-25,31.897497177124023,35.88999938964844,36.34000015258789,35.7599983215332,35.959999084472656,1563800
2024-09-26,32.25300216674805,36.290000915527344,36.380001068115234,35.90999984741211,36.0099983215332,1881700
2024-09-27,32.395198822021484,36.45000076293945,36.47999954223633,36.04999923706055,36.27000045776367,1442000
2024-09-30,32.77256393432617,36.459999084472656,37.09000015258789,36.380001068115234,36.75,1836200
2024-10-01,32.65571594238281,36.33000183105469,36.97999954223633,35.83000183105469,36.97999954223633,2609300
2024-10-02,33.42872619628906,37.189998626708984,37.2400016784668,36.25,36.33000183105469,2687500
2024-10-03,33.248966217041016,36.9900016784668,37.209999084472656,36.7400016784668,37.0099983215332,2216600
2024-10-04,33.70737838745117,37.5,37.54999923706055,36.709999084472656,36.9900016784668,2086000
2024-10-07,33.43772506713867,37.20000076293945,37.5,36.93000030517578,37.5,1096500
2024-10-08,33.56356430053711,37.34000015258789,37.41999816894531,37.15999984741211,37.20000076293945,1569900
2024-10-09,33.168067932128906,36.900001525878906,37.31999969482422,36.65999984741211,37.31999969482422,1546000
2024-10-10,33.114131927490234,36.84000015258789,37.08000183105469,36.58000183105469,37.04999923706055,3555500
2024-10-11,32.59279251098633,36.2599983215332,36.86000061035156,35.45000076293945,36.54999923706055,4678200
2024-10-14,32.90739059448242,36.61000061035156,36.79999923706055,36.15999984741211,36.40999984741211,2815400
2024-10-15,33.21300506591797,36.95000076293945,36.95000076293945,36.5,36.599998474121094,1454100
2024-10-16,33.45569610595703,37.220001220703125,37.470001220703125,36.779998779296875,36.95000076293945,2278900
2024-10-17,33.25794982910156,37.0,37.18000030517578,36.65999984741211,37.09000015258789,1850700
2024-10-18,33.17705154418945,36.90999984741211,37.29999923706055,36.58000183105469,37.099998474121094,1816100
2024-10-21,33.06019973754883,36.779998779296875,37.060001373291016,36.52000045776367,36.900001525878906,2392600
2024-10-22,33.52760696411133,37.29999923706055,37.70000076293945,36.779998779296875,36.91999816894531,2977200
2024-10-23,34.00400161743164,37.83000183105469,37.88999938964844,36.97999954223633,37.0,3097000
2024-10-24,34.516357421875,38.400001525878906,38.470001220703125,37.560001373291016,37.86000061035156,3074800
2024-10-25,34.462425231933594,38.34000015258789,38.45000076293945,38.119998931884766,38.380001068115234,996900
2024-10-28,34.705116271972656,38.61000061035156,38.90999984741211,38.209999084472656,38.310001373291016,1419200
2024-10-29,34.59725570678711,38.4900016784668,38.86000061035156,38.40999984741211,38.630001068115234,1130900
2024-10-30,34.830963134765625,38.75,38.939998626708984,38.5,38.560001373291016,1553000
2024-10-31,34.29164505004883,38.150001525878906,39.08000183105469,38.02000045776367,38.61000061035156,2415600
2024-11-01,34.15681076049805,38.0,38.290000915527344,37.68000030517578,37.91999816894531,2724300
2024-11-04,33.79726791381836,37.599998474121094,38.2400016784668,37.34000015258789,38.220001220703125,2195900
2024-11-05,34.246700286865234,38.099998474121094,38.18000030517578,37.40999984741211,37.63999938964844,1192200
2024-11-06,34.57029342651367,38.459999084472656,38.65999984741211,37.709999084472656,38.09000015258789,1677400
2024-11-07,34.48040008544922,38.36000061035156,38.709999084472656,38.09000015258789,38.459999084472656,2240500
2024-11-08,34.67815399169922,38.58000183105469,38.689998626708984,37.97999954223633,38.13999938964844,2987100
2024-11-11,34.669166564941406,38.56999969482422,39.09000015258789,38.45000076293945,38.810001373291016,2430200
2024-11-12,35.24443435668945,39.209999084472656,39.779998779296875,38.86000061035156,39.11000061035156,5128200
2024-11-13,34.84893798828125,38.77000045776367,39.45000076293945,38.689998626708984,39.209999084472656,1825200
2024-11-14,34.67815399169922,38.58000183105469,38.79999923706055,38.11000061035156,38.77000045776367,1430700
2024-11-18,34.84893798828125,38.77000045776367,38.849998474121094,38.189998626708984,38.81999969482422,1522200
2024-11-19,34.9837646484375,38.91999816894531,39.15999984741211,38.619998931884766,38.91999816894531,1146100
2024-11-21,34.561302185058594,38.45000076293945,38.90999984741211,38.400001525878906,38.90999984741211,1213300
2024-11-22,34.651187896728516,38.54999923706055,38.599998474121094,38.15999984741211,38.52000045776367,1099300
2024-11-25,34.69613265991211,38.599998474121094,38.79999923706055,38.33000183105469,38.41999816894531,1318000
2024-11-26,34.99275588989258,38.93000030517578,39.34000015258789,38.439998626708984,38.599998474121094,1262600
2024-11-27,34.29164505004883,38.150001525878906,39.310001373291016,38.150001525878906,39.08000183105469,1231000
2024-11-28,33.73434829711914,37.529998779296875,38.150001525878906,37.369998931884766,38.150001525878906,935300
2024-11-29,34.01298904418945,37.84000015258789,37.86000061035156,36.97999954223633,37.529998779296875,1932900
2024-12-02,34.05794143676758,37.88999938964844,37.9900016784668,37.36000061035156,37.84000015258789,2516100
2024-12-03,35.09163284301758,39.040000915527344,39.040000915527344,37.880001068115234,37.880001068115234,2806800
2024-12-04,35.86465835571289,39.900001525878906,40.029998779296875,39.060001373291016,39.130001068115234,3248000
2024-12-05,35.68488311767578,39.70000076293945,40.220001220703125,39.369998931884766,39.900001525878906,2201900
2024-12-06,35.23545455932617,39.20000076293945,39.689998626708984,39.029998779296875,39.5099983215332,1714300
2024-12-09,35.0556755065918,39.0,39.599998474121094,38.810001373291016,39.599998474121094,3540800
2024-12-10,35.04668426513672,38.9900016784668,39.560001373291016,38.869998931884766,39.33000183105469,1771200
2024-12-11,36.152286529541016,40.220001220703125,40.540000915527344,38.9900016784668,39.0,3105400
2024-12-12,35.75679016113281,39.779998779296875,40.810001373291016,39.61000061035156,40.189998626708984,2404800
2024-12-13,34.74107360839844,38.650001525878906,39.86000061035156,38.5099983215332,39.810001373291016,2216500
2024-12-16,34.381526947021484,38.25,39.04999923706055,38.040000915527344,38.7400016784668,2298500
2024-12-17,34.37254333496094,38.2400016784668,38.689998626708984,37.939998626708984,38.66999816894531,3715600
2024-12-18,34.1478271484375,37.9900016784668,39.13999938964844,37.65999984741211,38.22999954223633,3016700
2024-12-19,34.12984848022461,37.970001220703125,38.25,37.66999816894531,38.25,1583900
2024-12-20,33.73434829711914,37.529998779296875,38.0099983215332,36.83000183105469,37.970001220703125,3106900
2024-12-23,33.383785247802734,37.13999938964844,37.59000015258789,36.63999938964844,37.54999923706055,2588700
2024-12-26,32.98828887939453,36.70000076293945,37.290000915527344,36.63999938964844,37.150001525878906,1591000
2024-12-27,32.871437072753906,36.56999969482422,36.97999954223633,36.43000030517578,36.70000076293945,2761100
2024-12-30,32.85346221923828,36.54999923706055,36.86000061035156,36.380001068115234,36.619998931884766,1010700
2025-01-02,32.93626022338867,36.220001220703125,36.66999816894531,35.9900016784668,36.66999816894531,2353300
2025-01-03,31.617712020874023,34.77000045776367,36.31999969482422,34.77000045776367,36.04999923706055,8731800
2025-01-06,32.890785217285156,36.16999816894531,36.459999084472656,35.439998626708984,35.52000045776367,3674100
2025-01-07,33.645538330078125,37.0,37.06999969482422,36.08000183105469,36.18000030517578,2352700
2025-01-08,33.1999626159668,36.5099983215332,37.43000030517578,36.5,36.97999954223633,1599900
2025-01-09,33.26362609863281,36.58000183105469,36.72999954223633,36.29999923706055,36.29999923706055,917400
2025-01-10,33.11812210083008,36.41999816894531,36.66999816894531,36.25,36.56999969482422,1501700
2025-01-13,33.2181510925293,36.529998779296875,36.619998931884766,35.779998779296875,36.43000030517578,1856800
2025-01-14,33.27271270751953,36.59000015258789,36.72999954223633,36.34000015258789,36.58000183105469,1130200
2025-01-15,34.263893127441406,37.68000030517578,37.689998626708984,36.650001525878906,36.689998626708984,1692200
2025-01-16,33.93653106689453,37.31999969482422,37.900001525878906,37.31999969482422,37.5,1245600
2025-01-17,33.43639373779297,36.77000045776367,37.630001068115234,36.380001068115234,37.47999954223633,2550100
2025-01-20,33.37273406982422,36.70000076293945,36.81999969482422,36.38999938964844,36.5,1270000
2025-01-21,34.46394348144531,37.900001525878906,38.029998779296875,36.61000061035156,36.70000076293945,2283100
2025-01-22,34.46394348144531,37.900001525878906,38.310001373291016,37.849998474121094,37.93000030517578,1480300
2025-01-23,34.663997650146484,38.119998931884766,38.70000076293945,37.880001068115234,37.970001220703125,2172100
2025-01-24,34.55487823486328,38.0,38.16999816894531,37.59000015258789,38.119998931884766,1209100
2025-01-27,34.87314987182617,38.349998474121094,38.47999954223633,37.7599983215332,37.88999938964844,2682100
2025-01-28,35.009552001953125,38.5,39.65999984741211,38.099998474121094,38.34000015258789,2634100
2025-01-29,35.3369140625,38.86000061035156,39.099998474121094,38.369998931884766,38.5,1931800
2025-01-30,36.27352523803711,39.88999938964844,39.900001525878906,39.0,39.0,1381400
2025-01-31,36.36446762084961,39.9900016784668,40.45000076293945,39.81999969482422,39.88999938964844,1826600
2025-02-03,37.019187927246094,40.709999084472656,40.790000915527344,39.75,39.97999954223633,1720700
2025-02-04,37.019187927246094,40.709999084472656,40.849998474121094,40.34000015258789,40.70000076293945,1841400
2025-02-05,37.91033935546875,41.689998626708984,41.84000015258789,40.599998474121094,40.709999084472656,1624300
2025-02-06,37.55569076538086,41.29999923706055,41.689998626708984,40.9900016784668,41.689998626708984,2310100
2025-02-07,37.05556106567383,40.75,41.75,40.54999923706055,41.29999923706055,2047600
2025-02-10,37.87397384643555,41.650001525878906,41.939998626708984,40.66999816894531,40.7599983215332,1954700
2025-02-11,37.692100524902344,41.45000076293945,41.880001068115234,41.2400016784668,41.75,1657300
2025-02-12,36.24625015258789,39.86000061035156,40.4900016784668,39.560001373291016,40.47999954223633,3217700
2025-02-13,35.909793853759766,39.4900016784668,39.97999954223633,39.08000183105469,39.79999923706055,3751700
2025-02-14,35.727928161621094,39.290000915527344,39.880001068115234,38.06999969482422,39.279998779296875,5226900
2025-02-17,35.41875457763672,38.95000076293945,39.72999954223633,38.599998474121094,39.369998931884766,3115600
2025-02-18,35.81885528564453,39.38999938964844,40.099998474121094,38.70000076293945,38.959999084472656,1975800
2025-02-19,35.7824821472168,39.349998474121094,39.349998474121094,38.7599983215332,39.20000076293945,1332500
2025-02-20,35.59152603149414,39.13999938964844,39.59000015258789,38.61000061035156,39.400001525878906,2174800
2025-02-21,35.3187255859375,38.84000015258789,39.29999923706055,38.59000015258789,39.130001068115234,2041400
2025-02-24,34.84586715698242,38.31999969482422,39.029998779296875,38.27000045776367,39.02000045776367,1140400
2025-02-25,35.21870040893555,38.72999954223633,39.0099983215332,38.47999954223633,38.68000030517578,1573900
2025-02-26,34.84586715698242,38.31999969482422,39.04999923706055,38.29999923706055,38.900001525878906,2021500
2025-02-27,35.1732292175293,38.68000030517578,38.849998474121094,38.220001220703125,38.25,1876600
2025-02-28,34.57306671142578,38.02000045776367,38.77000045776367,37.599998474121094,38.099998474121094,3097300
2025-03-05,34.93680191040039,38.41999816894531,38.47999954223633,37.68000030517578,37.7400016784668,1542900
2025-03-06,34.18205642700195,37.59000015258789,38.560001373291016,37.25,38.560001373291016,2598600
2025-03-07,34.254798889160156,37.66999816894531,37.869998931884766,37.150001525878906,37.2599983215332,2565400
2025-03-10,34.009273529052734,37.400001525878906,37.630001068115234,36.869998931884766,37.2400016784668,2877600
2025-03-11,33.90925216674805,37.290000915527344,37.400001525878906,36.779998779296875,37.369998931884766,1714100
2025-03-12,34.46394348144531,37.900001525878906,38.0099983215332,37.099998474121094,37.29999923706055,1622500
2025-03-13,34.95499038696289,38.439998626708984,38.5099983215332,37.65999984741211,38.150001525878906,1291300
2025-03-14,35.41875457763672,38.95000076293945,38.970001220703125,38.060001373291016,38.61000061035156,1422200
2025-03-17,36.36446762084961,39.9900016784668,39.9900016784668,38.720001220703125,38.9900016784668,1384100
2025-03-18,36.70092010498047,40.36000061035156,40.41999816894531,39.779998779296875,39.90999984741211,2131500
2025-03-19,37.77394104003906,41.540000915527344,41.91999816894531,40.130001068115234,40.470001220703125,4119500
2025-03-20,37.73756408691406,41.5,41.810001373291016,41.33000183105469,41.56999969482422,2026700
2025-03-21,37.80121994018555,41.56999969482422,41.599998474121094,41.02000045776367,41.599998474121094,1996500
2025-03-24,37.592071533203125,41.34000015258789,41.56999969482422,40.900001525878906,41.56999969482422,2027700
2025-03-25,38.08311080932617,41.880001068115234,42.099998474121094,41.43000030517578,41.43000030517578,1632200
2025-03-26,38.0467414855957,41.84000015258789,42.08000183105469,41.439998626708984,42.0,1188600
2025-03-27,37.78303527832031,41.54999923706055,42.02000045776367,41.349998474121094,42.0099983215332,3120300
2025-03-28,37.17377853393555,40.880001068115234,41.65999984741211,40.650001525878906,41.65999984741211,2056400
2025-03-31,37.32170104980469,40.0,40.209999084472656,39.470001220703125,40.099998474121094,2315900
2025-04-01,37.95616912841797,40.68000030517578,41.0,39.75,40.02000045776367,1703000
2025-04-02,38.3200569152832,41.06999969482422,41.33000183105469,40.52000045776367,40.68000030517578,1265500
2025-04-03,38.28273391723633,41.029998779296875,41.72999954223633,40.709999084472656,41.0099983215332,1389300
2025-04-04,37.694915771484375,40.400001525878906,40.849998474121094,40.20000076293945,40.66999816894531,1482600
2025-04-07,36.52861785888672,39.150001525878906,40.130001068115234,38.619998931884766,39.810001373291016,3154800
2025-04-08,36.57527160644531,39.20000076293945,39.97999954223633,39.04999923706055,39.540000915527344,2893900
2025-04-09,37.0137939453125,39.66999816894531,39.77000045776367,38.66999816894531,38.79999923706055,2672300
2025-04-10,36.202049255371094,38.79999923706055,39.4900016784668,38.54999923706055,39.189998626708984,1724700
2025-04-11,36.37932586669922,38.9900016784668,39.2400016784668,38.43000030517578,38.88999938964844,1182800
2025-04-14,36.948486328125,39.599998474121094,39.709999084472656,39.08000183105469,39.27000045776367,1695500
2025-04-15,37.71358108520508,40.41999816894531,40.41999816894531,39.599998474121094,39.70000076293945,1138300
2025-04-16,37.694915771484375,40.400001525878906,40.54999923706055,40.04999923706055,40.36000061035156,1269900
2025-04-17,37.78822708129883,40.5,40.70000076293945,40.11000061035156,40.599998474121094,1497500
2025-04-22,38.35737609863281,41.11000061035156,41.20000076293945,40.150001525878906,40.33000183105469,1013900
2025-04-23,38.81456756591797,41.599998474121094,41.810001373291016,41.06999969482422,41.06999969482422,1176900
2025-04-24,39.057159423828125,41.86000061035156,41.95000076293945,41.54999923706055,41.709999084472656,1088000
2025-04-25,39.551673889160156,42.38999938964844,42.47999954223633,41.66999816894531,41.86000061035156,1587600
2025-04-28,39.93421936035156,42.79999923706055,42.849998474121094,42.349998474121094,42.40999984741211,1113300
2025-04-29,40.2981071472168,43.189998626708984,43.40999984741211,42.68000030517578,42.880001068115234,1064500
2025-04-30,41.04454803466797,43.9900016784668,44.220001220703125,42.86000061035156,42.970001220703125,1432800
2025-05-02,40.78328323364258,43.709999084472656,44.2400016784668,43.349998474121094,43.90999984741211,1260000
2025-05-05,40.50337600708008,43.40999984741211,44.380001068115234,43.33000183105469,43.720001220703125,1776400
2025-05-06,40.5127067565918,43.41999816894531,43.63999938964844,43.08000183105469,43.470001220703125,1338800
2025-05-07,40.699310302734375,43.619998931884766,43.619998931884766,43.119998931884766,43.27000045776367,884800
2025-05-08,41.19382858276367,44.150001525878906,44.33000183105469,43.70000076293945,44.0,1460400
2025-05-09,43.52643966674805,46.650001525878906,47.459999084472656,44.08000183105469,44.560001373291016,4900000
2025-05-12,42.29481506347656,45.33000183105469,46.849998474121094,45.0,46.84000015258789,1802700
2025-05-13,43.13455581665039,46.22999954223633,46.630001068115234,45.13999938964844,45.33000183105469,2095000
2025-05-14,45.09394836425781,48.33000183105469,48.63999938964844,46.36000061035156,46.470001220703125,2724900
2025-05-15,44.40349197387695,47.59000015258789,48.459999084472656,47.16999816894531,48.29999923706055,1392900
2025-05-16,45.85904312133789,49.150001525878906,49.25,47.209999084472656,47.59000015258789,3233300
2025-05-19,45.96167755126953,49.2599983215332,49.91999816894531,48.7599983215332,49.0,1407700
2025-05-20,46.55882263183594,49.900001525878906,49.900001525878906,48.9900016784668,49.27000045776367,1154700
2025-05-21,44.52478790283203,47.720001220703125,49.36000061035156,47.560001373291016,49.349998474121094,3089500
2025-05-22,45.103275299072266,48.34000015258789,49.11000061035156,47.52000045776367,47.59000015258789,1776100
2025-05-23,46.185604095458984,49.5,49.540000915527344,47.439998626708984,48.18000030517578,2028300
2025-05-26,46.2415885925293,49.560001373291016,49.86000061035156,49.130001068115234,49.5,937900
2025-05-27,46.71744155883789,50.06999969482422,50.709999084472656,49.5099983215332,50.4900016784668,1020800
2025-05-28,47.20262908935547,50.59000015258789,51.04999923706055,49.61000061035156,50.06999969482422,2645700
2025-05-29,48.051692962646484,51.5,52.0099983215332,50.279998779296875,50.279998779296875,3188500
2025-05-30,48.58353042602539,52.06999969482422,52.189998626708984,50.95000076293945,51.58000183105469,3549000
2025-06-02,48.87276840209961,52.380001068115234,52.58000183105469,51.66999816894531,52.349998474121094,2213500
2025-06-03,48.947410583496094,52.459999084472656,52.86000061035156,52.0,52.380001068115234,2177600
2025-06-04,48.85411071777344,52.36000061035156,53.150001525878906,52.09000015258789,52.650001525878906,1327800
2025-06-05,49.07802963256836,52.599998474121094,52.61000061035156,51.95000076293945,52.400001525878906,2912100
2025-06-06,48.99406433105469,52.5099983215332,53.099998474121094,52.25,52.470001220703125,1741300
2025-06-09,48.6861572265625,52.18000030517578,52.689998626708984,51.83000183105469,52.45000076293945,2653600
2025-06-10,48.77946472167969,52.279998779296875,52.45000076293945,51.540000915527344,52.40999984741211,2323000
2025-06-11,48.93808364868164,52.45000076293945,52.560001373291016,51.7599983215332,52.220001220703125,2829400
2025-06-12,49.81513595581055,53.38999938964844,53.38999938964844,52.279998779296875,52.439998626708984,1238300
2025-06-13,49.44192886352539,52.9900016784668,53.36000061035156,52.459999084472656,53.16999816894531,1339500
2025-06-16,50.095054626464844,53.689998626708984,53.790000915527344,53.060001373291016,53.459999084472656,1174500
2025-06-17,50.30031967163086,53.90999984741211,53.90999984741211,53.150001525878906,53.630001068115234,1237500
2025-06-18,50.048404693603516,53.63999938964844,53.880001068115234,52.959999084472656,53.880001068115234,1385200
2025-06-20,49.91777801513672,53.5,53.619998931884766,52.959999084472656,53.619998931884766,1448700
2025-06-23,49.84313201904297,53.41999816894531,53.86000061035156,53.02000045776367,53.58000183105469,2349600
2025-06-24,50.374969482421875,53.9900016784668,54.84000015258789,53.13999938964844,53.400001525878906,2380300
2025-06-25,50.29099655151367,53.900001525878906,54.040000915527344,53.33000183105469,53.66999816894531,1428300
2025-06-26,50.87880325317383,54.529998779296875,54.58000183105469,53.79999923706055,53.79999923706055,1832500
2025-06-27,51.004207611083984,54.18000030517578,54.189998626708984,53.099998474121094,53.88999938964844,2488600
2025-06-30,51.96442413330078,55.20000076293945,55.20000076293945,53.689998626708984,54.130001068115234,1263600
2025-07-01,51.55962371826172,54.77000045776367,55.43000030517578,54.2400016784668,55.27000045776367,1446800
2025-07-02,51.39958953857422,54.599998474121094,54.84000015258789,54.0099983215332,54.709999084472656,2237500
2025-07-03,53.291770935058594,56.61000061035156,56.779998779296875,54.279998779296875,54.540000915527344,3222700
2025-07-04,53.33884048461914,56.65999984741211,57.09000015258789,56.29999923706055,56.54999923706055,1159300
2025-07-07,52.01148986816406,55.25,56.959999084472656,54.720001220703125,56.650001525878906,2271900
2025-07-08,51.15483093261719,54.34000015258789,55.34000015258789,54.2400016784668,55.22999954223633,1991800
2025-07-09,49.7804069519043,52.880001068115234,54.47999954223633,52.650001525878906,54.34000015258789,2122000
2025-07-10,49.949859619140625,53.060001373291016,53.16999816894531,52.08000183105469,52.380001068115234,2152900
2025-07-11,49.28147888183594,52.349998474121094,53.20000076293945,51.93000030517578,52.97999954223633,1091800
2025-07-14,49.71451187133789,52.810001373291016,53.2400016784668,51.63999938964844,52.13999938964844,7027000
2025-07-15,49.497989654541016,52.58000183105469,53.63999938964844,52.400001525878906,52.81999969482422,1038800
2025-07-16,48.5001220703125,51.52000045776367,52.90999984741211,51.08000183105469,52.72999954223633,1217600
2025-07-17,48.951988220214844,52.0,52.11000061035156,50.86000061035156,51.20000076293945,2436600
2025-07-18,48.77312469482422,51.810001373291016,52.04999923706055,51.36000061035156,51.5099983215332,2375400
2025-07-21,48.99905776977539,52.04999923706055,52.709999084472656,51.65999984741211,51.84000015258789,1691100
2025-07-22,48.57543182373047,51.599998474121094,53.0,51.59000015258789,52.0,1653800
2025-07-23,49.04612731933594,52.099998474121094,52.36000061035156,51.5,51.599998474121094,1217000
2025-07-24,48.603675842285156,51.630001068115234,52.040000915527344,51.310001373291016,52.040000915527344,2303200
2025-07-25,48.29301834106445,51.29999923706055,52.099998474121094,51.13999938964844,51.810001373291016,650000
2025-07-28,47.76585006713867,50.7400016784668,51.79999923706055,50.68000030517578,51.58000183105469,1508500
2025-07-29,48.11416244506836,51.11000061035156,51.61000061035156,51.029998779296875,51.209999084472656,1007800
2025-07-30,48.67898941040039,51.709999084472656,52.04999923706055,50.88999938964844,50.90999984741211,2191200
2025-07-31,48.84843444824219,51.88999938964844,51.90999984741211,51.060001373291016,51.41999816894531,1647400
2025-08-01,49.2061653137207,52.27000045776367,52.63999938964844,51.95000076293945,52.45000076293945,2070300
2025-08-04,50.15696334838867,53.279998779296875,53.61000061035156,52.220001220703125,52.459999084472656,2758300
2025-08-05,49.855716705322266,52.959999084472656,54.040000915527344,52.47999954223633,53.33000183105469,5747700
2025-08-06,49.92161178588867,53.029998779296875,53.86000061035156,52.959999084472656,53.2400016784668,1724900
2025-08-07,49.74274826049805,52.84000015258789,53.29999923706055,52.58000183105469,53.0,1623600
2025-08-08,50.37348175048828,53.5099983215332,54.29999923706055,52.72999954223633,52.7400016784668,2615700
2025-08-11,50.269927978515625,53.400001525878906,53.9900016784668,53.189998626708984,53.189998626708984,2015400
2025-08-12,51.785552978515625,55.0099983215332,55.2400016784668,53.11000061035156,53.400001525878906,3506000
2025-08-13,51.785552978515625,55.0099983215332,57.209999084472656,54.75,56.77000045776367,3690100
2025-08-14,50.20403289794922,53.33000183105469,54.90999984741211,53.27000045776367,54.90999984741211,2517000
2025-08-15,49.29088592529297,52.36000061035156,53.29999923706055,52.15999984741211,53.29999923706055,1690800
2025-08-18,49.99692916870117,53.11000061035156,53.599998474121094,51.869998931884766,52.04999923706055,2681500
2025-08-19,48.77312469482422,51.810001373291016,52.689998626708984,51.779998779296875,52.439998626708984,1297500
2025-08-20,49.54506301879883,52.630001068115234,52.86000061035156,51.5099983215332,51.56999969482422,2263800
2025-08-21,47.822330474853516,50.79999923706055,52.54999923706055,50.720001220703125,52.439998626708984,3703000
2025-08-22,48.038848876953125,51.029998779296875,51.45000076293945,50.72999954223633,50.84000015258789,3436500
2025-08-25,48.52836990356445,51.54999923706055,51.81999969482422,50.79999923706055,51.0,2494500
2025-08-26,48.00119400024414,50.9900016784668,52.20000076293945,50.9900016784668,51.54999923706055,23659700
2025-08-27,48.462467193603516,51.47999954223633,51.47999954223633,50.75,50.97999954223633,1506500
2025-08-28,49.705101013183594,52.79999923706055,52.88999938964844,51.470001220703125,51.61000061035156,2906900
2025-08-29,48.716644287109375,51.75,53.25,51.70000076293945,52.790000915527344,2409600
2025-09-01,48.78254318237305,51.81999969482422,52.61000061035156,51.47999954223633,52.15999984741211,1166900
2025-09-02,48.44364547729492,51.459999084472656,51.77000045776367,50.81999969482422,51.63999938964844,1152400
2025-09-03,47.76585006713867,50.7400016784668,51.66999816894531,50.72999954223633,51.459999084472656,1543300
2025-09-04,48.42481231689453,51.439998626708984,51.970001220703125,50.869998931884766,50.869998931884766,2195700
2025-09-05,47.963539123535156,50.95000076293945,52.0,50.849998474121094,51.439998626708984,1961500
2025-09-08,47.11628723144531,50.04999923706055,51.04999923706055,49.939998626708984,50.779998779296875,1919500
2025-09-09,47.106876373291016,50.040000915527344,50.099998474121094,49.349998474121094,50.04999923706055,1772100
2025-09-10,47.60580825805664,50.56999969482422,50.970001220703125,49.900001525878906,49.900001525878906,2232700
2025-09-11,47.464603424072266,50.41999816894531,51.04999923706055,50.099998474121094,50.56999969482422,1938900
2025-09-12,47.144535064697266,50.08000183105469,50.47999954223633,49.70000076293945,49.7599983215332,924300
2025-09-15,47.35163879394531,50.29999923706055,50.58000183105469,50.0,50.099998474121094,1364200
2025-09-16,47.59640121459961,50.560001373291016,50.72999954223633,50.150001525878906,50.439998626708984,1566600
2025-09-17,47.91646957397461,50.900001525878906,51.36000061035156,50.22999954223633,50.560001373291016,1966700
2025-09-18,48.1800537109375,51.18000030517578,51.5,50.58000183105469,50.58000183105469,1332600
2025-09-19,48.660160064697266,51.689998626708984,51.97999954223633,51.18000030517578,51.279998779296875,2508000
2025-09-22,48.217716217041016,51.220001220703125,51.380001068115234,50.720001220703125,51.369998931884766,1490200
2025-09-23,48.057674407958984,51.04999923706055,51.880001068115234,50.779998779296875,51.79999923706055,1457700
2025-09-24,48.18947219848633,51.189998626708984,51.5099983215332,50.72999954223633,51.08000183105469,1926100
2025-09-25,47.16335678100586,50.099998474121094,51.7599983215332,49.970001220703125,51.31999969482422,2242500
2025-09-26,46.491397857666016,48.86000061035156,50.06999969482422,48.689998626708984,50.0,2537400
2025-09-29,47.22407150268555,49.630001068115234,49.810001373291016,49.0,49.0099983215332,1566200
2025-09-30,47.44292068481445,49.86000061035156,50.15999984741211,49.5,49.7400016784668,1449500
2025-10-01,46.719764709472656,49.099998474121094,50.06999969482422,49.04999923706055,49.810001373291016,1239400
2025-10-02,46.491397857666016,48.86000061035156,49.41999816894531,48.650001525878906,49.04999923706055,996900
2025-10-03,45.68260192871094,48.0099983215332,49.09000015258789,47.54999923706055,48.900001525878906,2398300
2025-10-06,44.7310791015625,47.0099983215332,47.869998931884766,46.369998931884766,47.869998931884766,3257600
2025-10-07,43.865196228027344,46.099998474121094,46.86000061035156,45.5099983215332,46.86000061035156,4293100
2025-10-08,43.37040710449219,45.58000183105469,46.380001068115234,45.25,46.13999938964844,2952500
2025-10-09,44.12210464477539,46.369998931884766,46.43000030517578,45.41999816894531,45.81999969482422,2191800
2025-10-10,44.093563079833984,46.34000015258789,47.029998779296875,46.189998626708984,46.810001373291016,2521000
2025-10-13,44.40755844116211,46.66999816894531,46.95000076293945,46.2599983215332,46.599998474121094,1482900
2025-10-14,44.35047149658203,46.61000061035156,47.029998779296875,46.20000076293945,46.77000045776367,1391600
2025-10-15,44.417076110839844,46.68000030517578,46.810001373291016,45.93000030517578,46.400001525878906,2712200
2025-10-16,44.11259460449219,46.36000061035156,46.689998626708984,46.29999923706055,46.40999984741211,1312000
2025-10-17,44.084049224853516,46.33000183105469,46.54999923706055,46.0099983215332,46.22999954223633,1141100
2025-10-20,44.90235137939453,47.189998626708984,47.34000015258789,46.22999954223633,46.22999954223633,1012800
2025-10-21,44.75010681152344,47.029998779296875,47.189998626708984,46.599998474121094,47.189998626708984,1182200
2025-10-22,44.930904388427734,47.220001220703125,47.630001068115234,46.83000183105469,46.93000030517578,1321700
2025-10-23,45.08314514160156,47.380001068115234,47.599998474121094,46.849998474121094,47.4900016784668,951500
2025-10-24,44.79768753051758,47.08000183105469,47.75,46.86000061035156,47.369998931884766,1178800
2025-10-27,45.282962799072266,47.59000015258789,47.619998931884766,46.959999084472656,47.33000183105469,795600
2025-10-28,45.67308807373047,48.0,48.2599983215332,47.47999954223633,47.58000183105469,1566700
2025-10-29,45.59696578979492,47.91999816894531,48.36000061035156,47.54999923706055,48.130001068115234,2083700
2025-10-30,46.20594024658203,48.560001373291016,48.83000183105469,47.470001220703125,47.90999984741211,825900
2025-10-31,45.72066116333008,48.04999923706055,48.900001525878906,47.959999084472656,48.54999923706055,1158000
2025-11-03,45.701637268066406,48.029998779296875,48.599998474121094,47.810001373291016,48.59000015258789,856800
2025-11-04,46.41527557373047,48.779998779296875,48.97999954223633,47.90999984741211,48.029998779296875,1268600
2025-11-05,46.55800247192383,48.93000030517578,49.33000183105469,48.470001220703125,48.779998779296875,1342800
2025-11-06,47.21455383300781,49.619998931884766,50.15999984741211,48.970001220703125,49.2400016784668,1743300
2025-11-07,47.18600845336914,49.59000015258789,49.83000183105469,49.22999954223633,49.540000915527344,703900
2025-11-10,47.47146224975586,49.88999938964844,50.0099983215332,49.33000183105469,49.59000015258789,1116000
2025-11-11,43.84616470336914,46.08000183105469,50.4900016784668,46.08000183105469,50.22999954223633,7637900
2025-11-12,43.579734802246094,45.79999923706055,46.7599983215332,45.380001068115234,46.439998626708984,3828100
2025-11-13,44.24580383300781,46.5,46.7599983215332,45.91999816894531,45.9900016784668,2099300
2025-11-14,44.264835357666016,46.52000045776367,46.72999954223633,46.29999923706055,46.630001068115234,1002900
2025-11-17,43.865196228027344,46.099998474121094,46.66999816894531,46.04999923706055,46.52000045776367,1176200
2025-11-18,43.68440628051758,45.90999984741211,46.20000076293945,45.72999954223633,46.0,1034400
2025-11-19,43.06591796875,45.2599983215332,45.86000061035156,45.16999816894531,45.810001373291016,1807900
2025-11-21,43.48459243774414,45.70000076293945,45.72999954223633,45.09000015258789,45.29999923706055,1471300
2025-11-24,44.24580383300781,46.5,46.5099983215332,45.40999984741211,45.779998779296875,3330800
2025-11-25,44.33143615722656,46.59000015258789,46.7400016784668,46.040000915527344,46.689998626708984,916900
2025-11-26,45.20683670043945,47.5099983215332,47.70000076293945,46.310001373291016,46.59000015258789,1587600
2025-11-27,45.19732666015625,47.5,47.95000076293945,47.27000045776367,47.5,1937700
2025-11-28,44.90235137939453,47.189998626708984,47.61000061035156,46.599998474121094,47.599998474121094,1941100
2025-12-01,45.42569351196289,47.7400016784668,47.79999923706055,46.79999923706055,47.18000030517578,1881200
2025-12-02,45.72066116333008,48.04999923706055,48.189998626708984,47.45000076293945,47.79999923706055,1679400
2025-12-03,45.73969268798828,48.06999969482422,48.41999816894531,47.790000915527344,48.04999923706055,1207600
2025-12-04,46.2344856262207,48.59000015258789,49.43000030517578,48.060001373291016,48.130001068115234,2714300
2025-12-05,44.99750900268555,47.290000915527344,48.900001525878906,46.880001068115234,48.400001525878906,3941400
2025-12-08,45.72066116333008,48.04999923706055,48.130001068115234,46.95000076293945,47.65999984741211,2063100
2025-12-09,46.2344856262207,48.59000015258789,48.959999084472656,47.38999938964844,47.9900016784668,2205900
2025-12-10,45.89194107055664,48.22999954223633,48.709999084472656,47.79999923706055,48.61000061035156,1575100
2025-12-11,46.43430709838867,48.79999923706055,49.11000061035156,48.0,48.290000915527344,1507200
2025-12-12,47.043277740478516,49.439998626708984,49.75,48.0,48.290000915527344,1278500
2025-12-15,47.205039978027344,49.61000061035156,49.91999816894531,49.36000061035156,49.47999954223633,1280400
2025-12-16,46.7958869934082,49.18000030517578,50.220001220703125,49.18000030517578,49.45000076293945,3886600
2025-12-17,44.7310791015625,47.0099983215332,48.95000076293945,46.75,48.599998474121094,2825400
2025-12-18,45.21635818481445,47.52000045776367,47.65999984741211,46.65999984741211,47.0099983215332,2094700
2025-12-19,44.22677230834961,46.47999954223633,47.68000030517578,46.47999954223633,47.52000045776367,2939700
2025-12-22,44.24580383300781,46.5,46.650001525878906,46.02000045776367,46.2599983215332,1193900
2025-12-23,45.46375274658203,47.779998779296875,48.400001525878906,46.65999984741211,46.65999984741211,1315500
2025-12-26,45.58744812011719,47.90999984741211,48.060001373291016,47.29999923706055,47.65999984741211,821100
2025-12-29,45.748741149902344,47.540000915527344,47.83000183105469,47.189998626708984,47.66999816894531,1359500
2025-12-30,46.537845611572266,48.36000061035156,48.599998474121094,47.72999954223633,47.90999984741211,1182000
2026-01-02,46.31650924682617,48.130001068115234,48.70000076293945,48.08000183105469,48.70000076293945,1054100
2026-01-05,46.50897216796875,48.33000183105469,48.650001525878906,47.630001068115234,48.08000183105469,1241900
2026-01-06,48.11604690551758,50.0,50.0,47.400001525878906,48.599998474121094,3918400
2026-01-07,47.77923583984375,49.650001525878906,49.790000915527344,48.459999084472656,49.75,3322000
2026-01-08,45.60438537597656,47.38999938964844,50.0,47.119998931884766,49.5,2999600
2026-01-09,45.662132263183594,47.45000076293945,48.06999969482422,47.029998779296875,47.400001525878906,953100
2026-01-12,45.30607223510742,47.08000183105469,47.40999984741211,46.08000183105469,47.099998474121094,1849300
2026-01-13,44.747928619384766,46.5,47.099998474121094,46.09000015258789,47.09000015258789,1950900
2026-01-14,45.30607223510742,47.08000183105469,47.119998931884766,46.36000061035156,46.7599983215332,1201300
2026-01-15,44.266761779785156,46.0,46.939998626708984,45.15999984741211,46.45000076293945,3877900
2026-01-16,44.266761779785156,46.0,46.790000915527344,45.4900016784668,46.0,1714200
2026-01-19,44.478477478027344,46.220001220703125,46.689998626708984,45.72999954223633,46.08000183105469,1163400
2026-01-20,44.41111373901367,46.150001525878906,46.47999954223633,45.720001220703125,46.2599983215332,1514100
2026-01-21,45.392677307128906,47.16999816894531,47.18000030517578,46.2400016784668,46.650001525878906,1724800
2026-01-22,46.768795013427734,48.599998474121094,48.900001525878906,47.209999084472656,47.45000076293945,2265100
2026-01-23,46.49934768676758,48.31999969482422,48.81999969482422,47.880001068115234,48.58000183105469,1865700
2026-01-26,46.69181442260742,48.52000045776367,48.790000915527344,47.56999969482422,48.33000183105469,1667600
2026-01-27,47.461669921875,49.31999969482422,49.84000015258789,48.79999923706055,48.880001068115234,1782400
2026-01-28,47.99094772338867,49.869998931884766,49.869998931884766,49.040000915527344,49.29999923706055,1820900
2026-01-29,47.692626953125,49.560001373291016,50.22999954223633,48.709999084472656,50.0,1825400
2026-01-30,48.347007751464844,50.2400016784668,50.38999938964844,49.310001373291016,49.65999984741211,2304700
2026-02-02,49.809730529785156,51.7599983215332,51.84000015258789,50.13999938964844,50.25,2340000
2026-02-03,49.800113677978516,51.75,52.459999084472656,51.209999084472656,51.959999084472656,2661300
2026-02-04,50.550716400146484,52.529998779296875,52.529998779296875,50.47999954223633,51.45000076293945,4072000
2026-02-05,48.66456985473633,50.56999969482422,53.09000015258789,50.0,52.79999923706055,4849500
2026-02-06,50.20428466796875,52.16999816894531,52.310001373291016,50.709999084472656,50.9900016784668,3084900
2026-02-09,50.85866165161133,52.849998474121094,53.349998474121094,51.81999969482422,52.209999084472656,2138900
2026-02-10,50.839420318603516,52.83000183105469,53.209999084472656,52.09000015258789,52.84000015258789,1735600
2026-02-11,51.04150390625,53.040000915527344,53.810001373291016,52.70000076293945,53.0,2537500
2026-02-12,49.85784912109375,51.810001373291016,52.95000076293945,51.47999954223633,52.79999923706055,5558300
2026-02-13,49.078369140625,51.0,51.18000030517578,50.02000045776367,51.029998779296875,1223100
2026-02-18,49.299705505371094,51.22999954223633,52.22999954223633,50.790000915527344,51.40999984741211,1349800
2026-02-19,49.96369934082031,51.91999816894531,52.2400016784668,51.220001220703125,51.72999954223633,1165700
2026-02-20,49.896339416503906,51.849998474121094,51.91999816894531,50.91999816894531,51.47999954223633,1966300
2026-02-23,49.91558837890625,51.869998931884766,52.369998931884766,51.29999923706055,51.63999938964844,1938200
2026-02-24,50.58921432495117,52.56999969482422,52.689998626708984,51.290000915527344,51.869998931884766,1998900
2026-02-25,50.608463287353516,52.59000015258789,53.099998474121094,52.220001220703125,52.58000183105469,1510900
2026-02-26,50.76243209838867,52.75,53.06999969482422,52.290000915527344,52.59000015258789,1419400
2026-02-27,50.35825729370117,52.33000183105469,52.849998474121094,51.81999969482422,52.66999816894531,2403500
2026-03-02,49.85784912109375,51.810001373291016,52.16999816894531,51.34000015258789,52.029998779296875,1135000
2026-03-03,48.722312927246094,50.630001068115234,51.099998474121094,49.04999923706055,50.09000015258789,2991400
2026-03-04,49.04949951171875,50.970001220703125,52.04999923706055,50.529998779296875,50.91999816894531,1777800
2026-03-05,47.72149658203125,49.59000015258789,51.0099983215332,49.560001373291016,50.970001220703125,1332900
2026-03-06,47.37506103515625,49.22999954223633,49.619998931884766,48.75,49.5,1520800
2026-03-09,48.077552795410156,49.959999084472656,49.959999084472656,48.849998474121094,49.38999938964844,1400500
2026-03-10,48.11604690551758,50.0,50.790000915527344,49.56999969482422,50.0099983215332,1294700
2026-03-11,47.711875915527344,49.58000183105469,50.08000183105469,49.209999084472656,49.630001068115234,1334800
2026-03-12,47.09598922729492,48.939998626708984,49.439998626708984,48.599998474121094,49.25,1909900
2026-03-13,47.45205307006836,49.310001373291016,50.02000045776367,49.060001373291016,49.45000076293945,1995000
2026-03-16,45.5562744140625,47.34000015258789,50.41999816894531,47.34000015258789,50.22999954223633,2791100
2026-03-17,46.19140625,48.0,48.54999923706055,47.16999816894531,47.52000045776367,2171800
2026-03-18,45.85459518432617,47.650001525878906,48.5,47.29999923706055,47.84000015258789,2284300
2026-03-19,46.672569274902344,48.5,48.72999954223633,46.31999969482422,47.15999984741211,2217400
2026-03-20,45.662132263183594,47.45000076293945,48.630001068115234,47.36000061035156,48.630001068115234,1691000
2026-03-23,47.317317962646484,49.16999816894531,49.630001068115234,48.2400016784668,48.83000183105469,1196900
2026-03-24,47.15372848510742,49.0,49.209999084472656,48.279998779296875,49.16999816894531,1415800
2026-03-25,47.88508987426758,49.7599983215332,50.04999923706055,49.02000045776367,49.459999084472656,1353200
2026-03-26,47.278831481933594,49.130001068115234,49.66999816894531,48.75,49.02000045776367,3734600
2026-03-27,46.893898010253906,48.72999954223633,49.2599983215332,48.29999923706055,49.130001068115234,1312100
2026-03-30,47.5771484375,49.439998626708984,49.63999938964844,48.869998931884766,48.900001525878906,2234800
2026-03-31,49.14592361450195,50.5099983215332,50.619998931884766,48.779998779296875,49.540000915527344,1582800
2026-04-01,49.36984634399414,49.849998474121094,50.43000030517578,49.630001068115234,50.09000015258789,1241000
2026-04-02,50.05320358276367,50.540000915527344,50.77000045776367,47.84000015258789,48.5099983215332,1712800
2026-04-06,49.7560920715332,50.2400016784668,51.06999969482422,50.13999938964844,50.52000045776367,1408300
2026-04-07,49.8452262878418,50.33000183105469,50.95000076293945,49.70000076293945,50.22999954223633,1339000
2026-04-08,51.251548767089844,51.75,53.5,51.13999938964844,51.900001525878906,1371400
2026-04-09,51.91509246826172,52.41999816894531,53.290000915527344,51.630001068115234,51.7599983215332,1948800
2026-04-10,52.71729278564453,53.22999954223633,53.59000015258789,52.45000076293945,52.7400016784668,2614300
2026-04-13,53.10353469848633,53.619998931884766,53.77000045776367,52.52000045776367,53.18000030517578,1660100
2026-04-14,51.85567092895508,52.36000061035156,54.11000061035156,52.060001373291016,53.77000045776367,1372100
2026-04-15,53.261993408203125,53.779998779296875,53.9900016784668,51.68000030517578,52.099998474121094,2494500
2026-04-16,53.17285919189453,53.689998626708984,54.349998474121094,53.54999923706055,53.959999084472656,2067100
2026-04-17,53.78689193725586,54.310001373291016,54.869998931884766,54.0099983215332,54.25,1847000
2026-04-20,54.87629318237305,55.40999984741211,55.720001220703125,54.220001220703125,54.29999923706055,2205700
2026-04-22,53.49968338012695,54.02000045776367,55.5099983215332,53.5,55.38999938964844,2823700
2026-04-23,50.9049186706543,51.400001525878906,54.43000030517578,51.220001220703125,54.02000045776367,2761000
2026-04-24,51.38029479980469,51.880001068115234,51.97999954223633,51.150001525878906,51.97999954223633,1175600
2026-04-27,51.04357147216797,51.540000915527344,52.45000076293945,51.40999984741211,52.040000915527344,992500
2026-04-28,50.62761306762695,51.119998931884766,51.439998626708984,50.72999954223633,51.29999923706055,752900
2026-04-29,49.02322006225586,49.5,50.970001220703125,49.04999923706055,50.970001220703125,2021600
2026-04-30,49.310428619384766,49.790000915527344,50.47999954223633,49.5099983215332,49.70000076293945,1203600
2026-05-04,48.9241828918457,49.400001525878906,50.209999084472656,49.099998474121094,50.06999969482422,1011600
2026-05-05,48.706302642822266,49.18000030517578,49.86000061035156,49.099998474121094,49.400001525878906,1174300
2026-05-06,49.13216018676758,49.61000061035156,50.029998779296875,49.150001525878906,49.36000061035156,802000
2026-05-07,49.815513610839844,50.29999923706055,51.41999816894531,49.369998931884766,49.900001525878906,3299500
2026-05-08,50.99405288696289,51.4900016784668,52.22999954223633,50.599998474121094,50.599998474121094,2419500
2026-05-11,50.350311279296875,50.84000015258789,52.16999816894531,50.58000183105469,51.4900016784668,3452700
2026-05-12,49.57782745361328,50.060001373291016,50.97999954223633,50.060001373291016,50.630001068115234,1423700
2026-05-13,47.8644905090332,48.33000183105469,50.209999084472656,48.15999984741211,50.0099983215332,2153900
2026-05-14,48.230926513671875,48.70000076293945,49.09000015258789,48.41999816894531,48.7599983215332,1954600
2026-05-15,47.45843505859375,47.91999816894531,48.439998626708984,47.81999969482422,48.290000915527344,967500
2026-05-18,48.230926513671875,48.70000076293945,49.029998779296875,47.47999954223633,47.720001220703125,3462800
2026-05-19,47.18113327026367,47.63999938964844,48.52000045776367,47.45000076293945,48.5,1492300
2026-05-20,48.74591827392578,49.220001220703125,49.630001068115234,47.63999938964844,47.869998931884766,1499100
2026-05-21,48.983604431152344,49.459999084472656,49.81999969482422,48.5099983215332,49.060001373291016,1137700
2026-05-22,48.69639587402344,49.16999816894531,49.439998626708984,48.459999084472656,49.040000915527344,935600
2026-05-25,48.765724182128906,49.2400016784668,49.84000015258789,48.91999816894531,49.22999954223633,920200
2026-05-26,48.41909408569336,48.88999938964844,49.20000076293945,48.5099983215332,49.189998626708984,608000
2026-05-27,48.07246780395508,48.540000915527344,49.4900016784668,48.2599983215332,49.4900016784668,1040300
2026-05-28,47.81496810913086,48.279998779296875,48.88999938964844,47.900001525878906,48.59000015258789,778500
2026-05-29,47.84468460083008,48.310001373291016,48.599998474121094,47.83000183105469,48.290000915527344,2523200
2026-06-01,47.53766632080078,48.0,48.68000030517578,47.720001220703125,48.369998931884766,2136600
2026-06-02,48.27054214477539,48.7400016784668,49.630001068115234,48.22999954223633,48.2400016784668,1980000
2026-06-03,47.69612503051758,48.15999984741211,48.91999816894531,47.869998931884766,48.15999984741211,2172300
2026-06-05,47.3494987487793,47.810001373291016,48.68000030517578,47.56999969482422,48.20000076293945,1196000
2026-06-08,47.4188232421875,47.880001068115234,48.099998474121094,47.61000061035156,47.79999923706055,892400
2026-06-09,48.19131088256836,48.65999984741211,48.7599983215332,47.93000030517578,48.209999084472656,1936400
2026-06-10,48.01304244995117,48.47999954223633,49.0,48.119998931884766,48.630001068115234,967100
2026-06-11,49.03312301635742,49.5099983215332,49.650001525878906,47.93000030517578,48.599998474121094,1824900
2026-06-12,50.003684997558594,50.4900016784668,50.59000015258789,49.16999816894531,49.38999938964844,1180700
2026-06-15,49.46888732910156,49.95000076293945,51.40999984741211,49.77000045776367,50.9900016784668,1144900
2026-06-16,50.0730094909668,50.560001373291016,50.709999084472656,49.650001525878906,49.7599983215332,810800
2026-06-17,51.05347442626953,51.54999923706055,52.13999938964844,50.0099983215332,50.36000061035156,1533300
2026-06-18,51.97451400756836,52.47999954223633,52.7400016784668,51.380001068115234,51.560001373291016,1802500
2026-06-19,51.99432373046875,52.5,53.25,52.150001525878906,52.4900016784668,1413100
2026-06-22,52.727195739746094,53.2400016784668,53.52000045776367,52.5099983215332,52.650001525878906,1809600
2026-06-23,52.189998626708984,52.189998626708984,52.810001373291016,52.029998779296875,52.810001373291016,1016100
2026-06-24,52.380001068115234,52.380001068115234,52.68000030517578,51.65999984741211,51.97999954223633,1321500
2026-06-25,52.599998474121094,52.599998474121094,53.08000183105469,52.369998931884766,52.52000045776367,1085300
2026-06-26,53.2599983215332,53.2599983215332,53.540000915527344,52.349998474121094,52.63999938964844,1192300
