Price,Adj Close,Close,High,Low,Open,Volume
Ticker,RECV3.SA,RECV3.SA,RECV3.SA,RECV3.SA,RECV3.SA,RECV3.SA
Date,,,,,,
2021-06-28,12.515839576721191,18.88505744934082,19.452587127685547,18.66978645324707,19.1688232421875,353806
2021-06-29,12.736326217651367,19.217748641967773,19.452587127685547,18.845918655395508,18.89484214782715,861011
2021-06-30,12.807659149169922,19.325382232666016,19.423233032226562,18.96333885192871,19.217748641967773,1235053
2021-07-01,12.658509254455566,19.10032844543457,19.687427520751953,18.982908248901367,19.43301773071289,1506897
2021-07-02,13.125420570373535,19.804847717285156,20.000547409057617,19.207963943481445,19.217748641967773,539192
2021-07-05,13.410754203796387,20.235387802124023,20.352807998657227,19.37430763244629,19.834203720092773,1023300
2021-07-06,13.203237533569336,19.92226791381836,20.33323860168457,19.481943130493164,20.20603370666504,785589
2021-07-07,13.099481582641602,19.765708923339844,20.088613510131836,19.57979393005371,20.05925750732422,738476
2021-07-08,12.483413696289062,18.836132049560547,19.44280242919922,18.836132049560547,19.44280242919922,725906
2021-07-12,12.587173461914062,18.992692947387695,19.23731803894043,18.591506958007812,18.836132049560547,414716
2021-07-13,12.450993537902832,18.787208557128906,19.022048950195312,18.708927154541016,18.845918655395508,384261
2021-07-14,12.522324562072754,18.89484214782715,19.276458740234375,18.620861053466797,18.982908248901367,285538
2021-07-15,12.055415153503418,18.190322875976562,18.875272750854492,18.190322875976562,18.806777954101562,341032
2021-07-16,12.249958038330078,18.483871459960938,18.493656158447266,17.955482482910156,18.297956466674805,402656
2021-07-19,11.847893714904785,17.877201080322266,18.317527770996094,17.44666290283203,18.317527770996094,1093714
2021-07-20,11.997045516967773,18.102256774902344,18.102256774902344,17.427091598510742,17.632577896118164,633009
2021-07-21,12.379658699035645,18.6795711517334,18.6795711517334,17.828277587890625,18.20989227294922,438017
2021-07-22,12.32129192352295,18.591506958007812,18.875272750854492,18.39580726623535,18.66978645324707,763719
2021-07-23,12.32129192352295,18.591506958007812,18.88505744934082,18.219676971435547,18.796993255615234,328666
2021-07-26,12.035957336425781,18.160966873168945,18.591506958007812,18.0631160736084,18.591506958007812,619212
2021-07-27,11.796015739440918,17.798921585083008,18.33709716796875,17.534727096557617,17.945697784423828,693305
2021-07-28,11.549592971801758,17.427091598510742,18.033761978149414,17.2607479095459,17.72064208984375,639754
2021-07-29,11.86086654663086,17.896772384643555,18.00440788269043,17.45644760131836,17.495586395263672,701481
2021-07-30,11.601469039916992,17.50537109375,17.906557083129883,17.329242706298828,17.84784698486328,681450
2021-08-02,11.83492660522461,17.85763168334961,18.092472076416016,17.45644760131836,17.681501388549805,816657
2021-08-03,11.867350578308105,17.906557083129883,17.906557083129883,16.97698211669922,17.808706283569336,325804
2021-08-04,11.27074146270752,17.006336212158203,17.749996185302734,17.006336212158203,17.749996185302734,461215
2021-08-05,11.34855842590332,17.123756408691406,17.319456100463867,16.722572326660156,17.211822509765625,336228
2021-08-06,11.017830848693848,16.62472152709961,17.113971710205078,16.605152130126953,17.113971710205078,360040
2021-08-09,11.147527694702148,16.82042121887207,16.879131317138672,16.233320236206055,16.438806533813477,302503
2021-08-10,11.439348220825195,17.2607479095459,17.2607479095459,16.477947235107422,16.69321632385254,560449
2021-08-11,11.802499771118164,17.808706283569336,17.838062286376953,16.791067123413086,17.055261611938477,568012
2021-08-12,11.672801971435547,17.613006591796875,17.84784698486328,17.348812103271484,17.798921585083008,855083
2021-08-13,11.34855842590332,17.123756408691406,17.603221893310547,16.791067123413086,17.495586395263672,270107
2021-08-16,10.544432640075684,15.910415649414062,16.986766815185547,15.401596069335938,16.849777221679688,1578946
2021-08-17,10.12291431427002,15.274391174316406,15.812565803527832,14.491591453552246,15.812565803527832,2387633
2021-08-18,9.76624584197998,14.736215591430664,15.450521469116211,14.736215591430664,15.274391174316406,1234950
2021-08-19,10.12291431427002,15.274391174316406,15.567940711975098,14.129546165466309,14.481805801391602,794889
2021-08-20,9.857034683227539,14.87320613861084,15.48966121673584,14.87320613861084,15.078690528869629,298620
2021-08-23,10.310976028442383,15.55815601348877,15.6853609085083,14.94170093536377,15.03955078125,827388
2021-08-24,10.635220527648926,16.047405242919922,16.252891540527344,15.597295761108398,15.704931259155273,676341
2021-08-25,10.881648063659668,16.41923713684082,16.48773193359375,15.832136154174805,16.037620544433594,566274
2021-08-26,10.680615425109863,16.115901947021484,16.370311737060547,15.75385570526123,16.252891540527344,402656
2021-08-27,11.426376342773438,17.24117660522461,17.24117660522461,16.06697654724121,16.184396743774414,697598
2021-08-30,11.543107032775879,17.417306900024414,17.495586395263672,17.03569221496582,17.221607208251953,468982
2021-08-31,11.426376342773438,17.24117660522461,17.544511795043945,16.536657333374023,17.407522201538086,426060
2021-09-01,10.927042961120605,16.48773193359375,17.202037811279297,16.48773193359375,16.986766815185547,180071
2021-09-02,10.667645454406738,16.096330642700195,17.025907516479492,15.959341049194336,16.497516632080078,420132
2021-09-03,10.732494354248047,16.194181442260742,16.389881134033203,15.988696098327637,16.14525604248047,266734
2021-09-06,10.635220527648926,16.047405242919922,16.155040740966797,15.616866111755371,15.773426055908203,405620
2021-09-08,10.213703155517578,15.411380767822266,16.243106842041016,15.362456321716309,16.243106842041016,622483
2021-09-09,10.40825080871582,15.704931259155273,15.949556350708008,15.205896377563477,15.42116641998291,442922
2021-09-10,10.051581382751465,15.166755676269531,16.399667739868164,15.166755676269531,16.262676239013672,428921
2021-09-13,10.700069427490234,16.14525604248047,16.409452438354492,15.411380767822266,15.411380767822266,599284
2021-09-14,10.862191200256348,16.389881134033203,16.517087936401367,16.047405242919922,16.14525604248047,506693
2021-09-15,11.27074146270752,17.006336212158203,17.113971710205078,16.301816940307617,16.595367431640625,649360
2021-09-16,11.316136360168457,17.074832916259766,17.074832916259766,16.243106842041016,17.006336212158203,1130096
2021-09-17,11.205892562866211,16.90848731994629,17.04547691345215,16.497516632080078,17.016122817993164,798671
2021-09-20,10.168310165405273,15.342885971069336,16.634506225585938,15.0101957321167,16.634506225585938,1039345
2021-09-21,10.375824928283691,15.656005859375,15.920201301574707,15.166755676269531,15.450521469116211,659478
2021-09-22,11.478257179260254,17.319456100463867,17.339027404785156,15.851705551147461,15.861491203308105,737965
2021-09-23,11.899776458740234,17.955482482910156,18.023977279663086,16.732357025146484,17.329242706298828,760653
2021-09-24,12.515839576721191,18.88505744934082,18.88505744934082,17.074832916259766,17.691286087036133,948696
2021-09-27,13.3912992477417,20.20603370666504,20.52893829345703,18.88505744934082,18.89484214782715,1874603
2021-09-28,13.144876480102539,19.834203720092773,21.057327270507812,19.159038543701172,20.11796760559082,2141951
2021-09-29,13.047601699829102,19.687427520751953,20.303882598876953,19.354738235473633,19.834203720092773,870209
2021-09-30,13.03463077545166,19.667858123779297,20.27452850341797,19.10032844543457,20.05925750732422,1233520
2021-10-01,13.235664367675781,19.971193313598633,20.157108306884766,19.276458740234375,19.91248321533203,1020336
2021-10-04,12.729843139648438,19.207963943481445,20.039688110351562,18.924198150634766,20.039688110351562,1002963
2021-10-05,12.807659149169922,19.325382232666016,19.65807342529297,18.650217056274414,19.247102737426758,1250382
2021-10-06,12.269415855407715,18.513227462768555,18.992692947387695,18.366451263427734,18.933982849121094,613285
2021-10-07,11.867350578308105,17.906557083129883,18.97312355041504,17.77935218811035,18.493656158447266,1025957
2021-10-08,11.828442573547363,17.84784698486328,18.415376663208008,17.818492889404297,17.965267181396484,620439
2021-10-11,12.28886890411377,18.54258155822754,18.933982849121094,17.955482482910156,18.297956466674805,938783
2021-10-13,11.640380859375,17.5640811920166,18.943767547607422,17.329242706298828,18.591506958007812,1167091
2021-10-14,11.478257179260254,17.319456100463867,18.014192581176758,17.290102005004883,17.85763168334961,1117117
2021-10-15,11.231829643249512,16.9476261138916,17.544511795043945,16.9476261138916,17.36838150024414,740929
2021-10-18,11.128073692321777,16.791067123413086,17.495586395263672,16.575796127319336,16.90848731994629,1630556
2021-10-19,10.576858520507812,15.959341049194336,16.9476261138916,15.959341049194336,16.9476261138916,2265814
2021-10-20,10.641707420349121,16.057191848754883,16.301816940307617,15.792996406555176,16.115901947021484,4128357
2021-10-21,10.213703155517578,15.411380767822266,15.910415649414062,14.579655647277832,15.851705551147461,2154521
2021-10-22,9.785700798034668,14.765570640563965,15.215681076049805,13.747929573059082,15.215681076049805,2865098
2021-10-25,10.486069679260254,15.822351455688477,16.184396743774414,14.638365745544434,14.912345886230469,938987
2021-10-26,10.246129035949707,15.460306167602539,15.959341049194336,15.127615928649902,15.656005859375,515789
2021-10-27,9.714366912841797,14.657936096191406,15.55815601348877,14.657936096191406,15.460306167602539,950638
2021-10-28,9.240970611572266,13.94363021850586,14.77535629272461,13.94363021850586,14.765570640563965,612365
2021-10-29,8.793511390686035,13.268465042114258,14.168685913085938,13.082550048828125,14.080620765686035,2167193
2021-11-01,9.098301887512207,13.728360176086426,14.012125015258789,13.25868034362793,13.405454635620117,429739
2021-11-03,9.202058792114258,13.884920120239258,13.884920120239258,13.131475448608398,13.650079727172852,486458
2021-11-04,9.18908977508545,13.865349769592285,14.031695365905762,13.542445182800293,13.884920120239258,418395
2021-11-05,9.857034683227539,14.87320613861084,15.000411033630371,13.796854972839355,13.796854972839355,1027081
2021-11-08,9.960792541503906,15.029766082763672,15.636436462402344,14.638365745544434,14.77535629272461,558814
2021-11-09,10.019156455993652,15.117831230163574,15.313530921936035,14.853635787963867,15.245036125183105,421052
2021-11-10,10.213703155517578,15.411380767822266,15.460306167602539,14.87320613861084,15.147186279296875,425651
2021-11-11,10.849223136901855,16.370311737060547,16.575796127319336,15.264606475830078,15.75385570526123,890852
2021-11-12,10.142370223999023,15.303746223449707,16.380096435546875,15.049336433410645,16.252891540527344,660500
2021-11-16,9.714366912841797,14.657936096191406,15.695145606994629,14.657936096191406,15.411380767822266,336126
2021-11-17,9.435518264770508,14.237180709838867,15.000411033630371,13.992554664611816,14.94170093536377,391926
2021-11-18,9.078847885131836,13.699005126953125,14.344816207885742,13.532659530639648,14.276321411132812,564537
2021-11-19,8.793511390686035,13.268465042114258,13.669650077819824,12.788999557495117,13.650079727172852,875318
2021-11-22,9.31230354309082,14.051265716552734,14.051265716552734,13.278249740600586,13.346744537353516,630147
2021-11-23,9.785700798034668,14.765570640563965,14.765570640563965,13.650079727172852,14.09040641784668,503321
2021-11-24,9.351213455200195,14.109975814819336,15.059121131896973,14.109975814819336,15.059121131896973,523147
2021-11-25,9.6819429397583,14.609010696411133,14.765570640563965,13.992554664611816,14.276321411132812,296474
2021-11-26,9.299333572387695,14.031695365905762,14.031695365905762,13.405454635620117,13.689220428466797,753193
2021-11-29,9.513336181640625,14.35460090637207,14.442666053771973,13.953414916992188,14.207825660705566,409197
2021-11-30,8.929696083068848,13.473950386047363,14.149115562438965,12.935774803161621,14.149115562438965,1108635
2021-12-01,8.88430118560791,13.405454635620117,14.227396011352539,13.121689796447754,13.689220428466797,583852
2021-12-02,9.085332870483398,13.708789825439453,14.002340316772461,13.151044845581055,13.444595336914062,590393
2021-12-03,9.065877914428711,13.679434776306152,14.550300598144531,13.42502498626709,14.012125015258789,495860
2021-12-06,9.506852149963379,14.344816207885742,14.383955955505371,13.679434776306152,14.031695365905762,864792
2021-12-07,9.454972267150879,14.266535758972168,14.912345886230469,14.266535758972168,14.599225997924805,455084
2021-12-08,9.597639083862305,14.481805801391602,14.618796348571777,13.963199615478516,14.18825626373291,385590
2021-12-09,9.539274215698242,14.3937406539917,14.609010696411133,13.90449047088623,14.383955955505371,385590
2021-12-10,10.058066368103027,15.176541328430176,15.342885971069336,14.207825660705566,14.207825660705566,779969
2021-12-13,10.220189094543457,15.42116641998291,15.528800964355469,14.97105598449707,14.980840682983398,571997
2021-12-14,10.375824928283691,15.656005859375,15.939770698547363,15.196110725402832,15.205896377563477,911905
2021-12-15,10.226675033569336,15.430951118469238,15.656005859375,14.794925689697266,15.656005859375,636279
2021-12-16,10.453644752502441,15.773426055908203,15.881060600280762,15.274391174316406,15.470090866088867,1394480
2021-12-17,10.336915969848633,15.597295761108398,16.233320236206055,15.117831230163574,15.196110725402832,2448133
2021-12-20,10.161825180053711,15.333101272583008,15.538585662841797,15.03955078125,15.284175872802734,919161
2021-12-21,10.40825080871582,15.704931259155273,15.969125747680664,15.225465774536133,15.656005859375,358405
2021-12-22,10.615765571594238,16.018051147460938,16.13547134399414,15.58751106262207,16.00826644897461,477567
2021-12-23,10.583341598510742,15.969125747680664,16.48773193359375,15.890846252441406,16.14525604248047,1686764
2021-12-27,11.251286506652832,16.97698211669922,17.123756408691406,15.910415649414062,15.969125747680664,330710
2021-12-28,11.633895874023438,17.554296493530273,17.554296493530273,17.04547691345215,17.23139190673828,510270
2021-12-29,11.27722454071045,17.016122817993164,17.691286087036133,17.016122817993164,17.554296493530273,879611
2021-12-30,12.126745223999023,18.297956466674805,18.297956466674805,17.006336212158203,17.192251205444336,3439140
2022-01-03,11.393953323364258,17.192251205444336,18.39580726623535,17.192251205444336,18.297956466674805,1136739
2022-01-04,11.562561988830566,17.44666290283203,18.00440788269043,16.937841415405273,17.074832916259766,1266427
2022-01-05,10.635220527648926,16.047405242919922,17.730426788330078,15.949556350708008,17.44666290283203,1182830
2022-01-06,10.609281539916992,16.00826644897461,16.722572326660156,15.695145606994629,16.389881134033203,580480
2022-01-07,11.166982650756836,16.849777221679688,17.113971710205078,15.890846252441406,16.086545944213867,665099
2022-01-10,11.03079891204834,16.6442928314209,17.632577896118164,15.959341049194336,17.632577896118164,903525
2022-01-11,11.4069242477417,17.211822509765625,17.280317306518555,16.380096435546875,16.7030029296875,872764
2022-01-12,12.010019302368164,18.121826171875,18.366451263427734,17.211822509765625,17.221607208251953,766070
2022-01-13,12.100807189941406,18.258817672729492,18.434946060180664,17.710857391357422,18.112041473388672,523454
2022-01-14,12.386143684387207,18.68935775756836,18.68935775756836,17.91634178161621,18.493656158447266,731323
2022-01-17,12.37317180633545,18.66978645324707,18.796993255615234,18.20010757446289,18.6795711517334,224425
2022-01-18,12.457475662231445,18.796993255615234,19.08075714111328,18.47408676147461,18.68935775756836,451098
2022-01-19,13.514514923095703,20.391948699951172,20.391948699951172,18.933982849121094,19.08075714111328,902503
2022-01-20,13.08651065826416,19.746137619018555,20.27452850341797,19.667858123779297,20.27452850341797,556770
2022-01-21,13.08651065826416,19.746137619018555,19.85377311706543,18.865488052368164,19.667858123779297,636484
2022-01-24,12.742809295654297,19.2275333404541,19.814632415771484,18.787208557128906,19.530868530273438,764128
2022-01-25,13.229178428649902,19.961408615112305,20.176677703857422,19.090543746948242,19.10032844543457,804291
2022-01-26,13.345906257629395,20.13753890991211,20.66592788696289,19.746137619018555,20.196247100830078,898415
2022-01-27,13.164327621459961,19.863557815551758,20.499582290649414,19.540653228759766,20.166893005371094,1002452
2022-01-28,13.015175819396973,19.63850212097168,19.91248321533203,19.090543746948242,19.736352920532227,837812
2022-01-31,13.229178428649902,19.961408615112305,20.11796760559082,19.36452293395996,19.57979393005371,710168
2022-02-01,13.546937942504883,20.440872192382812,20.440872192382812,19.286243438720703,20.05925750732422,835564
2022-02-02,13.572876930236816,20.480012893676758,20.568077087402344,19.7852783203125,20.078828811645508,538988
2022-02-03,13.261603355407715,20.010332107543945,20.450658798217773,19.58957862854004,20.450658798217773,450587
2022-02-04,13.851727485656738,20.900768280029297,20.900768280029297,19.706998825073242,20.303882598876953,757690
2022-02-07,13.319966316223145,20.098398208618164,20.87141227722168,20.098398208618164,20.783348083496094,742667
2022-02-08,13.02814769744873,19.65807342529297,20.3430233001709,19.37430763244629,20.05925750732422,876238
2022-02-09,13.624756813049316,20.558292388916016,20.558292388916016,19.530868530273438,19.62871742248535,461726
2022-02-10,13.81281852722168,20.842058181762695,21.409589767456055,20.548507690429688,20.568077087402344,770771
2022-02-11,14.104641914367676,21.282384872436523,21.879268646240234,20.548507690429688,20.93012237548828,1638221
2022-02-14,14.163003921508789,21.37044906616211,21.732494354248047,20.82248878479004,21.321523666381836,1186509
2022-02-15,13.97494125366211,21.08668327331543,21.536794662475586,20.67571258544922,21.331308364868164,596422
2022-02-16,13.96845531463623,21.0768985748291,21.76184844970703,21.0768985748291,21.09646987915039,581195
2022-02-17,13.689604759216309,20.656143188476562,21.527008056640625,20.656143188476562,21.23345947265625,900152
2022-02-18,13.28105640411377,20.039688110351562,21.0768985748291,20.039688110351562,20.714853286743164,699642
2022-02-21,13.709057807922363,20.685497283935547,21.184534072875977,20.480012893676758,20.548507690429688,1247418
2022-02-22,13.196754455566406,19.91248321533203,21.331308364868164,19.863557815551758,20.910552978515625,993765
2022-02-23,13.423725128173828,20.25495719909668,20.74420738220215,19.755922317504883,19.941837310791016,2030147
2022-02-24,13.164327621459961,19.863557815551758,20.89098358154297,19.804847717285156,20.548507690429688,1947060
2022-02-25,13.397786140441895,20.215818405151367,20.577863693237305,19.873342514038086,20.078828811645508,1307919
2022-03-02,14.649367332458496,22.104324340820312,22.231529235839844,20.74420738220215,20.74420738220215,1307306
2022-03-03,14.539127349853516,21.937978744506836,22.975189208984375,21.556364059448242,22.417444229125977,1236483
2022-03-04,14.415914535522461,21.752063751220703,22.104324340820312,21.341093063354492,21.859699249267578,732345
2022-03-07,14.007365226745605,21.135608673095703,22.613143920898438,20.812702178955078,22.427228927612305,867143
2022-03-08,14.169486045837402,21.380233764648438,21.996688842773438,20.900768280029297,21.311738967895508,2157996
2022-03-09,13.81930160522461,20.851842880249023,21.478084564208984,20.352807998657227,21.478084564208984,1687275
2022-03-10,13.94251537322998,21.037757873535156,21.350879669189453,20.67571258544922,20.724637985229492,454777
2022-03-11,13.3912992477417,20.20603370666504,21.282384872436523,20.12775230407715,21.16496467590332,816759
2022-03-14,12.554750442504883,18.943767547607422,20.24517250061035,18.591506958007812,20.05925750732422,947061
2022-03-15,13.008691787719727,19.62871742248535,19.62871742248535,18.33709716796875,18.33709716796875,1073990
2022-03-16,12.840084075927734,19.37430763244629,20.05925750732422,19.119897842407227,19.814632415771484,625140
2022-03-17,13.495057106018066,20.362592697143555,20.480012893676758,19.462373733520508,19.491727828979492,733162
2022-03-18,14.299187660217285,21.5759334564209,21.5759334564209,20.18646240234375,20.568077087402344,766172
2022-03-21,14.357550621032715,21.663999557495117,22.084754943847656,21.409589767456055,21.65421485900879,1047827
2022-03-22,15.46646499633789,23.337234497070312,23.816699981689453,21.663999557495117,21.663999557495117,3234541
2022-03-23,16.270593643188477,24.550575256347656,24.550575256347656,23.28830909729004,23.679710388183594,1454470
2022-03-24,16.919082641601562,25.529075622558594,26.17488670349121,24.38422966003418,24.560359954833984,1982727
2022-03-25,17.10066032409668,25.803056716918945,26.125961303710938,25.12788963317871,25.529075622558594,1408277
2022-03-28,16.95150375366211,25.577999114990234,25.92047691345215,25.078964233398438,25.92047691345215,914767
2022-03-29,16.795866012573242,25.34316062927246,25.89112091064453,25.05939483642578,25.362730026245117,802452
2022-03-30,16.270593643188477,24.550575256347656,25.92047691345215,24.501649856567383,25.509504318237305,889830
2022-03-31,15.654528617858887,23.621000289916992,24.462509155273438,23.337234497070312,23.90476417541504,850178
2022-04-01,15.784225463867188,23.816699981689453,24.560359954833984,23.748205184936523,23.865625381469727,645988
2022-04-04,15.42107105255127,23.268739700317383,24.18852996826172,23.229598999023438,23.75798988342285,594583
2022-04-05,15.492403984069824,23.376373291015625,24.227670669555664,23.337234497070312,23.43508529663086,514460
2022-04-06,15.284886360168457,23.06325340270996,23.376373291015625,22.632713317871094,23.376373291015625,454777
2022-04-07,15.628589630126953,23.581859588623047,23.865625381469727,22.652284622192383,23.15131950378418,479304
2022-04-08,15.265433311462402,23.033899307250977,23.75798988342285,22.857769012451172,23.75798988342285,1404700
2022-04-11,14.830947875976562,22.37830352783203,23.08282470703125,22.37830352783203,22.779489517211914,414511
2022-04-12,15.42107105255127,23.268739700317383,23.581859588623047,22.73056411743164,22.73056411743164,519263
2022-04-13,16.218713760375977,24.4722957611084,24.746274948120117,23.386159896850586,23.386159896850586,1154521
2022-04-14,16.20574188232422,24.45272445678711,24.540790557861328,24.012399673461914,24.462509155273438,442820
2022-04-18,16.13440704345703,24.345090866088867,24.93218994140625,23.885194778442383,24.45272445678711,752171
2022-04-19,16.13440704345703,24.345090866088867,24.707134246826172,24.002614974975586,24.168960571289062,455595
2022-04-20,16.277076721191406,24.560359954833984,24.87347984313965,23.82648468017578,24.482080459594727,386816
2022-04-22,15.95931625366211,24.080894470214844,24.64842414855957,23.56229019165039,24.276594161987305,443127
2022-04-25,15.55077075958252,23.464439392089844,23.83626937866211,22.143463134765625,23.69927978515625,887276
2022-04-26,15.97228717803955,24.100465774536133,24.423370361328125,23.180673599243164,23.532934188842773,608686
2022-04-27,15.537801742553711,23.444869995117188,24.72670555114746,23.27852439880371,24.11025047302246,418599
2022-04-28,16.25164031982422,24.354875564575195,24.354875564575195,23.229598999023438,23.454654693603516,512212
2022-04-29,16.5128173828125,24.746274948120117,25.28445053100586,24.159175872802734,24.65821075439453,1619416
2022-05-02,15.63787841796875,23.43508529663086,24.853910446166992,22.8675537109375,24.853910446166992,1168727
2022-05-03,16.081876754760742,24.100465774536133,24.100465774536133,23.161104202270508,23.532934188842773,831680
2022-05-04,16.715225219726562,25.049610137939453,25.049610137939453,24.002614974975586,24.951759338378906,1375778
2022-05-05,16.571578979492188,24.834339141845703,25.21595573425293,23.200244903564453,24.902835845947266,1331425
2022-05-06,16.747873306274414,25.098535537719727,25.519290924072266,24.296165466308594,24.981115341186523,1686355
2022-05-09,15.768465995788574,23.63078498840332,24.80498504638672,23.13174819946289,24.65821075439453,1458456
2022-05-10,16.160226821899414,24.217884063720703,24.394014358520508,23.239383697509766,23.98304557800293,684721
2022-05-11,16.597698211669922,24.87347984313965,25.225740432739258,24.217884063720703,24.217884063720703,864179
2022-05-12,17.080869674682617,25.597570419311523,25.763916015625,24.550575256347656,24.64842414855957,773837
2022-05-13,17.629343032836914,26.419511795043945,26.683706283569336,25.626924514770508,25.636709213256836,1233417
2022-05-16,17.296342849731445,25.92047691345215,26.703275680541992,25.92047691345215,26.458650588989258,1116708
2022-05-17,17.68810272216797,26.50757598876953,26.84026527404785,26.24338150024414,26.419511795043945,1508021
2022-05-18,16.845813751220703,25.245309829711914,26.830480575561523,25.186599731445312,26.65435028076172,1259069
2022-05-19,17.955810546875,26.90876007080078,27.006610870361328,25.010469436645508,25.1474609375,1978435
2022-05-20,18.517335891723633,27.75027084350586,27.75027084350586,26.80112648010254,27.182741165161133,1785691
2022-05-23,18.30186653137207,27.427366256713867,28.611352920532227,27.427366256713867,28.043821334838867,1613489
2022-05-24,18.347572326660156,27.495861053466797,27.94597053527832,26.918546676635742,27.035966873168945,983852
2022-05-25,19.1441593170166,28.689632415771484,28.9049015045166,27.32951545715332,27.368656158447266,1486969
2022-05-26,18.974393844604492,28.435222625732422,29.824691772460938,28.435222625732422,28.748342514038086,1231476
2022-05-27,19.58815574645996,29.355012893676758,29.48221778869629,28.2884464263916,28.464576721191406,1154010
2022-05-30,19.3596248626709,29.012537002563477,30.23566246032715,28.92447280883789,29.501787185668945,717424
2022-05-31,18.75892448425293,28.112316131591797,29.707271575927734,27.446935653686523,29.286516189575195,4563820
2022-06-01,18.549983978271484,27.799196243286133,28.611352920532227,27.68177604675293,28.1710262298584,1067960
2022-06-02,18.354101181030273,27.505645751953125,28.425437927246094,27.505645751953125,27.828550338745117,722125
2022-06-03,17.903573989868164,26.830480575561523,27.779626846313477,26.527145385742188,27.779626846313477,1293918
2022-06-06,17.42948341369629,26.1200008392334,27.8700008392334,26.1200008392334,26.5,1819900
2022-06-07,17.175914764404297,25.739999771118164,26.40999984741211,25.440000534057617,25.989999771118164,1083600
2022-06-08,17.669700622558594,26.479999542236328,26.8700008392334,25.40999984741211,25.559999465942383,1349000
2022-06-09,17.876564025878906,26.790000915527344,27.209999084472656,26.18000030517578,26.18000030517578,910200
2022-06-10,17.696393966674805,26.520000457763672,26.829999923706055,25.760000228881836,26.360000610351562,974100
2022-06-13,16.568683624267578,24.829999923706055,26.049999237060547,24.479999542236328,25.950000762939453,1022900
2022-06-14,15.908073425292969,23.84000015258789,25.520000457763672,23.520000457763672,25.18000030517578,2273200
2022-06-15,17.042457580566406,25.540000915527344,26.18000030517578,24.010000228881836,24.010000228881836,4278100
2022-06-17,16.615392684936523,24.899999618530273,24.93000030517578,23.860000610351562,24.93000030517578,4176000
2022-06-20,16.315114974975586,24.450000762939453,24.860000610351562,22.950000762939453,24.760000228881836,2975400
2022-06-21,16.84894371032715,25.25,25.6200008392334,24.239999771118164,24.670000076293945,2019600
2022-06-22,16.05487632751465,24.059999465942383,24.770000457763672,23.43000030517578,23.90999984741211,2442400
2022-06-23,15.501028060913086,23.229999542236328,24.600000381469727,22.920000076293945,24.110000610351562,2267000
2022-06-24,16.488611221313477,24.709999084472656,24.709999084472656,22.649999618530273,23.43000030517578,2418500
2022-06-27,16.348478317260742,24.5,25.200000762939453,23.889999389648438,24.739999771118164,2135300
2022-06-28,16.875635147094727,25.290000915527344,25.399999618530273,24.65999984741211,24.860000610351562,1302800
2022-06-29,17.229297637939453,25.81999969482422,26.25,25.239999771118164,25.399999618530273,1223500
2022-06-30,17.10918426513672,25.639999389648438,25.8700008392334,24.90999984741211,25.450000762939453,2602200
2022-07-01,17.21595001220703,25.799999237060547,25.959999084472656,24.75,25.6299991607666,1992300
2022-07-04,17.929946899414062,26.8700008392334,27.309999465942383,25.700000762939453,25.700000762939453,1162300
2022-07-05,16.915672302246094,25.350000381469727,26.6299991607666,24.200000762939453,26.549999237060547,2124200
2022-07-06,16.074892044067383,24.09000015258789,25.540000915527344,23.299999237060547,25.399999618530273,1998400
2022-07-07,16.388517379760742,24.559999465942383,25.309999465942383,24.329999923706055,24.75,2130900
2022-07-08,17.029109954833984,25.520000457763672,25.950000762939453,24.59000015258789,24.610000610351562,1758400
2022-07-11,16.01483726501465,24.0,25.149999618530273,24.0,25.0,963000
2022-07-12,15.194076538085938,22.770000457763672,23.479999542236328,21.969999313354492,23.399999618530273,3223100
2022-07-13,15.160712242126465,22.719999313354492,23.06999969482422,22.290000915527344,22.56999969482422,999300
2022-07-14,15.067294120788574,22.579999923706055,22.799999237060547,21.170000076293945,22.200000762939453,2177700
2022-07-15,15.414280891418457,23.100000381469727,23.6200008392334,22.3799991607666,23.0,1511900
2022-07-18,15.914745330810547,23.850000381469727,24.5,22.920000076293945,22.920000076293945,835500
2022-07-19,16.20835304260254,24.290000915527344,24.6200008392334,23.600000381469727,23.84000015258789,921400
2022-07-20,16.428556442260742,24.6200008392334,25.09000015258789,23.84000015258789,24.190000534057617,1062600
2022-07-21,16.081565856933594,24.100000381469727,24.299999237060547,23.34000015258789,24.200000762939453,1173200
2022-07-22,15.674522399902344,23.489999771118164,24.079999923706055,23.0,24.079999923706055,1582300
2022-07-25,15.928092002868652,23.8700008392334,24.059999465942383,23.399999618530273,23.760000228881836,825000
2022-07-26,15.641154289245605,23.440000534057617,24.450000762939453,23.239999771118164,23.889999389648438,1356400
2022-07-27,15.747923851013184,23.600000381469727,23.600000381469727,22.959999084472656,23.530000686645508,1050000
2022-07-28,16.02151107788086,24.010000228881836,24.110000610351562,23.190000534057617,23.600000381469727,1448400
2022-07-29,16.361825942993164,24.520000457763672,24.760000228881836,23.979999542236328,24.1299991607666,2268400
2022-08-01,15.841341972351074,23.739999771118164,24.520000457763672,23.459999084472656,24.520000457763672,1013500
2022-08-02,16.24838638305664,24.350000381469727,24.670000076293945,23.520000457763672,23.729999542236328,761100
2022-08-03,16.335134506225586,24.479999542236328,25.059999465942383,23.950000762939453,24.329999923706055,893100
2022-08-04,15.627813339233398,23.420000076293945,25.190000534057617,23.40999984741211,24.600000381469727,988600
2022-08-05,15.934761047363281,23.8799991607666,24.229999542236328,22.75,23.420000076293945,645900
2022-08-08,16.348478317260742,24.5,25.149999618530273,23.670000076293945,24.020000457763672,1510900
2022-08-09,16.635412216186523,24.93000030517578,25.5,24.5,24.65999984741211,1109600
2022-08-10,17.04912757873535,25.549999237060547,26.0,24.84000015258789,25.18000030517578,1213700
2022-08-11,16.835596084594727,25.229999542236328,26.200000762939453,24.809999465942383,25.920000076293945,1856500
2022-08-12,17.302696228027344,25.93000030517578,26.049999237060547,25.040000915527344,25.299999237060547,1302300
2022-08-15,16.882307052612305,25.299999237060547,25.579999923706055,24.600000381469727,25.399999618530273,1360400
2022-08-16,16.675447463989258,24.989999771118164,25.59000015258789,24.670000076293945,25.3799991607666,1225800
2022-08-17,16.815580368041992,25.200000762939453,25.780000686645508,24.850000381469727,24.899999618530273,1273000
2022-08-18,16.68212127685547,25.0,25.950000762939453,24.899999618530273,25.31999969482422,1169500
2022-08-19,16.048202514648438,24.049999237060547,24.90999984741211,23.600000381469727,24.90999984741211,1994300
2022-08-22,16.348478317260742,24.5,24.75,23.5,23.969999313354492,2273700
2022-08-23,16.622066497802734,24.90999984741211,25.350000381469727,24.40999984741211,24.5,19890100
2022-08-24,16.935691833496094,25.3799991607666,25.530000686645508,24.610000610351562,25.0,2409900
2022-08-25,17.32938575744629,25.969999313354492,26.329999923706055,25.350000381469727,25.399999618530273,1586500
2022-08-26,17.669700622558594,26.479999542236328,26.75,25.81999969482422,25.989999771118164,1440100
2022-08-29,17.94329261779785,26.889999389648438,27.90999984741211,26.329999923706055,26.389999389648438,2165000
2022-08-30,17.4361515045166,26.1299991607666,26.739999771118164,25.829999923706055,26.600000381469727,1259400
2022-08-31,18.203533172607422,27.280000686645508,27.389999389648438,25.829999923706055,26.110000610351562,1589700
2022-09-01,18.163494110107422,27.219999313354492,27.579999923706055,26.81999969482422,27.139999389648438,2003200
2022-09-02,18.483793258666992,27.700000762939453,28.170000076293945,26.549999237060547,27.469999313354492,2990100
2022-09-05,19.397972106933594,29.06999969482422,30.059999465942383,28.1200008392334,28.25,3621000
2022-09-06,18.744033813476562,28.09000015258789,28.920000076293945,27.739999771118164,28.850000381469727,1834000
2022-09-08,18.363679885864258,27.520000457763672,28.440000534057617,26.8799991607666,28.299999237060547,1939300
2022-09-09,18.770723342895508,28.1299991607666,28.639999389648438,27.739999771118164,28.100000381469727,1889700
2022-09-12,18.870817184448242,28.280000686645508,29.1200008392334,27.93000030517578,28.530000686645508,1883700
2022-09-13,18.210205078125,27.290000915527344,28.15999984741211,26.93000030517578,27.81999969482422,1769500
2022-09-14,18.603900909423828,27.8799991607666,28.100000381469727,26.979999542236328,27.280000686645508,2283300
2022-09-15,18.156824111938477,27.209999084472656,27.920000076293945,27.110000610351562,27.56999969482422,2074400
2022-09-16,17.869890213012695,26.780000686645508,27.190000534057617,26.239999771118164,27.149999618530273,6216300
2022-09-19,18.33698844909668,27.479999542236328,27.65999984741211,26.530000686645508,26.530000686645508,2752500
2022-09-20,18.263587951660156,27.3700008392334,27.829999923706055,27.030000686645508,27.56999969482422,1480900
2022-09-21,18.64394187927246,27.940000534057617,28.3799991607666,27.3799991607666,27.3799991607666,1701900
2022-09-22,18.75070571899414,28.100000381469727,28.290000915527344,27.440000534057617,28.209999084472656,1550500
2022-09-23,17.449499130249023,26.149999618530273,27.540000915527344,25.950000762939453,27.540000915527344,4326600
2022-09-26,16.475263595581055,24.690000534057617,26.06999969482422,24.469999313354492,25.959999084472656,3398700
2022-09-27,16.315114974975586,24.450000762939453,25.040000915527344,24.309999465942383,25.030000686645508,2257100
2022-09-28,16.675447463989258,24.989999771118164,25.260000228881836,24.229999542236328,24.260000228881836,3349800
2022-09-29,16.521974563598633,24.760000228881836,24.899999618530273,24.100000381469727,24.739999771118164,2490300
2022-09-30,16.722158432006836,25.059999465942383,25.290000915527344,24.530000686645508,24.760000228881836,1754700
2022-10-03,17.462844848632812,26.170000076293945,26.81999969482422,25.739999771118164,26.0,2655300
2022-10-04,18.570537567138672,27.829999923706055,27.989999771118164,26.75,26.75,3051600
2022-10-05,19.217802047729492,28.799999237060547,29.170000076293945,27.829999923706055,27.860000610351562,2485100
2022-10-06,19.371280670166016,29.030000686645508,29.1299991607666,28.670000076293945,28.899999618530273,1055300
2022-10-07,19.284534454345703,28.899999618530273,29.75,28.559999465942383,28.979999542236328,1698800
2022-10-10,19.217802047729492,28.799999237060547,29.219999313354492,28.209999084472656,28.959999084472656,1505400
2022-10-11,18.970909118652344,28.43000030517578,28.760000228881836,27.600000381469727,28.709999084472656,2166100
2022-10-13,19.417991638183594,29.100000381469727,29.479999542236328,27.940000534057617,28.049999237060547,2076000
2022-10-14,19.27118682861328,28.8799991607666,29.459999084472656,28.56999969482422,29.1200008392334,1447700
2022-10-17,19.711597442626953,29.540000915527344,30.149999618530273,28.84000015258789,28.920000076293945,1415700
2022-10-18,20.018545150756836,30.0,30.229999542236328,29.190000534057617,29.6200008392334,1748700
2022-10-19,20.485645294189453,30.700000762939453,31.299999237060547,29.940000534057617,29.989999771118164,2764200
2022-10-20,19.95181655883789,29.899999618530273,31.149999618530273,29.219999313354492,30.8799991607666,4266700
2022-10-21,20.525684356689453,30.760000228881836,31.0,29.670000076293945,29.889999389648438,2439500
2022-10-24,20.759231567382812,31.110000610351562,31.350000381469727,30.200000762939453,30.389999389648438,1612300
2022-10-25,20.545703887939453,30.790000915527344,31.90999984741211,30.479999542236328,30.760000228881836,1634700
2022-10-26,20.172021865844727,30.229999542236328,31.299999237060547,29.93000030517578,30.40999984741211,2114500
2022-10-27,20.352190017700195,30.5,31.520000457763672,30.100000381469727,30.399999618530273,1847700
2022-10-28,20.6925048828125,31.010000228881836,31.049999237060547,29.989999771118164,30.200000762939453,2005100
2022-10-31,20.926055908203125,31.360000610351562,32.5,30.139999389648438,30.15999984741211,3232800
2022-11-01,21.08620262145996,31.600000381469727,32.4900016784668,30.959999084472656,32.099998474121094,2515700
2022-11-03,22.14718246459961,33.189998626708984,33.54999923706055,31.100000381469727,31.729999542236328,3826700
2022-11-04,24.09565544128418,36.11000061035156,36.65999984741211,34.540000915527344,36.470001220703125,5450300
2022-11-07,23.408357620239258,35.08000183105469,36.040000915527344,34.75,35.939998626708984,2425700
2022-11-08,23.33495330810547,34.970001220703125,35.20000076293945,34.2400016784668,34.72999954223633,1360600
2022-11-09,22.941255569458008,34.380001068115234,35.560001373291016,34.11000061035156,34.709999084472656,2481700
2022-11-10,22.220584869384766,33.29999923706055,33.9900016784668,32.560001373291016,33.9900016784668,2761000
2022-11-11,22.721050262451172,34.04999923706055,34.779998779296875,33.040000915527344,34.599998474121094,3814000
2022-11-14,22.17387580871582,33.22999954223633,34.290000915527344,33.150001525878906,34.150001525878906,2524800
2022-11-16,21.052839279174805,31.549999237060547,33.290000915527344,30.860000610351562,33.130001068115234,2371700
2022-11-17,20.579065322875977,30.84000015258789,31.100000381469727,29.719999313354492,30.65999984741211,3497700
2022-11-18,21.08620262145996,31.600000381469727,32.04999923706055,30.8700008392334,31.31999969482422,2871400
2022-11-21,21.15293312072754,31.700000762939453,32.04999923706055,29.959999084472656,31.770000457763672,2623400
2022-11-22,20.198715209960938,30.270000457763672,32.90999984741211,29.969999313354492,31.979999542236328,4490200
2022-11-23,19.684906005859375,29.5,30.040000915527344,28.530000686645508,30.040000915527344,3676000
2022-11-24,19.71826934814453,29.549999237060547,29.90999984741211,29.06999969482422,29.690000534057617,2116300
2022-11-25,19.050983428955078,28.549999237060547,29.940000534057617,28.239999771118164,29.760000228881836,1324500
2022-11-28,19.317895889282227,28.950000762939453,29.280000686645508,28.06999969482422,28.239999771118164,1216600
2022-11-29,20.192041397094727,30.260000228881836,30.8799991607666,29.209999084472656,29.25,1596600
2022-11-30,20.50566291809082,30.729999542236328,30.93000030517578,29.579999923706055,30.809999465942383,3519500
2022-12-01,20.785921096801758,31.149999618530273,31.799999237060547,30.280000686645508,30.729999542236328,1545400
2022-12-02,20.251537322998047,29.75,30.8799991607666,29.690000534057617,30.360000610351562,2423300
2022-12-05,20.455753326416016,30.049999237060547,30.860000610351562,29.5,29.809999465942383,2561100
2022-12-06,19.604848861694336,28.799999237060547,30.3700008392334,28.610000610351562,29.969999313354492,2853700
2022-12-07,19.141958236694336,28.1200008392334,29.200000762939453,27.780000686645508,28.530000686645508,2613300
2022-12-08,18.958160400390625,27.850000381469727,28.75,27.6200008392334,28.1200008392334,1656100
2022-12-09,18.896896362304688,27.760000228881836,28.219999313354492,27.450000762939453,27.84000015258789,1010700
2022-12-12,19.26448631286621,28.299999237060547,28.510000228881836,27.309999465942383,27.760000228881836,1248400
2022-12-13,19.38701629638672,28.479999542236328,29.059999465942383,28.139999389648438,28.399999618530273,1227500
2022-12-14,19.516353607177734,28.670000076293945,28.75,27.670000076293945,28.100000381469727,2069400
2022-12-15,19.543581008911133,28.709999084472656,29.06999969482422,28.170000076293945,28.489999771118164,1774400
2022-12-16,19.189607620239258,28.190000534057617,28.6200008392334,27.969999313354492,28.600000381469727,5268700
2022-12-19,18.699485778808594,27.469999313354492,28.65999984741211,27.299999237060547,28.299999237060547,1304200
2022-12-20,19.434667587280273,28.549999237060547,29.280000686645508,27.399999618530273,27.420000076293945,1733100
2022-12-21,20.06093406677246,29.469999313354492,29.649999618530273,28.0,28.8700008392334,1243400
2022-12-22,19.70695686340332,28.950000762939453,30.110000610351562,28.68000030517578,29.799999237060547,1441800
2022-12-23,20.64635467529297,30.329999923706055,30.540000915527344,29.190000534057617,29.329999923706055,2123800
2022-12-26,20.918643951416016,30.729999542236328,31.389999389648438,30.280000686645508,30.299999237060547,1067000
2022-12-27,21.068405151367188,30.950000762939453,31.010000228881836,30.31999969482422,30.920000076293945,1489100
2022-12-28,22.4979248046875,33.04999923706055,33.04999923706055,31.190000534057617,31.649999618530273,3326300
2022-12-29,22.552383422851562,33.130001068115234,33.529998779296875,32.400001525878906,33.18000030517578,4563700
2023-01-02,22.286901473999023,32.7400016784668,33.060001373291016,31.65999984741211,32.650001525878906,1876100
2023-01-03,21.12286376953125,31.030000686645508,33.619998931884766,30.75,33.150001525878906,2282800
2023-01-04,21.18412971496582,31.1200008392334,31.860000610351562,30.049999237060547,30.93000030517578,2418100
2023-01-05,21.156896591186523,31.079999923706055,32.09000015258789,29.850000381469727,31.31999969482422,4674500
2023-01-06,21.531295776367188,31.6299991607666,31.8700008392334,30.8700008392334,31.1200008392334,1500900
2023-01-09,21.803586959838867,32.029998779296875,32.29999923706055,31.219999313354492,31.8799991607666,2144100
2023-01-10,21.9193115234375,32.20000076293945,32.38999938964844,31.350000381469727,32.290000915527344,1336800
2023-01-11,22.035030364990234,32.369998931884766,32.959999084472656,32.04999923706055,32.45000076293945,2706500
2023-01-12,22.715757369995117,33.369998931884766,34.0099983215332,32.119998931884766,32.22999954223633,2636000
2023-01-13,22.44346809387207,32.970001220703125,33.369998931884766,32.54999923706055,33.02000045776367,1747100
2023-01-16,22.300514221191406,32.7599983215332,33.09000015258789,32.43000030517578,32.709999084472656,785900
2023-01-17,22.722564697265625,33.380001068115234,33.599998474121094,32.84000015258789,32.86000061035156,1403700
2023-01-18,22.974430084228516,33.75,34.689998626708984,33.68000030517578,33.84000015258789,1324100
2023-01-19,23.049312591552734,33.86000061035156,34.13999938964844,33.2400016784668,33.380001068115234,809800
2023-01-20,22.892744064331055,33.630001068115234,34.04999923706055,32.959999084472656,34.02000045776367,2796700
2023-01-23,22.668106079101562,33.29999923706055,34.790000915527344,33.22999954223633,33.81999969482422,13243200
2023-01-24,22.94720458984375,33.709999084472656,34.20000076293945,32.20000076293945,33.34000015258789,2868300
2023-01-25,22.885936737060547,33.619998931884766,34.119998931884766,33.119998931884766,33.70000076293945,1320200
2023-01-26,23.137807846069336,33.9900016784668,34.52000045776367,33.47999954223633,33.79999923706055,1120300
2023-01-27,22.450275421142578,32.97999954223633,33.79999923706055,32.66999816894531,33.5,2981000
2023-01-30,21.987380981445312,32.29999923706055,33.40999984741211,31.920000076293945,33.220001220703125,1367900
2023-01-31,21.49726104736328,31.579999923706055,32.54999923706055,31.43000030517578,32.20000076293945,1856200
2023-02-01,20.83015251159668,30.600000381469727,31.709999084472656,29.420000076293945,31.56999969482422,3736800
2023-02-02,19.747800827026367,29.010000228881836,30.84000015258789,28.860000610351562,30.68000030517578,4018000
2023-02-03,19.407438278198242,28.510000228881836,29.520000457763672,28.290000915527344,29.0,2828000
2023-02-06,19.79545021057129,29.079999923706055,29.440000534057617,28.079999923706055,28.600000381469727,2800900
2023-02-07,20.11539077758789,29.549999237060547,29.850000381469727,29.030000686645508,29.40999984741211,1581500
2023-02-08,20.442138671875,30.030000686645508,30.06999969482422,29.15999984741211,29.8700008392334,2729500
2023-02-09,20.081356048583984,29.5,30.030000686645508,29.459999084472656,30.030000686645508,1477300
2023-02-10,20.571475982666016,30.219999313354492,30.799999237060547,29.530000686645508,29.649999618530273,1641000
2023-02-13,20.775693893432617,30.520000457763672,30.8799991607666,29.770000457763672,30.219999313354492,1870700
2023-02-14,20.292377471923828,29.809999465942383,30.790000915527344,29.540000915527344,30.520000457763672,1977500
2023-02-15,20.71442985534668,30.43000030517578,30.719999313354492,29.149999618530273,29.299999237060547,2064100
2023-02-16,20.28557014465332,29.799999237060547,30.31999969482422,29.389999389648438,30.100000381469727,1251300
2023-02-17,20.081356048583984,29.5,29.780000686645508,29.290000915527344,29.649999618530273,2204900
2023-02-22,19.952016830444336,29.309999465942383,29.31999969482422,28.639999389648438,29.299999237060547,2907500
2023-02-23,20.52382469177246,30.149999618530273,30.6200008392334,29.25,29.329999923706055,3211100
2023-02-24,20.455753326416016,30.049999237060547,30.75,29.690000534057617,30.200000762939453,1616900
2023-02-27,20.496597290039062,30.110000610351562,30.610000610351562,29.579999923706055,30.270000457763672,1763800
2023-02-28,19.26448631286621,28.299999237060547,30.56999969482422,28.299999237060547,30.15999984741211,3634800
2023-03-01,18.365930557250977,26.979999542236328,28.31999969482422,26.25,28.299999237060547,8896700
2023-03-02,19.26448631286621,28.299999237060547,28.600000381469727,27.010000228881836,27.010000228881836,4629300
2023-03-03,19.50274085998535,28.649999618530273,28.8799991607666,27.90999984741211,28.43000030517578,1926900
2023-03-06,19.352981567382812,28.43000030517578,28.889999389648438,27.799999237060547,28.649999618530273,2438000
2023-03-07,19.162376403808594,28.149999618530273,28.649999618530273,27.75,28.420000076293945,2081100
2023-03-08,19.591236114501953,28.780000686645508,29.809999465942383,28.139999389648438,28.360000610351562,3053900
2023-03-09,19.32575035095215,28.389999389648438,29.219999313354492,28.25,28.610000610351562,1772400
2023-03-10,19.21683692932129,28.229999542236328,28.489999771118164,27.549999237060547,28.420000076293945,3183800
2023-03-13,18.434003829956055,27.079999923706055,27.979999542236328,26.709999084472656,27.59000015258789,3652100
2023-03-14,18.726715087890625,27.510000228881836,27.899999618530273,27.079999923706055,27.079999923706055,2451400
2023-03-15,15.118876457214355,22.209999084472656,26.829999923706055,21.790000915527344,26.829999923706055,22857400
2023-03-16,14.111404418945312,20.729999542236328,22.360000610351562,20.1200008392334,22.25,12665300
2023-03-17,14.499417304992676,21.299999237060547,21.950000762939453,20.329999923706055,20.600000381469727,7116600
2023-03-20,13.85273265838623,20.350000381469727,21.3700008392334,20.219999313354492,21.299999237060547,3649000
2023-03-21,14.056949615478516,20.649999618530273,21.0,20.040000915527344,20.610000610351562,4963300
2023-03-22,14.206707954406738,20.8700008392334,21.219999313354492,20.329999923706055,20.649999618530273,3810000
2023-03-23,13.546406745910645,19.899999618530273,21.799999237060547,19.639999389648438,21.65999984741211,3600600
2023-03-24,13.92760944366455,20.459999084472656,20.649999618530273,19.389999389648438,19.790000915527344,3781600
2023-03-27,14.356466293334961,21.09000015258789,21.299999237060547,20.670000076293945,20.850000381469727,1956600
2023-03-28,14.295202255249023,21.0,21.3799991607666,20.75,21.15999984741211,1818500
2023-03-29,14.465385437011719,21.25,21.299999237060547,20.75,21.0,1930800
2023-03-30,14.499417304992676,21.299999237060547,21.979999542236328,21.15999984741211,21.56999969482422,2912500
2023-03-31,13.839117050170898,20.329999923706055,21.489999771118164,20.270000457763672,21.489999771118164,2662200
2023-04-03,14.029718399047852,20.610000610351562,21.510000228881836,20.420000076293945,20.950000762939453,5449500
2023-04-04,14.111404418945312,20.729999542236328,21.25,20.43000030517578,20.860000610351562,2583300
2023-04-05,14.097790718078613,20.709999084472656,20.989999771118164,20.1299991607666,20.700000762939453,2079500
2023-04-06,14.043333053588867,20.6299991607666,20.959999084472656,20.350000381469727,20.600000381469727,2144500
2023-04-10,14.302008628845215,21.010000228881836,21.209999084472656,20.459999084472656,20.81999969482422,2112500
2023-04-11,14.621947288513184,21.479999542236328,21.600000381469727,21.010000228881836,21.1200008392334,2245500
2023-04-12,14.969117164611816,21.989999771118164,22.389999389648438,21.510000228881836,21.649999618530273,3594500
2023-04-13,15.139298439025879,22.239999771118164,22.469999313354492,21.6299991607666,22.18000030517578,3145300
2023-04-14,15.009960174560547,22.049999237060547,22.469999313354492,21.940000534057617,22.280000686645508,1352500
2023-04-17,14.655984878540039,21.530000686645508,22.100000381469727,21.350000381469727,22.09000015258789,1872400
2023-04-18,14.097790718078613,20.709999084472656,21.719999313354492,20.56999969482422,21.690000534057617,3034400
2023-04-19,13.784659385681152,20.25,20.649999618530273,20.049999237060547,20.399999618530273,3410400
2023-04-20,13.750621795654297,20.200000762939453,20.479999542236328,19.850000381469727,20.110000610351562,1782400
2023-04-24,13.702972412109375,20.1299991607666,20.219999313354492,19.860000610351562,20.059999465942383,1450800
2023-04-25,13.451105117797852,19.760000228881836,20.15999984741211,19.3799991607666,20.0,1633400
2023-04-26,13.049476623535156,19.170000076293945,19.799999237060547,19.06999969482422,19.770000457763672,2130100
2023-04-27,13.275360107421875,19.049999237060547,19.229999542236328,18.5,18.850000381469727,1833100
2023-04-28,13.714386940002441,19.68000030517578,19.68000030517578,18.760000228881836,19.020000457763672,2584300
2023-05-02,12.850268363952637,18.440000534057617,19.729999542236328,18.420000076293945,19.709999084472656,3422200
2023-05-03,12.90601921081543,18.520000457763672,18.65999984741211,18.110000610351562,18.3700008392334,2297000
2023-05-04,12.84329891204834,18.43000030517578,19.049999237060547,18.34000015258789,18.75,1531900
2023-05-05,13.540169715881348,19.43000030517578,19.65999984741211,18.709999084472656,18.809999465942383,2127200
2023-05-08,13.75619888305664,19.739999771118164,20.059999465942383,19.520000457763672,19.719999313354492,2501300
2023-05-09,13.637730598449707,19.56999969482422,20.030000686645508,19.420000076293945,19.700000762939453,1622400
2023-05-10,13.609856605529785,19.530000686645508,19.649999618530273,19.149999618530273,19.510000228881836,1005600
2023-05-11,13.435639381408691,19.280000686645508,19.90999984741211,19.010000228881836,19.389999389648438,2910100
2023-05-12,13.23354721069336,18.989999771118164,19.459999084472656,18.799999237060547,19.139999389648438,3508300
2023-05-15,12.034934043884277,17.270000457763672,19.059999465942383,17.100000381469727,18.899999618530273,9841000
2023-05-16,12.020995140075684,17.25,17.6299991607666,17.059999465942383,17.139999389648438,3769500
2023-05-17,12.536678314208984,17.989999771118164,17.989999771118164,17.43000030517578,17.450000762939453,2299900
2023-05-18,12.327617645263672,17.690000534057617,17.940000534057617,17.31999969482422,17.850000381469727,4009800
2023-05-19,12.230053901672363,17.549999237060547,17.950000762939453,17.399999618530273,17.850000381469727,3669900
2023-05-22,12.278836250305176,17.6200008392334,17.75,17.520000457763672,17.610000610351562,1384600
2023-05-23,12.292773246765137,17.639999389648438,17.979999542236328,17.440000534057617,17.549999237060547,1761700
2023-05-24,12.341552734375,17.709999084472656,18.25,17.6299991607666,17.719999313354492,2317300
2023-05-25,12.292773246765137,17.639999389648438,18.06999969482422,17.639999389648438,17.899999618530273,1642700
2023-05-26,12.264899253845215,17.600000381469727,17.93000030517578,17.43000030517578,17.93000030517578,2684400
2023-05-29,12.39730453491211,17.790000915527344,17.84000015258789,17.43000030517578,17.670000076293945,796200
2023-05-30,12.06977367401123,17.31999969482422,17.8700008392334,16.81999969482422,17.719999313354492,3596200
2023-05-31,12.00705623626709,17.229999542236328,17.329999923706055,16.93000030517578,17.110000610351562,2875300
2023-06-01,12.132493019104004,17.40999984741211,17.540000915527344,16.6200008392334,17.280000686645508,3565200
2023-06-02,12.432147026062012,17.84000015258789,18.1299991607666,17.600000381469727,17.700000762939453,2413300
2023-06-05,12.52273941040039,17.969999313354492,18.18000030517578,17.690000534057617,18.1299991607666,1886600
2023-06-06,12.383367538452148,17.770000457763672,17.959999084472656,17.6200008392334,17.899999618530273,1361800
2023-06-07,12.710895538330078,18.239999771118164,18.25,17.799999237060547,17.899999618530273,2079200
2023-06-09,12.864204406738281,18.459999084472656,18.579999923706055,17.950000762939453,18.350000381469727,3190900
2023-06-12,12.620302200317383,18.110000610351562,18.43000030517578,17.940000534057617,18.389999389648438,1974200
2023-06-13,12.885112762451172,18.489999771118164,18.670000076293945,18.079999923706055,18.229999542236328,3257900
2023-06-14,13.358983993530273,19.170000076293945,19.420000076293945,18.479999542236328,18.59000015258789,3674900
2023-06-15,13.505325317382812,19.3799991607666,19.479999542236328,19.079999923706055,19.18000030517578,1954700
2023-06-16,13.30323314666748,19.09000015258789,19.3700008392334,18.760000228881836,19.299999237060547,2285000
2023-06-19,13.52623176574707,19.40999984741211,19.5,19.030000686645508,19.09000015258789,1160600
2023-06-20,13.47745132446289,19.34000015258789,19.40999984741211,18.90999984741211,19.329999923706055,1340300
2023-06-21,14.007071495056152,20.100000381469727,20.25,19.079999923706055,19.3700008392334,2983400
2023-06-22,13.804980278015137,19.809999465942383,19.979999542236328,19.600000381469727,19.829999923706055,1571500
2023-06-23,13.512293815612793,19.389999389648438,19.850000381469727,19.1200008392334,19.850000381469727,2179100
2023-06-26,13.693480491638184,19.649999618530273,20.18000030517578,19.389999389648438,19.440000534057617,2106500
2023-06-27,13.261421203613281,19.030000686645508,19.90999984741211,18.950000762939453,19.68000030517578,1638600
2023-06-28,13.087204933166504,18.780000686645508,19.170000076293945,18.780000686645508,19.030000686645508,1252800
2023-06-29,13.226577758789062,18.979999542236328,19.09000015258789,18.829999923706055,18.93000030517578,877000
2023-06-30,13.358983993530273,19.170000076293945,19.700000762939453,19.15999984741211,19.190000534057617,1921700
2023-07-03,13.609856605529785,19.530000686645508,19.899999618530273,19.25,19.290000915527344,1444200
2023-07-04,13.714386940002441,19.68000030517578,19.950000762939453,19.40999984741211,19.559999465942383,905000
2023-07-05,13.770137786865234,19.760000228881836,20.040000915527344,19.510000228881836,19.690000534057617,2063900
2023-07-06,13.42170238494873,19.260000228881836,19.739999771118164,18.920000076293945,19.670000076293945,1944000
2023-07-07,14.29975700378418,20.520000457763672,20.700000762939453,19.309999465942383,19.3700008392334,3946100
2023-07-10,14.432161331176758,20.709999084472656,20.93000030517578,20.049999237060547,20.399999618530273,2124700
2023-07-11,14.334598541259766,20.56999969482422,20.809999465942383,19.940000534057617,20.709999084472656,3947000
2023-07-12,13.665605545043945,19.610000610351562,21.100000381469727,19.479999542236328,20.84000015258789,3035000
2023-07-13,14.529723167419434,20.850000381469727,20.850000381469727,19.389999389648438,19.860000610351562,7442100
2023-07-14,14.223100662231445,20.40999984741211,20.969999313354492,20.190000534057617,20.93000030517578,2305600
2023-07-17,14.341567993164062,20.579999923706055,20.760000228881836,20.079999923706055,20.25,2114000
2023-07-18,14.369444847106934,20.6200008392334,20.81999969482422,20.440000534057617,20.6299991607666,851700
2023-07-19,14.355506896972656,20.600000381469727,21.049999237060547,20.510000228881836,20.760000228881836,2333900
2023-07-20,14.320663452148438,20.549999237060547,20.90999984741211,20.280000686645508,20.780000686645508,1553000
2023-07-21,15.533215522766113,22.290000915527344,22.34000015258789,20.760000228881836,20.760000228881836,5227200
2023-07-24,16.195241928100586,23.239999771118164,23.34000015258789,22.350000381469727,22.350000381469727,4903700
2023-07-25,16.097681045532227,23.100000381469727,23.93000030517578,23.030000686645508,23.5,2831300
2023-07-26,16.062837600708008,23.049999237060547,23.209999084472656,22.600000381469727,23.079999923706055,2119700
2023-07-27,16.03495979309082,23.010000228881836,23.959999084472656,22.899999618530273,23.600000381469727,4233700
2023-07-28,16.139490127563477,23.15999984741211,23.68000030517578,22.8799991607666,23.139999389648438,3354000
2023-07-31,16.02102279663086,22.989999771118164,23.600000381469727,22.989999771118164,23.450000762939453,2902900
2023-08-01,15.97224235534668,22.920000076293945,23.079999923706055,22.540000915527344,23.0,1673200
2023-08-02,15.74924373626709,22.600000381469727,22.8700008392334,22.190000534057617,22.799999237060547,2769100
2023-08-03,15.895587921142578,22.809999465942383,23.399999618530273,22.700000762939453,22.799999237060547,2989500
2023-08-04,16.055866241455078,23.040000915527344,23.329999923706055,22.739999771118164,22.799999237060547,1888700
2023-08-07,15.860743522644043,22.760000228881836,23.149999618530273,22.56999969482422,23.100000381469727,1057700
2023-08-08,16.313709259033203,23.40999984741211,23.420000076293945,22.010000228881836,22.5,1645200
2023-08-09,16.78061294555664,24.079999923706055,24.1200008392334,23.1299991607666,23.479999542236328,2701000
2023-08-10,16.571552276611328,23.780000686645508,24.219999313354492,23.520000457763672,24.049999237060547,2779700
2023-08-11,16.167367935180664,23.200000762939453,24.100000381469727,22.709999084472656,23.84000015258789,5235700
2023-08-14,16.15342903137207,23.18000030517578,23.469999313354492,22.719999313354492,23.049999237060547,2221700
2023-08-15,15.637746810913086,22.440000534057617,23.350000381469727,22.329999923706055,23.209999084472656,2774800
2023-08-16,15.526247024536133,22.280000686645508,23.079999923706055,22.280000686645508,22.700000762939453,3363700
2023-08-17,15.70743465423584,22.540000915527344,22.90999984741211,22.280000686645508,22.5,1871600
2023-08-18,15.902556419372559,22.81999969482422,23.299999237060547,22.399999618530273,22.5,2527200
2023-08-21,15.860743522644043,22.760000228881836,23.479999542236328,22.510000228881836,22.850000381469727,3233000
2023-08-22,16.027992248535156,23.0,23.239999771118164,22.56999969482422,22.899999618530273,1940600
2023-08-23,16.522769927978516,23.709999084472656,23.780000686645508,22.59000015258789,22.940000534057617,2009300
2023-08-24,16.292804718017578,23.3799991607666,23.90999984741211,23.3700008392334,23.610000610351562,1347200
2023-08-25,16.209178924560547,23.260000228881836,23.690000534057617,22.989999771118164,23.540000915527344,2200700
2023-08-28,15.87468147277832,22.780000686645508,23.510000228881836,22.780000686645508,23.229999542236328,2201500
2023-08-29,16.209178924560547,23.260000228881836,23.290000915527344,22.739999771118164,22.739999771118164,1829200
2023-08-30,16.167367935180664,23.200000762939453,23.549999237060547,23.139999389648438,23.3799991607666,2775500
2023-08-31,16.139490127563477,23.15999984741211,23.479999542236328,22.93000030517578,23.399999618530273,3370000
2023-09-01,16.418235778808594,23.559999465942383,23.559999465942383,23.0,23.450000762939453,7409900
2023-09-04,16.641237258911133,23.8799991607666,23.8799991607666,23.290000915527344,23.579999923706055,2300600
2023-09-05,15.728339195251465,22.56999969482422,23.920000076293945,22.510000228881836,23.700000762939453,7881700
2023-09-06,15.156904220581055,21.75,22.559999465942383,21.700000762939453,22.559999465942383,4076900
2023-09-08,15.379904747009277,22.06999969482422,22.200000762939453,21.149999618530273,21.579999923706055,1803600
2023-09-11,15.310218811035156,21.969999313354492,22.360000610351562,21.709999084472656,22.06999969482422,2481400
2023-09-12,15.372934341430664,22.059999465942383,22.40999984741211,21.889999389648438,22.030000686645508,2931000
2023-09-13,15.03843879699707,21.579999923706055,22.170000076293945,21.579999923706055,21.969999313354492,3052200
2023-09-14,15.498372077941895,22.239999771118164,22.270000457763672,21.670000076293945,21.700000762939453,3170600
2023-09-15,15.64471435546875,22.450000762939453,22.709999084472656,22.190000534057617,22.239999771118164,4350100
2023-09-18,15.602903366088867,22.389999389648438,23.079999923706055,22.309999465942383,22.540000915527344,2311000
2023-09-19,15.540184020996094,22.299999237060547,22.780000686645508,22.18000030517578,22.389999389648438,2848500
2023-09-20,15.170844078063965,21.770000457763672,22.3799991607666,21.739999771118164,22.299999237060547,3241900
2023-09-21,14.62728500366211,20.989999771118164,21.700000762939453,20.81999969482422,21.65999984741211,3392600
2023-09-22,14.250977516174316,20.450000762939453,21.219999313354492,20.329999923706055,21.200000762939453,3974100
2023-09-25,13.916478157043457,19.969999313354492,20.469999313354492,19.959999084472656,20.350000381469727,3684300
2023-09-26,13.442608833312988,19.290000915527344,19.950000762939453,19.219999313354492,19.8799991607666,4421500
2023-09-27,14.062822341918945,20.18000030517578,20.299999237060547,19.3700008392334,19.489999771118164,4241700
2023-09-28,14.153412818908691,20.309999465942383,20.65999984741211,20.149999618530273,20.170000076293945,3898300
2023-09-29,14.592443466186523,20.940000534057617,21.40999984741211,20.520000457763672,20.649999618530273,4037800
2023-10-02,14.453069686889648,20.739999771118164,21.25,20.729999542236328,21.0,2361300
2023-10-03,13.853759765625,19.8799991607666,20.75,19.790000915527344,20.6200008392334,2226200
2023-10-04,13.47048282623291,19.329999923706055,19.940000534057617,19.239999771118164,19.829999923706055,2559300
2023-10-05,13.226577758789062,18.979999542236328,19.579999923706055,18.889999389648438,19.309999465942383,1937500
2023-10-06,13.44957447052002,19.299999237060547,19.350000381469727,18.729999542236328,18.889999389648438,2139600
2023-10-09,14.620314598083496,20.979999542236328,21.0,19.829999923706055,19.860000610351562,3863100
2023-10-10,14.975720405578613,21.489999771118164,21.6299991607666,20.760000228881836,21.0,2364100
2023-10-11,15.13599967956543,21.719999313354492,21.940000534057617,21.229999542236328,21.34000015258789,2505000
2023-10-13,15.129029273986816,21.709999084472656,22.280000686645508,21.350000381469727,22.040000915527344,5502700
2023-10-16,15.463530540466309,22.190000534057617,22.479999542236328,21.65999984741211,21.90999984741211,3048500
2023-10-17,15.094188690185547,21.65999984741211,22.329999923706055,21.579999923706055,22.06999969482422,3270500
2023-10-18,15.184781074523926,21.790000915527344,22.219999313354492,21.649999618530273,21.809999465942383,4074800
2023-10-19,15.191749572753906,21.799999237060547,22.030000686645508,21.469999313354492,21.65999984741211,1338900
2023-10-20,15.073281288146973,21.6299991607666,22.079999923706055,21.270000457763672,21.700000762939453,2722900
2023-10-23,15.059343338012695,21.610000610351562,22.139999389648438,21.360000610351562,21.600000381469727,1732000
2023-10-24,14.878159523010254,21.350000381469727,21.889999389648438,21.100000381469727,21.799999237060547,1666200
2023-10-25,14.878159523010254,21.350000381469727,21.65999984741211,21.139999389648438,21.399999618530273,1706900
2023-10-26,14.954812049865723,21.459999084472656,21.540000915527344,21.139999389648438,21.34000015258789,2517300
2023-10-27,14.522753715515137,20.84000015258789,21.81999969482422,20.799999237060547,21.56999969482422,1986900
2023-10-30,14.048885345458984,20.15999984741211,21.200000762939453,20.1299991607666,21.200000762939453,2491100
2023-10-31,14.453069686889648,20.739999771118164,20.920000076293945,20.209999084472656,20.209999084472656,2013500
2023-11-01,14.710912704467773,21.110000610351562,21.299999237060547,20.6200008392334,20.889999389648438,3255500
2023-11-03,15.010565757751465,21.540000915527344,21.940000534057617,21.209999084472656,21.610000610351562,3199100
2023-11-06,14.181288719177246,20.350000381469727,21.739999771118164,20.350000381469727,21.65999984741211,2546100
2023-11-07,14.766658782958984,21.190000534057617,21.239999771118164,20.149999618530273,20.299999237060547,2853400
2023-11-08,14.13250732421875,20.280000686645508,21.31999969482422,20.15999984741211,21.149999618530273,3478700
2023-11-09,13.358983993530273,19.170000076293945,20.530000686645508,19.1200008392334,20.5,3678000
2023-11-10,13.177799224853516,18.90999984741211,19.479999542236328,18.770000457763672,19.399999618530273,4509800
2023-11-13,13.003580093383789,18.65999984741211,19.260000228881836,18.6200008392334,18.920000076293945,3619900
2023-11-14,13.407764434814453,19.239999771118164,19.420000076293945,18.6200008392334,18.760000228881836,4098800
2023-11-16,13.2544527053833,19.020000457763672,19.56999969482422,18.8799991607666,19.170000076293945,4944200
2023-11-17,13.70044994354248,19.65999984741211,19.979999542236328,19.049999237060547,19.15999984741211,3789800
2023-11-20,13.874665260314941,19.90999984741211,20.100000381469727,19.719999313354492,19.979999542236328,2451700
2023-11-21,13.804980278015137,19.809999465942383,20.15999984741211,19.610000610351562,19.899999618530273,1509700
2023-11-22,13.70044994354248,19.65999984741211,20.100000381469727,19.559999465942383,19.6299991607666,2887100
2023-11-23,13.602890014648438,19.520000457763672,19.81999969482422,19.479999542236328,19.709999084472656,939200
2023-11-24,13.52623176574707,19.40999984741211,19.68000030517578,19.350000381469727,19.510000228881836,1431500
2023-11-27,13.219609260559082,18.969999313354492,19.579999923706055,18.889999389648438,19.459999084472656,2099900
2023-11-28,13.379890441894531,19.200000762939453,19.360000610351562,18.920000076293945,19.0,3112800
2023-11-29,13.70044994354248,19.65999984741211,19.81999969482422,19.290000915527344,19.3700008392334,3127300
2023-11-30,13.79801082611084,19.799999237060547,20.030000686645508,19.540000915527344,19.780000686645508,2036000
2023-12-01,14.571537017822266,20.90999984741211,20.90999984741211,20.030000686645508,20.100000381469727,4624900
2023-12-04,13.9722261428833,20.049999237060547,20.90999984741211,20.049999237060547,20.90999984741211,3915200
2023-12-05,14.40428638458252,20.670000076293945,20.799999237060547,20.0,20.059999465942383,4149600
2023-12-06,13.835942268371582,19.329999923706055,20.489999771118164,19.200000762939453,20.489999771118164,3026600
2023-12-07,14.44434928894043,20.18000030517578,20.18000030517578,19.329999923706055,19.489999771118164,3764500
2023-12-08,14.916760444641113,20.84000015258789,21.040000915527344,20.079999923706055,20.299999237060547,4714900
2023-12-11,14.601822853088379,20.399999618530273,20.899999618530273,20.299999237060547,20.809999465942383,1702200
2023-12-12,14.272564888000488,19.940000534057617,20.59000015258789,19.81999969482422,20.350000381469727,2240300
2023-12-13,14.95970630645752,20.899999618530273,21.100000381469727,20.06999969482422,20.40999984741211,4347600
2023-12-14,15.246018409729004,21.299999237060547,21.440000534057617,20.549999237060547,21.049999237060547,5496900
2023-12-15,14.508769035339355,20.270000457763672,21.450000762939453,20.270000457763672,21.350000381469727,4638900
2023-12-18,15.05276107788086,21.030000686645508,21.299999237060547,20.43000030517578,20.440000534057617,3074500
2023-12-19,15.496541976928711,21.649999618530273,21.700000762939453,21.010000228881836,21.020000457763672,2216800
2023-12-20,15.08854866027832,21.079999923706055,21.799999237060547,20.899999618530273,21.729999542236328,1327300
2023-12-21,15.231706619262695,21.280000686645508,21.280000686645508,20.889999389648438,21.200000762939453,2762100
2023-12-22,15.339071273803711,21.43000030517578,21.65999984741211,21.280000686645508,21.43000030517578,1966700
2023-12-26,15.811482429504395,22.09000015258789,22.149999618530273,21.440000534057617,21.530000686645508,1704900
2023-12-27,15.64685344696045,21.860000610351562,22.280000686645508,21.760000228881836,22.1299991607666,1465600
2023-12-28,15.546643257141113,21.719999313354492,21.799999237060547,21.239999771118164,21.719999313354492,2336800
2024-01-02,14.866659164428711,20.770000457763672,21.709999084472656,20.75,21.709999084472656,3219700
2024-01-03,15.21023178100586,21.25,21.350000381469727,20.56999969482422,20.75,2200100
2024-01-04,14.80939769744873,20.690000534057617,21.399999618530273,20.690000534057617,21.3700008392334,5578000
2024-01-05,15.102864265441895,21.100000381469727,21.34000015258789,20.5,20.6299991607666,1586400
2024-01-08,14.995497703552246,20.950000762939453,20.989999771118164,20.450000762939453,20.84000015258789,2600100
2024-01-09,14.802240371704102,20.68000030517578,21.149999618530273,20.6299991607666,21.09000015258789,2501000
2024-01-10,14.494455337524414,20.25,20.799999237060547,20.25,20.790000915527344,2798800
2024-01-11,14.530242919921875,20.299999237060547,20.579999923706055,20.079999923706055,20.360000610351562,3535200
2024-01-12,15.03128719329834,21.0,21.290000915527344,20.6200008392334,20.6200008392334,2593000
2024-01-15,15.203071594238281,21.239999771118164,21.489999771118164,20.6299991607666,20.799999237060547,1103700
2024-01-16,14.852341651916504,20.75,21.309999465942383,20.610000610351562,21.239999771118164,1828300
2024-01-17,14.737818717956543,20.59000015258789,20.850000381469727,20.299999237060547,20.5,1674000
2024-01-18,16.46283721923828,23.0,24.229999542236328,22.479999542236328,22.850000381469727,11773400
2024-01-19,16.80640983581543,23.479999542236328,23.68000030517578,22.530000686645508,22.739999771118164,5316800
2024-01-22,16.820724487304688,23.5,24.020000457763672,22.8700008392334,23.479999542236328,3576800
2024-01-23,16.749147415161133,23.399999618530273,23.700000762939453,22.969999313354492,23.530000686645508,2854400
2024-01-24,16.877986907958984,23.579999923706055,24.3700008392334,23.440000534057617,23.440000534057617,3178000
2024-01-25,16.93524932861328,23.65999984741211,23.979999542236328,23.229999542236328,23.700000762939453,2347400
2024-01-26,17.05693244934082,23.829999923706055,23.989999771118164,23.360000610351562,23.649999618530273,2475700
2024-01-29,16.670413970947266,23.290000915527344,23.969999313354492,23.110000610351562,23.899999618530273,1534800
2024-01-30,16.36978530883789,22.8700008392334,23.329999923706055,22.719999313354492,23.270000457763672,1394900
2024-01-31,16.498626708984375,23.049999237060547,23.420000076293945,22.81999969482422,22.920000076293945,2281700
2024-02-01,16.50578498840332,23.059999465942383,23.6200008392334,22.719999313354492,23.6200008392334,2020400
2024-02-02,15.718429565429688,21.959999084472656,23.579999923706055,21.959999084472656,23.579999923706055,3344500
2024-02-05,15.6969575881958,21.93000030517578,22.31999969482422,21.790000915527344,21.940000534057617,1647500
2024-02-06,16.29104995727539,22.760000228881836,23.040000915527344,21.979999542236328,22.0,2197100
2024-02-07,16.29104995727539,22.760000228881836,23.170000076293945,22.510000228881836,22.700000762939453,2194700
2024-02-08,16.19084358215332,22.6200008392334,22.84000015258789,21.81999969482422,22.729999542236328,2297500
2024-02-09,15.732745170593262,21.979999542236328,22.760000228881836,21.8700008392334,22.520000457763672,1829100
2024-02-14,15.539487838745117,21.709999084472656,22.059999465942383,21.600000381469727,21.979999542236328,1255000
2024-02-15,16.133583068847656,22.540000915527344,22.739999771118164,21.68000030517578,21.709999084472656,1712700
2024-02-16,16.713359832763672,23.350000381469727,23.6299991607666,22.540000915527344,22.540000915527344,2278300
2024-02-19,16.49146842956543,23.040000915527344,23.520000457763672,22.979999542236328,23.350000381469727,1566200
2024-02-20,16.899459838867188,23.610000610351562,23.829999923706055,22.670000076293945,22.860000610351562,2257600
2024-02-21,17.05693244934082,23.829999923706055,24.40999984741211,23.719999313354492,24.239999771118164,2177900
2024-02-22,17.27882194519043,24.139999389648438,24.389999389648438,23.889999389648438,23.889999389648438,2597000
2024-02-23,16.756305694580078,23.40999984741211,24.329999923706055,23.34000015258789,24.149999618530273,2558000
2024-02-26,16.756305694580078,23.40999984741211,23.540000915527344,22.950000762939453,23.280000686645508,2917900
2024-02-27,16.77777862548828,23.440000534057617,23.809999465942383,23.290000915527344,23.549999237060547,1994200
2024-02-28,16.57020378112793,23.149999618530273,23.299999237060547,22.760000228881836,23.25,2059500
2024-02-29,16.46283721923828,23.0,23.190000534057617,22.799999237060547,23.139999389648438,997900
2024-03-01,16.741989135742188,23.389999389648438,23.780000686645508,23.059999465942383,23.09000015258789,1562100
2024-03-04,16.405576705932617,22.920000076293945,23.469999313354492,22.8700008392334,23.3799991607666,1288000
2024-03-05,16.47715187072754,23.020000457763672,23.34000015258789,22.90999984741211,22.90999984741211,1371800
2024-03-06,15.339071273803711,21.43000030517578,22.540000915527344,21.40999984741211,22.40999984741211,7559500
2024-03-07,14.830867767333984,20.719999313354492,21.59000015258789,20.690000534057617,21.350000381469727,4603600
2024-03-08,15.296126365661621,21.3700008392334,21.719999313354492,20.690000534057617,20.760000228881836,5248500
2024-03-11,15.525171279907227,21.690000534057617,22.219999313354492,21.239999771118164,21.239999771118164,3519100
2024-03-12,15.890218734741211,22.200000762939453,22.260000228881836,21.760000228881836,21.90999984741211,2451600
2024-03-13,16.104949951171875,22.5,23.040000915527344,22.239999771118164,22.270000457763672,2815000
2024-03-14,15.704116821289062,21.940000534057617,22.739999771118164,21.31999969482422,22.579999923706055,7621900
2024-03-15,16.355472564697266,22.850000381469727,22.850000381469727,21.860000610351562,21.860000610351562,5271400
2024-03-18,16.770620346069336,23.43000030517578,23.43000030517578,22.420000076293945,22.940000534057617,4081600
2024-03-19,16.749147415161133,23.399999618530273,23.639999389648438,23.170000076293945,23.270000457763672,1795400
2024-03-20,16.55588722229004,23.1299991607666,23.399999618530273,22.450000762939453,23.270000457763672,1660300
2024-03-21,16.248106002807617,22.700000762939453,23.149999618530273,22.600000381469727,23.030000686645508,968700
2024-03-22,15.98326587677002,22.329999923706055,22.670000076293945,22.1200008392334,22.559999465942383,2123000
2024-03-25,16.441364288330078,22.969999313354492,23.190000534057617,22.239999771118164,22.450000762939453,2449000
2024-03-26,16.16221046447754,22.579999923706055,23.1200008392334,22.459999084472656,23.040000915527344,1674400
2024-03-27,16.49146842956543,23.040000915527344,23.15999984741211,22.389999389648438,22.639999389648438,4408200
2024-03-28,16.85651206970215,23.549999237060547,23.6200008392334,22.889999389648438,23.18000030517578,3926800
2024-04-01,16.577360153198242,23.15999984741211,23.770000457763672,23.100000381469727,23.700000762939453,3534600
2024-04-02,15.081390380859375,21.06999969482422,21.950000762939453,21.0,21.950000762939453,10879400
2024-04-03,15.7756929397583,22.040000915527344,22.31999969482422,21.25,21.25,5909000
2024-04-04,15.739904403686523,21.989999771118164,22.690000534057617,21.889999389648438,22.110000610351562,3534700
2024-04-05,15.067076683044434,21.049999237060547,22.219999313354492,21.020000457763672,22.010000228881836,3862500
2024-04-08,15.15296745300293,21.170000076293945,21.399999618530273,20.690000534057617,21.100000381469727,4477900
2024-04-09,15.60390853881836,21.799999237060547,21.799999237060547,21.0,21.360000610351562,3023400
2024-04-10,15.868744850158691,22.170000076293945,22.299999237060547,21.350000381469727,21.799999237060547,4931300
2024-04-11,15.739904403686523,21.989999771118164,22.25,21.899999618530273,21.979999542236328,1960600
2024-04-12,15.403491020202637,21.520000457763672,22.75,21.489999771118164,21.989999771118164,3911100
2024-04-15,15.102864265441895,21.100000381469727,21.639999389648438,20.729999542236328,21.6299991607666,4577800
2024-04-16,14.823711395263672,20.709999084472656,21.1299991607666,20.600000381469727,20.959999084472656,3262900
2024-04-17,14.594664573669434,20.389999389648438,20.93000030517578,20.1200008392334,20.709999084472656,6314300
2024-04-18,14.50161361694336,20.260000228881836,20.600000381469727,20.1200008392334,20.389999389648438,1772400
2024-04-19,15.138651847839355,21.149999618530273,21.149999618530273,20.219999313354492,20.290000915527344,4788500
2024-04-22,14.709187507629395,20.549999237060547,20.959999084472656,20.3799991607666,20.950000762939453,4317600
2024-04-23,15.095706939697266,21.09000015258789,21.09000015258789,20.25,20.350000381469727,2897800
2024-04-24,15.811482429504395,22.09000015258789,22.1200008392334,21.09000015258789,21.200000762939453,6536400
2024-04-25,15.83967399597168,22.06999969482422,22.06999969482422,21.040000915527344,21.5,3979600
2024-04-26,16.220056533813477,22.600000381469727,22.700000762939453,21.940000534057617,22.049999237060547,2994700
2024-04-29,16.069339752197266,22.389999389648438,22.489999771118164,21.75,22.489999771118164,2399500
2024-04-30,15.638718605041504,21.790000915527344,22.389999389648438,21.469999313354492,22.270000457763672,2815000
2024-05-02,15.645895957946777,21.799999237060547,22.149999618530273,21.520000457763672,22.010000228881836,3051900
2024-05-03,15.466469764709473,21.549999237060547,22.079999923706055,21.43000030517578,21.920000076293945,2709900
2024-05-06,15.444939613342285,21.520000457763672,21.989999771118164,21.43000030517578,21.600000381469727,2596500
2024-05-07,15.416232109069824,21.479999542236328,21.8700008392334,21.3700008392334,21.540000915527344,1290400
2024-05-08,15.416232109069824,21.479999542236328,21.790000915527344,21.079999923706055,21.31999969482422,2277000
2024-05-09,15.322930335998535,21.350000381469727,21.6200008392334,21.1299991607666,21.350000381469727,2173500
2024-05-10,15.294221878051758,21.309999465942383,21.81999969482422,21.170000076293945,21.170000076293945,2042700
2024-05-13,15.358813285827637,21.399999618530273,21.829999923706055,21.350000381469727,21.350000381469727,1196100
2024-05-14,15.243982315063477,21.239999771118164,21.5,21.059999465942383,21.5,1755400
2024-05-15,15.409052848815918,21.469999313354492,21.790000915527344,21.110000610351562,21.170000076293945,2289000
2024-05-16,14.992788314819336,20.889999389648438,21.649999618530273,20.770000457763672,21.520000457763672,1759500
2024-05-17,15.021495819091797,20.93000030517578,21.049999237060547,20.610000610351562,20.889999389648438,1164400
2024-05-20,15.215276718139648,21.200000762939453,21.260000228881836,20.649999618530273,20.81999969482422,1386400
2024-05-21,15.057379722595215,20.979999542236328,21.479999542236328,20.920000076293945,21.149999618530273,2246400
2024-05-22,14.389917373657227,20.049999237060547,20.850000381469727,19.969999313354492,20.84000015258789,3605400
2024-05-23,14.260733604431152,19.8700008392334,20.229999542236328,19.670000076293945,20.15999984741211,1496500
2024-05-24,14.117191314697266,19.670000076293945,19.989999771118164,19.520000457763672,19.959999084472656,1262100
2024-05-27,14.339676856994629,19.979999542236328,20.06999969482422,19.59000015258789,19.75,829400
2024-05-28,14.404272079467773,20.06999969482422,20.59000015258789,19.93000030517578,20.209999084472656,1073600
2024-05-29,14.289440155029297,19.90999984741211,20.1200008392334,19.670000076293945,20.1200008392334,1206500
2024-05-31,14.8851318359375,20.739999771118164,20.920000076293945,20.309999465942383,20.399999618530273,5972100
2024-06-03,15.078910827636719,21.010000228881836,21.270000457763672,20.899999618530273,21.100000381469727,4208000
2024-06-04,15.12197494506836,21.06999969482422,21.149999618530273,20.670000076293945,21.010000228881836,2331300
2024-06-05,14.612406730651855,20.360000610351562,21.440000534057617,20.360000610351562,21.209999084472656,5193400
2024-06-06,14.827282905578613,19.239999771118164,19.280000686645508,18.799999237060547,19.059999465942383,2469000
2024-06-07,14.688565254211426,19.059999465942383,19.3799991607666,19.049999237060547,19.09000015258789,1747000
2024-06-10,14.426546096801758,18.719999313354492,19.31999969482422,18.719999313354492,19.100000381469727,2083600
2024-06-11,14.665447235107422,19.030000686645508,19.049999237060547,18.65999984741211,18.719999313354492,2885500
2024-06-12,14.341774940490723,18.610000610351562,19.40999984741211,18.40999984741211,19.200000762939453,4851500
2024-06-13,14.141406059265137,18.350000381469727,18.850000381469727,18.350000381469727,18.610000610351562,1759600
2024-06-14,13.925623893737793,18.06999969482422,18.440000534057617,18.0,18.360000610351562,1674200
2024-06-17,13.94874382019043,18.100000381469727,18.399999618530273,17.75,18.049999237060547,2205300
2024-06-18,13.5634183883667,17.600000381469727,18.25,17.489999771118164,18.049999237060547,2951700
2024-06-19,13.817732810974121,17.93000030517578,17.93000030517578,17.56999969482422,17.600000381469727,1341300
2024-06-20,14.48819637298584,18.799999237060547,19.0,18.06999969482422,18.18000030517578,4517800
2024-06-21,14.064339637756348,18.25,18.940000534057617,18.25,18.729999542236328,1413600
2024-06-24,14.326361656188965,18.59000015258789,18.809999465942383,18.270000457763672,18.290000915527344,1082300
2024-06-25,14.249295234680176,18.489999771118164,18.68000030517578,18.40999984741211,18.549999237060547,684100
2024-06-26,14.287830352783203,18.540000915527344,18.649999618530273,18.309999465942383,18.559999465942383,1162500
2024-06-27,14.418839454650879,18.709999084472656,18.780000686645508,18.31999969482422,18.6200008392334,1739500
2024-06-28,14.287830352783203,18.540000915527344,18.81999969482422,18.5,18.780000686645508,1286500
2024-07-01,14.88122844696045,19.309999465942383,19.549999237060547,18.440000534057617,18.719999313354492,4605200
2024-07-02,15.69811725616455,20.3700008392334,20.5,19.360000610351562,19.360000610351562,4838200
2024-07-03,15.682703018188477,20.350000381469727,20.799999237060547,20.209999084472656,20.3700008392334,2110900
2024-07-04,15.574811935424805,20.209999084472656,20.649999618530273,20.18000030517578,20.350000381469727,913600
2024-07-05,16.060321807861328,20.84000015258789,20.84000015258789,20.1299991607666,20.1299991607666,1731300
2024-07-08,15.952430725097656,20.700000762939453,21.5,20.56999969482422,21.100000381469727,2551400
2024-07-09,15.921605110168457,20.65999984741211,20.690000534057617,20.299999237060547,20.510000228881836,1128600
2024-07-10,15.867659568786621,20.59000015258789,20.780000686645508,20.459999084472656,20.75,927600
2024-07-11,16.12197494506836,20.920000076293945,21.030000686645508,20.579999923706055,20.65999984741211,1385800
2024-07-12,16.183624267578125,21.0,21.100000381469727,20.75,20.969999313354492,980600
2024-07-15,16.268396377563477,21.110000610351562,21.440000534057617,20.969999313354492,21.0,1395500
2024-07-16,16.237571716308594,21.06999969482422,21.299999237060547,20.950000762939453,21.0,1800800
2024-07-17,16.391700744628906,21.270000457763672,21.450000762939453,21.040000915527344,21.139999389648438,1308600
2024-07-18,16.060321807861328,20.84000015258789,21.270000457763672,20.65999984741211,21.209999084472656,2112000
2024-07-19,16.183624267578125,21.0,21.1299991607666,20.790000915527344,20.829999923706055,2109700
2024-07-22,16.14509391784668,20.950000762939453,21.1299991607666,20.549999237060547,20.940000534057617,2123500
2024-07-23,15.775181770324707,20.469999313354492,21.350000381469727,20.450000762939453,20.979999542236328,3894300
2024-07-24,16.368579864501953,21.239999771118164,21.309999465942383,20.559999465942383,20.649999618530273,2045000
2024-07-25,15.906190872192383,20.639999389648438,21.170000076293945,20.600000381469727,20.950000762939453,1290500
2024-07-26,16.214452743530273,21.040000915527344,21.040000915527344,20.5,20.6299991607666,1789100
2024-07-29,15.79830265045166,20.5,21.1299991607666,20.3700008392334,21.040000915527344,1376900
2024-07-30,15.852245330810547,20.56999969482422,20.700000762939453,20.440000534057617,20.5,995000
2024-07-31,15.921605110168457,20.65999984741211,20.850000381469727,20.579999923706055,20.799999237060547,1745300
2024-08-01,15.644169807434082,20.299999237060547,21.34000015258789,20.170000076293945,20.989999771118164,4030500
2024-08-02,15.312792778015137,19.8700008392334,20.600000381469727,19.790000915527344,20.299999237060547,2862700
2024-08-05,15.073890686035156,19.559999465942383,19.670000076293945,18.979999542236328,19.31999969482422,1973700
2024-08-06,15.297380447387695,19.850000381469727,20.020000457763672,19.600000381469727,19.649999618530273,1781100
2024-08-07,15.328205108642578,19.889999389648438,20.280000686645508,19.739999771118164,20.280000686645508,1022700
2024-08-08,15.852245330810547,20.56999969482422,20.670000076293945,19.920000076293945,19.959999084472656,1092000
2024-08-09,16.422527313232422,21.309999465942383,21.670000076293945,20.780000686645508,20.93000030517578,3151000
2024-08-12,16.753904342651367,21.739999771118164,21.8799991607666,21.450000762939453,21.549999237060547,1926900
2024-08-13,16.846384048461914,21.860000610351562,21.950000762939453,21.610000610351562,21.84000015258789,1305100
2024-08-14,16.800142288208008,21.799999237060547,22.190000534057617,21.760000228881836,21.809999465942383,2020700
2024-08-15,17.031339645385742,22.100000381469727,22.290000915527344,21.700000762939453,21.940000534057617,1494300
2024-08-16,16.66913414001465,21.6299991607666,22.059999465942383,21.389999389648438,21.809999465942383,1532900
2024-08-19,16.83867645263672,21.850000381469727,21.959999084472656,21.530000686645508,21.700000762939453,1444100
2024-08-20,16.73849105834961,21.719999313354492,21.93000030517578,21.450000762939453,21.8700008392334,1293900
2024-08-21,16.65372085571289,21.610000610351562,21.969999313354492,21.540000915527344,21.579999923706055,1078800
2024-08-22,16.2298641204834,21.059999465942383,21.770000457763672,21.030000686645508,21.760000228881836,1121400
2024-08-23,16.576656341552734,21.510000228881836,21.770000457763672,21.040000915527344,21.190000534057617,1336700
2024-08-26,16.66913414001465,21.6299991607666,21.93000030517578,21.530000686645508,21.809999465942383,935200
2024-08-27,16.214452743530273,21.040000915527344,21.610000610351562,21.040000915527344,21.5,1203400
2024-08-28,16.014083862304688,20.780000686645508,21.030000686645508,20.549999237060547,21.0,2563500
2024-08-29,15.829126358032227,20.540000915527344,20.940000534057617,20.3799991607666,20.780000686645508,2351900
2024-08-30,15.721236228942871,20.399999618530273,20.510000228881836,20.020000457763672,20.510000228881836,3234900
2024-09-02,15.759770393371582,20.450000762939453,20.670000076293945,20.200000762939453,20.399999618530273,1325300
2024-09-03,15.428388595581055,20.020000457763672,20.489999771118164,19.969999313354492,20.200000762939453,2174500
2024-09-04,15.497747421264648,20.110000610351562,20.34000015258789,20.010000228881836,20.059999465942383,2121600
2024-09-05,15.505455017089844,20.1200008392334,20.25,19.979999542236328,20.049999237060547,1482400
2024-09-06,14.858111381530762,19.280000686645508,20.18000030517578,19.280000686645508,20.059999465942383,3007500
2024-09-09,14.680861473083496,19.049999237060547,19.350000381469727,18.90999984741211,19.329999923706055,3013900
2024-09-10,14.588382720947266,18.93000030517578,19.010000228881836,18.520000457763672,19.010000228881836,3368200
2024-09-11,14.511317253112793,18.829999923706055,19.229999542236328,18.75,18.989999771118164,2152500
2024-09-12,14.341774940490723,18.610000610351562,18.959999084472656,18.579999923706055,18.93000030517578,1514600
2024-09-13,14.673154830932617,19.040000915527344,19.1200008392334,18.719999313354492,18.729999542236328,2263100
2024-09-16,14.434252738952637,18.729999542236328,19.309999465942383,18.6200008392334,19.15999984741211,1602000
2024-09-17,14.519023895263672,18.84000015258789,18.8799991607666,18.459999084472656,18.729999542236328,1380500
2024-09-18,14.46507740020752,18.770000457763672,19.149999618530273,18.690000534057617,18.780000686645508,1718000
2024-09-19,14.272415161132812,18.520000457763672,19.030000686645508,18.5,19.020000457763672,1730800
2024-09-20,14.133698463439941,18.34000015258789,18.56999969482422,18.25,18.510000228881836,2819600
2024-09-23,14.141406059265137,18.350000381469727,18.549999237060547,18.25,18.389999389648438,1663400
2024-09-24,14.295534133911133,18.549999237060547,18.920000076293945,18.459999084472656,18.719999313354492,1474800
2024-09-25,13.979569435119629,18.139999389648438,18.75,18.139999389648438,18.559999465942383,1308800
2024-09-26,13.725255012512207,17.809999465942383,18.139999389648438,17.719999313354492,17.850000381469727,2879800
2024-09-27,13.756082534790039,17.850000381469727,18.079999923706055,17.639999389648438,17.719999313354492,1924900
2024-09-30,13.655896186828613,17.719999313354492,18.020000457763672,17.579999923706055,17.950000762939453,1534000
2024-10-01,13.648188591003418,17.709999084472656,18.139999389648438,17.5,17.5,3408300
2024-10-02,13.910210609436035,18.049999237060547,18.479999542236328,17.90999984741211,18.149999618530273,2544600
2024-10-03,14.164525032043457,18.3799991607666,18.5,17.93000030517578,18.010000228881836,1897700
2024-10-04,14.156818389892578,18.3700008392334,18.549999237060547,18.200000762939453,18.5,1452200
2024-10-07,14.295534133911133,18.549999237060547,18.739999771118164,18.219999313354492,18.520000457763672,1830800
2024-10-08,14.002690315246582,18.170000076293945,18.25,18.110000610351562,18.139999389648438,1898700
2024-10-09,13.617363929748535,17.670000076293945,18.079999923706055,17.6299991607666,18.040000915527344,2125700
2024-10-10,13.94874382019043,18.100000381469727,18.360000610351562,17.770000457763672,17.770000457763672,3075000
2024-10-11,14.018101692199707,18.190000534057617,18.190000534057617,17.8700008392334,18.100000381469727,1119000
2024-10-14,13.794611930847168,17.899999618530273,18.18000030517578,17.829999923706055,17.979999542236328,1413600
2024-10-15,13.509474754333496,17.530000686645508,17.739999771118164,17.459999084472656,17.59000015258789,2073000
2024-10-16,13.601950645446777,17.649999618530273,17.8700008392334,17.420000076293945,17.639999389648438,3689800
2024-10-17,13.48635482788086,17.5,17.56999969482422,17.270000457763672,17.559999465942383,1274900
2024-10-18,13.178094863891602,17.100000381469727,17.68000030517578,17.079999923706055,17.549999237060547,2073500
2024-10-21,13.255160331726074,17.200000762939453,17.34000015258789,17.079999923706055,17.299999237060547,2000000
2024-10-22,13.101030349731445,17.0,17.190000534057617,16.8700008392334,17.15999984741211,2295000
2024-10-23,13.016258239746094,16.889999389648438,16.989999771118164,16.780000686645508,16.850000381469727,1782200
2024-10-24,13.154974937438965,17.06999969482422,17.170000076293945,16.790000915527344,16.920000076293945,1430200
2024-10-25,13.07020378112793,16.959999084472656,17.229999542236328,16.8799991607666,17.049999237060547,1358800
2024-10-28,12.985432624816895,16.850000381469727,16.940000534057617,16.649999618530273,16.709999084472656,1236000
2024-10-29,12.862130165100098,16.690000534057617,17.010000228881836,16.68000030517578,16.8700008392334,1115300
2024-10-30,13.093323707580566,16.989999771118164,17.270000457763672,16.760000228881836,16.760000228881836,1078100
2024-10-31,13.085617065429688,16.979999542236328,17.110000610351562,16.8700008392334,16.8700008392334,1692600
2024-11-01,12.715704917907715,16.5,17.15999984741211,16.5,17.049999237060547,1929600
2024-11-04,13.26286506652832,17.209999084472656,17.299999237060547,16.6200008392334,16.799999237060547,1988200
2024-11-05,13.270572662353516,17.219999313354492,17.329999923706055,17.010000228881836,17.18000030517578,997700
2024-11-06,13.316813468933105,17.280000686645508,17.43000030517578,16.549999237060547,16.700000762939453,2178900
2024-11-07,13.239747047424316,17.18000030517578,17.540000915527344,17.06999969482422,17.309999465942383,1150500
2024-11-08,13.58653736114502,17.6299991607666,18.43000030517578,17.600000381469727,18.260000228881836,7752600
2024-11-11,14.226176261901855,18.459999084472656,18.489999771118164,17.799999237060547,17.799999237060547,4882200
2024-11-12,14.025808334350586,18.200000762939453,18.690000534057617,18.059999465942383,18.690000534057617,4160500
2024-11-13,13.903923034667969,16.760000228881836,16.959999084472656,16.479999542236328,16.729999542236328,3277500
2024-11-14,13.820964813232422,16.65999984741211,17.030000686645508,16.600000381469727,16.709999084472656,1850200
2024-11-18,13.89562702178955,16.75,16.959999084472656,16.489999771118164,16.739999771118164,3078200
2024-11-19,14.020066261291504,16.899999618530273,17.040000915527344,16.700000762939453,16.739999771118164,2313200
2024-11-21,13.779486656188965,16.610000610351562,16.950000762939453,16.5,16.850000381469727,2096100
2024-11-22,14.028362274169922,16.90999984741211,16.90999984741211,16.549999237060547,16.68000030517578,2474100
2024-11-25,14.044954299926758,16.93000030517578,17.010000228881836,16.809999465942383,16.90999984741211,1410400
2024-11-26,14.277238845825195,17.209999084472656,17.399999618530273,16.84000015258789,17.040000915527344,2149500
2024-11-27,13.820964813232422,16.65999984741211,17.34000015258789,16.639999389648438,17.200000762939453,2076400
2024-11-28,13.439353942871094,16.200000762939453,16.780000686645508,16.149999618530273,16.700000762939453,1502900
2024-11-29,13.721414566040039,16.540000915527344,16.540000915527344,15.949999809265137,16.239999771118164,2240300
2024-12-02,13.613567352294922,16.40999984741211,16.65999984741211,16.31999969482422,16.510000228881836,1474600
2024-12-03,13.779486656188965,16.610000610351562,16.690000534057617,16.329999923706055,16.520000457763672,1530500
2024-12-04,13.41446590423584,16.170000076293945,16.850000381469727,16.139999389648438,16.670000076293945,2904600
2024-12-05,13.455945014953613,16.219999313354492,16.549999237060547,16.15999984741211,16.329999923706055,2467200
2024-12-06,13.173885345458984,15.880000114440918,16.25,15.680000305175781,16.209999084472656,2881000
2024-12-09,12.966487884521484,15.630000114440918,16.030000686645508,15.59000015258789,15.850000381469727,2639700
2024-12-10,13.115813255310059,15.8100004196167,16.06999969482422,15.619999885559082,15.649999618530273,2968400
2024-12-11,13.67993450164795,16.489999771118164,16.639999389648438,15.859999656677246,15.949999809265137,2706300
2024-12-12,13.26513957977295,15.989999771118164,16.40999984741211,15.899999618530273,16.360000610351562,1900000
2024-12-13,13.323210716247559,16.059999465942383,16.110000610351562,15.90999984741211,16.0,2010200
2024-12-16,13.157293319702148,15.859999656677246,16.25,15.859999656677246,15.9399995803833,2011800
2024-12-17,13.613567352294922,16.40999984741211,16.450000762939453,15.84000015258789,15.920000076293945,2506300
2024-12-18,12.90011978149414,15.550000190734863,16.450000762939453,15.550000190734863,16.389999389648438,3787300
2024-12-19,13.024558067321777,15.699999809265137,16.190000534057617,15.630000114440918,15.739999771118164,6104600
2024-12-20,13.165589332580566,15.869999885559082,15.989999771118164,15.619999885559082,15.619999885559082,3201000
2024-12-23,12.667835235595703,15.270000457763672,15.819999694824219,15.1899995803833,15.760000228881836,2692600
2024-12-26,12.725907325744629,15.34000015258789,15.539999961853027,15.170000076293945,15.300000190734863,1544000
2024-12-27,13.090925216674805,15.779999732971191,15.789999961853027,15.350000381469727,15.470000267028809,2341500
2024-12-30,13.447649002075195,16.209999084472656,16.239999771118164,15.779999732971191,15.779999732971191,2391800
2025-01-02,13.688230514526367,16.5,16.549999237060547,16.1200008392334,16.209999084472656,1976600
2025-01-03,13.630159378051758,16.43000030517578,16.5,16.200000762939453,16.450000762939453,2437200
2025-01-06,13.35639476776123,16.100000381469727,16.690000534057617,16.030000686645508,16.610000610351562,2419400
2025-01-07,13.572088241577148,16.360000610351562,16.540000915527344,16.059999465942383,16.360000610351562,1601900
2025-01-08,13.439353942871094,16.200000762939453,16.389999389648438,16.049999237060547,16.350000381469727,1565300
2025-01-09,13.605270385742188,16.399999618530273,16.40999984741211,16.049999237060547,16.200000762939453,1684600
2025-01-10,13.572088241577148,16.360000610351562,16.760000228881836,16.270000457763672,16.68000030517578,2108600
2025-01-13,13.663341522216797,16.469999313354492,16.799999237060547,16.399999618530273,16.399999618530273,3114600
2025-01-14,13.738005638122559,16.559999465942383,16.6299991607666,16.3799991607666,16.469999313354492,1203600
2025-01-15,14.18598461151123,17.100000381469727,17.100000381469727,16.600000381469727,16.719999313354492,2259800
2025-01-16,13.77118968963623,16.600000381469727,17.010000228881836,16.510000228881836,16.989999771118164,1262100
2025-01-17,13.845853805541992,16.690000534057617,16.739999771118164,16.420000076293945,16.700000762939453,1459700
2025-01-20,13.696526527404785,16.510000228881836,16.739999771118164,16.450000762939453,16.530000686645508,1128000
2025-01-21,13.85414981842041,16.700000762939453,16.709999084472656,16.3799991607666,16.450000762939453,1621500
2025-01-22,13.812668800354004,16.649999618530273,16.889999389648438,16.639999389648438,16.760000228881836,1641200
2025-01-23,13.115813255310059,15.8100004196167,16.790000915527344,15.760000228881836,16.790000915527344,2653500
2025-01-24,13.007966995239258,15.680000305175781,15.989999771118164,15.649999618530273,15.819999694824219,1644100
2025-01-27,13.406169891357422,16.15999984741211,16.15999984741211,15.550000190734863,15.65999984741211,1393700
2025-01-28,13.115813255310059,15.8100004196167,16.200000762939453,15.800000190734863,16.200000762939453,1437200
2025-01-29,12.90011978149414,15.550000190734863,15.970000267028809,15.550000190734863,15.850000381469727,1180900
2025-01-30,13.26513957977295,15.989999771118164,16.0,15.630000114440918,15.640000343322754,1708200
2025-01-31,13.165589332580566,15.869999885559082,16.149999618530273,15.869999885559082,15.9399995803833,1749600
2025-02-03,13.198773384094238,15.90999984741211,16.139999389648438,15.8100004196167,15.829999923706055,1989800
2025-02-04,13.140701293945312,15.84000015258789,15.970000267028809,15.59000015258789,15.869999885559082,1472300
2025-02-05,12.99967098236084,15.670000076293945,16.049999237060547,15.630000114440918,15.819999694824219,1649100
2025-02-06,13.041150093078613,15.720000267028809,15.84000015258789,15.59000015258789,15.670000076293945,1838700
2025-02-07,12.759090423583984,15.380000114440918,15.789999961853027,15.380000114440918,15.720000267028809,2591200
2025-02-10,13.124109268188477,15.819999694824219,15.970000267028809,15.5,15.600000381469727,3544300
2025-02-11,13.331506729125977,16.06999969482422,16.06999969482422,15.850000381469727,15.880000114440918,1741400
2025-02-12,12.94159984588623,15.600000381469727,15.930000305175781,15.5600004196167,15.899999618530273,1985700
2025-02-13,12.94159984588623,15.600000381469727,15.600000381469727,15.329999923706055,15.550000190734863,1824800
2025-02-14,12.925007820129395,15.579999923706055,15.760000228881836,15.460000038146973,15.710000038146973,3610400
2025-02-17,13.207069396972656,15.920000076293945,16.18000030517578,15.529999732971191,15.529999732971191,2719700
2025-02-18,13.24854850769043,15.970000267028809,16.100000381469727,15.84000015258789,15.920000076293945,1272400
2025-02-19,13.090925216674805,15.779999732971191,16.09000015258789,15.779999732971191,15.890000343322754,1777600
2025-02-20,14.061546325683594,16.950000762939453,17.0,15.829999923706055,15.829999923706055,6146000
2025-02-21,13.389577865600586,16.139999389648438,17.139999389648438,16.110000610351562,16.950000762939453,3090300
2025-02-24,13.099221229553223,15.789999961853027,16.200000762939453,15.789999961853027,16.149999618530273,1934000
2025-02-25,12.99967098236084,15.670000076293945,15.960000038146973,15.609999656677246,15.789999961853027,1523400
2025-02-26,12.83375358581543,15.470000267028809,15.880000114440918,15.449999809265137,15.670000076293945,1922000
2025-02-27,13.56379222869873,16.350000381469727,16.549999237060547,15.539999961853027,15.649999618530273,3714800
2025-02-28,13.182181358337402,15.890000343322754,16.450000762939453,15.890000343322754,16.18000030517578,2557800
2025-03-05,12.767386436462402,15.390000343322754,15.829999923706055,15.319999694824219,15.670000076293945,2928100
2025-03-06,12.808865547180176,15.4399995803833,15.84000015258789,15.34000015258789,15.460000038146973,3595200
2025-03-07,13.140701293945312,15.84000015258789,15.979999542236328,15.399999618530273,15.479999542236328,2373700
2025-03-10,13.05774211883545,15.739999771118164,15.989999771118164,15.569999694824219,15.8100004196167,2404500
2025-03-11,13.082630157470703,15.770000457763672,15.890000343322754,15.470000267028809,15.760000228881836,2578100
2025-03-12,12.916711807250977,15.569999694824219,15.859999656677246,15.470000267028809,15.720000267028809,2159200
2025-03-13,12.908416748046875,15.5600004196167,15.75,15.420000076293945,15.5,2250700
2025-03-14,13.56379222869873,16.350000381469727,16.350000381469727,15.600000381469727,15.600000381469727,1612600
2025-03-17,13.630159378051758,16.43000030517578,16.600000381469727,16.290000915527344,16.299999237060547,1790000
2025-03-18,13.829261779785156,16.670000076293945,16.670000076293945,16.40999984741211,16.40999984741211,1702800
2025-03-19,13.638455390930176,16.440000534057617,16.700000762939453,16.3799991607666,16.700000762939453,1786500
2025-03-20,13.298324584960938,16.030000686645508,16.399999618530273,15.789999961853027,16.229999542236328,4373900
2025-03-21,13.555496215820312,16.34000015258789,16.639999389648438,16.010000228881836,16.020000457763672,6295200
2025-03-24,13.738005638122559,16.559999465942383,16.690000534057617,16.239999771118164,16.3799991607666,1788900
2025-03-25,13.613567352294922,16.40999984741211,16.690000534057617,16.329999923706055,16.559999465942383,2045800
2025-03-26,13.995179176330566,16.8700008392334,16.959999084472656,16.389999389648438,16.43000030517578,1980500
2025-03-27,13.870739936828613,16.719999313354492,16.940000534057617,16.65999984741211,16.8700008392334,1966700
2025-03-28,13.903923034667969,16.760000228881836,16.8700008392334,16.549999237060547,16.559999465942383,962800
2025-03-31,13.67993450164795,16.489999771118164,16.860000610351562,16.450000762939453,16.6200008392334,2471800
2025-04-01,13.505721092224121,16.280000686645508,16.639999389648438,16.1200008392334,16.329999923706055,5435200
2025-04-02,13.787782669067383,16.6200008392334,16.81999969482422,15.899999618530273,16.200000762939453,3144700
2025-04-03,13.024558067321777,15.699999809265137,15.960000038146973,15.470000267028809,15.899999618530273,4543900
2025-04-04,11.90461254119873,14.350000381469727,15.220000267028809,14.350000381469727,15.010000228881836,5682300
2025-04-07,11.639143943786621,14.029999732971191,14.470000267028809,13.920000076293945,14.039999961853027,4783700
2025-04-08,11.406858444213867,13.75,14.420000076293945,13.5600004196167,14.0600004196167,3294400
2025-04-09,11.846541404724121,14.279999732971191,14.390000343322754,13.239999771118164,13.40999984741211,5896400
2025-04-10,11.099909782409668,13.380000114440918,14.3100004196167,13.300000190734863,14.079999923706055,5071200
2025-04-11,11.21605396270752,13.520000457763672,13.640000343322754,13.149999618530273,13.40999984741211,5275600
2025-04-14,11.199460983276367,13.5,14.09000015258789,13.350000381469727,13.989999771118164,3394500
2025-04-15,11.224349021911621,13.529999732971191,13.619999885559082,13.40999984741211,13.470000267028809,2451300
2025-04-16,11.481521606445312,13.84000015258789,14.050000190734863,13.5600004196167,13.65999984741211,5241900
2025-04-17,11.647439956665039,14.039999961853027,14.260000228881836,13.949999809265137,14.199999809265137,2638700
2025-04-22,11.805061340332031,14.229999542236328,14.399999618530273,13.869999885559082,14.039999961853027,3895600
2025-04-23,11.498113632202148,13.859999656677246,14.550000190734863,13.859999656677246,14.520000457763672,3113500
2025-04-24,11.614255905151367,14.0,14.09000015258789,13.770000457763672,13.960000038146973,2110200
2025-04-25,11.249237060546875,13.5600004196167,14.0,13.470000267028809,13.699999809265137,5962400
2025-04-28,10.892513275146484,13.130000114440918,13.619999885559082,13.010000228881836,13.520000457763672,5915400
2025-04-29,10.892513275146484,13.130000114440918,13.380000114440918,13.020000457763672,13.020000457763672,4369800
2025-04-30,10.651931762695312,12.84000015258789,13.15999984741211,12.819999694824219,13.050000190734863,3972300
2025-05-02,10.96717643737793,13.220000267028809,13.3100004196167,12.869999885559082,12.970000267028809,3508100
2025-05-05,10.51090145111084,12.670000076293945,13.399999618530273,12.630000114440918,13.039999961853027,4160300
2025-05-06,10.958880424499512,13.210000038146973,13.25,12.899999618530273,13.0,2767700
2025-05-07,10.875921249389648,13.109999656677246,13.359999656677246,13.029999732971191,13.300000190734863,2322500
2025-05-08,11.17457389831543,13.470000267028809,13.65999984741211,13.260000228881836,13.390000343322754,2298800
2025-05-09,11.788470268249512,14.210000038146973,14.569999694824219,14.119999885559082,14.15999984741211,10926300
2025-05-12,12.17008113861084,14.670000076293945,15.020000457763672,14.579999923706055,14.800000190734863,4396400
2025-05-13,12.825457572937012,15.460000038146973,15.569999694824219,14.8100004196167,14.8100004196167,4928900
2025-05-14,12.60146713256836,15.1899995803833,15.670000076293945,14.989999771118164,15.670000076293945,5282200
2025-05-15,12.510211944580078,15.079999923706055,15.3100004196167,14.920000076293945,15.0,6870800
2025-05-16,12.580916404724121,14.260000228881836,14.319999694824219,14.010000228881836,14.069999694824219,4571200
2025-05-19,12.457401275634766,14.119999885559082,14.260000228881836,14.010000228881836,14.220000267028809,2867400
2025-05-20,12.439756393432617,14.100000381469727,14.199999809265137,13.930000305175781,14.079999923706055,1935100
2025-05-21,12.589738845825195,14.270000457763672,14.4399995803833,14.020000457763672,14.079999923706055,3279700
2025-05-22,12.625029563903809,14.3100004196167,14.399999618530273,14.039999961853027,14.25,3359900
2025-05-23,12.325063705444336,13.970000267028809,14.229999542236328,13.859999656677246,14.229999542236328,2235000
2025-05-26,12.510336875915527,14.180000305175781,14.3100004196167,14.050000190734863,14.09000015258789,997600
2025-05-27,12.704431533813477,14.399999618530273,14.479999542236328,14.199999809265137,14.199999809265137,1748400
2025-05-28,13.136735916137695,14.890000343322754,14.930000305175781,14.420000076293945,14.470000267028809,3129000
2025-05-29,12.898526191711426,14.619999885559082,14.90999984741211,14.619999885559082,14.699999809265137,1874500
2025-05-30,12.766189575195312,14.470000267028809,14.75,14.34000015258789,14.65999984741211,2216800
2025-06-02,12.59856128692627,14.279999732971191,14.930000305175781,14.229999542236328,14.850000381469727,3348400
2025-06-03,13.066155433654785,14.8100004196167,14.869999885559082,14.15999984741211,14.260000228881836,2013500
2025-06-04,12.810301780700684,14.520000457763672,15.020000457763672,14.510000228881836,14.90999984741211,3153300
2025-06-05,12.722076416015625,14.420000076293945,14.739999771118164,14.25,14.510000228881836,1637600
2025-06-06,12.792656898498535,14.5,14.649999618530273,14.34000015258789,14.600000381469727,3362900
2025-06-09,12.64267349243164,14.329999923706055,14.479999542236328,14.079999923706055,14.479999542236328,1740500
2025-06-10,13.083800315856934,14.829999923706055,14.880000114440918,14.319999694824219,14.420000076293945,3894000
2025-06-11,13.436699867248535,15.229999542236328,15.319999694824219,14.710000038146973,14.869999885559082,3792500
2025-06-12,13.366120338439941,15.149999618530273,15.239999771118164,14.800000190734863,14.90999984741211,1895600
2025-06-13,13.72784423828125,15.5600004196167,15.850000381469727,15.359999656677246,15.800000190734863,4505200
2025-06-16,13.674908638000488,15.5,15.75,15.359999656677246,15.600000381469727,2957000
2025-06-17,13.842535972595215,15.6899995803833,16.1299991607666,15.359999656677246,15.649999618530273,4919100
2025-06-18,13.745489120483398,15.579999923706055,15.890000343322754,15.5,15.6899995803833,2934200
2025-06-20,13.930761337280273,15.789999961853027,16.030000686645508,15.520000457763672,15.529999732971191,4710400
2025-06-23,13.604329109191895,15.420000076293945,16.06999969482422,15.399999618530273,15.989999771118164,2844400
2025-06-24,12.969106674194336,14.699999809265137,15.399999618530273,14.649999618530273,15.260000228881836,3435800
2025-06-25,12.64267349243164,14.329999923706055,14.800000190734863,14.239999771118164,14.720000267028809,2062900
2025-06-26,12.819124221801758,14.529999732971191,14.710000038146973,14.329999923706055,14.329999923706055,1730500
2025-06-27,12.64267349243164,14.329999923706055,14.59000015258789,14.260000228881836,14.520000457763672,1570400
2025-06-30,12.64267349243164,14.329999923706055,14.399999618530273,14.210000038146973,14.329999923706055,1541700
2025-07-01,12.969106674194336,14.699999809265137,14.710000038146973,14.229999542236328,14.479999542236328,4169700
2025-07-02,12.91617202758789,14.640000343322754,14.800000190734863,14.550000190734863,14.729999542236328,2265500
2025-07-03,12.977930068969727,14.710000038146973,14.779999732971191,14.510000228881836,14.65999984741211,1990200
2025-07-04,12.960284233093262,14.6899995803833,14.699999809265137,14.5,14.65999984741211,803300
2025-07-07,12.77501106262207,14.479999542236328,14.850000381469727,14.350000381469727,14.800000190734863,1904200
2025-07-08,12.995574951171875,14.729999542236328,14.729999542236328,14.430000305175781,14.430000305175781,2148200
2025-07-09,12.298595428466797,13.9399995803833,14.680000305175781,13.9399995803833,14.65999984741211,5062900
2025-07-10,12.333885192871094,13.979999542236328,14.0,13.510000228881836,13.649999618530273,2690400
2025-07-11,12.766189575195312,14.470000267028809,14.520000457763672,13.949999809265137,14.010000228881836,4717200
2025-07-14,12.651495933532715,14.34000015258789,14.5,14.25,14.5,1838900
2025-07-15,12.430932998657227,14.09000015258789,14.449999809265137,14.029999732971191,14.34000015258789,1691800
2025-07-16,12.342708587646484,13.989999771118164,14.050000190734863,13.649999618530273,14.039999961853027,2970000
2025-07-17,12.280950546264648,13.920000076293945,13.960000038146973,13.770000457763672,13.920000076293945,2132300
2025-07-18,12.122145652770996,13.739999771118164,13.880000114440918,13.649999618530273,13.880000114440918,2230200
2025-07-21,11.963340759277344,13.5600004196167,13.770000457763672,13.489999771118164,13.670000076293945,1320800
2025-07-22,11.733954429626465,13.300000190734863,13.579999923706055,13.229999542236328,13.449999809265137,2495900
2025-07-23,11.954517364501953,13.550000190734863,13.649999618530273,13.260000228881836,13.260000228881836,1461500
2025-07-24,11.831002235412598,13.40999984741211,13.40999984741211,13.180000305175781,13.3100004196167,2779400
2025-07-25,11.778066635131836,13.350000381469727,13.670000076293945,13.350000381469727,13.40999984741211,1716000
2025-07-28,11.760421752929688,13.329999923706055,13.619999885559082,13.270000457763672,13.479999542236328,1876800
2025-07-29,11.963340759277344,13.5600004196167,13.75,13.289999961853027,13.369999885559082,1752800
2025-07-30,12.122145652770996,13.739999771118164,13.899999618530273,13.470000267028809,13.489999771118164,1757500
2025-07-31,11.839824676513672,13.420000076293945,13.699999809265137,13.319999694824219,13.649999618530273,2090100
2025-08-01,11.769244194030762,13.34000015258789,13.640000343322754,13.270000457763672,13.640000343322754,2203900
2025-08-04,11.628084182739258,13.180000305175781,13.380000114440918,13.130000114440918,13.34000015258789,1077900
2025-08-05,11.72513198852539,13.289999961853027,13.34000015258789,13.069999694824219,13.1899995803833,1115400
2025-08-06,11.61043930053711,13.15999984741211,13.470000267028809,13.15999984741211,13.34000015258789,1404400
2025-08-07,11.733954429626465,13.300000190734863,13.489999771118164,13.210000038146973,13.270000457763672,1576900
2025-08-08,11.716309547424316,13.279999732971191,13.5600004196167,13.050000190734863,13.239999771118164,2687300
2025-08-11,11.47810173034668,13.010000228881836,13.399999618530273,13.010000228881836,13.329999923706055,1803400
2025-08-12,11.433988571166992,12.960000038146973,13.319999694824219,12.90999984741211,13.0600004196167,2094700
2025-08-13,11.23989200592041,12.739999771118164,13.010000228881836,12.729999542236328,12.979999542236328,1983100
2025-08-14,11.169312477111816,12.65999984741211,12.819999694824219,12.5600004196167,12.729999542236328,1447300
2025-08-15,11.186958312988281,12.680000305175781,12.729999542236328,12.5,12.65999984741211,1688800
2025-08-18,11.275182723999023,12.779999732971191,13.079999923706055,12.529999732971191,12.649999618530273,2323300
2025-08-19,10.895814895629883,12.350000381469727,12.699999809265137,12.220000267028809,12.649999618530273,4220500
2025-08-20,10.878169059753418,12.329999923706055,12.489999771118164,12.3100004196167,12.4399995803833,2184700
2025-08-21,10.966395378112793,12.430000305175781,12.550000190734863,12.319999694824219,12.350000381469727,2242000
2025-08-22,11.26636028289795,12.770000457763672,12.84000015258789,12.479999542236328,12.479999542236328,1776100
2025-08-25,11.557503700256348,13.100000381469727,13.149999618530273,12.8100004196167,12.8100004196167,3424700
2025-08-26,11.319295883178711,12.829999923706055,13.09000015258789,12.8100004196167,13.020000457763672,1718600
2025-08-27,11.38105297088623,12.899999618530273,12.949999809265137,12.720000267028809,12.859999656677246,2129000
2025-08-28,11.425166130065918,12.949999809265137,13.029999732971191,12.829999923706055,12.979999542236328,2472000
2025-08-29,11.40752124786377,12.930000305175781,12.989999771118164,12.8100004196167,12.989999771118164,4429500
2025-09-01,11.583971977233887,13.130000114440918,13.239999771118164,12.979999542236328,13.010000228881836,1647200
2025-09-02,11.61043930053711,13.15999984741211,13.359999656677246,13.069999694824219,13.109999656677246,2061200
2025-09-03,11.469279289245605,13.0,13.25,13.0,13.119999885559082,1983800
2025-09-04,11.416342735290527,12.9399995803833,13.039999961853027,12.8100004196167,13.010000228881836,1380900
2025-09-05,11.336941719055176,12.850000381469727,13.100000381469727,12.779999732971191,12.930000305175781,2311200
2025-09-08,11.31047248840332,12.819999694824219,13.069999694824219,12.729999542236328,12.949999809265137,2268600
2025-09-09,11.663373947143555,13.220000267028809,13.420000076293945,12.880000114440918,13.0,3480900
2025-09-10,11.531035423278809,13.069999694824219,13.3100004196167,13.039999961853027,13.15999984741211,1573700
2025-09-11,11.469279289245605,13.0,13.109999656677246,12.949999809265137,13.050000190734863,1642800
2025-09-12,11.38105297088623,12.899999618530273,13.210000038146973,12.890000343322754,13.100000381469727,1625900
2025-09-15,11.52221393585205,13.0600004196167,13.09000015258789,12.859999656677246,12.930000305175781,1463500
2025-09-16,11.61043930053711,13.15999984741211,13.229999542236328,13.100000381469727,13.130000114440918,1288800
2025-09-17,11.751598358154297,13.319999694824219,13.380000114440918,13.119999885559082,13.1899995803833,1742200
2025-09-18,11.707487106323242,13.270000457763672,13.359999656677246,13.199999809265137,13.319999694824219,765800
2025-09-19,11.425166130065918,12.949999809265137,13.350000381469727,12.949999809265137,13.350000381469727,2041000
2025-09-22,11.433988571166992,12.960000038146973,13.020000457763672,12.819999694824219,12.949999809265137,1770500
2025-09-23,11.61043930053711,13.15999984741211,13.300000190734863,13.0,13.039999961853027,1484500
2025-09-24,11.575148582458496,13.119999885559082,13.34000015258789,13.020000457763672,13.229999542236328,2286000
2025-09-25,11.504568099975586,13.039999961853027,13.130000114440918,12.960000038146973,13.109999656677246,2446900
2025-09-26,11.469279289245605,13.0,13.180000305175781,12.979999542236328,13.100000381469727,2398400
2025-09-29,11.31047248840332,12.819999694824219,13.0600004196167,12.800000190734863,13.029999732971191,2687700
2025-09-30,11.125199317932129,12.609999656677246,12.829999923706055,12.609999656677246,12.789999961853027,2231100
2025-10-01,11.169312477111816,12.65999984741211,12.720000267028809,12.550000190734863,12.670000076293945,1809700
2025-10-02,10.931105613708496,12.390000343322754,12.699999809265137,12.390000343322754,12.65999984741211,1782800
2025-10-03,10.90463638305664,12.359999656677246,12.520000457763672,12.329999923706055,12.420000076293945,1729100
2025-10-06,10.895814895629883,12.350000381469727,12.579999923706055,12.350000381469727,12.470000267028809,2108400
2025-10-07,10.9928617477417,12.460000038146973,12.460000038146973,12.260000228881836,12.289999961853027,1730100
2025-10-08,10.816411972045898,12.260000228881836,12.550000190734863,12.260000228881836,12.550000190734863,2011100
2025-10-09,10.745831489562988,12.180000305175781,12.380000114440918,12.180000305175781,12.260000228881836,1864200
2025-10-10,10.41939926147461,11.8100004196167,12.260000228881836,11.699999809265137,12.1899995803833,5100300
2025-10-13,10.72818660736084,12.15999984741211,12.420000076293945,11.899999618530273,11.960000038146973,3120100
2025-10-14,10.59584903717041,12.010000228881836,12.210000038146973,11.979999542236328,12.050000190734863,2168700
2025-10-15,10.78994369506836,12.229999542236328,12.270000457763672,12.0,12.010000228881836,3368600
2025-10-16,10.737009048461914,12.170000076293945,12.319999694824219,12.050000190734863,12.149999618530273,2956900
2025-10-17,10.878169059753418,12.329999923706055,12.529999732971191,12.109999656677246,12.220000267028809,2862700
2025-10-20,10.807589530944824,12.25,12.369999885559082,12.239999771118164,12.329999923706055,1588200
2025-10-21,10.816411972045898,12.260000228881836,12.430000305175781,12.239999771118164,12.289999961853027,1499200
2025-10-22,10.984039306640625,12.449999809265137,12.449999809265137,12.239999771118164,12.430000305175781,2107600
2025-10-23,11.125199317932129,12.609999656677246,12.859999656677246,12.4399995803833,12.84000015258789,2771100
2025-10-24,11.010506629943848,12.479999542236328,12.75,12.479999542236328,12.609999656677246,1639800
2025-10-27,11.06344223022461,12.539999961853027,12.640000343322754,12.4399995803833,12.569999694824219,1503700
2025-10-28,11.089910507202148,12.569999694824219,12.670000076293945,12.5,12.539999961853027,1723100
2025-10-29,10.939927101135254,12.399999618530273,12.65999984741211,12.369999885559082,12.619999885559082,1492400
2025-10-30,10.922282218933105,12.380000114440918,12.579999923706055,12.3100004196167,12.3100004196167,1373200
2025-10-31,10.957572937011719,12.420000076293945,12.539999961853027,12.380000114440918,12.479999542236328,1874200
2025-11-03,11.142845153808594,12.630000114440918,12.670000076293945,12.4399995803833,12.4399995803833,2115700
2025-11-04,11.275182723999023,12.779999732971191,12.779999732971191,12.550000190734863,12.550000190734863,2042300
2025-11-05,11.160490036010742,12.649999618530273,12.819999694824219,12.630000114440918,12.779999732971191,4179200
2025-11-06,11.045798301696777,12.520000457763672,12.800000190734863,12.470000267028809,12.640000343322754,3567500
2025-11-07,10.339995384216309,11.720000267028809,12.149999618530273,11.720000267028809,12.140000343322754,11226700
2025-11-10,10.375286102294922,11.760000228881836,11.930000305175781,11.550000190734863,11.829999923706055,5059400
2025-11-11,10.59584903717041,12.010000228881836,12.010000228881836,11.680000305175781,11.8100004196167,5340300
2025-11-12,10.0576753616333,11.399999618530273,12.050000190734863,11.239999771118164,12.050000190734863,10505900
2025-11-13,9.934160232543945,11.260000228881836,11.479999542236328,11.260000228881836,11.380000114440918,5340400
2025-11-14,9.775354385375977,11.079999923706055,11.380000114440918,11.010000228881836,11.359999656677246,6465900
2025-11-17,9.748887062072754,11.050000190734863,11.140000343322754,11.0,11.140000343322754,2831800
2025-11-18,9.934160232543945,11.260000228881836,11.319999694824219,10.920000076293945,11.010000228881836,4722400
2025-11-19,9.722419738769531,11.020000457763672,11.170000076293945,11.0,11.149999618530273,2924800
2025-11-21,9.590081214904785,10.869999885559082,11.029999732971191,10.800000190734863,11.029999732971191,3061700
2025-11-24,9.493033409118652,10.760000228881836,10.949999809265137,10.760000228881836,10.850000381469727,3962400
2025-11-25,9.246002197265625,10.479999542236328,10.729999542236328,10.470000267028809,10.699999809265137,4770600
2025-11-26,9.466565132141113,10.729999542236328,10.729999542236328,10.489999771118164,10.489999771118164,3048900
2025-11-27,9.369518280029297,10.619999885559082,10.789999961853027,10.550000190734863,10.75,2682800
2025-11-28,9.44009780883789,10.699999809265137,10.75,10.529999732971191,10.619999885559082,2592400
2025-12-01,9.26364803314209,10.5,10.859999656677246,10.5,10.8100004196167,4454400
2025-12-02,9.39598560333252,10.649999618530273,10.670000076293945,10.4399995803833,10.550000190734863,5014600
2025-12-03,9.422453880310059,10.680000305175781,10.770000457763672,10.649999618530273,10.699999809265137,4117700
2025-12-04,9.757709503173828,11.0600004196167,11.140000343322754,10.6899995803833,10.729999542236328,8153700
2025-12-05,9.572436332702637,10.850000381469727,11.289999961853027,10.800000190734863,11.09000015258789,4971100
2025-12-08,9.554791450500488,10.829999923706055,11.25,10.829999923706055,10.850000381469727,4925800
2025-12-09,9.554791450500488,10.829999923706055,10.9399995803833,10.699999809265137,10.829999923706055,3642200
2025-12-10,9.581257820129395,10.859999656677246,10.90999984741211,10.630000114440918,10.829999923706055,3480100
2025-12-11,9.378340721130371,10.630000114440918,10.84000015258789,10.609999656677246,10.770000457763672,2281000
2025-12-12,9.448920249938965,10.710000038146973,10.850000381469727,10.670000076293945,10.670000076293945,1779600
2025-12-15,9.493033409118652,10.760000228881836,10.819999694824219,10.6899995803833,10.729999542236328,2201200
2025-12-16,9.184245109558105,10.40999984741211,10.6899995803833,10.399999618530273,10.6899995803833,3865900
2025-12-17,9.32540512084961,10.569999694824219,10.609999656677246,10.420000076293945,10.5,3845900
2025-12-18,9.519501686096191,10.789999961853027,10.979999542236328,10.59000015258789,10.600000381469727,3420300
2025-12-19,9.457743644714355,10.720000267028809,11.239999771118164,10.720000267028809,11.0,6340200
2025-12-22,9.695951461791992,10.989999771118164,11.100000381469727,10.729999542236328,10.920000076293945,3567900
2025-12-23,9.8018217086792,11.109999656677246,11.140000343322754,10.989999771118164,11.050000190734863,2386300
2025-12-26,9.81064510345459,11.119999885559082,11.15999984741211,10.989999771118164,11.09000015258789,2042200
2025-12-29,9.91651439666748,11.239999771118164,11.380000114440918,11.149999618530273,11.170000076293945,2020900
2025-12-30,9.987093925476074,11.319999694824219,11.399999618530273,11.270000457763672,11.3100004196167,2227000
2026-01-02,9.71359634399414,11.010000228881836,11.420000076293945,11.0,11.420000076293945,4043000
2026-01-05,9.775354385375977,11.079999923706055,11.09000015258789,10.800000190734863,11.050000190734863,4399600
2026-01-06,9.775354385375977,11.079999923706055,11.319999694824219,11.050000190734863,11.119999885559082,8714700
2026-01-07,9.704773902893066,11.0,11.119999885559082,10.779999732971191,11.09000015258789,6328600
2026-01-08,9.71359634399414,11.010000228881836,11.079999923706055,10.869999885559082,10.989999771118164,6200200
2026-01-09,9.941182136535645,10.220000267028809,10.319999694824219,10.069999694824219,10.109999656677246,6247300
2026-01-12,10.155179023742676,10.4399995803833,10.4399995803833,10.09000015258789,10.25,5883000
2026-01-13,10.057908058166504,10.34000015258789,10.550000190734863,10.319999694824219,10.550000190734863,7282300
2026-01-14,10.291359901428223,10.579999923706055,10.680000305175781,10.199999809265137,10.399999618530273,5760200
2026-01-15,10.281632423400879,10.569999694824219,10.630000114440918,10.34000015258789,10.40999984741211,3484000
2026-01-16,10.04818058013916,10.329999923706055,10.649999618530273,10.329999923706055,10.579999923706055,4043700
2026-01-19,10.174633979797363,10.460000038146973,10.489999771118164,10.300000190734863,10.350000381469727,2293700
2026-01-20,10.31081485748291,10.600000381469727,10.619999885559082,10.34000015258789,10.479999542236328,2466900
2026-01-21,10.680447578430176,10.979999542236328,10.989999771118164,10.649999618530273,10.680000305175781,4892400
2026-01-22,10.573448181152344,10.869999885559082,11.039999961853027,10.770000457763672,10.970000267028809,4720600
2026-01-23,10.806900978088379,11.109999656677246,11.210000038146973,10.869999885559082,10.899999618530273,4764100
2026-01-26,10.787446975708008,11.09000015258789,11.15999984741211,10.9399995803833,11.109999656677246,3062000
2026-01-27,10.894445419311523,11.199999809265137,11.359999656677246,11.109999656677246,11.170000076293945,3410300
2026-01-28,11.1668062210083,11.479999542236328,11.550000190734863,11.199999809265137,11.279999732971191,3908700
2026-01-29,10.991717338562012,11.300000190734863,11.640000343322754,11.270000457763672,11.550000190734863,3969500
2026-01-30,10.991717338562012,11.300000190734863,11.300000190734863,11.079999923706055,11.260000228881836,2902300
2026-02-02,10.641538619995117,10.9399995803833,11.149999618530273,10.720000267028809,11.050000190734863,7667200
2026-02-03,10.855536460876465,11.15999984741211,11.25,11.039999961853027,11.0600004196167,2953700
2026-02-04,10.524812698364258,10.819999694824219,11.1899995803833,10.770000457763672,11.170000076293945,2914400
2026-02-05,10.388632774353027,10.680000305175781,10.90999984741211,10.609999656677246,10.819999694824219,3203700
2026-02-06,10.466449737548828,10.760000228881836,10.760000228881836,10.539999961853027,10.699999809265137,2591900
2026-02-09,10.641538619995117,10.9399995803833,10.949999809265137,10.670000076293945,10.800000190734863,2299100
2026-02-10,10.719356536865234,11.020000457763672,11.069999694824219,10.930000305175781,10.949999809265137,2636600
2026-02-11,10.699901580810547,11.0,11.140000343322754,10.920000076293945,11.09000015258789,3736900
2026-02-12,10.339996337890625,10.630000114440918,11.010000228881836,10.630000114440918,11.0,3402200
2026-02-13,10.553994178771973,10.850000381469727,10.949999809265137,10.510000228881836,10.600000381469727,3649000
2026-02-18,10.933354377746582,11.239999771118164,11.479999542236328,10.90999984741211,10.90999984741211,3936500
2026-02-19,11.059807777404785,11.369999885559082,11.579999923706055,11.260000228881836,11.300000190734863,4548600
2026-02-20,11.371077537536621,11.6899995803833,11.729999542236328,11.300000190734863,11.34000015258789,5439000
2026-02-23,11.264078140258789,11.579999923706055,11.899999618530273,11.479999542236328,11.699999809265137,3103300
2026-02-24,11.662893295288086,11.989999771118164,11.989999771118164,11.579999923706055,11.579999923706055,4251700
2026-02-25,11.643439292907715,11.970000267028809,12.09000015258789,11.739999771118164,12.0,4501100
2026-02-26,11.925527572631836,12.260000228881836,12.300000190734863,11.84000015258789,11.930000305175781,5243800
2026-02-27,11.98388957977295,12.319999694824219,12.399999618530273,12.1899995803833,12.260000228881836,2934800
2026-03-02,12.38270378112793,12.729999542236328,12.920000076293945,12.380000114440918,12.890000343322754,10057700
2026-03-03,11.964435577392578,12.300000190734863,13.0,12.300000190734863,12.899999618530273,8231500
2026-03-04,12.158979415893555,12.5,12.529999732971191,12.149999618530273,12.4399995803833,5423200
2026-03-05,12.499431610107422,12.850000381469727,12.859999656677246,12.539999961853027,12.579999923706055,7456000
2026-03-06,12.518885612487793,12.869999885559082,13.050000190734863,12.770000457763672,12.890000343322754,6800800
2026-03-09,12.50915813446045,12.859999656677246,13.270000457763672,12.680000305175781,13.199999809265137,8232300
2026-03-10,12.538339614868164,12.890000343322754,12.890000343322754,12.510000228881836,12.65999984741211,4773500
2026-03-11,12.538339614868164,12.890000343322754,13.199999809265137,12.829999923706055,12.869999885559082,3923400
2026-03-12,12.50915813446045,12.859999656677246,13.0600004196167,12.699999809265137,13.010000228881836,4043800
2026-03-13,12.489704132080078,12.84000015258789,13.010000228881836,12.710000038146973,12.800000190734863,3355800
2026-03-16,12.7717924118042,13.130000114440918,13.1899995803833,12.699999809265137,12.899999618530273,2901900
2026-03-17,13.277605056762695,13.649999618530273,13.779999732971191,13.149999618530273,13.149999618530273,3758000
2026-03-18,13.365150451660156,13.739999771118164,13.949999809265137,13.479999542236328,13.649999618530273,4469400
2026-03-19,13.063608169555664,13.430000305175781,13.800000190734863,13.149999618530273,13.640000343322754,7130600
2026-03-20,12.372978210449219,12.720000267028809,13.390000343322754,12.520000457763672,13.3100004196167,7345300
2026-03-23,12.723155975341797,13.079999923706055,13.1899995803833,12.359999656677246,12.449999809265137,3841800
2026-03-24,12.73288345336914,13.09000015258789,13.300000190734863,12.960000038146973,13.100000381469727,2887500
2026-03-25,12.907973289489746,13.270000457763672,13.470000267028809,12.880000114440918,12.899999618530273,3058700
2026-03-26,12.937154769897461,13.300000190734863,13.59000015258789,13.199999809265137,13.239999771118164,2003600
2026-03-27,13.209515571594238,13.579999923706055,13.6899995803833,13.319999694824219,13.319999694824219,4322900
2026-03-30,13.56942081451416,13.949999809265137,14.260000228881836,13.6899995803833,13.699999809265137,4813100
2026-03-31,13.647238731384277,14.029999732971191,14.229999542236328,13.729999542236328,14.079999923706055,5068600
2026-04-01,13.22896957397461,13.600000381469727,14.020000457763672,13.25,13.8100004196167,4034300
2026-04-02,13.326241493225098,13.699999809265137,14.1899995803833,13.630000114440918,14.0,8311600
2026-04-06,13.51105785369873,13.890000343322754,14.119999885559082,13.600000381469727,13.670000076293945,6196400
2026-04-07,13.71532917022705,14.100000381469727,14.149999618530273,13.739999771118164,13.960000038146973,3805200
2026-04-08,13.394331932067871,13.770000457763672,13.789999961853027,13.0,13.0600004196167,4471700
2026-04-09,13.608329772949219,13.989999771118164,14.130000114440918,13.670000076293945,14.050000190734863,2912800
2026-04-10,13.909873008728027,14.300000190734863,14.430000305175781,13.880000114440918,13.989999771118164,3268600
2026-04-13,13.472149848937988,13.850000381469727,14.640000343322754,13.829999923706055,14.449999809265137,3836500
2026-04-14,13.297060012817383,13.670000076293945,13.949999809265137,13.5600004196167,13.739999771118164,5138200
2026-04-15,13.141425132751465,13.510000228881836,13.680000305175781,13.430000305175781,13.680000305175781,1806500
2026-04-16,13.209515571594238,13.579999923706055,13.760000228881836,13.460000038146973,13.609999656677246,1520300
2026-04-17,12.664793014526367,13.020000457763672,13.5,12.760000228881836,13.399999618530273,4298900
2026-04-20,12.742610931396484,13.100000381469727,13.3100004196167,12.960000038146973,13.15999984741211,2635000
2026-04-22,13.22896957397461,13.600000381469727,13.739999771118164,13.170000076293945,13.199999809265137,3771700
2026-04-23,13.267878532409668,13.640000343322754,13.8100004196167,13.5,13.5600004196167,1886400
2026-04-24,13.102516174316406,13.470000267028809,13.59000015258789,13.319999694824219,13.5600004196167,1722200
2026-04-27,12.742610931396484,13.100000381469727,13.59000015258789,12.970000267028809,13.40999984741211,4114000
2026-04-28,12.596702575683594,12.949999809265137,13.260000228881836,12.90999984741211,13.109999656677246,1577200
2026-04-29,12.45079517364502,12.800000190734863,13.210000038146973,12.75,13.109999656677246,3855900
2026-04-30,12.606430053710938,12.960000038146973,12.979999542236328,12.479999542236328,12.5,2166800
2026-05-04,12.441067695617676,12.789999961853027,13.029999732971191,12.739999771118164,12.979999542236328,1741300
2026-05-05,12.548066139221191,12.899999618530273,13.069999694824219,12.520000457763672,12.539999961853027,2307600
2026-05-06,12.304886817932129,12.649999618530273,12.789999961853027,12.59000015258789,12.710000038146973,2030400
2026-05-07,11.789346694946289,12.119999885559082,12.720000267028809,12.09000015258789,12.550000190734863,2723000
2026-05-08,12.090889930725098,12.430000305175781,12.789999961853027,12.300000190734863,12.5,2673200
2026-05-11,11.847709655761719,12.180000305175781,12.569999694824219,12.0,12.40999984741211,2755200
2026-05-12,11.886618614196777,12.220000267028809,12.329999923706055,12.020000457763672,12.220000267028809,2204500
2026-05-13,11.633711814880371,11.960000038146973,12.319999694824219,11.9399995803833,12.319999694824219,2435700
2026-05-14,11.701801300048828,12.029999732971191,12.140000343322754,12.0,12.020000457763672,1566700
2026-05-15,11.828254699707031,12.15999984741211,12.270000457763672,11.930000305175781,12.020000457763672,2253700
2026-05-18,12.149251937866211,12.489999771118164,12.520000457763672,12.130000114440918,12.260000228881836,2659100
2026-05-19,11.829999923706055,11.829999923706055,12.180000305175781,11.819999694824219,11.949999809265137,2669500
2026-05-20,12.1899995803833,12.1899995803833,12.239999771118164,11.739999771118164,11.789999961853027,2676300
2026-05-21,12.220000267028809,12.220000267028809,12.369999885559082,11.970000267028809,12.220000267028809,2660000
2026-05-22,12.3100004196167,12.3100004196167,12.350000381469727,12.069999694824219,12.1899995803833,1249400
2026-05-25,12.350000381469727,12.350000381469727,12.550000190734863,12.1899995803833,12.199999809265137,2435700
2026-05-26,11.899999618530273,11.899999618530273,12.40999984741211,11.720000267028809,12.3100004196167,3190100
2026-05-27,11.8100004196167,11.8100004196167,12.020000457763672,11.729999542236328,11.899999618530273,1581100
2026-05-28,11.579999923706055,11.579999923706055,12.010000228881836,11.529999732971191,11.930000305175781,2028200
2026-05-29,11.369999885559082,11.369999885559082,11.630000114440918,11.050000190734863,11.539999961853027,2583400
2026-06-01,11.220000267028809,11.220000267028809,11.489999771118164,10.949999809265137,11.399999618530273,3586400
2026-06-02,11.100000381469727,11.100000381469727,11.34000015258789,11.050000190734863,11.300000190734863,1667700
2026-06-03,10.869999885559082,10.869999885559082,11.140000343322754,10.869999885559082,11.09000015258789,2095600
2026-06-05,10.779999732971191,10.779999732971191,11.029999732971191,10.720000267028809,10.979999542236328,1512400
2026-06-08,10.819999694824219,10.819999694824219,10.890000343322754,10.760000228881836,10.829999923706055,1317500
2026-06-09,10.739999771118164,10.739999771118164,10.949999809265137,10.640000343322754,10.880000114440918,2187000
2026-06-10,10.489999771118164,10.489999771118164,10.829999923706055,10.489999771118164,10.720000267028809,2300700
2026-06-11,11.109999656677246,11.109999656677246,11.460000038146973,10.8100004196167,10.930000305175781,7113200
2026-06-12,10.930000305175781,10.930000305175781,11.170000076293945,10.739999771118164,10.989999771118164,3266600
2026-06-15,10.220000267028809,10.220000267028809,10.90999984741211,10.210000038146973,10.880000114440918,4042900
2026-06-16,10.0,10.0,10.180000305175781,9.930000305175781,10.149999618530273,2690200
2026-06-17,9.90999984741211,9.90999984741211,10.149999618530273,9.899999618530273,10.039999961853027,2797800
2026-06-18,10.0,10.0,10.029999732971191,9.789999961853027,9.899999618530273,1900400
2026-06-19,10.180000305175781,10.180000305175781,10.289999961853027,9.970000267028809,10.050000190734863,2343600
2026-06-22,10.119999885559082,10.119999885559082,10.260000228881836,10.010000228881836,10.210000038146973,1943300
2026-06-23,10.109999656677246,10.109999656677246,10.15999984741211,9.989999771118164,10.010000228881836,1521300
2026-06-24,9.989999771118164,9.989999771118164,10.079999923706055,9.899999618530273,10.050000190734863,2218600
2026-06-25,9.979999542236328,9.979999542236328,10.109999656677246,9.979999542236328,10.0,1762200
2026-06-26,10.020000457763672,10.020000457763672,10.100000381469727,9.899999618530273,9.90999984741211,1518400
