Price,Adj Close,Close,High,Low,Open,Volume
Ticker,SUZB3.SA,SUZB3.SA,SUZB3.SA,SUZB3.SA,SUZB3.SA,SUZB3.SA
Date,,,,,,
2021-08-02,47.6060676574707,54.52000045776367,55.59000015258789,54.11000061035156,54.540000915527344,7065400
2021-08-03,47.981536865234375,54.95000076293945,55.130001068115234,53.900001525878906,54.29999923706055,6445100
2021-08-04,48.112510681152344,55.099998474121094,56.459999084472656,54.61000061035156,54.61000061035156,6536700
2021-08-05,47.64972686767578,54.56999969482422,55.25,53.83000183105469,55.25,6001500
2021-08-06,47.41395950317383,54.29999923706055,55.25,54.06999969482422,54.349998474121094,3335300
2021-08-09,49.221458435058594,56.369998931884766,56.81999969482422,54.5,54.86000061035156,8589300
2021-08-10,49.62312316894531,56.83000183105469,57.560001373291016,56.0,56.13999938964844,6153300
2021-08-11,49.33496856689453,56.5,57.08000183105469,55.849998474121094,56.849998474121094,6159800
2021-08-12,48.6451530456543,55.709999084472656,57.08000183105469,55.0,56.65999984741211,10070100
2021-08-13,49.60565948486328,56.810001373291016,57.779998779296875,55.220001220703125,55.5,7119500
2021-08-16,50.39152526855469,57.709999084472656,58.04999923706055,56.439998626708984,56.70000076293945,8486500
2021-08-17,50.03352355957031,57.29999923706055,58.650001525878906,56.72999954223633,57.470001220703125,7176900
2021-08-18,49.01189422607422,56.130001068115234,57.84000015258789,56.099998474121094,57.290000915527344,7916000
2021-08-19,48.618961334228516,55.68000030517578,56.54999923706055,54.5,56.5,9409000
2021-08-20,49.64058303833008,56.849998474121094,57.220001220703125,55.5,56.099998474121094,12823200
2021-08-23,50.19069290161133,57.47999954223633,58.22999954223633,56.040000915527344,56.040000915527344,7276300
2021-08-24,51.56159591674805,59.04999923706055,59.400001525878906,57.900001525878906,58.0,7618300
2021-08-25,54.36452102661133,62.2599983215332,62.400001525878906,58.58000183105469,58.81999969482422,11919800
2021-08-26,53.86680603027344,61.689998626708984,62.90999984741211,61.40999984741211,62.06999969482422,7756600
2021-08-27,54.050174713134766,61.900001525878906,62.34000015258789,60.459999084472656,61.369998931884766,5954000
2021-08-30,53.718360900878906,61.52000045776367,61.959999084472656,61.150001525878906,61.599998474121094,3909100
2021-08-31,53.26430892944336,61.0,61.66999816894531,60.34000015258789,61.369998931884766,6482500
2021-09-01,53.43894577026367,61.20000076293945,61.90999984741211,60.20000076293945,61.29999923706055,4756700
2021-09-02,53.03727722167969,60.7400016784668,62.61000061035156,60.34000015258789,61.4900016784668,7669700
2021-09-03,53.88426971435547,61.709999084472656,62.29999923706055,60.41999816894531,60.900001525878906,7717900
2021-09-06,53.68343734741211,61.47999954223633,62.27000045776367,60.79999923706055,62.27000045776367,2260000
2021-09-08,54.65266799926758,62.59000015258789,63.20000076293945,61.029998779296875,61.54999923706055,11299700
2021-09-09,54.35578536987305,62.25,63.93000030517578,62.25,62.7599983215332,10273100
2021-09-10,52.96742630004883,60.65999984741211,62.869998931884766,60.27000045776367,62.869998931884766,8502400
2021-09-13,52.32126235961914,59.91999816894531,60.95000076293945,59.209999084472656,60.779998779296875,6230100
2021-09-14,52.434776306152344,60.04999923706055,61.060001373291016,59.470001220703125,60.02000045776367,5212100
2021-09-15,50.74953079223633,58.119998931884766,59.790000915527344,57.630001068115234,59.540000915527344,11753300
2021-09-16,47.83309555053711,54.779998779296875,58.189998626708984,54.70000076293945,58.189998626708984,12888900
2021-09-17,45.93828201293945,52.61000061035156,55.0,52.5,54.9900016784668,18829400
2021-09-20,44.8468017578125,51.36000061035156,51.880001068115234,50.310001373291016,51.0,10339600
2021-09-21,45.361976623535156,51.95000076293945,52.41999816894531,50.529998779296875,52.09000015258789,8141900
2021-09-22,47.01230239868164,53.84000015258789,54.70000076293945,52.83000183105469,53.630001068115234,9946400
2021-09-23,48.749942779541016,55.83000183105469,56.189998626708984,53.470001220703125,54.0099983215332,8512000
2021-09-24,48.46178436279297,55.5,56.33000183105469,54.959999084472656,54.959999084472656,6816700
2021-09-27,48.01647186279297,54.9900016784668,55.599998474121094,54.41999816894531,55.369998931884766,3434200
2021-09-28,46.75907516479492,53.54999923706055,55.16999816894531,53.189998626708984,55.16999816894531,17678900
2021-09-29,47.152008056640625,54.0,54.630001068115234,53.45000076293945,54.189998626708984,4429500
2021-09-30,47.6060676574707,54.52000045776367,55.84000015258789,53.63999938964844,53.650001525878906,6618600
2021-10-01,45.816036224365234,52.470001220703125,53.68000030517578,52.099998474121094,53.66999816894531,8591400
2021-10-04,44.81187057495117,51.31999969482422,52.349998474121094,51.150001525878906,52.33000183105469,5986900
2021-10-05,43.964881896972656,50.349998474121094,51.630001068115234,50.220001220703125,51.369998931884766,7305500
2021-10-06,43.38858413696289,49.689998626708984,50.63999938964844,49.599998474121094,50.04999923706055,9063300
2021-10-07,43.16154479980469,49.43000030517578,50.20000076293945,48.689998626708984,49.7599983215332,14061400
2021-10-08,43.056766510009766,49.310001373291016,50.119998931884766,49.20000076293945,49.79999923706055,7108400
2021-10-11,43.83390426635742,50.20000076293945,51.08000183105469,48.81999969482422,49.400001525878906,6474500
2021-10-13,44.523719787597656,50.9900016784668,51.880001068115234,50.20000076293945,50.9900016784668,6959900
2021-10-14,43.537017822265625,49.86000061035156,51.33000183105469,49.27000045776367,51.189998626708984,7462000
2021-10-15,44.45386505126953,50.90999984741211,52.4900016784668,50.040000915527344,50.459999084472656,11372700
2021-10-18,43.4846305847168,49.79999923706055,50.58000183105469,49.45000076293945,50.20000076293945,5658900
2021-10-19,42.550323486328125,48.72999954223633,50.33000183105469,48.13999938964844,49.11000061035156,7958900
2021-10-20,42.358219146728516,48.5099983215332,49.41999816894531,48.0,48.689998626708984,4589500
2021-10-21,42.96072006225586,49.20000076293945,49.439998626708984,47.130001068115234,47.88999938964844,15841200
2021-10-22,46.104183197021484,52.79999923706055,54.0,49.720001220703125,49.79999923706055,27965900
2021-10-25,44.942848205566406,51.470001220703125,52.97999954223633,50.81999969482422,52.97999954223633,7603800
2021-10-26,44.05220031738281,50.45000076293945,52.04999923706055,50.310001373291016,51.16999816894531,10917600
2021-10-27,42.24470520019531,48.380001068115234,50.97999954223633,47.959999084472656,50.97999954223633,13984900
2021-10-28,42.707496643066406,48.90999984741211,49.45000076293945,48.400001525878906,49.099998474121094,4698200
2021-10-29,42.986915588378906,49.22999954223633,50.900001525878906,48.81999969482422,48.81999969482422,18184600
2021-11-01,42.707496643066406,48.90999984741211,49.77000045776367,47.900001525878906,49.77000045776367,6362700
2021-11-03,43.45843505859375,49.77000045776367,49.9900016784668,48.91999816894531,49.189998626708984,6800600
2021-11-04,43.04804229736328,49.29999923706055,50.41999816894531,48.650001525878906,49.77000045776367,5394100
2021-11-05,43.09169387817383,49.349998474121094,50.130001068115234,48.33000183105469,48.79999923706055,4996000
2021-11-08,43.327449798583984,49.619998931884766,50.61000061035156,48.86000061035156,49.0,5246300
2021-11-09,42.78607940673828,49.0,50.099998474121094,48.540000915527344,49.63999938964844,5354600
2021-11-10,42.567787170410156,48.75,49.400001525878906,48.04999923706055,48.9900016784668,5593800
2021-11-11,44.26176452636719,50.689998626708984,51.459999084472656,49.08000183105469,49.68000030517578,7665500
2021-11-12,44.85552978515625,51.369998931884766,52.540000915527344,50.20000076293945,50.20000076293945,6028900
2021-11-16,46.42726135253906,53.16999816894531,53.36000061035156,51.529998779296875,51.84000015258789,8356700
2021-11-17,45.76364517211914,52.40999984741211,53.68000030517578,52.029998779296875,53.33000183105469,6950700
2021-11-18,45.5715446472168,52.189998626708984,52.95000076293945,51.900001525878906,52.88999938964844,6957400
2021-11-19,46.785274505615234,53.58000183105469,55.0,52.279998779296875,52.59000015258789,8963100
2021-11-22,45.80730056762695,52.459999084472656,53.70000076293945,52.08000183105469,53.58000183105469,3438400
2021-11-23,46.41853332519531,53.15999984741211,53.689998626708984,52.18000030517578,52.63999938964844,6744200
2021-11-24,47.6060676574707,54.52000045776367,54.95000076293945,52.790000915527344,53.029998779296875,5218600
2021-11-25,47.7894287109375,54.72999954223633,55.5,53.95000076293945,54.720001220703125,5926400
2021-11-26,47.85928726196289,54.810001373291016,56.2599983215332,54.2400016784668,54.5,8301500
2021-11-29,48.61022186279297,55.66999816894531,57.0,54.68000030517578,55.400001525878906,7664300
2021-11-30,49.038089752197266,56.15999984741211,57.470001220703125,54.5,55.84000015258789,11290600
2021-12-01,50.688411712646484,58.04999923706055,59.4900016784668,56.29999923706055,56.88999938964844,10871500
2021-12-02,50.644744873046875,58.0,59.189998626708984,55.560001373291016,59.099998474121094,10328600
2021-12-03,49.858882904052734,57.099998474121094,59.43000030517578,56.11000061035156,58.0,8983600
2021-12-06,50.53123474121094,57.869998931884766,59.18000030517578,57.15999984741211,57.2599983215332,6317600
2021-12-07,50.924171447753906,58.31999969482422,58.68000030517578,57.56999969482422,58.59000015258789,6024700
2021-12-08,51.21232223510742,58.650001525878906,59.150001525878906,58.02000045776367,58.72999954223633,4342800
2021-12-09,50.566162109375,57.90999984741211,58.47999954223633,57.09000015258789,58.189998626708984,5160500
2021-12-10,51.08134460449219,58.5,59.279998779296875,57.79999923706055,58.2400016784668,4271300
2021-12-13,50.4002571105957,57.720001220703125,59.099998474121094,57.689998626708984,58.619998931884766,4933000
2021-12-14,50.513771057128906,57.849998474121094,59.459999084472656,57.58000183105469,58.310001373291016,5352800
2021-12-15,51.308372497558594,58.7599983215332,59.099998474121094,57.79999923706055,58.20000076293945,5151000
2021-12-16,52.66181182861328,60.310001373291016,60.43000030517578,58.5,58.97999954223633,6738500
2021-12-17,53.70962905883789,61.5099983215332,61.95000076293945,60.31999969482422,60.86000061035156,12160200
2021-12-20,52.29507064819336,59.88999938964844,61.349998474121094,59.52000045776367,60.91999816894531,5947400
2021-12-21,52.38239288330078,59.9900016784668,60.5099983215332,59.63999938964844,59.88999938964844,3534000
2021-12-22,52.068050384521484,59.630001068115234,60.099998474121094,58.709999084472656,60.099998474121094,3114600
2021-12-23,52.55702209472656,60.189998626708984,61.27000045776367,59.599998474121094,59.599998474121094,3214100
2021-12-27,52.6879997253418,60.34000015258789,60.97999954223633,59.91999816894531,60.38999938964844,2710800
2021-12-28,52.094234466552734,59.65999984741211,60.58000183105469,59.41999816894531,60.58000183105469,1782600
2021-12-29,51.5528678894043,59.040000915527344,59.88999938964844,58.939998626708984,59.779998779296875,2623900
2021-12-30,52.4871711730957,60.11000061035156,60.400001525878906,59.029998779296875,59.75,4580300
2022-01-03,52.033119201660156,59.59000015258789,60.72999954223633,59.0099983215332,60.34000015258789,5293500
2022-01-04,53.16825866699219,60.88999938964844,61.13999938964844,59.34000015258789,60.0,5301300
2022-01-05,52.565757751464844,60.20000076293945,61.369998931884766,59.849998474121094,61.0,5773300
2022-01-06,52.146629333496094,59.720001220703125,60.75,59.45000076293945,60.31999969482422,4225400
2022-01-07,51.7973518371582,59.31999969482422,59.88999938964844,58.83000183105469,59.810001373291016,3766200
2022-01-10,51.67510986328125,59.18000030517578,61.290000915527344,58.20000076293945,59.38999938964844,5913300
2022-01-11,51.9807243347168,59.529998779296875,60.439998626708984,57.900001525878906,59.18000030517578,7213600
2022-01-12,53.80568313598633,61.619998931884766,61.880001068115234,59.16999816894531,59.529998779296875,11212400
2022-01-13,54.60028076171875,62.529998779296875,62.689998626708984,61.5099983215332,61.88999938964844,6081300
2022-01-14,54.80984878540039,62.77000045776367,63.41999816894531,62.150001525878906,62.310001373291016,4917500
2022-01-17,54.1636848449707,62.029998779296875,62.5,61.81999969482422,62.369998931884766,2291700
2022-01-18,54.87969970703125,62.849998474121094,62.849998474121094,61.47999954223633,62.279998779296875,5041400
2022-01-19,54.65099334716797,61.849998474121094,62.959999084472656,61.5099983215332,62.54999923706055,7763800
2022-01-20,53.290245056152344,60.310001373291016,62.470001220703125,60.0099983215332,62.09000015258789,8875200
2022-01-21,52.654052734375,59.59000015258789,60.75,59.40999984741211,60.290000915527344,6178000
2022-01-24,51.443504333496094,58.220001220703125,59.599998474121094,57.650001525878906,59.45000076293945,4938200
2022-01-25,50.10926055908203,56.709999084472656,58.08000183105469,55.849998474121094,57.849998474121094,9856100
2022-01-26,49.1638069152832,55.63999938964844,57.2400016784668,55.400001525878906,56.720001220703125,8945300
2022-01-27,51.68207931518555,58.4900016784668,58.689998626708984,55.68000030517578,55.75,12534400
2022-01-28,52.39780044555664,59.29999923706055,59.68000030517578,57.02000045776367,57.86000061035156,7168200
2022-01-31,52.3094367980957,59.20000076293945,60.459999084472656,58.529998779296875,59.540000915527344,6702200
2022-02-01,52.69822311401367,59.63999938964844,60.5,58.75,58.7599983215332,5350300
2022-02-02,52.37129211425781,59.27000045776367,60.31999969482422,59.27000045776367,59.63999938964844,3205500
2022-02-03,52.194576263427734,59.06999969482422,60.04999923706055,58.81999969482422,59.5099983215332,4204800
2022-02-04,53.52881622314453,60.58000183105469,60.880001068115234,58.130001068115234,59.04999923706055,5315500
2022-02-07,53.5023078918457,60.54999923706055,61.13999938964844,60.189998626708984,60.40999984741211,2669800
2022-02-08,53.42277908325195,60.459999084472656,61.119998931884766,59.38999938964844,59.970001220703125,3422900
2022-02-09,53.546485900878906,60.599998474121094,61.810001373291016,60.20000076293945,61.09000015258789,5571600
2022-02-10,51.56721496582031,58.36000061035156,61.0,57.709999084472656,61.0,14072000
2022-02-11,51.001705169677734,57.720001220703125,58.849998474121094,57.29999923706055,58.5099983215332,7320300
2022-02-14,51.56721496582031,58.36000061035156,58.72999954223633,57.27000045776367,57.400001525878906,4581700
2022-02-15,50.60408020019531,57.27000045776367,58.9900016784668,57.2400016784668,58.56999969482422,5350400
2022-02-16,50.612918853759766,57.279998779296875,58.09000015258789,57.20000076293945,57.279998779296875,5240100
2022-02-17,51.16958999633789,57.90999984741211,58.2400016784668,56.9900016784668,57.43000030517578,4502200
2022-02-18,50.40085220336914,57.040000915527344,59.470001220703125,56.81999969482422,58.40999984741211,5807100
2022-02-21,50.303653717041016,56.93000030517578,58.08000183105469,56.58000183105469,56.88999938964844,3820800
2022-02-22,50.330162048339844,56.959999084472656,57.91999816894531,56.66999816894531,57.25,3680700
2022-02-23,47.255218505859375,53.47999954223633,57.04999923706055,52.9900016784668,57.029998779296875,18659300
2022-02-24,47.65283966064453,53.93000030517578,54.349998474121094,52.099998474121094,52.099998474121094,6712200
2022-02-25,48.66014862060547,55.06999969482422,55.22999954223633,53.189998626708984,54.0,8165300
2022-03-02,48.59830093383789,55.0,55.779998779296875,54.66999816894531,55.13999938964844,4584400
2022-03-03,47.47611618041992,53.72999954223633,55.20000076293945,52.709999084472656,54.72999954223633,9257400
2022-03-04,50.657100677490234,57.33000183105469,57.33000183105469,53.91999816894531,53.9900016784668,10052000
2022-03-07,51.319801330566406,58.08000183105469,59.06999969482422,56.61000061035156,57.20000076293945,9349500
2022-03-08,51.19609451293945,57.939998626708984,59.29999923706055,57.279998779296875,57.88999938964844,7807100
2022-03-09,52.20341110229492,59.08000183105469,59.83000183105469,56.27000045776367,57.869998931884766,7254500
2022-03-10,53.74972152709961,60.83000183105469,60.9900016784668,58.0,58.0,6825500
2022-03-11,53.970619201660156,61.08000183105469,62.56999969482422,60.29999923706055,60.79999923706055,7109200
2022-03-14,52.857276916503906,59.81999969482422,61.20000076293945,59.470001220703125,60.959999084472656,6088300
2022-03-15,51.743934631347656,58.560001373291016,59.91999816894531,57.36000061035156,59.90999984741211,7135200
2022-03-16,53.55532455444336,60.61000061035156,61.279998779296875,58.77000045776367,59.0,7755900
2022-03-17,54.42125701904297,61.59000015258789,62.099998474121094,60.7599983215332,60.9900016784668,7321400
2022-03-18,56.77164840698242,64.25,64.55999755859375,61.560001373291016,61.88999938964844,12029300
2022-03-21,54.66866683959961,61.869998931884766,64.16999816894531,61.810001373291016,64.16999816894531,9093500
2022-03-22,54.13850402832031,61.27000045776367,62.75,60.63999938964844,62.439998626708984,6451000
2022-03-23,52.848445892333984,59.810001373291016,61.470001220703125,59.59000015258789,61.34000015258789,7550700
2022-03-24,53.34326171875,60.369998931884766,61.279998779296875,59.72999954223633,60.29999923706055,7625100
2022-03-25,50.14460372924805,56.75,60.380001068115234,56.75,60.380001068115234,13470900
2022-03-28,50.807315826416016,57.5,57.65999984741211,56.630001068115234,57.279998779296875,5190000
2022-03-29,50.100425720214844,56.70000076293945,57.900001525878906,56.5099983215332,57.56999969482422,6750900
2022-03-30,50.51572036743164,57.16999816894531,57.56999969482422,56.11000061035156,56.88999938964844,5188000
2022-03-31,48.73084259033203,55.150001525878906,57.54999923706055,55.150001525878906,57.54999923706055,7851400
2022-04-01,47.90024948120117,54.209999084472656,55.630001068115234,53.849998474121094,55.4900016784668,10746000
2022-04-04,47.82072448730469,54.119998931884766,54.81999969482422,53.810001373291016,54.38999938964844,5450100
2022-04-05,47.864906311035156,54.16999816894531,55.459999084472656,53.91999816894531,54.790000915527344,6634800
2022-04-06,48.89872741699219,55.34000015258789,55.7599983215332,54.189998626708984,54.189998626708984,7346500
2022-04-07,48.12998962402344,54.470001220703125,55.380001068115234,54.290000915527344,55.31999969482422,5138700
2022-04-08,48.156497955322266,54.5,55.45000076293945,53.52000045776367,54.22999954223633,4374700
2022-04-11,47.8825798034668,54.189998626708984,54.9900016784668,54.150001525878906,54.52000045776367,3551700
2022-04-12,47.27288818359375,53.5,54.47999954223633,53.380001068115234,54.18000030517578,3956800
2022-04-13,47.52913284301758,53.790000915527344,54.0,53.2599983215332,53.83000183105469,4338400
2022-04-14,47.370086669921875,53.61000061035156,54.189998626708984,53.08000183105469,53.88999938964844,4314000
2022-04-18,46.03583908081055,52.099998474121094,53.349998474121094,51.75,53.349998474121094,6699300
2022-04-19,46.38044738769531,52.4900016784668,52.560001373291016,51.630001068115234,52.060001373291016,4035700
2022-04-20,45.93864822387695,51.9900016784668,52.79999923706055,51.880001068115234,52.25,3794800
2022-04-22,45.56753158569336,51.56999969482422,52.060001373291016,51.08000183105469,51.7400016784668,7114800
2022-04-25,45.7265739440918,51.75,52.150001525878906,50.45000076293945,51.720001220703125,5304300
2022-04-26,44.798789978027344,50.70000076293945,52.95000076293945,50.70000076293945,51.75,9022600
2022-04-27,44.710426330566406,50.599998474121094,51.959999084472656,50.310001373291016,51.459999084472656,7816000
2022-04-28,45.046207427978516,50.97999954223633,51.22999954223633,49.79999923706055,50.77000045776367,5384100
2022-04-29,43.83566665649414,49.61000061035156,52.08000183105469,49.61000061035156,51.810001373291016,9776800
2022-05-02,45.125728607177734,51.06999969482422,51.06999969482422,49.2599983215332,49.68000030517578,7950100
2022-05-03,45.29361343383789,51.2599983215332,52.47999954223633,50.86000061035156,51.06999969482422,6934000
2022-05-04,45.912132263183594,51.959999084472656,52.20000076293945,51.029998779296875,51.29999923706055,7085700
2022-05-05,47.148094177246094,52.75,53.150001525878906,51.279998779296875,51.4900016784668,8642900
2022-05-06,46.298980712890625,51.79999923706055,53.630001068115234,51.4900016784668,52.880001068115234,6975600
2022-05-09,45.02083969116211,50.369998931884766,51.66999816894531,50.290000915527344,51.54999923706055,4927200
2022-05-10,43.841026306152344,49.04999923706055,50.7599983215332,48.84000015258789,50.540000915527344,5088800
2022-05-11,44.01084899902344,49.2400016784668,50.119998931884766,48.15999984741211,48.84000015258789,4409500
2022-05-12,43.572879791259766,48.75,49.459999084472656,48.40999984741211,49.459999084472656,4629100
2022-05-13,46.10234832763672,51.58000183105469,51.97999954223633,49.36000061035156,49.400001525878906,12326700
2022-05-16,45.8878288269043,51.34000015258789,52.459999084472656,50.90999984741211,51.900001525878906,3664600
2022-05-17,47.0229606628418,52.61000061035156,52.72999954223633,51.689998626708984,51.70000076293945,5431200
2022-05-18,45.51243209838867,50.91999816894531,52.95000076293945,50.75,52.79999923706055,4600100
2022-05-19,45.36048889160156,50.75,51.15999984741211,50.43000030517578,50.88999938964844,3303100
2022-05-20,45.896766662597656,51.349998474121094,52.900001525878906,50.599998474121094,51.79999923706055,8006600
2022-05-23,46.55818557739258,52.09000015258789,52.279998779296875,51.20000076293945,51.779998779296875,4836500
2022-05-24,46.593936920166016,52.130001068115234,52.439998626708984,51.36000061035156,51.95000076293945,4445400
2022-05-25,45.75375747680664,51.189998626708984,52.369998931884766,51.189998626708984,51.810001373291016,3905800
2022-05-26,47.65755844116211,53.31999969482422,53.33000183105469,51.099998474121094,51.290000915527344,5284700
2022-05-27,47.889949798583984,53.58000183105469,54.279998779296875,53.25,53.33000183105469,3981400
2022-05-30,47.96145248413086,53.65999984741211,54.709999084472656,53.369998931884766,54.5,2301900
2022-05-31,47.818443298339844,53.5,54.290000915527344,52.900001525878906,54.279998779296875,8894000
2022-06-01,48.06871032714844,53.779998779296875,54.38999938964844,53.09000015258789,53.5,4073500
2022-06-02,48.28322219848633,54.02000045776367,54.400001525878906,53.349998474121094,54.400001525878906,3369700
2022-06-03,47.219600677490234,52.83000183105469,54.029998779296875,52.75,54.029998779296875,2511800
2022-06-06,47.737998962402344,53.40999984741211,53.68000030517578,52.959999084472656,53.119998931884766,2040100
2022-06-07,48.52455139160156,54.290000915527344,54.689998626708984,53.599998474121094,53.599998474121094,3976000
2022-06-08,46.987205505371094,52.56999969482422,54.290000915527344,52.150001525878906,54.279998779296875,3833500
2022-06-09,46.34366989135742,51.849998474121094,52.650001525878906,51.52000045776367,52.54999923706055,3749800
2022-06-10,46.200660705566406,51.689998626708984,51.93000030517578,50.75,51.93000030517578,4504200
2022-06-13,46.522430419921875,52.04999923706055,52.279998779296875,50.720001220703125,51.349998474121094,6256300
2022-06-14,45.315792083740234,50.70000076293945,51.91999816894531,49.939998626708984,51.91999816894531,7759200
2022-06-15,44.7884521484375,50.11000061035156,51.459999084472656,50.0,51.150001525878906,8162000
2022-06-17,43.876773834228516,49.09000015258789,50.5,48.060001373291016,49.5099983215332,19818800
2022-06-20,43.805267333984375,49.0099983215332,49.709999084472656,48.5099983215332,49.189998626708984,2415400
2022-06-21,43.46562576293945,48.630001068115234,49.75,48.619998931884766,48.97999954223633,4604000
2022-06-22,42.11598205566406,47.119998931884766,48.2599983215332,46.380001068115234,48.189998626708984,6648400
2022-06-23,40.784217834472656,45.630001068115234,47.599998474121094,44.90999984741211,47.11000061035156,10660300
2022-06-24,42.76845932006836,47.849998474121094,48.150001525878906,46.72999954223633,47.150001525878906,12651600
2022-06-27,43.6890754699707,48.880001068115234,49.9900016784668,48.0,48.15999984741211,5033000
2022-06-28,44.1806640625,49.43000030517578,50.40999984741211,49.209999084472656,49.540000915527344,5703600
2022-06-29,43.662261962890625,48.849998474121094,49.90999984741211,48.400001525878906,49.599998474121094,4590200
2022-06-30,44.41305923461914,49.689998626708984,50.77000045776367,47.95000076293945,47.9900016784668,8993300
2022-07-01,45.09234619140625,50.45000076293945,50.79999923706055,49.2599983215332,49.709999084472656,5992400
2022-07-04,45.02083969116211,50.369998931884766,50.58000183105469,49.81999969482422,50.29999923706055,2372900
2022-07-05,43.70695495605469,48.900001525878906,50.349998474121094,48.83000183105469,50.16999816894531,5289700
2022-07-06,44.09128952026367,49.33000183105469,49.7400016784668,48.2400016784668,48.540000915527344,4737600
2022-07-07,43.78739547729492,48.9900016784668,50.45000076293945,48.939998626708984,49.83000183105469,4169600
2022-07-08,42.53607177734375,47.59000015258789,49.45000076293945,47.54999923706055,48.86000061035156,4178100
2022-07-11,42.5986328125,47.65999984741211,48.11000061035156,46.79999923706055,47.029998779296875,4184000
2022-07-12,42.545005798339844,47.599998474121094,48.04999923706055,47.04999923706055,47.56999969482422,4802600
2022-07-13,41.347312927246094,46.2599983215332,47.459999084472656,46.029998779296875,47.459999084472656,4147000
2022-07-14,40.22112274169922,45.0,46.13999938964844,44.70000076293945,45.88999938964844,7292300
2022-07-15,39.27368927001953,43.939998626708984,45.150001525878906,43.810001373291016,45.09000015258789,7749600
2022-07-18,39.1128044128418,43.7599983215332,44.790000915527344,43.599998474121094,44.099998474121094,6714500
2022-07-19,41.07023620605469,45.95000076293945,46.150001525878906,43.5099983215332,43.7599983215332,5364800
2022-07-20,40.22112274169922,45.0,45.79999923706055,44.70000076293945,45.70000076293945,5924900
2022-07-21,40.793155670166016,45.63999938964844,45.779998779296875,43.599998474121094,44.79999923706055,6169000
2022-07-22,41.928279876708984,46.90999984741211,47.04999923706055,45.400001525878906,45.400001525878906,4704000
2022-07-25,41.240055084228516,46.13999938964844,47.189998626708984,46.06999969482422,46.79999923706055,3251600
2022-07-26,40.6859016418457,45.52000045776367,46.400001525878906,45.400001525878906,46.150001525878906,2175100
2022-07-27,41.87465286254883,46.849998474121094,46.93000030517578,45.68000030517578,45.68000030517578,5454300
2022-07-28,41.96403503417969,46.95000076293945,47.619998931884766,46.2400016784668,47.310001373291016,7782300
2022-07-29,43.1617317199707,48.290000915527344,48.97999954223633,46.45000076293945,46.86000061035156,7372600
2022-08-01,42.42881393432617,47.470001220703125,48.36000061035156,46.95000076293945,48.36000061035156,7127600
2022-08-02,42.77739715576172,47.86000061035156,48.59000015258789,47.40999984741211,47.650001525878906,4379000
2022-08-03,42.30368423461914,47.33000183105469,48.04999923706055,46.869998931884766,47.61000061035156,4451900
2022-08-04,42.169612884521484,47.18000030517578,47.68000030517578,46.689998626708984,47.68000030517578,4318300
2022-08-05,42.7148323059082,47.790000915527344,48.7599983215332,47.5,47.5,4252100
2022-08-08,43.420936584472656,48.58000183105469,48.95000076293945,47.7400016784668,48.36000061035156,4052900
2022-08-09,43.8588981628418,49.06999969482422,49.95000076293945,48.65999984741211,48.70000076293945,4046400
2022-08-10,43.814208984375,49.02000045776367,49.880001068115234,48.22999954223633,49.36000061035156,4541700
2022-08-11,44.198543548583984,49.45000076293945,50.08000183105469,49.209999084472656,49.58000183105469,3614400
2022-08-12,44.84207534790039,50.16999816894531,50.4900016784668,49.47999954223633,50.08000183105469,3781200
2022-08-15,43.68014144897461,48.869998931884766,49.959999084472656,48.45000076293945,49.779998779296875,6463300
2022-08-16,44.60969161987305,49.90999984741211,50.15999984741211,48.84000015258789,48.900001525878906,3761900
2022-08-17,45.58393478393555,51.0,51.400001525878906,49.54999923706055,49.790000915527344,7136500
2022-08-18,45.26216506958008,50.63999938964844,51.400001525878906,50.43000030517578,51.150001525878906,3253200
2022-08-19,44.66332244873047,49.970001220703125,50.63999938964844,49.72999954223633,50.529998779296875,4335600
2022-08-22,43.55500411987305,48.72999954223633,50.06999969482422,48.630001068115234,50.06999969482422,5876000
2022-08-23,44.252166748046875,49.5099983215332,50.279998779296875,48.150001525878906,48.709999084472656,4834400
2022-08-24,42.822086334228516,47.90999984741211,48.880001068115234,47.349998474121094,48.45000076293945,14335900
2022-08-25,42.294742584228516,47.31999969482422,48.599998474121094,46.9900016784668,48.33000183105469,8220500
2022-08-26,40.53395080566406,45.349998474121094,47.689998626708984,45.2599983215332,47.369998931884766,12994100
2022-08-29,40.48032760620117,45.290000915527344,46.20000076293945,45.119998931884766,45.599998474121094,5609200
2022-08-30,40.31944274902344,45.11000061035156,46.150001525878906,45.11000061035156,45.66999816894531,5003400
2022-08-31,39.55970764160156,44.2599983215332,45.63999938964844,44.2599983215332,45.59000015258789,6978400
2022-09-01,39.32732391357422,44.0,44.77000045776367,43.58000183105469,44.47999954223633,7728200
2022-09-02,38.89829635620117,43.52000045776367,44.599998474121094,43.2599983215332,44.220001220703125,7427100
2022-09-05,39.979793548583984,44.72999954223633,44.970001220703125,43.5,43.86000061035156,4036300
2022-09-06,40.203250885009766,44.97999954223633,45.4900016784668,44.20000076293945,44.20000076293945,6240500
2022-09-08,39.309444427490234,43.97999954223633,45.189998626708984,43.97999954223633,45.189998626708984,4745600
2022-09-09,40.31944274902344,45.11000061035156,45.33000183105469,44.0099983215332,44.290000915527344,3109800
2022-09-12,40.56076431274414,45.380001068115234,45.900001525878906,45.11000061035156,45.130001068115234,2290500
2022-09-13,39.61333084106445,44.31999969482422,45.90999984741211,44.29999923706055,45.47999954223633,5489100
2022-09-14,39.74740982055664,44.470001220703125,45.09000015258789,44.130001068115234,44.560001373291016,3581700
2022-09-15,39.17537307739258,43.83000183105469,44.709999084472656,43.83000183105469,44.599998474121094,3130900
2022-09-16,38.97873306274414,43.61000061035156,44.61000061035156,43.36000061035156,43.97999954223633,8641600
2022-09-19,39.452449798583984,44.13999938964844,44.34000015258789,43.040000915527344,43.79999923706055,3659500
2022-09-20,39.354129791259766,44.029998779296875,44.470001220703125,43.540000915527344,44.349998474121094,3909800
2022-09-21,38.71953582763672,43.31999969482422,44.5099983215332,43.29999923706055,44.20000076293945,5975300
2022-09-22,39.47926330566406,44.16999816894531,44.38999938964844,43.150001525878906,43.900001525878906,4797500
2022-09-23,38.022369384765625,42.540000915527344,43.90999984741211,42.150001525878906,43.70000076293945,5775300
2022-09-26,37.95085906982422,42.459999084472656,42.86000061035156,41.900001525878906,42.439998626708984,5381500
2022-09-27,38.72847366333008,43.33000183105469,44.77000045776367,42.779998779296875,43.209999084472656,7517600
2022-09-28,38.88041687011719,43.5,44.099998474121094,43.119998931884766,43.540000915527344,3725200
2022-09-29,38.63909149169922,43.22999954223633,43.65999984741211,42.90999984741211,43.18000030517578,4812100
2022-09-30,39.77421951293945,44.5,44.70000076293945,42.959999084472656,43.33000183105469,7160600
2022-10-03,40.587581634521484,45.40999984741211,45.7400016784668,44.220001220703125,44.68000030517578,4401800
2022-10-04,40.90934371948242,45.77000045776367,46.7400016784668,45.54999923706055,46.20000076293945,6815600
2022-10-05,41.95509338378906,46.939998626708984,47.099998474121094,45.72999954223633,45.72999954223633,5396100
2022-10-06,41.794212341308594,46.7599983215332,47.2599983215332,46.65999984741211,47.06999969482422,2619400
2022-10-07,41.463504791259766,46.38999938964844,47.27000045776367,46.34000015258789,46.7599983215332,2403400
2022-10-10,43.125980377197266,48.25,48.459999084472656,46.31999969482422,46.650001525878906,4648400
2022-10-11,42.57182312011719,47.630001068115234,48.709999084472656,47.27000045776367,48.380001068115234,3754200
2022-10-13,42.7148323059082,47.790000915527344,48.16999816894531,46.68000030517578,47.65999984741211,4136000
2022-10-14,42.7148323059082,47.790000915527344,49.099998474121094,47.59000015258789,47.90999984741211,4254300
2022-10-17,44.1806640625,49.43000030517578,49.7400016784668,47.83000183105469,47.86000061035156,4629400
2022-10-18,44.38623809814453,49.65999984741211,50.47999954223633,49.08000183105469,49.779998779296875,4854200
2022-10-19,43.99296569824219,49.220001220703125,50.06999969482422,48.959999084472656,49.90999984741211,3351200
2022-10-20,44.332611083984375,49.599998474121094,49.75,48.709999084472656,49.5,5175000
2022-10-21,44.41305923461914,49.689998626708984,49.939998626708984,48.52000045776367,49.540000915527344,4510700
2022-10-24,45.95933151245117,51.41999816894531,52.08000183105469,49.93000030517578,49.93000030517578,7534800
2022-10-25,46.50455093383789,52.029998779296875,52.47999954223633,51.65999984741211,51.9900016784668,7085500
2022-10-26,47.192779541015625,52.79999923706055,53.2599983215332,51.54999923706055,51.599998474121094,14058400
2022-10-27,47.47880172729492,53.119998931884766,53.47999954223633,51.880001068115234,53.29999923706055,7576800
2022-10-28,49.257469177246094,55.11000061035156,55.290000915527344,53.4900016784668,54.95000076293945,13843500
2022-10-31,47.55030059814453,53.20000076293945,55.400001525878906,52.81999969482422,55.13999938964844,9200600
2022-11-01,47.255348205566406,52.869998931884766,53.70000076293945,52.619998931884766,52.86000061035156,7011300
2022-11-03,48.19384002685547,53.91999816894531,54.0,51.720001220703125,53.0,4294300
2022-11-04,48.69437026977539,54.47999954223633,55.56999969482422,53.900001525878906,55.0,4114500
2022-11-07,49.14126968383789,54.97999954223633,55.31999969482422,53.619998931884766,54.4900016784668,6964400
2022-11-08,49.56135940551758,55.45000076293945,56.380001068115234,54.900001525878906,55.119998931884766,5420400
2022-11-09,49.26640319824219,55.119998931884766,56.2599983215332,54.7400016784668,55.279998779296875,3970000
2022-11-10,50.39259719848633,56.380001068115234,56.790000915527344,54.810001373291016,54.810001373291016,11591100
2022-11-11,52.06400680541992,58.25,59.209999084472656,56.2599983215332,56.5,10440100
2022-11-14,51.60816955566406,57.7400016784668,58.97999954223633,56.959999084472656,58.97999954223633,5699500
2022-11-16,52.376834869384766,58.599998474121094,59.2400016784668,57.5099983215332,57.72999954223633,12822400
2022-11-17,51.78692626953125,57.939998626708984,59.880001068115234,57.529998779296875,58.459999084472656,8463800
2022-11-18,51.45621871948242,57.56999969482422,58.04999923706055,56.22999954223633,57.209999084472656,10485000
2022-11-21,49.981441497802734,55.91999816894531,57.83000183105469,55.349998474121094,57.83000183105469,11439600
2022-11-22,50.12445831298828,56.08000183105469,56.97999954223633,55.59000015258789,55.959999084472656,6942400
2022-11-23,49.79374694824219,55.709999084472656,56.720001220703125,55.209999084472656,56.31999969482422,5571100
2022-11-24,50.008262634277344,55.95000076293945,56.310001373291016,54.9900016784668,55.81999969482422,2441100
2022-11-25,49.10551834106445,54.939998626708984,56.650001525878906,54.47999954223633,55.900001525878906,5962200
2022-11-28,49.10551834106445,54.939998626708984,55.34000015258789,54.099998474121094,55.099998474121094,3685700
2022-11-29,47.64862060546875,53.310001373291016,55.70000076293945,53.09000015258789,55.099998474121094,9078800
2022-11-30,47.505615234375,53.150001525878906,53.849998474121094,52.29999923706055,53.439998626708984,12138600
2022-12-01,47.52348709106445,53.16999816894531,53.59000015258789,52.36000061035156,52.810001373291016,4314500
2022-12-02,45.923583984375,51.380001068115234,52.38999938964844,50.11000061035156,51.5,10509500
2022-12-05,46.93357849121094,52.5099983215332,52.709999084472656,51.310001373291016,51.65999984741211,6677400
2022-12-06,47.63968276977539,53.29999923706055,53.95000076293945,52.13999938964844,52.689998626708984,6055200
2022-12-07,47.41623306274414,53.04999923706055,53.79999923706055,52.2599983215332,53.689998626708984,4844200
2022-12-08,47.46091842651367,53.099998474121094,54.310001373291016,52.56999969482422,53.43000030517578,6093100
2022-12-09,49.15021514892578,54.9900016784668,55.099998474121094,52.779998779296875,53.540000915527344,4385300
2022-12-12,49.060829162597656,54.88999938964844,55.459999084472656,54.150001525878906,55.060001373291016,4564600
2022-12-13,45.90570831298828,51.36000061035156,55.06999969482422,51.119998931884766,54.95000076293945,12246200
2022-12-14,46.924644470214844,52.5,53.43000030517578,51.5,51.56999969482422,11648800
2022-12-15,46.27216720581055,51.77000045776367,52.630001068115234,51.0,51.08000183105469,5470200
2022-12-16,45.9682731628418,51.43000030517578,52.220001220703125,51.15999984741211,51.900001525878906,6340500
2022-12-19,45.2225456237793,48.83000183105469,50.34000015258789,48.33000183105469,49.900001525878906,5789900
2022-12-20,44.9539680480957,48.540000915527344,49.58000183105469,47.86000061035156,48.5099983215332,10860200
2022-12-21,44.83356857299805,48.40999984741211,49.119998931884766,47.880001068115234,49.0099983215332,13828800
2022-12-22,44.58351516723633,48.13999938964844,48.58000183105469,47.84000015258789,48.5,4631000
2022-12-23,43.379554748535156,46.84000015258789,47.93000030517578,46.5,47.720001220703125,7148400
2022-12-26,42.76831817626953,46.18000030517578,46.86000061035156,46.0,46.81999969482422,2785400
2022-12-27,43.99079895019531,47.5,47.65999984741211,46.29999923706055,46.40999984741211,4618000
2022-12-28,44.574256896972656,48.130001068115234,48.79999923706055,47.84000015258789,47.900001525878906,4013000
2022-12-29,44.67613220214844,48.2400016784668,48.56999969482422,47.630001068115234,48.369998931884766,4351800
2023-01-02,45.3614616394043,48.97999954223633,49.15999984741211,47.61000061035156,48.2400016784668,2981100
2023-01-03,46.16718673706055,49.849998474121094,49.849998474121094,48.41999816894531,48.599998474121094,6224500
2023-01-04,46.25979995727539,49.95000076293945,50.72999954223633,49.70000076293945,50.0,4347400
2023-01-05,46.54689407348633,50.2599983215332,50.66999816894531,49.709999084472656,49.959999084472656,4531200
2023-01-06,46.25053405761719,49.939998626708984,50.70000076293945,49.599998474121094,50.560001373291016,6782000
2023-01-09,46.87104034423828,50.61000061035156,50.9900016784668,49.709999084472656,49.75,3115600
2023-01-10,46.28758239746094,49.97999954223633,50.689998626708984,49.779998779296875,50.5099983215332,2988900
2023-01-11,45.61151123046875,49.25,50.04999923706055,48.47999954223633,50.04999923706055,6017500
2023-01-12,46.54689407348633,50.2599983215332,50.599998474121094,49.060001373291016,49.25,6502800
2023-01-13,46.70433807373047,50.43000030517578,51.060001373291016,49.900001525878906,50.34000015258789,4533300
2023-01-16,46.87104034423828,50.61000061035156,50.970001220703125,49.72999954223633,50.5099983215332,2662100
2023-01-17,47.43597412109375,51.220001220703125,51.68000030517578,50.2599983215332,50.70000076293945,8397000
2023-01-18,46.17644500732422,49.86000061035156,51.70000076293945,49.380001068115234,51.630001068115234,8008300
2023-01-19,45.694862365722656,49.34000015258789,50.63999938964844,49.130001068115234,49.86000061035156,4982800
2023-01-20,43.65739822387695,47.13999938964844,49.20000076293945,47.13999938964844,49.20000076293945,10725900
2023-01-23,43.50921630859375,46.97999954223633,47.83000183105469,46.70000076293945,47.09000015258789,7027000
2023-01-24,44.00006103515625,47.5099983215332,48.150001525878906,46.779998779296875,47.11000061035156,4969900
2023-01-25,43.31473159790039,46.77000045776367,47.38999938964844,46.31999969482422,47.18000030517578,5200800
2023-01-26,42.04594421386719,45.400001525878906,46.2599983215332,44.81999969482422,45.7599983215332,8842000
2023-01-27,41.74958419799805,45.08000183105469,45.560001373291016,44.150001525878906,45.20000076293945,9519200
2023-01-30,42.86092758178711,46.279998779296875,46.540000915527344,44.58000183105469,45.220001220703125,5977000
2023-01-31,42.935020446777344,46.36000061035156,47.33000183105469,45.97999954223633,46.619998931884766,6352900
2023-02-01,43.29621124267578,46.75,47.13999938964844,46.02000045776367,46.20000076293945,4120200
2023-02-02,41.69401550292969,45.02000045776367,46.75,44.709999084472656,46.349998474121094,8506500
2023-02-03,42.88871765136719,46.310001373291016,48.310001373291016,44.400001525878906,44.709999084472656,13947900
2023-02-06,42.564571380615234,45.959999084472656,46.63999938964844,45.79999923706055,46.630001068115234,5216600
2023-02-07,42.65718460083008,46.060001373291016,46.72999954223633,45.52000045776367,46.099998474121094,4399300
2023-02-08,42.5553092956543,45.95000076293945,46.220001220703125,45.720001220703125,46.13999938964844,3594400
2023-02-09,42.879451751708984,46.29999923706055,47.09000015258789,45.900001525878906,45.95000076293945,4547700
2023-02-10,42.97206497192383,46.400001525878906,46.599998474121094,45.97999954223633,46.099998474121094,2832200
2023-02-13,43.25916290283203,46.709999084472656,47.150001525878906,46.2400016784668,46.38999938964844,3844900
2023-02-14,43.48143005371094,46.95000076293945,47.52000045776367,46.400001525878906,46.720001220703125,6925400
2023-02-15,44.62056350708008,48.18000030517578,48.18000030517578,46.619998931884766,47.060001373291016,6688500
2023-02-16,44.231590270996094,47.7599983215332,48.84000015258789,47.400001525878906,48.18000030517578,5488500
2023-02-17,43.49069595336914,46.959999084472656,48.22999954223633,46.599998474121094,47.77000045776367,3877300
2023-02-22,42.63866424560547,46.040000915527344,46.65999984741211,45.720001220703125,46.65999984741211,3791400
2023-02-23,42.74053955078125,46.150001525878906,46.68000030517578,45.720001220703125,45.939998626708984,1821800
2023-02-24,42.74053955078125,46.150001525878906,46.4900016784668,45.63999938964844,46.150001525878906,3122400
2023-02-27,42.916500091552734,46.34000015258789,46.79999923706055,46.02000045776367,46.150001525878906,1891700
2023-02-28,44.213069915771484,47.7400016784668,47.95000076293945,46.13999938964844,46.13999938964844,5470300
2023-03-01,43.31473159790039,46.77000045776367,48.43000030517578,45.7599983215332,48.09000015258789,7406800
2023-03-02,43.24990463256836,46.70000076293945,47.7599983215332,46.560001373291016,46.810001373291016,4397500
2023-03-03,44.63908386230469,48.20000076293945,48.380001068115234,46.70000076293945,46.790000915527344,9987500
2023-03-06,44.2501106262207,47.779998779296875,48.68000030517578,47.41999816894531,48.380001068115234,5421300
2023-03-07,44.222328186035156,47.75,48.2400016784668,47.29999923706055,47.91999816894531,3577300
2023-03-08,43.93523025512695,47.439998626708984,48.09000015258789,47.0,47.90999984741211,4883200
2023-03-09,43.036895751953125,46.470001220703125,47.619998931884766,46.2599983215332,47.31999969482422,5103500
2023-03-10,41.74032211303711,45.06999969482422,46.650001525878906,45.0099983215332,46.380001068115234,5318900
2023-03-13,41.28652572631836,44.58000183105469,45.54999923706055,44.380001068115234,44.900001525878906,3928600
2023-03-14,41.647708892822266,44.970001220703125,45.29999923706055,44.58000183105469,44.709999084472656,3000100
2023-03-15,40.95311737060547,44.220001220703125,44.72999954223633,43.91999816894531,44.5099983215332,4386500
2023-03-16,40.7401123046875,43.9900016784668,44.97999954223633,43.84000015258789,44.29999923706055,3508700
2023-03-17,40.36966323852539,43.59000015258789,44.13999938964844,43.31999969482422,43.93000030517578,7159900
2023-03-20,40.036258697509766,43.22999954223633,43.849998474121094,42.88999938964844,43.72999954223633,2246700
2023-03-21,39.77694320678711,42.95000076293945,43.52000045776367,42.810001373291016,43.13999938964844,3103800
2023-03-22,39.71211624145508,42.880001068115234,43.380001068115234,42.68000030517578,42.83000183105469,2754200
2023-03-23,39.1193962097168,42.2400016784668,43.77000045776367,41.91999816894531,42.95000076293945,5575800
2023-03-24,39.48058319091797,42.630001068115234,42.84000015258789,41.849998474121094,42.34000015258789,4105500
2023-03-27,38.88787078857422,41.9900016784668,42.880001068115234,41.91999816894531,42.630001068115234,4360200
2023-03-28,39.15644073486328,42.279998779296875,42.79999923706055,41.939998626708984,42.099998474121094,2977900
2023-03-29,39.88807678222656,43.06999969482422,43.38999938964844,42.5,42.5,3955700
2023-03-30,39.86955642700195,43.04999923706055,44.0,42.849998474121094,43.70000076293945,5943600
2023-03-31,38.526676177978516,41.599998474121094,43.61000061035156,41.599998474121094,43.27000045776367,14261800
2023-04-03,39.58245849609375,42.7400016784668,42.86000061035156,41.40999984741211,41.79999923706055,6884200
2023-04-04,39.22126770019531,42.349998474121094,43.36000061035156,42.349998474121094,42.900001525878906,4745000
2023-04-05,37.952484130859375,40.97999954223633,42.619998931884766,40.36000061035156,42.43000030517578,11084000
2023-04-06,37.37828826904297,40.36000061035156,41.40999984741211,40.2599983215332,40.9900016784668,6208300
2023-04-10,38.10066223144531,41.13999938964844,41.560001373291016,39.900001525878906,40.25,4491400
2023-04-11,39.406494140625,42.54999923706055,42.65999984741211,41.27000045776367,41.27000045776367,7859000
2023-04-12,39.08235168457031,42.20000076293945,43.0,41.959999084472656,42.560001373291016,6321400
2023-04-13,38.25810241699219,41.310001373291016,42.459999084472656,41.150001525878906,42.290000915527344,7988400
2023-04-14,37.49868392944336,40.4900016784668,41.220001220703125,40.40999984741211,41.0,6878700
2023-04-17,37.47089767456055,40.459999084472656,40.720001220703125,40.060001373291016,40.5099983215332,5217800
2023-04-18,38.12844467163086,41.16999816894531,41.41999816894531,40.459999084472656,40.599998474121094,4333100
2023-04-19,38.146968841552734,41.189998626708984,41.790000915527344,40.959999084472656,41.20000076293945,4932800
2023-04-20,37.322723388671875,40.29999923706055,41.279998779296875,40.220001220703125,41.0,4829200
2023-04-24,36.73926544189453,39.66999816894531,40.209999084472656,39.0099983215332,40.0,9412300
2023-04-25,35.933536529541016,38.79999923706055,39.79999923706055,38.63999938964844,39.75,6623200
2023-04-26,35.43342971801758,38.2599983215332,39.2400016784668,38.25,39.02000045776367,10993300
2023-04-27,35.1926383972168,38.0,38.7599983215332,37.810001373291016,38.36000061035156,7234200
2023-04-28,36.85966110229492,39.79999923706055,39.880001068115234,37.150001525878906,37.54999923706055,22999700
2023-05-02,37.674644470214844,40.68000030517578,41.5,40.099998474121094,40.349998474121094,15230400
2023-05-03,37.13749694824219,40.099998474121094,41.630001068115234,40.04999923706055,40.970001220703125,10632800
2023-05-04,36.674434661865234,39.599998474121094,40.880001068115234,39.529998779296875,40.119998931884766,8844700
2023-05-05,38.53593826293945,41.61000061035156,41.97999954223633,39.7599983215332,40.0,11447900
2023-05-08,38.7767333984375,41.869998931884766,42.45000076293945,41.650001525878906,41.75,9030600
2023-05-09,38.43406677246094,41.5,41.970001220703125,41.349998474121094,41.560001373291016,4728300
2023-05-10,38.61003112792969,41.689998626708984,41.970001220703125,41.209999084472656,41.70000076293945,6433400
2023-05-11,38.49889373779297,41.56999969482422,41.939998626708984,40.86000061035156,41.7599983215332,10242800
2023-05-12,39.30461883544922,42.439998626708984,42.810001373291016,41.09000015258789,41.380001068115234,10181600
2023-05-15,39.739898681640625,42.90999984741211,43.81999969482422,42.599998474121094,42.77000045776367,5975200
2023-05-16,40.48079299926758,43.709999084472656,43.849998474121094,42.81999969482422,42.91999816894531,7694300
2023-05-17,40.49931716918945,43.72999954223633,44.5099983215332,43.63999938964844,44.150001525878906,5387300
2023-05-18,41.9996337890625,45.349998474121094,45.470001220703125,44.13999938964844,44.20000076293945,9660700
2023-05-19,42.0644645690918,45.41999816894531,45.97999954223633,45.09000015258789,45.599998474121094,7789600
2023-05-22,41.842193603515625,45.18000030517578,45.900001525878906,45.060001373291016,45.619998931884766,3412000
2023-05-23,42.47195816040039,45.86000061035156,47.560001373291016,45.86000061035156,46.849998474121094,11779200
2023-05-24,41.29578399658203,44.59000015258789,45.5,44.459999084472656,45.5,5916400
2023-05-25,40.860504150390625,44.119998931884766,45.099998474121094,44.09000015258789,44.83000183105469,5183100
2023-05-26,41.9996337890625,45.349998474121094,45.70000076293945,44.619998931884766,44.630001068115234,3857200
2023-05-29,42.02742004394531,45.380001068115234,45.81999969482422,45.15999984741211,45.66999816894531,1394400
2023-05-30,41.78662872314453,45.119998931884766,46.099998474121094,44.83000183105469,45.93000030517578,4525700
2023-05-31,41.47174835205078,44.779998779296875,45.7400016784668,44.779998779296875,45.38999938964844,7379200
2023-06-01,41.67549514770508,45.0,45.18000030517578,44.5099983215332,45.02000045776367,11094200
2023-06-02,42.99058532714844,46.41999816894531,46.900001525878906,45.22999954223633,45.310001373291016,8920100
2023-06-05,43.351776123046875,46.810001373291016,47.43000030517578,46.27000045776367,47.04999923706055,4688600
2023-06-06,43.47216796875,46.939998626708984,47.209999084472656,46.43000030517578,46.75,5521700
2023-06-07,42.44417953491211,45.83000183105469,47.310001373291016,45.779998779296875,47.29999923706055,8261400
2023-06-09,41.897762298583984,45.2400016784668,46.22999954223633,45.09000015258789,46.22999954223633,8779200
2023-06-12,43.24990463256836,46.70000076293945,46.849998474121094,45.22999954223633,45.529998779296875,4914600
2023-06-13,43.57404327392578,47.04999923706055,47.40999984741211,46.45000076293945,46.81999969482422,5613000
2023-06-14,43.2036018371582,46.650001525878906,48.2400016784668,46.380001068115234,47.5,12879100
2023-06-15,44.76874542236328,48.34000015258789,48.79999923706055,46.0,46.650001525878906,13590400
2023-06-16,44.731693267822266,48.29999923706055,48.52000045776367,47.66999816894531,48.040000915527344,12730200
2023-06-19,44.176025390625,47.70000076293945,48.43000030517578,47.369998931884766,48.150001525878906,3519600
2023-06-20,43.93523025512695,47.439998626708984,47.66999816894531,46.86000061035156,47.619998931884766,4584800
2023-06-21,43.0461540222168,46.47999954223633,47.5099983215332,46.209999084472656,47.45000076293945,6656500
2023-06-22,42.47195816040039,45.86000061035156,46.439998626708984,45.5099983215332,46.220001220703125,4521700
2023-06-23,42.546051025390625,45.939998626708984,46.09000015258789,45.119998931884766,45.95000076293945,5267200
2023-06-26,42.24043273925781,45.61000061035156,46.349998474121094,45.540000915527344,46.02000045776367,5413900
2023-06-27,41.527313232421875,44.84000015258789,45.93000030517578,44.59000015258789,45.79999923706055,4887600
2023-06-28,40.90681076049805,44.16999816894531,45.65999984741211,44.15999984741211,44.869998931884766,5745000
2023-06-29,40.795677185058594,44.04999923706055,44.43000030517578,43.560001373291016,44.189998626708984,4579600
2023-06-30,40.95311737060547,44.220001220703125,44.61000061035156,43.599998474121094,44.29999923706055,6388400
2023-07-03,40.95311737060547,44.220001220703125,45.4900016784668,44.0,44.310001373291016,11751000
2023-07-04,41.42544174194336,44.72999954223633,44.869998931884766,43.97999954223633,44.20000076293945,3589300
2023-07-05,41.1661262512207,44.45000076293945,45.15999984741211,44.150001525878906,44.599998474121094,4421400
2023-07-06,40.85124588012695,44.11000061035156,44.650001525878906,43.84000015258789,44.189998626708984,3641000
2023-07-07,41.22169494628906,44.5099983215332,45.130001068115234,44.08000183105469,44.099998474121094,3963800
2023-07-10,40.777156829833984,44.029998779296875,44.47999954223633,43.91999816894531,44.369998931884766,2351300
2023-07-11,40.795677185058594,44.04999923706055,44.2599983215332,43.68000030517578,44.0,7098300
2023-07-12,40.91607666015625,44.18000030517578,44.5,43.90999984741211,44.38999938964844,2535400
2023-07-13,41.092037200927734,44.369998931884766,44.959999084472656,44.189998626708984,44.31999969482422,3682600
2023-07-14,41.25873947143555,44.54999923706055,44.65999984741211,44.150001525878906,44.41999816894531,2817500
2023-07-17,41.11982345581055,44.400001525878906,45.09000015258789,44.220001220703125,44.72999954223633,3658900
2023-07-18,41.27726364135742,44.56999969482422,44.79999923706055,44.15999984741211,44.5,2873700
2023-07-19,40.25852966308594,43.470001220703125,44.66999816894531,43.279998779296875,44.66999816894531,4265800
2023-07-20,40.42523193359375,43.650001525878906,43.970001220703125,43.5,43.54999923706055,2331800
2023-07-21,40.8049430847168,44.060001373291016,44.11000061035156,43.290000915527344,43.599998474121094,3117200
2023-07-24,41.69401550292969,45.02000045776367,45.060001373291016,43.599998474121094,43.91999816894531,6572700
2023-07-25,41.88850402832031,45.22999954223633,45.84000015258789,44.810001373291016,45.15999984741211,3793300
2023-07-26,43.036895751953125,46.470001220703125,46.650001525878906,44.81999969482422,44.81999969482422,6172200
2023-07-27,43.71296310424805,47.20000076293945,47.40999984741211,46.29999923706055,46.529998779296875,3697200
2023-07-28,43.72222137451172,47.209999084472656,47.310001373291016,46.41999816894531,47.2599983215332,3185200
2023-07-31,44.51869201660156,48.06999969482422,48.61000061035156,47.34000015258789,47.38999938964844,4602700
2023-08-01,44.8057861328125,48.380001068115234,48.880001068115234,47.93000030517578,48.11000061035156,3313900
2023-08-02,44.35198211669922,47.88999938964844,48.369998931884766,47.66999816894531,48.369998931884766,3593800
2023-08-03,45.97270202636719,49.63999938964844,50.470001220703125,48.06999969482422,48.400001525878906,9066500
2023-08-04,46.556156158447266,50.27000045776367,51.5,49.25,49.45000076293945,7809700
2023-08-07,46.78769302368164,50.52000045776367,51.0,50.18000030517578,50.650001525878906,3423500
2023-08-08,46.0745735168457,49.75,50.4900016784668,49.41999816894531,50.4900016784668,3685900
2023-08-09,45.65782165527344,49.29999923706055,49.79999923706055,48.470001220703125,49.70000076293945,4228500
2023-08-10,45.70412063598633,49.349998474121094,49.91999816894531,49.189998626708984,49.4900016784668,2944100
2023-08-11,46.463539123535156,50.16999816894531,50.400001525878906,49.310001373291016,49.45000076293945,6156500
2023-08-14,47.15813446044922,50.91999816894531,51.04999923706055,49.709999084472656,50.470001220703125,4093400
2023-08-15,46.3431510925293,50.040000915527344,51.400001525878906,49.83000183105469,51.400001525878906,2642800
2023-08-16,46.222755432128906,49.90999984741211,50.849998474121094,49.439998626708984,50.0,7729200
2023-08-17,46.67655944824219,50.400001525878906,50.849998474121094,49.81999969482422,50.22999954223633,6934400
2023-08-18,46.93586730957031,50.68000030517578,51.5,50.15999984741211,50.599998474121094,6488800
2023-08-21,46.38019561767578,50.08000183105469,50.84000015258789,49.83000183105469,50.61000061035156,2604300
2023-08-22,46.16718673706055,49.849998474121094,50.380001068115234,49.5,50.290000915527344,2747500
2023-08-23,45.82452392578125,49.47999954223633,49.91999816894531,49.13999938964844,49.83000183105469,3725900
2023-08-24,45.70412063598633,49.349998474121094,49.63999938964844,48.810001373291016,49.63999938964844,2701500
2023-08-25,46.21349334716797,49.900001525878906,50.130001068115234,49.119998931884766,49.119998931884766,2537500
2023-08-28,46.58394241333008,50.29999923706055,50.369998931884766,49.560001373291016,49.86000061035156,3118600
2023-08-29,47.37114715576172,51.150001525878906,51.189998626708984,50.29999923706055,50.29999923706055,2057400
2023-08-30,47.074790954589844,50.83000183105469,51.880001068115234,50.68000030517578,51.150001525878906,3203000
2023-08-31,46.44502258300781,50.150001525878906,51.20000076293945,50.150001525878906,50.810001373291016,4716300
2023-09-01,47.32483673095703,51.099998474121094,51.369998931884766,50.31999969482422,50.31999969482422,4230000
2023-09-04,47.20444107055664,50.970001220703125,51.470001220703125,50.650001525878906,50.93000030517578,1782800
2023-09-05,46.926605224609375,50.66999816894531,51.38999938964844,50.439998626708984,51.04999923706055,2868800
2023-09-06,46.17644500732422,49.86000061035156,50.97999954223633,49.77000045776367,50.81999969482422,3110200
2023-09-08,45.19475555419922,48.79999923706055,49.060001373291016,47.47999954223633,48.63999938964844,6714800
2023-09-11,46.278324127197266,49.970001220703125,50.349998474121094,48.459999084472656,48.880001068115234,5473700
2023-09-12,46.556156158447266,50.27000045776367,50.5,49.79999923706055,49.959999084472656,2366000
2023-09-13,46.537635803222656,50.25,50.58000183105469,49.66999816894531,50.04999923706055,3821000
2023-09-14,47.44523239135742,51.22999954223633,51.459999084472656,50.09000015258789,50.220001220703125,6339200
2023-09-15,48.649192810058594,52.529998779296875,52.66999816894531,51.08000183105469,51.38999938964844,11768300
2023-09-18,48.204654693603516,52.04999923706055,52.79999923706055,51.79999923706055,52.4900016784668,3344100
2023-09-19,48.88072204589844,52.779998779296875,52.790000915527344,51.59000015258789,52.04999923706055,4105100
2023-09-20,50.8348388671875,54.88999938964844,54.91999816894531,52.7599983215332,52.779998779296875,12351000
2023-09-21,51.87209701538086,56.0099983215332,56.54999923706055,54.400001525878906,54.599998474121094,24229700
2023-09-22,51.288639068603516,55.380001068115234,56.900001525878906,55.220001220703125,56.27000045776367,5176900
2023-09-25,51.131202697753906,55.209999084472656,56.040000915527344,55.0,55.54999923706055,5081500
2023-09-26,50.343997955322266,54.36000061035156,55.290000915527344,54.0,55.2599983215332,7515800
2023-09-27,50.07542037963867,54.06999969482422,54.790000915527344,53.720001220703125,54.75,5864400
2023-09-28,49.853153228759766,53.83000183105469,54.43000030517578,53.13999938964844,54.06999969482422,5702100
2023-09-29,50.2699089050293,54.279998779296875,55.099998474121094,53.97999954223633,55.0,5343100
2023-10-02,50.21434020996094,54.220001220703125,54.59000015258789,53.880001068115234,54.099998474121094,2162100
2023-10-03,51.19602584838867,55.279998779296875,56.150001525878906,54.939998626708984,55.56999969482422,6852900
2023-10-04,50.93671417236328,55.0,55.959999084472656,54.650001525878906,55.16999816894531,5216600
2023-10-05,51.17750549316406,55.2599983215332,55.470001220703125,54.540000915527344,55.040000915527344,3314100
2023-10-06,52.04806137084961,56.20000076293945,56.369998931884766,54.900001525878906,55.0099983215332,7272700
2023-10-09,52.51112365722656,56.70000076293945,56.7599983215332,55.70000076293945,56.029998779296875,5389700
2023-10-10,52.279598236083984,56.45000076293945,56.88999938964844,56.29999923706055,56.459999084472656,5551500
2023-10-11,52.464813232421875,56.650001525878906,56.7400016784668,56.130001068115234,56.470001220703125,3654000
2023-10-13,54.23371124267578,58.560001373291016,59.04999923706055,57.349998474121094,57.349998474121094,14322900
2023-10-16,53.131622314453125,57.369998931884766,58.61000061035156,57.189998626708984,58.560001373291016,8275800
2023-10-17,53.224239349365234,57.470001220703125,58.5,56.27000045776367,57.29999923706055,11036800
2023-10-18,51.93693161010742,56.08000183105469,57.400001525878906,55.630001068115234,57.18000030517578,5957500
2023-10-19,51.84431076049805,55.97999954223633,56.58000183105469,55.689998626708984,56.119998931884766,3437000
2023-10-20,50.8441047668457,54.900001525878906,55.88999938964844,54.45000076293945,55.63999938964844,7551600
2023-10-23,50.38104248046875,54.400001525878906,55.06999969482422,53.970001220703125,54.540000915527344,4812300
2023-10-24,48.630672454833984,52.5099983215332,53.650001525878906,51.880001068115234,53.63999938964844,11999400
2023-10-25,48.71402359008789,52.599998474121094,53.279998779296875,52.2599983215332,52.290000915527344,5051500
2023-10-26,48.815895080566406,52.709999084472656,53.27000045776367,51.79999923706055,53.15999984741211,5220900
2023-10-27,48.084259033203125,51.91999816894531,53.540000915527344,51.25,52.900001525878906,23690900
2023-10-30,47.83420944213867,51.650001525878906,52.380001068115234,51.38999938964844,52.060001373291016,4805400
2023-10-31,47.76011657714844,51.56999969482422,52.7400016784668,51.5,51.70000076293945,7381900
2023-11-01,47.64898681640625,51.45000076293945,51.88999938964844,51.29999923706055,51.43000030517578,4350500
2023-11-03,47.38040542602539,51.15999984741211,51.63999938964844,50.40999984741211,51.29999923706055,13549200
2023-11-06,48.05647659301758,51.88999938964844,52.279998779296875,51.380001068115234,51.43000030517578,4439600
2023-11-07,48.21391296386719,52.060001373291016,52.86000061035156,51.470001220703125,51.4900016784668,7443800
2023-11-08,49.538272857666016,53.4900016784668,53.88999938964844,52.09000015258789,52.18000030517578,5547800
2023-11-09,49.482704162597656,53.43000030517578,53.790000915527344,52.880001068115234,53.599998474121094,4390300
2023-11-10,50.603309631347656,54.63999938964844,54.88999938964844,53.40999984741211,53.599998474121094,4294700
2023-11-13,50.10320281982422,54.099998474121094,55.119998931884766,53.59000015258789,54.5,4251600
2023-11-14,48.62141036987305,52.5,54.43000030517578,52.5,54.08000183105469,11044300
2023-11-16,49.45492172241211,53.400001525878906,53.56999969482422,52.529998779296875,52.83000183105469,7903100
2023-11-17,49.02890396118164,52.939998626708984,54.220001220703125,52.939998626708984,53.47999954223633,9329200
2023-11-20,48.99186325073242,52.900001525878906,53.709999084472656,52.459999084472656,53.59000015258789,4382700
2023-11-21,49.065948486328125,52.97999954223633,53.47999954223633,52.56999969482422,52.650001525878906,3226300
2023-11-22,49.482704162597656,53.43000030517578,53.43000030517578,52.75,53.0,2958600
2023-11-23,49.82536697387695,53.79999923706055,54.119998931884766,53.209999084472656,53.279998779296875,1322500
2023-11-24,49.51974868774414,53.470001220703125,54.119998931884766,53.0,53.7599983215332,2387300
2023-11-27,49.77906036376953,53.75,54.099998474121094,53.400001525878906,53.66999816894531,2840500
2023-11-28,49.40861129760742,53.349998474121094,54.04999923706055,52.88999938964844,53.72999954223633,2929200
2023-11-29,50.242122650146484,54.25,54.25,52.84000015258789,53.599998474121094,4271000
2023-11-30,49.806846618652344,53.779998779296875,54.540000915527344,52.43000030517578,54.2599983215332,8846800
2023-12-01,47.93608093261719,51.7599983215332,53.869998931884766,51.369998931884766,53.400001525878906,18398600
2023-12-04,47.963863372802734,51.790000915527344,52.45000076293945,51.7599983215332,51.79999923706055,6169600
2023-12-05,47.64898681640625,51.45000076293945,52.040000915527344,51.25,51.900001525878906,16349300
2023-12-06,47.29705810546875,51.06999969482422,51.84000015258789,51.02000045776367,51.400001525878906,16752800
2023-12-07,47.14887237548828,50.90999984741211,51.59000015258789,50.66999816894531,51.0099983215332,9633600
2023-12-08,48.118812561035156,50.77000045776367,51.029998779296875,49.72999954223633,50.040000915527344,4421900
2023-12-11,48.71590805053711,51.400001525878906,51.779998779296875,50.790000915527344,50.790000915527344,3377700
2023-12-12,48.29888916015625,50.959999084472656,51.369998931884766,50.5,51.09000015258789,2162800
2023-12-13,49.14241409301758,51.849998474121094,52.060001373291016,50.95000076293945,51.2400016784668,4444500
2023-12-14,49.67316818237305,52.40999984741211,52.599998474121094,51.65999984741211,52.150001525878906,5219600
2023-12-15,49.88167953491211,52.630001068115234,53.459999084472656,52.310001373291016,52.40999984741211,7856900
2023-12-18,49.80585861206055,52.54999923706055,52.849998474121094,52.060001373291016,52.65999984741211,4034800
2023-12-19,50.20392990112305,52.970001220703125,53.43000030517578,52.560001373291016,52.61000061035156,3756000
2023-12-20,51.085365295410156,53.900001525878906,54.59000015258789,52.70000076293945,52.70000076293945,4724500
2023-12-21,51.60664367675781,54.45000076293945,54.779998779296875,53.900001525878906,54.11000061035156,2668100
2023-12-22,52.07105255126953,54.939998626708984,55.439998626708984,54.349998474121094,54.4900016784668,3262400
2023-12-26,52.33643341064453,55.220001220703125,56.02000045776367,54.810001373291016,54.81999969482422,2092500
2023-12-27,52.649200439453125,55.54999923706055,55.63999938964844,54.959999084472656,55.209999084472656,2579700
2023-12-28,52.72502136230469,55.630001068115234,55.939998626708984,55.41999816894531,55.41999816894531,2560700
2024-01-02,52.2606086730957,55.13999938964844,56.290000915527344,54.720001220703125,55.70000076293945,2961200
2024-01-03,52.55442428588867,55.45000076293945,55.79999923706055,54.7599983215332,54.79999923706055,3343500
2024-01-04,51.7582893371582,54.61000061035156,55.689998626708984,54.560001373291016,55.45000076293945,1914500
2024-01-05,51.2275276184082,54.04999923706055,54.54999923706055,53.7599983215332,54.290000915527344,2229700
2024-01-08,51.89097595214844,54.75,54.75,53.349998474121094,53.709999084472656,2529400
2024-01-09,51.25596618652344,54.08000183105469,54.81999969482422,53.97999954223633,54.470001220703125,2987300
2024-01-10,50.962154388427734,53.77000045776367,54.290000915527344,53.72999954223633,54.2400016784668,2025300
2024-01-11,51.331787109375,54.15999984741211,54.369998931884766,53.209999084472656,53.849998474121094,3879800
2024-01-12,50.78207778930664,53.58000183105469,55.22999954223633,53.4900016784668,54.47999954223633,3194900
2024-01-15,51.04745101928711,53.86000061035156,54.04999923706055,53.41999816894531,53.61000061035156,1117900
2024-01-16,50.15653610229492,52.91999816894531,53.849998474121094,52.869998931884766,53.70000076293945,3500000
2024-01-17,49.948028564453125,52.70000076293945,53.130001068115234,52.599998474121094,52.709999084472656,2590700
2024-01-18,48.8391227722168,51.529998779296875,52.9900016784668,51.529998779296875,52.720001220703125,3416400
2024-01-19,49.09502410888672,51.79999923706055,51.91999816894531,50.97999954223633,51.54999923706055,6574400
2024-01-22,48.971805572509766,51.66999816894531,52.06999969482422,51.41999816894531,51.91999816894531,1977100
2024-01-23,49.379356384277344,52.099998474121094,52.2400016784668,51.470001220703125,51.970001220703125,2831000
2024-01-24,49.16136932373047,51.869998931884766,52.790000915527344,51.709999084472656,52.5099983215332,2154600
2024-01-25,49.14241409301758,51.849998474121094,52.5,51.810001373291016,51.849998474121094,1893900
2024-01-26,50.14706039428711,52.90999984741211,53.16999816894531,51.88999938964844,51.91999816894531,3083300
2024-01-29,48.147239685058594,50.79999923706055,52.2400016784668,50.310001373291016,52.02000045776367,12405500
2024-01-30,49.379356384277344,52.099998474121094,52.2599983215332,50.52000045776367,50.529998779296875,4891900
2024-01-31,48.92442321777344,51.619998931884766,52.70000076293945,51.56999969482422,52.29999923706055,4140500
2024-02-01,48.43157196044922,51.099998474121094,52.119998931884766,51.0099983215332,51.619998931884766,3185500
2024-02-02,48.6590461730957,51.34000015258789,51.68000030517578,50.709999084472656,51.189998626708984,4085700
2024-02-05,49.04763412475586,51.75,51.970001220703125,51.0,51.0,2717700
2024-02-06,50.90528106689453,53.709999084472656,53.7400016784668,51.619998931884766,51.619998931884766,4805100
2024-02-07,50.895809173583984,53.70000076293945,54.08000183105469,53.22999954223633,53.779998779296875,6156300
2024-02-08,50.65886306762695,53.45000076293945,54.18000030517578,53.029998779296875,53.79999923706055,5681200
2024-02-09,49.948028564453125,52.70000076293945,53.77000045776367,52.41999816894531,53.5,4039700
2024-02-14,49.521522521972656,52.25,52.939998626708984,52.08000183105469,52.779998779296875,1912000
2024-02-15,49.60682678222656,52.34000015258789,52.439998626708984,51.77000045776367,52.25,2141800
2024-02-16,50.279747009277344,53.04999923706055,53.47999954223633,52.11000061035156,52.43000030517578,3225500
2024-02-19,50.2702751159668,53.040000915527344,53.290000915527344,52.22999954223633,52.900001525878906,1747600
2024-02-20,51.05693054199219,53.869998931884766,54.13999938964844,52.52000045776367,52.79999923706055,2995100
2024-02-21,52.38382339477539,55.27000045776367,55.36000061035156,53.02000045776367,53.560001373291016,4560400
2024-02-22,52.82927703857422,55.7400016784668,56.47999954223633,55.119998931884766,55.31999969482422,4826800
2024-02-23,52.38382339477539,55.27000045776367,56.33000183105469,54.84000015258789,56.0,3137200
2024-02-26,53.18943405151367,56.119998931884766,56.150001525878906,54.93000030517578,55.40999984741211,3560300
2024-02-27,53.85287857055664,56.81999969482422,57.65999984741211,55.86000061035156,56.400001525878906,6101800
2024-02-28,54.38364028930664,57.380001068115234,58.040000915527344,56.54999923706055,56.7599983215332,5853500
2024-02-29,53.40742111206055,56.349998474121094,57.79999923706055,56.2400016784668,57.380001068115234,8696600
2024-03-01,54.48789596557617,57.4900016784668,57.630001068115234,56.400001525878906,56.45000076293945,7527400
2024-03-04,55.39776611328125,58.45000076293945,58.54999923706055,57.38999938964844,57.38999938964844,5250900
2024-03-05,55.511497497558594,58.56999969482422,58.97999954223633,57.90999984741211,58.45000076293945,3826500
2024-03-06,55.24612045288086,58.290000915527344,58.939998626708984,57.91999816894531,58.54999923706055,4607700
2024-03-07,55.74843978881836,58.81999969482422,58.959999084472656,57.59000015258789,57.93000030517578,4313700
2024-03-08,56.06121063232422,59.150001525878906,59.27000045776367,57.959999084472656,58.68000030517578,8208900
2024-03-11,55.511497497558594,58.56999969482422,59.540000915527344,58.29999923706055,58.720001220703125,5215800
2024-03-12,56.02330017089844,59.11000061035156,59.63999938964844,58.09000015258789,58.56999969482422,3892300
2024-03-13,56.32658767700195,59.43000030517578,59.77000045776367,58.790000915527344,59.060001373291016,3579200
2024-03-14,56.3929328918457,59.5,59.70000076293945,58.869998931884766,59.36000061035156,6073900
2024-03-15,57.62504577636719,60.79999923706055,61.0,59.369998931884766,59.47999954223633,9306200
2024-03-18,57.86198806762695,61.04999923706055,61.560001373291016,60.380001068115234,60.93000030517578,4163000
2024-03-19,59.5679931640625,62.849998474121094,63.29999923706055,61.25,61.25,7713100
2024-03-20,58.819252014160156,62.060001373291016,63.0,61.810001373291016,63.0,7167000
2024-03-21,58.800296783447266,62.040000915527344,63.0,61.56999969482422,62.54999923706055,6286700
2024-03-22,58.9045524597168,62.150001525878906,62.52000045776367,61.5099983215332,62.29999923706055,4652600
2024-03-25,58.402225494384766,61.619998931884766,62.29999923706055,61.40999984741211,62.150001525878906,4278700
2024-03-26,59.681732177734375,62.970001220703125,63.13999938964844,61.400001525878906,61.560001373291016,8470600
2024-03-27,60.468387603759766,63.79999923706055,63.95000076293945,62.93000030517578,63.04999923706055,5490100
2024-03-28,60.63898849487305,63.97999954223633,64.08000183105469,63.279998779296875,63.790000915527344,4550100
2024-04-01,61.501468658447266,64.88999938964844,65.30000305175781,64.0,64.0,5495900
2024-04-02,61.8237190246582,65.2300033569336,65.51000213623047,64.30000305175781,64.62000274658203,6264500
2024-04-03,61.22661209106445,64.5999984741211,65.4800033569336,64.08999633789062,64.83999633789062,4869600
2024-04-04,60.54420852661133,63.880001068115234,64.93000030517578,63.47999954223633,64.55000305175781,5533000
2024-04-05,59.530086517333984,62.810001373291016,63.7599983215332,62.220001220703125,63.54999923706055,4333900
2024-04-08,59.331050872802734,62.599998474121094,62.91999816894531,62.349998474121094,62.79999923706055,3183900
2024-04-09,59.0372428894043,62.290000915527344,63.290000915527344,61.66999816894531,62.599998474121094,6085100
2024-04-10,58.534915924072266,61.7599983215332,62.779998779296875,61.220001220703125,62.290000915527344,6957500
2024-04-11,58.01363754272461,61.209999084472656,61.650001525878906,61.02000045776367,61.220001220703125,6224200
2024-04-12,58.0041618347168,61.20000076293945,61.84000015258789,60.72999954223633,61.209999084472656,5587400
2024-04-15,57.86198806762695,61.04999923706055,61.79999923706055,60.400001525878906,61.20000076293945,7938000
2024-04-16,58.146324157714844,61.349998474121094,62.20000076293945,60.20000076293945,60.470001220703125,8783300
2024-04-17,57.634525299072266,60.810001373291016,61.77000045776367,60.63999938964844,61.25,4961700
2024-04-18,57.57765579223633,60.75,61.029998779296875,60.22999954223633,60.810001373291016,3993700
2024-04-19,58.01363754272461,61.209999084472656,61.599998474121094,60.40999984741211,60.75,5928700
2024-04-22,57.388099670410156,60.54999923706055,61.86000061035156,60.54999923706055,61.43000030517578,4774700
2024-04-23,56.98055648803711,60.119998931884766,60.59000015258789,59.93000030517578,60.36000061035156,4703600
2024-04-24,57.3975830078125,60.560001373291016,60.560001373291016,59.90999984741211,60.290000915527344,4435600
2024-04-25,56.77204513549805,59.900001525878906,60.93000030517578,59.779998779296875,60.18000030517578,5035900
2024-04-26,56.46875762939453,59.58000183105469,60.66999816894531,59.459999084472656,60.099998474121094,3972000
2024-04-29,55.82426452636719,58.900001525878906,59.65999984741211,58.54999923706055,59.58000183105469,5769400
2024-04-30,55.40724182128906,58.459999084472656,59.209999084472656,58.099998474121094,58.91999816894531,7417800
2024-05-02,55.92852020263672,59.0099983215332,59.400001525878906,58.5,59.040000915527344,4071800
2024-05-03,56.080162048339844,59.16999816894531,59.220001220703125,58.61000061035156,59.209999084472656,3740200
2024-05-06,56.37397766113281,59.47999954223633,59.810001373291016,58.880001068115234,59.25,2909600
2024-05-07,49.45518112182617,52.18000030517578,59.95000076293945,51.560001373291016,59.43000030517578,54329100
2024-05-08,49.58787155151367,52.31999969482422,54.22999954223633,52.20000076293945,53.220001220703125,31990400
2024-05-09,49.948028564453125,52.70000076293945,53.0,51.70000076293945,52.470001220703125,18830400
2024-05-10,49.000247955322266,51.70000076293945,53.349998474121094,50.04999923706055,51.04999923706055,18100800
2024-05-13,48.052467346191406,50.70000076293945,51.84000015258789,50.119998931884766,51.7599983215332,16968300
2024-05-14,47.25633239746094,49.86000061035156,51.4900016784668,49.79999923706055,50.9900016784668,13127500
2024-05-15,47.900821685791016,50.540000915527344,51.09000015258789,49.709999084472656,49.83000183105469,16447400
2024-05-16,48.99076461791992,51.689998626708984,51.779998779296875,50.540000915527344,50.83000183105469,13118600
2024-05-17,48.763301849365234,51.45000076293945,51.720001220703125,50.959999084472656,51.369998931884766,10579800
2024-05-20,48.38418960571289,51.04999923706055,52.59000015258789,51.04999923706055,51.779998779296875,12534400
2024-05-21,46.583404541015625,49.150001525878906,50.61000061035156,48.900001525878906,50.4900016784668,17993400
2024-05-22,45.796749114990234,48.31999969482422,49.220001220703125,48.099998474121094,49.02000045776367,10540100
2024-05-23,47.483795166015625,50.099998474121094,50.900001525878906,47.7400016784668,48.59000015258789,22801000
2024-05-24,46.38437271118164,48.939998626708984,50.2400016784668,48.79999923706055,49.59000015258789,11280200
2024-05-27,46.44123840332031,49.0,49.47999954223633,48.650001525878906,49.47999954223633,2937600
2024-05-28,46.517059326171875,49.08000183105469,49.66999816894531,48.90999984741211,49.5,5988800
2024-05-29,46.70661926269531,49.279998779296875,49.70000076293945,48.5099983215332,48.93000030517578,5110500
2024-05-31,46.15690612792969,48.70000076293945,49.599998474121094,48.630001068115234,49.29999923706055,10491800
2024-06-03,44.649932861328125,47.11000061035156,48.79999923706055,46.869998931884766,48.70000076293945,11366300
2024-06-04,44.45090103149414,46.900001525878906,47.099998474121094,46.18000030517578,46.95000076293945,9333300
2024-06-05,44.2044792175293,46.63999938964844,46.93000030517578,46.380001068115234,46.849998474121094,7038900
2024-06-06,45.82518005371094,48.349998474121094,48.54999923706055,46.45000076293945,46.70000076293945,11158700
2024-06-07,46.10951614379883,48.650001525878906,50.119998931884766,48.119998931884766,48.689998626708984,10518800
2024-06-10,47.0952033996582,49.689998626708984,49.939998626708984,48.15999984741211,48.61000061035156,7443400
2024-06-11,46.365413665771484,48.91999816894531,49.79999923706055,48.869998931884766,49.79999923706055,5385500
2024-06-12,46.44123840332031,49.0,49.63999938964844,48.25,49.220001220703125,9232700
2024-06-13,46.22325134277344,48.77000045776367,49.38999938964844,48.75,49.099998474121094,4792700
2024-06-14,46.41280746459961,48.970001220703125,49.18000030517578,48.08000183105469,48.70000076293945,5535200
2024-06-17,45.97682189941406,48.5099983215332,48.97999954223633,48.349998474121094,48.900001525878906,3995800
2024-06-18,45.77779006958008,48.29999923706055,49.119998931884766,48.15999984741211,48.63999938964844,6186800
2024-06-19,46.18533706665039,48.72999954223633,48.72999954223633,47.849998474121094,48.209999084472656,4297300
2024-06-20,45.63562774658203,48.150001525878906,49.2400016784668,48.040000915527344,48.97999954223633,5243700
2024-06-21,46.299068450927734,48.849998474121094,49.130001068115234,47.91999816894531,48.150001525878906,13715200
2024-06-24,47.0383415222168,49.630001068115234,49.900001525878906,48.75,48.75,6228500
2024-06-25,47.10468673706055,49.70000076293945,50.2599983215332,49.5,49.75,4690200
2024-06-26,48.15672302246094,50.810001373291016,51.439998626708984,49.529998779296875,49.59000015258789,9525300
2024-06-27,54.02348327636719,57.0,59.09000015258789,56.5099983215332,59.09000015258789,35970500
2024-06-28,54.032958984375,57.0099983215332,57.560001373291016,56.22999954223633,57.5,14976500
2024-07-01,54.63954162597656,57.650001525878906,57.939998626708984,57.06999969482422,57.16999816894531,7509200
2024-07-02,54.5921516418457,57.599998474121094,58.09000015258789,57.060001373291016,57.5,7265800
2024-07-03,54.345726013183594,57.34000015258789,58.119998931884766,56.369998931884766,57.619998931884766,9695100
2024-07-04,54.02348327636719,57.0,57.72999954223633,56.0,57.72999954223633,9528500
2024-07-05,51.89097595214844,54.75,56.88999938964844,54.560001373291016,56.88999938964844,17055700
2024-07-08,50.44087219238281,53.220001220703125,54.689998626708984,53.13999938964844,54.619998931884766,13585700
2024-07-09,50.07123565673828,52.83000183105469,53.599998474121094,52.599998474121094,53.22999954223633,7561400
2024-07-10,49.711082458496094,52.45000076293945,53.08000183105469,52.04999923706055,52.95000076293945,8742400
2024-07-11,50.24184036254883,53.0099983215332,53.369998931884766,52.279998779296875,52.54999923706055,4254200
2024-07-12,49.568912506103516,52.29999923706055,53.560001373291016,52.040000915527344,53.04999923706055,6791700
2024-07-15,51.36969757080078,54.20000076293945,54.810001373291016,52.58000183105469,52.58000183105469,14250100
2024-07-16,51.331787109375,54.15999984741211,55.189998626708984,54.04999923706055,54.5,5570200
2024-07-17,51.34126281738281,54.16999816894531,54.91999816894531,53.86000061035156,53.90999984741211,5182800
2024-07-18,51.066410064697266,53.880001068115234,54.65999984741211,53.68000030517578,54.31999969482422,5815100
2024-07-19,50.801029205322266,53.599998474121094,54.13999938964844,53.43000030517578,54.11000061035156,6235300
2024-07-22,50.49774169921875,53.279998779296875,53.939998626708984,52.720001220703125,53.650001525878906,7288300
2024-07-23,50.33661651611328,53.11000061035156,53.88999938964844,52.90999984741211,53.13999938964844,5380000
2024-07-24,50.26079559326172,53.029998779296875,53.470001220703125,52.72999954223633,53.220001220703125,5710100
2024-07-25,49.73004150390625,52.470001220703125,54.15999984741211,52.400001525878906,53.209999084472656,6972800
2024-07-26,49.08554458618164,51.790000915527344,52.59000015258789,51.66999816894531,52.5,8078500
2024-07-29,50.02384567260742,52.779998779296875,53.2599983215332,51.45000076293945,51.720001220703125,5174400
2024-07-30,50.63042449951172,53.41999816894531,53.72999954223633,52.18000030517578,52.79999923706055,7154700
2024-07-31,51.04745101928711,53.86000061035156,54.040000915527344,52.709999084472656,53.43000030517578,5640200
2024-08-01,50.99058532714844,53.79999923706055,54.66999816894531,53.34000015258789,53.7400016784668,5096700
2024-08-02,50.23236083984375,53.0,54.060001373291016,52.88999938964844,53.0,8273400
2024-08-05,50.26079559326172,53.029998779296875,53.15999984741211,51.709999084472656,52.13999938964844,5982900
2024-08-06,49.18032455444336,51.88999938964844,52.939998626708984,51.68000030517578,52.86000061035156,10699100
2024-08-07,49.47413635253906,52.20000076293945,52.77000045776367,51.33000183105469,51.790000915527344,6144300
2024-08-08,50.801029205322266,53.599998474121094,54.08000183105469,51.720001220703125,51.900001525878906,7362100
2024-08-09,51.654029846191406,54.5,55.689998626708984,54.0099983215332,55.22999954223633,17574400
2024-08-12,51.54977798461914,54.38999938964844,54.93000030517578,53.810001373291016,54.5,6660000
2024-08-13,51.69194412231445,54.540000915527344,55.27000045776367,54.27000045776367,54.58000183105469,7419700
2024-08-14,51.84358596801758,54.70000076293945,55.0,54.36000061035156,54.5099983215332,6591400
2024-08-15,50.78207778930664,53.58000183105469,54.9900016784668,53.279998779296875,54.970001220703125,7691600
2024-08-16,51.568729400634766,54.40999984741211,54.5,53.5,53.5099983215332,7231900
2024-08-19,52.16583251953125,55.040000915527344,55.29999923706055,54.40999984741211,54.47999954223633,4617700
2024-08-20,52.952491760253906,55.869998931884766,56.130001068115234,54.880001068115234,55.099998474121094,5086000
2024-08-21,53.511680603027344,56.459999084472656,56.91999816894531,56.02000045776367,56.06999969482422,4709300
2024-08-22,53.464290618896484,56.40999984741211,57.09000015258789,56.0099983215332,56.439998626708984,4154500
2024-08-23,53.151527404785156,56.08000183105469,56.529998779296875,55.650001525878906,56.40999984741211,5096400
2024-08-26,52.29852294921875,55.18000030517578,56.380001068115234,55.060001373291016,56.20000076293945,6137000
2024-08-27,52.71554183959961,55.619998931884766,55.79999923706055,54.79999923706055,55.29999923706055,4179300
2024-08-28,53.151527404785156,56.08000183105469,56.2599983215332,55.400001525878906,55.5,4843700
2024-08-29,52.60181427001953,55.5,56.400001525878906,55.20000076293945,56.08000183105469,4555200
2024-08-30,52.12792205810547,55.0,55.90999984741211,54.72999954223633,55.34000015258789,11325400
2024-09-02,52.213218688964844,55.09000015258789,55.97999954223633,54.72999954223633,54.72999954223633,3703900
2024-09-03,51.73933029174805,54.59000015258789,55.11000061035156,54.11000061035156,54.86000061035156,4997200
2024-09-04,52.48807907104492,55.380001068115234,55.9900016784668,54.599998474121094,54.90999984741211,4691300
2024-09-05,52.3932991027832,55.279998779296875,55.470001220703125,54.5099983215332,55.099998474121094,4787200
2024-09-06,51.530818939208984,54.369998931884766,55.41999816894531,54.2400016784668,55.130001068115234,3791100
2024-09-09,51.29387664794922,54.119998931884766,54.650001525878906,54.0099983215332,54.36000061035156,2960100
2024-09-10,52.317474365234375,55.20000076293945,55.560001373291016,54.04999923706055,54.11000061035156,5435600
2024-09-11,52.24165344238281,55.119998931884766,55.45000076293945,54.58000183105469,55.16999816894531,6959100
2024-09-12,51.54977798461914,54.38999938964844,55.310001373291016,54.20000076293945,54.75,3523800
2024-09-13,51.45499801635742,54.290000915527344,54.97999954223633,54.15999984741211,54.38999938964844,2673700
2024-09-16,50.25131607055664,53.02000045776367,54.43000030517578,52.83000183105469,54.33000183105469,4498900
2024-09-17,50.50721740722656,53.290000915527344,53.540000915527344,52.529998779296875,52.83000183105469,3894100
2024-09-18,49.85324478149414,52.599998474121094,53.5099983215332,52.43000030517578,53.02000045776367,3951900
2024-09-19,49.82481384277344,52.56999969482422,52.900001525878906,52.38999938964844,52.5099983215332,5174600
2024-09-20,49.60682678222656,52.34000015258789,52.66999816894531,52.02000045776367,52.52000045776367,7148400
2024-09-23,48.952857971191406,51.650001525878906,52.099998474121094,51.16999816894531,52.04999923706055,7444900
2024-09-24,50.24184036254883,53.0099983215332,53.27000045776367,51.86000061035156,52.060001373291016,5524300
2024-09-25,49.43622589111328,52.15999984741211,53.06999969482422,52.15999984741211,52.86000061035156,3133800
2024-09-26,51.40760803222656,54.2400016784668,54.34000015258789,52.290000915527344,52.290000915527344,6674600
2024-09-27,51.54029846191406,54.380001068115234,54.93000030517578,53.939998626708984,54.02000045776367,4778500
2024-09-30,51.597164154052734,54.439998626708984,54.97999954223633,54.029998779296875,54.060001373291016,4823200
2024-10-01,52.02366638183594,54.88999938964844,55.189998626708984,54.459999084472656,54.5099983215332,5015400
2024-10-02,52.222694396972656,55.099998474121094,55.77000045776367,54.810001373291016,55.25,4127600
2024-10-03,51.98575210571289,54.849998474121094,54.939998626708984,54.13999938964844,54.439998626708984,3641300
2024-10-04,52.8387565612793,55.75,55.75,54.5,54.5,4004700
2024-10-07,52.87666702270508,55.790000915527344,56.380001068115234,55.40999984741211,55.79999923706055,3328500
2024-10-08,52.79136657714844,55.70000076293945,55.810001373291016,55.08000183105469,55.099998474121094,6838000
2024-10-09,51.54029846191406,54.380001068115234,55.70000076293945,54.33000183105469,55.31999969482422,6277700
2024-10-10,51.30335235595703,54.130001068115234,54.439998626708984,53.709999084472656,54.380001068115234,3863800
2024-10-11,51.36969757080078,54.20000076293945,55.25,53.86000061035156,54.130001068115234,5491800
2024-10-14,51.834110260009766,54.689998626708984,55.130001068115234,53.70000076293945,54.099998474121094,3669100
2024-10-15,51.862545013427734,54.720001220703125,54.86000061035156,54.09000015258789,54.560001373291016,4039000
2024-10-16,51.616119384765625,54.459999084472656,54.869998931884766,54.15999984741211,54.779998779296875,3973300
2024-10-17,52.13739776611328,55.0099983215332,55.34000015258789,53.79999923706055,54.20000076293945,4569200
2024-10-18,52.85771560668945,55.77000045776367,55.939998626708984,54.84000015258789,55.20000076293945,5181000
2024-10-21,53.33160400390625,56.27000045776367,56.959999084472656,55.54999923706055,55.58000183105469,6468700
2024-10-22,54.57319641113281,57.58000183105469,58.189998626708984,55.86000061035156,56.029998779296875,9250300
2024-10-23,54.544761657714844,57.54999923706055,58.209999084472656,57.25,57.52000045776367,4728500
2024-10-24,54.40259552001953,57.400001525878906,57.970001220703125,57.18000030517578,57.400001525878906,5484200
2024-10-25,55.91904067993164,59.0,59.91999816894531,58.18000030517578,58.29999923706055,11847600
2024-10-28,56.24128723144531,59.34000015258789,60.66999816894531,59.029998779296875,59.27000045776367,7574300
2024-10-29,56.44980239868164,59.560001373291016,59.88999938964844,59.06999969482422,59.4900016784668,5425200
2024-10-30,57.23645782470703,60.38999938964844,60.38999938964844,59.31999969482422,59.31999969482422,5863100
2024-10-31,56.648834228515625,59.77000045776367,60.880001068115234,59.58000183105469,60.209999084472656,7265200
2024-11-01,56.85734939575195,59.9900016784668,60.189998626708984,59.45000076293945,59.79999923706055,5955100
2024-11-04,56.8383903503418,59.970001220703125,60.150001525878906,59.5099983215332,60.0,4600300
2024-11-05,57.3407096862793,60.5,60.630001068115234,59.900001525878906,60.16999816894531,3881200
2024-11-06,56.3929328918457,59.5,61.40999984741211,59.20000076293945,60.0,7906400
2024-11-07,55.81478500366211,58.88999938964844,59.470001220703125,58.38999938964844,59.11000061035156,8987700
2024-11-08,55.35037612915039,58.400001525878906,59.029998779296875,57.650001525878906,59.029998779296875,5585800
2024-11-11,55.13238525390625,58.16999816894531,59.04999923706055,57.86000061035156,58.95000076293945,3401900
2024-11-12,56.27920150756836,59.380001068115234,59.40999984741211,58.099998474121094,58.16999816894531,5850600
2024-11-13,56.629878997802734,59.75,59.95000076293945,58.9900016784668,59.380001068115234,5120600
2024-11-14,57.388099670410156,60.54999923706055,60.88999938964844,59.470001220703125,60.880001068115234,9744300
2024-11-18,57.54922866821289,60.720001220703125,61.08000183105469,59.97999954223633,60.29999923706055,4396300
2024-11-19,57.24593734741211,60.400001525878906,60.97999954223633,60.27000045776367,60.61000061035156,2570600
2024-11-21,57.615570068359375,60.790000915527344,61.189998626708984,60.20000076293945,60.22999954223633,5655400
2024-11-22,57.530269622802734,60.70000076293945,61.34000015258789,60.310001373291016,60.790000915527344,3972300
2024-11-25,56.77204513549805,59.900001525878906,60.97999954223633,59.869998931884766,60.380001068115234,17136500
2024-11-26,56.2033805847168,59.29999923706055,60.18000030517578,58.720001220703125,60.06999969482422,8100500
2024-11-27,56.620399475097656,59.7400016784668,60.41999816894531,59.08000183105469,59.310001373291016,9004300
2024-11-28,58.31692886352539,61.529998779296875,61.97999954223633,59.400001525878906,59.59000015258789,9420500
2024-11-29,59.14149856567383,62.400001525878906,63.29999923706055,61.65999984741211,61.900001525878906,12601500
2024-12-02,58.85716247558594,62.099998474121094,62.93000030517578,61.529998779296875,62.060001373291016,7499400
2024-12-03,60.08927917480469,63.400001525878906,63.400001525878906,61.79999923706055,62.0,7581500
2024-12-04,61.65311813354492,65.05000305175781,65.3499984741211,64.12999725341797,64.19999694824219,9603900
2024-12-05,61.70050048828125,65.0999984741211,65.47000122070312,63.65999984741211,65.0199966430664,15465600
2024-12-06,62.01326370239258,65.43000030517578,65.66000366210938,64.5999984741211,65.0999984741211,6608800
2024-12-09,63.1695671081543,66.6500015258789,66.80999755859375,65.19999694824219,65.47000122070312,5458700
2024-12-10,61.23609161376953,64.61000061035156,66.81999969482422,64.51000213623047,66.79000091552734,7524400
2024-12-11,60.752723693847656,64.0999984741211,64.91000366210938,63.400001525878906,64.33999633789062,10275100
2024-12-12,59.71016311645508,63.0,63.790000915527344,62.36000061035156,62.849998474121094,9932300
2024-12-13,59.16044998168945,62.41999816894531,63.34000015258789,62.27000045776367,63.29999923706055,6271400
2024-12-16,60.534732818603516,63.869998931884766,64.20999908447266,62.41999816894531,62.900001525878906,9269100
2024-12-17,60.83554458618164,62.15999984741211,63.29999923706055,62.04999923706055,62.540000915527344,11330400
2024-12-18,60.297264099121094,61.61000061035156,62.61000061035156,61.220001220703125,62.08000183105469,10247500
2024-12-19,59.406654357910156,60.70000076293945,61.959999084472656,60.31999969482422,61.939998626708984,7667600
2024-12-20,58.349666595458984,59.619998931884766,60.04999923706055,59.16999816894531,60.0,14103300
2024-12-23,59.935150146484375,61.2400016784668,61.400001525878906,59.130001068115234,59.68000030517578,7450600
2024-12-26,60.620235443115234,61.939998626708984,62.16999816894531,61.15999984741211,61.5,4414200
2024-12-27,60.27769088745117,61.59000015258789,62.31999969482422,61.04999923706055,62.099998474121094,4316400
2024-12-30,60.46364212036133,61.779998779296875,62.25,61.70000076293945,61.900001525878906,4737600
2025-01-02,61.0704345703125,62.400001525878906,63.02000045776367,61.349998474121094,61.36000061035156,5787400
2025-01-03,61.3444709777832,62.68000030517578,63.540000915527344,62.400001525878906,62.5099983215332,8122000
2025-01-06,61.11936950683594,62.45000076293945,62.68000030517578,61.86000061035156,62.310001373291016,3577500
2025-01-07,60.69853210449219,62.02000045776367,62.5,61.310001373291016,62.439998626708984,5330800
2025-01-08,60.48321533203125,61.79999923706055,62.84000015258789,61.040000915527344,62.36000061035156,8023000
2025-01-09,60.160247802734375,61.470001220703125,62.290000915527344,61.20000076293945,61.459999084472656,3003700
2025-01-10,60.13088607788086,61.439998626708984,61.88999938964844,60.540000915527344,61.56999969482422,5157300
2025-01-13,60.75725173950195,62.08000183105469,62.70000076293945,61.290000915527344,61.38999938964844,3958400
2025-01-14,59.63175582885742,60.93000030517578,62.439998626708984,60.81999969482422,62.09000015258789,4942700
2025-01-15,59.78834533691406,61.09000015258789,61.810001373291016,59.93000030517578,61.810001373291016,5333700
2025-01-16,59.07390213012695,60.36000061035156,61.47999954223633,59.7400016784668,61.09000015258789,5717600
2025-01-17,60.95298767089844,62.279998779296875,62.400001525878906,60.2400016784668,60.70000076293945,7500200
2025-01-20,60.48321533203125,61.79999923706055,62.29999923706055,61.34000015258789,62.0,3212200
2025-01-21,61.0704345703125,62.400001525878906,62.599998474121094,61.650001525878906,62.029998779296875,3732500
2025-01-22,60.09174346923828,61.400001525878906,63.150001525878906,61.220001220703125,62.619998931884766,5029100
2025-01-23,61.4129753112793,62.75,63.060001373291016,61.290000915527344,61.290000915527344,5849200
2025-01-24,61.422760009765625,62.7599983215332,63.0099983215332,62.0099983215332,62.81999969482422,2748800
2025-01-27,61.745731353759766,63.09000015258789,63.400001525878906,62.349998474121094,62.7599983215332,4296900
2025-01-28,61.422760009765625,62.7599983215332,63.38999938964844,62.310001373291016,62.709999084472656,2937100
2025-01-29,60.87469482421875,62.20000076293945,63.31999969482422,62.11000061035156,63.06999969482422,4256300
2025-01-30,61.031288146972656,62.36000061035156,62.970001220703125,61.86000061035156,62.560001373291016,4598900
2025-01-31,61.041072845458984,62.369998931884766,62.81999969482422,61.83000183105469,62.56999969482422,4468900
2025-02-03,61.11936950683594,62.45000076293945,63.5099983215332,62.029998779296875,62.54999923706055,4002600
2025-02-04,58.643272399902344,59.91999816894531,62.709999084472656,59.88999938964844,62.45000076293945,6826300
2025-02-05,58.41817092895508,59.689998626708984,61.0099983215332,59.5,60.220001220703125,5385800
2025-02-06,58.809654235839844,60.09000015258789,60.220001220703125,59.599998474121094,59.70000076293945,2647400
2025-02-07,58.25179672241211,59.52000045776367,60.099998474121094,59.150001525878906,60.02000045776367,4356300
2025-02-10,58.085418701171875,59.349998474121094,60.099998474121094,58.83000183105469,60.0099983215332,3097900
2025-02-11,57.67436981201172,58.93000030517578,59.689998626708984,58.459999084472656,59.689998626708984,5277700
2025-02-12,56.734825134277344,57.970001220703125,58.77000045776367,57.400001525878906,58.70000076293945,6929700
2025-02-13,57.96797561645508,59.22999954223633,59.540000915527344,57.540000915527344,58.02000045776367,8209400
2025-02-14,57.5960693359375,58.849998474121094,59.599998474121094,57.650001525878906,59.34000015258789,7934600
2025-02-17,56.57823181152344,57.810001373291016,59.16999816894531,57.47999954223633,58.9900016784668,5918200
2025-02-18,56.470577239990234,57.70000076293945,58.220001220703125,57.34000015258789,58.02000045776367,7408000
2025-02-19,56.83269500732422,58.06999969482422,58.56999969482422,57.34000015258789,57.529998779296875,5830900
2025-02-20,56.44121551513672,57.66999816894531,58.130001068115234,57.470001220703125,58.06999969482422,4897100
2025-02-21,56.27484130859375,57.5,58.27000045776367,57.08000183105469,57.91999816894531,10051400
2025-02-24,55.81485366821289,57.029998779296875,57.849998474121094,56.88999938964844,57.54999923706055,3222800
2025-02-25,55.628902435302734,56.84000015258789,57.650001525878906,56.66999816894531,57.63999938964844,5713200
2025-02-26,55.824642181396484,57.040000915527344,57.349998474121094,56.7400016784668,57.20000076293945,4719000
2025-02-27,55.951866149902344,57.16999816894531,57.84000015258789,56.84000015258789,57.060001373291016,5154300
2025-02-28,55.11019515991211,56.310001373291016,57.279998779296875,56.04999923706055,56.959999084472656,7300300
2025-03-05,54.19021987915039,55.369998931884766,56.61000061035156,55.130001068115234,56.189998626708984,4952200
2025-03-06,53.98469924926758,55.15999984741211,55.849998474121094,54.689998626708984,55.63999938964844,5269600
2025-03-07,54.16086196899414,55.34000015258789,55.650001525878906,54.45000076293945,54.81999969482422,5896900
2025-03-10,54.40553283691406,55.59000015258789,55.689998626708984,54.68000030517578,55.0099983215332,4789500
2025-03-11,53.95533752441406,55.130001068115234,56.099998474121094,54.7400016784668,55.68000030517578,4690700
2025-03-12,53.583431243896484,54.75,55.349998474121094,54.47999954223633,55.150001525878906,4171200
2025-03-13,53.152809143066406,54.310001373291016,54.86000061035156,54.150001525878906,54.70000076293945,4006700
2025-03-14,52.98643112182617,54.13999938964844,54.68000030517578,53.970001220703125,54.54999923706055,6516300
2025-03-17,53.43662643432617,54.599998474121094,55.029998779296875,54.02000045776367,54.22999954223633,5510800
2025-03-18,53.837890625,55.0099983215332,55.0099983215332,54.20000076293945,54.599998474121094,5857400
2025-03-19,53.68130111694336,54.849998474121094,56.16999816894531,54.79999923706055,55.20000076293945,5521900
2025-03-20,54.65020751953125,55.84000015258789,56.27000045776367,54.7599983215332,54.91999816894531,8531700
2025-03-21,53.19195556640625,54.349998474121094,56.15999984741211,54.2599983215332,56.040000915527344,9136700
2025-03-24,52.97664260864258,54.130001068115234,54.75,54.0099983215332,54.459999084472656,3802700
2025-03-25,52.2719841003418,53.40999984741211,54.400001525878906,53.04999923706055,54.27000045776367,5594300
2025-03-26,52.379638671875,53.52000045776367,53.81999969482422,53.11000061035156,53.439998626708984,4800600
2025-03-27,52.75154495239258,53.900001525878906,54.08000183105469,53.0099983215332,53.79999923706055,7066000
2025-03-28,52.06645965576172,53.20000076293945,54.689998626708984,53.20000076293945,54.25,4908800
2025-03-31,51.81199645996094,52.939998626708984,53.45000076293945,52.939998626708984,53.2599983215332,4144800
2025-04-01,52.26219940185547,53.400001525878906,53.63999938964844,52.83000183105469,53.25,3579600
2025-04-02,52.30134201049805,53.439998626708984,53.66999816894531,53.02000045776367,53.400001525878906,2564200
2025-04-03,49.981842041015625,51.06999969482422,53.0,50.97999954223633,52.849998474121094,9521200
2025-04-04,49.815467834472656,50.900001525878906,51.310001373291016,50.029998779296875,50.5,7573200
2025-04-07,49.423988342285156,50.5,51.41999816894531,50.119998931884766,50.68000030517578,8045600
2025-04-08,49.629512786865234,50.709999084472656,52.11000061035156,50.400001525878906,50.56999969482422,10377100
2025-04-09,51.12691879272461,52.2400016784668,53.099998474121094,50.59000015258789,50.869998931884766,13225400
2025-04-10,51.12691879272461,52.2400016784668,52.5099983215332,51.150001525878906,52.470001220703125,4926000
2025-04-11,50.539695739746094,51.63999938964844,52.349998474121094,51.02000045776367,52.290000915527344,6029100
2025-04-14,51.29328918457031,52.40999984741211,52.7400016784668,51.599998474121094,51.95000076293945,4573200
2025-04-15,50.84309387207031,51.95000076293945,52.400001525878906,51.599998474121094,52.400001525878906,3495400
2025-04-16,50.75501251220703,51.86000061035156,52.47999954223633,51.72999954223633,51.90999984741211,3890300
2025-04-17,50.735435485839844,51.84000015258789,52.2400016784668,51.66999816894531,51.970001220703125,3815100
2025-04-22,50.725650787353516,51.83000183105469,52.220001220703125,51.75,51.790000915527344,4754200
2025-04-23,51.32265090942383,52.439998626708984,52.790000915527344,51.5,52.130001068115234,6264600
2025-04-24,51.13669967651367,52.25,52.689998626708984,51.4900016784668,52.459999084472656,4642600
2025-04-25,50.18737030029297,51.279998779296875,51.4900016784668,50.61000061035156,51.439998626708984,11836900
2025-04-28,49.76652908325195,50.849998474121094,51.470001220703125,50.2599983215332,51.470001220703125,7957200
2025-04-29,49.28697204589844,50.36000061035156,51.040000915527344,50.16999816894531,51.040000915527344,5033900
2025-04-30,49.012939453125,50.08000183105469,50.529998779296875,49.900001525878906,50.459999084472656,6310300
2025-05-02,49.57079315185547,50.650001525878906,50.790000915527344,49.310001373291016,50.040000915527344,4444300
2025-05-05,49.423988342285156,50.5,51.06999969482422,50.029998779296875,50.709999084472656,3093100
2025-05-06,49.36526870727539,50.439998626708984,50.83000183105469,50.119998931884766,50.2599983215332,3089200
2025-05-07,50.148223876953125,51.2400016784668,51.630001068115234,50.45000076293945,50.70000076293945,4587600
2025-05-08,50.373321533203125,51.470001220703125,51.90999984741211,51.0099983215332,51.40999984741211,5293300
2025-05-09,49.02272415161133,50.09000015258789,50.97999954223633,49.2599983215332,49.2599983215332,10694300
2025-05-12,51.13669967651367,52.25,52.7400016784668,51.310001373291016,51.5,8634700
2025-05-13,51.91965103149414,53.04999923706055,53.400001525878906,51.52000045776367,52.060001373291016,6548800
2025-05-14,51.88050842285156,53.0099983215332,54.150001525878906,52.7400016784668,53.25,5922900
2025-05-15,52.673248291015625,53.81999969482422,54.09000015258789,52.939998626708984,53.20000076293945,4339800
2025-05-16,52.52643966674805,53.66999816894531,54.0,53.02000045776367,53.88999938964844,5857100
2025-05-19,52.056671142578125,53.189998626708984,53.59000015258789,52.900001525878906,53.529998779296875,2988200
2025-05-20,51.89029312133789,53.02000045776367,53.220001220703125,52.720001220703125,53.189998626708984,2585200
2025-05-21,52.07624435424805,53.209999084472656,53.41999816894531,52.61000061035156,52.7400016784668,9223100
2025-05-22,52.056671142578125,53.189998626708984,53.849998474121094,52.75,53.130001068115234,5871800
2025-05-23,51.831573486328125,52.959999084472656,53.689998626708984,52.439998626708984,53.290000915527344,3253300
2025-05-26,51.635833740234375,52.7599983215332,53.099998474121094,52.060001373291016,53.099998474121094,2931100
2025-05-27,50.216732025146484,51.310001373291016,52.599998474121094,50.900001525878906,52.5099983215332,14854900
2025-05-28,49.9720573425293,51.060001373291016,52.040000915527344,51.060001373291016,51.20000076293945,4793300
2025-05-29,49.50228500366211,50.58000183105469,51.41999816894531,50.2599983215332,50.9900016784668,8144300
2025-05-30,48.59210205078125,49.650001525878906,50.68000030517578,49.349998474121094,50.61000061035156,10637600
2025-06-02,48.52359390258789,49.58000183105469,50.2599983215332,49.439998626708984,49.95000076293945,7892100
2025-06-03,49.32612228393555,50.400001525878906,51.040000915527344,49.5,49.5099983215332,7827500
2025-06-04,48.69975280761719,49.7599983215332,50.5,49.650001525878906,50.40999984741211,7379100
2025-06-05,51.772850036621094,52.900001525878906,53.150001525878906,50.709999084472656,52.720001220703125,21243900
2025-06-06,52.281768798828125,53.41999816894531,54.439998626708984,53.0,53.150001525878906,10829500
2025-06-09,52.42857360839844,53.56999969482422,53.880001068115234,53.18000030517578,53.38999938964844,3440700
2025-06-10,52.154541015625,53.290000915527344,53.810001373291016,53.18000030517578,53.66999816894531,4026600
2025-06-11,51.85114669799805,52.97999954223633,53.91999816894531,52.720001220703125,53.5,4268000
2025-06-12,51.82178497314453,52.95000076293945,53.20000076293945,52.130001068115234,52.5099983215332,4865700
2025-06-13,52.957069396972656,54.11000061035156,55.41999816894531,53.970001220703125,54.439998626708984,10362600
2025-06-16,53.094085693359375,54.25,54.630001068115234,53.810001373291016,54.34000015258789,6625900
2025-06-17,51.51839065551758,52.63999938964844,54.220001220703125,52.5,53.91999816894531,5758300
2025-06-18,51.68477249145508,52.810001373291016,53.20000076293945,52.5,52.70000076293945,3637000
2025-06-20,50.76479721069336,51.869998931884766,52.970001220703125,51.869998931884766,52.5099983215332,5138900
2025-06-23,50.64735412597656,51.75,52.08000183105469,51.400001525878906,51.70000076293945,4809100
2025-06-24,50.74522399902344,51.849998474121094,52.15999984741211,51.709999084472656,52.06999969482422,5673000
2025-06-25,50.39289474487305,51.4900016784668,52.150001525878906,51.40999984741211,51.630001068115234,3992800
2025-06-26,50.510337829589844,51.61000061035156,52.119998931884766,51.439998626708984,51.470001220703125,7744900
2025-06-27,50.06013870239258,51.150001525878906,51.52000045776367,50.81999969482422,51.369998931884766,4123800
2025-06-30,50.118858337402344,51.209999084472656,51.38999938964844,50.72999954223633,51.040000915527344,6046600
2025-07-01,49.756744384765625,50.84000015258789,51.65999984741211,50.5099983215332,51.63999938964844,3815800
2025-07-02,50.60820388793945,51.709999084472656,51.7400016784668,50.720001220703125,50.7400016784668,7066900
2025-07-03,50.950748443603516,52.060001373291016,52.310001373291016,51.400001525878906,51.709999084472656,3505400
2025-07-04,50.84309387207031,51.95000076293945,52.2599983215332,51.70000076293945,52.060001373291016,1260600
2025-07-07,49.92312240600586,51.0099983215332,51.90999984741211,51.0099983215332,51.90999984741211,2836800
2025-07-08,49.844825744628906,50.93000030517578,51.18000030517578,50.689998626708984,51.18000030517578,2400900
2025-07-09,48.93464279174805,50.0,50.880001068115234,49.810001373291016,50.77000045776367,3631300
2025-07-10,48.787837982177734,49.849998474121094,50.720001220703125,49.150001525878906,49.16999816894531,8351700
2025-07-11,48.83677673339844,49.900001525878906,50.099998474121094,49.54999923706055,49.849998474121094,3331300
2025-07-14,48.88570785522461,49.95000076293945,50.38999938964844,49.43000030517578,49.84000015258789,3608500
2025-07-15,49.423988342285156,50.5,50.720001220703125,49.75,50.099998474121094,4601200
2025-07-16,49.44356155395508,50.52000045776367,50.650001525878906,50.0099983215332,50.45000076293945,4952100
2025-07-17,49.423988342285156,50.5,50.970001220703125,50.13999938964844,50.599998474121094,3191600
2025-07-18,49.53164291381836,50.61000061035156,50.75,50.16999816894531,50.2400016784668,7229900
2025-07-21,49.913333892822266,51.0,51.45000076293945,50.560001373291016,50.72999954223633,3868300
2025-07-22,50.16779327392578,51.2599983215332,51.52000045776367,51.0,51.349998474121094,4187500
2025-07-23,50.64735412597656,51.75,52.099998474121094,50.97999954223633,50.97999954223633,2640500
2025-07-24,50.40268325805664,51.5,51.880001068115234,51.38999938964844,51.65999984741211,2364100
2025-07-25,51.44988250732422,52.56999969482422,52.7599983215332,51.369998931884766,51.369998931884766,4313800
2025-07-28,51.03883361816406,52.150001525878906,52.72999954223633,51.970001220703125,52.59000015258789,3433200
2025-07-29,50.74522399902344,51.849998474121094,52.22999954223633,51.70000076293945,52.15999984741211,2336400
2025-07-30,51.06819152832031,52.18000030517578,53.09000015258789,50.95000076293945,51.95000076293945,8802400
2025-07-31,51.03883361816406,52.150001525878906,52.81999969482422,51.59000015258789,52.38999938964844,5256000
2025-08-01,50.637569427490234,51.7400016784668,52.599998474121094,51.470001220703125,52.279998779296875,6867800
2025-08-04,49.688236236572266,50.77000045776367,52.18000030517578,50.279998779296875,52.18000030517578,5618100
2025-08-05,49.883975982666016,50.970001220703125,51.150001525878906,50.349998474121094,50.97999954223633,2033300
2025-08-06,50.52012252807617,51.619998931884766,51.70000076293945,50.77000045776367,51.2599983215332,3581100
2025-08-07,52.98643112182617,54.13999938964844,54.79999923706055,52.66999816894531,52.959999084472656,10788500
2025-08-08,53.417057037353516,54.58000183105469,55.279998779296875,53.540000915527344,54.18000030517578,5482500
2025-08-11,52.927711486816406,54.08000183105469,54.459999084472656,53.459999084472656,54.349998474121094,3457600
2025-08-12,52.93749237060547,54.09000015258789,54.54999923706055,53.599998474121094,54.04999923706055,3852700
2025-08-13,52.71239471435547,53.86000061035156,54.209999084472656,53.619998931884766,54.119998931884766,3160200
2025-08-14,52.761329650878906,53.90999984741211,54.06999969482422,53.470001220703125,53.709999084472656,1838100
2025-08-15,52.19369125366211,53.33000183105469,54.66999816894531,53.22999954223633,53.81999969482422,5954500
2025-08-18,51.47924041748047,52.599998474121094,53.470001220703125,52.439998626708984,53.06999969482422,6656100
2025-08-19,51.88050842285156,53.0099983215332,53.06999969482422,52.20000076293945,52.33000183105469,5430200
2025-08-20,51.37158966064453,52.4900016784668,53.220001220703125,52.38999938964844,52.90999984741211,2604900
2025-08-21,51.18563461303711,52.29999923706055,52.529998779296875,52.0099983215332,52.4900016784668,1905800
2025-08-22,52.614524841308594,53.7599983215332,53.88999938964844,53.02000045776367,53.4900016784668,5248500
2025-08-25,52.2719841003418,53.40999984741211,53.97999954223633,53.290000915527344,53.81999969482422,2604200
2025-08-26,51.48903274536133,52.61000061035156,53.54999923706055,52.61000061035156,53.209999084472656,3907200
2025-08-27,51.85114669799805,52.97999954223633,53.060001373291016,52.52000045776367,52.61000061035156,2707100
2025-08-28,51.704341888427734,52.83000183105469,53.29999923706055,52.70000076293945,53.29999923706055,3254300
2025-08-29,51.33243942260742,52.45000076293945,53.22999954223633,52.43000030517578,52.849998474121094,4318500
2025-09-01,51.4303092956543,52.54999923706055,52.72999954223633,51.849998474121094,52.59000015258789,1853600
2025-09-02,51.146484375,52.2599983215332,52.9900016784668,52.22999954223633,52.5,2160200
2025-09-03,50.8626708984375,51.970001220703125,53.66999816894531,51.709999084472656,52.45000076293945,4176100
2025-09-04,50.569053649902344,51.66999816894531,52.20000076293945,51.40999984741211,52.06999969482422,3848400
2025-09-05,50.882240295410156,51.9900016784668,52.18000030517578,50.869998931884766,51.939998626708984,4145500
2025-09-08,50.50054931640625,51.599998474121094,52.20000076293945,51.31999969482422,52.11000061035156,5668300
2025-09-09,50.8039436340332,51.90999984741211,52.400001525878906,51.40999984741211,51.83000183105469,4768100
2025-09-10,49.717594146728516,50.79999923706055,51.93000030517578,50.79999923706055,51.93000030517578,5697800
2025-09-11,50.45161819458008,51.54999923706055,51.54999923706055,50.84000015258789,51.119998931884766,4438400
2025-09-12,49.3554801940918,50.43000030517578,51.540000915527344,50.43000030517578,51.45000076293945,4190400
2025-09-15,49.423988342285156,50.5,50.689998626708984,50.209999084472656,50.68000030517578,3698800
2025-09-16,49.60015106201172,50.68000030517578,51.150001525878906,50.38999938964844,50.70000076293945,3768300
2025-09-17,49.815467834472656,50.900001525878906,51.220001220703125,50.33000183105469,50.75,4711400
2025-09-18,49.649085998535156,50.72999954223633,51.029998779296875,50.16999816894531,51.02000045776367,3944000
2025-09-19,49.423988342285156,50.5,51.15999984741211,50.470001220703125,50.90999984741211,6515100
2025-09-22,49.277183532714844,50.349998474121094,50.75,50.25,50.54999923706055,6973500
2025-09-23,49.06187438964844,50.130001068115234,51.06999969482422,50.130001068115234,50.560001373291016,3438200
2025-09-24,48.88570785522461,49.95000076293945,50.34000015258789,49.52000045776367,50.2599983215332,6218100
2025-09-25,49.16952896118164,50.2400016784668,50.68000030517578,49.689998626708984,50.02000045776367,7714900
2025-09-26,48.396358489990234,49.45000076293945,50.36000061035156,49.40999984741211,50.29999923706055,3803300
2025-09-29,48.1223258972168,49.16999816894531,49.7599983215332,48.70000076293945,49.7599983215332,4990200
2025-09-30,48.83677673339844,49.900001525878906,49.900001525878906,48.900001525878906,49.45000076293945,7034700
2025-10-01,48.82698440551758,49.88999938964844,50.400001525878906,49.66999816894531,49.75,2888900
2025-10-02,49.032508850097656,50.099998474121094,50.2599983215332,49.52000045776367,49.869998931884766,5306000
2025-10-03,49.619728088378906,50.70000076293945,51.13999938964844,49.86000061035156,50.11000061035156,5529000
2025-10-06,48.44529724121094,49.5,50.790000915527344,49.310001373291016,50.63999938964844,4504200
2025-10-07,47.84829330444336,48.88999938964844,50.0,48.869998931884766,49.43000030517578,7097600
2025-10-08,46.810882568359375,47.83000183105469,49.029998779296875,47.810001373291016,48.88999938964844,9745300
2025-10-09,46.673858642578125,47.689998626708984,48.310001373291016,47.52000045776367,47.97999954223633,3182900
2025-10-10,47.163204193115234,48.189998626708984,48.790000915527344,47.79999923706055,47.79999923706055,5447200
2025-10-13,47.18278121948242,48.209999084472656,48.54999923706055,48.06999969482422,48.34000015258789,3707800
2025-10-14,46.96746826171875,47.9900016784668,48.41999816894531,47.95000076293945,48.099998474121094,3933100
2025-10-15,46.615142822265625,47.630001068115234,48.15999984741211,47.22999954223633,47.9900016784668,8159100
2025-10-16,46.781517028808594,47.79999923706055,47.93000030517578,47.25,47.40999984741211,3663700
2025-10-17,46.615142822265625,47.630001068115234,48.060001373291016,47.5,48.04999923706055,4198600
2025-10-20,46.69343566894531,47.709999084472656,48.0,47.459999084472656,47.599998474121094,3992100
2025-10-21,46.46833801269531,47.47999954223633,47.849998474121094,47.27000045776367,47.77000045776367,3010100
2025-10-22,47.192569732666016,48.220001220703125,48.34000015258789,47.439998626708984,47.439998626708984,3648800
2025-10-23,47.63298034667969,48.66999816894531,48.7400016784668,48.209999084472656,48.34000015258789,2825900
2025-10-24,48.05381393432617,49.099998474121094,49.45000076293945,48.689998626708984,48.86000061035156,4135300
2025-10-27,48.06360626220703,49.11000061035156,49.43000030517578,48.68000030517578,49.20000076293945,3245700
2025-10-28,48.41593551635742,49.470001220703125,49.720001220703125,48.869998931884766,49.220001220703125,3496900
2025-10-29,48.05381393432617,49.099998474121094,49.529998779296875,48.810001373291016,49.529998779296875,4542100
2025-10-30,47.65255355834961,48.689998626708984,49.41999816894531,48.689998626708984,48.849998474121094,3990900
2025-10-31,47.84829330444336,48.88999938964844,49.09000015258789,48.209999084472656,48.880001068115234,4902400
2025-11-03,47.51553726196289,48.54999923706055,48.9900016784668,48.369998931884766,48.9900016784668,3806500
2025-11-04,48.35721206665039,49.40999984741211,49.68000030517578,48.470001220703125,48.54999923706055,4515200
2025-11-05,47.85808181762695,48.900001525878906,49.7599983215332,48.81999969482422,49.40999984741211,4568500
2025-11-06,47.613407135009766,48.650001525878906,49.20000076293945,48.2400016784668,48.91999816894531,5485600
2025-11-07,46.605350494384766,47.619998931884766,48.47999954223633,47.349998474121094,48.0099983215332,7965500
2025-11-10,45.7049560546875,46.70000076293945,47.95000076293945,46.47999954223633,47.90999984741211,10687100
2025-11-11,45.55815124511719,46.54999923706055,46.9900016784668,46.4900016784668,46.70000076293945,6817600
2025-11-12,47.0457649230957,48.06999969482422,48.220001220703125,46.470001220703125,46.560001373291016,10555800
2025-11-13,46.644500732421875,47.65999984741211,48.369998931884766,47.29999923706055,48.150001525878906,6230700
2025-11-14,46.350894927978516,47.36000061035156,47.91999816894531,47.150001525878906,47.689998626708984,5721700
2025-11-17,47.46660232543945,48.5,48.5,47.13999938964844,47.36000061035156,10502800
2025-11-18,47.4959602355957,48.529998779296875,48.56999969482422,48.099998474121094,48.369998931884766,4257100
2025-11-19,47.300228118896484,48.33000183105469,49.0099983215332,48.29999923706055,48.349998474121094,5621100
2025-11-21,47.2806510925293,48.310001373291016,48.70000076293945,48.099998474121094,48.33000183105469,7107700
2025-11-24,46.95768356323242,47.97999954223633,48.400001525878906,47.779998779296875,48.380001068115234,5621600
2025-11-25,46.781517028808594,47.79999923706055,48.150001525878906,47.439998626708984,48.150001525878906,3589100
2025-11-26,46.840240478515625,47.86000061035156,48.47999954223633,47.70000076293945,47.79999923706055,6595400
2025-11-27,47.172996520996094,48.20000076293945,48.20000076293945,47.77000045776367,47.77000045776367,2157700
2025-11-28,46.56620788574219,47.58000183105469,48.189998626708984,47.540000915527344,48.189998626708984,4286300
2025-12-01,46.46833801269531,47.47999954223633,47.709999084472656,47.31999969482422,47.59000015258789,3695500
2025-12-02,47.172996520996094,48.20000076293945,48.400001525878906,47.540000915527344,47.56999969482422,4973900
2025-12-03,47.907012939453125,48.95000076293945,49.040000915527344,48.27000045776367,48.38999938964844,5420400
2025-12-04,48.48444366455078,49.540000915527344,49.59000015258789,48.91999816894531,49.099998474121094,6693600
2025-12-05,49.423988342285156,50.5,51.5099983215332,49.5099983215332,49.790000915527344,13131800
2025-12-08,49.31633377075195,50.38999938964844,50.849998474121094,49.90999984741211,50.5,5010700
2025-12-09,49.37505340576172,50.45000076293945,51.720001220703125,50.119998931884766,50.400001525878906,8909400
2025-12-10,50.569053649902344,51.66999816894531,51.66999816894531,50.02000045776367,50.54999923706055,6366100
2025-12-11,48.41593551635742,49.470001220703125,51.70000076293945,48.90999984741211,51.279998779296875,21574100
2025-12-12,48.014671325683594,49.060001373291016,51.70000076293945,48.68000030517578,51.279998779296875,5822700
2025-12-15,47.6721305847168,48.709999084472656,49.2400016784668,48.099998474121094,49.2400016784668,5696600
2025-12-16,47.87765121459961,48.91999816894531,49.369998931884766,48.5,48.709999084472656,5795200
2025-12-17,48.7291145324707,49.790000915527344,49.84000015258789,48.84000015258789,48.84000015258789,9610900
2025-12-18,51.52817916870117,52.650001525878906,53.0099983215332,49.869998931884766,50.13999938964844,15098200
2025-12-19,51.314788818359375,51.31999969482422,52.5099983215332,51.290000915527344,51.290000915527344,13244300
2025-12-22,51.194801330566406,51.20000076293945,52.060001373291016,50.9900016784668,51.20000076293945,9456900
2025-12-23,51.49477005004883,51.5,51.75,49.939998626708984,51.0,12965900
2025-12-26,51.67475128173828,51.68000030517578,51.849998474121094,51.2400016784668,51.529998779296875,2858800
2025-12-29,51.544761657714844,51.54999923706055,51.849998474121094,51.36000061035156,51.61000061035156,3315700
2025-12-30,51.44477462768555,51.45000076293945,51.66999816894531,51.2400016784668,51.439998626708984,4309500
2026-01-02,51.86473083496094,51.869998931884766,52.11000061035156,51.290000915527344,51.40999984741211,5570600
2026-01-05,50.42487716674805,50.43000030517578,52.2400016784668,50.43000030517578,51.939998626708984,4947400
2026-01-06,50.22489929199219,50.22999954223633,51.0,49.939998626708984,50.560001373291016,5153600
2026-01-07,49.9349250793457,49.939998626708984,50.630001068115234,49.880001068115234,50.15999984741211,8357300
2026-01-08,49.564964294433594,49.56999969482422,49.880001068115234,49.029998779296875,49.84000015258789,5838000
2026-01-09,50.98482131958008,50.9900016784668,51.20000076293945,49.54999923706055,49.81999969482422,5611100
2026-01-12,52.10470962524414,52.11000061035156,52.220001220703125,50.810001373291016,50.95000076293945,3415500
2026-01-13,51.50476837158203,51.5099983215332,52.130001068115234,51.130001068115234,51.66999816894531,3687900
2026-01-14,52.16469955444336,52.16999816894531,52.16999816894531,51.439998626708984,51.58000183105469,3105400
2026-01-15,52.34468078613281,52.349998474121094,52.650001525878906,51.7400016784668,52.18000030517578,2979700
2026-01-16,51.594757080078125,51.599998474121094,52.439998626708984,51.02000045776367,52.310001373291016,9115800
2026-01-19,51.844730377197266,51.849998474121094,51.93000030517578,50.95000076293945,51.08000183105469,6916100
2026-01-20,51.344783782958984,51.349998474121094,52.2599983215332,50.75,52.2599983215332,2497900
2026-01-21,52.194698333740234,52.20000076293945,52.29999923706055,51.279998779296875,51.540000915527344,4956800
2026-01-22,52.184696197509766,52.189998626708984,53.540000915527344,51.95000076293945,52.33000183105469,7235500
2026-01-23,52.244693756103516,52.25,52.689998626708984,51.150001525878906,52.20000076293945,9275500
2026-01-26,51.66474914550781,51.66999816894531,52.45000076293945,51.599998474121094,52.130001068115234,5078400
2026-01-27,51.2747917175293,51.279998779296875,52.45000076293945,50.90999984741211,52.040000915527344,6546700
2026-01-28,51.75474166870117,51.7599983215332,52.09000015258789,50.970001220703125,51.45000076293945,5163100
2026-01-29,49.35498809814453,49.36000061035156,51.79999923706055,49.2400016784668,51.79999923706055,9287200
2026-01-30,49.32499313354492,49.33000183105469,50.72999954223633,48.91999816894531,49.38999938964844,12105400
2026-02-02,48.71505355834961,48.720001220703125,49.619998931884766,48.54999923706055,49.41999816894531,5900300
2026-02-03,49.08501434326172,49.09000015258789,49.61000061035156,48.77000045776367,48.97999954223633,7575300
2026-02-04,49.5949592590332,49.599998474121094,49.72999954223633,48.349998474121094,49.06999969482422,8209700
2026-02-05,50.42487716674805,50.43000030517578,50.900001525878906,49.63999938964844,49.97999954223633,8133900
2026-02-06,50.19490051269531,50.20000076293945,51.02000045776367,50.0099983215332,50.52000045776367,6225900
2026-02-09,51.33478546142578,51.34000015258789,51.34000015258789,50.13999938964844,50.150001525878906,5552500
2026-02-10,51.11480712890625,51.119998931884766,52.08000183105469,51.04999923706055,51.400001525878906,3513400
2026-02-11,57.92411804199219,57.93000030517578,57.939998626708984,52.900001525878906,53.0,27708000
2026-02-12,58.244083404541016,58.25,58.68000030517578,56.83000183105469,58.099998474121094,11352900
2026-02-13,58.334075927734375,58.34000015258789,58.810001373291016,57.31999969482422,58.20000076293945,12831100
2026-02-18,57.194190979003906,57.20000076293945,58.439998626708984,56.77000045776367,58.439998626708984,5734300
2026-02-19,57.12419891357422,57.130001068115234,57.83000183105469,56.88999938964844,57.13999938964844,3902400
2026-02-20,56.854225158691406,56.86000061035156,57.130001068115234,56.040000915527344,57.130001068115234,5820100
2026-02-23,56.99420928955078,57.0,57.0,56.220001220703125,56.86000061035156,4529000
2026-02-24,58.57405090332031,58.58000183105469,58.849998474121094,57.0,57.279998779296875,8659900
2026-02-25,58.894020080566406,58.900001525878906,59.31999969482422,58.06999969482422,58.720001220703125,11432400
2026-02-26,58.9740104675293,58.97999954223633,59.650001525878906,58.369998931884766,58.90999984741211,6986000
2026-02-27,57.994110107421875,58.0,59.119998931884766,57.90999984741211,58.779998779296875,5319700
2026-03-02,58.05410385131836,58.060001373291016,58.68000030517578,57.40999984741211,58.29999923706055,5090800
2026-03-03,57.264183044433594,57.27000045776367,58.41999816894531,56.459999084472656,57.52000045776367,9151000
2026-03-04,56.4942626953125,56.5,57.400001525878906,55.59000015258789,57.209999084472656,5629100
2026-03-05,55.79433059692383,55.79999923706055,57.13999938964844,55.540000915527344,56.63999938964844,4996300
2026-03-06,54.91442108154297,54.91999816894531,56.08000183105469,54.5099983215332,55.7400016784668,5010600
2026-03-09,54.79443359375,54.79999923706055,55.25,53.900001525878906,54.540000915527344,5612500
2026-03-10,55.59435272216797,55.599998474121094,56.029998779296875,54.720001220703125,55.0,4071000
2026-03-11,54.89442443847656,54.900001525878906,55.16999816894531,54.54999923706055,55.16999816894531,2350800
2026-03-12,53.464569091796875,53.470001220703125,54.560001373291016,53.11000061035156,54.0099983215332,4895800
2026-03-13,53.39457702636719,53.400001525878906,53.77000045776367,53.09000015258789,53.41999816894531,3469600
2026-03-16,53.14460372924805,53.150001525878906,53.9900016784668,52.91999816894531,53.31999969482422,3456200
2026-03-17,53.10460662841797,53.11000061035156,54.099998474121094,52.86000061035156,53.20000076293945,6523600
2026-03-18,52.554664611816406,52.560001373291016,53.65999984741211,52.349998474121094,52.869998931884766,8819400
2026-03-19,51.11480712890625,51.119998931884766,52.5,50.970001220703125,52.11000061035156,8891500
2026-03-20,50.174903869628906,50.18000030517578,51.119998931884766,49.56999969482422,51.02000045776367,12549400
2026-03-23,51.6147575378418,51.619998931884766,51.790000915527344,50.099998474121094,50.5099983215332,5039000
2026-03-24,51.16480255126953,51.16999816894531,51.619998931884766,50.31999969482422,51.619998931884766,3422300
2026-03-25,51.394779205322266,51.400001525878906,52.06999969482422,51.06999969482422,51.970001220703125,5053700
2026-03-26,50.794837951660156,50.79999923706055,51.54999923706055,50.529998779296875,51.400001525878906,2985400
2026-03-27,50.43487548828125,50.439998626708984,51.18000030517578,50.31999969482422,50.52000045776367,5543500
2026-03-30,50.554866790771484,50.560001373291016,50.91999816894531,50.11000061035156,50.75,2994100
2026-03-31,51.89472961425781,51.900001525878906,52.08000183105469,50.63999938964844,50.81999969482422,6309900
2026-04-01,52.08470916748047,52.09000015258789,52.33000183105469,51.72999954223633,52.0,4289500
2026-04-02,50.84483337402344,50.849998474121094,51.70000076293945,50.5,51.380001068115234,4370400
2026-04-06,49.5949592590332,49.599998474121094,50.9900016784668,49.369998931884766,50.90999984741211,5941000
2026-04-07,46.42528533935547,46.43000030517578,49.38999938964844,46.36000061035156,49.38999938964844,46567200
2026-04-08,47.3351936340332,47.34000015258789,47.58000183105469,46.45000076293945,47.02000045776367,11557300
2026-04-09,47.59516525268555,47.599998474121094,48.099998474121094,47.099998474121094,47.20000076293945,7089200
2026-04-10,47.155208587646484,47.15999984741211,48.279998779296875,46.97999954223633,47.88999938964844,5970000
2026-04-13,47.795143127441406,47.79999923706055,47.79999923706055,46.91999816894531,47.20000076293945,6951400
2026-04-14,48.505069732666016,48.5099983215332,48.650001525878906,47.5099983215332,47.869998931884766,11894900
2026-04-15,47.82514572143555,47.83000183105469,48.7400016784668,47.5,48.7400016784668,11085200
2026-04-16,47.52517318725586,47.529998779296875,48.150001525878906,47.459999084472656,47.970001220703125,8122800
2026-04-17,47.925132751464844,47.93000030517578,48.65999984741211,47.13999938964844,48.060001373291016,8265700
2026-04-20,47.795143127441406,47.79999923706055,48.099998474121094,47.5,47.93000030517578,4213700
2026-04-22,47.34518814086914,47.349998474121094,48.58000183105469,47.33000183105469,48.029998779296875,4628200
2026-04-23,46.68525695800781,46.689998626708984,47.470001220703125,46.5099983215332,47.45000076293945,7248700
2026-04-24,45.6353645324707,45.63999938964844,46.810001373291016,45.349998474121094,46.7599983215332,7909400
2026-04-27,45.2953987121582,45.29999923706055,45.83000183105469,45.2599983215332,45.70000076293945,3909400
2026-04-28,45.44538497924805,45.45000076293945,45.4900016784668,44.68000030517578,45.29999923706055,6072700
2026-04-29,44.81544876098633,44.81999969482422,45.61000061035156,44.630001068115234,45.5,8755800
2026-04-30,43.84000015258789,43.84000015258789,44.5,43.060001373291016,43.630001068115234,13209000
2026-05-04,42.58000183105469,42.58000183105469,44.09000015258789,42.45000076293945,44.02000045776367,7528500
2026-05-05,42.400001525878906,42.400001525878906,43.0099983215332,42.310001373291016,42.41999816894531,7255100
2026-05-06,43.0099983215332,43.0099983215332,43.220001220703125,42.310001373291016,42.72999954223633,4354400
2026-05-07,43.29999923706055,43.29999923706055,43.56999969482422,42.810001373291016,42.970001220703125,5074000
2026-05-08,43.70000076293945,43.70000076293945,43.86000061035156,43.2400016784668,43.65999984741211,3491500
2026-05-11,43.130001068115234,43.130001068115234,44.220001220703125,42.91999816894531,43.720001220703125,5046800
2026-05-12,42.68000030517578,42.68000030517578,43.470001220703125,42.68000030517578,43.0,4526600
2026-05-13,43.0,43.0,43.349998474121094,42.150001525878906,42.709999084472656,7129900
2026-05-14,42.619998931884766,42.619998931884766,43.459999084472656,42.599998474121094,43.29999923706055,5157300
2026-05-15,41.70000076293945,41.70000076293945,43.0,41.70000076293945,42.27000045776367,15739400
2026-05-18,41.970001220703125,41.970001220703125,42.31999969482422,41.119998931884766,41.7599983215332,5678900
2026-05-19,41.04999923706055,41.04999923706055,42.0099983215332,40.970001220703125,41.72999954223633,5073700
2026-05-20,42.20000076293945,42.20000076293945,42.619998931884766,41.20000076293945,41.400001525878906,5755500
2026-05-21,42.2599983215332,42.2599983215332,42.58000183105469,41.70000076293945,42.220001220703125,3962400
2026-05-22,41.70000076293945,41.70000076293945,42.08000183105469,41.45000076293945,41.83000183105469,3386900
2026-05-25,41.40999984741211,41.40999984741211,42.099998474121094,41.380001068115234,42.099998474121094,2687700
2026-05-26,41.68000030517578,41.68000030517578,41.93000030517578,40.970001220703125,41.45000076293945,14152400
2026-05-27,42.09000015258789,42.09000015258789,42.86000061035156,41.939998626708984,42.18000030517578,7296600
2026-05-28,41.689998626708984,41.689998626708984,42.4900016784668,41.619998931884766,42.31999969482422,4893500
2026-05-29,41.90999984741211,41.90999984741211,41.90999984741211,41.029998779296875,41.650001525878906,13175600
2026-06-01,40.650001525878906,40.650001525878906,41.93000030517578,40.63999938964844,41.77000045776367,8283900
2026-06-02,40.43000030517578,40.43000030517578,40.900001525878906,40.16999816894531,40.810001373291016,5562100
2026-06-03,41.220001220703125,41.220001220703125,41.25,40.18000030517578,40.18000030517578,6506600
2026-06-05,41.7400016784668,41.7400016784668,42.220001220703125,41.0099983215332,41.0099983215332,7282100
2026-06-08,41.970001220703125,41.970001220703125,42.15999984741211,41.40999984741211,41.709999084472656,4563900
2026-06-09,42.04999923706055,42.04999923706055,42.380001068115234,41.88999938964844,42.099998474121094,4639400
2026-06-10,41.45000076293945,41.45000076293945,42.20000076293945,41.290000915527344,42.20000076293945,4552700
2026-06-11,41.290000915527344,41.290000915527344,41.58000183105469,40.70000076293945,41.439998626708984,5413600
2026-06-12,41.52000045776367,41.52000045776367,41.869998931884766,41.0,41.0,3071200
2026-06-15,42.59000015258789,42.59000015258789,43.150001525878906,41.7400016784668,42.06999969482422,6046700
2026-06-16,42.93000030517578,42.93000030517578,43.040000915527344,42.36000061035156,42.4900016784668,5531400
2026-06-17,42.22999954223633,42.22999954223633,43.4900016784668,42.099998474121094,42.79999923706055,6059500
2026-06-18,43.58000183105469,43.58000183105469,43.959999084472656,42.20000076293945,42.310001373291016,7443500
2026-06-19,43.22999954223633,43.22999954223633,44.369998931884766,42.9900016784668,43.810001373291016,7692900
2026-06-22,42.040000915527344,42.040000915527344,43.349998474121094,42.040000915527344,43.040000915527344,4954300
2026-06-23,41.95000076293945,41.95000076293945,41.95000076293945,41.310001373291016,41.849998474121094,6635300
2026-06-24,42.20000076293945,42.20000076293945,42.20000076293945,41.31999969482422,41.90999984741211,8547200
2026-06-25,42.0,42.0,42.66999816894531,41.88999938964844,42.41999816894531,4812000
2026-06-26,40.11000061035156,40.11000061035156,41.849998474121094,39.75,41.709999084472656,11649400
2026-06-29,39.68000030517578,39.68000030517578,40.2400016784668,39.459999084472656,40.20000076293945,5001700
2026-06-30,39.75,39.75,39.95000076293945,39.16999816894531,39.349998474121094,8105100
2026-07-01,40.59000015258789,40.59000015258789,40.75,39.43000030517578,39.58000183105469,6295600
2026-07-02,40.779998779296875,40.779998779296875,41.209999084472656,40.40999984741211,40.7400016784668,5759900
2026-07-03,40.79999923706055,40.79999923706055,40.9900016784668,40.560001373291016,40.560001373291016,2486300
2026-07-06,40.720001220703125,40.720001220703125,40.790000915527344,40.439998626708984,40.5099983215332,3794000
2026-07-07,40.91999816894531,40.91999816894531,41.40999984741211,40.619998931884766,40.7400016784668,4913900
2026-07-08,40.83000183105469,40.83000183105469,40.97999954223633,40.099998474121094,40.72999954223633,5643200
2026-07-09,41.029998779296875,41.029998779296875,41.290000915527344,40.560001373291016,40.91999816894531,4835300
2026-07-10,41.54999923706055,41.54999923706055,41.869998931884766,41.20000076293945,41.45000076293945,8082400
2026-07-13,41.4900016784668,41.4900016784668,42.040000915527344,41.33000183105469,41.709999084472656,2479300
2026-07-14,41.11000061035156,41.11000061035156,41.650001525878906,40.84000015258789,41.5,3274800
2026-07-15,41.47999954223633,41.47999954223633,41.93000030517578,40.77000045776367,41.189998626708984,4101000
2026-07-16,41.70000076293945,41.70000076293945,42.18000030517578,41.380001068115234,41.439998626708984,4338400
2026-07-17,41.93000030517578,41.93000030517578,42.619998931884766,41.400001525878906,41.58000183105469,8243300
2026-07-20,41.88999938964844,41.88999938964844,42.029998779296875,41.11000061035156,41.93000030517578,4465000
2026-07-21,41.630001068115234,41.630001068115234,42.0099983215332,41.439998626708984,41.880001068115234,2360900
2026-07-22,42.65999984741211,42.65999984741211,42.689998626708984,41.650001525878906,41.869998931884766,4979400
2026-07-23,42.43000030517578,42.43000030517578,42.81999969482422,41.779998779296875,42.40999984741211,2364400
2026-07-24,41.84000015258789,41.84000015258789,42.25,41.630001068115234,42.0,3640600
2026-07-27,41.869998931884766,41.869998931884766,42.099998474121094,41.380001068115234,41.97999954223633,4786000
2026-07-28,43.099998474121094,43.099998474121094,43.5,42.29999923706055,42.5,6706000
2026-07-29,42.29999923706055,42.29999923706055,43.310001373291016,42.22999954223633,43.09000015258789,11324800
2026-07-30,42.72999954223633,42.72999954223633,43.0,42.150001525878906,42.63999938964844,3591100
2026-07-31,43.31999969482422,43.31999969482422,43.400001525878906,42.72999954223633,42.7400016784668,3411300
